fdfefdfe
fefefefc
fdfcfefd
fdfdfdfd
fdfcfdff
fefefefc
fffdfdfc
fefdfcfe
fefdfdfe
fdfefdfc
fcfdfefc
fcfdfefd
00fdfffd
fdfdfffc
fefdfefc
f5000000
00fdfefd
fefdfffe
fdfdfdff
fefdfefd
fcfefefe
fefefefe
fdfefefe
fdfdfefc
fffefefd
fefdfefd
fdfefdfe
fdfdfeff
ff00feff
fefefefe
fdfdfefd
fdf30000
0000fdfe
fefefefe
fefdfdfe
fffefefe
fefdfefe
fefefefd
fefdfefe
fdfdfefe
fdfefefe
fefefefe
fefefefe
fefdfdfe
feff00ff
fffefefd
fdfefdfe
fefef300
000000fe
fdfefffe
fefffdfe
fdfefdfe
fdfefefe
fdfefffe
fffefcfe
fffdfdfe
fdfdfeff
fdfefffe
fefefffe
fdfefffd
fefffeff
fefefffe
fefffdff
fdfefdf3
00000000
fffefefe
fefe00fd
fdfefefe
fefdfdfe
fffffeff
fefefefd
fefffefe
fdfefeff
fefefeff
fdfefeff
fefdfdff
feffff00
00fefeff
fffefffe
fefdfefe
f3000000
00fefefe
feffffff
fefefffe
fefefefe
fefefefe
fefefefe
fefefefe
fefefdfe
fefefefe
fefeffff
fffefefe
fefefffe
ffffffff
fefefefe
fefefefe
fef20000
0000fcfc
fcfefdfc
fefcfcfc
fdfdfcfa
fbfcfcfb
fcfcfcfd
fdfafbfc
fcfafbfc
fbfbfcfb
fcfefcfc
fcfdfdfb
fdfffcff
fdfdfefe
fdfefdfd
fefcfcfb
fdfdf300
000000fe
fdfdfdfd
fdfffcfc
fdfdfdfc
fcfbfcfd
fdfdfdfd
fdfdfafc
fefcfcfb
fcfcfdfd
fdfdfefc
fdfdfefe
fbfdfffe
00fdfffe
fefefefd
fdfdfdfd
fcfcfdf4
00000000
fefdfefd
fefefefe
fdfefefd
fdfdfcfc
fdfdfdfd
fefdfefc
fdfefefd
fdfcfcfd
fdfdfdfe
fdfefeff
fdfdfeff
fdfffdff
fffffefe
fdfdfdfd
fefefefe
f3000000
00fcfdfd
fefdfcfe
fcfcfcfd
fdfcfbfb
fdfcfcfc
fcfcfdfd
fbfcfdfc
fbfbfbfb
fbfcfbfd
fefcfdfd
fefdfcfd
00fd00fd
fdfefefd
fffdfdfe
fdfdfcfd
fdf20000
0000fefd
fdfefdfe
fffdfcfe
fefefcfc
fbfcfdfd
fdfdfdfd
fdfbfdfe
fcfcfafc
fbfdfcfd
fdfffcfe
fdfefefb
fd00fe00
fefffefe
fefffdfd
fdfdfdfc
fcfef300
000000fe
fdfefdfe
fefefefd
fefefdfd
fefcfcfd
fdfdfdfe
fdfefcfd
fefefdfd
fcfcfdfd
fdfdfefe
fefefffd
fdfefefd
fffdfeff
fffefefe
fdfdfdfe
fefdfef2
00000001
fcfefcff
fefdfffc
fcfdfffd
fdfcfbfe
fbfefdfd
fffcfdfc
fefdfdfb
fcfbfbfc
fdfdfdfe
fefdfcfc
fdfbfdfd
fd00fcfe
fdfdfefd
fcfcfdfc
fcfcfbfd
f2000000
00fdfefc
fefefdff
fcfdffff
fefdfcfc
fdfefefe
fefffcfd
fdfffffd
fcfcfcfb
fdfdfefd
fefefdfc
fdfefbfd
fefefffd
fffefdfe
fefcfcfd
fcfcfcfa
fcf30000
0000fdfd
fdfefefe
fefdfdfe
fffdfefd
fdfefefe
fefe00fd
fefdfffe
fffdfefd
fdfdfefe
fdfefffd
fefefdfd
fefdfdff
fdfefefe
fefdfefd
fdfcfdfe
fcfdf300
000001fc
fdfcfefe
fdfefcfc
fdfffdfd
fcfbfdfc
fdfdfeff
fcfcfcfd
fdfdfbfc
fbfbfcfe
fcfdfdfd
fdfcfcfd
fbfdfdfd
00fcfdfd
fdfefdfc
fcfdfcfb
fbfbfcf4
00000000
fdfefcfe
fefdfefc
fdfefffd
fcfcfcfd
fefefdfe
fffcfdfc
fffffdfc
fbfcfbfd
fdfdfdfe
fefdfcfd
fefbfdfe
fefffdff
fdfcfefd
fcfcfdfc
fcfcfbfc
f4000000
00fefdfd
fefefefe
fdfdfeff
fdfefdfd
fdfefefe
fe00fdfe
fdfffefe
fdfefdfc
fdfefefd
fefffdfe
fefdfcfe
fdfdfffd
fffefefe
fdfefdfd
fcfdfefc
fdf30000
0000fbfd
fbfefdfd
fefbfcfc
fefcfcfc
fbfefbfe
fdfefffc
fcfcfefe
fffbfcfc
fcfcfefd
fdfcfdfb
fbfafcf9
fcfcfcfe
fafcfdfb
fdfbfafa
fbfafafb
fafbee00
0000fffc
fdfcfefd
fdfefcfc
fefefdfb
fcfcfefd
fefdfe00
fdfdfdff
fffffdfc
fdfcfdfe
fefdfdfe
fbfcfcfc
fafcfdfe
fefbfefd
fbfefbfb
fafbfafb
fbfafbef
00000000
fdfdfdfe
fefefdfd
fdfdfefd
fdfdfdfe
fefefdfe
00fdfefd
fffe00fd
fefdfdfd
fefdfdfd
fefdfdfd
fdfcfefc
fdfdfcfe
fdfdfdfc
fdfcfcfa
fdfcfbfc
ef000000
00fbfdfa
fefdfdfe
fafbfbfd
fcfcfbfb
fefcfefd
fefffcfc
fcfefefe
fbfcfcfc
fcfefcfd
fcfdfbfb
f9fcf9fc
fcfcfefa
fcfdfbfd
fbfafafb
faf9fbfa
fbee0000
0000fcfd
fbfefdfd
fefbfcfd
fefdfbfc
fcfefdfd
fdfe00fd
fdfdffff
fffcfcfd
fcfdfefd
fdfdfefb
fcfcfcfa
fcfdfdfd
fbfefcfa
fefbfbfb
fbfafbfa
f9fbee00
000000fd
fdfdfefe
fefdfcfd
fdfefdfd
fdfdfdfe
fefdfe00
fdfdfdff
fe00fdfe
fdfdfdfe
fdfdfdfe
fdfdfdfd
fcfefcfd
fdfcfefd
fdfdfcfd
fcfcfafc
fcfbfcef
00000000
fbfdfbfd
fdfcfefa
fcfbfcfd
fcfcfbfd
fcfefdfe
fffefdfc
fefefefb
fdfdfcfc
fffdfdfd
fefcfbfb
fdfafdfd
fcfdfbfd
fefbfdfc
fcfcfbfb
fbfbfbfc
ee000000
00fcfdfc
fdfefdfe
fbfcfdfe
fdfbfcfc
fdfdfefd
fefffdfe
fcff00ff
fdfcfefd
fdfefefd
fefefcfd
fdfdfbfd
fefefefc
fefdfbfe
fcfcfcfb
fbfcfafb
fcf00000
0000fdfd
fdfdfefe
fdfdfcfd
fefdfdfe
fdfdfefe
fefefffd
fefdfeff
00fdfefe
fefefefd
fdfefefe
fefdfdfc
fefdfdfe
fcfefdfd
fdfcfdfc
fcfbfdfc
fcfdef00
000000fc
fdfbfdfd
fcfefbfb
fbfcfcfd
fbfbfcfc
fefdfeff
fefdfcfe
fefdfcfc
fdfcfcfe
fdfdfdfd
fcfcfbfd
fafdfdfc
fdfbfcfd
fbfdfcfc
fcfbfbfb
fbfbfcef
00000000
fdfdfbfd
fdfcfdfc
fbfdfdfc
fbfbfbfc
fdfdfdfe
00fdfdfc
ff00fefd
fbfdfdfd
fdfefdfe
fdfcfdfd
fdfafdfe
fdfdfcfe
fcfbfdfc
fbfbfbfb
fcfafafc
f1000000
00fdfcfd
fdfdfdfd
fdfcfdfd
fdfdfdfc
fdfefefd
fe00fdfd
fdfefeff
fdfefdfd
fdfefdfd
fdfefdfe
fefdfcfe
fdfdfefc
fefdfdfd
fcfdfcfc
fbfdfcfb
fcf00000
0000fcfd
fbfdfdfc
fdfcfcfb
fbfdfdfc
fcfdfcfe
fefefffe
fdfcfdfd
fdfbfdfe
fdfdfefd
fefdfefc
fcfdfefb
fefefcfe
fdfffefc
fefefdfc
fcfbfdfc
fcfdee00
000100fd
fdfcfdfe
fdfdfcfc
fcfcfefd
fcfcfdfd
fefdfe00
fefefcfe
fffefefc
fefefefe
fffefefe
fdfdfefe
fcfefefe
fefdfffe
fcfefefd
fcfcfdfd
fcfcfdef
00000000
fdfdfefd
fefefdfe
fdfdfdfe
fdfefdfd
fdfefdff
fffdfefd
fefefefd
fefdfefe
fefdfefe
fffefffe
fefdfffd
fefefdff
fefdfdfe
fdfdfdfd
fefdfdfd
ef000000
00fbfdfb
fdfdfcfe
fcfcfbfb
fdfcfbfc
fdfcfefe
fefffefd
fcfdfdfd
fbfefefd
fdfffeff
fdfefcfc
fefefbfe
fefdfefd
fefffdff
fdfdfdfd
fbfcfcfd
fded0000
0100fcfd
fcfdfefd
fefdfcfc
fcfefcfc
fcfcfefe
fefefffe
fefcfeff
fefdfdff
fefefeff
fefefefd
fdfffefc
fefefefe
fdfffefd
fefdfdfd
fcfdfcfb
fdfcef00
000000fd
fdfefcfe
fefdfefd
fdfdfefd
fefdfdfe
fefefeff
fefefdfe
fefefdff
fefffefe
fefefefe
fefffefe
fdfefdfe
fefdfefe
fefefefd
fdfdfdfd
fdfdfdef
00000000
fbfdfbfe
fdfcfffc
fcfbfbfc
fbfbfbfd
fcfefcfd
fefdfcfb
fcfcfcfa
fbfdfcfc
fdfefdfc
fcfbfbfc
fdfafefe
fdfffefe
fffdfffd
fcfcfdfc
fcfcfcfd
ee000001
00fdfdfc
fefefdff
fdfcfcfc
fefbfcfb
fcfdfefc
fefefdfd
fbfcfefd
fcfbfefc
fcfdfefd
fcfcfcfc
fdfdfbfe
fffffffd
fffefdfe
fdfcfcfc
fdfcfbfc
fdef0000
0000fdfd
fdfdfeff
fdfefdfd
fdfefdfe
fdfcfdfe
fdfefffd
fefcfdfd
fefcfdfd
fdfdfdfd
fdfdfdfe
fefdfefd
fefefeff
fdfefefe
fefefdfd
fdfdfdfe
fdfded00
000000fb
fdfcfefd
fdfffcfd
fcfbfdfc
fbfbfdfb
fefcfdfe
fdfcfbfc
fcfdfbfb
fdfcfcfe
fefdfcfd
fbfbfcfd
fafefefe
fffefeff
fdfffefc
fcfdfcfc
fcfbfdee
00000100
fdfdfcfe
fefefffd
fdfdfcfe
fcfcfcfc
fcfefcfd
fffdfdfb
fcfefefc
fbfefcfc
fdfefdfc
fdfcfcfd
fdfbfeff
fffffdff
fffdfefe
fcfcfcfd
fdfcfcfd
ef000000
00fdfdfd
fdfefefd
fefdfdfd
fefdfdfd
fcfdfefd
fefffdfe
fcfdfdfe
fcfdfdfd
fefdfdfd
fdfdfefe
fefefdfe
fefefffd
fefffefe
fefdfdfd
fdfdfefd
fdee0000
0000fefe
fdfefefe
00fefefd
fefcfdfc
fdfdfdfd
fdfefefe
fdfbfcfc
fefdfcfd
fcfcfcfe
fdfdfcfc
fcfdfcfc
fefffeff
fefefefe
fefefdfc
fdfcfdfc
fcfcee00
000000ff
fefdfdfe
fe00fdfe
fefefdfd
fcfdfcfe
fdfdfefe
fefdfbfc
fdfefdfb
fdfcfdfc
fefdfdfb
fcfdfdfd
fcfefffe
fffefffe
fdfefefc
fdfcfdfd
fcfcfdee
00000000
fefefefe
fffffeff
fffefefe
fdfefefc
fefdfdfe
fefdfefd
fefdfefd
fdfdfdfd
fdfdfdfd
fdfefdfe
fdfefefe
fdfffdfe
fefefdfe
fefdfdfd
fefefefe
ee000000
00fefefd
fefffeff
fdfefdfe
fcfdfdfd
fcfdfdfd
fefefefd
fbfdfcfd
fcfcfdfd
fcfcfcfd
fdfcfcfc
fbfcfcfe
fefdfefe
fefffffd
fdfcfcfd
fbfdfdfd
fcee0000
0000ffff
fdfefffe
fffdfefe
fefdfdfd
fdfcfefd
fdfefefe
fdfbfdfd
fefdfcfd
fdfdfcfd
fdfdfcfc
fdfdfdfc
fefffefe
fdfffefd
fdfefdfd
fdfdfefc
fcfdef00
000000fe
fefefefe
fefefeff
fefefefd
fefefdfe
fdfdfefe
fdfefcfd
fdfdfdfd
fdfcfdfd
fdfdfdfd
fefefdfd
fefefefe
fefdfefe
fffefefe
fdfdfdfe
fdfefef0
01ff0001
fcfefcfd
fdfefefc
fcfcfdfd
fdfdfdfc
fdfdfdff
fefdfcfc
fefdfcfc
fefcfbff
fdfcfcfe
fdfdfcfc
fcfcfdfc
fcfcfdfc
00fdfefe
fdfcfefc
fdfdfefc
f6000000
00fcfefd
fefcfeff
fcfdfdfc
fdfcfefd
fcfdfefd
fefefdfd
fcfefefd
fdfefdfb
fffffdfd
fefdfdfd
fdfdfdfd
fdfdfdfe
fe00fefe
fefefefd
fdfdfefd
fdf40000
00fffdfe
fefefefe
fefdfdfe
fffefefe
fdfdfdfe
fefdfefd
fdfdfefe
fefefefe
fdfefffd
fefdfefe
fffefdfd
fefefefe
fefffffe
fffefefd
fefdfefd
fefef301
ff00fffd
fffdfffd
fffdfcfd
fdfffdfe
fdfcfdfd
fefdfd00
fdfdfefe
fffefdfe
fcfefffc
fdfdfffe
fefdfdfd
fcfffefd
00fefeff
fefffffe
fcfefdff
fefcfdf4
00000100
fdfefdff
fdfefefc
fdfefefe
fefdfdff
fdfdfdfe
fffefefe
fefe00fe
fdfcfefe
fefdfdfe
fffefdfe
fefdfefe
fe00feff
fffefeff
fefefffe
fffefcfe
f2000001
00fefffe
fffefffe
fefefefe
fefefefd
fefefefe
fffefefe
fefefe00
fefdfdfe
fefefdfe
fefffefe
fefefeff
fefefffe
fffefefe
fefffeff
fefffefe
fff10000
0000fcfe
fcfefcfe
fdfbfcfd
fefdfdfc
fafcfbfc
fcfcfdfc
fbfcfcfd
fcfafbfb
fcfcfbfc
fcfdfdfe
fcfdfcfc
fefffd00
fcfdfefe
fefffdfd
fdfdfefc
fbfdf400
000000fd
fefcfdfc
fefefcfc
fdfdfdfd
fcfbfcfc
fcfdfdfd
fdfcfcfc
fefefbfb
fbfcfcfd
fdfdfdfd
fefcfefe
fcfefffe
00fdfffe
fdfefefd
fdfdfdfe
fdfbfef3
00000000
fefefefe
fefefefd
fcfefefd
fdfdfcfd
fcfdfefe
fdfdfdfd
fdfdfffc
fcfcfdfd
fdfdfdfe
fffefeff
fefdfffe
fe00feff
fffefefe
fefdfefe
fffefeff
f1000000
00fcfefc
fefdfdfe
fcfcfdfe
fdfdfbfa
fcfcfbfc
fcfdfdfc
fcfcfdfc
fbfbfcfb
fcfbfcfd
fefdfefc
fdfdfbfe
fffd00fd
fdfefefe
fffdfdfd
fdfdfcfb
fdf10000
0000fefe
fdfefdfd
fffcfcfe
fefdfdfc
fbfcfdfc
fcfdfdfd
fdfcfdfe
fdfcfafc
fcfdfcfd
fdfefdfe
fcfefdfc
fefffe00
fefefefd
fefefdfd
fdfdfefd
fafef200
000000fe
fefefefe
fefefdfc
fefefdfd
fdfcfcfd
fdfefdfe
fdfefdfd
fdfefcfc
fcfdfdfd
fdfdfefe
fefefffd
fdfefefd
00fefefe
fefefefe
fdfefdfe
fefdfff1
00000001
fbfefbff
fdfdfffb
fdfdfffd
fdfcfbfd
fcfefdfd
fefbfcfd
fefdfefa
fcfdfbfc
fcfdfdfd
fefdfbfb
fcfafefc
fd00fbfe
fefdfffd
fcfcfdfc
fbfdfafc
f2000000
00fcfefc
fffdfdff
fcfeffff
fefdfcfc
fdfdfefd
fefffdfd
fdfffffe
fcfcfdfb
fdfdfefe
fefefefb
fdfdfbfe
fdfefffd
fffffdff
fdfcfdfc
fcfcfdfa
fdf30000
0000fefe
fdfffefe
fefdfdff
fffdfefd
fcfdfefe
fefefffd
fefefffe
fffcfdfd
fdfdfefd
fdfefffe
fefefdfd
fefdfdff
fdfefefe
fefdfefd
fdfcfdfe
fcfef200
000000fb
fefbfffd
fefffbfd
fdfffdfd
fcfbfdfc
fefefdfe
fafcfcfe
fefefafc
fdfbfcfc
fdfdfdfd
fcfbfbfd
fafefcfe
fffbfefe
fdfffdfc
fcfdfcfb
fcfafdf3
00000000
fcfefcfe
fdfefffc
fdfffefe
fdfcfcfd
fdfefdfe
fffcfcfc
fefffefb
fcfdfbfd
fdfefefe
fefdfbfd
fefbfdfd
fefffcff
fffdfefc
fcfdfdfc
fcfcfafd
f3000000
00fefefd
fefefffe
fcfdffff
fdfefdfd
fdfdfefd
fefffdfe
fdfffeff
fcfefdfd
fdfefefd
fefffefe
fefdfdfe
fdfdfefd
fefefefe
fdfefdfd
fcfdfefd
fef20000
0000fafe
fbfefdff
fefafcfc
fefdfcfc
fbfefbff
fdfd00fc
fcfdfeff
fffafdfe
fdfcfdfd
fefdfdfb
fafafbf9
fdfcfdfe
f9fcfefb
fefbfbfa
fcfafafc
f9fbee00
000000fb
fefcfffd
fefffbfd
fefefdfc
fcfcfefc
fefdfe00
fdfcfdff
0000fcfc
fefdfdfe
fefefdfe
fcfbfcfd
fafdfcfe
fefbfefe
fbfefbfb
fbfcfafb
fbfafced
00000000
fdfdfdfe
fdfefefc
fdfefffd
fdfdfcfe
fdfefdfe
fffdfefd
fffe00fc
fefefefd
fefdfdfd
fffdfdfc
fdfcfefc
fdfefdfd
fefdfefc
fefcfcfb
fdfdfbfd
ed000000
00fafdfa
fefdfefd
fafcfcfd
fdfcfcfb
fefbfefd
fefffbfb
fdfefeff
fafcfdfd
fcfdfdfd
fcfdfbfb
f9fbf9fd
fcfcfef9
fcfdfbfe
fbfbfafc
fafafcf8
fbee0000
0000fbfd
fbfefdfd
fefbfdfe
fefdfcfc
fcfefcfe
fdfefffc
fcfdffff
00fcfcfd
fcfdfeff
fdfcfefc
fbfbfdfa
fcfcfdfe
fbfefdfb
fefbfbfb
fbfafbfb
f9fbee00
000000fd
fdfdfefd
fefefcfc
fefffdfd
fdfcfefd
fefdfeff
fdfefdff
fe00fcfe
fdfefdfe
fdfdfdff
fdfdfdfd
fcfefcfd
fefdfdfe
fdfdfcfd
fcfcfafd
fdfbfdec
00000000
fbfefbfe
fdfefefa
fcfcfdfd
fefbfbfe
fcfffeff
00fdfdfd
fefefefb
fdfffefc
fefefefd
fefcfbfb
fcfbfefd
fdfefbfe
fdfbfffc
fcfcfdfb
fbfcfafd
ee000000
00fcfefc
fefdfeff
fcfcfefd
fefdfcfc
fefdfefe
fe00fefd
fdff0000
fdfcfefe
fefefffe
fdfefdfc
fdfdfcfd
fdfdfefc
fefefbfe
fbfdfcfc
fcfdfbfb
fdee0000
0000fdfd
fdfefefe
fefdfcfe
fefdfdfe
fdfefdfe
fefffffd
fefeffff
00fdfefd
fefefefe
fefdfffe
fefefefd
fffdfdfe
fdfefefd
fdfcfefd
fdfcfefd
fcfdee00
000000fb
fefbfdfd
fefffbfc
fcfdfdfd
fcfbfdfc
fffdfeff
fdfdfeff
fefffcfd
fefdfdfe
fefffcfe
fcfbfcfc
fafefcfd
fefbfefd
fcfefbfc
fcfdfbfc
fcfbfdef
00000000
fcfefcfe
fdfefffc
fcfdfdfd
fcfcfcfd
fdfefdff
00fefdfd
ff0000fd
fcfefdfe
fefffffd
fffdfcfd
fdfbfefd
fefefcfe
fefbfefb
fcfcfcfb
fdfbfbfd
f0000000
00fdfefd
fefefefe
fcfdfefe
fefdfefd
fefdfefe
ff00fdfe
fdffff00
fdfefefe
fefefefe
fefffefe
fefefdff
fdfdfefd
fefefdfd
fcfefdfd
fcfefdfc
feee0000
0000fbfe
fbfdfcfd
fefbfdfc
fcfefefd
fbfdfdff
fefdfefe
fdfdfefd
fdfbfeff
fefefeff
fffcfefd
fcfcfdfc
fefdfdfe
fefffefc
fffefefd
fdfcfcfd
fcfeee00
000100fc
fefcfdfd
fdfffcfd
fcfbfefd
fdfcfdfd
fefdfeff
fefdfdfe
fffffcfd
fffefefe
00fffdfe
fdfdfefe
fdfefefe
fefdffff
fcfffdfe
fdfdfdfd
fcfcfdee
00000000
fdfdfefd
fefefefd
fdfdfefe
fdfefdfd
fdfefeff
fffdfefe
fefefffd
fffefffe
fffefefe
fffefefe
fefefffd
fefefdff
fffefefd
fefdfefd
fefefdfe
ed000000
00fafdfb
fcfcfdfe
fbfcfcfc
fefdfcfb
fdfcfffd
fefffdfd
fdfefdfd
fbfefffd
fdfeffff
fdfffdfc
fcfdfbfd
fdfcfefe
fffefcff
fefdfcfc
fbfcfdfb
fded0000
0100fcfd
fbfdfdfc
fffcfcfc
fbfefcfc
fcfdfdfe
fdfffffd
fdfdfeff
fefcfdff
fdfdfe00
fefcfefe
fcfdfefc
fefdfdfe
fdfffffc
fffdfdfd
fcfcfdfc
fbfdee00
000000fd
fdfdfdfe
fefefdfd
fdfefefd
fefdfefc
fefeffff
fdfefdfe
fefffdfe
fdfefefe
fefefdff
fefefdfe
fdfffdfe
fefdffff
fefefdfe
fdfdfdfe
fdfdfdec
00000000
fafefbfd
fdfefefb
fdfbfcfd
fbfbfafd
fbfefbfd
fefdfcfb
fcfcfcfa
fbfdfcfc
fcfefdfc
fdfbfbfa
fcfafdfd
fdfefefe
fffdfffe
fcfcfdfb
fbfefafc
ef000001
00fcfefc
fefdfdff
fdfcfcfb
fdfbfcfc
fdfcfdfc
fefffdfd
fbfcfefd
fcfbfefc
fcfdfefd
fbfdfcfc
fdfdfbfe
fefffffd
fefffcff
fdfcfcfc
fcfdfdfb
fdee0000
0000fdfd
fdfefefe
fefefdfd
fdfefcfd
fdfdfcfe
fdfefffd
fefcfefe
fefdfdfd
fdfdfdfd
fdfdfefe
fefdfefd
fffefeff
fefefffe
fefefefd
fdfdfefe
fdfeec00
000000fb
fefbfffd
fefefbfc
fbfcfcfc
fcfafefc
fffbfdfe
fcfbfbfc
fcfcfafb
fefdfcfc
fefdfbfc
fbfbfbfc
fafefdfe
00fdfeff
fc00fefc
fbfdfcfc
fefafdf0
00000100
fcfdfbff
fdfcfefc
fcfcfbfd
fcfcfbfe
fcfdfcfd
fefdfcfc
fcfdfdfb
fbfefdfc
fcfefcfb
fdfcfcfd
fdfcfefe
fefffdff
fefcfffd
fcfcfcfc
fdfdfafd
ef000000
00fdfdfd
fefefefd
fefdfdfd
fefdfdfd
fefcfefe
fefffcfd
fdfefdfe
fcfdfdfd
fdfdfdfd
fdfefefe
fdfefeff
fdfefffd
fffefefe
fefefdfd
fdfefefd
feec0000
0000feff
fdfefeff
00fdfdfd
fdfcfdfc
fdfefefe
fdfefefd
fbfbfcfd
fefcfdfe
fdfdfafe
fdfcfbfc
fcfcfcfb
fefefeff
fefefefe
fefefcfc
fdfcfdfd
fbfcf100
000000ff
fefdfefe
fd00fdfe
fefdfefd
fcfefefd
fdfdfefe
fefdfbfc
fdfefdfc
fdfcfdfc
fefdfcfc
fdfdfdfe
fcfefefe
fffd00fe
fdfefdfd
fdfcfcfe
fcfbfdef
00000000
fffefefe
fefffeff
fefefefe
fefefefe
fdfefefe
fefdfefd
fefdfefd
fdfdfcfd
fdfdfdfd
fefefefe
fefefffe
fefffeff
fefffefe
fefdfefd
fffdfefe
ec000000
00fefefc
fefeff00
fdfefdfd
fdfcfdfd
fdfefefd
fdfdfdfc
fbfdfcfd
fcfcfdfc
fdfbfdfd
fcfbfcfc
fcfcfdfd
fefdfefe
fefffffe
fefcfcfe
fcfcfcfd
fcf10000
0000feff
fdfefefe
fffcfefd
fcfdfdfd
fefdfefe
fdfefefd
fdfbfdfd
fefcfcfd
fcfdfcfe
fdfcfbfc
fcfcfdfc
fefefdfe
fefffffd
fefefdfd
fdfdfdfc
fcfdf000
000000fe
fffefefe
fffefeff
fefffefd
fefefdfe
fefdfefe
fdfefdfe
fdfefdfd
fefcfefd
fefdfdfd
fefefdfd
fefffefe
fffefefe
fffefefe
fdfdfdfe
fdfefeef
01ff0001
fbfdfcfc
fcfefffc
fcfdfefe
fcfefbfb
fcfcfcfc
fcfcfbfb
fcfdfcfa
fdfcfbfe
fefcfefe
fefcfcfd
fdfafcfd
fbfefdfc
00fefdfe
fdfcfdfc
fcfcfcfc
f3000000
00fcfdfe
fdfcfeff
fcfdfefd
fefcfefc
fcfdfcfd
fdfdfdfc
fcfdfdfd
fbfefdfb
fefefdfd
fefefdfd
fdfefbfe
fdfcfefe
fe00fefd
fefdfdfd
fcfcfdfc
fdf20000
0000fdfe
fefefefe
fffdfdff
fffdfdfd
fdfcfcfd
fefdfefd
fdfcfdfe
fdfdfefd
fdfefffd
fdfdfefe
fefefdfd
fefefeff
fefefffe
fefefefd
fdfdfdfe
fefdf201
ff00fffb
fffbfefc
fffbfafa
fd00fcfa
fdfafafa
fcfbfafc
fbfafcfc
fcfef9fc
fafcfdfb
fcfdfdfe
fcfbfcfc
fafffcfc
fffcfbff
fefffbfc
fbfcfafd
fbfafdf1
00000100
fcfefdff
fcfffcfb
fcfd00fc
fcfcfbfc
fafcfcfc
fdfcfbfd
fdfcfffa
fcfbfdfd
fcfdfbfd
fefdfbfc
fcfbfffc
fe00fdfd
fefdfefc
fcfbfefc
fdfcfbfe
ef000001
00fdfffd
00fdfffd
fcfdfeff
fdfcfdfc
fdfcfdfd
fdfcfcfc
fcfdfd00
fcfdfcfe
fdfefdfd
fcfffdfd
fdfdfdff
fdfe00fd
fefefdfe
fdfefdff
fdfdfefd
fff00000
0100f9fc
fafdf900
fdf9f9fd
fffcfcfb
f8f8f8fb
faf9fafa
f9fafafc
fcf5faf9
f9fbfafa
fbfdfcfb
f9fafbf7
fdfcfcff
f8fbfefc
fdf9fbfb
fafafaf8
f8fbee00
000100fa
fdfcfefa
00fdfafa
fefffdfb
fbfaf9f8
fcfbfbfc
fbf9fafc
fcfef7fa
fafafbfc
fcfbfdfd
fcf9fbfc
f9fdfcfd
fefbfcff
fbfcf9fb
fbfbfafb
faf9fdee
00000100
fcfefefe
fd00fefc
fcfefffc
fcfcfbfa
fafcfcfc
fbfcfcfb
fcfdfffa
fcfbfcfc
fefcfcfc
fefcfdfd
fcfbfefd
fdfffcfe
fefdfdfb
fcfcfcfb
fcfdfcfe
f0000000
00fafdfb
fcfbfdff
fbfcfeff
fefcfcf9
fafafbfb
fbfafcfb
f9fbfdfd
f8fafaf8
fcfbfafe
fefcfdfb
fbfcf8fd
fefbfffb
fcfffdfd
fbfcfcfa
fbfbf9f9
fbed0000
0000fcfd
fdfdfbfe
fffcfcff
00fefcfc
fbfafafc
fcfcfdfc
fbfafdfe
fef9fafb
f9fdfcfd
fefefdfd
fbfcfdfa
fdfdfdff
fcfe00fc
fdfcfcfc
fbfbfbfa
fafdee00
000000fd
fdfefefe
fffffdfc
fffffdfd
fcfcfbfb
fdfdfcfd
fdfdfcfd
fdfefbfd
fcfcfdfe
fdfdfefe
fdfefefd
fcfefdfc
fffdfeff
fdfdfbfd
fcfcfbfc
fdfdfeef
00000000
f7fcf9fa
f9fbfdf8
f8f9fbfd
f9fbf8f8
f7fcfaf9
faf8f9f7
faf9f9f5
f7faf7fa
fbf9fdfb
faf9f9f8
fcf6fcfc
fbfdfafc
fefbfffa
fafbf9f8
f8faf7fb
f0000001
00f9fdfb
fcfafbfe
f9fafbfd
fdfafbfb
f9f9fdfb
fbfcfafa
f9fdfcfb
f7f9fbf7
fbfcfbfd
fcfdfbfa
fafdf9fd
fcfdfdfb
fe00fcfe
fbfbfbfb
f8f9fbf9
fcf10000
0000fbfd
fcfdfdfd
fefbfbfd
fffcfcfc
fcfbfafd
fcfcfefb
fdfbfdfc
fdf9fdfb
fafdfefc
fdfdfefd
fdfcfdfc
fefdfdfe
fdfe00fd
fefbfcfc
fdf9fbfd
fbfef000
000000f6
fbf9faf9
fafef9f7
f8fafcf8
faf8f7f7
fcfaf9fa
f8f8f6f9
f8f9f4f8
f9f7f9fb
f8fdfafa
f8f9f9fb
f6fbfbfa
fcfafcfe
fbfef9f9
fbf9f7f8
f9f8fbf2
00000100
f9fcfbfb
fafbfef9
f9fafcfd
fafbfaf8
f9fdfbfb
fcfaf9f7
fcfcfaf6
f9fbf7fa
fcfbfdfb
fcfafafb
fdf9fcfc
fdfcfafe
00fbfdfb
fafbfaf8
f8faf9fb
f2000000
00fbfcfc
fcfdfdfe
fbfbfdfe
fcfcfcfb
fbfafdfc
fcfdfbfc
fafdfcfd
f9fefbfa
fcfffcfd
fcfefcfd
fcfcfcfe
fdfdfdfd
fe00fdfd
fbfcfcfc
f9fbfcfc
fdf00000
0000f8fc
fafbfafb
fdf8faf9
fbfdfbfb
f9faf9fe
fcfbfcf9
fbf9fcfa
fbf6fcfc
fbfefefb
fefcfdfa
fbf9fdf8
fdfcfbfd
fbfefffb
fefbfbfb
f9f9f9fc
f8fbf200
000100fa
fcfcfcfa
fbfdf9fc
fbfdfdfb
fbfbfbfb
fdfcfcfd
fbfbfafd
fdfdf8fc
fdfcfdff
fdfdfdfe
fbfcfcfe
fbfdfcfd
fdfcfe00
fbfdfdfc
fbfaf9fa
fcfafbf2
00000000
fbfcfcfd
fdfdfefc
fcfdfefd
fcfdfdfc
fbfdfdfd
fefcfdfc
fdfdfffa
fffcfdfe
fffefdfd
fffdfefd
fdfdfffd
fefdfdfe
00fdfdfc
fdfcfcfa
fcfcfcfc
f1000000
00f8fcfa
fbfafbfd
f8fbfafc
fdfbfbf9
faf9fdfd
fbfdfafb
fafcfbfc
f6fcfcfc
fdfdfbfe
fcfefafb
fafdf8fd
fcfbfdfb
fefffbff
fcfbfbfa
f9f9fcf7
fbf20000
0100fafc
fcfdfbfb
fdf9fcfc
fdfefcfc
fbfbfbfd
fdfcfefb
fbfbfdfe
fdf8fbfd
fdfdfefd
fefdfffb
fcfdfefb
fefdfdfe
fcff00fb
fefdfcfb
fbfafafb
fafbf200
000100fc
fcfdfdfd
fdfefcfc
fdfefdfd
fdfdfcfb
fefdfefe
fcfdfcfe
fdfffbff
fcfefeff
fefdfd00
fdfefdfe
fdfffdfe
fefdfe00
fdfefcfd
fcfdfbfd
fcfcfdf0
00000000
f9fdfcfc
fcfcfef9
fbf9fafe
fdfcfafb
fbfdfdfc
fdfefdfb
fffcfbf8
fefdfffe
fefdfffc
fefbfdfd
fdfbfefd
fbfcfcfd
fffbfefd
fdfbfcfa
fbfdfbfd
f1000002
00fbfcfc
fdfcfdfe
fafafafb
fefcfcfb
fcfcfdfc
fdfefdfc
fafffefd
fafbfdff
fefffefd
fcfefcfd
fefdfcfd
fdfdfdfb
fe00fbfd
fdfdfbfc
fafbfcfc
fdf30000
0100fdfd
fdfdfefe
fffcfcfc
fdfdfdfd
fdfcfcfe
fdfefefd
fdfcfdfe
fffcfdfd
fefefffe
fefdfffd
fffefefd
fefefefd
fdfefffd
fdfcfdfd
fcfcfdfd
fdfdf000
000000f8
fcfbfbfb
fcfef8fa
f8fafdfc
fbfafafa
fefdfcfd
fefcfafe
fbfbf6fe
fdfefefe
fdfffbfd
fbfbfcfc
fbfdfcfb
fbfbfdff
fafdfbfd
fbfdf8fb
fcfbfcf0
00000201
f9fbfcfc
fbfdfef9
f9f9fbfd
fbfbfbfa
fbfcfcfc
fdfcfbf9
fffdfdf8
fbfdfdfe
fefefdfb
fdfcfbfd
fcfcfcfb
fdfdfafd
fffafdfc
fcfafcf9
fafcfcfc
f3000001
01fbfcfc
fcfdfefe
fbfbfbfd
fcfbfcfc
fbfbfdfd
fdfdfcfd
fbfefdff
fbfdfcfd
fefefefe
fcfefdfe
fdfdfdfe
fdfefefc
fdfffcfc
fbfdfcfb
fbfcfdfe
fcf00000
0100f8fc
f9f7fafa
faf6faf6
f8fdfaf9
f9f9f7fc
fdfcfcfd
fef8fef9
f7f5fdfd
f9fcfdfa
fdf9fcfa
f9fafdfc
fafaf7f9
fafbfef9
fcfafbfb
faf7f8fa
f9fdf000
000301f9
fdfafafc
fbfcf7f9
f7f8fdf9
fafaf8f9
fdfcfdfd
fdfcf9fe
fdfbf8fb
fefafdfd
fdfdfafc
fbfafcfc
fbfafbfb
fbfafd00
f9fdfbfc
fafaf9f9
fbfbfcf0
00000100
fbfcfcfa
fcfcfef9
fafafbfc
fafcfbfa
fafdfcfe
fdfdfcfb
fdfdfdfa
fcfdfbfd
fefdfdfc
fdfcfcfc
fdfcfdfb
fdfcfcfd
fffbfdfb
fbfbfbfa
fbfdfdfd
ee000000
00f7faf9
f8f9fcfb
f5f8f7f9
fcf9f9f9
f8f8fefb
fbfbfbfe
f9fdf8f8
f5fcfdf8
fcfdfcfc
f8fcfaf9
fafefbfb
f9f9faf9
fbfcf8fe
f9fafbf9
f7f9fbfa
fdf20000
0300f9fb
f9f9fbfb
fbf5f8f9
f9fcf9fa
f9f8f9fd
fbfcfdfb
fcfafdfd
fcf7fbfd
fafcfefd
fcfafcfb
f9fcfdfb
fcf9fbfc
fafdfff9
fdf9fbfa
f9f8f9fa
fbfbf300
000100fb
fbfcfbfc
fdfdf9fb
fbfcfcfb
fcfbfafb
fcfcfefd
fcfcfbfd
fdfefafd
fcfcfdfe
fcfcfcfd
fcfcfcfc
fbfdfbfc
fdfcfdfe
fbfdfafb
fbfcfafb
fdfdfcf1
00000100
f5f7f7f4
fafafaf4
fcf8f9fb
f9f9f7f6
f3fdf9fb
fdf9fcf9
fcf6faf4
fefcf6fb
fdf9f9f5
fbf8f5f6
fef8fdf6
f9f8f9fb
fdfaf9f6
faf8f6f5
f6fcf8fa
f0000003
fff8f9fb
f8fbfbfb
f6fbf9f9
faf9faf8
f7f7fcf9
fbfdfafa
fafdfafe
f8fdfdf9
fafefafb
f7fcfaf8
fafcf9fe
f7fdfafa
fcfdfafb
f8fcf7f7
f6f8fdfb
f9f10000
0200fbf9
fcfbfcfd
fcf9fcfa
fcfbfafb
fbfafafc
fbfcfcfa
fbfafdfb
fffafefd
fdfcfdfa
fbfafcfa
fbfafbfb
fdfafefd
fbfcfdfb
fbfafbfa
faf8fbfe
fef9ef00
000200f7
fcf8fafb
fcf9f5f9
f7fbfcfa
fbf9faf7
fefafcfd
fafcfbfe
f7f8f6fc
fdfafcfc
fbfaf7fc
f7f7f7fe
f9fdf8fa
fafbfcfb
f9fff7fc
f9f9f8f7
fcf9fcf0
000002ff
f9fcfbfd
fcfbfbf8
fbf9fcfc
fbfcfafc
f9fdfbfd
fefbfcfc
fefbfcf8
fcfefcfc
fcfcfbf9
fdfafafb
fdfcfff9
fcfcfcfd
fefafffa
fcf9fafa
f9fcfbfc
ef000002
00fbfcfc
fdfdfdfd
fbfdfbfd
fcfcfcfc
fcfcfdfd
fefefcfc
fbfefcfd
fafdfdfe
fcfdfcfc
fbfdfbfc
fcfdfdfe
fbfdfdfd
fefefbff
fcfcfbfc
fbfcfefc
fcee0000
0100fafc
fafffcfe
fdfafbfb
fefbfcfc
f9fdf9fd
f9fbfcf9
f8fcfdfb
fcf9fbfb
fefbfbfc
fbf9fdfa
f9fafbfa
fffafafe
fbfdfdfc
fdfbfbf9
fffbfcfe
f9fef300
000000fb
fbfbfffb
fdfffbfb
fdfdfcfb
fbfafefa
fcfafbfc
faf9fcfc
fcfdf9fa
fcfffbfb
fbfafafd
fcf9fbfc
fafffbfc
fefbfdfd
fcfdfcfb
fafffdfd
fefbfdf2
000000ff
fdfdfdff
fdfefffc
fcfdfdfc
fcfcfcfd
fbfdfcfc
fdfbfcfc
fcfcfefb
fcfbfefc
fcfcfcfb
fdfdfcfc
fdfcfefc
fcfffcfd
fefdfdfc
fdfcfdfe
fdfffdfd
f0000000
00fafdfc
fdfcfcff
fbfdfcfd
fdfcfefb
fdf9fcfb
fcfcfafa
fcfdfbfc
fafcfcfd
fdfcfbfc
fafefafa
fbfcfbfe
fbfcfcfc
fdfefdfc
fdfcfafe
fcfcfefa
fef60000
0000fcfd
fdfefcfd
fffbfdfd
fdfcfcfd
fcfdfbfd
fbfcfdfc
fafbfdfc
fefbfbfd
fdfdfcfc
fbfbfdfc
fbfcfdfc
fefcfcfd
fcfdfffd
fcfefcfb
fefdfdfe
fcfcf400
000000fd
fdfdfefd
fefefdfd
fdfefdfc
fcfdfdfc
fdfdfdfe
fcfdfcfd
fdfefbfd
fdfdfdfd
fcfdfcfd
fdfcfdfd
fdfefcfd
fefdfefe
fefdfdfd
fcfdfdfd
fffdfdf5
01ff0001
fcfdfdfd
fdfefefb
fbfefefe
fdfdfcfc
fbfcfdfd
fcfcfcfc
fcfdfdfa
fdfbfbfd
fdfdfefe
fdfefcfd
fefbfdfd
fcfefdfd
00fffefd
fdfdfdfc
fcfcfbfd
f1000000
00fdfdfe
fdfdfffe
fcfcfffe
fdfdfefd
fcfcfdfd
fdfdfdfd
fdfdfefd
fbfdfdfc
fefdfefe
fefdfefc
fdfefcfe
fdfdfefe
fe00fffe
fdfdfdfd
fdfcfcfc
fdf10000
0000fdfe
fefefeff
fefdfdff
fffdfdfd
fdfdfcfd
fefdfdfd
fdfdfefe
fefcfefd
fdfefffe
fdfdfefe
fefefefd
fefefdff
fefefffe
fefdfefd
fdfdfdfe
fdfef201
ff00fffa
fdfafffc
fff9f6f8
fbfffbfb
fbf9f9f9
fcfbf9fb
f9f9fcfb
fcfdf8fb
fafdfbfa
fbfcfdfc
fbfafafc
f9fffbfc
00fafafd
fcfefbfc
f9fdfafb
fbfafcf1
00000000
fafdfb00
fcfff9f8
fafbfffb
fcfbfafb
f9fbfbfb
fdfafafd
fcfafdf9
fafafefb
fbfcfafc
fefbfafa
fbfb00fb
fefffcfd
fcfbfefb
fbfafefb
fcfbfaff
f2000000
00fcfffd
00fdfffc
fbfdfdff
fcfcfcfb
fcfbfcfc
fdfcfbfc
fcfdfcff
fbfcfcfe
fcfdfdfc
fbfffcfd
fcfcfcff
fdfe00fd
fdfdfcfe
fcfdfcff
fdfdfefd
00f10000
0000fafd
f9fefc00
fbf8f9fd
00fcfcfb
f8f9f8fb
fafbf9f9
f9fafafc
fcf6faf9
f9fafafa
fcfefbfc
fafafbf7
fefcfd00
f8fbfefb
fdf9fbfb
faf9faf9
f8fbee00
000000fb
fdfbfefc
00fcfafa
fe00fcfb
fbfafaf8
fbfbfcfc
fbfafafd
fdfdf8fa
f9fbfbfb
fdfcfdfc
fcfafbfc
fafefcfe
fffbfdff
fbfdfafb
fbfbfafb
faf9fded
00000000
fcfefdff
fdfffefc
fcfefffc
fcfcfbfb
fafcfcfc
fcfcfcfb
fdfdfffa
fcfbfcfc
fdfdfcfc
fefcfdfd
fcfcfefd
fdfffcfd
fefcfdfb
fcfcfcfc
fcfdfcff
ef000000
00fafcfb
fcfbfdff
fbfafdff
fefcfcfa
fbfafafb
fbfafbfa
f9fbfcfc
f8fbfaf8
fcfbfafe
fdfcfcfc
fbfcf7fd
fdfbfffb
fcfefdfc
fcfcfbfa
fafbfaf9
fbee0000
0100fdfd
fcfdfbfc
fffcfbfe
fffefbfc
fcfbfafc
fbfcfcfc
fbf9fdfd
fdfafafb
fafcfcfd
fdfdfdfd
fcfdfdfa
fdfefcfe
fcfd00fc
fdfcfcfc
fbfafcfb
fafcee00
000000fd
fdfdfefd
fefffdfc
fefffdfd
fcfcfcfb
fdfdfcfd
fdfdfbfd
fefffbfd
fcfcfdfe
fdfdfdfe
fdfefefd
fcfefefd
fefdfeff
fdfdfcfc
fcfcfbfd
fdfcfeee
00000000
f7fbf9fa
f9fafcf8
f8f9fbfc
f9faf9f8
f7fbfafa
faf7f9f7
faf8f9f5
f8faf6f9
faf8fcfa
faf9f9f9
fbf6fdfa
fbfdfafc
fef9fefb
fafaf8f8
f8f9f7fb
f0000001
00fbfcfb
fcfaf9fd
fafafcfd
fdfafbfb
faf8fcfb
fcfcfbfa
f8fcfcfb
f7f9faf8
fafcfbfc
fcfdfbfb
fcfdfafc
fcfdfdfb
fe00fbfe
fcfafbf9
f8fafaf9
fbf10000
0000fcfc
fcfdfdfc
fefcfbfd
fefcfcfc
fcfcfafd
fcfcfefb
fdfbfdfc
fdfafdfb
fafcfefc
fcfcfefc
fdfdfcfd
fefdfdfe
fdfe00fd
fefcfcfc
fcfafcfd
fbfdf000
000000f7
fbf9fbf9
fafbf7f8
f9fbfcf9
faf8f8f6
fcfaf9fa
f7f8f6f9
f8f9f5f8
faf7f9fa
f8fcfafa
f9f9f8fb
f6fcfafb
fdfafcfe
f9fefaf9
faf7f7f7
f9f7fbf2
00000100
fbfcfbfc
faf9fcf9
fbfcfdfd
fafbfafa
f8fcfbfc
fcfbf9f8
fcfcfbf7
f9faf9fa
fcfbfcfc
fcfbfafb
fdf9fcfc
fdfefbfe
fffbfdfc
fafbf9f8
f9faf8fb
f1000000
00fcfcfc
fdfdfcfd
fcfbfdfe
fcfcfcfb
fcfafdfc
fdfdfbfc
fbfcfcfd
f9fdfafb
fcfefdfc
fcfefcfd
fcfcfdfe
fdfdfefd
fe00fdfe
fcfcfbfc
fafcfcfb
fdf10000
0000f9fb
f9fbfafa
fbf7fbfa
fcfcfbfc
f9faf7fd
fcfafcf8
fafafbfa
fbf7fbfc
fafdfdfb
fdfbfdfa
fbf9fdf7
fdfafbfd
fbfdfff9
fefcfbfa
f8f8f8fb
f7fbf300
000100fb
fcfbfdfb
fafcf9fc
fcfdfdfb
fbfbfcf9
fdfcfdfe
fbfbfbfd
fdfef9fc
fcfdfdfe
fdfdfcff
fcfcfcfd
fbfdfcfd
fefcff00
fafdfdfc
faf9f9fb
fbf9fbf3
00000000
fcfcfcfd
fdfdfdfc
fcfdfefc
fdfcfcfd
fbfdfcfd
fefcfdfc
fdfdfffb
fefcfefe
fefefdfd
fffdfefd
fdfdfefd
fdfefdfe
00fcfdfc
fcfcfcfb
fdfdfbfc
f2000000
00f9fcfa
fbfafbfb
f8fafbfc
fdfbfcf9
fbf8fdfc
fbfcf9fb
fafcfbfc
f7fbfcfb
fdfdfbfe
fcfefafb
f9fdf8fe
fafbfdfb
fefffafe
fcfcfaf8
f9f9fbf7
fcf30000
0100fbfc
fcfdfbfa
fdfafcfc
fdfdfcfc
fbfcf9fd
fdfdfefb
fbfbfefe
fef9fcfc
fcfdfefd
fefdfffc
fcfdfefb
fefcfdfe
fcff00fb
fefdfcfb
f9f9fbfb
f9fbf200
000100fc
fcfcfdfd
fdfdfcfc
fdfefdfd
fcfdfdfb
fdfdfeff
fcfdfcfd
fdfffbff
fcfefeff
fefdfd00
fdfefdfd
fefffdfe
fefdfe00
fdfefcfd
fcfcfbfe
fdfbfcf1
00000000
fafcfbfb
fbfcfef8
fafafafd
fefcfbfc
fbfefcfd
fefdfdfb
fefbfbf9
fffefeff
fefcfefb
fefbfcfd
fdfcfefc
fbfcfcfe
fffafefd
fdfafaf9
fbfcfbfd
f2000002
00fcfcfc
fcfcfcfe
fafbfbfa
fdfcfcfb
fdfbfdfc
fdfefdfc
fafefffd
fafcfdfe
fefffefd
fcfefdfd
fefdfdfd
fdfdfdfc
ff00fbfd
fdfdfbfb
fafcfbfc
fcf40000
0100fcfd
fdfdfdfe
fefdfcfc
fdfdfdfc
fdfdfcfe
fdfefffd
fdfcfdfe
fffbfdfc
fefefffe
fdfdfffd
fffdfefe
fefefefd
fdfefffc
fdfcfdfc
fcfcfefd
fdfdf200
000001f8
fbfcfafa
fcfdf8fb
f9f9fefc
fbfbfbfb
fcfcfefc
fefef9fe
f9faf8fe
fdfbffff
fbfefcfd
fbfbfcfc
fcfcfcfa
fbfbfdff
f9fefcfc
fbfaf9fa
fbfbfdf1
00000302
fafbfcfb
fbfcfdfa
faf9fafd
fbfcfbfa
fbfcfcfc
fdfefcf9
fefdfdfa
fbfefcfe
fffdfdfc
fdfbfcfe
fcfcfbfc
fcfdfbfc
00fafdfc
fcfafafa
fafbfcfb
f3000002
01fcfcfc
fcfcfdfd
fcfbfbfc
fcfbfcfc
fbfbfdfd
fdfefefd
fbfdfdff
fbfdfdfd
fefefefd
fdfdfdfd
fcfdfdfd
fdfefdfc
fdfefcfc
fcfcfcfb
fcfcfcfe
fbf20000
0100f6fb
f9f5f7f8
f7f5f8f4
f4fdf9f7
f9f5f8f8
fcfbfbfc
fff7fbf6
f5f4fcfb
f7fbfcf5
fcfafbf8
f7f9fcfc
f9f7f4f6
f9f8fcf7
fcfaf9fa
f6f7f7f8
f8faf200
000400f9
fbfbf8f9
f9f9f7f7
f6f6fdf8
faf9f5fa
fbfdfcfc
fdfef8fc
fbfaf6f9
fcf9fcfc
f9fcfbfa
f9f9fcfc
fcf9f9f8
f8fafbfe
f8fcfafa
faf6f9f8
f9f9faf2
00000100
fbfbfcfa
fbfbfbfa
f9fafbfb
fafbfbf9
fafcfcfd
fdfefcfa
fcfdfdf9
fbfcfafd
fdfcfcfd
fcfcfbfc
fbfdfdfc
fdfafbfd
fdfbfcfa
fafbfafb
fbfbfdfb
ef010000
00f6f9fa
f8f8fbfb
f5f9f7f7
fdf9f8f8
f6f8fefa
fbfafa00
f8fbf6f8
f5fcfcf8
fcfffbfa
f8faf9f9
f9fffafb
f7f9f9f9
fbfcf9fc
f9f9faf8
f8f6fcfa
fbf40000
0200f7fb
faf9fbfb
fbf6f8f9
f8fcf8fb
f9f7f9fe
fbfcfdfc
fdf9fdfc
fbf7fcfd
f9fb00fd
fcfafbfa
fafbfdfa
fbf9fbfa
fafdfffa
fcfafbf9
f8f8f8fb
fafbf500
000000fa
fbfcfbfc
fdfdfafa
fbfcfbfb
fbfcfafb
fdfcfdfd
fcfdfafd
fdfdfafd
fdfcfdfe
fdfcfcfd
fcfdfcfc
fcfdfbfd
fcfcfefe
fbfdfbfa
fbfbfafb
fdfdfbf3
00000001
f3f5f5f0
f7fbf6ef
fcf8f5f8
f8f9f5f3
edfcf6f9
f8f7fbf6
f9f2faef
fefbf2f9
fcf7f5f2
f7f5f3f3
00f7faf0
f9f6f4fa
fbfaf9f2
f8f6f2f4
f3fcf7f8
f3000002
00f5f7fb
f4fafcf7
f2fbf9f6
f7f7fbf7
f3f1fbf7
f9faf9f8
f8fbf7fe
f3fefdf5
f800f7f9
f5f8f7f4
f6fcf7fc
f3fbf8f8
fbfcf9f9
f5fbf5f2
f4f5fdfa
f6f50000
0000faf7
fdfafbfe
faf7fcf9
fbfaf8fa
fbf6f8fa
f9faf9f9
faf9fdf9
fff8fdfe
fcfcfef9
faf9f9f9
f9f9f9fa
fbf8fdfb
fafbfbfa
fcf8f8f8
f8f6f8ff
fef7f200
000000f5
f9f7fbfb
f9f5f5f9
f7f8f8fb
fbf7f9f4
fbf9fcfc
f7f9f9fe
f6f9f3fa
fcf9f9fb
faf8f4fc
f6f7f5fe
f8fdf5f9
f9f9fbfa
f7fcf5fa
f6f7f5f7
00f7faf0
000003ff
f7f9fbfc
fbf9f6f7
faf7f8f9
fbfdf9fb
f6faf9fb
fcf9f9fb
fff8fcf6
fafdfcfb
fcfaf9f6
fdf9f8f8
fbfafcf7
fcf9fafb
fcf7fdf8
fbf6f8f8
f800faf8
f3000002
fffafbfc
fdfcfcfb
fbfbfafb
fafafbfb
fcf9fcfc
fdfcfbfb
fbfefafd
fafcfdfe
fbfcfbfc
f9fcfafb
f9fbfdfd
fafefcfb
fcfcfafe
fafafafa
fafbfffb
f9f00100
0200f8fb
f700fcfe
faf6f9f9
fdf9fbfa
f7faf8fd
f7fbfaf7
f6fdfcfa
fbf6faf9
fef9f9fb
f9f9fdf8
f7f8faf9
00f7fafe
f9fcfcfa
fdf9f9f7
fefafbfe
f7fdf300
0002fffa
faf900fa
fefcf8fa
fafdfafb
fafafcf8
faf8fafb
f8f7fbfb
fbfdf8f9
fafefaf9
fcf8f8fd
faf7f9fa
f900f9fb
fdfafbfd
fafcfafa
f8fefdfb
fefafdf3
000001fe
fcfdfcff
fcfffefb
fbfcfdfc
fbfbfbfd
f9fcfcfd
fcfafbfc
fcfcfffa
fbfafefb
fbfcfbfa
fefbfbfb
fcfcfefb
fdfffbfc
fdfbfdfb
fcfbfdfe
fdfffcfd
f0000001
fefafcfb
fefbfdfc
f9fbfcfd
fcfcfcf9
fcf8fcfa
fbfcf8fa
fdfdfcfc
f9fcfafe
fbfbfbfb
f9fefbf9
fafcfafe
fafbfefb
fcfdfdfd
fcfcf9fd
fcfdfff8
fef50000
01fffbfc
fcfefcfd
fdfafbfd
fdfcfcfc
fbfcf9fc
fafbfcfa
f9fcfdfc
fefafafb
fdfbfbfb
fafafdfd
f9fafcfb
fffafcff
fbfcfdfc
fcfcfcfa
fefdfdfe
fafdf500
000000fd
fefdfffd
fefdfcfd
fdfefcfc
fcfcfdfb
fdfcfcfc
fbfcfdfd
fcfffafc
fcfdfcfd
fbfcfbfe
fdfbfcfd
fcfefcfd
fffcfdfd
fdfdfcfd
fcfdfefd
fffdfdf4
01000001
f8fcfbfb
fbfcfcf9
f8fcfcfd
fafbf9fa
f8fcfcfb
fbf9f9f9
fbfafaf7
fbfaf9fc
fcfafcfb
fbfcfbfa
fffafefc
fbfefdfe
01fefffb
fdfdfcfa
fcfafbfc
f7000000
00fbfbfd
fcfcfdfd
fafafdfe
fdfafcfa
fbfafcfc
fcfcfbfa
fbfcfcfc
f8fbfcfa
fcfcfcfd
fdfcfefc
fcfefbfe
fdfdfffd
ff01fffe
fcfdfdfd
fcfdfcfc
fdf60000
0000fcfc
fcfdfdfd
fdfbfcfd
fefcfcfc
fcfcfbfd
fdfdfcfc
fcfbfcfc
fdfbfdfc
fcfdfdfe
fdfcfdfd
fefdfdfd
fffefeff
fefe00fe
fefdfdfd
fefdfefe
fcfdf601
ff00fff8
fcf9fbfb
fdf9f6f8
fafdfbfa
f9f7f8f7
fcfbfafb
f8f9f8fa
f9faf6fb
faf9fbfa
f9fcfafa
fbf9fafe
f9fffcfb
fffcfd00
fdfffafd
fcfcf9fb
faf9fdf3
00000000
fafbfbfd
fbfefbf9
fafcfefc
fafafafa
f9fbfafb
fdfaf9fa
fbfbfdf8
fafbfbfb
fbfbfbfc
fbfdfafc
fdfbfffd
fe00fcfe
00fefefb
fcfcfdfb
fdfbfbfe
f2000000
00fbfcfc
fefcfefd
fbfcfcfe
fbfbfbfb
fbfafcfc
fcfcfbfc
fbfcfbff
fbfcfbfd
fcfcfbfc
fbfdfcfd
fcfcfdff
fdfefffd
fdfffdfe
fcfcfcff
fdfdfefd
fef40000
0000fafc
f9fcfbfe
fbf8f9fd
fdfcfcfa
f9faf8fc
fbfbfcfa
fafafbfc
fcf8fbf9
fafdfbfa
fdfcfdfd
fafbfef9
fffdfb00
fbfc00fc
fefbfdfb
fafafcfb
f9fdf300
000100fc
fcfbfdfb
fefcfafa
fdfefdfc
fafbfaf8
fbfafbfd
fbfafafc
fdfef9fa
fafbfcfc
fbfcfdfd
fffbfcfd
fcfefdfd
00fcfdff
fcfdfbfc
fbfbfbfd
fcfbfef1
00000000
fcfcfcfe
fcfefdfc
fbfdfefc
fcfcfbfb
fafcfcfc
fcfbfcfb
fcfd00fb
fcfbfdfc
fdfcfcfc
fefdfdfd
fcfdfefd
fefffcfd
fefdfcfc
fcfcfdfc
fefefdfe
f1000000
00fbfcfa
fcfbfcfd
f9fbfcfc
fdfcfbf9
fbf8fcfb
fbfbfbfa
f9fcfcfb
f8fbfbfb
fdfbfbfe
fcfdfcfc
fbfefafe
fefbfefd
fd00fcfc
fdfcfbfa
fbfcfcf9
fdf40000
0000fdfc
fbfdfbfc
fefbfcfd
fdfdfcfb
fbfcf9fc
fbfcfdfc
fafafcfe
fdfafafb
fcfdfcfd
fdfdfdfe
fdfefefc
fefefdfe
fcfe00fc
fcfdfcfb
fbfcfefe
fbfdf400
000000fd
fcfdfefd
fefefdfc
fdfdfcfd
fcfcfcfa
fdfdfcfc
fcfcfbfc
fdfffbfd
fbfdfdfd
fdfdfdfe
fdfefefd
fdfefdfd
fffdfe00
fdfdfcfc
fcfdfdfe
fffdfef3
00000000
f9fdfbfb
fcf9fafa
f9fafafd
fcfbf9fb
f8fafafa
fbfbfbf9
fbfaf9f8
f9fafbfc
fcfafefb
fdfbfbfa
fefbfefe
fcfbfdff
fff9fefe
fefcfafa
fcfaf9fe
f9000000
00fbfdfc
fdfcfafc
fcfafcfb
fefcfbfa
fcf9fbfb
fbfcfbfb
f9fcfcfa
f9fafafc
fcfdfbfd
fcfefdfd
fdfefefd
fffefdfd
fffffbfd
fffefbfb
fbfefbfb
fdf80000
0000fcfd
fdfdfdfd
fdfefcfd
fcfdfdfc
fcfcfbfd
fdfdfdfb
fdfcfcfc
fcfbfdfb
fdfdfefc
fdfdfffd
fefefdff
fefefefe
fdfffffd
fefefdfd
fdfdfefd
fdfef600
000000f8
fcfafafb
f8f9f8f9
f9f9fdfb
fbf8fbf8
faf9f9fb
fafaf9fb
f9f8f7f9
fafafbfb
fafdfafc
fafafafe
fafdfefb
fafdfefe
f9fdfdfd
fbfaf9fb
faf9fdf8
00000100
fafcfcfc
fbf9fcfb
fafbfafd
fcfbfafc
f9fbfafb
fcfafbf9
fcfcf9f9
f9fbfcfc
fcfbfdfb
fdfcfcfd
fdfdfdfe
fdfcfcff
fffafdfe
fdfbfbfa
fdfcfbfc
f8000000
00fcfcfd
fcfdfdfd
fdfbfdfc
fcfdfcfc
fcfafdfc
fdfdfbfd
fcfcfcfc
fbfcfbfd
fdfefcfd
fdfefdfe
fefdfefe
fdfdfefd
fffffdfd
fdfdfdfd
fdfefdfd
fdf50000
0000f8fb
fbfbfaf9
f9f9fafb
f9fdfbfe
f8fbf7fb
fbfafdfc
fafbfdfc
faf8fbfc
fbfefdfd
fffcfefb
fbf9fefb
fdfdfcfa
fcfbfefa
fdfcfef9
f9f9fbfb
f8fbf900
000100fa
fcfcfcfb
fafbfbfb
fcfbfefc
fcfbfcf9
fbfcfbfe
fbfbfbfd
fdfcfafb
fcfefefe
fdfefcff
fdfdfdfd
fdfcfdfd
fcfcfdfe
fafcfdfe
fafbfafc
fcfafbf8
00000000
fbfcfdfd
fcfcfdfd
fcfdfdfd
fdfcfcfc
fbfdfdfd
fdfcfdfd
fdfdfefc
fdfcfffe
fffdfefe
fffdfefe
fdfefefd
fdfefdfe
fefcfdfc
fdfdfcfc
fdfdfcfc
f5000000
00f8fbfa
fbfaf9fa
f9f9faf9
fdfbfdf8
fbf8fbfb
fafcfbfa
fbfcfbf9
f8fbfbfc
fefdfcff
fcfefbfc
fafdfbfc
fcfaf9fc
fcfef9fc
fcfdfafa
f9fbf9f8
fcf90000
0100fafc
fcfcfbfa
fcfbfafb
fbfefdfc
fbfcfafb
fcfbfdfb
fbfbfcfe
fbfafbfc
fffefefd
fefdfffd
fdfefdfd
fcfdfcfc
fcfdfefa
fcfdfefa
fbfbfcfa
fafcf800
000000fc
fcfdfcfd
fcfdfdfb
fdfdfdfe
fcfdfcfb
fdfdfdfd
fcfdfdfd
fefdfcfd
fc00fefe
fefefeff
fdfefefd
fefefefe
fdfdfeff
fcfdfdfd
fcfcfdfe
fcfcfcf6
00000000
f8fcfcfa
f9fafaf7
fafaf9fd
fcfcf9fd
f7fcfbfb
fdfbfbfb
fcfaf9f8
fcfbfbfd
fcfafffa
fdfafafa
fefbfdfd
faf9fdfd
fff9fcfb
fdfaf8f8
faf9f8fc
f5000001
00fafbfd
fcfafafd
fafbfbfa
fefcfcfb
fef9fcfb
fcfdfcfa
fbfdfdfb
f9fbfcfe
fdfdfcfe
fbfdfcfd
fdfdfdfd
fefdfbfc
fdfffafb
fcfcfafa
fafcfbfb
fbf60000
0000fbfc
fdfdfcfd
fefdfbfd
fdfdfcfc
fcfdfafd
fcfefdfd
fcfcfcfe
fdfbfdfc
fefefefd
fdfcfefd
fefdfdfe
fefefefd
fcfefffc
fdfcfdfc
fcfcfefc
fcfcf500
000000f8
fdfdfaf9
fbf9f8fd
faf9fefb
fdfafaf9
fcfbfcfb
fdfbfbfd
f9f9f9fb
fcfafdfd
fb00fbfd
fafaf9ff
fdfcfdfa
f9fdfaff
fbfbfbfd
fcf9faf8
fbfafcf7
00000102
fbfcfdfc
fbfcfbfa
fcfbfafe
fbfdfcfb
fafcfbfc
fcfefbfc
fefbfcfa
fbfefcfd
fefcfffc
fdfcfcfc
fefdfefe
fefcfdfc
fffbfcfc
fdfafafa
fafcfbfc
f7000000
01fcfdfd
fdfcfdfd
fdfcfdfc
fdfcfcfd
fbfbfdfc
fefcfefd
fcfdfdfe
fbfdfefe
fefefdfe
fdfdfdfd
fcfdfefe
fefffdfc
fdfffcfd
fcfdfcfc
fcfcfcfd
fdf70000
0000f4f9
f8f2f5f4
f4f4f8f4
f5fbf5f9
f6f5f7f5
f7f7f7fa
fbf5f8f2
f4f4f6fa
f8fcfbf6
fff8faf7
f9f6fefd
f9f8f5f4
fbf7faf7
f8fafafb
f3f7f4f7
f6f7fd00
000100f9
fafbf7f8
f9f7f7f9
f8f8fcf7
fbf8f7fa
f9fbfafa
fcfcf7fa
f8faf5f9
fcfbfdfd
f9fffcfa
fafdfbfe
fdfdfafa
f9fcfbfc
f9fbfcfb
f9f7f8f8
f9f9f9f8
00000000
fafbfcfa
fbfbfbfa
fafbfcfb
fafbfbf9
fafcfbfd
fbfdfcfa
fcfbfef9
fcfdfdfd
fefdfdfe
fcfefefd
fcfefffd
fefdfdfd
fefcfcfb
fbfcfafa
fcfbfcfb
f4000000
00f7fafa
f7f8f9f8
f6fbf7f8
fcf9faf8
f8f6fcf9
faf8fbfc
f7faf6f9
f8fcfbf8
fffdfdfd
f8fbfafb
f801fcfd
fbf9f8fc
fcfcfbfa
faf9fbf8
f7f8f9f9
f9fa0000
0000f9fb
faf9fafb
faf7fbfa
fafbfafc
f9f9f8fc
f9fbfbfc
faf8fbfa
fbfafdfc
fcfdfefe
fefbfcfc
fefcfefd
fefcfcfc
fcfdfffb
fbfbfcf9
faf8fafa
fafafa00
000000fa
fbfcfbfc
fcfcfbfb
fbfcfcfb
fcfcfafb
fcfcfdfc
fcfcfafc
fbfdfbfd
fdfefefe
fefdfdfe
fefffcfc
fefffefe
fdfdfdff
fcfcfcfc
fcfbfafc
fcfbfbf9
00000000
f2f3f6ed
f8f9f4ef
f7f8f7f7
f6f7f3f1
eef7f4f6
f3f4faf4
f8f0f7f1
00f8f5f9
fdf5f6f2
f8f9f3f4
02f9f9f2
f6f7f6f9
f8faf5f2
faf4f2f5
f2faf8f3
fc000001
00f5f6fa
f1f9faf6
f2f7f9f8
f7f7faf6
f3f1faf6
f8f5f7f7
f8f9f6fa
f5fffbf8
f900f7fc
f8f9fbf7
f8fefbfb
f7f9fafb
fafbfaf9
f6fdf5f4
f4f5fcfa
f5fa0000
0000faf8
fdf9fbfb
f9f8fbfa
fcfaf8fa
faf6f8fa
f9faf7f8
faf9fcf9
fdf8fdfd
fdfdfffa
fbfbfbfc
fcfafafc
fdfbfdfc
fbfbfcfb
fcfaf9f9
f9f6fafd
fdf7f700
000000f6
f9f8f5fa
f6f4f3f7
f9faf7f9
f9f6f5f1
f8f6faf7
f5f8f7fd
f5fbf3fb
fcf8fbfc
f8f9f6fd
faf6f500
fafdf7f9
faf9fcfa
faf9f4fc
f5f5f4f6
faf6f8f7
000001fe
f8f8fcf7
fbf8f5f5
f8f8faf8
f9fbf7f6
f4f8f8fb
f7f6f8f9
fef7fcf5
fbfdfbfc
fdfafbf9
fdfaf9f9
fdfcfcf8
fcfdfbfc
fbf9fbf7
fdf6f6f5
f6fcf8f8
fb000000
00fafafc
fafbfaf9
f9fbfafc
f9fafbfb
f8f8fafa
fbf9f9fa
fbfdf9fc
f8fdfdff
fdfefcfc
fcfdfcfc
fbfbfdfd
fbfdfdfb
fcfdfbfd
fbfaf9f8
f8fbfefb
f9f90000
0000f8fb
f7fdfcfc
faf5faf8
fdf9faf9
f7faf7fc
f8fafcf6
f8fcfdfc
fdf8fcfb
fdfcfcfd
fcf9fefb
faf8fbfa
00f9fbfe
fafdfcfa
fcf9faf8
fcf8fbfd
f7fdf700
000100f9
faf8fefa
fcfbf7fb
f8fdf9fa
f9f9fcf8
faf8fbfc
f7f7fbfd
fcfff9fa
fbfffbfb
fefbf9ff
fbfcfafb
fafff9fc
00f9fcfd
fafbfbfa
f8fefafc
fef9fcf7
000000ff
fbfcfbfe
fbfdfdfa
fbfbfdfb
fbfbfafd
fafbfcfd
fcf9fcfc
fdfc00fb
fbfbfffb
fcfdfcfa
fffcfdfb
fcfcfffc
fd00fbfc
fcfbfcfb
fcfbfdfc
fefffcfc
f7000000
fff8fbf7
fcfafbfb
f5f9fafc
fafaf9f7
f9f6fbf9
fafcf5f9
fdfcfdfc
f8fcfafd
fcfcfcfb
fafefbf9
f8fcfafe
f8fafefa
fdfdfbfc
f9fbf8fb
f9fbfcf6
fef90000
00fff8fa
f9fcfafc
faf6f9fa
fdfafafa
f9fbf8fb
f9fbfcf7
f9fdfdfd
fef8fafa
fdfcfbfc
fbfafefd
f9f9fcfb
fff8fcff
fafcfdfb
fbfafbf9
fcfafcfc
f8fdf900
000000fb
fcfbfefc
fdfcf9fb
fcfdfbfb
fbfafcfa
fcfcfcfc
f9fbfcfd
fc00fafb
fbfefbfd
fcfcfbff
fdfcfcfc
fcfefbfc
00fbfdfd
fcfcfbfc
fbfcfcfd
fefbfcf8
01000001
f8fbfafa
fbfbfbf9
f8fbfcfc
fafaf8f9
f7fcfbfb
fbf8f8f8
fafafaf6
fafaf8fb
fcf9fbfb
fbfbfaf9
fef9fefc
fbfdfcfd
01fdfefb
fdfcfbfa
fcfafafb
f8000000
00fbfbfc
fcfbfcfc
fafafdfd
fdfafcfa
fbf9fcfc
fcfcfbfa
fafbfcfb
f8fbfcfa
fcfcfbfc
fcfcfefc
fbfefbfe
fdfdfefd
ff00fffe
fcfdfdfc
fbfdfcfb
fdf600ff
0000fcfc
fcfdfcfc
fcfcfcfd
fefcfcfc
fbfcfbfc
fcfdfcfb
fcfbfcfc
fdfbfdfc
fbfcfdfc
fcfcfdfd
fdfcfdfd
fffefefe
fefe00fe
fefdfdfc
fefdfefd
fcfdf501
ff00fff8
fcfafafb
fdfaf8f8
fbfdfdfa
faf8f9f7
fdfbfafc
f8f9f8fa
fafaf7fc
faf9fcfb
f9fcfbfb
fbf9fafe
f9fffdfa
fefcfc01
fd00fbfd
fdfbfafc
fafafcf3
00000100
fbfbfcfd
fcfdfdfa
fbfcfefc
fafbfbfb
f9fcfbfc
fdfbf9fa
fbfcfdf9
fbfbfcfc
fcfbfcfc
fcfdfbfc
fefcfffd
fe00fcfe
00fefefd
fdfcfdfb
fefcfcfd
f1000001
00fbfbfc
fefcfdfe
fcfcfcfd
fcfbfcfb
fcfbfcfc
fdfdfcfc
fafcfcff
fbfcfbfd
fcfdfcfd
fbfdfdfd
fdfdfdff
fefefffe
fe00fdfe
fdfdfdff
fdfefefd
fef20000
0000f9fc
f8fbfafe
faf6f7fb
fefcfcf9
f8f8f6fc
f9f9fcf9
f8f9fafb
fbf7fcf7
f9fdf9f9
fcfcfdfc
f9fafdf9
fffbfaff
fafbfffb
fdf8fcf9
faf9fbf9
f8fef200
000200fa
fcfafdfb
fefbf9f9
fcfefbfb
f9faf9f7
fbf9fbfd
faf8fafb
fcfff8f9
f9fbfbfb
fbfafbfd
fdfafafc
fbfffbfc
00fbfcff
fcfdfafb
fafcfbfd
fbfafef2
00000200
fbfdfbfe
fbfefdfb
fcfcfdfc
fbfbfafa
f9fbfbfc
fbfbfbfa
fbfc00fa
fbfafcfb
fcfbfcfb
fdfcfcfc
fcfcfefd
fdfffcfd
fefcfcfb
fcfcfdfc
fdfefcfe
f2000001
00f9fcf8
fbf9fbfb
f8fbfbfb
fcfcf9f8
fbf7fbfa
fbfcfaf9
f8fafafa
f6fbfafa
fcf9fafc
fbfefcfa
f9fcfafe
fcf9fdfc
fdfffbfb
fbfcfafa
fafbfaf8
fdf40000
0100fbfb
fbfcfafc
fdfafbfc
fbfcfcfb
fafcf8fb
fafcfdfb
f9f9fbfd
fdf8fafb
fbfcfcfc
fbfcfdfe
fbfcfdfc
fdfdfbfd
fcfe00fc
fcfcfcfb
fbfbfdfd
fafdf300
000100fd
fbfcfdfc
fefefcfa
fdfcfcfc
fbfcfbfa
fcfcfcfc
fcfcfafb
fdfefafc
fbfdfdfc
fdfcfcfd
fdfdfdfc
fdfefdfd
fefdfe00
fdfcfcfc
fcfcfdfe
fefcfdf0
00000000
f8fbfaf9
faf8f9f9
f9f9f7fc
faf8f8f8
f6faf9fa
fbfbfaf6
faf8f8f6
faf7f7fc
f9fbfdfb
fcfcf9f7
fdfbfcfc
f9fafdfe
fff9fdfc
fdfcf8f8
faf8f8fd
f5000001
00fbfcfa
fbfbfafc
fbf9fbf9
fcfcfafa
faf9fbfa
fbfcfafa
f8fafbfa
f9faf9f9
fbfdfcfc
fafcfefb
fbfdfdfb
fdfcfcfc
fefffafc
fdfdfbfa
fafcfafc
fbf50000
0200fcfb
fcfbfcfc
fdfcfbfc
fbfcfcfc
fbfafafc
fcfcfcfb
fcfbfcfc
fcfafcfa
fcfdfdfd
fdfcfdfc
fdfdfcfe
fdfefdfd
fdfefffd
fdfdfcfc
fcfcfdfc
fdfcf300
000200f7
fdf9f9fa
f8f9f6f9
f8f7fbfc
f8f8f9f5
fbf9f9fc
f8f9f6fa
f8f6f6fa
f9f8fcf9
fbfbfafc
fbf8f6fc
fafefcf9
f9fdfdfe
f8fcfbfc
faf9f8fa
f9f8fdf3
00000100
fafbfafb
f9f9fdf9
fafaf9fc
fcf9fafa
f8faf9fa
fcfaf9f7
fafcf9f7
fafafafb
fcfcfbfa
fdfcfbfc
fcfdfbfd
fcfbfbfe
00f9fbfd
fcfafafa
fdfafbfb
f3000001
00fcfbfc
fbfcfcfe
fcfafbfb
fcfcfbfb
fbf9fcfc
fcfcfbfc
fafbfcfc
fafcf9fc
fcfdfcfd
fcfdfcfd
fdfcfdfd
fdfcfcfc
fefffcfc
fcfbfbfc
fcfdfbfd
fcf20000
0100f6f9
faf8fafa
f7f5fbf9
f7fbfafd
f7f6f4fb
faf8fdfa
f9fafcf9
f9f5fcfc
fbfefdfd
fdfafcfa
f8f7fcfa
fcfafdf8
fafafdf9
fbf9fff8
f6f6f9fa
f9f9f700
000100f8
fafbf9fa
fafaf8fa
f9f8fbfb
fbfaf8f6
fafbfafc
faf9fafc
fbfcf8fb
fbfefcff
fcfdfafd
fcfafbfc
fcfbfbfe
fafafcfc
f9fbfbfd
f8f9f7fa
fcfcf9f6
00000300
fafbfdfb
fbfcfcfc
fbfbfbfc
fbfbfbfa
f9fcfbfc
fbfbfbfb
fcfcfdfa
fcfb00fc
fefcfdfc
fefcfdfc
fcfdfdfc
fefcfcfd
fcfbfcfb
fcfbfbfa
fcfdfefa
f3000001
00f8fbfb
fafafaf9
f8f9fbf9
fcfcfdf8
faf7fbfc
fafcfbfa
fbfcfbfa
f8fcfcfc
fefdfcff
fcfefafa
f9fefafd
fdfaf9fb
fbfefafd
fbfef9f8
f9fbf9f9
fbf80000
0100fafb
fcfbfbfa
fbfafafc
fbfdfcfb
fbfbf9fb
fdfbfcfb
fafbfcfd
fcfafcfb
fffefefe
fefcfffd
fdfdfdfc
fcfdfcfc
fbfdfefa
fcfcfefb
fbfafcfb
fbfbf700
0001fffb
fcfdfcfc
fcfdfcfc
fdfdfcfd
fcfcfcfb
fdfcfdfc
fcfdfcfd
fdfefbfd
fb00fefe
fefdfdff
fdfefefd
fefefdfd
fefdfefe
fcfdfcfc
fcfcfcfd
fcfcfcf5
00000000
f8fcfcfb
f9f9faf8
fafaf9fd
fbfbf9fc
f7fdfcfb
fcfbfbfb
fdfaf9f8
fcfcfbfd
fbfb00fa
fdfafbfa
fefbfdfe
faf9fdfd
fff9fcfb
fdfbf8f8
f9faf8fc
f6000001
01fbfbfd
fcfbfafe
fbfbfbfb
fdfbfcfc
fdfafcfc
fcfcfcfa
fbfdfcfc
fafcfcfd
fdfdfcfe
fcfdfdfd
fdfdfdfd
fefdfbfc
fdfffbfc
fdfcfbfb
f9fbfbfb
fbf60000
0001fcfb
fdfcfcfd
fefdfcfd
fdfcfcfc
fcfdfbfd
fcfdfcfd
fdfcfdfd
fdfbfdfc
fefefefc
fdfcfefd
fefdfdfe
fefefefd
fdfefffc
fdfcfdfc
fcfcfdfd
fcfcf500
000000f7
fdfdf8f9
f8f9f7fd
faf9fdfb
fbfafaf7
fbfbfbfb
fcfbfafd
f7fbf7fb
fef9fcfd
fb00fafd
faf9f8ff
fcfcfcfb
f8fdfbfe
fafbf9fd
fcf9f9f8
fafafbf9
00000002
fafcfefb
fbfcfbfb
fbfbfbfd
fafdfdfa
f9fbfbfc
fbfefafb
fefafdfa
fbfffbfe
fefc00fc
fdfcfbfb
fefdfdfd
fefbfcfc
fffcfcfb
fdfafaf9
fafdfcfb
f7000000
00fbfcfd
fcfcfefc
fdfcfcfd
fdfbfdfd
fafafcfc
fdfcfdfd
fcfefcfe
fbfdfefe
fefefcfe
fdfcfdfd
fcfcfefe
fdfffdfc
fdfefcfd
fbfdfcfb
fbfbfefe
fcf70000
0000f4f8
faf2f4f3
f3f2faf5
f4faf6f9
f7f5f3f4
f7f7f6f9
faf6faf2
f6f3f6fd
f5fcfaf8
00f6f9f5
f8f700fa
f9f9f7f4
fcf8f9f7
f8f5fafa
f2f6f4f7
f7f7fe00
000000f7
f9fcf7f8
f9f6f7f9
f9f7fbf7
fbf9f7f8
fafaf9f8
fcfaf8fb
f8fbf6fa
fefafefc
fc00fbfa
fafbfcfd
fcfdfbfb
f9fcfafd
fafbf9fc
f7f6f7f7
fafbf8f7
00000000
f9fafdf9
fbfbfafa
fbfbfbfb
f9fcfcf8
fafcfbfc
fafbfbfa
fdfafef9
fcfefefd
fefdfdfd
fbfefdfd
fbfdfefd
fefcfcfc
fdfcfdfb
fbfbf9f9
fafdfcfa
f5000000
00f7f9fa
f8f7f7f5
f8f9f8f8
fbf9f9f9
faf4fafa
fbf8fafa
f7fbf7fa
f7fbfbf8
fefbfcfd
f7fdfafb
f901fbfd
fdf9f8fb
fefaf9fa
f8fafbf8
f6faf8f8
fbfb0000
0000f9fa
fafaf9fa
f9faf9fa
fafbfafb
fafbf7fc
fafcfafc
f9f9fbfb
fcf9fefc
fcfefdfd
fefbfefd
fefdfefd
fffdfcfc
fcfefefb
fbfafdf9
fbf7fcf9
fbfafa00
000000fa
fbfcfbfb
fbfcfcfb
fcfcfbfb
fcfcfbfb
fcfcfdfb
fcfcfbfc
fcfdfbfd
fdfefefd
fefdfdff
fefffdfc
fefefdfd
fdfdfdfe
fcfcfcfc
fcfcfafd
fcfbfbf9
00000000
f3f1f6ef
f6f2f4f0
f6faf6f6
f7f8f4f4
ecf6f4f5
f3f2f8f5
f9f2fcf2
fef8f2fa
fcf3f8f2
fafaf3f4
01f6faf3
f5f7f7f8
f8f9f6f1
faf4f3f5
f3f8f7f4
fe000001
00f8f3fb
f3f9f6f5
f4f7fbf7
f7f8faf8
f5f1f9f8
f7f6f7f8
f9fbf8ff
f6fef9f6
fcfff6fc
f8fbfcf8
fafef9fc
f7f9fafb
fbf9fbf9
f6fef5f5
f4f5f9fb
f3fa0000
0000fbf7
fdf9fbfa
f8f8fbfb
fcf9f9fa
fbf7f8fa
f9faf8f8
fafafdfa
fff9fdfc
fdfdfffa
fbfbfcfd
fcfafafc
fcfbfdfc
fbfbfbfc
fbfaf9fa
f9f6fafd
fdf6f700
000000f7
f8f8f4f9
f7f8f6f7
fcfafafa
f9f7f7f2
f8f8faf8
f5faf8fb
f7fcf4fe
fbf9fbfe
f8faf7fd
fcf7f902
f9fdfaf9
fbfafcfb
fcfaf5fc
f7f6f8f7
faf7f8f8
000000fe
f9f8fcf7
fbf9f9f7
f8fcfafa
faf9f8f8
f6fafafb
f8f8f9fa
fcfafef7
fefbfcfc
fefafdfb
fdfcfafc
fffbfdfb
fcfdfcfc
fcfcfbf8
fff8f8f8
f8fbfaf8
f9000000
fffbf9fd
fafcfbfa
fafcfcfc
fbfbfcfc
f9fafbfb
fcf9fafb
fbfdfbfd
fafefdff
fefffcfd
fdfdfdfd
fdfcfdfe
fdfdfefc
fdfdfcfc
fbfcfbfa
f9fbfdfc
f9f90000
0000f9fc
f9fcfcfc
fef8faf9
fcfafafa
f9fbf9fd
fafcfbf8
fbfcfdfc
fcf9fefd
fefdfdfc
fdfbfefb
fafafcfb
fffbfbfd
fcfdfefc
fdfbfcf9
fcfafcfd
fafdf700
000000fa
fbfafdfb
fcfff9fb
fafcfbfb
fafafcfa
fcfafcfc
f9f9fbfd
fefefafc
fdfffdfc
fdfdfcfe
fdfcfcfd
fcfffbfd
fefbfcfe
fcfcfcfc
fafdfcfc
fdfbfcf5
00000000
fcfbfcfd
fcfdfefb
fbfcfdfc
fcfcfcfd
fbfcfcfc
fdfbfcfc
fdfe00fb
fdfcfffd
fdfdfdfc
fefdfdfd
fcfdfefd
fdfffcfc
fefcfdfc
fdfcfdfd
fdfefcfc
f7000000
00f8fbf8
fbfbfcfe
f7f9fafc
fbfafbf9
faf7fcfa
fcfbf7fa
fcfdfdfc
f9fefbfd
fefdfcfc
fafefcfa
fafcfbfe
f9fafdfb
fdfdfcfd
fafcf9fc
fafcfdf9
fdf80000
00fff9fb
f9fcfbfc
fdf7fafb
fcfbfafa
fafbf9fc
fafbfdf8
f9fcfdfe
fef9fbfb
fdfdfdfc
fcfbfefc
fbfafcfc
fef9fcfe
fbfcfefc
fcfbfcfa
fcfbfcfd
fafcf900
000000fc
fcfbfdfc
fdfdfafb
fcfdfcfb
fcfbfdfb
fcfcfcfd
fafcfcfe
fd00fbfc
fcfefcfd
fdfdfbfe
fdfcfdfc
fdfefcfd
fffcfdfd
fdfdfbfc
fbfcfcfd
fefcfcf8
00000001
f9fdfafa
fdfaf9f8
f9fbfbfd
fcfbfafa
f8fbfbfc
fcf9fbf9
fbfbfaf8
fbfbfafd
fbfafdfa
fdfcf9fa
00fbfffe
fbfcfffe
00fcfefb
fefcfbfb
fcfbfbfe
f9000000
00fbfcfc
fcfcfbfb
fafbfcfc
fdfcfcfc
fbfafcfc
fdfcfbfc
fbfcfcfb
f9fcfcfb
fdfcfbfd
fcfdfefb
fcfffeff
fefcfdfe
ff00fdfe
fdfefdfc
fcfefdfd
fff900ff
0000fbfc
fdfdfdfc
fcfdfcfd
fcfdfdfc
fdfbfbfd
fdfdfcfc
fcfcfcfd
fcfbfdfc
fdfdfdfc
fdfdfdfd
fdfdfdfe
fffefefd
fefffffe
fefefdfd
fdfdfefe
fdfef901
ff00fff7
fcf8fafb
faf8f7f7
fafafcfb
faf9f8f8
fbfaf9fe
f7faf8fb
f9f8f8fb
f9fafcf8
f9fdfafd
fcf8f8ff
fbfffdfa
fcfdfcff
fbfffbfd
fbfaf9fb
faf9fff7
00000201
f9fbfbfc
fcfafbfa
fafbfbfc
fbfbfbfa
f9fbfafc
fdf9fbfa
fcfbfbf9
fafafcfc
fafafdfa
fdfefafb
fefefffd
fdfefdfd
fefcfdfd
fcfcfcfa
fefdfbfe
f7000001
01fbfcfc
fdfcfcfd
fcfcfbfc
fdfcfcfc
fcfbfcfc
fefcfbfc
fbfcfcfe
fbfbfafd
fcfcfcfc
fcfefdfd
fcfdfffe
fefefefd
fefefdfd
fefdfdfe
fdfffefe
fef50000
0001f6fe
f6f8f8f4
f2f1f3f4
f9f6f9f5
f6f5f2f5
f7f6f9f4
f5f9faf6
f8f7faf3
f8fdf6f7
fbfa00f8
f9f4fbf7
fff7f7fa
fbfdfbf8
f7f8f9f5
f9f4fcf4
f3fffa00
000200f7
fef8fbf9
f4f4f4f7
f4f8f7fa
f6f8f9f3
f6f6f9fa
f5f7f8fa
f5fdf7f7
f6fafcf9
f9f8fa00
fafbf7fa
fafdf8fa
fdfbfdfa
f7f9fbf9
f6fdf6fd
f7f6fefc
00000200
f9fff9fc
f9f9f7f9
faf8f9f9
faf9f8fa
f7f9f9fd
faf8fafa
f9f8fff9
f8f7fbfa
fbfbfafa
00fbfdf9
fafdfefc
fcfdfafd
fcfafafc
fafafefa
fff9fbfe
fa000001
00f6fcf8
fafbf7f8
f4f9f6f7
f9fdf8f7
f7f5f9f8
f9faf9fa
f9fbf9f7
f7fcf8fb
fdfafbfd
fbfffbf9
f8fcfcfe
fbfafafd
fefef9fb
fcfcf9fa
f8f9f7f8
fef90000
01fff8fc
fbfbfbf9
fbf7faf8
f7fbfcf9
f9f9f8f9
f9fbfcfa
faf9fafa
f9f8fbfa
fcfdfcfd
fcfc00fd
fcfcfdfe
fdfdfcfb
fcfefffa
fbfefdfb
fcf9fcfa
fbfdf900
0000fffa
fcfcfbfc
fcfdfbfa
fafafcfc
fafbfafa
fcfbfcfc
fbfbfafb
fbfbfafb
fafdfdfd
fdfdfdff
fdfffdfd
fefefefd
fcfdfeff
fcfcfdfc
fcfcfcfe
fcfdfdf8
00000000
f2fbf9f5
f9f4f2f7
f9f1f2f1
f7f3f2f2
f1f4f1f5
fafcf6f2
f6f0f3f7
fcf5f9ff
fcfbfaf7
fefafdf7
f9fefbf8
fbf2f9fb
fdf7f6fb
f7f4f6f2
f7f4f3f6
f7000001
01f7f8fa
f5f7f6f4
fbf7f2f4
f4f8f4f7
f3f5f4f2
f5f8fbf6
f2f6f3f7
fbfaf6fb
fbfbfbf8
f9fbfc00
faf800f8
f9fbf8f7
f9faf6f5
fdf7f4f6
f7f6f5f9
f4fa0000
0301f9f7
f9f6f9f8
f7fcf7f6
f6f7f8f7
f9f5f8f8
f8f8f8fa
f8f7f7f7
f9fbf9f8
fdfbfbfa
fbfafcfb
fefcf800
fafbfbfa
fafafaf9
f8fbf8f8
f8f9f9f8
fbf5fa00
000101f3
fbf8f6fa
f7f5f6f9
f1f3f3f7
f5f4f4f3
f6f3f7fa
f8f6f3f8
f4f4f7fc
f8fbfefd
fafcf9fe
f9fdf8f9
fffcfafc
f4fafcfd
f9f7faf9
f4f6f3f6
f5f7f8f9
000001ff
f7fafaf7
f9f8f8f9
f8f4f4f6
f8f6f7f4
f6f6f4f7
f9f9f7f2
f7f7f7f9
faf9fefc
fcfcfafb
fcfc00fc
f900fafc
fdf9f8fa
fbf8f6fc
faf6f7f7
f9f7faf8
f9000002
fffaf8fa
f8fbfafa
fbf8f7f7
f9f9f8f9
f7f8fafa
fafafafa
f7f8fafa
fafaf9fd
fcfcfcfc
fcfdfc00
fcfafffc
fdfdfbfb
fcfcfaf9
fcfaf9fa
fafbf8fb
f9f80000
01fff0f8
fbf4f9f8
f2eff6f1
eff2f4f6
f1efeff2
f3f2f4f6
f4f2f8f2
f6effafa
fcf900f8
f9f6faf6
f8f6f9f9
f9f700f3
f6f9f9f6
f6f4fbf1
f2eff4f6
faf4fd00
000100f3
f6fdf5f9
f8f3f2f5
f1f1f5f5
f6f3eff0
f3f4f3f4
f6f5f1f9
f3f8f2f8
f7fff700
f6faf9f9
f8f9f8f8
faf8f800
f7f5f8f6
f4f7f7fb
f3f3f1f4
f8fcf5fe
00000200
f8f7fdf8
fafaf8f8
f7f7f7f8
f7f8f7f3
f4f8f7f7
f5f8f8f6
faf8faf7
f8f9fffb
fff8fbfb
fbfbfdfa
f9fdfbfb
00fbf9fb
f8fafaf8
f9f7f8f6
f8f9fff7
f9000001
00f5f9fb
f8faf9f7
f5f6f5f5
f6f6f9f5
f4f4f6f5
f6f7f8f7
f5faf7f6
f6fafbfd
fc00fafd
fbfcf8fc
fafafcfc
fbfdf6f8
fbfdf9fa
fafbf5f5
f4f8f7f9
f8fd0000
00fff9f9
fcf8fafa
faf8f6f7
f8f9f8f8
f7f5f7f7
f8f7f8f8
f8f5f9fa
f9f8fafa
fffcfffc
fcfdfefb
fefdfbfc
fbfdfdfb
f9fbfbf9
fafbfcf8
f8f7f9f8
fafafa00
0001fefb
fafdfafc
fbfbf9f9
fafafbfb
fafaf8f9
fbfafafa
fafbf9fb
fcfbfafb
fbfffe00
fdfdfefe
fefffefc
fefdfdfe
fefcfdfd
fbfcfcfc
fbfbfafb
f9fcfbf7
000000ff
f8fbfbfa
f9fafaf8
f7f7f6f9
f9f9f9fb
f7fbf8fa
fbfbf9f8
fbfaf7f7
fafcfcfc
fafb00fa
fcf9fdfc
fafcfcfe
fbf8fcfc
fef9fbfb
fbf9f7f7
f9f7f9fb
f8000000
00fbfafb
fbfafafd
faf7faf9
fbfafafb
fbf9faf8
fbfbfbf9
f8fbfcfa
faf9fbfd
fcfcfbfd
fcfcfdfe
fefbfdfc
fefdfbfa
fbfefafb
fcfbf9fa
f9fbf9fc
faf70000
0000fcfb
fcfbfbfc
fdfcfafb
fbfcfcfb
fbfbfafc
fcfcfcfc
fcfbfbfd
fdfbfbfb
fdfdfefc
fdfcfdfd
fffdfdfe
fefefdfd
fcfdfdfc
fcfbfdfb
fbfcfdfa
fdfcf500
000000f6
fafbf8f8
f7f7f6f9
f5f5f8f6
fafaf9f7
f7f8f8f8
faf8f6fd
f7f9f5f7
fff9fbfc
fa00f8fa
f7fbf8fb
fcfafcfd
f7fcfafa
f9f9f7fb
f8f6f7f6
f8fbfafc
00000001
f9fafcfa
faf9f9fa
f8f7f7fa
f7fcfcf8
f8f9f8f9
f9fbf9f8
fdfafbf8
f9fdfbfd
fdfafefb
fbfafdfb
fbfefbfd
fefafafb
fbfafbfa
fcf7f8f8
f9fafdf9
f9000000
00fbfbfc
fafcfcfb
fcfafbfa
fbfbfcfc
f9fafbfb
fcfbfbfc
fafdfcfc
fbfbfdfd
fdfefcfd
fdfcfdfe
fcfcfefd
fdfefcfc
fcfcfbfc
fbfcfbfa
fafafcfe
fbf70000
0000f3f5
f8f3f6f2
f2f2f5f1
f3f5f2fa
f7f3f4f2
f6f4f4f6
f7f5fcf3
f5f2f4fe
f4fcfafa
02f7f7f3
f8f6fcf9
f6f8f6f6
fff7f6f6
f9f0f8f6
f2f4f3f8
f7f70000
000000f6
f7f9f7f8
f7f4f6f6
f4f5f7f5
fdf9f6f6
f7f6f7f5
f8f8f8fc
f8f9f4f8
fefafefd
fdfffbfa
f9fbfafa
fbfafafa
fafcf8f9
f8fcf7f9
f4f6f6f6
fafbf6fa
00000000
f9fafbf9
fbfaf7f9
faf9fbfa
f9fbfbf8
f9faf9fb
f9f9fbfa
fdfafdf8
fafdfefd
fefefdfd
fbfdfdfb
fafdfdfc
fdfdfbfb
fbfbfdfa
fbfaf9f9
fafcfbfa
f7010000
00f7f8fa
f8f8f6f5
f9f6f5f5
f6f5f8f8
f9f4f7f8
faf8f9f7
f6fbfaf9
f6f9fbf7
fefcffff
fafcf9fc
fafefafc
fefbf8fc
fbf8f9fa
f6f9f8f7
f5f9f7f9
fbfd0000
ff00f8f9
f9f9f8fa
f8fbf7f8
f8f9f8fa
fafaf7fa
f8fbfafa
f7f7fbfc
fbf9fcfb
fcfdfdfe
fdfcfdfc
00fdfbfc
fdfefdfb
fbfbfbfb
faf9faf7
faf7faf9
fcf9fb00
000000fa
fafbfafb
fbfbfcfa
fbfbfbfa
fbfbfafa
fbfbfbfb
fbfbfafc
fcfdfbfc
fcfefdfe
fefdfdfe
fe00fdfb
fefdfefe
fdfcfcfc
fbfcfbfc
fbfbfafc
fbfcfafb
00000000
f4f3f6ee
f7eff2ee
f4f9f3f5
f5f5f6f1
ecf3f6f4
f2f0f7f6
f7f6fbf3
fbf6f2fc
fdf5faf5
f9f8f4f7
02f5f8f2
f5f5f8f6
f7faf5f0
f9f6f2f5
f3f4f6f4
00000000
00f7f5fa
f2f8f4f4
f3f5faf5
f6f7f8f9
f4f1f7f8
f6f5f6f7
f9fafafd
f7fef7f6
fe00fafd
fafbfcf8
fcfef7fb
f7f9f8fb
fbf9fcf7
f4fdf6f5
f5f6f6fb
f4fc0000
0000fbf8
fdf6fbf8
f7f7fafb
faf9fafa
fcf6f9f9
f9faf7f8
fafafcfb
fef9fdfc
fcfffffd
fcfcfcfd
fefbfafc
fcfbfdfb
fcfcfbfb
fbf9fafa
f9f7fafa
fdf7f800
000000f6
f9f8f4fa
f6f7f4f5
faf9f9f8
f8f7f5f2
f8f8faf8
f5f9f8fa
fbfcf6fc
fbf8fdff
f9fdfbfc
fbf7f901
f9fdfcfa
fafafcfb
fbfbf4fc
f8f6f7f7
f7f8faf9
000000fe
f9f9faf7
fbf8f9f6
f6fbfafa
f9f9f9f7
f7f9fafa
f9f7f9f9
fcfdfef8
fdfafcfd
fffcfefd
fefdfbfc
fefbfdfc
fcfcfbfd
fcfbfbf7
fef9f8f7
f9f8fbfa
f9000000
fffbfafc
f9fbfafa
f9fafcfc
fafbfbfb
f9fafbfb
fbfafafb
fbfcfdfe
fafefcff
fefffefd
fefefdfe
fcfcfdfe
fdfdfdfc
fefdfbfc
fbfcfbfa
f9fcfbfc
fafa0000
0000f8fc
fafafcfa
fcf7f9f9
fafbfbfa
f9fbfafd
fbfcfdfc
fcfcfdfc
fbfafffe
fdfdfdfc
fffcfdfb
fbfbfdfc
fefcfafb
fdfdfdfb
fcfbfdfa
fbf9fafb
fafdf900
000000fa
fbfbfcfc
fafef9fb
fafbfcfb
fbfbfcfc
fcfbfcfd
fcfcfcfe
fefdfcfd
fdfffdfd
fcfefdfd
fdfdfcfe
fdfdfcfc
fcfcfdfd
fbfcfdfd
fbfcfafc
fcfcfcf7
00000000
fcfcfdfc
fdfcfdfc
fcfcfdfd
fcfdfdfd
fdfdfdfd
fefdfdfd
fefefffd
fefdfffe
fefdfefd
fefefefd
fdfefefd
fefefdfd
fefdfdfd
fefdfdfc
fdfdfdfd
f7000000
00f9fbfa
f9fcfafc
f8f9fafa
fcfbfbfb
fafafdfc
fdfefbfd
fcfdfdfb
fafffdfd
fefdfbff
fcfdfcfb
fbfefcfd
fbfafbfd
fefdfcfc
fcfefbfb
f9fbfafb
fdfb0000
0000fafb
fbfbfdfa
fdf8fafb
fbfcfcfc
fcfcfbfd
fcfdfefc
fcfdfeff
fcfbfdfd
fefefefc
fefdfdfd
fdfcfefe
fdfcfbfc
fdfefefc
fcfdfefc
fcfafdfb
fcfdfa00
ff0000fc
fcfdfcfd
fbfcfbfc
fcfdfdfd
fdfcfdfc
fdfdfdff
fcfdfdfe
fefefdfe
fdfffefe
fdfdfdfe
fefefdfd
fefefdfd
fdfdfefe
fdfdfdfd
fdfdfcfe
fdfdfdfa
01ff0001
f9fdf9f9
fcfbf8f8
f9fbfbfd
fbfbfaf9
f7fbfbfb
fbf9fbfa
fbfafaf8
fbfbfafd
fafafcfa
fdfcf9fa
00fa00fd
fbfcfefe
00fcfefb
fefcfafb
fdfcfaff
f9000000
00fbfcfc
fbfdfbfa
fafafcfc
fdfcfcfc
fbf9fbfc
fcfcfbfc
fbfbfbfb
f9fcfbfb
fdfcfbfd
fbfdfefb
fcfffdff
fefdfdfe
fefffcfe
fdfefdfc
fcfefdfc
fff90000
0000fcfd
fdfdfdfc
fcfdfcfc
fcfdfdfc
fdfcfbfd
fdfdfcfc
fcfcfcfc
fcfbfdfb
fdfdfdfc
fdfcfefd
fdfdfdfe
fffefefe
fefffffe
fefefdfd
fdfdfefe
fdfef901
ff00fff7
fbf8fafb
faf6f6f9
f9fbfbfa
faf9f6f7
fbfaf9fd
f8faf9fb
f9f9f7fb
f9fafdf8
f9fcfafc
fcf7f8fe
fbfefcfa
fcfdfcfe
fbfefbfd
fcf9f8fb
fbf9fff8
00000101
f9fbfbfb
fcfbf9f9
fbfafcfb
fafafaf8
f8fbfafb
fcfafafa
fbfafbf8
fbfafcfc
fbf9fcfa
fcfdf9fa
fefdfefc
fdfdfdfd
fdfcfdfd
fcfcfcfb
fcfdfcfe
f9000000
01fbfcfd
fdfcfdfc
fcfcfcfc
fcfbfcfb
fafafcfc
fdfbfbfc
fbfcfcfe
fbfcfafd
fcfcfbfc
fcfefcfc
fcfcfefe
fdfefefd
fdfefdfd
fdfdfdfe
fcfefffe
fef80000
0100f5fc
f3f6f5eb
f0f1f4f2
f8f4f8f3
f4f2f0f2
f4f2f8f6
f6f9f6f3
f4faf5f4
f6fcf6f4
f7fb02f8
f6f4fbf6
fcf3f3f7
fbfaf6f5
f6faf5f3
f7f5faf5
f0fd0000
000000f8
fcf9faf8
f0f1f6f8
f4f8f7fa
f4f6f5f5
f5f6f7f9
f8faf9f7
f3f7fbf6
f6f8faf7
f7f6fb01
fbfbf9fa
f9fbf8f7
f9fcfbf6
f6f9fefa
f8fcf8fa
f7f5fd00
00000000
fbfdfbfb
f9f8f5fa
faf9f9f9
fbf8f8f9
f9f9fafc
f9f9fafa
f9f8fbfb
f9f8fbfb
fbfafafc
00fcfdfc
fafdfdfc
fcfdfcfd
fbfbfafd
fafbfdfb
fef9fbfc
f9000000
00f6fdf7
f9fbf7f8
f3f9f7f8
f9fbf9f7
f7f5faf8
f9f9f9f9
fbf9f9f7
f8fcf8fb
fdfbfafd
fb00fbfa
f8fdfbfc
fcfafafe
fdfffbfa
fdfcf9f9
f8f9f8f7
00fa0000
00fff8fd
fafbfbf9
fbf8faf9
f8fafcf9
f9f9f9f9
f8fafafa
faf9fafb
f9f8fbf9
fdfcfcfc
fcfc00fd
fdfdfcfd
fdfefcfc
fdfdfffb
fafefdfb
fcfbfcfa
fafffa00
0000fffb
fdfcfbfb
fcfcfcfa
fbfafcfc
fafbfaf9
fcfcfcfb
fbfcfbfb
fcfcfafc
fbfefdfd
fdfdfdff
fcfffdfd
fdfefefe
fdfcfeff
fcfcfdfc
fcfcfdfd
fbfcfdf9
000000ff
f2faf6f2
f6eeeff7
f6edf0ee
f3f1f0f2
f3f0eef4
f7fbf6ef
f4f2eff8
f7f3f5fb
f9f6f8f6
fcf702f7
f8fbf7f7
f9f1f9f8
f7f6f2fd
f3f3f3f0
f5f2f1f4
fe000000
02f6f7f8
f4f5f1f0
f9f7eff1
f1f5f2f4
f3f5f1f1
f4f5f9f8
eff4f3f3
f8f6f5f8
f8f9f6f7
f8faf805
faf6fcf6
f8faf5f8
f9f3f4f2
fdf5f2f2
f4f5f3f4
f3020000
0002faf7
f8f6f8f7
f5fcf6f5
f5f6f8f6
f7f5f8f7
f7f8f8f9
f8f6f7f7
f9faf8f7
fcfafbf9
f9fbfcfb
00fcf8fe
f9fcfcfa
fafaf9f9
f6fbf8f8
f8f8faf6
faf6fb00
000002f3
f9f7f4f9
f2f3f6f5
eff0f0f3
f3f4f3f4
f1f1f6f7
f9f6f1f6
f6f1f7f9
f8f8fbfc
f5fbf9fc
f9fff8f8
fefaf9f9
f2f8fafa
f9f4fbf7
f4f4f1f5
f3f5f7fe
000000fe
f8f7f8f6
f7f4f4f8
f4f2f0f4
f6f4f6f3
f7f1f3f6
f7f9f8f0
f5f8f3f7
f7f8fbfa
faf6f9fc
fbfa01fc
f7fff8fc
faf5f8f9
f7f7f4fc
f8f5f3f5
f7f4f7f7
00000000
fefbf8f9
f7f9f8f7
fbf6f7f6
f8f8f7f8
f6f7f8f8
f8f9f9f9
f6f7faf8
fbf9f9fc
fbfcfafa
fcfdfb00
fdf9fefa
fdfcfafb
fbfaf9f8
fbf9f9f8
fafbf6fa
f8fb0000
00fef0f6
faf2f7f3
f0e9f2ef
edeef0f5
f0edebed
f0f1f1f3
f0f1f7f1
f7eef5fa
faf501f2
f8f6f8f4
f6f4f6f6
f5f501f3
f2f6f7f5
f2f1fbee
f0edf1f2
faf20000
00ff00f3
f5fdf4f7
f5f0eff1
efeef2f2
f4f2efec
eef2f2f2
f4f3eff8
f2f9f0f4
f6fbf500
f2f9f8f9
f4f8f6f5
f8f5f703
f7f4f7f2
f3f5f3fb
f1f1eef2
f3fbf502
00000001
f7f8fef8
f9f9f5f6
f6f6f6f7
f6f7f6f1
f2f6f6f5
f5f7f7f5
faf8faf6
f8fafdfa
fff6f9fa
faf9fdf9
f8fbf9fa
00fcf8f9
f6f8f8f6
f8f6f8f5
f6f8fff6
fa010000
01f5f9fb
f8faf7f7
f3f5f4f5
f5f6f7f5
f4f3f5f5
f7f7f7f6
f6faf8f7
f6f9fbfc
fb00f9fd
fcfdf8fb
fbf9fbfb
fcfef7f8
fcfcf9f7
f8fcf4f6
f3f7f6f7
f9fb0000
00fff9f9
fcf9faf9
faf8f6f7
f7f9f7f7
f6f5f6f5
f7f8f7f7
f8f4f9fa
f9f8f9fa
fffbfffb
fcfefefa
fefdfafc
fafefffb
f8fbfbf9
f8fafcf7
f9f6f8f8
fafbfa00
0000fefb
fafdfafb
fbfbf9f8
fafafafb
faf9f8f8
fafafafa
f9fbf9fb
fbfbfafb
fbfefdff
fcfdfefe
fd00fdfc
fefdfeff
fefbfdfc
fbfbfbfc
fbfbfafb
f9fcfbf8
000000ff
f8fbfbfa
fbf9faf8
f7f7f6fa
f9faf9fa
f8f9f9fb
fafbf9f8
fbfbf7f9
f9fbfbfb
fbfa00fc
fcf9fdfc
fafcfbff
fcf9fcfc
fef9fafa
fcfaf7f7
f9f8f8fc
f7000000
00fcfafb
fcfbfafd
fbf7f9f9
fbfafafb
fbfafaf9
fbfafcfa
f8fbfdfa
faf9fbfd
fcfdfbfe
fdfcfcff
fefbfdfb
fffefcfb
fbfefbfb
fcfcfafa
f9fbfafb
fbf60000
0000fcfb
fdfcfcfc
fdfdfafc
fcfcfcfb
fbfbfafc
fcfcfcfc
fcfbfcfd
fdfcfbfb
fdfefefc
fdfdfdfd
fffefdff
fefffefe
fdfdfefc
fdfcfdfc
fbfcfdfb
fdfcf400
000000f7
fbfcf7f9
f7f7f7f7
f5f7f8f7
fafaf9f7
f6f7f9f9
faf8f6fe
f7f9f6f7
fef9fbfc
f901f9fb
f8fafafb
fdfbfbfc
f8fbfcfb
f9faf6fb
f9f7f7f8
f9fafaf9
0000fe02
f9fafcf9
f9fafafa
f7f7f9f9
f8fcfcf8
f7f8f8f9
fafaf9f7
fef9faf8
f8fdf9fc
fefafefc
fbfafdfb
fafefcfc
fefafafa
fbf9fbf9
fbf8f8f7
f9fbfcf8
f8000000
01fafbfc
fbfcfdfa
fcfafafb
fbfafbfc
f9f9fbfb
fbfbfbfc
fbfefbfc
fbfbfefc
fdfefbfd
fefbfdfe
fcfcfffd
fdfffdfb
fcfcfcfc
fafcfbfa
fafafdfd
faf60000
0000f6f8
fbf6f7f4
f3f5f5f5
f5f7f4fa
f8f7f1f5
f7f7f7f7
f6f7fef6
f9f5f5fd
f7fdfdfb
01f9fbf7
f9f7fef9
faf9f9f9
fdfaf9f8
fcf2f9f6
f5f5f6fa
f6f9fd00
00fe00f8
f9fbf9f8
f7f6f9f7
f7f7f8f7
fdfaf9f5
f8f7f8f8
f8f8f9fe
f9fbf6f8
fdfafeff
fdfffdfd
fbfdfafb
fbfcfbfc
fbfbfafb
f9fdf8fa
f6f7f6f8
fbfaf7fb
00000000
fafbfcfb
fbfaf9fa
fafbfbfa
f9fbfcf9
f8fbfafb
fafafbfb
fefbfdfa
fbfefefe
fffdfdfd
fcfefefc
fbfdfefc
fefdfcfc
fcfcfefa
fcfafafa
fbfcfbfa
f8000000
00f6f9fb
f6f9f6f7
f6f6f6f6
f8f6fbf8
f8f2f6f8
faf8f9f8
f8fdf9f9
f7f8fcf9
fcfefd01
fafdf9fc
f9fff9fb
fdfcf8fc
fbfbfaf9
f5faf8f6
f6f9faf8
fbfb0000
ff00f9fa
fbf8f9f9
f9faf7f8
f8f9f8fc
faf9f6f8
f7faf9fa
f8f8fdfb
fcfafafc
fcfdfefd
00fdfefc
fefcfcfb
fdfdfefb
fbfafcfa
fbf9fbf7
faf7fafc
fbfaf900
000000fa
fbfcfafc
fbfafbfa
fbfbfbfa
fcfbf9f9
fbfbfbfa
fbfbfafe
fbfefbfc
fdfefefe
fcfefefd
fefffdfc
fefefdff
fefcfcfc
fcfdfafd
fbfafafb
fcfcfaf9
00000000
f6f6f6f0
f9f2f1ef
f3f6f5f5
f6f6f7f1
edf4f7f5
f2f0f6f7
f9f8f9f3
f9f8f5fe
fcf8fbf5
f9f8f5f7
01f5f9f3
f4f6f9f7
f8fbf6f2
f9f8f3f6
f4f5f6f5
ff0000ff
00f9f6f9
f2f9f6f4
f4f5f9f6
f6f8f9fa
f4f3f8f8
f7f5f4f7
f9fbfbfc
f7fcf6f9
fffefcfd
fafbfcf9
fcfdf7fb
f7f8f8fb
faf9fbf8
f7fcf7f6
f6f6f7fa
f5fa0000
0000fbf9
fcf6fbf8
f8f7f9fb
faf9faf9
fcf6f9f9
f9faf8f7
fafafcfc
fefafdfa
fdfffefe
fcfcfcfd
fefcfafb
fcfbfcfc
fcfcfbfb
fbfafaf9
f9f9fafa
fbf7f700
000000f6
fbf8f5fa
f6f7f4f5
f9f9faf8
f8f7f7f3
f8f9fbf9
f6f9f8fa
fcfaf7fc
fbf9fdfe
f9fefcfe
fcf9fa00
f9fdfdfa
f9fafcfb
fcfbf6fd
f9f6f6f8
f7f7fbf7
000000fe
f9f9faf7
fbf8faf7
f7fbfafb
faf9f9f8
f8f9fafb
f9f8faf9
fbfefcf9
fcfbfdfd
fefbfefe
fefefcfe
fefcfcfd
fcfcfbfc
fcfbfbf9
fefaf8f7
faf9fafa
f6000000
fefafafc
f9fbfafa
f9fafcfc
fafbfbfb
f9fafbfb
fcfafafb
fbfcfdfe
fbfdfcff
fefffdfd
fefffefe
fdfcfdfe
fefdfdfc
fdfdfcfc
fbfcfbfb
fafcfafb
fbf80100
0000f8fc
fafafcf9
fbf7f9f9
fafbfbfa
f9fbf9fb
fbfcfdfc
fcfcfdfc
fafbfdfd
fdfdfdfb
fefcfdfb
fbfbfdfb
fcfcfafa
fdfdfcfa
fbfbfcfa
fbf8fbfa
f9fdf900
000000fa
fbfbfcfc
f9fdf9fb
fafbfcfb
fbfbfdfc
fcfbfcfd
fcfcfcfd
fefcfcfc
fdfffdfd
fcfefdfd
fdfdfcfd
fdfdfdfd
fcfcfdfc
fbfcfdfd
fbfcfafc
fcfbfcf7
00000000
fcfbfdfc
fcfcfdfc
fbfcfdfd
fcfdfcfd
fdfdfdfe
fefcfdfd
fdfefffd
fdfdfffe
fefdfefd
fefefefd
fdfefefd
fdfdfdfd
fefdfdfd
fdfdfdfc
fdfdfdfc
f7000000
00f9fcfa
fafdfafb
f8f9fafa
fcfcfcfb
fbf9fcfc
fdfefbfd
fcfefdfb
fbfefdfe
fefefcff
fbfdfdfb
fafefdfd
fcfbfbfd
fefdfcfc
fbfefbfb
f9fcfafa
fefa00ff
0000fafc
fbfbfdfa
fcf9fafb
fbfcfcfc
fcfdfbfd
fcfdfffc
fdfdfefe
fdfcfdfd
fffefefd
fefdfefe
fdfcfefe
fdfcfcfc
fdfefdfc
fcfdfefc
fcfafdfb
fcfdfa00
ff0000fb
fcfdfcfc
fbfcfbfc
fcfcfdfd
fdfcfdfc
fdfdfefe
fcfdfdfe
fdfefdfe
fdfffefe
fefdfdff
fdfefdfd
fefefdfd
fdfdfefe
fdfdfdfd
fdfdfcfe
fdfdfdfa
01ff0001
f6fdfaf9
fcf9f6f6
f7f8f9f9
f9f8f8f6
f5f7f9f8
f9f9faf7
faf7f8f5
fafbfafb
fbf9fcfb
fefafaf9
fefdfffc
fef9fcfe
fefafcf9
fef9f7f6
faf9fafe
fa000001
01f9fdfd
fafcfbf9
f9f8f9fa
fbf9faf9
f7f7f9fa
faf9fafa
f8fbf8fa
f7fafbfd
fbfdfafb
fcfefdfb
fbfdffff
fdfffcfb
fdfdfbfd
fcfdfafa
f9fcfcfc
fefa0000
0101fbfd
fdfcfcfc
fcfcfbfb
fafcfbfb
faf9fafc
fcfcfafb
fbfafbfb
fbfafbfb
fefdfefc
fdfdfefd
fefefdff
fefefffe
fdfefefd
fdfdfdfc
fcfcfdfc
fefdfa01
000100f5
fdfaf7f8
f9f4f4f7
f6f8f7f8
f7f7f4f4
f7f9f7f8
f8f8f8f9
f6f9f4f9
f9fafbfa
f7fbf9fd
f8f8f7fc
fc00fbfd
f8fafcfd
f8f9f8fb
f9f9f5fb
f6f9fffc
00000100
f7fcfcf9
fafbf7f7
f9f7f9f8
f8f8f8f4
f5f8f8f8
f8f9f8f7
faf7fcf4
f9f9fcfa
fcf9fafb
fdfbfaf9
fbfdfffa
fffaf9fc
fcf9fafa
fcf8fcf8
fbf9fcfd
fc000001
00fbfdfd
fbfbfcfb
fbfbfafa
fbf9faf9
f7f8fbfa
fcf8fbfa
f9fbfafe
f9fafafd
fbfdfafc
fcfefcfd
fcfcfffe
fdfffdfc
fdfdfcfc
fbfcfbfd
fbfdfbff
fdfa0000
0100f7fd
f9f8f6f1
f3f1f5f5
f6f6faf4
f4f1f1f3
f6f2f5f7
f8f7f4f7
f3f9f4f9
f8fbf7f7
f9fffefb
f9f8fcf6
fdfaf9f9
fcfbfaf6
f8fcf8f7
f5f8f9f4
f3fdfe00
000000fb
fbfbfaf8
f5f4f7f8
f7f8f8fb
f5f6f3f5
f5f8f6f7
f9faf6f5
f7f6fbf6
f7faf8f9
f9f8ffff
fcfcfdfa
fafbfdfa
fcfcfaf8
f7f9fefa
f9f9fafa
f7f6fcfd
00000000
fdfbfcfa
fafaf8fb
fafaf9fa
fbf9f8f7
f8fafafa
f9fbfbf9
f8fafafa
f9f9fcfa
fcfafcff
fefdfeff
fbfdfcfe
fcfefcfd
fcfcfafc
fbfbfbfb
fcf9fbfc
fa000000
00f6fbf9
f8f9f8f7
f4f6f6f6
f8f9f6f8
f4f3f7f7
f7f8f8f8
f6f8f9f5
f6f9fbf8
fbf8fafd
fffefbf9
fafcf9fd
fefcf9fd
fcfffafa
fbfbf9f5
f7f9f6f7
fdfa0000
00fffafa
fafafaf9
faf8f8f8
f8f9f9f8
f9f6f6f7
f7f9f8f8
f8f6f9fa
f9f8f8f9
fcfbfbfb
fcfffefd
fcfefbfc
fdfefdfd
fafafdfb
fafdfbf9
f9fafbfa
fafcfa00
000000fd
fbfcfbfb
fcfbfbf9
fbfafbfa
fafaf8f8
fbfafbf9
fafbfaf9
fcfcf9fa
fafdfcfd
fcfdfefe
fdfefefc
fdfefefd
fffcfdfd
fcfcfcfc
fbfbfcfc
fbfcfcfa
00000000
f7f9f7f8
f7f7f8f6
f8f4f6f3
f7f5f5f6
f7f4f4f8
f7f7f8f5
f9f8f6fa
faf8fafc
fafafbfb
fdfb00fc
fafbfbfa
f9f9fafb
faf9f6fc
f6f6f8f5
f8f6f5f8
fb0000ff
01fbf9f8
f8f7f9f9
f7f8f6f7
f6f7f6f6
f8f9f6f5
f8f7f7f9
f6f8fafa
fcf8f8fd
fafbfaf9
fdfcfc00
fcf9fbfb
fbfcfdf9
faf8f9f7
fbf8f6f9
f8f8f8f7
f9fb0000
fe01fbfa
fafafbfb
faf9faf9
faf9faf9
f9f9f9fa
fafafaf9
fafafbfa
fefcfafa
fefcfdfb
fbfcfdfe
fffdfbfd
fcfdfdff
fbfbfbfc
fafbfbfa
fcfbfbfa
fbfaf800
00ff00f7
f9f7faf9
f7f9f6f9
f5f7f4f7
f5f7f5f8
f4f5faf9
f7faf6f9
f9f7f9fa
fcfcfbfc
fafcfcfe
fcfcfdfa
fdfefcfb
f8fafbfb
fbf7fbf9
f7f8f6f7
f7f7f9fb
0000ff00
fcf9f9f9
f8fafbf8
f7f7f8f7
f7f7f8f6
fbf5f7fa
f9f8f9f5
f8fcfafb
f9fbfdfb
fcfbfaff
fdfdfefe
fafdfcfe
fcfbf9f9
fafaf8fa
f9f7f8fa
f8f9f9fa
f80000ff
fffcfafb
f9fcfbfa
faf9f9f9
fafafaf9
f8fafbfa
fafbf9fb
fafafcfc
fcfafbfd
fcfcfcfc
fdfdfdfe
fefcfefc
fefdfefc
fbfbfcfa
fbfbfafa
fcfbfafb
faf80000
0000f4f9
f8f7f8f7
f8f1faf3
f6f2f5f5
f5f3f2f3
f3f7f8f4
f6f6fcf7
fbf5fafd
fafb00f9
faf8fdf7
f8f8f9f8
fdf8fff7
f8fafcf8
f6f4faf3
f7f3f6f7
f9f7f700
00ff00f8
f8fbf7f8
faf9f4f6
f3f6f5f4
f6f6f4f5
f4f4f6f7
f5f6f3fa
f8fef8f8
fbfcf900
f8f9fbfd
f9fbf8f8
faf9fa00
fbf5f7f8
f8f6f6f9
f4f7f5f6
fafcf8f6
0000ff00
f9f8fcf8
fcfcf9f7
f9f7f9f9
f8f9f9f6
f7f9f8f8
faf8f9f8
fcfafdfa
fafbfdfc
fefafbfb
fbfbfdfa
fafcfbfb
fefdfafa
f9fbf9f8
f9f9faf8
f8fbfef7
f7000000
00f7fbf9
faf9fafb
f7f9f6f7
f6f7f7f7
f6f6f7f5
fafaf7f7
f8fdfafa
f9fbfdfe
fcfefcfc
fafefafc
fbfafcfd
fbfef8f9
fbfcf9f9
f9faf6f9
f6f8faf9
fafa0000
0000fbfa
fafafafa
fcf8f9f7
f9f8f7f8
f8f7f9f8
f7f9f9f8
f8f7fbfc
fdfbfafb
fefcfffc
fcfdfefc
fdfcfbfd
fcfdfefc
f9fafbfa
f9fafaf7
f9f9f9fc
fbfbf800
000000fb
fafcfbfc
fbfbf9fa
f9fbfbfb
fbfafafa
fbfbfbfc
fafbfbfc
fcfefcfc
fcfffefe
fdfdfdfe
fefefcfc
fefefdfe
fefcfcfc
fcfcfcfc
fbfcfbfb
fbfdfaf7
00000100
f8faf8fa
f9f8fbf6
f7f6f8f7
f7f9f8f9
f7f9f7fb
faf8f9f9
fcfcf9fb
fbfefffe
fcfefefb
fffbfcfd
fafbfcfa
faf8faf9
fcfaf8fa
f9f7faf7
f8faf8fb
f8000000
00fbf9f9
fbfaf9fc
f9f8f8f9
f9f8f9fa
fbfafaf8
fafafaf9
f9fbfefc
fdfbfc00
fefdfdfc
fdfefdfe
fdfbfbfc
fbfcfbfa
f9fbfbf9
fbfbf8fa
f9fbfbfa
fbf60000
0000fbfa
fbfbfcfb
fcfafafa
fbfbfbfb
fbfcfbfc
fcfcfcfb
fcfbfcfd
fffdfcfc
fffefefd
fdfdfefe
fefdfcfe
fdfdfdfd
fcfcfcfc
fbfbfcfb
fbfcfdfb
fcfbf300
000000f7
fbf8f7f7
f7fbf5f9
f5f9f5f6
f8faf8f5
f7f5fafa
faf9f7ff
f9fbfcfa
fffbfffd
fbfffaff
fbfafafb
fcfbf7fb
f7fafafa
fbf7f6f7
f6faf6f9
faf9faf9
00000001
fafaf9f8
f8fafcf8
f7f6f9f7
f6fafbf8
f8f8f6f9
fbfaf9f7
fdfbfdff
fafefbfe
fdfcfdfc
fefcfefb
fafcfcf9
fcfaf9f8
fbfbf8f8
f9f6faf8
fafbfcfa
f7000000
01fbfafb
f9fcfcfa
f9faf9fa
faf9fbfc
f9fafafb
fbfdfbfb
fafdfcff
fefcfefd
fefefcfd
fdfcfdff
fcfbfdfc
fbfefcfb
fbfbfbfa
fafcfafa
fafbfcfd
faf50000
0000f7fa
f9f8f9f8
f9f6f7f7
f9f6f7fa
fafaf6f8
f7fafcfa
fafbfffc
fbfcfbff
fdfffefd
00fbfefc
faf9fcfb
fcf9faf9
fcf9f9fb
faf5f9f7
f9f9f8fc
f8fcf900
000000f9
f9f9f9f9
fafbf8f7
f8f9f8f7
fbfbf9f9
f9f8f9fb
fbfafbfd
fefefdfb
fffefffe
fefffdfc
fdfdfbfb
fbfcfafb
fbfaf7fb
fbfaf8fa
f7fafafa
fcfafbfa
00000000
fafafbfa
fcfbfbf9
fafafbfb
fafcfcfa
fbfbfbfb
fcfcfcfc
fefe00fe
fdfffffe
fdfdfdfe
fcfefdfd
fcfdfcfc
fefcfcfb
fbfcfcfa
fcfbfafb
fcfdfcfa
f7000000
00f6f8f9
f6f9f7f7
f4f8f7f9
f6f6fbf8
f9f3f7f7
fafcfbf9
fafffbfb
f9fbfefb
fffcfe00
f9fdfaf8
f8fcfafc
f8f8f7fb
f7fcfbf7
f4f8f6f8
f8f9fcf7
faf90000
ff00f8f8
f9f8f8fb
f9f7f7f8
f8f7f6fc
fbf9f6f8
f7f9fafa
f9fafefc
fffbfbff
fefefcfe
fefafcfc
fcfbfafa
fcf9fbf9
f9f5fbfa
f9f6f9f5
f9faf9fd
fafaf900
000000f9
fafbf9fc
fcfaf8f9
fafafaf9
fbfcf9f9
fbfbfafb
fbfbfbfe
fd00fdfc
fffffefd
fcfdfcfb
fdfcfcfb
fcfcfbfd
fcfbf9fa
fbfbf9fb
faf9fbfb
fefcf9f8
00000000
f9f7f6f4
fbf3f4f2
f7f7f7f4
f6f9f9f7
f1f6f6f9
faf8f8fc
fcfcfdfd
fafcfaff
fafcfff9
fafcf5f8
fcf8fcf5
f6f8fbf6
f8fcf7f6
faf7f5fb
f9f9f7fa
fa0000fe
00fbf8f7
f6faf6f6
f5f7f7f7
f5f6fafb
f8f5f6f6
f9faf8f8
fbfafd00
fefafafc
fffafdfe
fafafdf9
faf9f9fc
f8f8f8fb
f7f6faf9
f7f8f5f8
fcfbfaf9
fafd0000
ff00fbfb
faf8fbf9
f8f8f9f9
f9f9f9fa
fcf9fafa
fafafbfa
fbfcfcfd
01fefbfd
fdfdfbfd
fcfcfbfd
fcfcf9fb
fbfafcfc
fbf9f8fb
faf9fbfa
f9fcfcfc
faf9f900
000000f7
f9f6f7fc
f8f8f5f8
f8f8f7f7
f8f9f9f7
f9f8fcfc
fbfbfafc
fefbfefe
fdfdfefc
fbfffcfb
fef9fafb
fdfcfaf8
f9fbf8fa
fcf9fafb
f8f8f9fa
f9fafcfa
00000000
f9f8f7f9
fbf9fbf7
f8f8f8f8
f7f9fafa
faf9f8fb
fbfbfbfa
fbffffff
fcfdfffd
fcfcfefc
fbfefcfc
fbfdfbfb
fafafcf8
f9fbf9fa
faf9fafb
fcfafcfc
f9000000
fffbfafa
fafbfafc
f9fafafa
fbfafbfb
fafbfbfc
fcfcfcfc
fcfdfe00
fffdfdff
fdfdfcfd
fdfcfdfd
fdfbfdfd
fcfdfcfc
fbfafbfa
fbfcfbfb
fcfdfcfc
fbfa0000
00fffbf9
f8f8faf9
fbf9f8f8
f8f8f7f9
fafafafa
f9fcfcfd
fbf9fbfd
fafefcfc
fcfbf9fb
fcfaf9fc
fafbf8fb
fbfcf9fa
fbf8fcfa
f9fbfafa
fbfcfefb
fdfffa00
000000fc
f8f8fbfa
f9fdfaf9
f9f9faf8
fafbfcfb
fbf9fcfc
fcfbf9fb
fefdfefa
fbfdfaf9
fafbfaf9
fcfbfdfa
fcfbfcfb
fbfbf9fa
fafafcfa
fbfcfdfe
fcfdfdfa
00000000
fcfafbfb
fcfbfdfc
fafafbfc
fbfcfcfd
fcfdfdfd
fdfdfdfc
fcfe00fe
fcfcfcfb
fbfbfcfc
fcfdfcfd
fbfdfdfc
fdfdfcfb
fbfcfbfc
fdfcfdfe
fffefefd
f8000000
00fbfbf9
f8fbfafc
f8f8f9f8
fafafbfc
fcfafbfb
fdfdfcfc
fafcfefc
fdfdfefd
fcfbfcfd
faf9fdfa
fbf9fcfb
fcfafafc
fafdfbfb
fbfcfafc
fdfdfcfe
fffb0000
0000fcfa
f9fafcfa
fef9f9fa
f9fbfafb
fcfcfbfc
fbfdfdfc
fcfbfcff
fefefbfd
fdfcfbfc
fcfafafd
fafcfbfc
fbfcfbfb
fcfbfcfb
fbfcfcfc
fcfdfffc
fefdfa00
000000fc
fbfbfbfc
fbfdfbfb
fbfbfcfb
fcfcfdfc
fdfdfdfd
fdfdfcfd
fefffefc
fdfcfcfc
fcfcfcfc
fdfcfdfc
fdfdfcfd
fcfcfcfc
fdfcfcfd
fdfdfeff
fefefdfb
01ff0001
f5fdfbf9
faf7f4f5
f4f6f7f7
f7f7f7f6
f6f5f8f7
f9f8f9f7
fbf6f7f5
f8f9f9f9
fbf6fcfa
fdf8f8f8
fdfffffb
fef8fafc
fcf8fcf9
fcf8f7f5
f9f8fafd
f9000001
02f7fcfd
fafbf9f7
f9f8f7f8
f9f8f9f8
f6f7f7f8
f8f9f9f9
f6fcf6f9
f5f8fafc
fbfcf7fb
fbfdfafb
fbfb00fe
fc00f9fa
fcfaf9fc
fbfcf9f9
f8fbfafc
fcfc0000
0002fafd
fdfbfbfc
fafcfbfa
fafbfafb
faf8f9fb
fbfbfafb
fbf9fcfa
fbfafafb
fdfcfdfb
fcfdfdfd
fefdfc00
fefdfffd
fcfdfdfc
fdfcfcfb
fbfcfcfc
fefcfc01
000000f5
fbf9f8f9
f6f1f6f4
f4f7f5f5
f5f8f6f6
f5f7f6f7
f6f6f7fa
f5f6f4f7
f7f7f8fa
f7fcf9fb
f6f8f7fc
ff01f9fa
f6fafafa
f6faf7fa
f7f8f5f7
f6f8fdff
00000100
f7fbfbfb
f9faf5f9
f8f7f8f8
f7f8f7f5
f7f8f8f8
f9f7f7f6
faf7f8f4
f9f9fafb
fbf9fafa
fdf9fbfb
fb0100fb
fef8fbfb
fbf9fbfa
faf9fbf9
faf9fbfc
fe000000
00fafcfc
fbfbfcfb
fcfbf9fa
fbfafbfa
f8f9fbfb
fcfafbfa
f9fbfafb
f9fbfafc
fbfcfbfc
fcfefdfe
fdfc00ff
fdfffcfc
fdfefcfd
fcfcfcfb
fcfdfbfd
fcfb0000
0000f6fb
fbf7f8f6
f6f3f6f6
f5f8f9f4
f8f3f6f4
f9f5f6fa
f8f6f4f8
f5f7f6fb
f8fcfafa
fcfffcfa
f8fcfdfc
fe00faf7
fcfbfdf9
fafafbfa
f4f9f9f3
f7fdff00
000100f9
fbfbf8f9
fbf7f8f7
f8f8faf9
f7f8f4f9
f6fbf8f8
f9f9f6f6
faf7f9f7
fafafbf9
fcfc00fc
fcfafffc
fdfd00fb
fbfcfafc
fafbfbfb
fbf7fcfa
f6fbfcfd
00000000
fcfcfdf9
fcfbfafb
fafbfafb
fbfafaf7
fbfbfafb
fafcfcfa
f9fcfaf9
f9fcfcfc
fdfefd00
fdfefe00
fcfefd00
fcfefdfd
fdfdfdfc
fcfcfafd
fbf9fcfd
fb000000
00f5fcfb
f7f9f7f7
f5f6f7f5
f9f9f5f9
f5f7f5f8
f7f7faf9
f6f6f8f4
f7f7fbf7
fcfaf9fc
fffefbf8
fdfdfcfd
00fbf7fc
fdfefafa
f9fbfaf6
f9faf5f7
fdfd0000
01fff9fb
fbf9f9fa
f9f9f7f9
f8faf9f8
f9f5f9f6
f9f8f8fa
f9f6f7fa
f7f9f8fa
fafbfafa
fc00fcfc
fc00fcfd
fc00fcfb
fbfafdfb
fafbfbfa
f8fcfbf8
fafcfb00
000000fc
fbfdfafc
fbfafbfa
fbfafbfb
fafaf8fa
fbfbfbfa
fcfbfaf9
fcfafafa
fbfcfcfd
fcfd00fd
fefefffc
fefd00fd
fefdfdfd
fdfcfcfc
fcfbfdfb
f9fdfcfb
00000000
f6f8f7fa
f9fbfaf6
f6f6f8f4
f7f6f5f6
f8f9f5f8
faf5f7f8
faf9f7f8
fdf9fdfc
fbfcfcfc
fefcfbfc
fbfdfdfb
f9fbfafb
fcfbfafa
f8f6f9f6
f8f8f8f9
f8000000
00f9f7f7
faf8fbfb
f6f7f6f8
f7f8f7f7
f8f9f7f5
f8f9f6f7
f7f8fbfb
faf9f9ff
fafcfbfa
fcfdfdfc
fcfafcfd
fcfcfef9
f9fbfaf9
faf8f7fa
faf8faf9
f9fa0000
0000fafa
fafbfbfb
fbf8f9f9
fafafafa
f9f9f9fa
fafafbf8
fbfafafa
fefafafa
fffcfdfc
fcfbfefd
fdfdfbfc
fdfcfcff
fbfbfbfb
fbfbfbfa
fcfcfbfb
fafaf800
0000fff7
faf8f8fa
fafaf8f9
f7f8f5f7
f6f6f5f8
f7f5f9fa
f6f8f7fb
faf7f9fd
fbfefcfc
fbfdfdff
fefcfcfb
fefefafa
fafbfbfb
fcfafcfa
f7f8f7f8
f8f8faf9
00000000
fbf9f9f9
f9fbfdf8
f8f7f8f7
f8f7f8f6
f9f7f6f9
f9f7f8f6
f9fcfbfc
fafafffb
fcfbfbfd
fdfefdfd
fafdfcfc
fdfdf9fa
fbfaf9fa
f9f7f9fa
f9fbf9fa
f8000000
00fbfafa
f9fcfbfc
f9fafafa
fafbfaf9
f8f9fbfb
fbfbf9fb
fafbfbfe
fcfafafe
fcfdfcfc
fdfdfefe
fdfbfdfd
fdfdfffb
fcfcfcfb
fcfcfbfb
fcfbfbfb
fbf70000
0000f5fa
f7f7fafa
fbf5f7f4
f7f4f4f6
f7f4f5f7
f3f9f8f6
f6f5fdf8
f8f8fdfb
fbfbfffa
fbf9fdf9
faf8fafa
fcf8fcf8
f7fafcf9
f8f7f8f4
f9f4f7f9
faf9f800
0000fff8
f9f9f8f9
f9fdf6f6
f5f8f6f5
f7f8f6f6
f7f4f8f8
f6f7f5fa
fbfbfbfb
fafcfafe
fafafbfd
fafdf9f9
fcfbfafe
fcf7f9fb
f9f8f8f9
f5f9f6f8
f9fafaf9
00000000
fafafafa
fcfbfcf8
f9f9fafa
f9fafaf8
f9fafafa
fcf8faf9
fcfbfffb
fbfbfdfd
fefcfcfb
fdfcfffb
fbfdfcfc
fdfefbfc
fbfbfbfb
fbfafcfa
fafbfcf9
f6000000
00f7fbf8
f9faf9fb
f7f7f6f8
f6f6f6f7
f7f6f7f4
faf9f7f7
f8fdfaf9
fafcfcfe
fcfefbfc
fbfffafc
fafafcfd
fafbf9f9
fbfcf8f8
f9f9f6fa
f5f9f9f8
fbf90000
0000fbfa
f9fafaf9
fdf8f7f7
f9f8f7f8
f8f9f8f8
f6faf9f8
f8f7fbfd
fcfcfafb
fffcfefc
fcfcfefc
fefcfbfd
fcfcfdfd
f9fafcf9
f9fafaf7
faf8fafa
fafbf800
000100fb
fafbfbfc
fbfcf9fa
f9fbfbfa
fbfafafa
fbfbfbfc
fafbfbfc
fcfffcfc
fbfefefe
fdfdfcfe
fefffdfc
fefefdfd
fefbfcfd
fcfcfcfc
fbfcfcfc
fbfcfbf6
00000000
f8faf8f9
f8f9fbf6
f7f7f8f7
f7f9f8fa
f7f8f6fb
faf9f8f9
fdfcfafb
fbfefffe
fdfdfdfb
fffbfcfc
fafcfcfa
f9f9fafa
fafaf9f9
f9f6faf7
f9f9f8fb
f8000000
00fbf9f9
faf9fafe
f8f8f8f9
f9f8f9f9
fbfafaf8
fafaf9f9
f9fbfefd
fdfbfc00
fdfdfdfc
fcfefdfe
fdfbfbfc
fbfcfbfa
fafbfafa
fafbf8fb
fafbfbfb
fbf70000
0000fbfa
fbfbfcfb
fdf9fafb
fbfbfbfb
fbfbfbfc
fcfcfcfa
fcfbfcfd
fffdfcfc
fffefefd
fdfdfefe
fefdfcfd
fdfdfdfd
fcfcfdfc
fcfbfcfb
fcfcfcfb
fcfbf300
000000f9
faf8f8f9
fafcf8f7
f6f8f7f7
fafaf6f8
f8f6fcfb
fbf8f9fd
fbf9fcfd
fffdfffc
fdfffcff
fbfcfbfb
fdfcf9f9
f8fafafa
fbfafbf9
f7f8f8f9
faf9fbf7
00000001
fbfbf8f9
f9fafdf7
f8f7f9f8
f7fafaf8
faf9f7fb
fbfaf8f9
fbfefcfe
fbfdfefe
fcfdfcfd
fefcfffc
fbfcfbfa
fafbfbf9
fbfafafc
f9f8f9fa
fafbfbfb
f8000000
00fcfbfa
fbfcfbfc
f9fafafb
fbfafbfb
fbfbfbfc
fdfdfbfc
fbfdfdfe
fdfcfcff
fefefefd
fdfefefe
fdfcfdfd
fdfdfdfc
fcfcfcfc
fcfcfbfb
fbfcfbfc
fbf60100
0000f8fa
f9f8fafa
f9f6f7f8
f8f9f8fa
f9f8f8f9
f9fcfcfd
fbfafefe
fafcfeff
fefffcfe
fffefefd
faf9fbfe
fcfaf8f9
fbf9fbfa
faf8faf8
f9f9f9fa
f9fcf800
000000fa
faf9f9fa
fafcf7f7
f9fafaf8
fafbf9f9
faf9fafc
fcfbfbfb
00fffdfc
fefffffc
fefefefc
fefcfcfc
fdfcfbfa
fbfaf8fb
fafbf9fb
f9fafbfb
fbfbfbfa
00000000
fbfbfbfa
fbfafcf9
fafafafc
fbfcfcfa
fbfcfcfc
fcfdfdfc
fcff00fe
fcfdfffe
fdfdfdfe
fdfefdfd
fcfdfdfd
fcfcfcfb
fcfcfcfb
fcfcfbfc
fdfbfcfb
f8000000
00f6faf8
f7f8f9f8
f4f8f8f9
f9f8faf9
f8f5f9f8
f9fdfcf9
fafefdfa
fafffdfb
00fbfeff
fdfefcf8
f8fcfafb
f8f6f8fa
f8fdfaf9
f6f9f7f8
f9fbfbf7
faf60000
0000f9f9
f9f8f8fa
f9f7f6f7
f9f8f8fb
fcf9f7f9
f7f9fcfb
f9fafdfe
fefdfbfd
fe00fdfd
fdfcfcfd
fcfbfbfa
fcf9f9fb
f9f7fbf9
faf8faf6
f9fafcfb
f9faf800
000000fa
fafaf8fb
fafaf8f9
f9fafafa
fbfcfaf9
fbfbfbfc
fcfbfcfd
fe00fdfc
fdfefefd
fdfdfdfc
fdfdfdfb
fcfcfbfc
fcfbfafb
fbfbfafb
faf9fbfc
fbfbfaf7
00000000
f6f8f5f5
faf8f4f2
f7f7f8f7
f7f9f8f6
f5f8f6f8
fdfbfafd
fdfdfafb
fefcfbff
f900fefa
fcfdf6f6
fbfbfdf6
f5f7fbf6
faf9faf8
f9f6f6fb
fafbf6fc
f7000000
00f8f9f7
f7faf9f7
f5f7f7fa
f6f6fafa
f8f6f8f5
f8fcfaf8
fcfbfd00
fefafcfe
fdfafefc
fafbfef8
f9f9fbfc
f7f8fafa
f5f9f9fa
f9f8f6f9
fdfbfdf8
fafa0000
0200faf9
f9f9faf9
faf7f9f8
f9faf8fa
faf9f9fa
fbfafbfa
fafcfcfd
01fdfbfb
fefcfbfc
fcfcfbfd
fbfbfafc
fcfafbfd
faf9f9fa
fbfafbfa
f9fcfcfd
faf9fa00
000200f6
f7f5f7fb
f9f6f4f5
f7f7f7f7
f7f8f8f7
f9f8f9fc
fbfafafb
fffafbfe
fbfdfefa
fefdfbfa
fff9f7fa
fcfbfaf6
f7faf6f9
f9f9f9fa
f8f8f9fa
f8f8fcf7
00000000
f8f7f6f8
faf9f9f6
f6f7f9f7
f6f8f9f9
f8f9f8f9
fbfaf9fb
fafffefe
fbfbfffc
fbfdfbfb
fafefafb
fafcfbf9
f8fafaf6
f8f9faf9
f9f8f9fc
fcf9fafa
f8000001
00faf8f9
f9fafafb
f9f9f9f9
fafafafa
f9fafafb
fafbfbfb
fbfbfe00
fefbfbff
fcfbfcfc
fcfcfcfc
fcfafcfb
fbfbfcfb
fafafafa
fafbfafa
fdfcfbfb
f9f90000
0100fbf8
f8f7faf7
f9f9f7f6
f6f7f8f8
fbf8f9f9
fafbfcff
f8f8f9ff
f8fcfcfa
fcfbf7fa
fbf9f9fd
f9fbf8fb
fafcf8f7
faf7fbfa
f8fbf9fa
fafcfff9
fcfff900
000000fe
f7f7f8f9
f7fbfbf7
f7f8f8f8
f7fcf9fa
f9f8fbfb
fdf9f8f8
00fbfff9
f9fdfaf8
faf8f9f8
fcfafefa
fcfafcf8
f8fbf8f7
f9f8fcf9
fbfafefe
fafdfcfb
00000200
fef8f9f9
faf9fbfd
f9f9f9fb
fbfafbfb
fbfcfcfc
fcfefbfa
f9ffffff
faf9fcfb
f9fafbfb
fbfbfcfd
fafcfbfd
fbfbfcfa
f9fbfafd
fbfcfbff
fefbfdfb
f9000002
00fbfaf8
f8fbf9fb
f8f8f9f8
f9f9fafb
fcfafafa
fefefdfb
fafcfefb
fdfdfefe
fbfafbfc
fafafcf9
faf9fcfb
fcfaf9fc
fafdfafb
fbfcfafb
fdfdfcfd
00fa0000
0000fcfa
f9fafbf9
fefaf9f9
f9fbfafa
fbfcfcfb
fbfdfdfd
fbfafbfe
fdfefbfd
fefcfafb
fbfafafd
fbfcfbfc
fbfcfbfb
fbfafcfa
fbfcfbfc
fcfdfffd
fefdfa00
000000fc
fbfbfbfc
fbfdfbfa
fafafcfb
fcfcfdfc
fdfdfdfd
fdfcfcfc
fefffefc
fcfdfcfb
fcfcfcfc
fdfcfdfc
fdfdfcfc
fdfcfcfc
fcfcfcfd
fcfcfefe
fdfefdf9
01ff0001
f8fcfbfa
fbf7f6f6
f7f9f8f8
f7f9f8f6
f7f7f9f8
faf8f8f9
faf8f8f8
f7fafafa
fbf8fdfc
fbfbfaf9
fd00fffd
fefbfcfc
fdfafdfb
fdf9faf9
faf7f9fd
fd000000
02fafcfc
fbfcfaf9
f9f9faf9
faf9faf9
f7f8f9f9
fafbfafa
f9faf9fa
f9f8fbfc
fbfcfafc
fdfcfdfc
fcfc01ff
fefffdfc
fcfcfcfd
fcfdfafc
fbfcf9fb
fdfc0000
0001fcfd
fdfcfcfb
fbfcfbfb
fbfcfbfb
faf9fbfc
fcfcfbfb
fcfbfbfc
fbfbfbfc
fefdfdfc
fcfdfefe
fefefdff
fefeffff
fdfefefd
fdfefdfc
fdfefdfc
fdfdfc01
000000f6
f7f7faf8
f3eff4f4
f5f7f3f6
f7f5f4f4
f4f5f5f7
f5f5f9f8
f4f3f5f3
f8f7f8f7
f8f9f8fa
f8f5f6fd
01fef8f6
f7fdf8f8
f5fbf9f8
f6f8faf5
f6f5fb00
00000000
f8fafafc
f9f8f4f9
f8f9f7f7
f8faf6f7
f6f7f6f7
f9f8f7fa
f8f8f6f7
f7f9fbfb
f9fdf9fa
fbfcf9fb
fa01fefc
f9fafdf9
faf9fcfb
faf8fbfe
f9faf8fa
fd000000
00fbfbfd
fcfbfbfa
fcfafbfa
fafafbfa
f9fafbfb
fbf9fafb
fbfbfafa
fafafafd
fcfbfdfc
fcfcfdfd
fefb00fe
fdfdfefc
fcfdfcfe
fcfbfbfb
fffcfcfa
fbfa0000
0000f7f9
f9f6f8f6
f3f4f6f8
f4f6f8f5
f7f5f7f3
f9f6f5f8
f6f7f3f7
f6f7f4fa
f7f8f5fc
fafaf9f9
f6fbfcfc
fc02f8f8
fcf8fbf9
f8fafbfb
f6fdf8f4
f8fc0100
000000f9
f9f9f8f8
fcf7f9f7
faf6f9f7
f7f7f7fa
f6f9f9f7
f8f7f7f5
f9f9faf7
fafaf9f6
fdfafbf9
fcf8fefb
fdfd01fc
fbfcf8fb
fbfafbfa
f9f9fef9
f8fbfcfe
00000000
fbfbfcfa
fbfdfbfb
fafbfafa
fafafaf8
fcfbfafb
f9fafbfa
fafafcfa
fafcfcfb
fbfefcfd
fafdfcff
fbfdfe00
fdfffdfc
fcfdfdfc
fbfbfaff
fcfcfcfd
fa000000
00f6fafa
f5f7f5f6
f6f4f6f3
f7f6f3f7
f5faf4fa
f6f8f9f6
f3f1f9f5
f6f5fbf7
f8f6f7fa
fcf9f9f9
fdfafbfa
05f9f9fb
fafcfaf8
fbfbfbf6
f9faf3f8
fb000000
00fef9f9
f9f7f7f9
f8f9f5f8
f4f9f6f6
f7f8fcf5
faf9f6f9
f8f3f4fb
f7f7f6fa
f9f7f7f8
f9fdf9fb
fbfffbfc
fa04fcfc
f9f9fafa
f8fbf9fa
f7fafbf6
fafbff00
0000fffc
fafbf9fa
fafbfcf9
fbf9fafa
faf9f9fb
fbfafbf9
fbfbf9f8
fcfbfaf9
fafbfafb
fcfcfefb
fdfd00fb
fdfd01fc
fefcfcfc
fcfbfcfb
fcfafdfd
f9fdfcfb
00000000
f9f5f4f7
f6fbf8f7
f6f8f7f4
f8f4f5fa
f6f9f4fa
fcfaf6f6
f7fcfafb
fff600fb
f9fbf8f8
fc00faf9
f7f9fbfa
f8faf7f8
fbf9f7f8
f8f5f8f9
fcf8f7f8
f5000001
00fbf5f5
f8f7fbfb
f8f6f8f7
f6f8f5f5
fbf8f8f6
f9faf8f7
f7f7fcff
fcfbf800
f9f8fcf7
f9f9fffa
faf9fafa
faf9fdf8
f7faf9f8
f9f8f6f7
fbfdf9f9
f9f50000
0001fbf7
f8f9f9fa
fbfaf9f8
f9f9f9fa
f8fbf9fb
f9fbf9f9
fafaf9fc
00fcfaf9
fefbfafc
fafafbfd
fbfcf9fb
fcfcfbfe
faf9fafb
f9fafafa
fbfdfdfa
fafaf500
000000fb
f6f4f7f7
f9f8f7f6
f8f7f4f8
f5f5f9f6
f9f6f9fc
faf7f6f7
fcfafbff
f600faf9
fbf7f9fb
01faf7f8
fafbf8f7
f9f8f8fa
f9f7faf9
f6f8fafb
f8f8f8f3
00000200
fdf7f5f7
f7fafaf8
f6f8f8f7
f8f5f5f9
f8f9f7f8
f9f8f7f8
f6fefffd
faf7fff9
f8fcf7fa
f9fffaf9
f9f9f9f9
f8fcf9f9
f8f9f9f9
f8f6f8fd
fbf8f9fa
f7000001
00fcf8f7
f8fafafb
faf9f9f9
f9fafaf8
f9f9fbfa
faf9f8fa
faf9fd00
fefaf9fe
fbf9fcfa
fbfbfdfb
fcfafafb
fbfafefa
fafafcf9
faf9fafb
fefdfaf9
faf50000
0000f9f6
f6fdf6fc
fbf8fafa
f9f4f7f7
f6fcf6fb
f4f9fbf9
f5f9f9fc
fcf9fcf8
00fafafe
f7f6fbfd
fbf8f6f8
fbf8fafb
f7f6fbf9
f8fbf7f2
fafbfafc
f7f8f500
000100fb
f6f6fbf6
fcfefaf8
f9faf6f7
f7f6fbf8
f9f5f8fa
f8f5f8f7
fc00fbf9
f800f9f9
fcf6f7fa
fcfbfaf8
f8fbf9fa
fef7f6f9
faf8f9f7
f4f9fdfb
fcf8f8f6
000001ff
fcf8f7fb
fafcfcfb
f9f9faf9
f9f9f8fb
f9fbfafa
fbf9faf9
f9fc00fb
fafafef9
f9fcfaf9
fbfbfbfb
fafafbfb
fbfefaf9
fafbfafa
faf9fafd
fcfcf9f8
f4000001
fffaf7f6
fcf6fbfc
f8f9f9f8
f4f7f6f6
fef7faf4
fafaf8f5
f9f9fcfd
fbfaf800
fafafdf8
f6fbfbfb
faf6f8fc
f9fafbf8
f7faf9f7
fbf7f2fa
fbfbfbf7
f7f80000
0000fcf7
f6fcf6fb
fff9f8f8
f8f7f7f7
f7fdf8f9
f6f9fbf8
f5f8f8fd
00fbf8f9
fff9f9fc
f8f7fbfb
fcfbf9f8
fcfbfbfd
f7f7faf9
f7f9f7f5
fafcfcfb
f8f8f700
000000fd
f8f8fbfb
fdfefbf9
fafafafa
faf9fdfa
fbfbfbfc
f9fafafa
fc00fcfa
fafefafa
fcfbfafb
fdfcfcfa
fbfcfcfc
fefbf9fb
fcfafafb
fafbfcfd
fcfafaf3
00000000
f8f9f9fb
f8fafbf7
f9f9f8f7
f8f9f9fa
f9faf8fa
fcfbf9fa
fafdfafc
fcfd00fe
fdfdfcfb
fbfbfbfb
f7fafaf8
f8f8f9f7
faf9f8fa
f9f5f8f9
f7faf9f9
f9000001
00fbf8f8
fbf8fbfe
f9f9f9f9
f9f8fafa
fbfbfbf8
fafcfbf9
fafafffd
fdfbfc00
fcfcfefb
fbfafcfc
fdf9faf9
fafbfaf9
f8faf9f9
faf9f7f9
fbfafbfa
faf80000
0000fcfa
fafbfcfc
fefbfafb
fbfbfbfb
fbfcfcfd
fcfcfcfc
fcfcfcfe
fffefcfc
fefdfcfd
fcfcfbfd
fcfdfcfc
fcfcfdfc
fcfbfcfc
fbfafcfb
fafcfcfc
fbfbf400
000000f8
fafaf9f8
fbfcf8fa
f9f8f8f8
f9faf9fa
fbf8fbfb
fbf9fafa
fcfafcfc
fdfffffc
fefcfcfb
fbfbfbf8
fbfafaf8
f8f8f7fc
faf7fbf9
f6f8f9f7
f9f9f9f7
00000100
faf9f8fa
f8fbfef9
faf9f8f9
f7f9faf9
fcfbf8fb
fbfbf9f9
fafefdfe
fbfdfffc
fcfefbfb
f9fbfdfc
f9faf9fa
fbfaf9f7
fbfaf9fa
f8f7f8fb
f8fbfbfa
f7000000
00fbfafa
fafafcfe
fbfafafb
fbfafbfb
fbfcfcfc
fcfbfcfc
fbfbfefe
fefbfcfe
fcfcfdfc
fcfbfdfc
fcfbfbfc
fcfcfcfb
fafbfbfa
fafbfafa
fbfbfcfb
faf60100
0000f6f8
f8f4f5f4
f5f3f4f8
f5fafaf3
fbf5faf5
fcf8f8fc
fef9f4fa
f6f9fcf9
fbfcf9f7
fa01f7fc
f7f9f8f7
f7f7f1f4
fbf6faf6
f5f8fbfa
f4faf6f3
f5f9f700
000301f8
f6f9f6f6
f5f6f6f5
f9f7fcf9
f7faf6fc
f9fdf8f7
fcfefaf8
fdfafaf9
fbfcfaf9
f9fc00f5
fbf9fcfb
f7f5f9f5
f8fbf7f7
f6f9f9fb
faf5faf8
f5f7f9f7
00000101
fafafcf9
faf9f8fa
fafcfafb
fbfbfcf8
fbfcfbfb
f8fefcfe
fafefdfc
fbfcfdfc
fcfcfcff
fafdfafd
fbfbfbfc
fafafbfb
fafbfbf9
fafbf9fb
fbf8fbfa
f5010000
00f7f9f7
f5f6f6f5
f4f4f8f5
fbfaf8fb
f3f6f7fb
f8fafcfa
fdf6fbf6
f8fcf8fb
fef9f8fb
00f7fbf6
f8f9f6f7
f6f3f4f9
f5faf5f8
f7fbf9f3
fbf8f4f5
f8f90000
03fef8f9
faf7f8f6
f6f7f5f9
f7fcfaf9
fbf6f9f9
fbf8f9fc
fcfcf9fe
fbfafaf9
fdfdfafa
fa00f8fd
f9fafbf7
f7f8f6f9
faf6f8f6
fbf8fcf9
f6fbfaf5
f7faf600
000100fb
fbfcf9fb
f9f8faf9
fcfafbfc
fbfcfafa
fcfbfcf9
fdfcfefa
fffefcfb
fcfdfcfc
fbfcfefc
fdfafdfb
fbfbfbfa
fbfcfbfa
fbfcf9fa
fbf9fdfc
f8fafbf4
00000000
f3f4f1f6
f4f1edef
f3f3f6ef
f7f6f6f3
f1f5f3f3
f8faf100
f5fcf3f5
f8f400fa
f4f9f4f4
f5faeff1
f4f5f5f0
f0f0f5f0
f6f3f4f4
f5f4f100
f8f4f1f5
fe000001
01f4f4f5
f7f3f0eb
f1f4f4f4
f2f9f6f8
f5f2f3f4
f2f4f8f4
fff5fbf8
f6f5f300
faf3fbf2
f5f6faf1
f4f4f6f5
f3f0f0f7
f0f1f2f6
f6f6f4f2
03f7f5f3
f5020000
0101faf6
f8f8f8f5
f3f8f6f9
f6f6f9f9
f9f9f6f9
f8f8f6fa
f8fdf7fe
fbfaf8f6
fffaf5fb
f8f8f9fa
f5f9f6fa
f9f9f7f8
f8f5f5f7
f9f8f7f8
f601fcf8
f7f7fb00
000001f7
f6f3f6f8
f6f3f1f4
f6f4f4f9
f6f9f6f4
f8f8f8fa
fcf4fef6
01f8f7fa
f7fdfbf8
fbf6f7f5
fef3f5f6
f6f8f6f3
f3f5f2f9
f7f7f7f8
f7f300f9
f4f6f7fc
00000100
f9f4f5f6
f8f6f4f5
f6f7f4f7
f8f7f9f6
f5f6f9f6
f8fbf6fd
f600fcfa
f8f5fcfb
f6fcf6f8
f5fcf5f9
f7f7f7f9
f4f4f8f2
f5f7f8f6
f8f8f401
f9f5f8f6
fd000000
00fcf6f9
f7f9f8f8
f9f7faf8
f9fafafa
f9f8fbfa
f9f9fdfa
fcf801fe
fdfaf9fd
fbf7fdfa
fbf9fbf8
fbf9fafa
fbf9fafa
f8f8f9fa
f9f9faf7
00fcf9f9
f8f80000
0000faf7
f4f5f9f5
f6f7f6f5
f4f5f7f5
fbf7f7f7
fafbfb00
f7f9f6ff
f6fbfbf8
faf9f6f5
f8f7f6fc
f6fcf7f9
f9f9f6f4
f8f3f9fa
f6fbf8fa
f7fdfdf6
fafafd00
0000fffb
f5f6f6f9
f5f6faf6
f6f4f6f8
f6fbf7f9
f7faf9f9
fef9f9f7
fefafef8
f6fafaf5
f6f7f9f6
faf8fef8
f9f7fbf5
f4faf5f4
f9f6fbf8
fbf7fffa
f6fbf801
000000ff
fef6faf7
faf8f8fc
f8f9f8fa
fbfafbf9
fbfbfbfb
fafffbfa
f9fffcfe
faf9fbfb
f8fafafb
f9fbfbfd
f9fbfafd
faf9fbf9
f8faf9fb
fafcf9ff
fdf9fcf9
fe000000
fffbf9f8
f9fcf9fb
f8f9f9f9
f9f8fafb
fcfafbfb
fdfdfdfc
fbfdfffc
fefcfdfd
fbfaf9fb
faf9fcf8
f9f9fbfb
fbfaf9fa
f9fbfbfa
fafcfafc
fdfcfcfc
fefb0000
00fffbf9
f8fafcf9
fdfaf9fa
fafaf8fa
fbfcfcfb
fbfdfdfd
fbfbfcff
fefefafc
fdfcfafa
fbfaf9fd
f9fafbfc
fbfcfbfb
fbf9fafb
fbfbfbfb
fcfdfdfd
fdfdfa00
000000fc
fafbfbfc
fbfdfbfa
fbfbfcfc
fcfcfcfc
fefdfdfd
fdfdfcfd
ff00fefc
fdfcfcfb
fbfdfcfc
fdfbfcfc
fdfdfcfd
fdfcfcfb
fdfcfcfd
fdfcfefe
fefdfdf9
00000000
f8fbfbfa
fcf9f9f5
f9faf7fa
fafaf8f7
f6f9f9f9
fbf9faf9
f9f9f9f7
fafdfbfb
fcfafdfd
fdfcfafa
ffffffff
fdfbfefe
fffdfefb
fefafaf9
fbf9fafe
fb000000
00fafbfc
fafcfcfa
f8f8fbf9
fafafaf9
f7f8fafa
fafaf9fa
fafafafc
fafafcfd
fbfdfbfd
fdfcfdfb
fdfeffff
fffefefc
fdfefdfc
fcfdfbfc
fbfcfcfd
fdfc0000
0000fcfc
fdfbfdfc
fbfafbfb
fbfcfbfb
fbf9fafc
fcfcfafa
fcfbfbfc
fcfafbfc
fdfdfefc
fdfdfdfe
fefdfdfe
fefefeff
fdfefefe
fdfdfdfc
fcfdfcfd
fefcfb00
000000f8
f9f9fafa
f8f4f4f8
f9f8f7fb
faf5f6f5
f7f8f7f9
f7f9faf8
f7f7f6f8
fafafaf9
fcfdfafb
fbf8f900
fefffcfa
fafffdff
fbfbfafb
f9f7fdfa
f8f6fcfb
0000ff00
fafafbfb
fafbf7f7
f8fbf8f8
fbfaf7f8
f7f8f8f8
f9f8f8fb
f9f9faf9
f9fafdfa
fafdfbfc
fbfdfafc
fbfefffd
fcfcfcfb
fdfcfbfb
fbf9faff
fbfcf9fb
fc000000
00fcfbfd
fbfcfcfa
fafafcfa
fbfbfbfb
f9fafbfb
fbfafafb
fcfbfbfc
fafafbfe
fdfcfdfc
fcfcfdfc
fdfcfefe
fefdfffc
fcfdfdfd
fcfcfcfb
fffcfdfb
fcfb0000
0000f9fa
fbf5faf9
f6f6f8fb
f6f7f9f8
f7f7f4f6
f7f7f8f7
f9f9f6f9
faf6f8fa
f8faf9fc
fdf8fafc
f8fbfffc
ff00fcf9
fdfb00fd
f8fbfbfb
f9fdfaf7
f8fdfa00
00fe00fc
f9fbf6f9
fef8f8f7
fbf7f6f8
f9f9f7f6
f7f7f8f9
f8f7f8f7
f9fef8f9
f9f9f9f9
fcfbf9fa
fdfbfdfb
fbfefefe
fbfafafd
fdf8fbf9
f8fbfffa
fbfcfafc
0000ff00
fcfafcf9
fbfefbfb
fafbfafb
f9fafbf8
f9fafafa
f9f9fafa
fafafefa
fafbfbfc
fbfcfbfb
fafdfcfd
fbfcfdfd
fefffcfb
fcfdfafb
fbfbfafe
fbfefdfa
fc000000
00f8fbf9
f7faf9f8
f8f6f8f6
f8f8f6f7
f7f7f6f8
f9f8f8f8
f6f5fbf7
f7f8faf9
f8f7fafd
fbfbfdfa
fcfcfbfd
02fcfbfd
fcfffdf9
fcfcfaf9
f9fbf6f8
fdfc0000
fffffbf9
f9f9f9fb
f9faf5fa
f5f8f9f7
f8f9f9f6
f8faf7f9
f8f6f6fb
f9f8f8f8
fbf9f8fa
fafcfafe
fcfffafd
fc01fdfd
fafafcfc
f8fcfafa
f9fbfdf9
fafcfd00
000000fd
fafbfafa
fcfbfcf9
fcfafbfa
fafafaf9
fbfafbf9
fbfafaf8
fcfbfafa
fafcfbfb
fcfbfcfc
fdfdfffc
fdfdfffd
fffcfcfc
fcfafcfc
fbfbfefd
fbfcfcfb
00000000
faf5f3f8
f7f4f5f6
f5f8f6f2
f8f5f5f8
f3f7f4f8
f9f9f4f7
f4faf9fc
fcf400fa
f9f8f4f9
f902f8f6
f7f6f9f6
f7f9f7f7
faf7f4f8
f8f5f6fa
fbf6f5f5
f8000001
02fcf3f5
f8f7f4f5
f8f4f8f4
f4faf4f4
f8f5f6f5
f7f6f8f7
f9f4fbfd
fdf9f400
f8f8f9f5
faf800f9
f8f8f7f7
f8f6fbf9
f6f6f6f6
f9f9f6f5
fcfaf6f7
f7f90000
0101fdf6
f8f8f9f8
f8fbf8f9
f8f9faf9
f8faf7fa
f9faf8f9
f9fbf7fc
fffdfaf7
fffaf9fb
fafafbfd
fbfbf9f9
fafbfafd
faf9f9fb
f8faf9f9
fafefdf8
f9f8f700
000000f8
f1f3f5f2
efeef3f0
f7f2f0fa
f0f1f2f1
f3f4f3f3
f7f6f7ef
f6f6f8fa
ef00f8f5
f3f1f8f3
01f5f5f5
f7f5efef
f5f7f3f3
f2f1f7f8
f4f2fdf5
f1f2f1fc
00000300
fcf1f5f6
f3f2f0f5
f2f7f4f5
faf2f0f4
f4f5f6f4
f3f7f7f8
f2f9fcfb
f7f100f5
f6f6f4f8
f3fff5f8
f8f6f5f4
f2faf9f6
f1f4f5f7
f8f4f3fd
f6f3f4f4
fa000000
00fcf6f9
f9f9f6f6
f9f8f8f8
f7f9f8f7
f6f5f9f8
f9f6f8f9
fbf7fafe
faf8f6ff
f9f9fbf9
faf9fdf9
faf9f9fa
f9fafdfa
f9f7faf8
f8f7f8f9
fdfcf7f9
f8f20000
0000f9f7
f6fcf5f9
f7f6f6fa
f7f3f9f5
f4fcf3f8
f3f9f9f8
f5f9f6f9
fcf8f9f6
02f8f8fa
f4f6f9fd
f8f7f5f8
fbf6f8fb
f6f5f9f5
f6f9f7f1
f8fdfbf9
f3f6f500
0001fefb
f4f7fbf5
f9f8f8f5
faf7f5f9
f6f3faf6
f6f4f7f7
f7f4f9f6
f900faf7
f502f7f7
f9f4f6f8
fcf9f8f7
f8f9f7f8
fef7f4f5
f7f6f8f8
f2f7fff9
f9f6f6f7
000000fe
fdf7f8fc
fafaf9fb
f8f9faf8
f9f9f8fa
f7f9f9f9
f8f8f9fa
f8fbfff9
f9f800f9
f8fbf9f9
f9fbf9fa
f9fafbfa
fbfef9f8
f8faf9f8
f9f8f8fe
fbfaf9f7
f5000000
00f9f8f6
fcf6fcfc
f8f9f8f8
f4f7f6f6
fef8faf4
f9fbf8f5
f9f8fbfc
faf9f800
fafafcf8
f6fbfafa
faf5f8fb
f9fafbf8
f7faf9f6
faf6f2fa
fbfafbf7
f7f80000
0000fcf6
f6fcf6fc
fefaf8f8
f8f7f7f7
f7fdf9f9
f5f9fbf8
f5f8f8fd
fffbf8f9
00faf9fc
f8f7fafa
fbfbf8f9
fcfbfbfd
f7f6fafa
f7f9f7f5
fafdfbfb
f9f8f700
000000fc
f8f8fbfa
fcfdfbf9
fafafafa
faf9fcfa
fbfbfbfc
f9fafafa
fd00fcfa
fafefafa
fcfbfafb
fcfcfcfa
fbfdfcfc
fefbf9fb
fcfafafa
fafbfdfc
fbfafaf4
01000000
f8faf9fa
f8fafbf7
f9f9f8f8
f8f9f9fb
f9faf8fa
fcfbf9fb
fbfdfafc
fbfd00fe
fefdfcfb
fbfbfbfc
f8fafaf9
f9f8f9f7
faf9f8fa
f9f5f8fa
f7fafaf9
f9000001
00faf8f9
fbf9fbfe
f9f9f9f9
f9f7fafa
fbfbfbf8
fafcfbf9
fafbfefd
fefbfd00
fdfcfefb
fbfafbfc
fdf9fafa
fafbfaf9
f7faf9f9
faf8f7f9
fbf9fbfb
faf80000
0000fbfa
fafbfcfc
fefbfafb
fbfbfbfb
fbfcfcfd
fcfbfcfc
fcfcfcfe
fffefcfd
fefdfdfd
fcfcfbfd
fcfdfbfc
fcfbfdfc
fbfafbfb
fbfafbfb
fafcfcfd
fbfbf500
000000f8
faf9faf8
fbfcf6fa
f9f8f7f7
f8f9f9fa
fcf8fbfc
fbfafafa
fdfafcfc
fcfffefd
fefdfcfb
fbfbfbf7
fafafaf7
f9f9f6fc
faf8faf9
f5f8f9f6
f9f9faf6
00000100
f9f8f7fb
f8fbfef9
f9f9f8f8
f7f9f9fa
fcfaf7fb
fcfbf9fa
fafefcfd
fbfd00fc
fcfefbfb
fafbfcfc
f8faf9fa
fbfbf9f7
fbfaf9fa
f8f7f8fb
f9fafafa
f7000000
00fbfaf9
fbfafcfe
fafafafb
fbf9fbfa
fbfbfcfb
fcfbfcfc
fbfbfeff
fdfbfcfe
fcfcfdfc
fbfbfcfc
fcfbfbfb
fcfdfcfb
fafbfbfa
f9fbfafa
fcfcfcfb
fbf50100
0000f4f6
f7f4f3ef
f2eef3f8
f2faf9f0
f9f2f5f3
fbf5f5f9
fdfbf2f8
f6f9f8f8
f9f9f7f6
f804f4fa
f5f7f8f1
f4f3eff5
fbf4f6f4
f2f5fcf8
f3faf3ef
f1f5fc00
000202f7
f6f8f7f5
f3f4f3f4
f9f5fbf8
f6f7f4f9
f8fcf7f5
fafefbf6
fcfafaf7
fbfdf7f9
f9fa01f5
faf8f9fb
f3f4f9f4
f9fbf7f5
f6f8f6fb
f9f4faf6
f2f5f8f7
00000001
f9fbfcfa
faf9f7f8
fafcfbfa
fbfafaf8
fafafafb
f7fdfcfe
f9fefefb
fafcfdfb
fbfcfbff
fafdfafa
faf9fafc
fafbfbfa
f9fafaf9
f9faf9fb
faf7fafa
f5010000
00f7f5f6
f4f3eff1
eef1f7f1
f9faf4fa
f1f3f3f9
f7f7fafa
fcf3f9f6
faf7f6fa
fcf5f5f7
04f5f9f4
f6f9f1f4
f3f1f5fa
f4f6f3f3
f6fcf8f0
faf6f0f0
f5fd0000
02fdf9f8
f8f8f6f3
f3f3f3f8
f6fafaf7
f8f4f8f7
faf8f8fa
fcfcf6fd
fbfbf7f8
fdf9f8f9
f900f7f9
f8f9faf3
f6f8f5f9
fbf6f5f4
f9f7faf7
f4fbf9f2
f5f9f600
0000fff9
fcfbfafa
f8f5f8f9
fafafafb
fafaf9f9
fbfafbf9
fcfbfef9
fefffbfa
fbfdfbfb
fbfbfefb
fdfafafa
f9fbfbf9
fbfbfaf9
fafbf8f9
faf9fcfc
f6f9fbf4
01000000
f7f6f0f5
f4f2efea
f3f6f4f2
f9f5f5f4
edf5f4f4
fafbf100
f3fff9f9
f8f3fdfb
f4f7f5f8
f6fceef2
f5f4f5f1
f1f4f5f0
f8f7f5f3
f6f4f300
fbf1f1f5
fd0000ff
01f8f7f5
f7f5f3ef
eff4f5f3
f2faf4f8
f6f2f2f6
f5f9f9f4
fff4fefd
fcf6f3fd
faf4f9f3
f8f8f9f3
f6f5f4f6
f7f2f4f9
f1f2f5f6
f5f7f5f4
02faf2f5
f7ff0000
fe01fbf9
f9f8f8f6
f3f7f7f8
f6f6f9f8
f9f9f7f9
f8f9f9fa
f9fdf700
fffdf8f8
fcfaf6f9
f8f9f9fa
f7f9f7f8
f9fbf8f9
f9f7f5f8
f7f8f7f9
f700fcf7
f8f8fa00
00fe00f9
f7f3f7f7
f4f5eef4
f7f3f3fa
f5f8f5f2
f6f8f9fb
fbf4fef6
01fafbfa
f7fcfbf7
f8f7f9f6
fef3f7f6
f5f6f5f4
f5f6f3f7
f9f7f5f9
f7f5fdf9
f4f5f7fc
00000000
fcf6f5f6
f8f6f8f4
f5f7f5f6
f9f6f9f6
f6f6f9f8
fafaf6fc
f601fefe
f8f6fafb
f7faf6fa
f7fcf6fa
f7f6f6fa
f5f6f9f4
f5f9f8f5
f8f9f5ff
fbf6f8f8
fb0000ff
00fdf8fa
f7faf8f9
f8f8faf9
f9fbfafa
f9fafbfa
fafafbfb
fcf90000
fffafafb
fbf9fbfb
fbf9fcf9
fbf9f9fa
fcf9fafb
f9f8faf9
f9fafbf8
fffdf9fa
f9f60000
ff00faf8
f6f7faf7
faf7f8f7
f6f6f7f7
faf8f8f8
fbfdfcfe
f9fbfaff
f9fcfcfa
fafaf8f7
f9f9f7fc
f6fbf9fa
f9f9f7f7
f9f6f9fd
f8f9fafa
fafdfcf9
fbfbfd00
000000fb
f8f7f8fa
f8fcf9f8
f9f7f8f8
f8fbf9fb
f9fbfbfb
fdfafbf9
fffdfefa
f9fafbf8
f8f9faf8
fbf9fdfa
faf8fbf8
f8fbf7f7
fbfafaf9
fbfafffb
fafdfafd
0000ff00
fdf9fbf9
fbfafbfb
fafbfafb
fbfcfcfa
fcfcfcfc
fbfdfcfc
fbfffefe
fcfcfcfc
fafafbfc
fafcfbfc
fbfcfbfc
fbfcfcfa
fafcfafb
fcfcfbff
fdfcfcfb
fb0000ff
fffafaf9
f9fbfafc
f8faf9fa
f9f8fafc
fbfafbfb
fdfdfcfc
fcfefefd
fdfdfdfd
fbfbfafb
faf9fcf8
f9f9fbfc
fafbfafa
f8fbfdfa
fafcfafd
fdfcfdfd
fdfb0000
0000fbf9
fafbfcfb
fefafafb
fbfaf8fb
fbfbfcfc
fbfcfdfc
fbfcfdff
fffefcfd
fdfcfbfb
fcfafafc
f9fafcfc
fbfbfbfb
fbfafbfc
fbfafbfc
fdfdfdfe
fefefa00
000000fb
fbfbfbfd
fcfdfbfb
fbfcfdfc
fdfcfcfd
fefdfdfc
fdfdfdfe
fe00fefd
fdfdfdfc
fcfdfcfc
fdfbfcfc
fdfdfcfd
fdfcfcfc
fdfcfcfd
fdfdfefe
fffefdfa
00000001
f8fbfaf9
fdf9f9f6
fbfaf5fa
f9fbfafa
f7fcfafd
fcf9fafa
fefbfdf9
fcfffcfd
fefcfefb
fbfcfcf9
fcfbfcfb
fdfbfdfd
fdfdfdf9
fef9fbf7
fafbfafc
fa000000
01fafafb
fbfcfdfb
fafafaf7
fafafcfb
fbfbfcfb
fcfcfbfa
fbfcfdff
fcfcfefe
fefffcfd
fbfbfcfd
fbfdfafd
fcfffdfc
fcfcfdfd
fbfdf9fc
f9fbfdfd
fbf80000
0001fbfb
fdfbfdfc
fcfbfbfb
fbfcfbfd
fcfbfcfd
fcfcfcfb
fdfcfdfc
fffdfdfd
fdfdfefc
fdfcfcfd
fefcfdfc
fdfdfefe
fdfdfcfe
fdfdfdfb
fcfbfcfd
fdfbf701
000000f9
fcfbfafb
fbfaf7fb
faf7fafa
fcf9fcf9
fcfafcfd
fbfafbfd
fcfcfcfd
fefefdfd
fdfefafc
fbfcfafd
fafdfdfd
fcfdfdff
fdfcfafd
fafbfafb
fbfafcfb
00000000
fcfbfcfb
fcfdfdfa
fbfbfafb
fbfcfcfd
fcfcfafc
fcfcfafc
fcfdfeff
fdfefffd
fdfefdfc
fdfefffd
fdfcfdfe
fefefcfc
fefdfcfc
fdfafdfb
fdfcfcfc
f7000000
00fcfcfd
fbfdfcfd
fcfcfcfb
fcfcfdfc
fdfdfefc
fdfdfcfd
fcfdfeff
fefdfdff
fefdfdfe
fdfdfefe
fdfdfefe
fefefefe
fdfdfefd
fdfdfcfd
fdfdfdfd
fcf60000
0000fafb
f9f9fafb
fbf7fafa
f8f7f8fa
fafbf8fc
f8fcfcfa
fafbfcff
fdfffefd
fdfefcfe
fefafbfd
fafcfcfc
fefbfbfb
fcf9fdfd
f9fafbf9
fafdfafb
fbfdf800
000000fd
f9f9f8fa
fbfff9f9
faf9f9f8
fafbfafb
faf8fafb
fbfafbfb
ffff00fd
fcfcfdfb
fefcfbfb
fefdfdfb
fcfdfcfb
fcfaf8fb
fcfafafa
f9fafdfc
fbfcfcf7
0000ff00
fdfbfbf9
fcfcfdfb
fbfbfafb
fbfcfcfb
fcfcfcfb
fcfbfcfc
fcfe00ff
fdfdfefe
fcfdfcfc
fbfefdfd
fcfdfdfd
fdfefdfb
fbfdfbfb
fcfcfbfd
fdfdfcfb
f70000ff
00fafbf7
f9fafafb
f6faf9f8
f7f7f9fa
fbf8fcf8
fdfdfafa
fbfb00fc
fefefdfe
fefafffe
fafbfefa
fdfbfcfe
fdfbfbfc
f9fefefa
fbfbf9f9
fcfbfbfa
fdf70000
0000fdf9
f8f9fafa
fdf8f9f9
f7f8f8f9
fbfbfbf9
f7fbfcfa
f9fbfa00
fefffcfb
fdfdfafd
fbfcfafe
fcfdfafc
fcfdfbfc
fbf8fafd
f9faf9fa
f9fdfcfa
fafcf900
00ff00fe
fafaf9fb
fbfcfbfb
fbfafbfb
fbfcfbfb
fcfbfbfc
fbfcfcfb
fffffffc
fcfdfdfb
fdfcfcfc
fdfdfdfc
fdfcfefc
fdfcfafb
fcfafbfc
fcfbfefd
fcfcfbf8
00000000
faf5f3f6
f6f4f4f6
f4f7f5f4
f5f6f6f5
f1f5f4f7
f8fbf2f9
f2fef8fa
faf4fcfc
f9faf5f8
f601f5f8
f8f8f7f6
f6f5f7f4
f9f7f6f8
f8f7f4ff
faf4f6f5
fb000000
01fdf5f5
f6f7f6f5
f9f4f7f4
f5f8f6f7
f6f5f6f6
f7f7faf6
faf4fffc
fdf8f4fd
faf7fcf6
faf700f8
fbf8f7f8
faf6f8fa
f5f6f7f8
f9f9f8f5
00fbf4f8
f7f90000
0000fef7
f8f7faf7
f8fbf8fa
f8f9fbfa
f9f9f7fa
fafaf8fa
fafbf8ff
fefffaf8
fdfbf9fc
fafbfbfe
fafcf9fa
fbfcfafc
fbf9f9fb
fafbfafb
f9fffdf7
f9f9f900
000000f6
f2f5f1f2
efedf1ef
f6eff2f8
f2f4f1ec
f0f3f1f3
f4f2fbee
fbf4f7f7
f0fcfbf7
f3f0f5f1
01f2f9f6
f5f2eff0
f2f7f0f0
f3f3f7fa
f5f0fff5
f0f2ef02
00000000
fbf1f5f5
f4f5f2f6
f3f8f1f5
f8f4f4f4
f3f5f8f3
f4f7f5f9
f1fefbfb
f8f1fef8
f8f9f4f7
f4fff6fc
f8f4f5f7
f4f7f9f5
f2f7f7f8
f9f7f4ff
f9f3f7f3
f9000000
00fcf6f9
f7f9f7f8
faf7faf8
f8faf9f9
f8f6faf8
f8f6f9f9
fbf7fefe
fcfaf7fc
faf9fcfa
fbf8fdfa
fbf9f9fb
fbfafcfb
f9f8fbf9
f9f8faf8
fefdf7f9
f8f50100
0000fbf9
f8fcf7f7
f6f5f8fb
f6f6fef7
f8fcf4f7
f4fafaf9
f6fdf7fd
fdfaf8f6
00fbfaf9
f5f8fafe
f8f8f6f6
f9f6f8fa
f8f8f8f6
f7fbfbf4
f9fffbf8
f4f7fa00
0000fefc
f7f9fcf7
f9f9f9f7
fbf7f8fd
f8f7fcf8
f7f7f9fa
f9f7fbf7
fefffbf8
f6fffaf9
faf6f8fa
fbf9faf8
f8f9faf8
fcf9f7f8
f8f8fafb
f7f9fffc
f7f8f8f8
000000ff
fdf9fbfc
fbfbfafc
f9fbfaf9
fcfbfafd
f8fbfafb
fbfafbfc
fafefffb
fbfafffb
fafcfbfb
fbfcfafb
fafafcfc
fbfdfafa
fafbfafb
fbfafafe
fdfafaf9
f7010000
00faf9f7
fcf9fbfb
f8fbf9f8
f6faf8f8
fffafcf5
fbfcfaf8
fbfbfbfc
fcfbf8ff
fcfbfbf9
f7fcfcfa
f8f7fafb
f9fafafb
f9fbf9f7
fdf9f5fc
fcfafcf8
f9f90000
0000fcf8
f8fcf9fc
fffafafa
f9f8f9f9
f9fefbfa
f7fafcfa
f7fafafd
fffcfafa
fffbfbfb
f9f9fbfb
fbfafafb
fbfbfcfc
faf8fbfb
f9fcf9f7
fcfcfcfc
fafaf600
000000fc
f9fafcfc
fdfdfcfa
fbfcfbfb
fcfbfdfb
fdfbfbfc
fafcfcfc
fd00fdfb
fbfefcfb
fcfcfafc
fdfcfbfb
fcfdfcfc
fefcfbfb
fdfbfcfc
fbfdfcfd
fcfcfbf5
00000000
f9fbfafb
fafafbf8
f9faf9f9
f9fbfbfb
f9fbfafb
fcfbfbfd
fcfffafd
fcfcfefe
fdfcfdfd
fcfcfafa
f9fafafa
f9f9fcf8
fcfbfafc
fcf9fafb
f9f9fafb
fd000000
00fafafa
fbfafbfe
fafafbfb
fbf9fcfc
fcfcfcfb
fbfcfcfb
fdfc00fd
fefcfcff
fdfdfefd
fdfcfdfb
fcfbfbfa
fcfcfbfc
f9fbfbfb
fcfbfafb
fcfbfbfb
fbfa0000
0000fbfc
fcfcfdfd
fefbfbfd
fdfcfcfc
fdfcfdfd
fdfcfcfd
fdfdfdff
fffffdfd
fefdfefd
fdfdfdfe
fdfdfcfd
fdfdfdfd
fdfcfcfd
fdfcfdfc
fcfdfdfd
fcfcf800
000000f8
fbfafafa
fafbf7f9
faf9f9f9
fafbfbfa
fdfbfcfc
fcfbfbfb
fffbfdfd
fcfdfefc
fefdfefb
fcfaf9f9
fafafcf8
f9fcf8fe
fbf9fcfb
f9fafaf9
f8f9fcfa
00000000
f9faf9fb
fafbfefa
fafbfafb
f8fbfbfb
fdfcfafc
fcfcfbfc
fcfffdff
fcfdfefd
fcfefdfd
fbfcfcfb
fafafafc
fcfbfcf9
fcfbfbfb
fafafafc
fbfafbfb
f8000000
00fbfbfb
fbfcfdfe
fbfbfcfd
fcfbfcfc
fcfdfcfc
fcfcfdfd
fcfcffff
fffcfdfd
fdfdfdfd
fcfcfdfc
fcfcfcfc
fdfdfdfc
fcfcfcfc
fbfcfbfb
fdfcfcfc
fcf70000
0000f6f8
f8f6f3f1
f5f2f4f9
f5fcf8f2
f8f1f4f4
fbf7f6fb
fcfaf3fb
f6f9f6f8
f8f8f4f7
f805f3f8
f4f7f7f2
f2f8f2f5
faf5f7f5
f4f3f8f9
f2f9f7f1
f2f7ff00
000002f8
faf8f9f6
f7f8f6f6
faf8fcf8
f7f8f5f9
f9fcf9f6
fcfcfcf7
fdfbfbf8
fafcf6f8
faf901f6
f9f8f9fb
f4f5fcf7
fafbf6f6
f6faf6f9
faf5f9f8
f6f6f9f8
00000000
fafcfcfb
fbfaf9f9
fafdfcfb
fcfbfbf9
fbfbfbfb
f8fefcfe
fafefefc
fafcfbfb
fbfcfcff
fafdf9fb
fafafafd
fafcfbfb
fafbfcf9
fbfbfafc
faf8fafc
f7010000
00f5f5f7
f5f0edf2
eef3f8f2
fbf8f0f9
f0f0f0fa
f7f4f9fb
f9f1faf4
faf3f8f7
f7f0f4f5
07f3f7f3
f5f7efef
f6f1f5f8
f5f4f3f1
f2f8f8f0
f7f5eeee
f7020000
00fef8f8
f8f9f4f4
f5f4f4f9
f8fbf8f6
f7f3f8f7
faf8f5fa
fbfbf5fc
fafcf5f8
faf6f5f9
f802f6f8
f6f7f9f2
f4fbf5f9
faf5f4f4
f9f4f9f9
f4f9f7f3
f4f9f700
000000fa
fcfcfbfb
f9f7f7f9
fcfbfafb
fafaf8fb
fbfafbf7
fdfbfef9
fefefbf9
fbfafafb
fafbfffa
fdf8faf9
f8fafcf9
fcfbfaf9
fbfbf7fa
faf9fbfa
f6f9fcf5
00000000
f8fbf7f8
f9f9f8f4
f7f9f9f8
fbf8fbf9
f8fbfafe
fefdf9ff
fafffbfd
fcfbfefd
f9fdfafe
fbfcf5f9
f9fafcfa
f6f9fbf8
fcfbfaf8
fbf9f9fe
fef7f8fb
f8000000
00fafaf7
fbfafbfb
f7f8f8fa
f8fbf9fa
fafbfaf9
fcfcfcf9
fdfaffff
fffafbff
fcf9fdf9
fcfcfbf9
faf9fafc
fcf9fafa
f6fafafb
f9faf9fb
00fefafb
fcf90000
0000fbfc
fafbfbfa
fafafafb
fafbfbfc
fbfdfbfc
fcfdfdfd
fcfdfcff
00fefbfc
fefcfafc
fcfcfcfd
fafbfbfb
fdfcfcfd
fcfafafb
fcfbfcfb
fcfffdfb
fbfcfa00
000000f8
fbf7f9f9
f9faf4f7
f8f9f7fb
f9f9fafb
fafafefd
fcfafefc
fffafdfc
fd00fcfa
fcfbfcfb
fbf7fbf8
fafbfbf7
f9fcf9fb
fbf9fafb
f9fcfcfa
faf9fdfa
00000000
faf8f7fa
fafbfef7
f8f9fbf9
faf9fafc
fdfaf9fb
fbfcf9fc
fbfffeff
fafcfffb
fafcfbfb
fbfcfafb
fafafafc
fbfbfaf7
fafafafa
fafafdfd
fcfcfbfc
f9000000
00fbfafb
fbfcfcfd
fafafbfc
fcfbfcfc
fcfcfdfc
fdfdfcfd
fdfdff00
fffcfdfe
fcfbfcfc
fcfbfdfb
fbfcfcfd
fcfcfefc
fbfbfcfc
fbfcfcfd
fefdfdfc
fcf60000
0000f9fc
f7fafbf9
fcf8fafa
fafafbfb
fafbfbfc
fcfffdfb
fcfffefe
fbfdfefc
fefcfcfc
fcfcfdfc
f8f9fbfb
fcfaf9fa
fcfcfcfd
fbfbfdfb
fdfbfdfb
fbfefb00
000000fa
fbf9fcfc
fbfffafa
fcfbfbfb
fbfbfdff
fcfbfdfd
fcfcfefd
fffefffd
fcfffdfc
fcfdfcfd
fdfcfbfd
fcfcfcfb
fcfcfbfc
fcfcfcfc
fbfefdfe
fdfcfdf8
00000000
fcfcfcfc
fdfcfdfc
fbfdfcfd
fdfdfdfe
fefefefe
fdfcfdfe
feff00ff
fdfdfffe
fdfdfdfd
fefefdfc
fdfdfdfd
fdfefdfe
fcfefdfd
fefdfefe
fefdfdfe
f8000000
00f8fcf8
fafcf9fb
f6fbfafa
fbfafcfc
fdf9fcfc
fefcfafe
0000fefd
fcfefdfd
fcfdfdfc
fbfefdfa
f6fbfbfb
f9fafbfc
fcfcfdfa
fcfefaff
fbfcfcfa
00fb0000
00fff8fb
fafbfcfb
fef9fcfc
fbfbfafc
fcfefdfd
fcfdfdfb
fdfffeff
fefdfdfd
fefefefd
fcfcfefd
fbf9fdfb
fcfafbfc
fdfdfdfd
fcfdfdfc
00fcfdfe
fcfef900
000000fb
fdfcfbfd
fcfdfbfc
fcfcfdfd
fdfdfdfd
fefefdfc
fcfdfefe
fefffefd
fefefefd
fdfdfdfe
fefcfcfc
fdfefcfd
fdfdfdfd
fefdfdfe
fdfdfdfe
fefcfdf8
00000001
f7fbf9f9
fdf9f7f5
faf9f4f9
f8fafafb
f6fbf9fd
faf8f9fa
00fafbf8
fbfffcfc
fefdfdfa
fbfafcf8
fcfafbf9
fefbfdfe
fdfdfcf9
fdf8fbf6
f9fdf9fb
fc000000
01f9fafb
fbfcfdf9
fafafaf7
f9f9fdfb
fbfbfcfa
fcfbfafa
fcfdfcfd
fcfcfffe
fdfffcfd
fafafcfd
fafcfafc
fbfffdfd
fdfdfcfd
fcfcf8fb
f8fafffb
faf90000
0001fbfb
fdfcfdfc
fbfcfbfb
fafcfbfc
fcfbfbfd
fcfcfbfb
fdfcfdfc
fefefdff
fdfdfefc
fdfcfbfd
fdfbfcfd
fefdfefe
fdfcfdfd
fefcfdfb
fbfafcfe
fdfbf801
000000f8
fcf8fafc
f9f8f6fa
faf6faf8
fbf9fbf8
fbf9fefc
f8f9fafd
fcfbfbfc
fffcfcfd
fcfdfcfd
fafcf8fb
fafbfbfd
fbfcfefe
fdfcf9fd
f9faf7f9
fcfafcfb
00000000
fbfafbfb
fcfcfbfa
f9fbf9fa
fafcfbfd
fbfcfafc
fbfbfbfb
fcfefdfe
fcfefefd
fefdfcfd
fcfdfdfb
fdfbfcfd
fdfefcfc
fefcfdfb
fdfafbf9
fcfdfcfc
f5000000
00fcfbfc
fcfdfcfd
fbfbfcfb
fdfcfcfc
fdfcfefc
fdfcfcfd
fcfcfdff
fefcfefe
fdfefcfd
fdfcfefe
fcfdfdfe
fdfefffd
fdfdfefe
fdfdfcfd
fcfdfdfd
fcf30000
0000f9fb
f7fafafb
faf6f7f9
f7f7f7fa
f8fafafa
f8fdfcfa
f9fafcfe
fafefcfd
fefcfafd
fdfbfbfc
fbfbfbfc
fbfcfafc
fbf9fcfc
fafafbf9
fafbf9fc
fafcf900
000000fb
faf8fbfb
fbfcf7f8
f9f9f9f7
fafafcfc
faf8fbfa
fbfafbfb
fffdfffb
fdfffcfb
fcfcfcfa
fefbfcfb
fbfcfcfc
fffbf9fa
fbfcfafb
f9fafcfc
fbfbfcf7
00000000
fcfbfcfc
fdfbfdf9
fbfbfbfc
fbfcfcfc
fcfdfcfc
fcfbfcfd
fdfefffe
fcfdfefd
fcfcfcfc
fcfefcfd
fdfdfdfc
fdfffcfb
fbfdfdfb
fdfcfcfe
fdfdfcfc
f5000000
00f9fbf8
f9fafcfb
f6f8f9f8
f8f8faf9
faf9fcf9
fdfcfbf9
fbfcfffc
fefefcfd
fefb00fd
fbfbfdf9
fcfcfbfd
fcfafcfb
f9fefcfb
f9fbfafa
fcfbfafb
fcf70000
0000fbf9
f8fafafb
fef8f9f9
f8f9f8fa
fafcfbfa
f8fcfbfb
f9fcfaff
fffffcfc
fefdfbfe
fcfafbfe
fcfcfbfb
fcfcfcfe
fbf9fcfc
fbfaf9f9
fafdfdfa
fcfbf800
000000fc
fbfbfbfc
fbfdfafb
fbfafbfb
fcfcfdfc
fcfcfcfb
fbfcfdfc
fe00fefc
fcfefdfc
fefcfbfc
fdfcfdfc
fcfdfdfd
fffcfbfc
fcfcfbfc
fcfcfefd
fdfcfbf8
00000000
f9f7f2f6
f6f5f4f5
f5f7f5f4
f8f4f7f7
f4f5f5f7
f9fbf3fb
f4fcf7f9
faf3fcfb
f8fcf4f7
f701f6f8
f6fbf8f8
f4f6f8f3
f8f7f7f8
f8f6f400
fbf5f5f5
fc000000
01faf6f4
f7f7f8f7
f8f6f6f5
f6f7f6f7
f8f6f6f7
f8f9f9f5
fbf5fdfd
fdf8f5fc
fbf6fff7
f8f7fff8
fbf8f9f8
fbf6fafa
f5f8f8fb
f9f8f7f6
01fbf7f7
f6f90000
0000fbf8
f9f8faf9
f9faf9fa
f8f9fafb
f9faf8fa
fafaf9fa
fafcfafe
fffefaf9
fbfcf9fe
fbfbfafe
fafcf9fb
fcfcfbfd
fbfafafb
fcfafafb
f900fdfa
f9faf800
000000f8
f4f2f4f4
f2eff1f2
f5f1f3f8
f1f6f4f0
eff4f3f6
f8f3fcf1
fdf6f8f6
f1fcfaf7
f8f2f6f4
01f5f9f4
f7f4f6f1
f3f8f2f3
f4f4f7fa
f7f200f9
f1f3f301
00000000
faf3f5f5
f6f7f3f7
f4f6f2f6
f7f5f6f7
f5f4f8f5
f6f9f5fa
f3fffcfc
f7f2fcfa
f7fcf6f8
f6fff7fd
f7f6f6fb
f5f7f8f4
f6f8f8f8
f9f8f500
fbf4f7f6
fc000000
00fcf7fa
f6faf8f9
f9f8faf8
f9fafaf9
f9f8fbf9
f9f7fafa
fcf800ff
fcfaf9fb
fcf9fdfb
fcf9fefa
fdf9fafb
fdfbfdfb
f9f9fcfb
f9fafaf8
00fdf8f9
f9f60000
0001fcf9
f5fbf8f7
f8f6f8fa
f6f6fcf7
f9fdf5f8
f6fbfbf9
f5fdf800
fcfaf8f7
fefbf9fa
f7f8fbfe
f9f9f7f7
f9faf8f9
f8f9f8f8
f8fbfaf6
f9fefdf8
f6f8fc00
0000fffe
f8f7fbf8
fafbf9f7
faf7f8fc
f8f9fdf8
f8f8fbfc
faf7fbf8
ff00fcf8
f7fdfbf9
fbf6f9fb
fcfbfbf9
f8fafdf9
faf9f8f9
f9f8fafa
f8f9fffe
f9f8f9f9
00000000
fef9fafb
fbfbfbfc
f9fcfafa
fcfbfafd
fafbfbfb
fcfafbfc
fafffffd
fbfafefb
fafcfbfb
fcfcfcfc
fafbfcfd
fbfdfbfb
fafcfafc
fbfbfbfe
fefafaf9
f8010000
00fbf9f7
fef9fcfb
f8faf9f8
f5faf9f8
fffafcf5
fbfcfaf7
fbfbfcfc
fcfbf8ff
fcfbfcf9
f7fcfcfa
f8f7fafb
fafafafa
f9faf9f8
fdf9f5fb
fbfafcf9
f9f90000
0000fcf8
f8fdf9fc
fff9faf9
f9f8f9f9
f8fefbfa
f7fafcfa
f7fafafd
fffcf9f9
fffbfbfb
f9f8fbfb
fbfafafa
fcfbfcfc
faf8fafa
f9fcf9f7
fcfcfcfc
fafaf600
000000fc
fafafcfc
fdfdfbfa
fbfcfbfb
fcfbfdfb
fcfbfbfc
fafcfcfc
fd00fdfb
fbfefbfc
fcfcfafc
fdfcfbfb
fcfdfcfd
fefcfbfb
fdfbfcfc
fbfdfcfd
fcfcfbf4
00000000
f9fbfafb
fafafbf8
f9faf9f9
f9fbfcfb
fafbfbfb
fcfcfbfd
fcfffbfd
fcfcfeff
fdfcfdfd
fbfcfbfb
f9faf9fb
faf9fcf8
fcfbfafc
fcf9fafb
f9f9fafb
fd000000
00fafafa
fbfbfbfe
fafafbfb
fbf9fcfc
fcfdfcfb
fbfcfcfb
fcfc00fd
fffcfdff
fefdfdfd
fdfbfdfc
fcfbfbfa
fcfcfbfc
f9fbfbfb
fcfbfafb
fcfbfbfc
fbf90000
0000fcfc
fcfcfdfd
fefbfbfd
fdfcfcfd
fdfcfdfd
fdfcfcfd
fdfdfdff
fffffdfe
fefefefd
fdfdfcfe
fdfdfdfd
fdfdfdfd
fdfcfcfd
fdfcfdfc
fcfdfdfd
fcfcf700
000000f8
fbfafafa
fafcf7f9
faf9f9f9
fafbfbfb
fcfbfcfc
fcfbfbfb
fffafdfd
fdfdfefc
fdfdfefb
fbfafaf9
faf9fcf9
f8fcf8fd
fbf9fcfb
f9fafaf8
f9fafbfa
00000000
f9faf9fa
fafafef9
f9fbfafb
f8fbfbfb
fefcfafb
fbfcfbfc
fcfffdfe
fcfdfffd
fcfdfdfe
fafcfbfc
fbfbf9fd
fcfbfcf8
fbfbfbfb
fafafafc
fbfafcfb
f8000000
00fbfbfb
fbfcfcfe
fbfbfcfd
fcfbfcfc
fcfdfcfc
fcfbfdfd
fcfcffff
fffcfdfe
fdfdfdfd
fdfcfdfc
fcfcfcfc
fdfdfdfc
fbfcfcfc
fbfcfbfb
fdfcfcfc
fbf70000
0000f6f9
faf6f4f3
f6f3f6f8
f5fbf7f3
f9f2f6f3
fcf7f7fd
fdf9f4fc
f7f9f6fb
f8f8f7f8
fa02f4f9
f5faf6f5
f3fbf4f5
faf4f8f6
f4f4f9fb
f3f9f6f2
f5f8fe00
000002f8
f9f9f8f7
faf9f8f6
f9f8fdf6
f8f9f4fb
f9fcf9f8
fefcfaf8
fefbfaf8
fcfaf7f9
fafb00f6
f9f8fbfb
f6f6fdf9
f9fbf6f7
f7faf7fa
fbf5f9f7
f7f9f9f8
00000000
fafbfcf9
fcfcfafa
fafcfcfb
fcfcfcf9
fcfcfbfb
f900fdfd
fbfefefc
fbfefafb
fcfcfd00
f9fdf9fd
fbfbfafd
fbfbfbfb
fafcfcf9
fbfbf9fb
f9fafbfc
f7010000
00f4f5f7
f4f1eef1
edf1f8f0
fbf9f0f9
eff1effb
f6f3f8fb
fbf1fbf4
f7f2f9f7
f6f2f4f5
05f1f8f2
f7f6f0ef
f7f0f3f7
f3f4f3f1
f1faf9f0
faf3eeef
f6020000
fffff7f7
f8f8f5f5
f5f5f3fa
f5fcf8f7
f8f3f9f6
fcf7f4fa
fcfcf6fe
fafaf6f9
faf7f6f9
f801f4f9
f6fafaf2
f3fcf5f8
faf4f5f6
f9f4fafa
f3faf6f4
f5f8f800
000000f9
fbfdfafb
faf8f8f9
fdfbfafb
fbfbf8fb
fbfafaf6
fefbfef9
fffefafa
fcfafbfb
fbfcfff9
fcf8fcf9
f9fafdfa
fbfbfbf9
fbfcf7fa
faf8fcf9
f8fafbf5
01000001
f9faf7f8
faf8faf6
f6f9f7f7
faf7fbfa
fafafafe
fcfdfbfd
fa00fafd
fcfbfdfc
fafdfbfd
fafdf9fa
f9f9f9fb
f7f9faf8
fbfaf9fa
faf9fafd
faf8f9fc
f8000000
00faf8f7
faf9fafb
f8f6f8f8
f8faf9fa
fafdfaf9
fbfbfcfb
fcfafffc
fefafbfd
fbf9fbfa
fcf9fcfb
fcf9f9f9
fcf9fafa
f6f9faf9
fafaf9fa
fefbf8fb
fbfa0000
0000fbfa
fafafbfb
fbfbf9fb
fafbfafb
fbfcfdfc
fcfcfcfd
fcfcfbff
fefefbfc
fefbfbfb
fcfcfbfc
fbfdfbfb
fcfcfcfd
fcfafafb
fbfbfcfb
fbfefdfb
fbfbfb00
000000f8
faf6fafa
fafbf4f8
f9f8f7f9
f9f9fafb
fcfafdfd
fbfbfdfc
fdf9fcfd
fdfffbfb
fdfcfbfa
fbf7f9f8
fafafbf8
f9fcf9fc
fbfafafb
f9fbfaf9
fbf9fbfa
00000000
faf8f7fb
fafafef7
f8faf8f9
f9fafafc
fdfbf9fb
fbfcfafc
fbfffdfe
fbfc00fb
fbfbfbfc
fafdfafb
fafafafc
fbfbfaf7
fbfbfbfa
fafafbfb
fbfcfbfb
f9000000
00fcfafb
fbfcfbfe
fafafcfb
fcfbfcfc
fcfcfdfc
fcfcfcfc
fdfcfeff
fefcfcff
fcfcfbfc
fbfbfdfc
fcfcfcfd
fcfcfefc
fbfbfcfc
fbfcfcfc
fdfdfdfc
fbf70000
0000f8fc
f7f9fbf9
fbf6fbfb
f9fbf9fb
fafcf9fb
fbfefcfa
fdfefffe
fdfcfefc
fdfcfcfd
fcfbfdfd
f9f7fafb
fbf9fafb
fbfbfdfd
fafafefa
fdfbfcfc
fafefc00
000001f9
fbf9fcfc
fafdf9fa
fdfafbfa
fcfbfdfd
fdfbfdfc
fcfdfefd
fffefefd
fdfefdfd
fcfdfcfd
fefbfafd
fbfcfcfc
fcfcfcfd
fcfcfbfd
fbfdfcfe
fdfcfef7
00000001
fcfcfcfc
fdfcfdfb
fbfdfcfd
fdfdfdfd
fdfefefe
fdfcfdfe
fefe00ff
fdfefffe
fdfdfdfd
fefdfdfc
fdfdfdfd
fdfefdfd
fdfefdfd
fefdfdfe
fffefdfd
f6000000
00f7fdf7
fafbf8fa
f6fbf9fb
fbfafafb
fcf9fbfb
fdfcf9fd
0000fdfc
fcfefcfd
fcfdfcfc
fbfffcfa
f6fbfafb
f7f9fbfd
fdfbfdfa
fafdfafe
fafcfcf9
fffc0000
00fff8fc
fafcfcfa
fdfafbfc
fcfbfbfb
fcfefefd
fcfdfcfb
fdfffefe
fefefdfd
fefefefc
fcfcfffd
fbf9fdfb
fcfafbfb
fdfdfdfe
fcfcfdfc
00fcfefe
fcfef800
000000fb
fdfcfbfd
fbfdfbfc
fdfcfdfd
fdfcfefd
fefefdfc
fcfdfefe
fefffffd
fdfefefd
fdfdfdfe
fefdfcfc
fdfefcfd
fdfdfdfd
fefdfdfe
fdfefeff
fdfcfdf9
01ff0001
f6fbf9fa
fef8f5f7
f9f7f5f8
f7f8fafb
f6f9f7fc
f9f6f8fa
00f8f9f8
fafbfafb
fefbfbf8
fbf9fbf6
fbfafaf8
fefbfdfe
fdfdfdfb
fcf8fdf6
f8fef8fa
fb0000fe
02fafbfb
fcfcfcf8
fafafaf8
f8f8fbfa
fbfbfaf8
fbfaf9fa
fafcfafa
fbfafdfb
fd00fbfa
fafafbfc
f9fbfbfb
fcfffdfd
fdfdfdfe
fdfcf9fc
f7f9fffb
faf90000
0001fbfa
fcfcfdfb
fbfbfafb
fbfbfbfb
fbfbfbfd
fbfbfcfa
fcfbfdfb
fcfdfcfe
fafdfdfb
fcfbfcfd
fcfafcfe
fdfdfefd
fdfdfdfe
fefdfdfb
fcfbfcfd
fdfbf800
0000fff7
f9f9f9fc
f7f5f5fb
f9f2f8f7
f9fafaf3
f8f8fcf8
f6f8f8fe
fafaf7f9
fcfafcfc
fafbf9fa
f9fbf7fb
f9f8f8ff
fafbfdfe
fefcfafd
f9faf6f8
fdf8fafb
0000fe00
faf9fbfa
fcfbf9f9
f9fbf6f9
f8fbfafb
f9faf8fa
f9f9f9f9
fbfbfbfa
fafcfbfd
fffafbfa
f9fbfbfa
fcfafafb
fffcfcfd
fdfdfdfc
fdf9faf6
f9fffbf9
f4000000
00fcf9fc
fafdfbfc
fbfafbfa
fbfbfbfb
fafbfdfb
fbfafafb
fbfcfafd
fcfcfdfa
fdfefafd
fbfafdfc
fbfcfdfd
fdfefefd
fdfdfefe
fcfdfafb
fafcfdfd
faf10000
0000fafc
f7fbfcfa
f9f6fbfa
f8f9f9fb
fafcf9fb
f9fefcfa
fbfbfdfe
fcfdfbfe
fefcfcfe
fcfbfdfc
fbf9fbfc
fcfcfdfd
fdfdfdfd
fbfcfdf9
fbfbfbfe
fbfdf700
000000fc
fafafcfc
fbfbf9fa
faf9fafa
fbfbfdfb
fbfafcfc
fbfcfcfb
fffdfefb
fefefcfd
fdfcfcfc
fcfbfcfc
fcfdfefd
fefdfcfb
fdfdfdfd
fbfbfbfd
fefcfdf6
00000000
fdfbfdfd
fdfcfdfb
fbfcfbfd
fdfcfcfd
fcfdfcfd
fcfcfcfe
fdfdfffe
fcfdfefc
fdfcfdfd
fdfefdfc
fdfdfefd
fefffdfd
fcfefefd
fdfcfdfd
fefefdfc
f4000000
00fafdf8
fbfbfbfa
f6fafaf9
f8fbfafa
fef9fcf9
fdfdfbfa
fcfcfefb
fdfdfcff
fcf9fffd
fafdfcfb
fbfafbfd
fefcfdfc
fbfefcfb
fdfcfafc
fcfcfbfa
fef50000
ff00fbfa
f9fcfbfb
fefafafa
f9fafafa
fbfefcfb
f9fcfcfb
fbfcfafe
fdfefcfc
fffcfbfd
fbfafcfd
fcfdfbfc
fdfefdfe
fcfafcfc
fcfdfbfa
fbfdfefc
fbfcf600
000001fc
fbfbfcfc
fdfefcfb
fbfbfcfc
fcfcfdfc
fdfcfdfc
fbfcfdfc
fe00fefc
fcfefcfb
fdfcfbfc
fdfdfdfc
fdfdfefd
fffcfcfd
fdfcfdfd
fcfdfefe
fdfcfcf6
00000001
fcfaf3f8
f8f5f5f5
f6f8f5f4
fbf5faf9
f6f6f7f8
fbfcf8fb
f8fef6fc
f9f7fdfa
f6fbf7f8
f900f8f8
f7f7f8fc
f8f8faf7
f8f8fafd
f9f9f7ff
fdf6f6fa
fa0000fe
02fdf6f5
f7f8f6f6
f8f6f8f5
f6faf5f9
fbf9f6f8
f8fafaf9
faf7fdfb
fef7f6fb
faf6fbf6
f8f8fffa
faf7f9f7
fdf7fafb
f7f6f9fa
fdf9faf7
fffdf7f7
f7fa0000
0001fdf8
f9f7faf9
f9fbf8fb
f8f9fbfa
fafcfbfb
fafafafb
fafcf9fe
fffef9f9
fafbf8fb
fafbfafd
fbfdfafb
fbfdfafe
fbfbf9fc
fafcfafb
fafffefa
faf9f700
000000fc
f7f2f6f7
f2f0f3f2
f7f1f3fb
f1f9f6f3
f2f7f7f7
fbf7fbf6
fef5faf6
f4fdf7f3
f8f5f7f5
00f5f8f5
f6f4faf5
f5f9f5f5
f6f5fcfa
f9f3fffb
f2f4f8fe
0000feff
fdf4f4f6
f8f5f3f8
f3f8f4f6
fbf4f8f8
f7f5f8f8
f7faf9fa
f6fefbfd
f6f3fcf8
f5faf6f9
f6fff7fb
f7f7f6fd
f6f7faf5
f4f8f8fb
f9faf5ff
fcf4f7f7
fb000000
00fdf7f9
f6fbf9f8
fbf8fbf8
f9fcf9fa
f9fafbf9
faf9fafa
fcf8feff
fdf9f8fa
fbf8fafa
fcf9fdfb
fdf9fafa
fcfafdfb
faf8fcfa
fafafbf9
00fef8fa
f8f60000
0000fefc
f5fbfbf5
f8f5f8f7
f6f5fcf7
fbfbf8f8
f8fdfbf9
f9fefb00
f8fef9f8
fbfcf8fa
f9fafcfe
f9f9f8f7
fafaf8f9
fbf9fafa
f9fefaf9
fbfcfdf9
f8fbf900
00fffeff
f8f6fafa
f7f9f9f7
f8f7f7fc
f7fbfbfb
f7f8fcfb
fafafbfa
fefc00f7
f6fafbf7
f9f7fafc
fcfbfbf8
f9fafdf7
f9fcf8f7
f9f9fefa
fafafefe
f8f9fafa
000000fe
fefaf9f9
fbfafafc
f9fbfafa
fdfbfbfc
fcfbfbfb
fdfbfbfb
fafefeff
faf9fcfb
f8fbfbfb
fcfcfdfd
fafbfbfd
fafcfcfc
f9fbfafd
fcfbfbfd
fefafaf9
f9000000
00fbfcf8
fefcfafb
f6faf9f9
f7fbfbf9
fffafcf8
fdfcfafa
fdfefefc
fefbfbfe
fdfbfcfb
fafdfcfa
f9f9fafc
fcfbfcfd
fbfdfbfb
fefbf8fd
fcfdfefa
fdf90000
0000fcfa
f8fdfbfa
fdf9fafb
fafafbfb
fbfffcfb
f9fcfcfb
fafcfcfe
fffff9fa
fefcfbfc
fbfbfdfc
fbfafbfb
fcfdfcfd
fcf9fafb
fbfefbfa
fefdfefd
fbfcf800
000000fd
fbfbfdfc
fcfdfbfb
fcfcfcfd
fdfcfefc
fdfcfcfd
fbfdfdfd
fd00fefc
fcfefcfc
fcfdfbfd
fdfcfcfc
fcfdfcfd
fefcfcfb
fdfcfdfd
fcfefdfe
fdfcfcf7
00000000
fbfbf9fd
fafafcf9
faf9f8f8
f9f9f9fe
f9fcf9fc
fcfafafb
fcfefcfe
fbfbfffc
fdfffbfb
fdfdfdfc
f8fafcfd
fcfdfcfb
fdfcfb00
fbf8fdfc
fdfcfcfc
fc000000
00fcfaf9
fcfafcfe
fbfbfbf9
faf9fafa
fefbfcf9
fcfcfbfa
fbfafffe
fffbfbff
fcfcfefb
fbfcfdfd
fdfafbfc
fefdfefb
fafcfcfb
fefbfafc
fefffcfd
fbfa0000
0000fdfb
fbfcfdfd
fefcfbfc
fbfcfcfc
fbfefcfd
fcfcfcfb
fdfcfcfe
00fffcfc
fefcfcfd
fdfdfdfe
fefefcfd
fdfefeff
fdfcfcfe
fcfdfdfc
fdfffffd
fdfcf600
000000fa
fdf9fcfa
fbfcf7fa
faf8f8fa
f9f9fefa
fcf9fcfc
fafbfbfb
fffcfffc
fbfffcfc
fefcfbfe
fefdfcf8
fafbfdfc
fdfcfcfe
fdfbfffb
f8fdfcfd
fcfbfdf9
00000000
fbfaf9fc
fafbfefa
fafbf9fa
f9fafafe
fcfbf9fc
fbfbfafb
fafefeff
fbfbfffc
fcfdfbfc
fcfefdfc
fafcfbfe
fdfefcfa
fcfdfbfe
fbfafcfd
fffcfcfc
f9000000
00fdfbfb
fcfcfdfd
fcfbfbfc
fcfbfcfb
fdfcfcfc
fcfcfbfc
fcfcfe00
fffbfcfe
fcfcfdfc
fcfdfefe
fdfcfdfc
fefdfffc
fcfcfdfc
fdfdfcfd
fefefdfd
fcf70000
0001f7f8
faf6f4f7
faf6f8fb
f6f7f8f2
f8f5f7f6
faf9f8fc
fdf7f500
fafdf9fa
fcf8f8fa
f8fff8fc
f800f6f6
f8fbf6f8
f7f4fafa
f4f9f6fb
f7fdfbf4
faf7f800
00fd03f9
f7f9f7f5
fafaf7f7
faf6f8f6
f5f8f6f9
f7fbf8f6
fbfbf7f6
fffcfdf9
fafbf6f8
faf9fef6
faf8fff8
f6f7fdf9
faf8f4f6
faf6f8f8
f9f6fdf9
f7faf7f9
00000002
fbf8fbf9
fbfcfbfa
f9fcfafa
f9fafaf9
fbfbfbf9
f8fdfafb
fafefefc
fafcfaf9
fafbfbfd
f9fcf9fe
fafaf9fc
fcfdfaf8
f9fcf8f8
fafaf8fd
fbfafcf9
f6000000
00f5f5f6
f5f1f1f4
eff2f8f1
f6faedf7
f2f3f0f9
f5f5f6f9
f9f1fff5
faf5f6fb
f7f3f6f3
00f5faf4
fff3f0f3
f8f1f4f5
f1f7f7f0
f8f7f9f3
fef9eff3
f4fb0000
fdfff8f4
f8f6f3f6
f5f3f4f9
f3f7f8f2
f7f4f8f3
fbf5f4f8
faf8f3ff
f8fbf5f6
faf7f4f9
f4fff5f9
f5fef6f3
f3fdf3f7
f6f1f3f7
f5f7f7f8
f3fff8f2
f5f5f900
0000fffb
f7fbf7f9
f9f7f7f8
fcf8f8f9
f8f8f8fa
faf9f7f7
fcf9fbf7
fffdfbf8
f9f9f9f8
faf9fdf8
fbf8fff8
f8f8fcf8
fcfaf7f6
faf7f6f9
f9f7fffa
f6faf7f5
00000000
f9fef9fb
fafafbf6
f9f9f9f9
fdf7f9fc
f8faf8fc
fcfcfbfc
f9fffafe
fbfbfdfb
fbfdf9fe
fdfefbfe
faf8fbfd
fbfbfafb
fcfcf9fb
faf8fcfc
fefaf8fc
f50000ff
fffbfbfa
fbf9fafc
faf9faf8
fafcf8fa
fbfcf8f9
fafafcfb
faf8fefc
00fafbfd
f9fafbf9
fefbfcfd
fffaf9fa
fefafcfa
f8f9fbf9
fcfaf9fa
fefdf9fa
fbf70000
00fefdfb
fcfbfcfc
fbfcfbfb
fafbfcfb
fafbfdfb
fbfbfcfc
fcfcfafe
fefffbfb
fefbfafb
fbfcfcfd
fcfffbfb
fcfdfbfe
fcfafafc
fafcfcfc
fbfefdfa
fcfaf900
0000fffb
fdf9fdfb
fcfaf7fc
fcfaf9fa
faf8fdfb
fbf8fefc
fbfbfbfc
fdfcfefb
fcfffafd
fffafdff
fdfbfbfa
fcfdfdfc
fefbfbfc
fcfbfbfb
f9fcfbfd
fdfafcf7
00000001
fcfbf9fd
fbfcfdfa
fbfcfafa
fafaf9fd
fcfaf9fc
fbfcfbfc
fbfefeff
fafcfffa
fdfefbfd
fcfdfcfc
fbfbfcfe
fdfffbfa
fbfbfcfb
fbfafbfb
fcfdfbfc
f7000000
01fefcfc
fcfdfcfe
fbfbfcfb
fcfcfdfb
fcfdfdfd
fcfcfcfc
fdfdfdff
fefcfdfe
fcfdfdfd
fcfdfefd
fefcfcfd
fdfd00fc
fcfbfefc
fbfdfcfd
fdfdfdfd
fcf50000
0000fafc
fafdfcfa
fcf8fdfc
fafbfbfa
fbfdf9fa
fafefcf9
fdfeffff
fffdfcfc
fefdfdff
fcfdfffd
fcf9fcfb
fdfbfcfd
fdfefcfe
fbfbfcfb
fdfbfefc
fafefc00
000000fc
fcfbfdfc
fcfcfbfc
fefbfbfb
fbfbfefc
fcfbfdfd
fcfcfefc
fefffffc
fdfffdfe
fefcfdff
fefcfafd
fcfefdfd
fefdfdfd
fefbfcfd
fcfefcfd
fdfcfdf8
00000000
fefdfdfd
fdfdfdfc
fcfefdfd
fdfdfdfd
fdfefdfd
fdfcfdfe
fefe00fe
fdfdfffe
fdfefdfd
fefefdfd
fdfdfefe
fefffdfd
fdfefdfd
fefcfdfe
fefefcfd
f6000000
00fa00f9
fefdfafc
f9fcfafe
fbfbf9fb
fffafbfb
fcfdfafb
ff00fdfe
fefefbff
fdfdfefc
fc00fcfd
fafcfafe
f9fcfefe
fefcfdfa
fcfbfa00
fbfefcfa
fefa0000
00fffbff
fcfffcfb
fdfbfcfc
fdfbfcfb
fcfffdfd
fbfdfdfb
fbfefefd
fffffdfd
fffefeff
fbfd00fd
fefafdfc
fefcfcfe
fdfdfdfd
fdfefcfb
00fcfefd
fcfef800
000000fd
fefcfdfd
fcfdfcfd
fdfdfcfd
fcfcfefe
fdfdfdfd
fcfcfefe
fdfffffe
fdfffefd
fefdfdfe
fefefdfc
fdfffdfe
fefdfdfd
fefdfefd
fdfffeff
fdfcfdfa
00000001
f7fcf9fb
fcf8f7f7
faf6f7f8
f7f9f9fb
f6faf8fc
faf7f8fc
00f9f9f9
faf9fafb
fffbfdf9
fcfafcf8
fbfbfbf9
fdfbfdfd
fdfdfcfc
fcf8fef7
f9fef9fb
f70000fd
01fafcfb
fcfdfcfa
fbfbf9fa
f9f8fafa
fbfcfcf8
fbfafaf9
fafdfbfb
fafbfcfb
fdfffcfb
fafcfbfe
f9fbfcfc
fcfffcfc
fdfdfefe
fefbfafe
f8fafffa
fcf70000
ff01fcfb
fbfcfdfc
fcfbfbfb
fcfcfbfc
fafcfcfd
fcfbfcfa
fcfbfdfb
fcfdfcfd
fbfdfdfb
fcfcfcfd
fdfbfcfe
fefdfffd
fdfdfdff
fdfdfdfc
fdfbfcfd
fcfbf800
000000f6
f9f9f8fc
f7f5f5fa
f6f2f7f6
f9faf9f3
f9f7fcf8
f6f7f800
f8f8f6f9
f9f9fcfc
f9fdf8f9
f8fbf6fa
f9f7f6fe
fafbfcfe
fdfafafb
f8faf6f7
fdf8f9f9
0000fd00
f9fafbfa
fdfbf9fa
f9f9f6f8
f7fcfbfa
f9faf7fa
f9f9f9f9
fefafaf9
fafbfbfe
fffafcf9
fafbfdf9
fbfaf9fa
fffcfbfd
fefefcfd
fbf8faf6
f8fffbf9
f70000ff
00fcfafb
fafdfcfc
fbfafbfb
fbfafbfb
fafafcfb
fafaf9fb
fafcfafc
fcfcfdfa
fdfefbfc
fcfafdfd
fbfbfcfc
fcfefdfc
fcfdfefd
fcfcfbfb
fafbfefd
f9f6ff01
0000fafb
f9fafbf7
f9f6fcfb
f6f8f9fa
fafbf5f9
f9fdfcf9
fafbfefe
fefbfbfd
fdfcfbfd
fefafcfa
faf9fbfb
fcfbfefc
fbfbfefd
fbfcfdf9
fbfbfbfd
fafdf800
00fe00fb
fafbfbfe
fafaf9fa
fcf7f9f9
fcfbfbf9
faf9fafb
fbfbfcfd
fdfffdfb
fdfdfdfd
fcfdfbfb
fcfbfbfc
fcfcfcfe
fdfcfbfc
fdfbfdfd
f9fafafc
fffcfbf9
00000000
fdfbfcfb
fdfcfcfb
fbfcfbfb
fbfcfcfb
fbfcfcfb
fbfbfcfd
fdfcfffe
fcfdfdfd
fdfcfcfd
fbfdfdfc
fcfcfcfc
fefefcfb
fcfefcfc
fcfcfbfc
fdfffefa
f7000001
00fafdf9
fdfcfbfb
f8fbfbf9
f9fafafa
fef9fbf9
fefefbfa
fcfdfffc
fefdfcff
fcfafefe
fbfefdfb
fbfbfcfe
fdfcfefd
fcfdfdfc
fdfdfafe
fcfdfcfb
fff60000
ff00fbfb
fafcfdfb
fdfaf9fb
fafbfafa
fbfdfcfb
fafcfcfb
fcfdfcff
fefffcfd
fffefcfd
fdfdfdfe
fcfcfcfd
fdfefdff
fcfcfcfe
fcfdfdfb
fcfcfefc
fcfef900
000001fd
fcfcfcfd
fcfdfcfb
fcfbfcfc
fcfcfdfc
fdfcfdfc
fbfcfdfc
fefffffc
fdfefdfc
fcfdfdfd
fefefdfd
fdfdfdfe
fffcfcfc
fefcfdfd
fcfdfefe
fdfdfdf8
ff010000
fdfbf7f8
faf9f8f6
f9faf8f7
faf8f9fb
f8f7f9fa
fcfcfafa
fa00fbfd
fafafffa
f8fbfafb
fafffaf9
f9fafbfe
fafcfbf9
f9fafafc
fbfafafd
fdfaf8fb
f60000fe
02fef9f8
f8fbfaf9
f9f7fafa
f8f9f8f8
fbfaf9f9
fbfafbfb
fbfaffff
fff8fafd
fafafbfa
fcfafffc
fafafbfb
fefbfefb
faf9fbfb
fbfafafa
fcfefbfa
fcf9ff01
0001fdfa
faf9fcfb
fbfbf9fb
fbfbfbfb
fafcfbfd
fbfcfbfb
fbfcfcfe
00fffafb
fcfbfbfb
fcfdfbfe
fcfdfbfc
fdfdfcff
fcfbfafd
fbfbfcfc
fcfdfefc
fcfcf8ff
010000fd
faf5f8f9
f6f4f3f6
f8f5f5fb
f5f8f8f5
f5f8f8f9
fbf8fbf7
00f9fcf8
f8fff9f6
faf8faf9
fff8f9f8
f8f9faf8
f9faf7f8
f8f8fbfb
faf6fefd
f6f6fbf7
0000fdff
fff6f7f7
faf8f5f8
f5f8f8f6
faf6f8f9
f8f6f9f9
f8fbf9fa
f800fdfe
f7f7fdfa
f6faf8fb
f9fefafa
f9f9f9fd
f8f9fbf8
f6faf9fb
f9faf7fe
fdf8f8fa
fa0000ff
00fef9fa
f7fbfaf9
fbf9fbfa
f9fcfafa
faf9fbfa
fbfafafb
fcf9ffff
fff9f9fc
fbf9fafa
fdfafdfc
fdfafbfb
fdfbfcfc
faf9fdfa
fbfbfcf9
fffefafb
faf70000
0000fdfd
f6fafcf7
f8f6faf8
f8f8faf7
fbfcf9f9
fafefdf9
f9fefbff
fafcfaf9
fbfcf8fb
fafafcfd
f9f9faf8
fcfaf8fa
fcfafbfa
fdfefaf9
fbfcfdfa
f8faf800
00fffffe
faf7f9fb
faf9faf9
fafbf8fa
f9fbfcfb
f9fafcfc
fbfafcfb
fffdfff8
f8fbfdf9
faf9fcfc
fdfbfaf9
fafbfcf8
fafcf9f9
fbfbfdfa
fafcfdfe
fafafafa
000000ff
fefbfafa
fcfbfafc
fafcfbfa
fdfcfbfd
fcfcfbfb
fcfbfbfc
fbfefe00
fafafdfc
fafbfbfc
fcfdfdfd
fbfcfcfd
fafcfcfc
fafdfbfd
fcfcfcfe
fefbfbfa
fbff0100
fffcfcf8
fdfcf9fa
f8fbfafb
f8fbfafa
fefafbf8
fdfcfafb
fdfefefc
fffafbfe
fdfbfcfb
fbfefefa
f8f9fafc
fcfafcfc
fbfcfbfc
fffcf9fd
fcfdfff9
fcf80000
ff00fcf9
f9fdfcfa
fcfafafc
fcf9fafa
fbfefbfa
f9fbfbfb
fbfcfdfd
ff00f9fa
fefdfbfb
fbfcfdfd
fbf9fafb
fbfcfbfd
fcfaf9fc
fbfffbfa
fefcfdfe
fafbfc00
000000fd
fbfbfcfc
fcfcfbfb
fcfcfcfd
fdfcfefc
fdfcfcfc
fbfcfdfd
fdfffffb
fbfefcfc
fbfcfcfd
fefcfcfb
fcfdfcfc
fffcfcfb
fefcfdfd
fcfefdfe
fefcfbfb
ff010100
fafbf9fc
fafafaf9
fafaf9f8
faf9f9fd
f8fbf9fb
fbf9f9fc
fcfefdfe
fafbfffc
fcfefbfb
fdfefbfa
f9f9fcfc
fcfefcfb
fdfcfcfe
fcf8fcfc
fdfdfafc
fa000000
00fbfafa
fcfcfbfc
fafafcfb
faf9faf9
fdfafbf9
fbfafafa
fcfbfdfe
fffafbfe
fcfcfdfb
fcfcfefc
fbfafafb
fcfcfffb
fbfbfdfc
fefbfafd
fdfdfdfb
fcfd0000
0000fdfa
fbfcfdfd
fdfbfbfc
fcfcfcfc
fafdfcfc
fcfbfbfa
fcfcfcfd
fffffbfc
fefcfdfc
fcfdfdfe
fdfdfcfc
fcfdfd00
fcfcfcfe
fcfcfcfc
fdfefefd
fcfcfaff
010100fa
fcf8fbfa
fafcf8fa
fbf9f8f9
f8f9fdf8
fcf8fcfb
f8fafbfc
fefdfffc
fafefcfc
fefbfcff
fefcfbf8
f9fcfcfb
fefbfbfd
fdfbfefc
f8fdfbfd
fcfafcf8
00000000
fbfafafb
fbfbfdfa
fafcfbf9
f9f9f9fd
fafaf9fb
fafafafb
fbfefe00
fbfbfdfc
fcfdfbfd
fdfffcfa
fafafbfd
fcfffbfb
fbfefbfd
fafafdfb
fefdfbfc
fc000000
00fcfafb
fbfcfdfd
fbfbfcfc
fbfbfbfa
fcfbfcfc
fbfbfbfb
fcfcfd00
fffbfbfd
fcfcfcfc
fcfdfefd
fcfbfcfc
fdfdfffc
fcfcfefb
fcfcfcfd
fdfefdfc
fcfaff01
0100f8fa
f8f9f6f9
fcf4f9fb
f8f7f7f5
f8f7f5f9
fafafbfb
f9f9f600
fbfdfafa
fafaf9fd
f7fffbfd
f6fff7f6
faf9f9f9
f8f7fbfe
f8f7f7f9
fafcfbf6
faf7f300
00fe01fa
f8f8f8f9
fbfbf7f9
fbf9f7f7
f6f9f7f8
f8fbf8f9
fbf9f9f6
00fdfff9
fafafaf9
fcf8fff8
fcf8fcf7
f7f7fcf9
faf8f6f8
fef8f8f7
f9f8fdfa
f8fbf7f9
00000000
fcf8faf8
fbfcfafa
f9fcfaf9
f9f9faf9
fbfbfaf9
fafdfbfb
f9fffdfe
fafbfafa
f9fbfafd
f9fcfafe
fafaf9fc
fafcfaf8
f9fcf8f9
f9fbf9fe
fbfbfcf8
fbff0100
00f7f8f7
f7f5f6fa
f2f7faf5
f7f8f1f8
f5f4f5fb
f7f9f9f8
f9f200fa
fcf8f8fb
faf7faf6
00f9fcf4
fef6f4f8
faf5f8f7
f4f9fcf7
f6f8f9f6
fdfbf3f6
f7f40000
fe00faf6
f8f8f8f9
f9f5f7fa
f9f7f8f4
f7f5f8f6
fcf6f7fa
f9f9f500
fdfef7f8
faf9f6fb
f7fff7fc
f7fcf7f5
f6fdf6f9
f7f4f6fc
f8f7f6f9
f6fefaf6
f9f7f900
00ff00fc
f8faf7fa
faf9f9f9
fcfaf9fa
f9f9f8fb
faf9f8f9
fcfafbf8
fffefdf8
fafafaf8
fcfafef8
fdfafef9
f9f9fdf9
fcfaf7f8
fcf8f8f9
faf7fefb
f9faf8f8
ff010000
fbfefbfb
fbfbfcf8
fbfcfafb
fbf9fafd
fafbf9ff
fdfcfcfb
fbfefdff
fcfcfefc
fcfefcff
fffefbfc
fbfbfefe
fbfefcfc
fcfcfcfb
fcfbfcfc
fefbfafd
f4000000
00fcfcfb
fbfcfcfc
fafbfcfc
fbfbfafa
fcfcfafa
fcfcfcfc
fcfafdff
00fafdfe
fcfcfcfb
00fefefd
fcfbfbfd
fefbfefb
fafafcfc
fcfbfafc
fcfefcfb
fdf90000
0000fdfd
fcfcfcfd
fcfcfcfc
fcfbfcfc
fbfdfdfd
fcfcfdfc
fcfdfcfd
fffffbfc
fefcfcfd
fcfefdfe
fcfefcfc
fdfdfcfe
fcfbfbfd
fbfbfcfc
fcfdfdfc
fcfdfaff
000000fa
fcfafbfc
fafaf5fb
fbf9f7f8
f9f8fcf6
faf7fdfb
f9f9fafe
fd00fbfa
fafcf9fd
fefbfbfe
fcfbfaf9
fafdfafd
fffbfbfc
fbf9f8fb
f8fdf8fd
fbfafbf8
0000fe00
fbfafafb
fdfbfaf9
fafaf9f8
f9f9f8fc
f8faf8fb
f9fafafb
fdfb00fc
f9fbfdfa
fefbfbfb
fcfcfcf9
faf9fcfa
fe00f9fa
f8fafafa
faf8fcf7
fbfdfbfb
fa000000
00fcfcfb
fbfcfdfc
fafbfbfb
fbfbfbfa
fbfbfbfb
fbfafafb
fcfdfb00
fdfafcfd
fcfdfbfc
fbfcfdfc
fcfbfafd
fbfd00fb
fbfafdfb
fafbfbfc
fafcfefd
fbf90000
0000fafc
fafcfdfb
fbf9fcfa
fafafbf9
fafdf8fb
fafdfdf9
fafe00fd
fffdfdfa
fefcfdfe
fefbfefc
fdfafcfb
fef9fdff
fefefcfc
fafbfcf9
fefafdfd
fafdfa00
00fe00fb
fcfcfcfe
fcfbfcfc
fbfcfafb
fbfafdfb
fcfafdfd
fbfbfdff
fd00fefd
fbfefdff
fdfdfcfe
fcfdfafc
fbfefbfd
fffcfdfc
fdfcfdfc
fafffbfd
fefcfcfa
00000000
fdfdfcfc
fdfdfdfc
fdfdfdfc
fcfcfcfd
fdfdfdfd
fdfbfcfd
fffd00fe
fcfdfefe
fefdfdfd
fefefefd
fcfcfefc
fefffdfd
fcfefdfd
fdfcfefc
fefffdfc
f9000000
00f9fdf7
fdfbf8f9
f8faf9fd
f9faf8f9
fcf7fbf9
fbfef6f8
fefefcfd
fdfdf9fd
fbfcfcfb
fb00fcfa
f9faf800
f7fafdfd
fbfafbfa
f9faf7fd
f9fdfcf8
fdfa0000
fffffafd
fbfffdfa
fbfbfbfd
fefafbfa
fafdfbfc
fafcfdfb
fafdfdfc
fffefdfc
fefdfefd
fbfc00fe
fbfafcfc
fffbfcfe
fcfcfcfe
fdfdfcfa
fffbfefe
fbfef900
000000fd
fcfbfefd
fcfdfcfd
fdfdfcfc
fcfbfefd
fdfcfcfd
fbfcfdfe
fcfffefd
fdfefdfd
fcfdfdfe
fefdfdfc
fdfefdfd
fefcfdfd
fefcfdfd
fcfefcfe
fefcfcfa
00000000
