0836070a
02070417
69760013
04002c10
0633030a
05030315
00720013
05000b12
052f020b
03040112
00660012
04000c0c
042b010b
0201000e
025f0011
04000c0a
032a020b
0203000f
005c0011
04000c0a
0327020b
0303000d
00560011
03000a09
0226010b
0303000d
01520010
03000909
0224020c
0203000a
024e0010
03000907
0122010c
02030009
004e0010
04000809
0121020b
02030008
0249000f
03000808
0021010b
0203000a
0347000f
02000907
001f010b
02030008
0346000f
02000808
001f020b
03040009
0345000f
02000906
001f010c
04030009
0244000f
03000706
001e020c
03020007
0443000f
03000806
001f020b
02030008
0442000f
02000805
001f010c
02040007
0444000f
03000804
011f010c
02030005
0445000f
03000805
001f010c
02030005
0346000f
03000805
0020010c
02030006
0446000f
03000804
0020010d
02030005
0347000f
03000805
0020010d
02030005
0347000f
03000805
0120010d
01030004
0347000f
03000805
0020010d
02030004
0347000f
03000805
0020010d
02030004
0347000f
03000805
0020010d
02030004
0347000f
03000805
0020010d
02030004
0347000f
03000805
0020010d
02030004
0347000f
03000805
0020010d
02030004
0347000f
03000805
0020010d
01020004
0347000f
03000805
0121010d
01030004
0448000f
03000804
0121010d
02030004
0349000f
03000805
0121010d
01030004
0349000f
03000806
0121010d
02030004
0349000f
03000805
0121010d
01030004
0349000f
03000806
0121010d
01030004
0349000f
03000806
0121010d
02030004
0349000f
03000805
0121020d
01020004
0349000f
03000805
0121010d
00030004
044a000f
03000804
0121010d
01030004
034b000f
04000806
0122010d
02030004
034b000f
04000806
0122010d
02030004
034b000f
04000806
0121010d
02020004
034b000f
04000806
0122010d
02020005
034b000f
04000806
0122010d
02020005
034b000f
03000806
0021000d
00000004
044b0010
02000806
0121000d
00010005
054b0010
02000907
0122000e
00000004
064d0011
01000a03
0121000e
00000004
024f0012
02000907
0225000f
00000005
084f0012
01000c06
0227000e
00020006
04560010
04000c05
0327000f
00020006
03580010
04000b05
0327000f
00010005
03580011
04000a07
0328000e
00000007
03590011
03000c06
0328000e
00010007
03590010
04000c06
0328000e
00010008
035a0011
04000c06
0328000e
00020007
035b0011
04000b07
0328000f
00020005
035a0010
04000c05
0329000e
00010007
035b0011
04000c07
0329000e
00030008
035a0010
04000c06
0328000e
01010007
035b0010
05000c07
0328000e
00030006
035a0010
04000c06
0429000e
00030005
035a0010
04000b06
0329000f
00020005
035b0011
05000c07
0329000f
00020005
035b0010
05000b06
0329000f
01020005
025c0010
05000b07
0329000f
00030005
035b0010
05000c07
0329000f
00010006
035c0011
05000b07
0329000e
00020007
035c0010
04000c06
0329000f
00030006
025c0011
05000c07
0328000f
00010006
025b0011
04000c07
0125000e
00000006
005a0013
05000a0e
0223000e
00000006
05500013
01000b08
0123000e
00000006
03530013
02000b0b
0022000e
00000005
01510012
0100090f
0022000e
00000005
044c000f
01000906
0022010d
00040005
024d000f
03000808
0122010d
02030005
044b000f
04000805
0222020d
02030004
044d000f
04000805
0122010d
02030004
024d0010
04000806
0122010e
02010004
034d000f
04000806
0122010d
01020004
024c000f
03000807
0122010d
00020004
034b000f
03000806
0122010d
02020004
034b000f
04000806
0122010d
01020004
034b000f
04000805
0122010e
02030004
044b0010
04000805
0122010e
02010004
034c0010
04000807
0122010e
02020004
034c000f
04000806
0121010f
03020003
024c000f
05000806
0121020e
02020004
034c000f
04000906
0121000e
01010003
034b0010
04000806
0121010e
01010003
034b0010
04000806
0021000e
01030002
034b000f
04000806
0020000e
00030001
034a000f
04000806
0121010e
01020002
034a000f
04000906
0121010e
02030003
034a000f
04000805
0121010d
02020004
034a000f
04000806
0121020d
02020004
0449000f
03000806
0122020d
02030004
044b000f
04000905
0122010d
02020004
034b000f
04000906
0122000d
02030005
034c000f
04000906
0121010d
01030004
024b000f
04000807
0021010d
02020006
034a000f
03000807
0121000d
02030006
034a000f
03000905
0121000d
02030006
034a000f
03000906
0121010d
02040005
0349000f
04000806
0121010d
02020004
0349000f
03000805
0121010d
02030004
0349000f
03000805
0121010d
02020006
034a000f
03000906
0121000c
02030007
034a000f
03000905
0122000c
02030006
044a000f
03000905
0122010c
02050007
034b000f
03000a06
0122010d
02040006
034a000f
03000906
0122000d
01020006
044b000f
03000a05
0223000d
02020008
054c000f
03000b05
0225010d
02030009
0550000f
03000b03
0326010c
02040009
04520010
03000b04
0328000c
0203000c
05550010
03000c04
0329010c
0202000c
04570010
03000b04
052b010c
0003000c
055a0010
02000c03
052d010c
0102010d
045e0011
03000d04
062f010c
0002010e
05620011
03000e03
0833010c
00040311
07670011
02000f03
0937020d
00020511
08710011
03001202
08380011
00030811
06790012
05001002
08380013
00000906
027e0013
07001008
08380013
00000905
027e0013
07001008
08380013
00000905
02830016
1300104f
08090800
030a0017
67010000
05002612
070a0400
05040014
00000000
05000a10
05080300
04040011
00000000
04000a0d
04090201
0204000e
00000000
04000a0b
04070202
0304000d
00000000
0400090a
03070301
0404000e
00000000
0300090a
02070202
0305000e
00000000
03000808
02060203
0404000b
00000000
03000708
01060304
04050009
00000000
04000609
01060205
03030009
01010000
03000808
01060104
0203000a
02010000
02000806
00060204
03030009
01010000
03000707
00060204
03040008
01000000
02000707
00060105
03040009
02000000
02000705
00060205
02050009
02000000
02000606
01050206
02040006
02010000
03000605
01050206
02040005
03000000
03000605
01050207
02040005
03000000
03000605
01050107
02030005
03000000
03000605
01050107
01040005
04010000
03000705
01050107
02030005
02000000
03000705
01050106
02030006
02010000
03000706
01050107
02030005
02010000
03000606
00050107
02030004
02000000
03000605
00050107
02030004
02000000
03000605
00050107
02030004
02000000
03000605
00050107
02030004
02000000
03000605
01050107
02030004
02000000
03000605
01050107
02030004
03010000
03000605
01060207
01030004
02020000
03000605
01050107
02030004
02020000
03000605
01050107
02020004
02000000
03000605
01050107
02030004
02000000
03000606
01060207
02030004
02010000
03000606
01050207
02020004
02010000
03000605
01050107
01030004
02010000
03000705
01050107
01030004
03020000
03000606
01050106
01020004
02020000
03000606
01050207
02030004
03020000
04000605
01050207
02030004
02000000
04000606
01050207
02030004
02000000
04000706
01050208
03040006
05000000
04000806
01060208
03030005
04050002
04000707
020a0107
00010006
070a0001
02000905
020a0107
00010006
060b0002
02000907
02090008
00020005
04090000
04000905
020b0008
00010004
040c0000
04000807
03070008
00010004
03090000
04000806
03060107
00010004
02020000
04000806
03080107
00020006
02040000
04000a06
03070106
01020007
02020000
04000906
03070107
01030007
02000000
04000906
03070107
01010007
02010000
05000907
04070006
01030008
02000000
04000b05
04070006
01020008
02010000
04000b06
04070105
02030008
01000000
04000a07
03070107
01030007
01000000
05000a06
04070107
01030006
01010000
05000906
04070107
01030006
02000000
05000b06
04080105
01030008
01020000
05000a07
04070106
01020007
02010000
04000907
03070007
01030005
02020000
05000a07
03060007
01020004
02020000
05000907
03060007
01020005
02000000
05000a06
04060107
01020005
01000000
05000907
03060107
01020005
01000000
05000906
03070007
01010006
02010000
05000907
04070007
01020006
01010000
04000a06
04070006
00020006
01000000
05000a07
04060107
01030005
01000000
05000907
04060107
00020006
02000000
05000a06
04080006
00020008
01020000
04000b07
03080006
00020008
01030000
04000a07
03070007
00030007
01020000
04000a07
030d0008
00010007
010c0000
05000b09
030b0008
00020007
020e0000
04000a07
010d0008
00020007
000e0002
05000a0e
010b0008
00010005
020f0002
02000908
01060208
02040005
000b0002
0300070e
01050108
05020005
03050002
04000909
01070207
03060006
05050001
04000708
01060207
02030005
02020000
04000706
02060207
02030005
02020000
04000607
01060107
01020004
02020000
04000706
01050107
01030004
02020000
03000707
01050207
02040004
02010000
04000606
01060207
02040005
02000000
04000705
01050107
02030004
02010000
04000606
01050107
01030004
02010000
04000606
01050107
01020004
02010000
04000706
01050107
02020004
02010000
04000706
01050107
02020004
02000000
04000706
01050109
02020004
02010000
04000606
01050109
02010003
02020000
04000706
01050209
02020003
01020000
04000607
01050108
02030004
02010000
04000705
01050108
02030003
02010000
04000605
01050207
01030004
02010000
04000606
01060207
01040004
03020000
04000706
01050207
02030004
02000000
04000606
01050107
02030005
02000000
04000706
01050107
02030005
02000000
04000706
01050106
02030007
02000000
03000807
01050007
02040006
02000000
04000806
01050107
02040005
02010000
03000706
01050107
02030004
02000000
04000706
01050107
02030005
02010000
03000706
01050107
02030004
02000000
03000605
01050207
02040005
02000000
03000705
01050007
02040006
02010000
03000805
01050107
02040005
02010000
04000806
01050206
02030006
02000000
04000706
01060106
03030006
03000000
03000706
01050206
02030007
03000000
03000805
02060106
03030009
03000000
03000906
02070105
03040009
05000000
03000904
03060105
01040009
05020000
03000a05
03070104
0204000c
03000000
03000a05
04070103
0103000c
04000000
02000b03
04080102
0103000d
03000000
03000a04
05080202
0102000e
04000000
03000c04
05080102
0103000f
04000000
02000d04
07090101
01030010
06000000
03000d04
09090200
01040011
09000000
03000f00
090a0104
01030011
05000000
05000e03
08080008
0101020a
04000000
07000e07
08080008
00000205
00000000
07000f08
08080008
00000205
00000000
13000f4f
07090800
030b0015
63000000
05002311
060b0400
03030012
00010000
0400090e
05080300
04040010
00000000
0400080d
04070302
0305000d
00000000
0400080a
03070302
0303000d
00000000
0300090a
03080202
0305000e
00000000
03000909
03060303
0205000b
00000000
03000709
02060303
0305000a
00000000
03000609
01060304
03040009
01000000
03000608
01060204
03040009
01010000
02000706
01050204
03050009
01000000
02000707
01050204
03040009
01000000
02000607
00060304
03040009
02000000
02000806
00060205
0305000a
02010000
02000706
00050204
04040008
02010000
02000705
00050206
03050007
03000000
03000605
00050206
03030005
03010000
03000605
00050206
02030006
04000000
03000604
01050106
02030005
04010000
03000605
01050107
02030004
03010000
03000605
01050107
02030004
02000000
03000605
01050107
02040005
02000000
03000605
01050107
02030004
02000000
03000605
00050107
02030004
02000000
03000605
00050107
02030004
02000000
03000605
00050107
02030004
02000000
03000605
01050107
02030004
02000000
03000605
01050207
01030004
02010000
03000606
01050207
01030004
03020000
03000605
01060107
02030004
02010000
04000606
01050207
02030004
02000000
04000605
01050107
02020004
02000000
03000606
01060107
02030004
03010000
03000605
01060107
01020004
02020000
03000605
01060107
01030004
02020000
03000606
01060207
01030004
03010000
04000606
01060207
02030003
02020000
04000606
02050207
02030004
02010000
04000606
02060208
02030004
04010000
04000606
01060208
03030005
06030002
04000707
010a0008
00000005
070b0002
02000a06
020b0008
00030005
060d0001
02000a06
020b0108
00010005
030c0000
04000806
02070107
00050005
040b0000
04000806
03070107
00040005
02030000
04000807
03070107
00020005
02030000
04000805
03060107
00010005
02020000
04000806
03060107
01020006
01010000
04000906
03060206
01020005
01010000
04000706
04060206
01020005
01010000
04000806
03070205
00020007
02010000
04000906
03070005
01010008
01010000
04000906
03060105
00020008
01010000
04000907
04060105
01030007
02010000
04000806
04060205
02020007
01000000
04000807
04070205
02030007
02000000
04000806
04060206
01040006
01000000
05000806
04060106
01020006
01000000
05000807
03070206
01020006
01010000
05000806
04060106
01020006
02010000
04000806
04060206
01030005
02010000
04000807
04060107
02020006
02000000
05000907
03070106
02020007
01000000
05000906
03060107
01020006
01000000
05000906
04060106
01020005
01010000
05000907
04060106
01020006
01010000
04000807
04060206
01020007
01000000
04000907
04070206
02030007
02000000
05000806
04060206
01030005
01000000
05000706
04060207
00010004
01000000
05000706
04060206
00020004
01010000
05000806
04070206
00020005
01000000
05000806
04070206
00020007
01010000
04000906
04070005
00020008
01010000
04000907
03070007
00030007
01020000
05000907
04070006
00010007
01010000
04000a07
03080006
00020009
01030000
04000a07
03070006
00020008
01020000
04000907
030e0008
00000007
010a0000
04000b08
020b0008
00050009
02110001
05000b0e
02100008
00000005
05120003
04000b0e
01080208
00050006
000d0002
03000a10
01050208
04030006
03040003
04000806
02060207
04050005
02040000
04000707
01060107
02030004
02010000
04000707
01060107
01020004
02020000
04000707
01050107
01020004
01020000
03000607
01050207
02030004
02010000
04000606
02050207
02030004
03000000
04000705
01060107
02020004
02020000
04000706
01060206
01030004
01020000
04000607
01060107
01020004
03020000
03000606
01050107
01020004
01020000
04000607
01050107
02020004
02010000
04000706
01050108
02040003
01010000
04000706
01050108
01020004
02020000
04000706
01050308
02050003
03010000
04000507
01050207
02020004
03010000
04000605
01050107
02020004
02000000
04000706
01060107
02030004
02010000
04000706
01050106
02040006
02010000
03000707
01060107
03030006
02010000
04000706
01050107
02040005
01000000
04000707
01050207
02040005
02000000
04000705
01050107
02020004
02010000
04000607
01050107
02030004
02010000
03000706
01050106
02040006
02000000
04000806
01050107
02040005
02010000
04000606
01050107
02030005
02000000
03000705
01050107
02040006
02000000
04000706
01050207
02040005
02000000
04000606
01060206
02030005
02000000
03000706
01060206
02040007
03010000
03000805
01050105
03030008
02010000
03000806
01060105
02030009
03010000
03000906
03060105
0205000a
06000000
03000904
02070304
0406000a
05010000
04000a06
03070105
0203000a
03010000
03000a05
04070203
0203000b
04000000
03000a04
04080202
0104000d
04000000
03000b04
05080102
0104000e
04000000
03000b04
06080101
0103000f
04000000
03000c04
06080201
0103000f
06000000
03000d03
080b0200
00040011
09000000
02000e01
090b0201
00030012
06000000
04000f03
08090107
01030110
04000000
07000e06
08080008
00000206
00000000
07000f08
08080008
00000205
00000000
13000f4f
06090900
040b0012
5f000000
0500200f
06080400
04040011
00000000
0400080d
05090300
0403000f
00000000
0400080b
04080301
0203000e
00000000
03000809
03070301
0303000c
00000000
0300080b
03070202
0305000d
00000000
03000808
02060303
0404000a
00000000
03000609
02060402
0305000a
00000000
03000609
01060304
03050009
01000000
03000507
01050205
03040007
03000000
03000606
01050304
03040008
01000000
03000608
00050304
03040007
01000000
02000607
01060304
03040009
02000000
02000706
00050204
0306000a
01000000
02000707
00050205
04050008
03000000
02000607
00050206
03040007
03000000
03000604
00050206
03030006
04000000
03000605
01050205
02030007
03010000
03000605
01060306
02040006
03000000
03000604
01050306
03020006
02000000
03000605
01050206
03030006
02000000
03000606
01050207
03030005
02000000
03000605
00050107
02030005
02000000
03000605
00050107
02030004
02000000
03000605
01050207
02030004
02000000
03000606
01050107
02020005
03000000
03000605
01060107
02030005
03010000
03000605
01060107
02020004
02020000
03000606
01050207
02030004
02020000
04000606
01050207
02030004
02000000
04000606
01050207
02030004
02010000
04000606
01050206
02030004
02010000
03000605
01050206
02030005
03010000
03000605
01050206
03030005
02000000
04000606
01050306
03040004
02000000
04000606
01050207
03020005
03000000
04000706
01050207
03020006
04020001
04000706
020a0208
01010005
07080001
02000a04
030c0008
00000005
060b0002
02000907
030c0206
01030006
030e0000
04000907
03060206
01030006
050a0000
04000806
03070106
01020007
01020000
04000807
03070105
01020007
02010000
04000806
03060106
01020007
02000000
04000806
03070206
01020006
02010000
04000806
03060206
01020005
02010000
04000706
04060206
01020005
01000000
04000806
03060106
01020006
01010000
04000806
03070106
01010007
02010000
04000806
03060105
01020007
01010000
04000806
04070105
00020007
02010000
04000806
04070106
00030006
02010000
04000806
04070106
00030006
01010000
04000907
04070106
00010006
02010000
04000906
03070106
01020006
01020000
05000807
04070206
00020005
01010000
05000706
04060206
00020005
01010000
04000706
04060207
00020005
02000000
05000806
04070106
00020006
01020000
04000807
04060105
00020007
02020000
04000906
04060106
00010006
01010000
04000807
04070105
00020006
02010000
04000906
03060106
01020007
01010000
04000907
04060106
01020007
01010000
04000906
04070106
01010007
02010000
04000906
04070206
00020006
01010000
04000806
04070106
00020006
02010000
04000807
04070206
00030006
02010000
04000807
04060206
00020005
02010000
05000706
04060206
00010005
01010000
05000806
04060206
00010004
01000000
05000706
04060206
00010004
01000000
05000706
04060206
00020005
01000000
05000806
04060206
00030006
02000000
04000906
04070006
00020007
01010000
05000906
04070106
00020007
01020000
05000a07
04070105
00020008
01010000
04000907
04070105
00020008
01010000
04000a07
04070006
00020008
00010000
04000907
03080005
00010009
01020000
03000b07
03070007
00020009
01020000
04000a06
030e0007
00050007
00050000
05000a0a
030c0008
00030008
02100001
05000a0c
020f0008
00000006
030f0002
04000b0d
01070108
01040006
000c0002
0300080f
01050207
04050006
02030001
04000807
02060207
03040005
03000000
04000706
01060207
03030005
01020000
04000607
02060207
01030005
03010000
04000605
02050107
02030004
02010000
04000706
02060206
02020004
02010000
04000607
01050107
01030004
03000000
04000706
01060107
01030004
02020000
04000706
01050107
01020004
01020000
04000707
01050107
01020004
02010000
04000606
01050107
01020004
02020000
04000706
01060108
02020004
02020000
04000606
01050207
02020004
02010000
04000605
01050107
02020004
02000000
04000706
01050107
02020004
02000000
04000706
01060107
02030004
02010000
04000706
01060107
02030004
02020000
04000706
01060107
02020004
02020000
04000607
01060106
01020004
02020000
03000606
01050107
02030004
02020000
04000706
01060107
01020004
01020000
04000607
01050107
02030004
02010000
04000606
01050107
02030005
03000000
04000706
01050207
02030004
02010000
04000606
01050207
03030004
02000000
04000605
01050207
02030004
02000000
04000605
01050107
02020005
02000000
03000706
01050106
02030007
02000000
03000805
01060106
02040007
03000000
03000805
01060105
0203000a
03010000
02000905
02060104
02030009
04010000
03000905
03070104
0305000a
04000000
03000a03
03070104
0204000b
03000000
03000a05
03070104
0203000b
04000000
03000a04
04070203
0204000b
04000000
03000a04
05080202
0203000c
04000000
03000a04
05080102
0102000f
05000000
03000c04
06090101
0204000f
05000000
03000d03
080a0300
02040011
08000000
02000e02
090a0200
00020013
08000000
02000f02
080b0005
01020111
05000000
06000e03
08080008
00000207
01000000
07000f08
08080008
00000205
00000000
13000f4f
06090800
040c0012
5c000000
0400200d
05090400
04040011
00000000
0400080d
04080201
0204000f
00000000
04000909
04070301
0304000c
00000000
0400070a
03070302
0303000b
00000000
0400080a
02060303
0304000b
00000000
03000709
02060402
0404000a
00000000
03000608
01060404
0404000a
00000000
03000508
01060205
02040008
02010000
02000606
01050304
02030008
02010000
02000607
01050205
03040008
01000000
03000507
00050205
02040007
01000000
03000507
00050305
02040007
02000000
02000506
00050205
03050007
01000000
02000507
00060305
03040009
04000000
02000705
00060205
03040009
04000000
02000605
00060206
02040007
04010000
02000604
01050206
03040006
03010000
03000605
01050206
03030006
03010000
03000605
01050206
03040006
03000000
03000606
01050207
02040005
03010000
03000606
01050206
02030006
02020000
03000606
01050107
02030005
02000000
03000605
00050107
02030005
02000000
03000605
01050207
02030005
02010000
03000605
01050207
01040006
03010000
03000605
01060206
02030006
03010000
03000606
01050107
02030005
02000000
03000605
01050106
02020006
02000000
03000706
01050207
02030006
02000000
03000605
01050207
02030004
02000000
04000606
01050206
02030004
02000000
03000605
02050307
02040004
02000000
04000606
01050207
02030005
05010000
04000706
01080208
02030005
07040002
03000805
030b0007
00020006
060b0001
02000a06
030a0107
00030007
050a0000
03000a06
03090306
00040007
04090000
03000805
03060206
02030007
02000000
04000706
03070205
01030006
02010000
04000706
03060206
01020006
02010000
04000706
03060205
01020007
02010000
04000806
03060106
01020007
02010000
04000806
03070206
00030006
02020000
04000706
03070305
01020007
02010000
04000707
03060206
01020006
02010000
04000706
03060206
01020007
02010000
04000806
03060105
01020007
01010000
04000906
03060105
01020007
01010000
04000906
04070105
01020007
02010000
04000806
04070205
00020007
02010000
04000806
04070206
00010006
02020000
04000806
04070106
00020006
02020000
04000806
04070106
00020006
01020000
04000906
04070006
00020006
01020000
04000807
04070206
00010005
01020000
04000807
04070106
00010006
01010000
04000806
04070206
00010006
02020000
04000806
04070206
00020007
02010000
04000806
04070106
00010006
02020000
04000906
04070106
00010007
01020000
04000907
04070106
01010007
02020000
04000907
04070106
00010007
01020000
04000906
04070106
00010007
01020000
04000807
04070106
00020006
02020000
04000806
04070106
00020005
01020000
05000807
04070106
00020005
01020000
05000807
04070206
00010005
01020000
04000707
04070206
00010005
01020000
04000807
04070106
00010006
01010000
04000907
03070106
00010007
01020000
05000907
04060106
00010005
01010000
05000707
04060206
00010006
01010000
05000806
04060106
00020006
01010000
05000807
04060106
01020006
01000000
05000806
04060206
01020006
01000000
05000807
04060206
01020005
01000000
05000806
04060206
01030005
01000000
05000806
04070205
02030007
01000000
05000807
04070105
01020008
01000000
04000a06
04070106
01030008
01010000
04000907
03070107
01020006
01000000
05000807
03070106
00020007
01010000
04000907
04070106
00040008
01020000
04000a07
030c0007
00020008
00080000
05000a0a
020d0008
00030008
000d0001
0500090c
01070108
00030005
010d0001
0200080e
02050207
02030005
02050001
04000708
02050207
02040005
03020000
04000605
02050207
03030004
02010000
04000705
02050207
02040004
02000000
04000606
01050107
01020004
03010000
04000706
01050107
01020004
02000000
04000706
01050107
01030004
02010000
04000707
01060107
01020004
02020000
04000707
01050207
02030004
01020000
04000607
01050107
02030004
02000000
04000706
01060207
02030004
02010000
04000706
01050107
02030004
02000000
04000706
01050107
02020004
02000000
04000706
01050207
02030004
02000000
04000606
01060207
02030004
02010000
04000606
01050206
03030004
02010000
04000606
01060207
02030004
02010000
04000606
01050207
02030004
02010000
04000606
01060206
02030004
02010000
04000606
01050107
01020004
01010000
04000607
01060106
02030006
02010000
03000706
01050107
02040005
01010000
04000606
01050206
02030004
02010000
04000606
01050206
02030005
02000000
04000606
01050207
03030005
03010000
04000706
01060106
03030007
03000000
03000805
01060106
02030009
02010000
03000806
01060104
03030009
02000000
02000805
01060104
0204000a
03000000
02000905
02060105
03040009
04000000
03000904
03060205
03050009
04000000
03000a04
03070203
0203000c
03000000
02000a05
04070203
0204000c
04000000
03000904
05070203
0104000b
05000000
03000b03
05080202
0203000e
04000000
03000c04
06080101
0103000e
04000000
03000c04
070a0300
01030012
07000000
02000d02
090a0300
02030014
08000000
02000f00
090b0104
01020113
06000000
05000f02
08080008
0100020a
03000000
07000f08
08080008
00000205
00000000
13000f4f
05080700
020a000f
59010000
04001e0d
05090400
0304000f
00000000
0400080c
04070402
0203000d
00000000
04000709
03070402
0404000b
00000000
0400070b
03060302
0304000b
00000000
03000708
02060402
0304000a
00000000
03000609
02060403
0305000a
00000000
03000509
01060403
0304000a
02000000
02000507
01050205
02040008
02010000
03000606
01050305
03040008
01000000
03000607
00050305
03040007
01000000
03000606
00050305
03030007
01000000
03000506
00050305
03050007
02000000
03000507
00050306
04040006
02000001
03000507
00050306
02040007
04010000
02000604
01060304
02040008
04000000
02000504
01050304
04050008
03000000
03000605
01050305
04040007
03000000
03000605
01050305
03040007
02000000
03000605
00050206
03030007
03000000
03000605
01050207
03030006
03000000
03000605
01050206
02040005
03000000
03000606
01050107
02030005
02010000
03000705
01050107
02030005
02010000
03000706
01060107
02020006
02010000
03000705
01050206
02030006
03010000
03000606
01050206
01030006
02010000
03000605
01050207
02040006
02010000
03000606
01050206
02030006
01000000
03000706
02050305
02040007
02000000
03000605
01050307
02030004
02000000
04000506
01050207
03020004
05010000
04000706
01080107
02020007
05040001
03000a05
030c0107
00010007
070a0001
02000a04
030b0206
00040006
030b0000
04000806
03060305
02040007
03050000
04000707
03070105
01020007
02010000
04000807
03060105
01030007
02010000
04000805
03060206
01020006
02010000
04000706
04060306
00020005
02010000
04000606
04060306
01020005
02000000
04000606
04070306
01020006
02020000
04000806
03070106
01030006
02020000
04000806
03060206
01020005
02000000
04000706
03070205
00010006
02020000
04000806
04070106
00020007
02020000
04000806
04070106
00020006
02020000
04000807
03070106
00010006
02020000
04000806
03070106
00020007
01020000
04000906
03070005
00020007
01020000
04000906
04070106
01020007
02020000
04000806
04060206
02020005
02020000
05000806
04070206
01020005
02010000
05000806
04060206
02020005
01010000
05000807
04070206
02030005
01000000
05000806
04060206
02020006
01010000
05000806
04070206
01020005
01010000
05000707
04060206
01020005
01000000
05000806
04070206
00020006
01010000
05000806
04060105
01020007
01010000
05000907
04070105
01030007
02000000
04000907
04070105
01020007
01000000
04000906
04060006
00020007
01000000
04000906
04070105
01020007
02000000
04000906
04070206
02020007
01010000
05000806
04060206
02010006
01000000
05000807
04070206
01020006
01000000
05000807
04070206
00020004
01010000
05000706
04060206
00020004
01010000
05000807
05070206
01010006
02020000
05000a06
04070006
00030007
01020000
05000a07
04070206
00020005
01020000
05000807
05070105
00010007
01020000
04000907
04070006
00020007
01020000
04000807
04060106
00010005
01010000
04000807
03070106
00010006
01010000
04000807
04070106
00010006
01010000
05000907
04070206
00010006
01010000
04000807
04070205
00020007
01020000
04000807
04070206
01030007
02010000
04000806
04070105
01020007
01010000
05000908
04070205
01020007
02000000
04000806
04070105
01010006
01010000
04000807
03070106
00020006
01010000
04000806
03070105
01020007
01010000
04000908
04070006
00030008
01020000
04000907
020c0008
00050006
00030000
05000909
02090107
00030006
000c0001
0500090d
010b0108
00020005
000d0002
0300090e
01050308
04060005
03070002
0500070b
02060308
03060004
03040001
05000507
02050207
01030004
02000000
04000706
02050107
01030004
02000000
04000706
01060107
01020005
02010000
04000707
01060207
01030004
02010000
04000706
01060107
01020004
01020000
04000707
01050107
01020004
01020000
04000607
01050107
02030004
02010000
04000706
01060207
02030004
02010000
04000706
01050107
02020004
02000000
04000706
01060207
02030004
01010000
04000606
01050207
02030004
02010000
04000605
01060107
01030004
02020000
04000706
01050206
02030004
01010000
04000607
01060306
02030005
02000000
04000606
01060206
02030005
02010000
04000606
01050207
02040004
02010000
04000606
01050107
01030006
02020000
03000707
01060207
02030005
02010000
04000707
01050207
03040004
01010000
04000607
01050207
03050005
03000000
04000605
01050305
03030006
01000000
03000607
01050306
03040006
03000000
03000705
01060305
03030009
03000000
03000806
01060104
0204000a
03000000
02000905
01060104
0203000a
02000000
02000905
02060105
02040009
04000000
02000805
03060204
02050009
04000000
03000804
03070304
0204000b
05000000
02000904
03070103
0104000c
03000000
02000a05
04070203
0203000b
04000000
03000a04
05080202
0304000e
04000000
03000b05
05080201
0303000f
04000000
03000b04
07090201
01040010
07000000
02000d02
090a0200
00040013
08000000
02000e01
090c0400
01040014
07000000
03000f02
08090008
00020210
04000000
07000e06
08080008
00000205
00000000
13000f4f
05080700
040a0010
57000000
04001e0d
04080400
0404000f
00000000
0400080c
04070401
0304000d
00000000
03000709
03070302
0403000b
00000000
0400070a
02060303
0303000b
00000000
03000709
02060403
03040009
00000000
03000609
01060304
03040008
01000000
03000508
01060304
02040008
02000000
03000506
01050305
02040007
01000000
03000507
00050305
03030007
02000000
03000607
01050305
02040007
01000000
03000506
00050304
03030007
01000000
02000506
00050305
03040008
02000000
02000507
00050306
02020007
02010001
02000506
00050305
04040008
03010000
02000506
01050305
03060007
03000000
02000504
00050305
03050007
03010000
03000505
01050305
02050006
04010000
03000604
00050206
03040006
03010000
03000605
01050205
01040007
03010000
02000605
01050306
01040006
03020000
03000606
01060206
02040006
03000000
03000605
01050106
02030005
02010000
03000606
01050206
03040005
03000000
03000605
01060306
03040006
02010000
03000606
01060206
02040005
03010000
03000605
02050207
02050004
02010000
04000506
01050307
02030004
02010000
04000606
01050306
02040005
02000000
04000606
01050208
01040004
04010000
04000705
01090207
02030005
06050000
02000905
020a0107
00030007
060b0001
02000a06
030a0106
01020007
040a0000
04000806
03060206
01040007
03010000
04000705
03060206
01030005
02010000
04000706
03070205
01010007
02020000
04000806
03060205
01040008
02010000
04000806
03060106
01030007
03010000
04000805
03060105
01020006
02010000
04000806
03060305
01020006
02010000
04000706
03070205
00010006
02020000
04000806
03070205
00020006
02020000
04000806
04070106
00020006
02020000
04000806
03070105
00020006
01020000
04000807
04060205
01020006
01010000
04000707
04070206
01020007
02000000
04000706
04070206
01010007
02010000
05000806
04060206
01020006
01000000
04000806
04060205
01020007
02000000
04000906
03060005
00020007
01000000
04000906
03060105
01020007
01000000
04000906
03060205
02020007
01000000
05000906
04060205
02020007
02000000
05000806
03070205
02020007
01000000
05000907
04070205
02020007
01000000
05000906
04070205
01020007
01000000
05000906
04060205
02020007
01000000
05000807
04060206
02020007
02000000
05000806
04060106
01010006
02010000
05000806
04060206
00030005
01000000
05000706
04070206
00030005
01010000
05000806
04060206
00020005
02000000
05000806
04060206
01020006
01000000
05000907
04060106
00020006
01000000
05000906
04060105
01020007
01000000
04000906
04060205
01020007
01000000
05000906
04070206
01010008
02000000
05000906
04060206
02020007
02000000
05000806
04060206
01010005
01000000
05000807
04070205
02020007
02000000
05000807
04060206
02030006
01000000
05000806
04060206
01020004
01000000
05000706
05070206
00030006
01010000
05000807
04060206
01030005
01000000
05000807
04070206
00020005
01010000
05000807
04070206
00020005
01020000
05000807
04070006
00010006
01020000
04000906
04070106
00020006
01020000
05000907
04070106
00020005
00020000
05000807
04070206
00020006
01020000
04000807
04070106
00010006
01020000
04000807
04060106
01030007
01020000
04000807
04070205
01030007
02010000
05000806
04070106
01020007
01000000
04000907
04060105
01020007
01000000
04000807
03070106
01020006
01010000
04000807
04070107
01020006
01010000
05000808
03070107
00020006
01020000
04000807
03070107
00030005
00010000
05000808
030e0208
00070005
01100001
0500080a
020e0009
00000004
02100002
0500090e
02060308
04040004
04080002
0400080e
02060207
03040005
03040000
04000707
02060207
02040005
02000000
04000706
02050107
02040005
02010000
04000706
01050107
02030004
01000000
04000706
01060107
02030004
01020000
04000706
01050107
01020004
01020000
04000607
01050107
02020004
02010000
04000706
01050107
02020004
02000000
04000706
01060107
02030004
02010000
04000606
01060107
02030004
02020000
04000706
01050107
02020004
02010000
04000706
01050107
02030004
02010000
04000706
01050206
01030004
01010000
04000607
01050306
03030005
02000000
04000606
01050306
03040005
02000000
04000606
01060306
03040005
02000000
04000706
01050107
03030005
01010000
04000708
01050207
02020004
02010000
04000507
01050207
02030005
02000000
03000607
01050305
03030007
02000000
03000706
01050205
02030007
03010000
03000705
01060305
02040008
03010000
03000705
01060205
02040009
03000000
02000805
01060104
0203000a
04000000
02000905
01060005
02030009
02000000
03000805
02060105
0203000a
04000000
03000a05
03070303
0204000c
04000000
02000903
03070303
0203000b
04000000
03000905
03070203
0203000b
03000000
03000a04
04080203
0204000e
04000000
02000b05
05080101
0204000f
05000000
02000c04
07090201
0203000f
07000000
02000c02
080a0300
03040011
08000000
02000e00
090b0300
01030015
07000000
02000e02
080b0006
00020113
06000000
06000e03
08080108
00000207
01000000
13000e4f
05080700
040c000f
53000000
04001c0c
04080300
0204000f
00000000
0300090a
03070302
0303000d
00000000
03000709
03060301
0304000c
00000000
03000709
02060402
0405000b
00000000
04000609
02060403
0304000a
00000000
03000508
01050304
03030008
02000000
03000607
01050304
02030008
01000000
03000506
01050304
03030007
01000000
03000507
00050204
03030008
02000000
02000606
00050304
03040008
01000000
02000607
00050305
02040008
01000000
02000506
00050204
02030007
02020001
02000506
00050304
03050008
01010000
02000507
00050305
03040008
02000000
02000506
00050306
04040007
05000000
02000504
00050206
03040006
05000000
03000604
01050305
02040007
03000000
02000604
00050206
02040006
03010000
03000605
01050206
02030005
04010000
03000705
01050206
02030005
02010000
03000607
00060206
02020006
03010000
03000606
01050206
03030007
02000000
03000606
01060206
02030006
03010000
03000605
01060206
02040006
02010000
03000606
01050206
02030005
02020000
03000606
01050207
03040003
02010000
04000506
01050307
02020004
03010000
04000606
01070207
02020006
06040000
03000904
020a0008
00020006
06080000
02000904
030a0206
01040006
04080000
03000806
03070205
01030006
02010000
04000706
03060205
01020007
02000000
03000806
03060206
01030006
02010000
04000605
03060206
01010006
02000000
04000806
03060105
01020007
02010000
04000806
03070106
00020007
02020000
04000806
03070106
00010006
02020000
04000706
03070106
00020006
02010000
04000806
04070106
00010005
02020000
04000706
04070106
00010006
02010000
04000806
04070206
01020007
02010000
04000807
04060206
01020005
01010000
05000706
04070206
01030006
01000000
04000806
04060205
01020006
01010000
05000707
04070205
00020006
01010000
04000806
04070205
00030007
02020000
04000806
04070106
01010006
01010000
04000806
04070105
01020006
02010000
04000906
04060105
01020007
01000000
04000906
04060105
01020007
01000000
04000906
04070105
01020007
01000000
04000907
03060105
01020007
01000000
04000906
03060105
01020007
01000000
04000906
03060105
00020007
01000000
04000906
03060105
01020007
01000000
04000906
03060005
00020007
01000000
04000906
04070105
01020007
01000000
04000906
04070106
01030007
02000000
05000906
04060206
02020007
01000000
05000806
04060206
02020007
02000000
05000806
04060206
02020007
01000000
05000806
04060206
02020006
01000000
05000807
04070206
01020006
02000000
05000906
04060105
00020007
01010000
04000906
04070105
01020007
01000000
05000906
04070105
01020008
02000000
04000906
05070205
01020008
02000000
05000807
04070205
02020007
01000000
05000807
04070105
01020007
01010000
05000907
04060205
01020007
02000000
05000906
04060206
01020007
02000000
05000806
04070206
01020004
01010000
05000706
04060206
00020005
01010000
05000807
04070206
02020006
01000000
05000807
04060206
02010005
01000000
05000806
04060206
01020004
01000000
05000806
04060206
01020006
01000000
05000807
04070206
02010006
02000000
05000806
04070106
01020006
02030000
05000907
04070006
00020007
01030000
05000907
04070106
00010006
01020000
04000807
04070106
00020006
00020000
04000807
04070106
00020007
01020000
04000807
03070106
01020007
01010000
04000907
04060105
01020007
01010000
04000806
03060106
01020007
01010000
05000807
04070106
00020006
01010000
04000806
03070106
00020006
00020000
05000808
03070107
00010005
01020000
04000807
03060207
01050006
01020000
05000807
030e0307
01030008
010f0001
0500090b
010c0108
00040005
000d0001
04000a0e
02060208
02040004
02050001
04000609
02050207
01030004
02010000
04000706
01050107
02020004
01010000
04000606
01060207
01030004
02010000
04000706
01060107
01030004
02020000
04000706
01060107
01030004
01020000
04000707
01050107
02020004
02000000
04000706
01060207
02030004
02010000
04000606
01050107
02020004
02010000
04000706
01050107
02020004
02000000
04000706
01050107
02020004
02000000
04000706
01050107
01030004
01010000
04000607
01050107
02030004
02010000
03000607
01050207
02030004
02000000
03000606
01050207
02030004
02000000
03000605
01050207
02040005
02000000
04000606
01050206
01020004
01010000
03000607
01050306
03030005
01010000
03000607
01050206
02030006
02010000
03000706
01050206
02040006
03000000
03000705
01060206
03050007
03010000
03000705
02060205
02040007
03000000
03000704
02060204
02030009
04000000
03000805
02060105
02030009
03000000
02000805
02060105
0203000a
02010000
02000a05
02060104
0204000c
04000000
02000a04
03060303
0304000b
04000000
03000904
03070203
0203000c
04000000
02000904
04070203
0102000d
03000000
02000b05
04080101
0104000f
05000000
02000c04
06080301
0205000f
05000000
02000b03
08090500
02060011
08000000
02000c02
090a0400
02030014
09000000
03000f00
090a0104
00020113
06000000
05000e01
08090107
0000010a
03000000
13000e4f
04080700
040a000f
51000000
03001a09
04070301
0304000e
00000000
0300080a
03070302
0303000d
00000000
0300070a
02060402
0304000b
00000000
03000609
02060402
0304000a
00000000
03000509
01060403
0304000a
00000000
03000508
01060205
02040008
02000000
03000606
01050305
03040007
01000000
03000506
00060304
03030008
02000000
03000706
00050305
02040008
01010000
03000507
00050305
02040008
02010000
02000606
00060204
02030008
02000000
02000605
00050304
03040008
02010000
03000507
00050305
04040007
00000001
03000408
00050305
04040007
03000001
02000506
00060306
03030007
05000001
02000603
00050306
03040007
05010000
02000604
01050206
02040006
04010000
03000604
00050207
02030005
03010000
03000605
01050307
02030005
03000000
03000605
01050306
03040005
03000000
03000605
01050106
01030006
02010000
03000606
01060106
01040006
03010000
03000604
01050206
02040006
02020000
03000606
01050207
02050005
02000000
04000506
01050307
03040004
03000000
04000507
01050307
03030005
06010000
04000605
02090107
00000006
06070000
02000905
02090206
01030007
05080000
03000906
02060105
01040008
03020000
04000805
02060206
01030006
02000000
04000706
03060205
01030007
02010000
04000706
03060205
01030007
02000000
03000706
03060206
02030007
03010000
04000705
03060205
01020007
02010000
04000806
03070106
00020007
03020000
04000806
03070205
00020007
02010000
04000806
03060105
00010006
02010000
04000806
03060105
01020007
02010000
04000806
03060106
01020007
03000000
04000906
04070206
01020009
01010000
04000907
03070205
01020008
01010000
04000807
04060205
01030007
01010000
04000707
04060205
00030006
01010000
04000706
04060206
01030005
01010000
05000706
04060206
01020005
01000000
05000706
04060206
01020006
01000000
05000707
04070205
01030006
02000000
04000806
04060206
01030006
01010000
04000806
04060206
01020006
01000000
04000807
04070206
01020007
02000000
04000807
04070105
00020007
02010000
04000806
04070105
01020007
01000000
04000807
03060105
00020007
01000000
04000907
03060005
00020007
01000000
04000906
03060006
00020007
01000000
04000906
03060106
01020006
01010000
04000907
04070105
00020007
01000000
04000906
04060105
01020007
01010000
04000907
03060105
00020007
01000000
04000906
04060105
01020007
01000000
04000906
04070205
01030007
01000000
04000906
04070205
01030007
02000000
05000906
04060206
01020006
02000000
05000807
04060206
02030006
02000000
05000807
04060206
02020006
01000000
05000807
04060205
02030007
02000000
05000807
04070205
02030007
02000000
05000906
04060206
01030006
01000000
05000807
04060106
01020006
01000000
05000806
04060106
00020006
01000000
05000906
04060105
01020007
02000000
05000906
04060206
02020007
01000000
05000806
04060206
01010006
02000000
05000807
04070106
01020006
01010000
05000807
04060205
01020006
02010000
05000807
04060206
02020007
01000000
05000806
04070205
02020007
01000000
05000907
04060205
01020007
02000000
05000906
04060206
02020007
01000000
05000806
04060206
02020006
02000000
05000807
04070206
01020006
02000000
05000806
04070206
00030005
01020000
05000808
04070106
00010007
01020000
04000908
03070106
00020007
01020000
04000907
04070106
00020006
01020000
04000807
04070106
00020006
01010000
04000808
04060206
02020006
01000000
05000808
04060206
02020005
02000000
05000806
04070206
01020006
01010000
04000807
03070206
00020006
01010000
04000707
03070105
01010007
02020000
04000807
030a0206
00050008
01000000
05000908
020b0108
00040007
000a0001
0500080c
01070208
00060005
000c0002
0300080f
02050108
05050005
03030001
04000806
02050107
02030004
02000000
04000706
01050107
01020004
02000000
04000706
01060107
01030004
01010000
04000707
01050107
01020004
01020000
04000607
01050107
02020004
02000000
04000706
01050107
02020004
02000000
04000706
01050207
02030004
02000000
04000706
01050107
02030004
02000000
04000706
01050307
02030004
01000000
04000606
01060306
02030005
01010000
04000607
01050107
02020005
02010000
03000706
01050107
02030004
02000000
03000605
01050107
02020004
02000000
03000605
01050207
02030005
02010000
04000607
01050206
03020005
00010000
04000508
01050207
02040005
02000000
03000606
01050206
02040005
02000000
03000705
01050206
03040006
04000000
03000605
01060205
02020007
03010000
03000705
01060204
03030009
03000000
02000705
02060204
02040009
03000000
02000804
02060105
02020009
03000000
02000905
02060105
02030009
03000000
03000905
03070203
0204000b
04000000
02000904
03070203
0204000c
04000000
02000904
04070202
0103000d
03000000
02000a05
04080101
0103000e
04000000
02000b05
05080102
0103000e
04000000
02000b03
070a0300
01030010
08000000
02000d02
090a0300
00030013
09000000
01000d00
090b0301
00020013
07000000
04000e01
08090005
0002010f
04000000
12000e4e
04080700
04090010
4f000000
02001a08
03070301
0404000f
01000000
03000909
03070302
0203000c
00000000
03000709
02070302
0204000b
00000000
03000609
02060402
0304000a
00000000
03000509
01060404
03040009
02000000
03000607
01050205
02030008
02000000
03000606
01060305
02030007
01010000
03000506
01050304
02030009
02010000
02000606
00050205
03040009
01000000
03000506
00060305
02030007
02010000
02000606
00050205
03030007
02010000
02000506
00050304
03040007
00000000
03000507
00050305
03040007
01000001
03000408
00050306
03040006
03020001
02000505
00050304
02030007
04020001
02000505
00050305
03040008
05000000
02000504
01050305
03040007
04000000
02000604
01050306
03040006
03000000
03000505
01050306
02030006
03010000
03000505
01060206
02030006
03010000
03000604
01060306
03030007
02010000
03000606
01050206
03040007
02000000
03000605
01060206
03050006
02000000
03000606
00050207
02030006
04000000
04000705
01080107
02010006
05050000
03000705
020a0207
00020006
05070000
02000704
02060205
01030006
04080000
03000706
03060205
01030007
02010000
03000706
03060305
01030007
02020000
03000706
03060205
01030007
02000000
04000705
03060105
01020007
02010000
03000706
03060205
00020006
02010000
03000706
03060106
00020006
03010000
04000705
03070206
00020007
02010000
04000806
03060205
01020007
02010000
04000805
04070205
00020007
02010000
04000706
03070205
01020008
02010000
04000806
04070105
01020007
02000000
04000906
04070205
01040008
02010000
04000906
04070105
02030008
01000000
04000907
04070205
01040008
02000000
04000806
04070206
01020005
02010000
05000707
03070206
01000007
02010000
04000906
03070106
01010007
01010000
05000807
04060206
01020005
01010000
05000707
04070206
00010007
01010000
04000807
04070205
00020007
02010000
04000806
03070206
01020006
01010000
04000807
04070105
00020007
01010000
04000906
04070105
00020007
01010000
04000806
04070205
01020007
01010000
04000806
04070105
01020007
01000000
04000807
03060105
01020007
01000000
04000907
03060005
00020007
01000000
04000906
04070105
01020007
02000000
04000806
04070205
01010007
01000000
04000807
04070105
01020007
02000000
04000906
04070105
01020007
01000000
04000907
03060005
00020007
01000000
04000906
03060005
00020007
01000000
04000906
03060105
00020007
01000000
04000906
04070105
01020007
02000000
04000906
04060206
02020006
02000000
05000807
04070106
02020006
02000000
05000907
04070205
01020007
02010000
04000907
04070106
01020007
01010000
04000807
04070106
00040006
02010000
04000906
04070205
01020006
01010000
05000807
04060206
01010006
02010000
05000806
04070106
00010006
02010000
05000906
04070105
00020007
01010000
04000906
04070105
01010007
01000000
04000907
04060205
01020007
01000000
05000906
04060205
01020007
02000000
05000906
04070106
01020006
01010000
05000807
04070105
00020007
01010000
04000907
04070105
01010007
01000000
04000906
04070105
01020007
02000000
04000907
04070105
00020007
01010000
04000907
04070105
01010007
01000000
04000907
04070105
01030007
02000000
05000906
04060206
02020007
02000000
05000806
04070206
01020006
01000000
05000807
04070106
00020006
01010000
05000807
04070106
00010007
00010000
04000807
04070106
00020006
01020000
05000807
03070106
00010006
00020000
04000808
03070206
01030006
01020000
04000807
03060205
02020007
01000000
05000806
04060205
02020007
02000000
05000807
03070105
01020007
01010000
04000807
03060105
01020007
01010000
04000906
03070105
01020007
02000000
04000806
030f0207
01040008
01040000
0500090a
020c0008
00020008
00100001
04000b0d
01060107
01030006
000c0001
0400070d
02050207
03050005
03030000
04000708
01050107
02020004
02000000
04000706
01060107
01030004
01010000
04000707
01050107
01020004
01020000
03000607
01050107
02030004
02010000
04000706
01060107
02030004
02010000
04000706
01050107
02020004
02020000
04000706
01050307
02030004
02000000
04000507
01050207
02030004
02010000
03000607
01050107
02030005
02000000
04000705
01050107
02030005
02000000
04000606
01050207
02030004
02000000
04000606
01050207
02040004
02010000
04000607
01050206
02040005
01010000
04000607
00050206
02030005
02010000
03000608
00050207
03030006
02000000
03000605
01050206
03040006
04000000
03000605
01050305
02040007
04000000
03000605
02060205
02030008
04000000
02000805
02060105
02030009
03010000
02000805
01060104
0204000a
03000000
03000905
02060104
0203000a
03000000
02000906
03060104
0204000b
04000000
02000904
03070203
0204000b
05000000
02000804
03070203
0103000d
05000000
02000b05
04080101
0103000f
03000000
02000b05
04080201
0103000f
04000000
02000b04
07080301
01040010
07000000
02000c03
09090300
01050011
09000000
02000d00
090a0400
00020015
07000000
02000f01
080b0203
01030012
05000000
12000d4b
04080700
030a000f
4c000000
02001a08
03070302
0205000f
01000000
03000808
03060402
0204000c
00000000
03000609
02060402
0303000a
00000000
0300050a
01060403
0304000a
00000000
03000608
01060304
0202000a
01000000
02000606
01060304
02030009
02000000
02000606
01050205
03040008
02000000
03000606
01060304
03030008
02010000
03000606
00060205
02050008
01010000
03000606
01050305
02030007
01000000
02000506
00050205
02040007
01000000
02000506
00050305
03040007
01000001
03000407
00060305
03030007
02010001
02000507
00050306
02040007
03020001
02000506
00060305
02040008
04010001
01000506
00050205
01040006
04020001
02000504
01050305
02040007
04010000
02000504
01050305
02030007
03000000
02000605
01050305
02040006
03000000
03000505
01050206
02040006
03000000
03000605
01050206
02040006
01000000
03000606
01050207
02050005
02000000
03000505
01060207
02030005
05030001
03000606
02080206
00030006
07060000
02000804
03080306
01030006
04060000
03000605
02060206
01020007
02010000
03000706
02060205
01030007
02010000
03000706
02060206
01020007
03010000
03000806
02070205
01020006
02010000
03000706
03060205
00020007
02010000
03000705
03070106
00030007
02020000
03000805
03060106
00020007
02020000
04000705
03060206
01020006
02010000
04000706
03070205
01030008
02010000
04000806
03070205
01030008
02000000
04000706
04060206
01020006
02010000
04000806
04060205
01030007
02010000
04000806
04070105
01020008
02000000
04000a06
03070105
01020008
01010000
04000907
03060206
01020008
01000000
04000806
03070206
01020009
02000000
04000806
04060106
01010008
03010000
04000906
04060205
02030008
01000000
04000907
04060206
01030007
01000000
05000807
04060206
01020006
01000000
05000807
04060106
01020007
02010000
04000906
04070105
01030007
01010000
04000906
04070105
01020007
01000000
04000906
04070105
01020008
01000000
04000906
04070205
01020007
01000000
04000906
04070105
01020007
01000000
04000806
03070105
01020007
01000000
04000907
04070105
00020007
02000000
04000906
04070105
00020007
01000000
04000907
04060105
01030007
01000000
04000906
04070105
01030007
01000000
04000907
03060105
01020007
01000000
04000906
03060005
00020007
01000000
04000906
03060005
00020007
01000000
04000906
03060005
00020007
01000000
04000906
03060005
00020007
01000000
04000906
03060105
00020007
01000000
04000906
03060105
01020007
01000000
04000906
03070105
01020007
01000000
04000906
04070105
01020007
01000000
04000906
04060205
02030007
01000000
05000906
04070205
02030007
02000000
05000806
04060206
02020006
01000000
05000806
04060206
01020006
02000000
05000806
04070206
01030006
01010000
04000906
04060005
00010007
01000000
04000906
04070105
01020007
01000000
04000906
04060005
00010007
01000000
04000906
04070005
01010007
01000000
04000906
04060205
01020007
02000000
05000906
04070105
01020007
01000000
04000907
04070106
01030007
01000000
04000907
04070105
01010007
02000000
04000906
04070105
01020007
01000000
04000906
04070105
01030008
02010000
04000a07
04070105
00020007
01010000
05000807
04070106
00020007
01020000
04000807
04060206
01020007
02010000
05000806
04060206
02010006
01000000
05000807
04070205
01010006
00000000
05000807
04060205
01030007
01000000
05000807
04070206
01020006
01010000
05000807
04070206
01010006
01020000
05000807
03070106
00010006
00020000
04000807
03070205
01020007
02020000
04000807
04070205
01030007
01010000
05000806
03070205
01030007
01010000
04000807
03060105
01020007
01000000
04000906
03070105
01020007
02000000
04000906
03070205
01040008
02010000
04000a07
030a0106
01040008
01090000
05000a0c
010d0008
00000006
000d0001
04000a0e
01050207
03060005
01070001
0400070c
02050207
03030004
03000000
04000706
01060207
02030004
02000000
04000706
01060107
02030006
01020000
04000707
02050207
01030003
02010000
04000606
01050207
02030005
02000000
04000606
01050206
02030004
02010000
04000607
01050307
03030004
01000000
04000607
01050107
02020004
02000000
03000605
01050107
02020005
02000000
03000706
01050207
02030005
02000000
04000606
01050207
03030004
02000000
04000607
01050207
03030005
01010000
04000607
01050206
02040005
01010000
03000607
01050206
02040005
02010000
03000506
01050206
02040005
03010000
03000605
01050305
02030007
03000000
03000604
02050205
02040008
03000000
02000704
02060205
02040009
04000000
02000805
02070104
02040009
03000000
03000905
02060104
0204000a
02000000
03000906
02070104
0204000b
03000000
02000905
03070303
0203000c
06000000
02000a03
04080102
0103000d
04010000
02000a04
04090102
0003000e
04000000
02000b04
04090101
0002000e
02010000
02000b06
05080201
01030010
05020000
01000b04
08090500
02060012
09000000
02000d01
090a0400
02020015
0a000000
02000e00
090b0300
00030014
06000000
10000e49
03070601
030a000f
4b010000
02001a07
02070202
0303000e
01000000
03000908
02060302
0303000d
00000000
03000709
02060303
0304000a
00000000
03000609
01060302
0303000c
01000000
02000707
01070303
0203000c
02010000
02000706
01060203
0204000b
02010000
02000707
01050304
02040008
01010000
03000507
01060204
03030008
02000000
02000605
00050205
03040008
01000000
03000606
01050305
02020007
02000000
03000506
00050305
03030007
01000000
03000507
00050305
03030007
01000001
02000507
00050304
02040008
02010001
02000507
00050205
03040007
02000001
02000505
00060304
03050008
04010000
02000606
00050206
04050008
05010000
03000604
01050306
02040006
04010000
02000603
01060304
02040007
03010000
02000605
01050305
02030006
03000000
03000505
01050306
02030006
03000000
03000605
00050207
02030005
03000000
03000606
01090207
01010005
06050000
03000805
02080106
00020006
06070000
03000804
02050306
01030005
03060000
04000606
03060405
01030005
03010000
04000606
03060404
01020007
02010000
03000606
03060205
01020007
03010000
03000706
03060205
01030007
03010000
04000806
03060205
01040007
02010000
04000706
03060105
00020007
02010000
03000805
03060205
01020007
02010000
04000806
03060206
01020007
02000000
04000705
03070206
01020005
02010000
04000806
03070105
01020007
03010000
04000806
03060105
00030007
02010000
04000806
04060206
01020006
02010000
04000806
03060106
01030006
01000000
04000807
04060205
01020009
02000000
04000906
03070105
01030009
01000000
04000906
04070105
00020009
02010000
04000906
04070104
0104000a
02010000
03000906
03070105
01020008
02010000
04000907
03070104
01030009
01010000
04000907
03060206
01030006
01010000
05000806
04070205
01010007
02010000
04000708
04070205
01020008
02000000
04000806
04060106
01020006
02010000
04000907
04070205
02010008
02010000
04000907
04070105
01030009
01000000
04000906
03070105
01020007
01010000
04000907
03060105
00020007
01000000
04000906
04060105
01020007
01000000
04000906
04070205
02030007
02000000
04000906
04060205
02020007
01000000
05000807
04060105
02020007
01000000
04000906
04060206
02020006
01000000
05000807
04060206
02020006
01000000
05000806
04060105
02020007
01000000
05000906
04060105
02020007
01000000
04000906
04060205
02020007
01000000
04000806
04060105
02020007
01000000
04000806
04060105
02020007
02000000
04000906
04060105
01020007
01000000
04000906
04060105
02020007
01000000
04000906
04060106
01020007
01000000
04000906
04060105
02020007
01000000
04000906
04070106
01020007
02000000
04000906
04070105
02020007
01000000
05000907
04060206
02020006
02000000
05000806
04060206
02020006
02000000
05000907
04070105
01020007
02000000
04000906
04070105
01010007
01000000
04000907
04060005
00010007
01000000
04000906
04060005
00010007
01000000
04000906
04070105
00020007
01000000
04000906
04070105
00010007
01010000
04000907
04070106
01020007
01000000
04000907
04060105
00010007
01010000
04000906
04070005
00010007
01000000
04000a06
04070105
01030008
02010000
04000a07
04070105
02020007
02000000
05000906
04070105
01020008
02010000
04000907
04070005
00010008
01020000
04000907
04070206
01030007
01020000
05000908
04070205
01020008
01010000
05000907
04070105
01010007
01010000
04000907
03070105
01010007
00010000
04000907
04070205
01020007
01010000
04000807
04070205
01020007
01000000
04000807
03070105
01020007
01020000
04000907
03070106
01010006
01020000
04000807
03070105
00030007
01020000
04000808
03060205
01030007
01000000
04000807
03060206
01020006
02000000
04000806
03060105
01020007
01010000
04000906
03060105
01020007
01000000
04000906
03090106
01040007
01000000
05000907
010c0107
00040008
000a0001
0500090f
01080207
00040006
010b0001
0300080c
01060107
03050006
02030000
04000706
01050107
02040005
02000000
04000607
01050207
02030004
01010000
04000606
01060107
02030004
02010000
04000706
01050107
02030004
02010000
04000706
01050107
01030004
01010000
04000607
01050107
02030004
02010000
03000606
01050107
02030005
02000000
03000706
01050206
02030006
02010000
03000706
01050307
03040006
01000000
04000606
01050207
03030004
02000000
04000606
00050206
02030004
01010000
03000607
00050206
02030004
02010000
03000606
01050206
02030005
03010000
03000605
01050206
01030005
03010000
03000604
01060205
02020007
03010000
02000704
01060205
02030009
04010000
02000806
02060204
02040009
03010000
03000805
02070204
02020009
03020000
02000805
02060104
0103000a
02000000
02000906
03070203
0204000c
05000000
02000904
04070203
0205000c
06000000
02000a04
04080201
0002000f
04000000
01000b04
04090101
0003000e
04000000
02000b05
05090201
0002000f
03020000
02000b06
080b0500
00070011
09020000
02000c04
090a0400
00030013
0b010000
02000d00
090a0400
00020014
07000000
0f000e48
03070602
020a000e
49000000
02001806
03070201
0305000e
00000000
02000908
02060302
0305000c
00000000
03000608
02060403
0405000a
00000000
03000609
01060203
0303000b
02000000
02000806
02070203
0204000c
02010000
02000706
01060303
0305000b
01000000
03000607
01050304
03050008
02000000
03000606
01050205
02030007
02000000
02000606
01050205
02040007
02000000
03000506
01050305
02030007
01010000
02000507
00060304
02030008
02010000
02000606
00050304
02030007
01010001
02000506
00050305
03040007
00010001
02000408
00050305
05040009
02000000
02000506
00040305
05050008
04000000
03000606
00050205
04040008
05000000
02000703
01050305
03040007
05000000
02000602
01060206
02040006
03010000
03000605
01050305
02040006
02010000
03000605
01060305
02030008
06000000
02000605
02080107
00010006
05060000
02000704
02080206
01030006
05050000
03000705
02060205
02030007
03010000
03000705
02060306
02030006
02000000
04000506
03050305
02020006
03000000
04000605
03060404
01020007
02010000
03000706
03060205
01020007
02010000
03000805
02060205
01030007
02010000
04000705
03060206
01020005
02010000
04000706
03060206
01020007
02010000
04000806
03060105
01030007
02000000
04000806
03060206
00030006
02010000
04000706
03060206
01010005
02000000
04000706
03070205
01020008
03000000
04000905
03060206
02030007
02000000
05000706
04060206
01010008
02000000
04000905
03060106
01030008
01010000
04000807
03070105
01030009
02010000
04000a06
03070105
00030008
01010000
04000906
03060105
01030008
02000000
04000906
04070204
01020008
02000000
04000807
04060105
01030007
02000000
04000806
04070106
01030007
02010000
05000806
04060206
02030006
01010000
05000807
04060205
01020007
01010000
05000808
04070205
01030007
02000000
04000805
04060305
02030008
01000000
04000807
04070304
02040008
02000000
04000906
04060205
02030008
01000000
04000907
04060205
02030007
02000000
05000807
04060305
02020008
01000000
04000806
04060306
02020006
01000000
05000807
04060305
02030008
01000000
04000807
04060205
02040007
01000000
04000806
04060205
02040007
01000000
05000806
04060305
02030007
02000000
05000706
04060306
02040006
02000000
04000706
04060205
02040007
02010000
04000806
04060205
02040007
01020000
04000806
04060205
02030007
02010000
04000806
04060206
02040007
01010000
04000807
04060205
02040007
02010000
04000806
04060205
02030007
02010000
04000807
04060205
02030007
01010000
05000807
04060305
02040006
01000000
05000807
04060205
02030007
01000000
05000807
04060206
02020007
02000000
05000806
04060206
02030007
02000000
05000806
04060206
01020006
02000000
04000906
04070205
02020007
02000000
04000906
04060205
02020007
02000000
05000806
04060205
02030006
01000000
05000806
04060206
02020007
01000000
05000906
04070105
01020007
02000000
04000906
04070105
01020007
01000000
04000907
04060105
01020007
01000000
04000907
04070106
01020006
01000000
05000907
04060106
00020007
01000000
05000906
04070005
00010008
02000000
04000b06
04070005
00020009
01010000
04000b07
04070005
00020007
01000000
04000907
04070105
00030008
02000000
04000906
05070205
01030007
02000000
05000907
05080206
01020009
01010000
05000a06
04070005
01010009
00020000
04000908
04070105
00020007
01010000
04000906
04070105
00020007
01010000
04000907
04070106
01020006
01020000
05000807
04060105
00010006
00010000
04000807
04060105
00020007
01010000
04000907
03060105
00020007
01010000
04000906
03070205
01020007
00000000
04000808
03070205
00020006
01020000
04000808
03060206
01020006
01020000
04000807
04060205
02030007
02000000
04000806
03060205
01020007
02000000
04000806
03060105
01020007
02000000
04000906
03070105
01020007
00010000
04000808
03090106
00040008
00050000
0400090c
010b0108
00030007
000b0001
0400090d
01060207
02050006
01070001
0400070a
01050107
02020004
02000000
04000706
01050107
01020004
02000000
04000705
01050107
02020004
02000000
04000706
01060207
02040004
01010000
04000607
01050107
01030004
01020000
04000607
01050107
02020005
02000000
03000705
01050106
01030006
02010000
03000706
01050107
02030005
01010000
03000607
01050207
03040005
02000000
03000607
00050206
03040005
02000000
04000606
00050207
02030005
02000000
03000606
01050206
03030006
03000000
03000606
01050206
02030005
04000000
03000604
02060306
02030007
04000000
03000705
02060205
02040008
04000000
03000805
02060104
01030009
03010000
02000805
02060205
02040009
03000000
03000805
02060104
0203000a
02000000
03000905
02070104
0204000c
03000000
02000a05
04070303
0205000b
07000000
02000a02
04080201
0103000e
04000000
02000a04
04080101
0103000e
04000000
02000a04
05090201
0002000f
03010000
02000b06
070a0200
00020011
06000000
01000c04
090a0300
02040013
0a000000
02000d01
09090300
00030014
09000000
0e000e47
03080502
0208000e
48010000
02001907
02070201
0304000f
00000000
02000909
01060402
0404000d
00000000
02000709
01070304
0403000b
01000000
03000709
01070204
0202000b
02000000
02000806
01060303
0306000b
02000000
02000707
01060304
0304000a
01000000
03000606
01050304
02040008
02000000
02000606
01050204
02030007
02000000
02000606
01050305
03040007
02000000
03000506
01050305
02030007
02000000
03000507
00050305
02040007
02010000
03000506
00050305
03030007
01000000
02000507
00050404
04050007
00000001
02000408
00050304
0403000a
01000001
02000607
00050205
04040009
05000001
02000705
00050105
03060009
05000000
01000702
01050305
02040007
06010000
02000604
01050306
03030006
03000000
03000505
01060207
02030005
05030000
03000605
02080205
00030006
06050000
02000703
02060305
01030005
03060000
04000506
02060305
01020006
02000000
04000606
03060306
01040007
03000000
03000605
02060206
01040006
02010000
04000706
03060305
00020006
03010000
03000705
02070205
01020007
02020000
03000806
03070105
01030007
02020000
04000806
03060206
00030006
02010000
04000706
03060206
01020006
02010000
04000805
03060105
01020007
02010000
04000806
03070205
01030007
02000000
04000806
03060206
02020007
02000000
04000706
03060206
01020005
02010000
04000706
03070205
00030007
02010000
04000806
03070205
01020007
02000000
04000706
04060206
01030007
02000000
04000906
04070205
01030007
01000000
04000807
04070304
02040009
01000000
04000907
04060105
02030008
02000000
04000806
03060206
02020007
01010000
04000906
04060105
01020008
01010000
04000807
04060205
02030008
01000000
04000806
03060206
03030008
02000000
05000806
03060206
03020006
02000000
05000807
04060205
02030007
01000000
05000807
04060206
01040007
01000000
05000806
05060305
03060007
01000000
06000808
06070505
14080007
02000000
0a00070a
07070705
240a0009
01000000
0c000707
07070705
25080009
07000000
0c000806
06070304
18040006
07000000
09000808
06070806
0b060006
00000001
0700060e
06070b05
170d0009
00000005
0a00080d
07071006
2212000a
01000006
0c00080c
07081205
2514000b
02000006
0d000807
08081404
2617000c
03000005
0c000805
07091205
2515000c
04000004
0c000905
07091204
2213000c
03000004
0b000905
07091104
2112000d
03000003
0b000906
070a1104
1f13000d
02000003
0b000a08
07091303
2413000d
01000004
0c000807
08081304
2314000c
02000005
0c000807
08091305
2517000a
03000005
0c000906
08081107
24150009
06000005
0c000806
06080c06
1e10000a
08000004
0a000a04
05070807
110b0009
08000001
06000903
06080306
0e080005
03010000
09000807
07080606
21070007
02030000
0c00070a
07080706
26080008
04010000
0c000808
07070505
1e080008
08000000
0a000906
05060105
09030007
06000000
06000906
05060106
02030007
02010000
04000807
04060205
02040007
01000000
04000807
04060205
02030007
02000000
05000905
04070205
02030007
01000000
05000907
04070205
02030008
01000000
05000907
04060206
02030007
01000000
05000806
04060206
02020005
01000000
05000807
04070205
02020008
02000000
04000a06
04070105
01030009
01000000
04000a07
04070105
01020007
01000000
05000907
04070105
00020007
02000000
04000906
04070205
01030007
02000000
05000906
04070105
00010008
02010000
04000a07
04070105
01020009
01010000
04000a07
04070206
01020007
02010000
04000906
04070106
00030007
00020000
04000908
04060106
01030007
01010000
05000807
04060206
00020005
01000000
05000806
04070106
00020005
01020000
05000807
04070106
00020006
00010000
04000807
04070106
00030006
01010000
04000807
04060206
00020005
01010000
05000807
03070105
00020006
00010000
04000807
03060205
00030006
01020000
04000708
04060205
02040007
02000000
04000806
04070105
02030008
02000000
04000906
03070005
02030008
01020000
04000a07
03070105
01020008
01010000
04000808
04090105
01030008
01010000
04000a07
020b0207
00060009
00090001
05000a10
01060107
02040006
02090001
0300070e
01050107
02030005
02020000
04000706
01050207
02030004
01000000
04000606
01050207
02020004
02000000
04000606
01050207
03030004
02000000
04000608
01050206
02040006
02010000
03000706
01050107
02030005
02000000
04000606
01050207
02020004
01000000
04000607
00050207
02030004
00010000
03000607
00050107
02030004
02000000
03000605
00050207
02030005
02000000
03000606
00050106
02030005
02010000
03000606
00050106
02030006
03010000
03000705
01050206
02030006
04010000
03000704
02060205
02040008
04010000
02000805
01060105
03040009
03000000
02000805
01070005
0202000a
03020000
02000905
01070005
0104000a
03010000
03000905
02060105
01040009
03010000
03000906
03070203
0105000b
07000000
02000904
04070203
0204000c
05000000
03000a04
05080302
0104000d
05000000
02000a03
05080201
0103000e
05000000
03000b05
06090101
00030010
04010000
02000d05
080b0200
00030013
09010000
01000d03
09090500
01050014
08000000
0e000e44
03070701
050d000e
47000000
03001908
03070301
0406000e
00000000
02000808
01060302
0404000d
00000000
02000809
01070203
0304000d
02000000
02000806
01060303
0304000a
01010000
03000607
00060305
04050009
02000000
03000806
00050105
02030009
01010000
03000806
00050205
02030008
02000000
02000705
00050205
02040008
02000000
02000606
01050305
02030007
02010000
02000506
00050305
03030007
02010000
02000506
00050305
03030007
01000000
03000506
00050404
03030008
01000000
02000507
00050404
04040008
00000001
02000508
00050304
03050009
01000001
02000507
00050206
02060008
04010001
02000505
00060206
02060007
05000001
02000602
00050306
04050006
05010000
02000704
01080206
02030007
07030000
02000804
02070205
01030006
06050000
03000704
02060305
01040006
04030000
03000605
02050206
02020005
02000000
04000606
02060305
01020007
03010000
03000705
02060305
01010006
03020000
03000705
02070105
01020006
03010000
03000705
03060205
01030006
02020000
03000806
03060205
01030007
02010000
04000806
03060105
01030007
02010000
04000705
03060206
01020006
02010000
04000806
03060105
01030006
02010000
04000806
03060105
01020007
02000000
04000806
03060106
01030007
02010000
04000806
03060106
00020006
02020000
04000706
03060206
01030005
02010000
04000806
03060105
01020007
02000000
04000806
03060205
02030007
02000000
04000806
03060205
02030007
01000000
04000706
03060205
03030006
01000000
05000706
04060305
03030006
02010000
05000806
04060205
02030007
01000000
04000806
03060205
02030007
02000000
04000806
04060305
02040007
04000000
04000806
06060506
07080006
01010000
0800070c
07080704
240c000b
02000000
0b00070a
05070605
21070009
07000000
09000909
06070d07
170a0008
00000006
0a000714
07081105
2515000e
0a000006
0b00090c
04070b05
1d15000e
0e000000
08000d0b
01130a06
04060008
00120004
05000b11
00151209
0014000a
00240006
0200090f
01131108
0013000c
0b260006
03000906
020a0c07
020e000a
0a180002
06000804
030f0406
03060008
04070000
07000a04
03120507
06080008
01190001
06000a0a
03150409
03060007
02230004
05000b0a
03150208
01050007
01260005
04000b08
02150109
00010006
03260006
04000807
03150209
00020005
03250005
04000906
03130308
01040006
02210004
04000906
02120108
01010007
021f0004
03000a06
02120108
01020007
011e0004
04000a08
03140008
00010007
02210005
03000a06
03140109
01020007
02230005
04000a06
0315010a
01020006
03260005
04000906
0316030a
04050007
05270005
05000a05
04120509
06050006
05250002
05000a06
03100605
06090009
03190000
07000a0c
010d0d07
06090008
000a0001
05000910
00131208
0612000b
001e0004
04000a10
0017130a
0015000b
07270005
03000b07
02150c08
00100009
0c230003
03000b05
06080807
0a080009
05100001
0a000b19
08091506
2916000a
03000005
0d000716
08071207
2716000b
10000005
0c000804
06080607
100b0007
09000000
0a000a05
08080705
2a09000b
02000000
0c00080b
06070605
2206000a
0a000000
09000907
04060306
03050006
05010000
05000807
04060305
03030007
02000000
05000806
04070205
03030007
02000000
04000906
04060205
02030007
02000000
05000907
04070106
02020007
02000000
05000807
04060206
02020006
01000000
05000906
04070105
01020007
02000000
04000a06
04070106
01030007
02000000
04000a06
04070105
02040008
01000000
05000907
04070105
01030007
02000000
05000806
04080106
01020007
01000000
05000907
04070105
01020007
00020000
05000908
04070106
00000007
01010000
04000807
04060106
00020006
01020000
05000808
04070206
01020007
01000000
05000807
03070106
01010008
01010000
04000907
04070206
00020007
01010000
05000807
04070206
01010006
01010000
04000807
03070106
01010007
01010000
04000807
03070106
00010006
01020000
04000807
03070206
01030006
01020000
04000807
03070205
02040008
02010000
04000906
03070105
02020008
01000000
04000808
03060206
01030007
02010000
04000806
03060205
01060008
01000000
04000807
020b0207
00040007
000a0001
0500080c
01080208
00040005
00070001
0300080e
01060206
03050007
03020000
04000706
01050107
02030005
02010000
04000607
01050207
02040004
01010000
04000607
01050107
02020005
02000000
04000606
01050207
02030004
02000000
04000606
01050206
03030005
01000000
04000607
00050207
03020005
01000000
04000607
00050207
03040004
02010000
03000607
00050207
03040005
03000000
03000605
01050107
02030005
03020000
03000705
01060206
01030006
03010000
02000705
01060106
02040006
03010000
03000705
02060206
02030007
03010000
03000705
02070205
02030009
03020000
02000806
02060104
0204000a
03000000
03000905
02060104
0204000a
03000000
03000905
02060105
02040009
02000000
03000906
03060204
01040009
05000000
03000805
04070303
0306000b
06000000
03000a03
05070303
0203000c
05000000
03000a04
05080302
0105000d
06000000
03000b03
06090102
0103000e
04010000
03000c06
070a0300
00050012
05010000
02000c04
08090400
00040013
07000000
0e000d41
02060603
010c000c
45020000
02001605
01060302
0304000c
00000000
02000708
01070203
0304000c
02000000
02000806
01070303
0305000b
02010000
02000707
01050403
04050009
01000000
03000508
01050204
03030009
03000000
02000805
00060105
02040009
02000000
02000806
01050204
02030008
02010000
02000705
01060204
02040008
02000000
02000606
00060204
03040008
02020000
03000606
00050305
02040007
01010000
03000506
00050305
02030007
01000000
03000507
00050304
03040008
01000000
02000507
00050205
02040007
00010001
02000408
00050306
02040006
02010002
02000407
00050306
02040006
04020002
02000405
00050306
04030006
05000001
02000603
01070306
03030007
08030000
02000802
01070206
01040007
07040000
03000704
02060205
02030006
03000000
03000604
02060305
01030006
03000000
03000705
02060205
01020007
03010000
03000705
02060205
01020008
03010000
03000705
02060105
01030007
02010000
03000705
03060206
01030006
02010000
04000706
03060205
01010007
02000000
04000806
03060105
01030007
03010000
04000805
03060206
01020006
02020000
04000606
03060206
01020006
02000000
04000806
03060206
01030006
02000000
04000706
03060205
01020007
02000000
03000806
03070205
01040008
02010000
04000906
03060206
01020007
02010000
04000706
03060206
02020005
01000000
05000706
03060205
02020007
01000000
04000806
03060205
02030007
01000000
04000807
03060205
02030007
01000000
04000706
03060305
02040007
02000000
04000807
05070406
09070007
02000000
08000809
06080605
1f0b0009
03000000
09000807
06070a05
150a0007
00000002
09000617
080a1306
221c000c
0e000005
0b00090e
020f0a06
1914000c
10000000
07000d1b
00151009
0213000b
03210005
03000916
03120f08
0017000d
11230004
06000d00
03130607
060b0008
02170001
06000c0f
03170108
03030009
05270005
05000b0c
030d0107
00040007
08200003
03000906
04060505
04090009
02010000
04000807
03070305
04050009
02000000
05000807
03070206
00030006
01030000
04000706
03060205
00030006
02010000
04000706
03070205
01040006
01020000
04000806
03070205
01030007
02010000
04000706
03070206
01020006
02030000
04000706
02060106
01020006
01020000
04000806
03070105
01020007
02020000
04000806
02060106
01020007
02020000
04000707
03070206
00010006
02020000
04000706
03070106
00020006
01010000
04000706
03070205
01030006
01020000
04000706
03060205
01020007
01010000
04000707
03060106
00030007
02010000
04000706
03060206
00030005
02010000
04000707
03060206
00030006
01010000
04000706
03070206
01030006
02020000
04000806
03060305
01030007
02010000
04000707
03070205
01030007
01000000
04000707
03060206
01020007
01010000
04000806
03070206
03020007
03000000
03000806
04060605
06090009
03000000
05000807
030d0207
0408000a
01000000
07000b0a
0319020a
02030007
03290005
04000a0b
04170609
040b0009
092c0004
04000b05
00130e07
070a000a
001b0003
08000b1d
011a1409
0418000d
082b0005
03000b0f
04130c08
0012000a
12290003
08000d16
080b1304
2a13000d
00000006
0c000a1d
07071106
2717000d
10000004
0a000c01
07080706
210b000a
08000000
0b000b0b
07080705
290a000b
0d000000
0a000906
05060305
08040007
06000000
06000806
04070305
03030007
03000000
04000806
04070305
03020008
02000000
05000907
04070206
03030008
02000000
05000906
04070105
01020007
02000000
05000906
04070105
02020007
02000000
04000906
04070205
02020007
01000000
05000906
04070105
01030007
01000000
05000907
04080205
01030007
02010000
04000a06
03070106
01030007
00020000
05000909
04070106
00010006
01020000
04000808
04070105
00030008
01010000
04000907
04060106
01030007
01000000
05000807
04060206
00020006
01010000
05000707
03060105
00020007
01010000
04000807
03060106
01020007
01000000
04000906
03070106
01030007
01010000
04000807
03060106
00030007
01020000
04000807
03060105
01030007
01000000
04000806
03070105
02030007
02010000
04000907
03060206
01030006
01010000
04000707
03070205
01020007
02010000
04000807
030b0206
02050008
01050000
0500090e
010b0006
00040007
000a0001
0400080e
01050207
03050006
01040001
04000608
01050206
03020004
01000000
04000607
01050106
02030005
02010000
03000606
01050106
02030005
02010000
04000606
01050206
03030005
01000000
04000608
01050306
04050005
02000000
04000606
00050207
03030004
02010000
04000507
00060207
01040004
03020000
03000605
01060206
02040005
03010000
03000705
01060105
02030006
04010000
03000705
01060106
02030006
02020000
03000706
01060306
02030007
03010000
03000705
02060205
02030009
02000000
03000805
01060104
0203000a
03000000
02000905
02060105
02040009
03000000
03000906
02060105
02050009
03000000
03000905
02070104
0103000a
02010000
03000905
03080203
0204000d
06010000
02000a04
04070302
0302000d
04000000
03000a04
06080302
0204000d
06000000
03000902
06090301
0104000e
06000000
03000c04
07090200
01030011
05000000
02000c04
07090400
00050012
05000001
0d000c42
02060602
0409000c
44000000
02001605
01070303
0405000d
01000000
02000708
01060203
0204000b
02000000
02000706
01060303
0305000a
00000000
03000608
01060304
03040008
02000000
03000607
01050304
02030008
02020000
02000605
01060304
02040009
03000000
02000705
01060205
03030008
02020000
03000607
01050205
02030007
02010000
02000607
00050304
03040008
01000000
03000606
00050305
03030007
01000000
03000506
00050305
02040007
01000000
02000507
00050304
03050007
01000001
02000507
00040306
03040006
01000001
03000506
00050406
06050006
01020001
03000407
00050506
07050007
08020001
02000507
00080306
02020007
07050002
02000704
01070305
01040008
07030000
02000701
02060304
01030007
04000000
02000604
02060305
02040008
04000000
03000604
02060205
01010007
03010000
03000604
02060205
02030007
03000000
03000705
02060205
01030006
03010000
03000705
02060205
01030007
02000000
03000705
02060205
01020007
02000000
03000806
03070205
01030008
02010000
03000806
03070205
02040008
02010000
04000806
03060205
02030007
02000000
04000707
03060205
02030007
02000000
04000705
03060206
01030005
02000000
04000707
03060205
02020007
02000000
04000806
03060205
02020007
02000000
04000806
03060205
03040007
02000000
04000706
04060306
03040006
01000000
04000606
04060305
02030006
02000000
05000708
06080705
170c0009
02000000
0800070b
04060405
1a040008
05000000
07000812
05080f06
1c14000a
0a000003
08000715
010e0707
150e000b
0c000000
06000c17
02150f08
0219000b
0c210004
0500090f
03110407
000a000a
0a160001
06000d07
02150008
03030008
06250005
0500090b
03060605
000e0009
0b1c0001
03000706
02080105
04020007
02020000
07000808
03060105
01020007
02030000
03000706
03060205
00020006
01010000
04000706
03060206
00040007
02010000
04000706
03060206
01040006
02010000
04000706
03060205
01030007
01010000
04000707
03060206
01030006
02010000
04000606
03060206
01020005
01010000
04000606
03060206
01020005
02000000
04000706
03060206
01030005
01000000
04000607
03060206
01030005
02010000
04000706
03060206
01020006
02010000
04000706
03060206
01030006
01000000
04000706
03060206
01020007
02000000
04000806
03070205
01030007
02000000
04000806
03060205
02030007
02000000
04000806
03060205
02020007
02000000
04000806
03060205
02030007
02000000
04000807
03060205
02020007
01000000
04000806
03060205
02020007
02000000
04000706
03060206
02020007
02000000
04000706
03060206
02030006
01010000
04000706
03070206
02030006
02010000
04000706
03060206
01020005
01010000
04000707
03060206
01020006
01010000
04000707
03060205
02020007
01010000
04000707
03070205
01020007
01010000
03000807
03060105
01020007
02000000
04000807
03060105
01020007
02010000
03000806
03060105
01020008
01010000
04000806
03060105
01020008
02000000
03000906
03070205
01050008
02000000
04000906
04070205
02020008
03010000
04000907
03070505
020a000d
01010000
07000a0b
031a0108
0101000a
03250006
05000b0e
03190307
020a000e
092d0004
05000c0a
001b1207
0511000e
001a0005
06000d1a
031a1007
0015000e
102c0004
06000d0e
07091305
2514000f
01030005
0b000a1c
07070e07
2514000d
12000001
09000c00
070a0805
290b000c
04000000
0a000907
05060306
19030009
0e000000
07000905
04060405
03060007
02020000
05000807
04070205
02040007
02000000
05000806
04070205
02030006
01000000
05000806
04060105
02020006
01000000
05000907
04060105
01020007
01000000
04000906
04070105
00020007
01000000
04000906
04070105
01020007
01010000
04000908
04070105
01020008
01010000
04000907
03070206
01010006
01010000
04000807
03060206
02020006
01000000
05000707
04070205
02030007
01000000
05000807
03070105
01020007
01010000
04000907
03070105
01020008
01010000
04000907
03060206
01030006
00010000
04000807
03060105
01020007
01010000
04000807
03060205
01040006
01010000
04000707
03060306
02040006
01000000
04000707
03060205
02020007
01010000
04000807
03060105
01020007
01000000
04000806
03090206
01040007
01020000
04000809
01090007
00020006
00080000
0400080c
01060207
02050006
01070000
0400060d
01050306
04040005
02000000
04000606
01050306
03040005
02000000
04000606
01050206
03030005
00000000
04000608
01050306
03040005
03000000
04000607
01050307
04040005
03000000
03000605
00050207
02030005
03010000
03000605
01050207
02030005
03010000
03000605
01050205
03040007
03000000
03000705
01060205
02030007
03000000
03000705
01060205
01030007
03020000
03000706
02060205
01040007
02010000
03000706
02060105
02040009
03000000
03000805
02060205
01040008
03000000
03000706
02060104
0204000a
03000000
03000904
02060004
0203000a
03000000
03000906
03070204
0105000c
05000000
02000a05
04080202
0104000d
05000000
02000a03
05070302
0203000d
05000000
02000904
06080301
0202000e
05000000
03000b02
07090500
0304000f
05000000
03000b04
07090400
03030011
05000000
0d000c41
01060503
0309000c
41000000
02001606
01060302
0204000c
03000000
02000705
02060403
0306000a
01000000
03000508
01050304
04050008
02000000
03000507
01050205
01030007
03010000
02000605
01060304
01030007
02010000
02000506
01060304
02040007
03010000
02000605
01050305
02030008
02010000
03000607
00050205
03030007
02000000
02000606
00050304
02030007
01000000
02000507
00050304
03040007
01000000
02000506
00050206
03050006
01000000
03000506
00050206
04040006
01010000
04000507
00040505
09060006
00010000
0300050a
00050505
08060008
06000001
03000608
00090305
02070008
09050002
02000802
01050404
04050008
03060001
03000506
01060405
04040007
07000000
02000602
02050304
02030008
05000000
02000604
02070305
01030007
04010000
02000704
02060205
01030007
03000000
03000705
02060206
01030007
03010000
03000705
02060206
01020007
02010000
03000705
03060205
01030007
02010000
03000705
03060205
01030007
02010000
03000705
03060105
01030007
01000000
04000806
03060105
01040008
02000000
03000806
02060105
01020007
01000000
04000806
03060205
01040007
02000000
04000806
03060305
02030006
01000000
04000706
03060205
03030007
01000000
04000706
03060205
02050008
02000000
04000706
05070705
100e0009
02000000
0700060a
04060606
18060005
02000000
07000613
05080d06
1918000c
0d000003
0800080f
00150d07
0d12000a
02160004
06001016
020e0c07
0015000b
0f1d0002
06000c02
02130107
03010007
051d0004
0400080d
02060306
00070007
08180001
03000706
02060206
02030006
02010000
05000706
03060205
01030007
02020000
03000806
02060105
01030007
02010000
04000806
03060105
01020007
02000000
03000806
02060105
01020007
02000000
03000806
03060205
01030007
02010000
03000706
03060206
01030006
02000000
04000706
03060206
01020005
01010000
04000606
03060206
01020004
01000000
04000606
03060206
01020005
01000000
04000606
03060206
01020005
01010000
04000606
03060206
01020005
02000000
04000606
03060206
01030005
02010000
04000706
03060206
01020005
01000000
04000606
03060206
01020004
01000000
04000606
03060206
01020004
01000000
04000606
03060206
01020005
02000000
04000706
03060206
01030006
02000000
04000706
03060205
01020007
02000000
04000806
03060105
01020007
01000000
04000806
03060105
01030007
01000000
04000806
03060105
01020007
01000000
04000806
03060105
01030007
01000000
04000806
03060105
01020007
01000000
04000806
03060205
02020007
02000000
04000806
03060205
02020007
02000000
04000806
03070305
02020007
02000000
04000706
03060206
02020007
01000000
04000706
03060205
02020007
01000000
04000807
03060205
02030007
01000000
04000806
03060205
02030008
02000000
04000806
03060105
02020007
02000000
04000807
03070205
01040008
02010000
04000807
03070105
02030008
01010000
04000807
03060105
01030007
02000000
04000806
03060205
01020007
01000000
04000807
03070105
02030008
02000000
03000906
03070004
0103000a
01000000
03000a07
03070104
0203000b
01010000
03000a07
03080203
0203000c
01000000
03000906
03060104
0203000b
01000000
03000a06
03070204
020a000f
02010000
05000b07
031b0007
0101000d
03200005
05000d0e
01130305
0009000d
072a0004
06000b15
01191408
0817000d
0e290004
05000c16
060a1206
0f13000e
13240004
09000d19
07091107
2716000e
12000001
0a000c09
06090605
210b0009
08010000
09000b06
05060206
15030007
0c000000
07000906
04060205
02030007
02010000
04000906
04060205
02030007
02010000
05000807
04070205
02020007
01000000
05000906
04070205
02030007
01000000
05000807
04070205
01030007
01000000
05000907
04060105
02030007
00010000
05000808
03060106
02020006
00010000
05000808
04060206
01030006
02010000
04000807
04060206
01040007
01000000
04000806
03060105
02020008
02000000
04000906
03060206
02020007
01010000
05000908
03070206
02030007
01010000
04000807
03060106
01020007
00010000
04000808
03070305
02020006
02010000
04000808
03060305
02030007
01010000
04000806
03060205
02020007
01000000
04000806
03060205
01030006
01000000
04000707
02060205
02040008
01000000
04000807
010b0107
00040008
00060001
0400080d
01050207
02050005
010a0001
0300060c
01050206
02030004
02000000
03000607
00040306
03040005
00000000
04000508
00050307
04040005
02000000
04000507
01050306
03060005
05010000
03000606
01050306
03040006
05010000
03000605
01050206
02030005
02020000
03000605
01050206
02030005
03010000
03000605
02060305
01030007
03010000
02000605
02050305
02040007
03000000
03000706
02060205
02030007
02010000
03000606
01060205
02030008
02000000
03000705
02060205
03030008
03000000
03000805
02060104
02030009
03010000
03000906
02060205
02050009
03000000
03000905
03070203
0203000c
03000000
02000a05
04070203
0204000b
06000000
02000a03
04080201
0203000e
05000000
02000a04
05080201
0104000e
04000000
02000b03
07090400
01040010
06000000
02000b04
07090400
01040011
06000000
0d000c3f
01070503
0109000c
41010000
01001505
02060202
0304000b
03010000
02000707
01060404
04050008
03000000
03000608
01060204
01030008
03020000
02000706
01050305
02030007
03010000
03000505
01060204
01020008
02010000
02000606
01050305
02040007
03010000
02000606
01050204
02040008
01010000
03000607
00050205
02030007
02000000
02000606
01050304
03040007
01000000
03000507
01050305
03040007
01000000
03000507
01050505
05050006
01000000
04000409
00040606
08070005
00000000
0400030a
00060606
0a070005
05000002
04000509
04080305
02060008
07040002
06000604
050b0905
3110000a
09030002
0c05050a
02050b04
2f0d000c
0f000000
08020608
01060404
08040009
0e000000
02000900
01060304
01040008
05010000
02000702
02060305
01030007
04000000
03000604
02060205
01020007
04010000
03000705
02060206
01020007
03010000
03000705
02060205
01020007
02010000
03000705
03060205
02030007
02010000
04000706
03060306
03030006
02010000
04000606
03060206
01030005
02000000
04000706
03060205
03030007
02000000
04000806
03060205
03030007
01000000
04000707
03060205
02050007
02000000
04000706
04060305
04040006
02000000
07000609
04090705
130c0009
02000000
0600080b
04080c06
1714000b
09000001
06000715
00130b07
100b0009
05090002
06000c11
030e0d07
0016000b
0c1a0002
06000d03
03130107
03020007
081b0002
0500080c
02080405
050d0009
050d0000
06000808
02060205
02040007
02010000
03000706
03060205
01030007
02010000
04000606
03060206
01020006
02010000
04000606
03060305
01030006
02000000
04000606
03060205
01020007
02010000
03000806
02060105
01020007
01000000
03000806
02060105
01030007
01000000
03000806
03070205
01030007
02010000
04000805
03070205
01030007
02010000
04000706
03060206
01030005
02010000
04000606
03060206
01020004
01000000
04000606
03060206
01020005
01000000
04000606
03060206
01020005
02000000
04000606
03060206
01020005
02000000
04000606
03060206
01020005
01000000
04000606
03060206
01020005
01000000
04000606
03060206
01020005
02000000
04000606
03060206
01020005
02000000
04000606
03060206
01020005
01000000
04000606
03060206
01020005
02000000
04000706
03060206
01020005
01010000
04000706
03060206
01030006
02000000
04000806
03060105
01030007
01000000
04000806
03060206
01030006
02000000
04000806
03060205
01030007
01000000
04000806
03060206
01030006
01000000
04000806
03060205
01020007
02000000
04000806
03060105
01020007
01000000
04000806
03060105
01030007
01000000
04000806
03060205
01030007
01000000
04000806
03060105
01030007
01000000
04000806
03060105
01020007
02000000
04000806
03060105
01030007
01000000
04000806
03060105
01020007
02000000
04000806
03060105
01030008
02000000
03000806
03060205
01030007
01010000
04000807
03060105
01020008
02010000
03000906
03060106
01030008
02000000
04000806
03060205
02030007
02000000
04000807
03060106
01030007
02000000
04000906
03060105
01040008
01000000
04000907
03080105
0104000a
02020000
03000a06
03070003
0103000b
01020000
03000a08
02070005
0104000a
01010000
03000a06
03070104
0103000c
01010000
03000a06
03070104
0104000c
01000000
03000906
02080104
0103000b
01010000
03000a06
02080204
0204000b
02030000
03000a06
03160206
0009000e
01050001
05000c0c
031a0007
0009000c
06230005
04000b0b
02160e07
0313000d
0b200003
05000c15
050a0f06
1113000b
0d1c0003
09000d16
07090f06
2115000b
11000000
08000e01
060a0705
1d0e0009
0a010000
09000809
05070206
06040007
0b030000
06000908
04060206
02030007
02000000
04000806
04060205
01020007
01010000
05000807
03060205
02020007
01000000
05000707
04070205
02020007
02000000
05000806
03070206
02020008
01010000
04000907
03070206
01010008
00010000
04000908
03070205
02030009
02010000
04000906
03070105
02040009
02010000
04000a08
03070205
02030008
02010000
04000807
03070205
02030007
01010000
04000808
03070205
01020007
01020000
04000707
03070205
00020007
01010000
03000706
03070205
00030007
01020000
04000707
03060205
02030006
01000000
04000807
03060205
02020007
01000000
04000707
02060205
02040008
00000000
04000808
00080007
01040008
00060001
0400080d
00050207
02040005
00060000
0400060b
00050306
03030005
00000000
04000609
00050306
04050005
02010000
03000507
00050205
04030006
03000000
03000605
01050306
04050006
05000000
03000604
01050206
03030005
05000000
03000605
01050206
01030005
03010000
03000605
01050206
02030005
03010000
03000605
01060205
02020006
03010000
03000705
01060205
01030007
02010000
03000706
02060204
02030008
02010000
03000706
01070205
01030008
03020000
02000805
02060105
01030008
02020000
03000806
02070204
02030009
02000000
03000805
03060203
0103000b
03010000
02000905
03070203
0204000c
05000000
02000a04
04070202
0205000d
04000000
02000a03
05080201
0203000e
05000000
02000a03
06080300
0104000f
04000000
02000a03
06080400
01040010
05000001
0d000b3e
01060303
0107000c
42020000
02001608
01060502
0406000b
01000000
02000508
01060304
03030009
03010000
03000605
01060205
02040008
03010000
02000705
01050205
03030009
02010000
02000606
01050205
02040008
02010000
03000606
01060305
02040007
02010000
03000606
01060305
02040007
01000000
03000506
01050305
02040007
01010000
03000507
01050304
02050007
01000000
03000507
00050505
06060006
00000000
0400040a
00030605
08060004
00000001
0400020a
00050507
07070004
03010002
04000308
00050306
02040004
04030002
02000306
02021b04
1b27000d
00010004
070a0227
00081e04
32220011
04000b08
0a06041d
000d1a04
23260014
28010b06
08060e00
01050205
05050009
17000000
01000b00
01060205
01050008
05000000
02000702
02060205
01030007
04010000
03000704
02060305
01030007
03010000
03000704
03060205
01030006
03010000
03000705
02060205
01030007
02000000
03000706
02060205
02030007
02000000
03000806
02060205
02030007
02000000
04000706
02060305
03030007
02000000
04000706
03060305
03040007
02000000
04000707
04080705
0d0c0008
02000000
06000609
04070906
130b0006
00000000
07000715
02080b07
1512000a
0a000000
05000e11
02160b07
0113000a
09170001
05000d0c
02110207
00040006
05170002
05000a0a
02060206
01060006
07100000
04000606
03060206
01030006
02010000
03000706
02060105
01020007
02000000
03000806
02060205
01030007
02000000
03000705
03060205
01030007
02010000
03000706
03060305
02030006
01010000
04000606
03060305
01030006
02000000
04000606
03060206
01020005
02010000
04000606
03060206
01020006
02000000
04000806
02060105
01020007
01000000
03000806
02060105
01020007
01000000
03000806
03060105
01030007
02000000
04000806
03060205
02040007
02000000
04000706
03060206
01020006
02000000
04000606
03060206
01020004
01000000
04000606
03060305
01020006
01000000
04000606
03060306
01020005
02000000
04000606
03060305
01030006
02000000
04000706
03060206
01020005
01010000
04000607
03060206
01020005
01000000
04000606
03060205
01020005
01010000
04000606
03060206
01020006
02000000
04000606
03060206
01020005
01000000
04000606
03060206
01020005
02010000
04000606
03060206
01030005
01000000
04000606
03060206
01020005
02000000
04000706
03060206
01030006
01000000
04000706
03060206
01020005
01000000
04000606
03060206
01030005
01000000
04000606
03060206
01020005
01000000
04000706
03060305
01030006
02000000
04000706
03060206
01020007
02000000
04000806
03060105
01020007
01000000
04000806
03060105
01020007
01000000
04000806
03060105
01020007
01000000
04000806
03060105
01030007
01000000
04000806
03060206
01030006
01000000
04000706
03060205
01030006
02010000
04000706
03060205
01020007
02000000
04000806
03060105
01030007
01000000
04000806
03060105
01030007
02000000
04000806
03060106
01040007
01000000
04000806
03060105
01020007
02000000
04000806
03060105
01020007
01000000
04000806
02070105
01010009
02010000
04000a06
03070005
01030009
01010000
03000907
03060105
0103000a
01010000
03000907
02070104
0102000a
01000000
03000907
03070104
0102000b
02010000
03000a06
03070004
0003000b
01010000
03000a06
02070104
0201000b
01010000
03000a07
03070004
0104000b
02000000
03000a05
03070004
0104000b
02000000
03000a06
03070005
01040009
03010000
03000a06
02070105
01050009
01020000
03000907
03180208
000c000a
02070001
06000b0b
02130307
01060009
08230003
06000910
051b1008
0813000b
16250004
08000b11
06091007
2118000a
0c090002
09000d18
07090905
1d13000a
10030000
0901100a
06060305
1e020007
0d010000
09000909
03070305
03040008
01020000
0500080a
04060205
03030007
03000000
04000806
04060206
02030007
02000000
04000906
04070105
01020009
02010000
04000a07
03070005
00020009
01020000
04000a08
03070105
01020009
01020000
04000a07
03060105
01030008
01000000
04000807
03060105
01030007
01000000
04000806
03060206
01040006
01000000
04000707
03060206
01020005
01010000
04000606
03060206
01020006
00010000
04000708
02060205
01030007
00010000
04000708
02060205
02020007
01010000
04000707
03070204
02030008
01000000
04000807
02060105
02040008
00000000
04000809
01070107
01020007
00030000
0400070c
00050306
04060007
00040001
0400050d
00050306
05050005
03000000
04000507
00050306
03030006
03010000
03000605
01050206
03040007
04010000
03000604
01050306
03050006
06010000
03000603
01060206
02030006
04010000
03000706
01050305
02030007
03000000
03000605
01050206
02030006
03000000
03000705
01060205
02030007
02000000
03000706
02060205
02030007
03010000
03000706
02060205
02030009
04000000
03000805
02060105
02030009
02000000
03000806
02070105
01040009
02010000
03000805
02060305
02040009
03010000
03000905
03070203
0203000c
04000000
02000906
04070302
0204000d
05000000
02000a03
04070202
0204000d
05000000
02000a03
05090202
0103000e
05000000
03000b03
06090400
0104000f
05000001
0c000b3b
01060602
040a000c
42000000
03001609
01060403
0304000a
02000000
02000508
01060304
0203000a
03000000
02000605
01060304
0203000a
02000000
02000706
01060204
0205000b
03000000
02000706
01050205
02030008
02000000
02000606
01050205
02030007
02000000
03000606
01050304
03040008
01010000
03000607
01050305
05050007
01000000
04000508
01040506
05070004
00000000
05000309
00040606
06060004
02000001
04000209
00040407
03040002
00020002
04000108
00050406
02030003
03020002
02000306
00040606
0a040004
02000003
0700031f
00081903
2424000c
00000b05
090a0327
00030305
0606000a
05010709
00040303
000a0104
060c000f
28010a06
00030d00
00040205
0005000b
1a010000
00000d00
01060205
02030008
06000000
02000702
02060205
02030008
04000000
03000703
02060205
01030006
03010000
03000705
02060205
02030007
02000000
04000705
02060306
02020006
02000000
04000706
02060205
03050007
02000000
04000706
03060206
02030006
02010000
04000607
04070505
0f060008
02000000
06000708
03080a05
0f0e000a
03000000
0600060e
02130a05
100d000a
06060000
04000b0e
02100906
0011000b
08140001
05000a06
02110206
01090008
06160002
03000806
02060206
04020007
02000000
05000707
02060206
01030005
02010000
04000606
02060306
02020005
02000000
04000606
03060205
01020006
02000000
04000705
02060205
02020007
02010000
03000806
02060205
01030007
02000000
03000706
03060206
02030006
02010000
04000606
03060305
01030006
02010000
04000607
03060206
01030006
02010000
04000606
03060206
01030005
02010000
04000606
03060206
01020007
02000000
03000806
02060105
01020007
01000000
03000806
02060105
01020007
01000000
03000806
03060105
01020007
02000000
04000806
03070106
02030006
02010000
04000806
03060306
02020005
02010000
04000606
03060306
02020006
02000000
04000606
03060206
02020005
02000000
04000606
03060305
01020006
01010000
04000706
03060305
02020007
02000000
04000606
03060305
02020007
01000000
04000706
03060206
02020007
02000000
04000706
03060205
02020007
02000000
04000706
03060205
02020007
02000000
04000706
03060306
02020007
02000000
04000706
03060206
01020005
02000000
04000706
03060206
02020006
01000000
04000706
03060206
01020005
02000000
04000606
03060206
01020005
01000000
04000606
03060206
02020005
01000000
04000706
03060206
02020005
02000000
04000606
03060206
01030005
01010000
04000606
03060206
01020005
02010000
04000606
03060106
01020005
02010000
04000806
03060105
02020007
01010000
04000807
03060105
01020007
01000000
04000806
03060105
01020007
01000000
04000806
03060106
01030007
01000000
04000806
03060206
01020005
01000000
04000606
03060205
01030006
02010000
04000606
03060206
01030006
02000000
04000706
03060206
01030006
02000000
04000806
03060206
01030006
01000000
04000706
03060206
01030006
01000000
04000706
03060205
01030007
02000000
04000806
03060105
01020007
02000000
04000906
03070104
01020009
02010000
03000a06
03070005
01030009
01000000
03000a06
03070104
0102000b
02010000
03000a07
03070103
0003000b
01010000
02000906
03070004
0103000c
02010000
03000a06
02070005
0103000a
01010000
03000a06
02080003
0103000c
01010000
03000a07
03070004
0002000a
01010000
03000907
03080104
0103000a
02000000
03000a06
02070005
0202000a
02010000
03000906
02060005
01020008
02010000
04000906
02070205
01020008
01010000
04000907
03060105
01020007
02010000
04000806
04080605
010f000a
03010000
04000807
03160207
01040006
041d0003
0800090d
021d1309
0a19000a
01170004
06000912
050a1307
0f18000b
15250005
09000e15
06080e07
22170009
0e000000
0a000c08
070a0905
22130008
15000000
08030807
04060206
02030007
04020000
04000805
03070205
01020008
02010000
04000906
03070105
02030008
01010000
04000a07
03070005
02020009
01000000
04000a08
03070005
01020009
01010000
04000a07
03060106
01030007
01000000
04000807
03060105
01020006
01010000
04000806
03060206
01020006
01010000
04000707
03060205
02020007
01000000
04000808
03070205
01030007
01010000
04000707
03060205
01020007
00010000
03000708
02060205
02030008
00010000
04000708
02060305
03040008
01000000
04000708
02060205
03030007
01000000
0400070a
00070205
04050008
00030001
0400060e
00040406
07060007
04020002
0300050b
00050405
07070007
05000000
03000505
00050305
05050007
04000000
03000604
01050305
04030007
06000000
02000604
01050305
02050006
05000000
03000604
02060206
02040006
03010000
03000605
01050206
02030007
02020000
03000706
02060204
02030007
02000000
03000706
02070205
01040007
02020000
03000707
02070205
01040008
03020000
03000805
02060105
01030008
02010000
03000806
01060105
02030008
02010000
03000806
02060205
02030008
03010000
03000804
02070202
0203000c
02000000
02000905
03070203
0203000c
05000000
02000a04
04080202
0105000e
06000000
02000a02
05080202
0103000d
05000000
03000a04
06080401
0003000e
04000001
0c000a3b
01060603
030c000b
3f000000
03001307
01060403
0202000a
02010000
02000505
01060402
0203000b
02010000
01000605
01060303
0103000b
02000000
02000605
01060205
02050008
02010000
02000606
01050305
02040008
02000000
03000606
02050404
03040007
02000000
03000507
01050504
06060007
00000000
04000409
01040505
07070006
00000000
04000408
00040508
06050002
02000001
05000208
00040507
03050001
02020001
04000207
00040507
04030003
00010002
04000207
00050407
05040004
01010002
03000308
00020c05
110f0007
00000004
0705011f
000c0504
17070009
05050709
070b0128
00030204
0606000b
05000808
00040403
000b0104
0607000f
2b000a06
00040e00
01060104
0107000c
19020000
00000d00
01060105
02040009
07010000
02000802
01060105
02030009
04010000
03000804
02060305
02030007
03000000
03000705
03060205
02040007
02000000
03000705
03060305
02040007
02000000
04000708
03060605
0e060008
02000000
05000608
03060a06
0e0f0009
02000000
0600050c
02100a06
0e0f000b
040b0001
05000b0f
02120306
0108000a
060e0000
05000b08
02060106
01040007
06110000
03000706
02060205
01030007
02000000
03000706
02060105
02020007
01000000
03000706
02060204
01030007
02000000
03000705
02060305
03030007
02000000
04000606
02060206
02020006
02010000
04000606
02060206
01020006
02010000
03000706
03060205
01030007
02010000
03000706
03060205
01040007
02000000
04000706
03060206
01030006
02010000
04000606
03060206
02020005
02000000
04000606
03060306
01030006
02000000
04000606
03060206
01020005
02000000
04000606
03060205
01020007
02000000
04000706
02060205
01030007
02000000
04000806
02060105
01020007
01000000
03000806
02060205
01030007
02000000
03000806
02060205
02030007
02000000
04000806
03060305
02030007
02000000
04000706
03060204
02030007
01000000
04000706
03060205
02040007
02000000
04000706
03060205
02030007
01000000
04000806
03060204
02030008
02000000
04000806
03060205
01020007
01000000
03000706
02060105
01030007
01000000
04000806
02060105
01020007
02000000
03000806
03060205
01030007
02000000
03000806
03060205
01030007
02000000
03000806
03060305
02020007
02000000
04000706
03060205
02030007
02000000
04000706
03060306
01020006
02000000
04000706
03060305
01020007
01010000
04000706
03060206
01020006
02000000
04000706
03070206
01020006
02010000
04000706
03060206
01020005
02000000
04000606
03060206
01020005
02000000
04000606
03060306
02030006
02000000
04000706
03060205
02020006
02000000
04000806
03060106
01030006
02000000
04000806
03060105
01030007
01010000
04000807
03060205
01030007
01000000
04000707
03060206
02020006
02000000
04000707
03060205
02020006
02000000
04000706
03060206
02020006
02000000
04000706
03060305
02020007
02000000
04000706
03060306
02020007
02000000
04000606
03060305
02010007
01000000
04000706
03070305
02030007
01000000
04000806
03060205
02040007
02000000
04000806
04060204
03050008
02000000
04000906
04070105
03050009
03000000
04000906
03070105
0204000a
02010000
04000a06
03060105
0205000a
02010000
04000907
03070005
0004000a
01010000
03000a06
03070004
0102000b
01000000
03000a07
03070003
0102000c
02000000
02000b06
02070004
0104000a
01000000
03000a07
03070104
0102000a
01010000
03000907
03070105
0103000a
02010000
03000905
03070105
01030008
01000000
03000a07
02070005
0102000a
01010000
03000a06
02070105
01030009
01010000
03000906
02070105
01020009
02010000
04000906
02070205
01020008
01020000
04000808
03060206
02020006
01010000
04000709
02160308
020c0009
00050001
0600090c
000e0c08
030e0007
00210004
0a00071d
0a0f1b07
1b280008
10130209
100a0e24
0c0b2408
3a2c000d
11000700
0f050a00
09081404
3720000f
1b000000
0d060a06
05060405
09050007
03000000
06000807
04070205
02030009
03000000
04000a06
03070105
0104000a
01000000
04000a07
03070105
01020007
01010000
04000807
03060206
01030006
02010000
04000807
03070205
02040008
01010000
04000807
03060105
02020007
01000000
04000807
03060206
01030006
01000000
04000707
03060205
01020007
01010000
04000707
02060105
01020007
00010000
04000709
02060205
01020008
00010000
03000708
01050205
03030008
00000000
04000709
00050305
04060008
00000000
0400050c
00080305
01030007
02070003
0200070a
00070505
06080009
04060003
0300060e
01050405
07090007
07000001
03000502
01050305
04030008
06000000
02000602
01050306
03030008
04000000
03000603
01050306
03030007
04000000
03000604
01060205
03030007
03000000
03000706
02060205
01030007
02010000
03000605
02050306
01040006
02010000
03000606
02060305
02030008
02000000
03000805
02060105
02030008
02000000
03000806
02060105
01030008
02000000
03000806
02070204
01030009
03010000
03000805
03070302
0103000c
03000000
02000806
03070302
0104000b
04000000
02000805
04070302
0103000c
05000000
02000903
05070302
0205000d
06000000
03000a02
05080502
0104000b
04000001
0c000a3a
01060504
0108000b
40010000
01001405
01060402
0203000b
02010000
01000505
01060402
0204000b
02000000
02000506
01060303
0203000a
02000000
02000506
01060304
03040007
01000000
03000506
01050405
03050006
01000000
04000507
01040504
05060006
01000000
04000308
01030605
08070005
00000000
0600010b
01050806
170a0007
02000000
06020309
00030607
12060005
07000000
05010305
00030707
09050001
05000001
05010007
00030606
05040003
01000001
03000207
00040405
05040005
01000002
03000209
00030f03
1516000a
00000607
060e0027
00060604
14080009
05010808
0506010e
00020404
0707000a
05000808
00050304
000b0104
0608000e
2c010a06
00050f00
01060004
0308000c
17020000
01000d00
02060204
02050009
07000000
02000803
02060304
02040008
04000000
03000804
02060205
03040008
03010000
03000705
03070606
0b090006
02000000
06000608
03060806
0e0e0009
02000000
0500060a
020e0906
0c0d000a
04090001
05000a0e
020f0206
01060009
060b0000
04000a07
02060205
02030008
050d0000
03000706
02070205
02030007
03010000
03000606
02060205
02030007
02000000
03000706
02060205
01030007
02000000
03000706
02060105
02020007
01000000
03000706
02060205
01030007
02000000
03000706
02060205
01030007
02010000
03000706
02060206
01030005
02010000
04000706
02060205
01020007
02000000
03000806
02060205
01030007
02000000
03000806
02060206
01030007
02010000
04000705
03060305
02020006
01010000
04000606
03060305
02030007
02000000
04000605
03060206
01030005
01010000
04000606
03060206
01020005
02000000
04000606
03050206
01030005
02000000
04000606
03060205
01030007
02000000
04000806
03060105
01020007
02000000
03000806
03060105
01030007
01000000
04000806
03060205
01030007
01000000
04000706
03060205
01030007
02000000
04000806
03060205
01030007
02000000
04000706
03060205
01030007
02000000
04000806
02060105
01020007
02000000
04000806
02060105
01030007
02000000
03000806
02060205
01030007
01000000
04000806
03060105
01020007
02000000
03000806
03060205
01030007
01000000
04000806
02060105
01030007
02000000
04000806
02060105
01020007
01000000
03000806
02060205
01030007
01000000
04000806
03070205
02030008
02000000
04000805
03060206
02030007
02010000
04000706
03060205
02040007
01010000
04000807
03060304
02030007
02000000
04000706
03060206
02030006
02000000
04000706
03060305
02030007
02000000
04000706
03060206
02020005
02000000
04000606
03060206
01020005
02000000
04000606
03060206
01020006
02010000
04000806
03060106
01030007
01000000
04000806
03060105
01020007
02000000
04000806
03060106
01030007
01000000
04000707
03060205
01030006
02010000
04000706
02060106
01020006
02020000
04000807
02060206
01040006
01010000
04000807
03060205
01030008
02010000
04000807
03060204
01030008
02000000
04000706
03060205
02030007
01000000
04000706
03060205
03030007
01000000
04000707
03060305
07040007
00000000
0500070a
04081204
18160012
00000000
08000819
05060d03
1e100014
0e000000
09000b03
04060904
110b0009
09000000
06000804
04060704
10080009
04000000
07000805
04060506
11060009
05000000
07000806
04070305
08040008
03000000
05000907
04060204
0304000a
02000000
04000a06
03070104
0303000a
02000000
04000a06
03070204
02030009
02010000
03000907
03070105
01030009
02010000
04000906
03060105
01030008
02010000
04000907
03070105
01040009
02000000
03000906
03070106
00040009
01010000
04000806
03070106
00030008
01010000
03000906
03060105
01030009
01010000
04000908
02060205
02030007
00010000
04000709
02060106
02020007
00010000
04000708
01050207
02030005
00010002
08000520
0214070d
0d170007
1e000005
080e0c1a
00230509
0709000b
00330012
08060c1b
03251a0b
082a000b
192d0606
06060e0f
07040c09
20150004
11000003
0b010900
05060a04
0e120007
0a000000
07000a04
04060305
0a050007
04000000
06000806
04060105
03020007
02000000
04000806
03060205
01020007
02010000
04000807
03060205
01020007
01010000
04000707
03060205
02030007
01010000
04000807
03060305
02020007
02000000
04000707
02060205
02020006
01000000
04000708
02060205
02030006
00000000
04000708
02060205
02030007
00010000
04000609
01050205
03040007
00010000
0400060d
04071405
1e19000c
00010002
0a06052b
060a1d03
2a2e0010
1c000d00
0c081001
04090805
290a000c
090a0003
0700090f
00090506
04070008
06060002
0200050d
01050604
07080008
08000000
02000601
01050305
04040008
06000000
02000603
02060305
03040007
04000000
03000604
02060205
02040007
03000000
03000705
02060305
02030007
02000000
03000605
02050306
02020005
02000000
03000606
02050305
01020006
02010000
03000706
02060205
02030008
03000000
03000806
02060105
01020009
02010000
03000806
02060205
01040007
03000000
03000705
03060203
0104000b
03000000
02000806
03070203
0103000b
03000000
02000905
03070202
0104000d
04000000
02000a03
04080202
0105000d
06000000
02000a04
04070303
0103000b
05000002
0c00093a
01060503
0109000a
41010000
01001406
01060303
0104000b
02010000
02000505
02060304
02040009
02010000
03000506
02050403
04040008
02000000
03000507
01050405
03040007
02000000
03000406
01050505
05050005
00000000
04000309
01030705
08060004
00000000
0500010a
00020805
0e0d0007
01000003
0602010f
000d0c09
0d110007
07160007
0201060f
00060808
020b0005
08160006
03010407
00030707
07090002
05070004
04020106
00040706
06060002
03000001
03020206
00030605
06060005
00000002
0301010a
000c0604
11060006
0000080a
060f0028
00020504
06060009
08030809
00050205
00020304
0706000c
05000909
00050304
000b0104
0807000e
2b010c06
00060e00
01060204
0109000c
16010000
01000b00
01050205
02050008
05000000
03000703
03060405
05040007
04000000
04000605
03080704
0c090009
05000000
0400060b
02100906
0d0d000a
03010000
0400080c
020e0406
01060007
070d0001
04000a07
02060205
02050007
050a0000
03000605
02060305
02030006
02010000
03000706
02060205
01030008
02000000
03000705
02060205
01030007
03010000
03000605
02060205
01020007
02010000
03000706
02060105
01020007
02010000
03000706
02060105
01020007
02000000
03000706
02060205
01030007
02010000
03000705
02060206
01020006
02010000
04000706
02060205
01020007
02010000
03000706
02060105
01020007
02010000
03000806
03060105
01030007
02010000
03000706
03060205
01030006
02010000
04000706
03060306
02020005
01010000
04000606
03060306
02030006
02010000
04000606
02050206
01020005
02000000
04000606
03060305
01020006
02000000
04000606
02060206
02020006
02000000
04000606
03050306
01020005
01000000
04000606
03060305
01030006
02000000
04000706
03060205
02030007
01000000
04000706
03060306
02030005
02000000
04000606
03060305
02030006
02000000
04000706
03060206
02020005
02000000
04000606
02060206
01020006
02010000
04000706
02060105
01030007
02010000
04000806
03060305
01030007
02000000
04000707
03060206
01030007
02000000
04000706
03060206
01030006
01000000
04000706
03060305
02030006
02000000
04000706
03060206
01030006
02000000
04000806
02060105
01030007
02000000
03000806
02060105
01020007
01000000
03000806
03060205
01030007
02000000
04000806
02060205
02020007
02000000
04000807
02060205
01030007
02000000
04000806
02060105
02020007
02000000
04000807
03060205
02030007
02000000
04000806
03060205
02020008
02000000
04000706
03060205
01030007
02000000
04000705
03060206
02020006
02010000
04000706
03060206
01020005
02000000
04000706
03060205
01030006
02000000
04000706
03060205
01020007
02000000
04000806
03060206
02030007
02000000
04000707
03060206
01030005
02010000
04000706
03060206
02030006
01000000
04000707
02060206
02030006
01000000
04000707
03060106
01030007
01010000
04000807
03060205
02030007
01000000
04000707
03060305
03030007
01000000
04000707
02050304
05040008
00000000
04000608
02050406
05050007
00000000
0500050b
000c0403
10020017
00000003
05000c21
020b090b
132b001d
0e030006
07020a0a
06040911
17230001
0e000000
0a030608
07010b07
141f0009
0b000000
09010504
07050904
0e12000b
09000000
07000806
04050a03
100f000b
06000000
07000704
04060b02
110b000c
07000000
06000805
05050604
1109000b
05000000
07000805
05060604
120a0008
05000000
07000805
04060404
0c040008
05000000
06000806
04060205
05040008
03000000
04000806
03070305
04040007
03010000
04000806
03060206
02020005
02010000
04000706
03060205
02020007
01000000
04000807
03070205
02040007
00000000
05000808
03060205
02030006
00000000
04000708
02060206
02040006
00000000
04000707
01050208
02090005
00000003
0700061c
0212050c
06080000
19120005
070b0719
001c1506
0e1c0010
000b0008
0302091b
001e1107
0a270015
12200008
09010f05
0311020d
00080008
1b1b0006
03001001
01150409
00070005
061a0004
05000a11
04040808
0f120009
0a080003
07000913
05050904
10110009
09000000
07000704
05060504
08060007
05000000
05000706
03060205
03020006
02010000
05000707
03060106
02030006
01010000
04000707
03060205
01030007
01010000
04000707
03060205
02030007
01000000
04000707
02060305
02030007
00000000
04000707
02050205
02030006
00000000
04000609
01050205
02020007
00010000
0400070f
00090604
140f000d
00000508
080a0531
000c1d04
112b000f
13000f08
00070208
05041b02
232c0011
1e000c04
0b050c00
01070804
15080009
19010001
07000b05
01060405
03070007
07040001
02000603
02050405
04060007
06000000
02000502
02050404
04040008
06000000
03000603
02050204
03030007
04000000
03000704
02060205
02040007
03000000
03000605
02060205
02020007
02010000
03000705
01060205
01020008
02010000
03000806
02070105
01030008
02020000
03000806
02060105
02030009
02000000
03000806
02060205
02030009
03010000
03000806
02070204
01030009
02010000
03000805
02060204
0104000a
02000000
02000805
03070203
0103000d
05000000
02000a04
04080301
0205000e
05000000
02000a04
05060502
0204000c
05000001
0c000939
02060504
01090009
41000000
02001305
01060304
02040009
02010000
03000606
02060504
03060007
01000000
03000408
01060505
05050007
03020000
03000507
01050405
05050006
01010000
0400040a
01030605
07060004
00000000
0500020c
00030906
0c070006
06000002
0502010d
000c0507
06050005
0a090004
04000504
00060308
00020001
080e0004
03000305
00050308
01010000
00070003
03000107
00050407
00020001
00050003
0301010b
00040606
06040004
02030004
0502020d
00070c05
1714000a
0d000002
050b050c
00090605
10060005
00000809
060e0025
00020503
0706000b
07000809
00050205
00030203
0707000c
06000809
00040304
000d0105
050a000d
2b030c07
00060d00
01050205
0005000a
17020000
01000b01
02060405
08050009
05010000
04000609
01060805
0c0b0009
06000000
03000a09
020e0905
0210000c
06080000
04000a06
02060205
02040008
040b0000
03000605
01050205
02030007
02020000
03000705
01060205
02030007
03010000
03000605
02060305
01020006
02010000
03000606
02060205
00030006
03010000
03000705
02060205
01020007
02010000
03000705
02060105
01020007
02010000
03000706
02060105
01030007
02000000
03000706
02060205
01030007
02010000
03000605
02060205
01030006
02010000
03000705
02060105
01020007
02010000
03000806
02060105
01020007
02010000
03000806
02060105
01020007
01000000
03000806
02060206
01030007
03000000
04000705
03050206
01030005
02000000
04000606
02060305
02020007
01000000
04000707
02060305
02030007
02000000
04000706
02060305
02020007
02000000
04000706
02060305
02030007
01000000
04000706
02060305
02030007
02000000
04000706
02060205
02030007
02000000
04000706
03060305
02030006
02010000
04000606
03060206
02030005
02010000
04000606
03060305
02020007
01010000
04000706
03060305
02030008
02000000
04000706
02060206
01020006
02000000
04000706
02060205
01020007
02010000
03000806
03060205
02030007
01000000
04000706
03060205
02020007
02000000
04000806
02060106
02030008
02010000
04000706
03060206
01020006
01010000
04000706
03060305
02030006
02000000
04000606
03060205
01030005
02000000
04000706
03060206
01030006
02000000
04000706
02060105
01020007
02000000
03000806
02060105
01020007
01000000
03000806
02060205
02030007
02000000
04000806
02060105
01020007
01000000
04000806
02060105
01030007
02000000
03000806
03060105
01030007
02010000
04000705
03060204
02030007
01010000
03000707
03060205
02040007
02000000
04000706
03060206
02030006
02010000
04000706
03060206
02020006
02000000
04000706
03060206
02030005
02000000
04000706
03060305
01030006
02000000
04000707
03060205
02030007
02000000
04000707
02060107
02030006
02000000
05000706
03060206
02030006
01000000
04000707
03060205
02030006
01000000
04000706
02050206
03040006
01000000
04000706
02060205
02030007
01000000
04000707
02060205
03040008
00000000
04000808
02060205
03040008
00000000
04000708
01050306
04040006
00000000
0500050d
000b0403
0a000019
00000003
03000d1a
000e001f
07170017
0b050004
0a080603
0100062e
07230000
06180002
190d000f
0400022d
021d0000
070a0002
130b0005
0700092a
06270000
04070002
120a0007
0701071d
071c0000
0c030000
0c060400
07070710
0a200001
06030000
0c00070b
06020909
101f0008
0a000000
09020506
05080c0a
0c110006
0c090000
06000902
04040705
0e0d0006
03040000
0600070a
04050805
0f0d0008
0b000000
06000804
05060504
0e080007
07000000
06000905
04060605
110a0009
09000000
06000906
03070305
03040008
01010000
04000807
03060205
01030007
00010000
04000708
02060205
02030007
01000000
04000709
02060107
02030006
00000000
04000608
00050109
04090004
00000000
0700070d
010c050b
03020000
050d0002
0701010d
03151107
1219000d
01040005
07050719
06110b06
101c000a
11090002
03000d02
05090306
0007000a
1d070000
03000f05
050b0308
0c0f0007
040b0001
07010c12
04150107
0d030009
0a1b0005
07000a11
02140609
000e0007
041a0006
04000912
0505080b
0b0f0004
0a030002
06000709
05050605
0b080006
07000000
06000705
04060306
05040006
04000000
05000706
02060206
02010007
01000000
04000707
03060205
01030006
01010000
04000707
02060205
02030006
00000000
04000608
02050205
03030007
00000000
04000608
01050305
04030007
00000000
04000610
000c0304
1104000b
00000508
080a0431
00030204
0608000b
04000708
00040205
01050704
0a0b000a
17010c08
00070203
01021004
111e000d
22000702
05080a00
01050404
04040008
08000000
01000601
01050305
03040008
05000000
02000504
02050406
03070007
05010000
03000504
02050405
03070006
05000000
03000603
02050305
02040006
04000000
03000604
02050305
02030006
03000000
03000705
02060205
01020008
02000000
03000805
02060105
02040008
02000000
03000806
02060205
01020007
03000000
03000806
02060105
01030008
03010000
03000806
02060205
01030008
02010000
03000806
02060104
0102000b
02000000
03000805
03070103
0203000c
04000000
02000a04
03080102
0104000d
04000000
02000a04
04070401
0103000e
04000002
0b000a37
02060504
02090009
41010000
02001306
01060304
02030008
02000000
02000507
01070405
02040008
02020000
03000507
01060505
05060005
02030000
04000408
01030605
05050004
00000000
0500020c
00030a04
0e090008
07000002
0503010f
000b0607
08060007
0a0b0004
04000503
01040406
00030002
070d0003
03000204
01040407
01030001
03020001
03000205
00040308
01030000
02020002
04000206
00040408
01020000
00030003
0400010a
00060606
01090006
00080007
0300011d
00111006
0d16000d
0c11060c
04080825
00080d05
1719000d
00000708
080b0220
00030404
0506000a
05030809
00050204
00030104
0506000b
06020809
00040303
000b0106
0508000c
2d010b07
00070e00
01050804
090f000b
14030001
03000b05
01080505
0c0a0009
0b050000
03000a04
010e0305
02060007
060b0001
02000805
01060305
02040007
03010000
03000605
01060205
02040007
03000000
03000605
02060205
01020006
03010000
03000605
02060205
01020007
03020000
03000705
02060205
02030006
03010000
03000705
02060206
01020006
02010000
03000606
02060205
01020007
02000000
03000706
02060105
01020007
02000000
03000706
02060206
00030006
02010000
03000605
02060206
01020005
02010000
04000606
02060205
01020007
02010000
03000706
02060105
01020007
01000000
03000806
02060105
01020007
01000000
03000806
02060105
01020007
01000000
03000806
02060205
01030007
02000000
03000706
02060205
02040007
02000000
04000606
02060305
01020007
01010000
04000707
02060105
01020007
02000000
03000706
02060205
02030007
02000000
03000706
03060205
01030007
01000000
03000706
02060205
01020007
02000000
03000706
02060205
02030007
02000000
04000806
02060304
02030007
02000000
04000706
02060205
02030007
02000000
04000706
02060205
02020007
01000000
04000707
02060205
01030007
02000000
04000705
03060205
01020007
02000000
03000805
03060205
02030007
01000000
04000807
03060305
02030007
01000000
04000607
03060304
02030007
02000000
03000706
03060205
01030008
02000000
04000706
03060205
01030006
01000000
04000707
03060304
01030007
01010000
03000706
03060206
01030006
02000000
04000606
02060205
01020006
02000000
04000806
02060205
01020008
02000000
03000806
02060105
01030007
01000000
04000806
02060105
01030007
02000000
03000806
02060105
01020007
01000000
03000806
02060107
01030007
02000000
04000805
03060207
01030005
02010000
04000806
02060205
02020007
01000000
04000807
02060106
01020007
02000000
04000806
02060206
02030006
02000000
04000807
02060205
02030007
02000000
04000806
03060206
02030006
02000000
04000706
03060305
02020007
01000000
04000807
02060205
02030007
01000000
04000806
02060106
02030007
01000000
04000806
02060206
01020006
01010000
04000707
02060206
02030006
01010000
04000706
02060206
02030005
01010000
04000707
02050206
02030005
01000000
04000607
02050206
02040006
01000000
04000707
02050206
03040006
00000000
04000709
00050206
03030007
00000000
0400070c
00090202
09020018
00000003
02000c19
00070026
0a17000e
07000005
0f0a0103
00000134
05080000
06080004
160f0005
00000434
06070000
05050003
160e0004
00000234
05080000
05050003
170f0004
00000532
060f0000
070b0002
170f0004
01000631
05190000
03050002
170e000a
0700052c
00210000
100b0002
120d0004
08010a25
09220000
06020000
14090009
0600071e
101d0000
0b000000
10070507
08060912
08250000
06060000
0b010809
06050909
0c130006
0c000000
0a000607
050d0806
0b0e0008
0f080000
05000a06
06060804
100e0007
07000000
09000704
04060107
0a040005
0b020000
0700090a
02060106
02030005
01010000
05000708
02050206
03040005
00010000
04000609
00050207
06050004
00000000
0600070c
0304060a
050a0000
01000000
08030108
031f080a
070e0000
04100005
07010510
050c0109
00080003
14260006
04000704
08080205
06030007
14060000
06000e20
04161908
1f390023
22000000
0d061b10
04070506
0b0c000c
0d1e0000
06000e06
040c0208
01050008
00010000
0600080a
0214040a
1f000018
00130004
0a000e25
02070c05
2c09002b
0f000000
07040e14
04050605
18050019
0b000000
06000802
04060504
07070007
04000000
05000807
03060105
02020007
02000000
04000807
02060205
02030007
00010000
04000709
01050205
02020007
00000000
04000608
00040205
04030008
00000000
04000711
000a0104
1104000b
00000509
080b0530
00020304
0708000a
05000708
00050204
00030304
0506000a
05010708
00050203
020a1204
0a20000d
22020c06
00090700
01050704
0e040007
1e000000
03000a01
01050304
03040008
07000000
02000502
00050207
02040006
04010000
03000604
01060407
02050003
04020000
03000505
02050405
03030006
05000000
03000603
02050305
03030006
04000000
03000605
02050305
02030007
02000000
03000705
02060205
01040007
03000000
03000705
02070205
01020006
03010000
03000705
02060205
01030008
02020000
03000707
02060205
02040008
02000000
03000706
02070203
0102000b
02000000
02000806
02070103
0203000c
03000000
02000905
03070203
0104000d
04000000
02000a04
04070301
0104000e
02000002
0b000a36
02060603
020a000a
41010000
02001306
02050404
02040008
01000000
03000406
01050505
05060006
01000000
04000409
01040606
06060004
00000000
05000109
01030b05
110e0009
02000002
06040111
000d0807
0d080008
0e0f0004
05000705
00050306
00040002
070f0003
02000304
01050406
01030003
03020001
03000206
01050407
02040002
02020001
04000206
00040408
01020001
02020001
04000206
00040508
03020001
00020001
0400010a
00060507
02070005
00030004
0400030b
000d0107
00050006
001d000e
0401041c
000f0807
00110006
001b070e
030a001f
00030504
0507000a
0305070a
00050207
00030204
0508000a
05020709
00050403
000e0007
0709000d
28040b07
00070d00
010d0606
02110009
0c050002
02000800
00050205
02040009
0b090001
02000803
01060205
01030007
04010000
02000604
01060205
01020007
03010000
02000604
01060205
01030007
03010000
02000605
02060305
01030006
03010000
03000605
02060205
01030007
02000000
03000705
02060305
01030007
03010000
03000605
02060305
02040006
02000000
03000705
02060205
02030007
02010000
03000706
02060304
02030008
02010000
03000705
02060306
02020007
02000000
04000606
03050206
02020005
02000000
04000606
02060205
01020007
02000000
03000706
02060105
01020007
01000000
03000806
02060105
01020007
01000000
03000806
02060105
01020007
01000000
03000806
02060105
01020007
01000000
03000806
02060205
02030007
02000000
04000706
02060205
02020007
01000000
04000707
02060205
01030007
01000000
03000806
02060105
01020007
01000000
03000806
02060205
01030007
01000000
03000706
02060205
01030007
02010000
03000706
02060105
01020007
01000000
03000806
02060105
01020007
01000000
03000806
02060105
01030007
02000000
03000806
02060105
01030007
02010000
03000806
03060205
01030007
03010000
03000705
02070205
01030008
02010000
03000807
03060205
02030007
02000000
04000707
03060205
01030006
02010000
04000706
03060205
01030006
02010000
04000606
03060206
01040005
02010000
04000606
03060206
01020005
02000000
04000606
03060305
01030006
01000000
04000606
03060205
01030005
02010000
04000706
02060205
01020007
02010000
03000806
02060105
01030007
01010000
03000806
02060105
01020007
01000000
04000806
02060105
01020007
02010000
04000806
02060105
01020007
01000000
03000806
02060107
01020007
02000000
04000806
02060106
02020007
01000000
04000806
02060105
01020007
01000000
04000806
02060106
01020007
02000000
04000806
02060106
02020007
02000000
04000806
02060106
01020007
02010000
04000807
02060206
01020007
02000000
04000806
02060105
01030007
02000000
04000807
02060106
01030006
02010000
04000806
03060206
01030006
01010000
04000707
03060305
03020007
01000000
04000707
02060207
02030007
01000000
05000706
02050207
02030005
01000000
04000707
02050107
02030005
01010000
04000607
02050206
02020004
00000000
04000607
01050206
03040005
00000000
04000608
01050206
04040006
00000000
0400070f
00070206
0a0b0011
00000003
0500091a
00060026
0a150008
0b000004
0f0a0001
00000135
05090000
04060004
170f0006
00000135
05010000
05060003
170e0004
00000135
05010000
05060004
170f0005
00000335
06030000
05060004
17100006
00000335
05030000
05060003
17100004
00000434
05050000
05050003
170f0005
00000534
06090000
05050003
17100004
01000833
06160000
09080003
170f0005
05000532
081a0000
05050002
170f0008
09000b2c
04220000
0e0b0001
110b0104
08000f20
122a0000
08000000
12090209
0a010e18
101f0000
0f000000
0e040107
0a040f0c
142b0001
10000000
0d000c0a
07050506
11070005
0a000000
08000707
02050206
03020004
00000000
05000609
00050108
09080004
00000000
08000611
0103080f
0e0d0000
06000000
0a04000a
02040a0d
03060000
0a060001
06020201
06090a09
050a0001
0e030001
05000508
07011e03
1e39001e
0e000006
08030e26
091d0407
2a200017
2e210407
07001a0a
04150805
0d10000f
12050000
06000e15
04060204
0502000b
06020000
06000f1d
00241d00
2515003f
00000002
00002428
05190000
0d1a0045
09160306
00001f01
020d0700
15090039
0c030003
01001306
03090805
180a002c
0a000000
06000b00
03050505
1106000b
0c000000
06000906
02060205
03030008
01000000
04000708
01060204
02020008
00010000
03000708
00050205
03020008
00010000
04000713
000b0204
1204000c
00000509
070b042f
00020304
0707000a
04000708
00050204
00030404
0709000a
07000808
00050203
02070604
090e0009
1c020c07
00070301
02031203
0e24000e
20000200
04060c00
01050305
03050007
07000000
02000502
01050306
02050005
04000000
03000604
00050207
03030006
03000000
03000505
02060306
02040005
04010000
03000605
02050405
04050006
04000000
03000604
02050305
02030007
04000000
03000704
02060205
02030007
03000000
03000705
02060305
02030006
02000000
03000606
02060205
02030007
02000000
03000806
02060205
01020007
02010000
03000706
02060204
0103000b
02010000
02000906
02070103
0103000c
03000000
02000905
04070402
0105000c
04000000
02000904
03070401
0204000d
03000003
0a000936
02060504
02090009
42010000
02001406
02050504
04050007
00000000
04000309
01040705
09060004
00000000
0600010a
00040805
0b050007
04000002
0400030b
00120706
030a0008
080b0004
04000507
01050406
00030002
0a150004
02000304
01050407
01040004
04020001
03000405
01050407
02020003
02020000
04000306
01050407
03020003
03020000
04000306
00050407
02030003
03010001
03000507
00050407
01030003
00030001
04000409
00040407
03030003
00030002
0300020a
00040307
02040004
00020003
0300030c
00050306
06030006
0005010a
04070121
00040504
06060009
0308070b
00080211
00060304
0608000d
0b00070b
00050503
000d0109
030e000c
29130c08
00060c00
01060306
01020007
0a030002
01000702
01060204
02040009
09000000
02000803
01060205
00030008
04020000
02000704
01060205
01030006
03020000
03000605
02060205
01030007
03010000
03000605
02060205
01030006
02010000
03000705
02060205
02020007
02010000
03000706
02060205
02040007
03000000
03000605
02060305
01030005
02010000
03000606
02060305
01030006
02010000
03000705
02060205
01030007
02000000
03000706
02060205
02040007
02000000
03000605
02060206
01030005
02010000
04000606
02060205
01020007
02010000
03000706
02060105
01020007
01000000
03000806
02060105
01020007
01000000
03000806
02060105
01020007
01000000
03000806
02060105
01020007
01000000
03000806
02060105
01020007
01000000
03000806
02060105
01020007
01000000
03000806
02060105
01020007
01000000
03000806
02060105
01020007
01000000
03000806
02060105
01020007
01000000
03000806
02060105
01020007
01000000
03000806
02060105
01020007
01000000
03000806
02060105
01020007
01000000
03000806
02060105
01030007
02000000
03000806
02060306
02030007
02010000
04000706
03060306
02020007
02010000
04000706
03060305
02030008
02000000
04000707
03060206
01030006
02010000
04000606
03050206
01030005
02000000
04000606
03060206
01020005
02000000
04000606
02060206
01020006
02010000
04000706
02060206
01020006
01010000
04000606
02060206
01020006
02010000
04000706
02060206
01020006
02010000
04000806
02060105
01020007
02010000
03000806
02060105
01020007
01000000
03000806
02060105
01020007
01000000
03000806
02060105
01020007
01000000
03000806
02060105
01020007
01000000
03000806
02060105
01020007
01000000
03000806
02060105
01020007
01000000
03000806
03060105
01030007
02000000
04000806
03060205
01030007
02010000
04000806
03070206
03020007
02020000
04000807
03060205
02030007
01010000
04000807
03060105
01030007
01000000
03000806
02060106
01020007
02000000
04000806
02060206
02020007
01000000
04000806
02060106
01030007
02010000
04000806
02060206
01020007
00020000
04000808
02060206
02030007
01000000
04000706
02060206
02030005
01000000
04000706
02050207
02030005
01010000
04000707
01050206
02030004
00010000
04000608
01050206
02030004
00010000
04000608
00040307
03030005
00000000
0500050e
0003001b
080b0000
00040004
0c040017
00020029
01150000
0a070005
0f0b0006
00000135
060a0000
05030004
170f0005
00000234
06010000
05050003
160e0005
00000135
06030000
05050003
170e0004
00000135
05020000
05060004
170f0005
00000235
06020000
05060004
170f0004
00000235
06010000
05050003
170f0004
00000135
05020000
05060003
170f0004
00000235
05030000
06060004
170f0005
00000134
06020000
05060004
170f0005
00000334
05050000
06060003
160f0004
00000433
05050000
070c0003
160f0005
02000430
040c0000
070a0002
150d0004
0900102c
06260000
0c080002
140c0004
0a010e1b
071d0000
17070000
0b050c00
02040306
04030005
02000000
05000709
00010208
0b040003
00000003
09000525
02030c09
1a180004
12000203
0a090617
02050d09
13130005
0b000000
09010301
070f0b08
0c110000
13010000
07040502
06200b09
00140008
0a0b0005
0a000f16
031d1504
0f2d0013
132f0004
0800160a
06110006
0001000b
0d0b0001
04000f0c
030e1505
34040042
08070000
03001828
00160000
23050055
02000001
00002428
0913040e
08230041
14030004
05070500
090f0f00
0117002f
00130006
01020e18
060a0600
080d0031
0f0d0005
00001012
010b0903
170b002f
0e020004
05000b04
02050704
1907001b
08000000
06000908
02050205
05040008
04000000
04000706
00050205
02030007
00020001
04000819
000a0403
1407000e
00000608
0709032f
00020403
0808000b
04000908
00050206
00030304
0707000a
07000808
00050203
00030307
050a000a
0d02070b
00060203
020e0909
0513000a
280e0a0b
00090d00
05070905
1611000a
07000000
09030505
07091706
3c1e0011
03000700
0d070613
06080f05
34170011
16000200
0d010c02
03060306
19030006
15000000
07000806
02060405
03040007
04000000
03000606
02050205
03050007
04000000
03000704
02060205
03040007
03000000
03000705
02060205
02030006
03000000
03000605
02060205
01020007
02010000
03000805
02060105
01030009
02000000
03000806
02060104
0103000a
02010000
03000906
03070203
0104000b
02000000
02000906
04070303
0104000a
05000000
03000805
04060301
0104000c
04000003
0b000936
02040605
040b0008
41010000
03001309
01040704
08060006
00000000
0600020e
00060a05
0c090007
09000001
0502030d
01080406
03030006
0a070003
03000500
01060306
00030003
05080002
03000306
01050407
01030002
03030001
03000205
01050507
01030003
03010000
03000305
01050406
02030004
02010000
03000306
01050506
02030005
02020000
03000405
01060406
03040005
02020000
03000406
00050306
02040004
00010001
04000408
00040306
03030003
00030002
0400030a
00040307
02030002
00020003
0300030a
00030306
03040005
00050008
05020120
00060404
0a070008
0309070b
020a011f
00150308
060b000b
2306080a
00050b01
0012020a
02060007
221c0009
02000e03
00060206
02020007
09020002
01000703
01060105
01040009
09020000
02000801
01060304
02040008
04010000
03000604
02050205
02030006
03000000
03000705
02060205
01030007
03000000
03000605
02050305
01030006
02000000
03000705
02060205
02030007
02000000
03000706
02060206
01030007
03010000
03000605
02050206
01020005
02000000
04000606
02060205
01030007
02010000
03000705
02060205
01030007
03000000
03000706
02060206
01030006
02010000
04000606
02060206
02020006
02010000
04000606
02060205
01020007
02000000
03000806
02060105
01020007
02000000
03000806
02060105
01020007
02000000
03000806
02060105
01020007
01000000
03000806
02060105
01020007
01000000
03000806
02060105
01020007
01000000
03000806
02060105
01020007
01000000
03000806
02060105
01020007
01000000
03000806
02060105
01020007
01000000
03000806
02060105
01020007
01000000
03000806
02060105
01020007
01000000
03000806
02060105
01020007
01000000
03000806
02060105
01030007
02000000
03000806
02060205
01030007
02000000
03000706
03060205
00020007
02010000
03000706
03060305
01030007
02010000
03000606
03060205
02030006
02010000
04000606
02060306
02020006
02000000
04000606
02050206
01020005
02000000
04000606
03060205
01020006
02010000
04000606
03060205
01030006
02010000
04000806
03060205
02020007
01000000
04000706
03060205
01030007
02000000
04000706
02060105
01030007
02010000
04000806
02060105
01020007
02000000
03000806
02060105
01020007
01000000
03000806
03060105
01030007
01000000
04000806
03060105
01020007
02000000
03000806
02060105
01020007
01000000
03000806
03060105
01030007
02000000
04000806
03070106
01030006
02010000
04000706
03060106
01030006
02020000
04000807
02060206
02030007
01010000
04000807
02060205
02030007
01000000
04000806
02060106
01030007
02000000
04000806
02060106
00030006
01010000
04000806
03060205
01020007
02010000
03000806
02060205
01020007
01000000
03000706
02060106
01030007
02010000
04000806
02060206
02030006
00000000
04000708
02060105
01030007
01010000
04000706
02060206
02030006
01010000
04000707
02050107
02020004
01000000
04000707
01050107
02030004
01010000
04000708
01050106
02020006
00010000
04000709
00050107
03030005
00000001
05000610
0005001e
09060001
00010005
0d050015
0000002b
05080000
040a0006
110a0008
00000035
06080000
06060005
160f0006
00000035
05020000
05060004
170e0006
00000135
06020000
05050003
170f0004
00000036
06010000
05050003
170e0005
00000135
06020000
05050004
170f0005
00000135
06020000
06070003
170f0004
00000236
06020000
05060003
170f0005
00000236
06020000
06060004
170f0005
00000135
06020000
05050004
170f0005
00000335
05030000
06060004
16100005
00000335
05030000
05060003
17100004
00000335
05020000
06050003
170f0004
00000331
04030000
07060003
150d0003
05000c23
02000000
19080000
0c080c00
02040507
03030005
03020000
04000609
0007060a
0e140003
00000005
090a041e
040b030e
020b0000
0816000c
07040611
0013000e
09070000
1212000a
02010b0b
040b090d
00100000
1a0f0004
02070701
060b0907
0018000c
0d070000
03000907
06240307
02070006
0c270001
08000c0c
070b1b04
2123001c
00030000
09001222
01191f00
3316004e
01180007
00002720
00120000
030b0058
01000002
00002108
0714080e
0e29003f
16000303
07130200
0a141c0a
11090000
00050003
0d140013
0d0d1a0f
001d0000
1d130003
0a0c0516
0a130600
000e002a
01160006
05000e20
030a0a00
170a0033
0c000000
02001008
02070505
16080028
0d000000
05000c04
01050204
0b01000b
05000000
04000918
00080003
0d07000d
0003050a
070a0331
00030303
0708000b
05000909
00050206
00030304
0607000b
07000909
00050200
00090407
060c0009
1b040907
00070700
02130907
2009000a
13150007
03020612
0004170b
371e0012
22000607
05070721
001e1a0a
111d0010
163e0a13
0306150f
041b1b09
00320011
13420b13
0706081f
040a1807
1c34000f
150d0206
07070e00
03060205
18020007
13010000
06000806
02050306
03040006
03020000
03000606
02050405
03060006
05000000
03000603
02060305
03030006
04000000
03000604
02060205
01020008
03000000
03000806
02060105
01040008
02000000
03000806
02060205
01030009
02000000
03000806
03070203
0102000b
02000000
02000805
03080303
0203000b
04010000
02000905
03070403
0204000b
04010002
0b000834
01030706
070e0006
3e000000
0500100a
00050805
09070006
04000001
0400040c
000a0406
02030006
0b0a0003
03000505
01050306
00030004
08090002
03000303
01050407
01030001
03020000
04000207
01050506
02020002
02010000
04000206
01050506
02010005
03010000
03000406
01060406
02020005
02020000
03000405
01050305
02030006
01030000
03000407
01050306
02040005
02010000
03000405
00040307
02030004
01010000
04000408
00050307
02030002
00010001
0400030a
00040406
02020003
00020003
0300020a
00030405
03030005
00020009
0500011f
00070507
0f0c0009
0407080e
030c0124
000a0903
0a160010
23000c07
00060600
00050306
040a0009
28000001
02000e03
01060205
02040008
08010001
01000802
01060204
01050009
08000000
02000801
01060305
02030007
03000000
03000604
01050205
02030007
03000000
03000705
02060205
02030008
03000000
03000605
02050305
02030006
02000000
03000605
02060205
01030007
03000000
03000705
02060306
02030006
03010000
03000605
02060205
02020007
02010000
03000706
02060105
01030007
02010000
03000706
02060206
01030006
02010000
03000605
03060305
02030006
02010000
04000606
02060205
02020006
02000000
04000606
03060205
02030007
02000000
03000706
02060105
01030007
02000000
03000806
02060205
01030007
01000000
03000706
02060205
02030007
02000000
03000806
02060105
01020007
02000000
03000806
02060105
01020007
01000000
03000806
02060105
01020007
02000000
03000806
02060105
01020007
02000000
03000706
02060105
01020007
02000000
03000706
02060105
01020007
01000000
03000706
02060105
01020007
01000000
03000806
02060105
01020007
01000000
03000806
02060205
01030007
02000000
03000706
02060205
02030007
02010000
04000706
02060205
02030007
02000000
04000706
02060205
02020007
01000000
04000706
02060304
02030007
02000000
04000706
03060305
02030007
02000000
04000706
02060205
03030007
02000000
04000706
03060305
02020007
01000000
04000706
03060305
02030007
02000000
04000706
03060205
02040007
02000000
04000706
02060206
01020006
02010000
04000706
03060205
01030006
01000000
04000706
03060305
02030006
02000000
04000706
03060206
01030006
01000000
04000706
03060206
01030006
01000000
04000706
03060206
01030006
02000000
04000806
03060205
01030007
02000000
04000806
03060205
01020007
01000000
04000706
03060206
02030006
02000000
04000706
02060206
02030007
02000000
04000807
02060105
02020007
02000000
04000807
02060105
01030007
01000000
04000806
02060107
01030006
02000000
04000705
03060107
02020005
01010000
04000807
03060204
02030007
02000000
04000806
03060206
02030006
01010000
04000707
02060207
02030005
01000000
04000707
02060207
02040005
02000000
04000707
02060107
01030005
01010000
04000707
02060107
02030005
01000000
04000707
02050207
03030004
01000000
04000707
02050207
03030004
01000000
04000707
01050106
02020005
00000000
04000709
00050206
04030006
00010001
05000714
00090212
0a120004
03000002
09030213
0000002c
0b110000
01050004
140d0010
00000136
08070000
06040004
170f0004
00000136
07020000
05050003
170f0005
00000135
06030000
06050004
170f0005
00000135
06010000
05050003
170e0005
00000135
06020000
06060004
170f0004
00000036
06020000
05050003
170e0005
00000135
07020000
05050003
170f0005
00000135
06020000
06060003
170f0004
00000134
05030000
05060003
170f0005
00000235
06010000
06060003
170f0005
00000235
05020000
06050003
170f0004
00000335
04000000
07060003
160f0004
00000331
05030000
07060003
150e0005
06000c24
02000000
1a050000
0b080e00
01040307
03040005
02000000
04000609
010c070a
120f0001
00000303
090e0220
00070d0a
19110007
0e000002
09070613
02091508
08180007
110c0001
08030800
040e040a
05080001
1a0d0000
05000600
06100507
03040002
06060000
0600080d
06060e09
1c1e000a
000e0001
0900071b
0725100a
0b22000d
0c240004
0b00170e
091a0706
00120024
003b0007
0600121d
05110000
00150049
00260008
00001d1c
00191007
0930003a
0f14000a
0210110e
050a120f
0a050014
11070006
0d15000c
08001b13
000e0000
19120006
0c0f0015
060b1e04
0f080007
10000002
090d0020
06110a03
00070025
060f0005
00000f0c
04090900
0c0b002f
090b0004
00000e11
00080b04
1811002e
07000000
0500120d
00090004
2108001b
0004060a
080a072d
00030204
0508000b
04020809
00050205
00030304
0509000a
07010809
00050202
00080d06
0c11000b
14020b0d
00050700
001c150c
251e000f
1710030d
0205120c
001f010b
00070007
2136040e
03060e00
01070306
010c0008
102b0006
02000703
010e0208
0007000a
04090007
03000914
03171607
002b000d
0d28000d
03030828
04071703
17320010
1d0e0104
07090e00
03060205
12020006
0e020000
06000806
02060405
01050006
04020000
03000705
03050405
03050006
04000000
03000604
02060205
03040008
04000000
03000705
02060205
02030007
02000000
03000707
02060204
01030008
02000000
03000806
03060204
0103000a
03010000
02000806
03070203
0103000c
03000000
02000905
03070403
0204000b
03000003
0b000734
00040805
080b0009
39000001
03000f0a
01080505
05030006
08070002
03000604
02060306
00040005
06060002
02000403
02050407
00040003
04030000
04000204
01050507
02020002
02020000
04000307
01060406
02010004
03010000
03000406
01060405
01040005
03030000
03000406
01050404
02030005
01020000
03000307
01050306
02030005
01010000
03000506
00050207
02030004
02020000
03000506
00050307
03030004
00010000
04000408
00050307
02020004
00010001
04000408
00050306
02020006
00020002
0300040a
00040305
04060008
00020005
05000310
000e0706
190b0007
001b070d
050a0122
000e0306
080b000f
2a010e0b
00080601
00050308
020e0009
2b0b0006
01000e04
00060304
02030008
07010001
01000601
01050205
01040008
07010000
02000602
01050305
01030007
04010000
02000604
01060205
01030007
03010000
02000705
02060204
02030008
03000000
03000705
02060205
01030006
03000000
03000705
02060205
01030007
03010000
03000705
02060205
01030006
02010000
03000705
02060205
02030008
02010000
03000706
02060105
02030007
02010000
03000705
02060205
02030007
02010000
04000706
02060305
02020007
01010000
04000706
02060305
03030007
02000000
04000706
02050306
02030006
02000000
04000606
03050305
02030006
02000000
04000606
03050206
02030005
02000000
04000606
02060205
01030006
02010000
04000706
02060205
01020007
02000000
03000806
02060105
01020007
01000000
03000806
02060105
01030007
02000000
03000806
02060105
01030007
02000000
03000706
02060205
01030007
02000000
03000706
02060205
01030007
01000000
03000706
02060105
01030007
01000000
03000806
02060205
01030006
01000000
04000706
03060205
02030007
02000000
03000706
02060205
02030007
02000000
03000706
02060105
01020007
01000000
03000806
02060105
01020007
02000000
03000806
02060205
01030007
02000000
03000806
02060205
01030007
01000000
03000806
02060105
01020007
02000000
03000806
02060105
01030007
01000000
03000806
02060105
02030007
01000000
03000806
02060205
02030007
02000000
04000706
03060205
02030007
02000000
04000705
02060206
03020007
02010000
04000706
02060305
02030007
02000000
04000607
02060206
01020005
02000000
04000606
02060206
01020005
02010000
04000706
03060306
01020005
01010000
04000607
03060206
01030006
02010000
04000706
03060205
02040006
02020000
04000707
03060205
01030006
02010000
04000706
03060206
01030006
01000000
04000706
03060206
01030006
02000000
04000706
03060205
01030007
02000000
04000806
02060207
01030006
02000000
04000706
03060207
02020005
02000000
04000807
03060205
01020007
02000000
04000807
02060205
02030007
01000000
04000706
02060306
03020006
01000000
04000707
02060206
03030007
02000000
04000706
02060106
02020005
01010000
04000707
02060107
02020005
00010000
04000707
01060107
02030005
01020000
04000707
01060107
01030004
00020000
04000707
01050107
02030005
00020000
04000709
00040209
04040006
00000000
0900061b
00070216
19110000
0c000102
0c0c021a
0000002f
130c0000
03040005
140e000d
00000035
06040000
06060004
160f0005
00000035
06020000
05050004
170e0005
00000035
05000000
06060004
160e0005
00000136
05020000
05060004
170e0004
00000036
05010000
06070004
170e0005
00000136
06020000
05060004
170e0005
00000036
05020000
05060004
160e0005
00000136
06020000
06060003
170e0004
00000135
06010000
05050003
170f0005
00000135
06010000
05060003
170f0004
00000234
05010000
07050003
160f0003
00000334
05010000
06050003
160e0004
00000231
06030000
05050003
160e0005
06000b23
03000000
1b060000
0b080f00
01040207
03040004
01010000
05000608
000b010b
05080002
00060007
07030429
000f0f0a
0315000d
11140009
0403030e
020c0b0d
13150006
0d0b0504
0307060d
04030509
06080004
2c020000
03000c00
04050507
00050003
05010000
06000507
04170508
00050002
04190001
07000609
03060408
02060001
06190000
07000407
05060609
01020000
03020000
06000208
08180808
000f0004
02090000
06000c0e
05170605
000f001a
00240007
04000f1c
03160400
0b0b0027
0d210006
03010d12
0009150a
1d180030
030b0001
0d06061c
040e1507
0f000008
18100004
080c001a
050f1101
14070013
000b0003
03050517
08071408
0828000b
07040002
0a090314
080c0900
010a0029
040b0007
00001212
00190906
0e0d0033
0016080d
0403141f
00050305
060c0011
0316080e
000a0219
00040304
06070009
08010809
00050102
00140309
040e000b
240a0908
00070c00
001e0509
01090007
142e000a
02000800
00060206
00030006
07040001
01000602
01060205
00030006
05030000
02000603
01060205
00030007
04020000
03000605
010a0206
0009000a
010b0009
04000821
02131709
00320010
1220020c
000b0727
04051305
162a000f
1f000004
07090d02
01060305
02030006
04000000
03000606
02060306
01030005
03020000
03000606
02050405
03050007
04010000
03000705
02060305
02030007
03000000
03000705
02060205
02030007
02000000
03000706
03070305
02030009
03000000
03000806
03070303
0104000b
03010000
03000706
03060303
0103000a
03000003
0a000834
01080605
000b000a
3c060002
01001100
01060206
00050005
06070002
03000505
02050506
00040002
04030000
03000204
02050507
02020002
03010000
04000305
01060506
02010005
02010000
04000407
02060405
01030005
03020000
03000405
01050505
02030006
01010000
03000407
01050404
02030006
02000000
03000406
01050306
02030005
02010000
03000406
00050306
02030006
01000000
03000506
00050307
02040004
00010000
04000407
00040306
02030005
00010001
03000408
00050405
03040007
00010002
0300040a
00040504
06040006
00010005
05000222
00071304
171f000b
06000a09
060d022a
01140107
020b000e
2d0d0b09
00071200
00070207
020e0008
10200008
01000705
01060304
01050009
07020001
01000601
01060205
01030008
06010000
02000702
01060305
02030007
03000000
03000604
02050205
01030006
03000000
03000605
01060205
02030007
02000000
03000705
02050205
02030007
03000000
03000705
02060205
02040007
02000000
03000706
02050305
03030006
03000000
04000606
02060305
03040006
02000000
04000606
02060306
02040006
02000000
04000706
02060205
02030006
02000000
04000706
02060205
02030007
02000000
03000706
02060105
01020007
02000000
03000706
02060304
03030007
02000000
03000706
02060305
03030007
02000000
04000706
02050206
02030006
02000000
04000606
02060306
01020005
02000000
04000706
02060205
02030006
02000000
04000706
02060205
02030007
02000000
04000706
02060205
01030006
01000000
04000706
02050206
02030006
02000000
04000606
03060206
01030006
02000000
04000706
02060206
01030006
02000000
04000706
02060205
01030006
02000000
04000706
03060206
01030005
02000000
04000606
02060205
01020007
02010000
03000706
02060105
01030007
02010000
03000706
02060105
01020007
02000000
03000806
02060205
01030007
01000000
03000806
02060105
01030007
02000000
04000806
02060106
01020007
02000000
03000806
02060105
01020007
01000000
03000806
02060105
01030007
01000000
03000806
02060105
01020007
02000000
03000806
02060105
01020007
02000000
03000806
02060205
02030007
02000000
03000706
03060305
02030008
02010000
03000706
03060205
02030007
02010000
04000606
03060206
01030005
02010000
04000606
03050206
02030006
02000000
04000706
03060206
02030005
01000000
04000706
03060306
01020006
02000000
04000706
03070206
02030007
01010000
04000707
03060206
01030005
02010000
04000606
02060206
02020006
02000000
04000706
03060206
01020005
02010000
04000606
03050206
01030005
02000000
04000706
03060306
02030006
01000000
04000706
02060306
02030005
02000000
04000606
03060305
02020006
02000000
04000606
02060305
02030007
01010000
04000606
02060206
02030006
01010000
04000707
02060206
01030006
02010000
04000707
02060206
02030006
01000000
04000707
02060206
02030006
01000000
04000707
01050207
02040006
02000000
04000706
01050207
03040004
00000000
04000707
01050207
03030004
00000000
04000609
00050307
05060005
00010006
07000525
00100719
14110000
161a030d
080e0127
0000002f
080e0000
07140009
140e0005
00000136
06060000
05060004
170f0004
00000036
06010000
06050004
170e0004
00000035
06020000
06050003
160e0004
00000036
06030000
06050003
170e0004
00000036
06020000
05060003
170e0005
00000036
06010000
05070004
170e0005
00000036
06020000
05070004
170e0006
00000135
06020000
06050004
170f0005
00000134
06020000
06060003
160e0005
00000134
06020000
06060003
170f0004
00000234
05010000
06050003
160f0004
00000334
05020000
05050003
170f0005
00000432
06010000
05050003
160e000a
06000d21
08000000
23050000
0b0b1100
00050108
03030004
01000000
0500060a
0004020c
07090002
00030004
0a000414
01110009
0e070003
010d0008
07020513
0212080e
030b0002
15110709
03010712
0403050d
04180005
23140004
04000a00
04050408
00010000
04030000
05000505
04050308
00010000
01020000
06000407
04050308
00020001
01020000
05000507
03050508
01020001
01010000
06000307
03050409
01020000
01010000
06000406
04050609
01080001
01010000
06000507
070e0707
0010000c
02160003
05001113
06160200
0009002d
011e0006
0100161d
00110f00
15020045
03090004
00001417
00131400
1505003e
0f010003
05000d04
0208130a
0d0d0004
0816000c
050f0014
050b2103
0c140020
0a120005
040a1513
000f0200
1928003a
00010006
00001b1c
00090404
14100015
04020809
07090025
00040405
06070009
0c000809
00060102
000a0306
02050009
24080806
00060a00
00060205
00040009
0c030002
01000600
01050306
01030005
07020000
02000603
01060205
01020007
05020000
02000702
01060205
01030007
03020000
03000705
01060105
01020008
02020000
03000706
001a0007
0009000b
0116000b
05000827
03191509
062b000d
12210009
01070c2b
04050b04
1910000b
1e000000
07001004
02060306
01030005
03010000
03000705
02060206
01040006
03020000
03000706
02050305
02040006
03000000
03000705
02060105
02030007
03010000
03000705
02060304
02030008
02010000
03000606
03070303
0102000a
03000000
02000805
03060203
0102000b
03000003
0a000934
02050407
000a0006
40050001
03001104
02050407
00040002
03030000
03000305
02050506
01020004
03020000
03000405
02060405
02020006
03010000
03000505
02060404
02040006
02020000
03000507
02050404
02030005
02010000
03000406
01050404
02030005
01000000
03000407
01060404
02020007
02010000
03000606
01050305
02030008
02010000
03000506
01050306
02030006
01010000
03000506
00050308
02040004
01010000
04000507
00050306
02020006
00020001
03000509
00040304
04030008
00000001
0300040b
00030704
05060007
00000006
06000022
000b0404
0f03000b
0703080a
050d0528
01100207
050d000e
2d040d06
00070f00
00060207
02030005
03020001
03000505
01060206
00030006
07030001
01000601
01060304
01040008
06020000
02000602
01060205
02030007
03010000
02000705
01060305
02040007
03000000
03000605
02060205
02030008
02000000
03000705
02060205
01030007
03000000
03000704
02060205
02030007
02000000
03000706
02060305
03040007
02000000
03000706
02060205
03040007
02000000
04000705
02060306
02020006
02000000
04000605
02060205
02020007
02010000
03000706
02060105
01020007
02010000
03000706
02060105
01020007
01000000
03000706
02060105
01030007
02000000
03000706
02060105
01030007
02000000
03000706
02060206
01030006
03010000
04000605
02050306
01020005
02000000
04000606
02060305
01020006
02010000
03000706
02060205
01030006
02010000
04000606
02060306
02030005
02000000
04000606
02060206
01030005
02010000
04000606
02050206
01020005
02000000
04000606
02060206
01030005
02000000
04000606
03060205
02020006
02000000
04000706
02060206
02030005
02000000
04000606
03050206
01030006
02000000
04000706
03060306
02030006
02000000
04000706
03060205
01030007
02000000
04000706
02060205
01030007
01000000
04000706
02060305
02030006
02000000
04000706
02060206
01040006
02000000
04000706
03060205
02030006
02000000
04000706
02060205
02030007
02000000
04000706
02060205
02030007
02000000
03000706
02060205
01030006
02000000
04000706
03060206
02040006
02000000
04000706
03060305
02030006
02000000
04000706
03060206
02040006
02000000
04000705
03060206
03030006
02000000
04000706
02060207
03040005
02010000
04000705
02060206
02030005
01010000
05000707
03060305
02020006
02000000
04000706
02060206
02030007
02010000
04000706
02060106
02030006
03010000
04000706
03070105
01030007
02010000
04000807
02060206
01020006
02010000
04000706
02060206
00020005
02010000
04000707
02060205
01020006
02010000
04000606
02060306
01030005
01010000
04000706
03060305
01030006
02020000
04000606
02060205
02030007
01000000
04000707
02060106
02020006
02000000
04000806
02050207
02030005
01000000
04000707
02060206
02030005
01010000
04000707
02060206
02030006
01000000
04000707
02060206
02040006
01000000
04000707
01050207
03030004
00000000
04000608
01050206
03040005
00000000
04000608
000a0309
040e0007
06000004
0400050c
00150019
050a0000
0429000b
0b05091f
00000030
110c0000
010f0007
140d0015
00000035
06030000
05050004
160e0004
00000035
06020000
05050004
160e0005
00000036
07020000
06050004
160e0004
00000136
06020000
06050004
170e0005
00000535
0e000000
0a040008
160e0006
00040236
09020400
181a0013
161b0105
00000037
06020000
1616000d
1615000d
00000136
0f020000
05060004
17100006
00000134
0d010000
0a050003
160e0005
00000134
05020000
06060004
160f0004
00000234
05010000
06050003
160f0004
00000234
06010000
06060003
160e0005
00000632
06020000
0f050006
160e0008
030c0921
00000000
1c1e0003
08030f00
00040108
03030004
00010000
0500060e
0004060c
09110001
00010002
08010010
020d0f08
0a12000c
0a110003
06010613
010e040c
01090004
11110003
04000a02
0510060c
03050000
150e0001
03010800
04050308
00020000
04010000
05000505
04050308
00010000
01020000
06000407
04050308
00020000
01020000
06000408
03050309
01030000
00010000
06000407
03050308
01020000
01010000
06000406
03050409
01020000
01010000
06000306
03050409
01020000
02020000
06000307
03050707
0b020019
00030000
0600171d
01120000
2029004a
01060001
00001c29
02160c00
1623003c
13080007
00001c00
01150a09
160d001f
1c040004
080a0c00
040d1302
1e000020
000d0004
04000b21
000c0000
0910003c
0d08000a
00001b21
00080305
08140014
060c080c
000b0123
00080405
050a0009
17020809
00080101
000a0306
00050008
240b0205
00000800
00060205
00060008
0b020001
01000600
01050206
02030006
05020000
02000603
01060205
01030007
05010000
02000702
02060205
01030007
03010000
03000704
02070105
01020009
04020000
02000805
01060106
02030009
01020000
03000807
01180108
0006000a
00110009
05000928
04071108
172c0011
1f180304
080a0c16
04060306
1a020005
17000000
07000705
02060306
02030006
03000000
03000606
02060306
01030006
03010000
03000706
02060305
02040007
04000000
03000704
02060304
02020008
01000000
03000607
03070303
0102000a
03000000
02000805
03060303
0103000a
03000003
0a000834
01050507
00080005
42030000
04001105
02050507
02010002
02030000
04000306
02060506
02010005
03020000
03000505
01050305
01030006
03010000
03000506
01060305
02030006
02010000
03000506
01060305
02020006
01010000
03000507
01060405
02030006
01010000
03000507
01050305
02030008
02010000
03000606
01050205
02030007
03000000
03000605
01050305
02030006
02010000
03000507
00050207
03040005
01010000
04000407
00050306
02030006
00000000
03000509
00040304
03030008
00010001
0300040c
00021103
181a000b
00000004
070b0025
000d0504
1a0c000f
1c00090b
06090722
00120008
000f000a
301e0707
00001300
00060206
01020005
04020001
02000605
01060206
01020007
06030001
02000602
01060204
01030008
05020000
02000604
01060205
02030007
03000000
02000605
02060305
01030007
03010000
03000605
01060205
01030007
02010000
03000705
02060205
02040007
03000000
03000605
02050205
01030006
02000000
03000606
02060205
01030007
02010000
03000706
02060205
01030007
03000000
03000706
02060205
01030006
02010000
03000705
02060205
01020007
02010000
03000706
02060105
01020007
01000000
03000706
02060105
01020007
02000000
03000706
02060105
01030007
02000000
03000705
02060205
02020006
02010000
04000706
02050206
01030005
02010000
04000606
02050206
01020005
02000000
04000606
03050306
01020005
02000000
04000606
02060306
02030005
02000000
04000606
02060306
01030005
02010000
04000606
02050206
01020005
02000000
04000606
02050206
01020005
02000000
04000606
02050306
01020005
02000000
04000606
02060305
02030006
02000000
04000606
02050206
01030005
02010000
04000606
02050206
01020005
02000000
04000606
02060305
01020005
02000000
04000606
02050206
01030005
02010000
04000606
03050206
01030005
02000000
04000606
02060206
01030006
02010000
04000606
02060205
01030006
01000000
04000606
02060305
01030005
02010000
04000606
02060305
01030006
02010000
04000606
03060206
01030005
02010000
04000606
02060205
01030006
02010000
04000707
02060305
02030007
02000000
04000706
02060206
01030005
02010000
04000705
02060107
02020005
02020000
04000706
02070206
02030006
02010000
04000707
02050108
02030005
03010000
04000706
02060207
02020005
01010000
04000807
02060205
02030007
02010000
04000706
03070205
01030007
02010000
04000805
03060206
01040006
02010000
04000706
03060206
01020006
02000000
04000706
03060206
01030006
01010000
04000706
03060206
02030007
02000000
04000706
03060305
02030006
01010000
04000706
03060306
02030005
02010000
04000706
03060206
02020005
02010000
04000707
03060206
00020006
01020000
04000707
02060107
01030005
01010000
04000707
02060107
01030005
02010000
04000706
02060107
01030004
01010000
04000708
02050107
01030004
01010000
04000707
01050207
02030004
01010000
04000607
01050207
03040005
00010000
04000608
01050206
03030005
00000000
04000608
0409010a
09070004
07010001
07000513
00001017
2d260000
00000402
150a0622
00000031
1a100000
0c030004
170d0006
00000036
05050000
05050004
160e0004
00000035
06020000
05060004
160d0004
00000035
06020000
06050004
160d0005
00000035
10030000
05050004
16100006
0f220430
04090000
331c0009
160b1006
11210a1f
28270000
0025090e
1c18152e
041f0b2a
263c0000
1e280010
1505162e
000d0033
00000000
112f0013
0d0a0216
0010013a
12010200
0e2c0010
110e0303
00000238
210b0000
051b000f
1717002b
00000234
07010000
06060003
160f0005
00000135
05030000
06060003
160e0004
06000834
06020000
18060003
170e0006
01050d13
06000000
1d080000
06000e0a
00040208
04030004
00000000
06000612
0006030f
0c0b0001
02000002
08050212
04060a10
0a100000
09060007
06040210
0403110a
10150000
0b000005
060a0002
0607070a
0a010000
1d040000
04000700
04060408
00020000
04010000
05000504
04050408
00010000
02020000
06000408
04050408
01010000
00010000
06000308
03050408
01010000
01010000
06000408
03050308
01010000
01010000
06000406
03050309
01020000
02010000
06000406
03050409
02010000
01010000
06000407
00060e01
1b140025
00010009
0400122f
0218040d
222b002b
261e000a
05001a09
05260009
00250015
03310010
05001628
051a1504
06440018
1b260007
08071916
021b0900
0005002b
0129000b
00001214
000b0200
0d18002b
07120007
07001329
000b0304
0f09000d
0502080a
050b0227
000b0305
0709000a
1e000a08
00080202
00050406
00050007
26070003
00000a00
00050205
00040007
0a010001
01000600
01060205
01030006
05020000
02000603
02060205
01030006
05010000
02000603
02060205
01030007
03010000
03000705
02060205
01030008
03000000
03000805
02060105
01040008
03020000
03000805
01060007
000d000d
00020002
0500090d
031e1506
002f0010
071c0009
0305082e
05071803
23350012
1a120003
08080f00
04060305
19020007
14000000
07000805
02060205
01030007
02010000
03000606
02060305
01040007
03010000
03000706
03060304
02040008
03000000
03000705
03070403
0103000a
03000000
02000705
03060303
0103000b
02000003
0a000834
02050506
02090005
43020000
04001206
02060506
02010004
02020000
03000406
02060405
01030005
03010000
03000506
02050305
02030006
02000000
03000606
01060305
02040007
02000000
03000606
01050305
02030007
01000000
03000507
01050305
02030005
01010000
03000506
01050304
01030007
02010000
02000506
01060304
02040007
02010000
03000506
01050305
03030006
01000000
03000507
00060307
03040005
01010000
04000407
00050406
04030006
00010000
03000509
00040504
07050007
00000001
07000412
000b0e03
1d11000a
00000508
080d0029
02130607
0b08000e
260b0e0b
000b0602
00050207
030f000c
30060001
03001304
00060206
02040006
04010001
02000605
01060205
01040008
05010000
02000703
01050205
01030007
05010000
02000604
01060205
01020008
03010000
02000705
01060205
01030008
03010000
03000705
02060205
02030007
03020000
03000606
02060205
01020006
02010000
03000605
01060205
01020007
02010000
03000706
02060205
01030007
02010000
03000706
02060205
01040007
02000000
03000705
02060205
01030006
03000000
03000705
02060105
01020007
01000000
03000706
02060205
01030007
01000000
03000706
02060205
01020007
02000000
03000706
02060204
02030007
02000000
03000706
02060305
03030008
02000000
04000706
02060305
02020007
02000000
04000606
02050206
02020005
02000000
04000606
02050306
01020005
02000000
04000606
02060206
01030006
02010000
04000606
02060306
02020005
02000000
04000606
02050206
02020005
02000000
04000606
02050206
01020005
02000000
04000606
02050206
01020005
02000000
04000606
02060206
01030005
02010000
04000606
02060206
01020006
02000000
04000706
02060206
01010007
02010000
04000706
02060206
01010007
02010000
04000706
02060206
01020007
02010000
03000706
02060206
01020007
02010000
04000706
02060106
01020006
02010000
04000807
02060206
01020007
01010000
03000706
02060206
01010007
02010000
04000706
02060205
01020006
02010000
03000706
02060206
01020007
02010000
04000706
02060206
01020006
02010000
03000706
02060106
01030006
02020000
04000706
02060206
01020006
02010000
04000706
02060106
02030006
02000000
04000706
02060106
02020006
02010000
04000806
02060206
02030006
02000000
04000706
02060206
01030006
02010000
04000706
02060205
02020007
02000000
03000707
02060206
01040007
03000000
04000705
03060206
01020005
02000000
04000606
03060206
01020005
02010000
04000706
03060106
01030006
02010000
04000706
02060106
01020006
02010000
04000806
02060206
01020006
01010000
04000707
02060305
02020006
02010000
04000706
03060206
02030005
03010000
04000706
03060206
01020005
01000000
04000607
02060107
01020004
02010000
04000806
02050107
01020004
01010000
04000707
02060207
02020005
01010000
04000707
02060107
02030004
01010000
04000707
01050107
02020004
01020000
04000607
01050107
01020004
00010000
04000607
00050207
02030004
00010000
04000609
0007010c
05080003
00000004
06000512
000b001e
04010000
0016000b
0a0b071a
00000033
06110000
09120007
150d0005
00000036
05030000
05050004
160d0005
00000036
06020000
06050004
160d0005
02000636
090c0000
0f060006
170d0009
0008042f
0d020000
0b12020d
0f130d17
0004192f
101c0000
180f040f
0e0b0100
010e162d
0d2b0300
001f070f
1d15062e
0d051837
1d400000
24180213
1c170009
0b0b1927
1b350000
22120000
1d081224
06031f2b
234f0000
030a0003
220f0031
00000234
190d0000
0f080005
26120009
00000134
06010000
06070004
160f0005
00000134
06020000
06050003
170e0005
06000934
06020000
17080003
160f0005
01050d0c
05020004
1c050000
05000e07
00040207
05030005
00000000
08000518
02090a0d
16120001
0d000002
0b090318
010a060d
15060000
0f120004
08040208
030c060c
030d0000
08120005
06070006
0504060b
00010000
1c0c0001
02000600
05050408
00020000
04010000
05000404
04050407
01020000
02000000
06000408
04050408
01020000
00010000
06000408
04060408
03020000
00010000
06000408
03050309
03020000
02010000
06000406
03050408
01020000
01010000
06000407
03050407
01020001
01010000
06000407
091d0308
0e16001b
00040603
070b0f26
04210609
07230004
2e300002
08001b07
05060905
0610000a
03010001
09000724
09181d10
143d0002
1f020602
0e0f0f27
08120c07
150c0007
10120003
0f020f16
000f0005
00140015
00170009
06000a34
00090204
0f09000b
04020909
0609012a
00100408
0511000b
2909080b
000a0c00
00060306
00090007
1d1a0007
00000900
01060305
00040007
09010001
01000600
01060205
02030008
05000000
02000603
01060205
01030007
05010000
02000703
02060205
01030007
02010000
03000706
02060205
01030007
04000000
03000804
02060105
01030008
03010000
03000806
02060105
01030007
02010000
03000707
010c0207
010d000b
000c000a
05000924
04181c07
003b0015
0d2d0712
010a0a2e
050a1904
26350013
1f000604
07031200
05060405
2703000b
11010000
09000807
02060205
01030007
03010000
03000707
02060305
01050008
03010000
03000707
03060303
0203000a
03000000
03000705
03070402
0103000b
02000003
0a000733
02060606
01080009
45020000
03001406
02060404
02030008
02020000
03000406
01060305
02020006
02010000
03000606
02060305
02040006
02010000
03000506
02060305
01030007
01010000
03000506
02050305
02040007
02010000
03000506
01050305
02030005
02000000
03000506
01050305
02030005
02010000
03000506
02060304
02030007
01010000
03000506
01050305
02030007
01010000
03000507
01050306
03040006
01000000
03000507
00050405
03030007
00010001
03000509
00021504
1821000c
00020005
080c022c
000d1405
2519000d
12000c04
0908041f
00140905
08150012
1f180809
00070e00
00050106
0110000c
2c140006
01001001
00060205
01030006
03020000
02000606
01060205
02040008
06010000
02000603
01060205
01030006
05010000
02000604
02060305
01030007
03010000
03000605
02070304
02030009
02000000
02000705
02060205
02040008
02010000
03000605
02060205
01030007
02010000
03000705
02060205
02030008
01010000
03000606
02050205
01040006
02000000
03000606
02060305
02040007
02000000
03000705
02050205
02030007
03000000
03000705
02060205
01030007
02000000
03000706
02060205
01030007
01000000
03000706
02060205
01030007
02010000
03000706
02060205
01020007
01000000
03000706
02060205
01030007
02000000
03000705
02060205
01030007
02010000
03000605
02050206
01030005
02010000
04000606
02050206
01020005
02000000
04000606
02050206
01030005
02000000
04000606
02060305
01020005
02000000
04000606
02050206
01030005
02010000
04000606
02060206
01020006
02000000
04000706
02060205
01020007
02010000
03000706
02060205
01020006
02010000
03000706
02060105
01030007
02010000
03000806
02060105
01020007
02010000
03000806
02060105
01030007
02010000
03000806
02060105
01030007
02010000
03000706
02060205
01020007
02010000
03000706
02060206
01020006
02000000
04000706
02060105
00020007
01010000
03000707
03060205
01030007
02010000
03000706
03060205
00020006
02010000
03000706
02060106
01030007
02010000
03000707
03060106
00030006
02010000
04000706
03060206
00030006
02020000
04000607
03060206
01030005
02010000
04000706
02060106
01030005
01020000
04000707
03060206
01030005
02020000
04000706
03060206
01020005
02020000
04000606
02060205
01020006
02010000
04000706
02060205
01030006
01010000
04000707
03060206
00030006
02010000
04000705
02060206
01020006
02000000
04000706
02060106
01020006
02010000
04000706
02070107
01030006
02010000
04000706
03060206
01020005
02020000
04000706
02060107
01030005
01020000
04000707
02060107
01030005
02020000
04000806
02060106
01030006
02020000
04000706
02060206
01020004
02010000
04000707
02060207
02030004
01020000
04000707
02050107
01020004
01010000
04000706
02060106
01030005
01010000
04000707
01060207
02030004
01020000
05000708
01050107
01020004
01020000
04000707
01050107
02020004
00010000
04000709
00050107
02020004
00000000
04000609
03080209
07030004
00000000
0700050f
0004061b
1c160003
00000005
1209051c
00000033
060b0000
03040005
150e0006
00000035
06020000
05050004
160d0005
00000036
05020000
06060004
160d0004
00000036
04050000
060a0305
160c000d
0611192e
063a0000
12180005
170a0906
07121322
103e0000
111f0000
18060613
111d1a1f
13400000
26000600
180b1200
0b12042b
2a190000
004c0510
1d15002b
07131327
11300000
2819000c
17001120
00220032
00000100
09360018
0e080619
00120038
05000400
0d370015
0f090113
00000036
0b080000
0523000e
1515002e
00000034
05020000
06060003
160d0004
05000a33
05000000
14060003
160d0106
0104090a
02040004
1c040000
04000f06
00040208
04050004
00000003
0700061c
010a190f
142b0006
130b070c
090e002d
0107060d
0b120000
240c0008
09020b06
0407060f
04080000
10070002
07050005
0504060b
00010000
17050000
04000700
04050408
00020000
04020000
05000405
05070408
01020001
04010000
06000506
040b0309
00000001
050b0000
07000916
04060b07
13090008
0a050004
0802041c
04050508
07070002
08000000
07000506
04050508
01030001
02010000
06000407
04050407
01030002
01010000
05000406
0618001a
07080000
00060004
0c0a041d
0405060d
040e0003
29130000
03001207
02080a06
020c0007
00060001
0900071e
04090a15
090c0000
090d0007
0b110023
07091a12
08230000
22060000
08060d00
00020307
0e020006
00050007
0a01083f
00080205
0d09000b
0206080b
04090126
010d1006
091e000c
26020e06
000a0900
00050504
0c050008
1d010001
02000a00
01050206
01040006
09010000
02000601
02060305
01030007
05010000
02000603
02060305
01030008
05000000
02000703
02070205
01040008
03010000
03000706
02060205
01030007
03010000
02000805
02060105
01040009
03010000
03000906
02060206
01030007
02010000
03000706
02060205
01020007
02020000
03000706
01200208
000d000c
0213000a
05000c20
001b1608
002d000f
0d3f0014
05000c28
06061908
27340014
1925020a
090b0c1b
05060805
1f09000b
1e000000
08000d07
02060205
01020006
03020000
03000707
03060404
01040009
03010000
03000707
03060402
0103000a
02000003
0a000733
02060503
0109000b
46010000
03001507
02060304
02030008
01010000
03000508
01060305
02030007
02000000
03000606
01060305
02030006
02010000
03000506
01050305
02030007
01000000
03000506
02050405
03040006
01000000
03000406
01050305
02030005
02000000
03000506
01050305
02030005
02000000
03000506
01050304
02030007
02000000
03000507
01060304
02030007
02000000
03000507
00060205
02040007
01010000
03000507
00050306
01040005
00020001
03000409
00110408
020b0007
000d010c
06060333
00060604
080a000d
0722090f
00090520
00140c07
05210014
280d0907
00031400
01050206
000b0009
0e190004
02000602
00050206
02040006
03020000
03000606
01060205
02030008
07010000
02000803
01060205
01040007
05020000
03000706
02060205
01030007
03010000
03000705
02060205
01050008
02010000
03000706
02060305
02040008
03000000
03000705
02060305
03030008
02010000
03000606
02060304
02040007
02000000
03000706
02060305
03030006
01000000
04000606
02050305
03030007
03000000
03000605
02060205
02040007
03000000
03000604
02060205
02030006
02000000
03000705
02060105
01020007
02000000
03000706
02060105
01020007
02000000
03000706
02060205
01020007
02000000
03000706
02060205
02030007
02010000
03000706
02060305
02030006
02010000
04000606
02060206
02030005
02000000
04000606
02050306
02020005
02000000
04000606
02060206
02020005
02000000
04000606
02060206
01010007
02010000
04000706
02060206
01010007
02010000
04000706
02060105
01020007
02010000
03000806
02060105
01020007
02010000
03000806
02060106
02030007
02000000
04000705
02060106
02020006
01010000
04000806
02060205
01030007
02000000
03000706
02060305
03020007
02010000
04000706
02060305
02030007
02010000
04000706
03060305
01030006
02010000
04000606
03060305
02030007
02010000
03000706
03060205
01030007
02010000
04000606
03060305
01020007
02010000
03000607
02060305
02020007
02000000
04000606
03060206
01030006
02010000
04000606
03050306
01030005
02010000
04000606
02060206
01020005
02000000
04000606
03060206
01020005
02010000
04000706
03060206
01030006
01000000
04000706
02060206
02020005
02010000
04000606
03060206
01020006
02010000
04000706
03060205
01030006
01010000
04000707
03060205
01030006
02000000
04000606
03060206
02030005
02010000
04000606
03060305
01030007
02010000
03000806
02060106
01040006
02010000
04000806
02060107
01030005
02010000
04000806
02050107
01030004
01000000
04000806
02060107
02020005
02000000
04000806
02060107
01030005
02010000
04000806
02060107
01030005
02010000
04000807
02060107
02030006
01010000
04000707
02060206
01030006
02010000
04000807
02060107
02020005
01010000
04000707
02060107
01030004
01010000
04000707
02050107
01030004
01010000
04000707
01050107
03030004
00010000
04000707
01050107
02030004
00000000
04000708
01050106
02020004
00010000
04000609
0002010c
090d0004
00020004
0900051e
000a0c1d
0d240000
050e0006
11070013
00000033
080e0000
05040004
150d0005
00000037
06030000
05060004
160e0005
00000037
06020000
06060004
170e0004
00000036
05030000
06060004
160c0004
00000036
05030000
05090004
160d0005
00000636
05160000
090d0004
160e0004
05071934
0b380000
10070504
160e0008
01021835
1c3d0000
050a0004
230e0013
08001532
0a3c0000
18100003
120c0004
0b00102c
20250000
08000000
1b0a000d
0e001325
293c0000
09000000
1a090011
00000034
290c0000
05060003
250f0025
00000034
05010000
07050003
160d0005
05010d32
08000000
17060005
160c000c
01050a0a
02030005
21010000
03001007
00040208
05080005
00000002
07000610
001d050e
06070000
0b1c0008
09050313
0102050d
08080000
10270006
06010004
0408050d
03000000
11050002
06030205
0405050a
01010000
16040000
05000702
04050408
00010000
04010000
06000505
070a1108
16100009
00030000
09000726
09091b00
2c34001f
15000000
0d000e11
05170403
1c100014
221d0003
0a001b0a
030e030b
00010003
091b0004
07000e10
040c030a
00000000
08150002
0500080b
040a0809
110d0004
00090001
0a050513
04140416
19040002
03010003
0d020612
070c160c
222a0010
0c0d0300
0a080e1e
05060b05
2714000b
1c030003
0e03191a
00061512
18220000
0010000a
0f19002d
07080c0f
0e020000
2f050000
07030b00
00060e07
14180009
00000003
0c00052f
00080007
0409000b
0012060e
03090624
020c0b04
0816000c
21010c09
000a0202
00060504
02090008
2c010001
01000e00
01050205
02040008
09010000
02000601
02060305
01030007
05010000
02000603
02060304
01030007
04010000
02000603
02060205
01030007
03010000
03000706
02070205
01030007
03010000
03000804
02060205
01040008
02010000
03000806
02060205
02030008
03000000
03000706
03070205
01030007
02010000
03000805
02060105
01040009
03010000
03000906
02070106
010c0010
00020002
0500090c
00200208
000d000f
002c000e
05000b2e
05091709
15340015
23270106
080c100d
05070404
1c020009
16010000
07000906
03070304
00030009
02020000
03000607
03060403
01040009
02010003
0a000633
02060503
0208000b
46010000
03001606
02060304
02020008
01000000
03000607
01060205
02030008
01010000
03000606
02050306
02030005
02010000
04000507
01060305
02030007
01010000
03000607
01050305
02030007
02000000
03000506
01050305
02030005
02000000
03000506
01050305
02030006
02000000
03000506
01060305
02030007
01000000
03000607
01050305
02040007
02010000
03000606
01060305
02030007
01000000
03000507
00050207
03030006
01010000
03000509
00050206
0309000a
00050009
04000520
001d000c
00030007
0c330015
02020928
0011000a
000a0006
1f2e000e
00000a00
00050207
01020006
06050001
02000604
00060205
01030006
03020000
02000605
01070105
02030007
06020000
02000803
01050205
02040007
03010000
03000606
02060305
02020006
03010000
03000705
01060205
02030008
01010000
03000706
02060205
01040008
03010000
03000705
02060305
01030007
02010000
03000606
01060205
02040007
02010000
03000607
01060305
02030007
01000000
03000707
02060205
02030007
03000000
03000705
02060205
02030007
04000000
03000704
02060205
01020006
02010000
03000706
02060105
01020007
02010000
03000706
02060205
01030007
01000000
03000706
02060105
01020007
02000000
03000706
02060105
01020007
02000000
03000706
02060305
02030008
02000000
04000705
02060305
02020007
02000000
04000706
02060205
02030007
02010000
03000706
02060206
01020005
02000000
04000605
02060205
01030007
02000000
03000806
02060105
01030007
02000000
03000806
02060105
01030007
02000000
03000806
02060205
01040007
01010000
04000706
03060206
02030007
02000000
03000706
02060205
02030007
02000000
04000806
02060105
01030007
02000000
03000806
02060105
01030007
02000000
03000706
02060206
02030007
02000000
04000806
02050207
01040005
02000000
04000706
02060205
02040007
02000000
04000707
03060206
02040006
02010000
04000706
03060205
02030007
02000000
04000707
03060206
02030006
02000000
04000706
02060205
02030006
02000000
04000706
02060206
02020006
02000000
04000706
03060206
02030006
02000000
04000706
03060106
02020006
02010000
04000806
03060305
01030006
02010000
04000707
03060206
01020006
02010000
04000705
02060205
02030006
01010000
04000706
03060206
01030005
02000000
04000606
03060305
01020006
01010000
04000707
03060305
02030007
02010000
04000606
03060206
01030006
02010000
04000706
02060107
01030005
02010000
04000706
02060107
01020005
01010000
04000806
02060107
01020005
01000000
04000706
02060106
02030006
02010000
04000807
02050107
01030005
02000000
04000706
02050107
01020004
02000000
04000806
02060106
01030005
01010000
04000708
02060207
02040005
01010000
05000707
02050107
01020004
01000000
04000706
02050207
02030004
01000000
04000707
02050207
03020005
01000000
05000708
02060207
02030004
01010000
04000607
01050207
03030004
00000000
04000608
01050206
03030005
00000000
04000708
0003020e
0e0a0004
00000006
0b06061b
00020021
0e0b0000
0607000b
0d0c000e
00000033
060d0000
05050005
150d0003
00000036
07020000
05050004
160e0005
00000037
06020000
06060004
160d0004
00000037
05020000
05060004
170d0004
00000037
06030000
06060004
170d0004
00000037
06020000
06050004
170e0004
00000036
06030000
05050004
160e0004
00000035
06020000
05050003
160d0004
00000036
06040000
05050004
170e0004
00000236
05080000
06060004
160d0004
00000034
05020000
08160006
160e0008
00000034
05060000
070e0005
160e0005
00000034
05010000
06060003
160d0004
020b052e
01000000
1a0e0005
110b0c01
01040809
03040005
101b0004
04000807
00030208
09090004
00000000
08000610
04000e0e
16190000
00000002
0a090019
0406160b
19200001
14000200
08060800
0508050b
13050000
10020000
08010203
04050609
01030000
14010000
05000702
04060308
01010001
04000000
06000506
000b050a
01080006
000b0004
0800152f
03150009
100d0019
25250711
00051736
0c0a060a
142a0021
2c0a0007
0a001a00
0e061411
1c470000
05020000
15030b12
09092501
2b2f0008
00000000
0e070715
00171b06
23150025
07000000
0c00181c
00180d09
1719001a
160c0002
08031b06
061d090e
12150006
0016040b
08090a17
07251709
0020000a
13250008
07090d0e
00150413
12060004
001b0009
0b170929
05010911
00010000
2a0e0002
02030a00
000a0607
0b070005
02040003
0703041f
000a0206
0c010009
0004060b
040a052b
020d0205
080b000b
1f0b0f0d
000a0109
02051303
1022000d
27000100
04050b00
01050305
03050008
0a000000
01000600
01060205
02030007
06000000
02000702
02060205
02030007
04010000
02000704
02060204
02030008
03000000
03000706
02060205
01030007
03000000
03000705
02060105
01030007
02000000
03000706
02060206
01030007
03010000
03000706
03060305
01020007
03010000
04000706
02070204
01020009
03000000
03000805
02070104
0001000a
02020000
03000907
01070006
010e000f
00020002
05000a0c
05211706
00330010
0a1e000a
0502092e
04081803
13340013
25190006
06091100
02070304
01030009
02030000
03000606
02060304
00020008
00020003
0a000634
02060503
0209000b
45010000
03001606
02060304
02030009
01000000
03000607
01060205
02040007
01000000
03000606
01050305
02020007
01000000
03000606
01060305
03030008
02000000
03000606
01050305
02030007
02000000
03000606
01050306
02030005
02010000
03000506
01050305
02030006
02010000
03000506
01050305
03030007
02000000
03000607
01050205
02040007
01000000
03000606
01050306
02030005
01010000
03000507
00060305
02020008
01000000
02000608
00070205
02040008
01020001
02000507
00060205
01030008
03040001
02000505
00060205
01020007
04030001
02000604
01060205
01030007
04020000
02000605
00050305
02020007
02010000
02000607
02060205
02040007
06010000
02000704
01060305
02030007
03000000
03000606
01060305
02030007
02010000
03000605
02060205
02030007
02010000
03000706
02060306
01030006
03010000
03000606
02060305
01020006
02000000
03000706
01060205
01030007
02010000
03000707
01060205
02020007
01010000
03000607
02060105
01030007
03000000
03000705
02060205
02040007
04010000
03000704
02060205
02030006
02000000
03000705
02060105
01020007
01000000
03000706
02060205
02030007
02000000
03000706
02060205
01030007
02010000
03000706
02060105
01030007
02000000
03000706
02060205
01030007
02000000
03000706
02070205
02030007
02000000
03000806
02060205
03040008
02010000
04000706
02060305
02030006
02000000
04000606
02050305
02030006
02000000
04000606
02060305
02030006
02000000
04000705
02060206
01030006
02000000
04000705
02060206
02030006
01010000
04000707
03050206
01030005
02000000
04000606
03060205
01030006
02000000
04000705
02060206
02030006
01010000
04000707
02060205
01030006
02000000
04000706
02060205
02030007
02000000
04000706
02060207
02040006
02000000
04000706
02060206
03020006
02010000
04000806
02050207
02020006
02000000
04000806
02060105
02030007
02000000
04000806
02060106
02020007
02000000
04000706
02060106
01020006
02010000
04000706
02060205
02030007
02000000
04000706
02060205
03030007
01000000
04000706
02060305
03040007
02000000
04000706
02060206
02030005
02010000
04000706
03060206
02030006
02010000
04000706
02060205
02030006
02000000
04000706
03060206
02030006
02010000
04000605
03060206
02020006
02020000
04000806
02060106
01020006
01020000
04000706
03060206
01030005
02010000
04000706
02050107
02020005
02000000
05000706
03050107
02030004
02000000
04000706
02050107
02030005
02000000
04000706
03060107
02020005
02010000
05000806
02060207
02020005
02010000
04000706
02060107
02020004
01000000
04000706
02060207
02030005
01000000
04000708
02060107
02030005
02010000
04000707
02050107
02020005
01000000
04000706
02060107
03030005
01000000
04000707
02060206
01030005
01010000
04000707
02050207
02030005
01000000
04000707
01050206
02030004
00000000
04000608
01050207
03030005
00000000
04000609
0210010e
0d0e0001
00000003
080b0319
000a0020
0a090000
111e0009
110f0a22
00000033
060c0000
04050005
150d0005
00000035
06020000
06050004
160d0005
00000037
06020000
06060004
170d0004
00000037
05020000
05060004
170d0004
00000038
05020000
05060004
170d0004
00000038
06020000
06060003
170d0004
00000037
07020000
05070004
170e0005
00000036
06020000
05060003
170d0005
00000035
06020000
05050003
160d0004
00000036
06020000
05060004
170e0004
00000036
05030000
05050003
170e0004
00000135
05020000
06060003
160d0004
00000134
05020000
06060003
150d0004
05000e29
03000000
18070000
0e0a0c00
01040508
06030004
01010000
0500060b
00010308
0c020004
00000004
08000525
00040c13
171b0008
0d000604
0d090211
0014140d
0a190014
19100807
01040b0d
0508060c
080e0009
20020002
08020700
04050509
00020000
15020000
05000803
04060408
00030000
05010000
05000506
090e010b
00010004
160d0001
07001428
07250c09
1b1e0014
1d0b0805
09142c3c
01180016
1a2d001e
1a2e0502
06000e26
01100c23
0d0a0000
12210004
12030e11
090d2103
05140007
05100006
0a0d0027
031b0600
0112002b
1d0f0009
00001d06
0021080f
0b290019
1f36000b
0000191d
050d001e
00260404
0a2f0007
0d000d12
09101a07
171a0003
05230005
07110527
00180e09
0c050004
0e080007
0a100724
0407070f
00010000
23110004
02010805
000a0206
08040006
01030002
0602041c
000c0207
00070007
000a000a
04000426
00090306
09080009
08180b0e
000b0227
020a0f04
091c000d
26060e07
000a0a00
03050505
0f020006
1d000000
03000900
02060205
01030008
05010000
02000702
02060205
01030007
04010000
02000705
02060205
01020008
03010000
03000804
02070105
01030008
03020000
03000806
02060105
01030007
03010000
03000706
02060206
01030006
03010000
04000706
03060206
01020007
03010000
03000706
03070204
01030009
03010000
03000805
03070204
0103000a
02010000
03000a06
02070004
0103000b
00010000
03000908
02060106
0007000b
00080007
05000823
07181c08
003b0017
15140307
03060f2d
05060803
1e0a000d
24000000
07001406
03070303
0101000a
01010003
0a000734
02060504
010a000b
46000000
03001506
02060304
02030008
02010000
03000607
01060304
02030009
01000000
03000607
02060304
01030008
01010000
03000607
01060205
02030008
02000000
03000706
02060304
02030008
02000000
03000605
02060305
02030007
01010000
03000506
01050305
02030007
02000000
03000607
01060205
02030007
02010000
03000607
01050205
02030007
02000000
03000606
01050305
02030006
01000000
03000506
01050205
02040007
01010000
03000506
00050205
01030007
01010000
02000506
00050205
02030007
03010000
02000505
01050205
01030007
03010000
02000605
01060204
02040007
03000000
02000605
01050305
02040007
03010000
03000505
02060306
01040007
05020000
02000703
02060205
01020007
04010000
03000705
02060205
01030007
02010000
03000605
02060206
01020006
02010000
03000605
01060205
01030006
02010000
03000706
01060205
01020007
02010000
03000706
01060205
02030007
02000000
03000706
02060205
02030007
01000000
03000607
01060205
02030007
03000000
03000705
02060205
03030007
04000000
03000704
02050206
01030006
03000000
03000705
02060205
01030007
02000000
03000706
02060205
01040007
01010000
03000606
02050205
01030006
02000000
03000606
02060206
01030006
02000000
04000706
02060205
01030007
02000000
03000706
02060205
02030007
02000000
03000706
02060205
02030007
02000000
03000706
02060205
02030007
02000000
04000706
02060206
01030006
02000000
04000606
02060205
01030006
02010000
04000706
02060305
03030007
02000000
04000706
02060306
02030006
02000000
04000606
02060206
02030006
02000000
04000606
02060206
02030005
03010000
04000706
02060206
02030005
01010000
04000607
02060206
01020006
02010000
04000706
02060105
02020007
02010000
04000706
02060305
02030007
01000000
04000706
02060306
02030007
03010000
03000705
02060206
01030006
01010000
04000707
02060206
01030006
02000000
04000706
03060206
01030006
02000000
04000706
02060206
02030006
02000000
04000706
02060306
02030006
02000000
04000806
02060105
01020007
01000000
03000806
02060106
01030007
02000000
03000806
02060106
02030007
02000000
04000806
02060107
02030007
02000000
04000705
03060106
01030006
02010000
04000806
03060206
02030007
02010000
04000707
03060205
02030006
02000000
04000706
03060206
03030006
02000000
04000706
03060206
02030005
02010000
04000706
02050207
02030005
02000000
04000707
02060206
02030005
03010000
04000805
02050206
02030005
01010000
04000707
03060207
02030004
02010000
04000706
03060206
01030005
03010000
04000706
02060107
01030005
02010000
04000707
02060206
02040005
01010000
04000707
02060207
03030005
02000000
05000706
02060206
01030006
01010000
04000707
02060207
03030006
01000000
04000607
02050207
02030004
01000000
04000607
01050107
02030004
01000000
04000707
01050206
03030004
00000000
04000608
01050206
02020006
00010000
04000709
0611010f
0d0b0005
00010204
090b031d
00011121
1b340000
0b000002
1a090b22
00000034
060b0000
03060005
150d0005
00000034
06020000
06050004
150d0005
00000037
06030000
06050004
170d0004
00000037
06020000
05050004
170e0004
00000038
06030000
05060004
170d0004
00000038
06020000
05060004
170e0005
00000038
07020000
05060004
170e0004
00000036
06010000
05060004
160d0004
00000035
06020000
05060004
160e0005
00000035
06030000
06050003
170e0003
00000036
05010000
06060003
170e0004
00000135
05010000
06050003
160e0005
00000133
05010000
07050003
150d0003
04000a24
01000000
17070000
0b070d00
00040307
03030005
02000000
03000608
00020208
0a0a0006
00000005
06010723
000c0513
0c1d0001
0a050707
06070015
02110e04
0d0b0019
19000803
01010f05
050a050b
001c000d
22030001
03020500
04050509
00040000
0e090000
05000503
080b0308
00030001
11020000
05000805
060c010a
00070009
160a0000
0b001434
07271a06
21310026
090a0802
110e1e50
0415001d
2927001f
1f030501
09021720
0205021a
07060000
250f0002
0b001914
030f0c05
00000009
00110008
0805071e
031e1700
000c0031
22130004
00002000
0017000f
04130117
071d0000
0b001915
04091116
1c280000
0a090000
12000e21
09111005
29050000
1b000100
150f003b
01120c0b
070c0005
1a030003
090a0918
0405050f
00030000
170e0002
05000710
00080206
06040005
01040003
0602031c
00040307
01040005
00020007
0400041e
000c0507
0916000c
030d050a
04090625
03080f04
0d1c000c
1d0d0a09
0109030b
02030f05
101a000b
2d000001
03000d00
02060205
02030008
06000000
02000702
02060205
01040007
04010000
03000605
03060205
01030008
04010000
03000804
02060105
02030008
02010000
03000706
02070105
01030008
03000000
03000805
02060105
01030008
02010000
03000706
02060205
01020009
03010000
03000806
03070203
01020009
03010000
03000805
03070204
0102000a
03000000
03000905
03070203
0103000b
01000000
03000807
03070204
0003000a
01010000
03000708
051c0007
0006000b
00100207
0501092b
05031204
18280012
22180005
07071208
03070402
0502000a
06000003
0a000834
02060503
0109000b
45010000
02001606
02060303
02030009
01000000
03000607
02060304
02040009
01000000
03000607
02050304
03030008
01000000
03000607
01060204
02030008
02000000
03000606
01060204
02030008
02000000
03000606
02050305
02040006
01000000
03000506
01050305
02030006
02000000
03000606
01060205
02030007
01010000
03000607
01050205
02030007
02000000
02000606
00060205
02030007
01010000
03000606
00050206
02030006
02010000
03000606
00060305
02020007
01010000
03000506
00050205
02020007
02020000
02000605
01050205
02030007
02010000
02000605
01060205
01030007
03000000
02000604
01060205
02030007
02010000
03000605
02060206
01040006
05010000
03000704
02060205
01030007
06010000
03000805
02060205
01020007
02010000
03000706
02060205
02020007
02010000
03000706
02060205
01030007
02010000
03000706
02060205
01020007
02000000
03000706
02060205
02030007
01000000
03000707
01060305
02040007
01000000
03000608
02050305
03030007
02000000
03000605
02060205
03030008
04000000
03000704
02050206
02030007
03000000
04000606
02050305
02030006
02000000
03000606
02050206
02030005
02000000
04000606
02060306
01030005
02000000
04000606
02050306
01030005
02000000
04000606
02050305
02030006
02000000
03000706
02060205
01030006
01000000
04000706
02060205
01030007
02000000
03000706
02060105
01030007
02000000
03000706
02050107
02030006
02000000
04000706
02060107
02020006
02010000
04000806
02060205
02030007
02010000
03000706
02060306
01040006
02010000
03000706
02060205
02030007
02010000
03000706
02050206
02030006
03000000
04000706
02060206
02040005
02000000
04000706
03060206
02040006
02000000
04000706
02060205
02030007
02000000
04000807
02070205
02040007
02000000
04000707
02060107
03040005
02010000
04000706
02060207
03030005
01000000
04000707
02060206
02030006
02000000
04000706
02060306
03030006
02010000
04000706
02050206
02030005
02000000
04000606
03060305
01030006
02000000
04000706
02060205
02030007
02000000
04000806
02060106
02030007
02000000
04000705
02060106
01020006
01010000
04000807
02060106
02030007
02000000
04000706
02050107
02040005
02000000
04000806
02060206
01030007
02010000
04000706
02060205
02030007
01000000
03000706
02060206
02030007
02000000
04000706
02060207
02040005
02000000
04000706
02060107
02030005
03000000
05000706
02060206
02030006
02010000
04000806
02060206
02020006
02010000
04000707
02050307
01020005
02000000
04000606
02060206
01020005
02010000
04000705
02060107
02030005
01010000
04000707
02060106
02030005
01010000
04000707
02060107
02020004
02020000
04000707
02050206
02030004
01000000
04000707
02060206
02020006
01010000
04000707
01060207
02020005
01000000
04000607
01050207
03030004
00000000
04000607
01050106
03030004
00000000
04000608
00050206
03030007
00000000
0300070a
000e050d
11110007
00040005
0a060421
00050026
160e0000
0f080305
10090007
00000033
06090000
04050004
150d0006
00000035
06020000
05050004
150d0004
00000036
06020000
05050004
160d0004
00000038
06020000
05060004
170e0005
00000038
06020000
06060004
170e0005
00000037
06020000
06050004
170e0005
00000036
06030000
06050004
170f0004
00000036
06020000
05060004
160e0004
00000035
06020000
05050004
160e0005
00000035
05010000
07050004
160d0003
00000036
06020000
06050004
170e0004
00000135
06010000
06060003
160e0004
00000233
06010000
07050003
150c0007
05000c23
08000000
1d060000
0b0a0f00
00040306
03030005
01020000
03000607
00080108
110a0007
00000005
08070720
00030016
07080000
070d0009
0805020e
030a0910
00150004
160f0506
0409000d
0907080b
04190000
28000000
030a0900
04050509
00010000
08040000
05000502
0a0d0308
00010001
12020000
05000a05
09030707
20140012
0f030000
0c001337
0014000c
1500001a
102c0017
0b03194e
030d001e
07140021
10230012
06031607
05030a18
171c0000
20090008
0f001000
07090c04
0508000a
00040002
08000a20
07190800
1532002c
17020004
00001d0d
0410070b
121b0018
08000000
0c00130b
0002151f
15290001
0007000e
110a062c
06120d11
0f010202
1b250019
0e09080d
02120b08
11130005
1d160006
0806080b
05010f0c
0f0e0004
0b090000
0900070f
00080107
0e030005
01030002
0900051c
00040208
00050004
01030004
0300040d
000a0407
030e0009
0011030c
0409042a
000c0608
090f000b
280b070e
000a0302
020d0408
00070006
2f140006
00000c00
02060205
00040008
07010000
02000702
02060205
01030006
03010000
03000604
02060305
01030007
03010000
03000605
02060205
02030008
02000000
03000806
02060205
01030008
03010000
03000705
03060205
01030008
02000000
03000706
03070204
01020008
03010000
03000805
03070203
0103000a
02020000
03000806
03070203
0103000a
02000000
03000805
03070203
0103000a
01000000
03000806
03070203
01020009
01010000
03000707
03060204
0109000c
01020004
04000918
041d1007
00290010
0d1c0006
06070728
06040d02
1916000c
1d000002
0d000f34
02060503
0109000b
45010000
02001606
02060303
02030009
01000000
03000607
02060305
02040009
01000000
03000506
02060205
01030007
02010000
03000606
01060205
02030007
02000000
03000706
01060205
02030008
02000000
03000705
01060205
02020007
02010000
03000606
01060205
02030007
02010000
03000606
01060305
02040007
02010000
03000507
01050305
02030007
01010000
03000606
01050205
02040007
02000000
03000606
01050305
02030007
02010000
02000506
01060205
01030007
02010000
02000606
00060205
02030008
02010000
02000706
01060305
01040007
03010000
02000606
01050305
02040007
03010000
02000505
01060305
02020007
03000000
03000605
02060206
03030006
05010000
03000706
02060205
02030007
06000000
03000806
02060205
02030007
02000000
03000706
02060304
02030007
01000000
03000706
02060305
02030007
02000000
03000705
02060205
02030007
02000000
03000706
02050205
02040007
01000000
04000607
02060305
03040007
00000000
03000608
02060304
03040008
02000000
03000606
02060204
02040009
05000000
02000803
02060305
02030008
02000000
03000705
02060305
02030007
02000000
03000606
02050305
03020007
02010000
04000606
02060306
03010007
02000000
04000606
02060205
03020007
02000000
04000606
02060305
03020006
02010000
04000606
02060206
02020006
02000000
04000606
02050206
01030005
03000000
03000706
02060206
01020006
02010000
04000707
02060205
02030007
02000000
03000707
02050206
02030006
02000000
04000706
02060206
02030007
02000000
03000706
02050107
02030006
02000000
04000706
02060107
02030005
02010000
04000706
02050107
01030005
02010000
04000706
02050107
01020004
02000000
04000706
02050207
01030004
02000000
04000706
02050207
01020006
02010000
04000806
02060107
01030005
01010000
04000706
02060107
02020005
02010000
04000706
02050207
02020006
02000000
04000706
02060207
02030005
02010000
04000706
02060206
02040006
02010000
04000706
02050206
03030006
02000000
04000706
02060205
03030007
02000000
04000706
03050206
02030006
02000000
04000606
02050206
01030005
02010000
04000706
02060206
02030006
02000000
04000707
02060205
02030007
03000000
04000706
02060107
02030006
02000000
04000705
02050107
01030005
01010000
04000706
02060106
01030006
01010000
04000806
02060106
01040006
02010000
04000706
02050107
01020004
01010000
04000806
02060106
02040006
03010000
04000706
03060306
01030005
02010000
04000706
03060205
02030006
02000000
04000706
02060206
01030005
02010000
04000606
02060106
02030004
02010000
04000706
03060206
02030005
01000000
04000707
02050207
02030005
01000000
04000707
02060207
01030004
01010000
04000707
02060107
02030004
01010000
04000707
02050107
01030005
01010000
04000707
02050206
01040005
00010000
04000607
01050206
02030005
00010000
04000608
01050207
03030006
00000000
04000707
00050106
04040007
00000000
0400070b
0006030f
0f0a0004
00000008
0a060229
00040225
0d120000
14060708
0e0c0404
00000034
0d020000
0b02000b
150c0203
00000035
06010000
0608000c
150c0007
00000036
0c020000
0607000a
160d0007
00000037
13010000
08050004
170d0004
00000037
0b000000
07060005
170e0005
00000036
07020000
06060004
160e0004
00000036
06020000
05060004
160e0005
00000036
07020000
06050004
170e0004
00000035
06010000
05060004
160e0005
00000035
05030000
06060004
160e0004
00000135
06020000
05060004
160e0005
00000134
06020000
06060004
160e0004
00000633
05020000
0c050005
150d0008
030a0a1f
00000000
181a0003
08050e00
00050207
03040004
01010000
04000609
000b010e
100a0004
00000206
0a080624
00000715
0e160000
09000204
090b0004
0002001d
09080000
0b0c0307
0c0b0314
080a131b
07270000
3a050602
050f1300
05050509
01030000
06020000
05000502
05060308
00020001
04020000
06000706
08091a07
17410016
0009000b
13000736
082e2508
233f0013
231e010e
14002306
061a1e0d
1e1e000c
0f270002
0b0f0e2c
0c142109
18270000
12160000
0d090800
080c0705
1b0f000a
05090000
0d000d0e
07200707
320e0012
10270003
0d000f0a
090b0a09
230a001d
060d0000
0600140c
062b0a0e
2a160022
0d090000
0b001909
07231508
16270010
03410000
0f000e18
040a0f09
1d1e0008
00290305
0c120038
0207090a
12090002
1e030002
08000c0f
00050107
03030005
04020001
04000605
00050107
01030004
02040002
03000606
000d0008
00040007
00110010
03000728
0020000c
00050006
22300013
00050b0a
01060307
00060006
161e0007
01000702
02060205
01040007
06020000
02000703
02060305
01030007
03010000
03000604
02060205
01030007
03010000
03000704
02060105
01030009
02010000
03000905
02060106
02040008
03010000
03000706
03060206
01030006
02000000
03000705
03060205
02020008
03010000
03000906
03070204
0103000a
02000000
03000806
03070203
0102000a
02010000
03000806
03070204
0102000a
01000000
03000806
03070204
0102000a
02000000
03000806
03070204
0003000a
02010000
03000806
011e0207
0009000c
00100008
07000829
06001d07
263a0017
051d0208
10090a2b
02060504
0209000a
45010000
02001507
02060303
0203000a
02010000
02000607
01060305
02030009
01000000
03000606
01050205
01030007
01010000
03000607
01060205
02020007
02010000
03000706
01050205
02030007
02000000
03000706
01050205
02030007
02000000
03000706
01060205
02030007
02000000
03000606
01060305
02030006
02010000
03000506
01050305
01030006
01010000
03000506
01060205
02030007
02010000
03000507
01060305
02040006
02010000
03000506
01050305
02030006
02010000
03000605
01060305
02050007
02010000
03000606
01050305
02030006
02010000
03000506
01050305
02030006
03000000
03000506
01050305
02040008
03010000
02000605
02060205
03030007
04010000
03000606
02050305
02040007
06000000
03000704
02050305
02030007
02000000
03000606
02060305
03030007
02000000
03000606
02060305
03030008
02000000
03000605
02050305
03030007
02000000
03000606
02060205
03030007
02000000
04000707
01050305
03030006
00010000
04000509
01050304
03030008
02000000
03000606
02060304
03040008
05000000
02000803
02060205
02040007
04000000
03000705
02060304
02030007
02000000
03000706
02060205
02030007
02000000
03000706
02060205
02040008
02000000
03000706
02060205
02030007
02000000
03000706
02060305
03040007
02000000
03000705
02050206
02040006
02000000
04000606
02060305
03030006
03000000
04000706
02050206
03030007
02000000
04000707
02060205
02040006
03000000
04000707
02060306
02040005
02010000
04000606
02060305
02030006
02000000
04000706
02060206
03030007
02000000
04000706
02050207
02030006
02000000
04000706
02050207
02030006
02000000
04000706
02050207
03020006
02000000
04000706
02060207
04020006
02000000
04000706
02060207
04030006
02010000
04000706
02050206
02030005
02000000
04000706
02060106
02030005
02010000
04000706
02060106
02030006
02010000
04000706
02050107
01030005
02000000
04000706
02060106
02030006
02010000
04000706
02060205
02020007
02010000
03000706
02070106
01020007
03010000
03000706
02060107
00040005
03020000
04000705
02060106
01020006
02010000
04000807
02060206
02030006
02020000
04000707
02060205
01020007
03010000
03000706
02060207
02020006
02010000
04000706
02050207
02030005
02000000
04000706
02050207
02020006
02000000
04000706
02060107
02030005
02010000
04000706
02050107
01020004
01000000
04000806
02060107
02020005
02010000
04000706
02050207
02030005
02000000
04000806
02060205
03030007
02000000
04000806
02050107
02030005
02000000
04000706
02050207
02040005
02000000
05000706
02050107
02030004
02000000
05000706
02050107
01030004
01000000
04000706
02060207
02030004
01010000
04000707
02050207
02030005
01000000
04000707
02050107
02030004
02000000
04000707
01050207
03020004
00010000
04000607
01050206
02030005
00000000
04000707
01060205
03020009
00000000
03000807
00050105
03030009
00000000
0400080d
00090013
0a080006
00000006
0a06021c
010b0415
00000005
0d0d0108
05030e06
000f0108
06040037
15090007
00001d04
000f000e
0f050038
05080008
0000150a
000f001a
10000033
0007000b
0301140e
00150128
0e000028
0b0d020c
0805120b
00100030
0d000020
0908000c
0b060f06
000d0034
10000011
010b000c
120b0a17
00000432
1a000001
0d02030e
15100211
00000036
0f000000
0b07000e
150d0102
00000036
05010000
060c000e
160d000c
00000335
22030000
09050205
1612000b
00000036
16000000
0e060004
160e0004
00000034
05010000
07060004
160d0004
04000733
04010000
16070004
150e0004
01040b12
06000000
19090000
05000d0a
00040207
04030005
00000000
0500050e
0005001a
0f0e0000
00000005
0e0b001c
0002051c
08100000
04090607
0a0e000d
00000424
09120000
13070007
0e0a0009
0610091f
00030000
2f1f0404
03080e00
05050508
01000000
06020000
08000707
07080608
25110007
04000000
0e00080c
081a050d
200d0004
050a0004
0d000b14
092c0311
0c0a0009
15520009
0b001503
07120d02
2e160012
0d3a000a
10170031
080e1229
02390000
15290008
0c080429
0002161a
2b21000c
00090007
0c001629
06111904
2436001e
1a1e0a0f
0b090e06
060c2001
23190026
0512000b
05000e20
02110904
191c002f
1c090003
04000f00
04110807
020f0007
02090000
06000811
05250b09
0b110009
09060004
0f10001f
01070a0a
04020002
191d0003
04000511
00050207
02040005
03020001
03000505
00050207
01020004
03030001
03000605
00060107
00030005
03030001
03000605
00080206
01020006
05060001
02000606
01050206
01030005
05020000
02000603
01060206
00030007
05020000
02000704
02050206
01030006
03010000
03000605
02060205
01040006
03000000
03000704
03060205
01030008
02000000
03000805
02060205
02030008
03000000
03000805
02060105
02020008
02010000
03000806
03060205
01030008
03000000
03000805
03070203
0103000b
03000000
03000806
03070203
0102000a
02000000
03000806
03070203
0103000a
01000000
03000806
03070203
0102000b
02000000
03000806
04070302
0103000b
02000000
03000706
03070207
000c000e
01010001
0600090b
001f0209
000d000e
002d0012
09000a41
02060504
020a0009
44000000
03001506
02060303
02030009
02000000
02000607
02060305
02040009
01000000
03000606
01050205
02040006
02000000
03000607
01060205
02030007
02000000
03000707
01060205
02030007
02000000
03000706
01050205
02030007
02000000
03000706
01050205
02030007
02000000
03000706
01050205
02030007
02010000
03000606
01050305
02020007
02000000
03000606
01060205
03030007
02000000
03000607
01050305
02030007
02010000
03000506
01050305
02030005
02000000
03000405
01050305
02030005
02000000
03000405
01050305
02030005
02000000
03000506
01050305
03030007
02000000
03000506
01050305
03040007
03000000
03000705
02060205
02040007
04000000
03000606
02050305
01040007
05010000
03000704
02060304
02030008
02000000
03000707
02060305
02040007
02000000
03000606
02050305
02040007
02000000
03000606
01060305
02030007
02000000
03000705
02060305
02030008
02000000
03000706
01060206
04030007
00010000
04000608
01050206
03040006
01010000
03000606
02060305
02050007
05000000
03000604
02060305
02030008
05000000
03000704
02050205
02030007
02000000
03000706
02050305
02040006
02000000
04000606
02050305
03030006
02000000
03000606
02050305
02030007
01000000
03000606
02060306
02030006
03000000
03000605
01050207
02030005
03000000
04000706
02060306
02030006
02000000
04000707
02050206
02050006
02000000
04000705
02060107
02030005
02010000
04000706
02050206
02040005
02010000
04000706
02060206
02030005
02010000
04000606
02060206
02040005
02010000
04000606
02050206
02040006
01000000
04000706
02050206
02040005
02000000
04000706
02060206
02040006
02000000
04000706
02050306
02040006
02020000
04000706
02050206
03030006
03000000
04000706
02060206
03040005
02000000
04000706
02050207
02040004
02000000
04000705
02060206
02030006
02000000
04000706
02050206
03030006
01000000
04000706
02060206
03030006
02000000
04000706
02060205
02030007
02000000
04000706
02060206
01040006
03000000
04000705
02050207
03030005
02000000
04000706
02060106
02040006
02000000
04000806
02050206
01040005
01010000
04000707
03060206
02020006
02010000
04000706
02060206
01030006
02000000
04000706
02060106
02030005
02010000
04000707
02060206
02020006
02010000
04000806
02060107
01030006
02000000
04000705
02050107
01020004
01000000
04000806
02060107
01020005
02010000
04000706
02060206
02020007
01000000
04000806
02060106
01030007
02000000
04000706
02050107
01030005
02000000
04000806
02060206
02020007
02000000
04000806
02050107
02020007
02000000
04000706
02050207
03030005
01000000
04000707
02050207
03040004
01000000
04000707
02060107
02020005
02010000
04000706
02050207
02030004
01010000
04000708
02050207
02030005
01000000
04000607
01050306
03030006
00000000
04000708
01050205
03040008
01000000
03000707
00050205
04040008
00000000
04000810
000b030f
1006000e
00000004
06050619
030a030f
01030007
0d070004
03000d05
010d0100
00080030
130f0004
00001906
000e0000
00080038
00050002
0000160a
000e0000
0007003a
01020002
00001606
000f0000
0209003a
02000002
00001705
000e0000
06080038
03000002
00001505
000e0000
08060038
02000004
00001607
001c0003
03050036
081b000a
00001609
0013030c
0a070038
0a100007
00001404
00100511
13070037
010f000b
0000141d
00200723
11000029
0e21070f
0507131e
00100030
07000020
1119010c
0b060d00
00100032
11000011
050d000c
0f090919
00010a2d
1a000005
1804030d
12110318
00040a0e
09010003
1d010002
04000d06
00040207
04030005
00000001
06000513
00030218
130a0000
00000304
0c0c0022
0006021b
0d050000
0f060109
0908010b
04060421
02090000
1f100209
0b0e000b
05040813
00040000
330c0000
06000f00
07060808
08110000
08020001
08030813
00130a17
04230004
00260007
08020c1f
030f0e13
021c0001
101c0002
08000e00
06060906
0a040009
10120003
07000c2b
071e2a0c
294a001c
24130809
10110639
01011128
162b0000
13000000
1e060920
04131825
09230008
030f0102
0b062720
03160304
2b1c0017
21260505
0d050a2f
03152200
201a0024
06100604
03001010
04110405
0f18001e
1e0a0000
04000f00
04060306
0b020006
0b030000
0700091a
050e0d09
0a160007
1d000003
0811011c
00070808
06010003
09110003
05000414
00050207
02040004
03010000
03000406
00050207
02020005
03010000
03000605
00050207
02030006
03020000
03000605
01050106
02030005
03020000
03000605
01060207
01030005
05010000
03000703
01060206
02030006
04020000
03000705
02060205
01030006
03000000
03000705
02060205
01020007
03000000
03000804
02060205
01030008
02010000
03000806
02060105
01030008
03000000
03000705
03060205
01030007
02000000
03000706
02060205
0102000a
03000000
03000905
03070203
0103000b
03000000
02000906
03070203
0102000b
02000000
03000906
03070204
01040009
02010000
03000807
04070303
0103000a
02010000
03000706
04070303
0103000a
02000000
03000706
03070304
00040009
02000000
03000807
03070303
00010009
00020004
0a000838
02070504
0108000b
45010000
02001506
02060303
0203000a
02010000
03000607
01060305
02030009
01000000
03000506
01050305
02030006
02010000
03000506
01060205
02030007
01010000
03000607
01050205
02030007
02000000
03000705
01050205
02030007
02000000
03000706
01050105
02030007
02000000
03000705
01050305
03030007
01010000
03000607
01060304
03040007
02000000
03000606
01060205
02030007
02000000
03000607
01050205
02030007
02000000
03000606
01050305
02040006
02010000
03000506
01050305
02030005
02000000
03000506
01050305
03030007
02000000
03000506
01060305
03020007
02010000
03000506
01050305
02040007
03010000
02000605
01060206
02040007
04000000
03000605
06060306
05050006
05000000
09000706
040a0905
320d000f
05020000
0902070c
02060305
18030009
13010000
07000b06
02050305
03030007
02000000
03000605
02050305
02030006
02000000
03000606
02050305
03040006
02000000
03000606
01060305
04030007
00000000
04000608
01050305
03040007
02000000
03000506
02050405
03030007
05000000
03000605
02050304
03040008
06000000
03000704
02060305
03040008
02000000
04000606
01050305
03030007
01000000
03000706
02060304
03030008
02000000
03000706
02060304
02030008
02000000
03000606
02060205
02040006
02000000
03000706
02050205
04040007
02000000
04000706
02060205
03040006
03000000
04000606
02050206
02030005
02000000
03000605
02050207
03030005
02000000
04000706
02060206
02030005
01000000
04000706
02050207
03030005
02000000
04000706
01050107
02020004
02000000
04000706
02060206
02030005
02000000
04000706
02050206
02020006
02000000
04000706
02050206
03030006
02000000
04000606
02050206
03040005
02000000
04000606
02060106
02030006
02010000
04000706
01050107
01030005
02010000
04000706
02050207
02040005
02000000
04000706
02060206
02030005
02000000
04000706
02060106
02040006
02010000
04000806
02060206
02040005
02020000
04000706
02060305
02030006
02000000
04000606
02050207
03030005
03000000
04000706
02060306
03030006
01000000
04000706
02050207
03040005
03000000
05000705
02060307
03030006
02000000
05000706
02060305
03030006
02000000
04000707
02060206
02030005
02000000
04000706
02060207
02040005
02010000
04000706
03060205
02030007
02010000
04000706
02060206
02030006
02000000
04000705
02050207
02030006
01000000
04000706
02050207
02030005
02000000
04000706
02060106
02030006
02010000
04000806
02060106
01030006
02010000
04000806
02050107
02020005
02010000
04000706
02060206
02030007
02000000
04000807
02060105
01030007
01000000
04000806
02050207
02030005
01000000
04000707
02050107
01020004
02000000
04000706
02050107
02030004
02010000
04000706
02050107
02020004
01000000
04000708
01060207
02040005
01010000
04000707
01060206
02020007
00010000
04000709
01050204
03030009
01000000
03000707
00050204
04030009
00000001
04000919
00090703
0f0b0013
06000103
04010920
030d050a
0f1b000d
23020001
00081500
01090000
0006001d
03150003
00000f0c
010c0000
00050027
00030001
00001209
010d0000
0007002d
01040002
00001306
010e0000
0008002e
02040002
00001305
010d0000
00070033
00050002
0000140a
000d0000
00070036
01020002
00001407
000d0000
02070037
02000002
00001506
000e0000
0108003a
01020002
00001605
000d0000
01080039
01010002
00001605
010e0000
01090039
02020002
00001505
010e0100
060d0037
04000002
00001405
000d0400
080a0033
02030002
00001306
001c0004
0009002b
0d200008
0000110b
00040207
020a000d
0e170004
03000607
00040207
03030005
00000002
07000519
00090315
0f0f0000
00000307
0b0b0027
00020519
070f0000
120f0306
08060200
060c051e
0a0c0000
1c040605
0e10000d
04000811
09110000
34080000
0d031214
0c041116
111f0000
17000000
0e0a070f
040c1111
0e1a0000
03000000
0e00071d
0409040e
00050001
110b0000
07000b0c
060a0c05
29170012
0f020003
0a050c19
00150011
01160000
002d000f
0d140933
0b0a0822
0b120000
21060203
0d0b1700
000b0420
0f030000
0022000b
1100102f
06120909
0a220016
1d130a06
000b0d0c
021c1000
13000027
19140109
01001423
04190b06
161a0024
1f130006
0200160b
06051504
1423000d
0b080000
09030b15
0513090b
14010000
16160002
0b070314
00070906
0a070004
00030000
07000510
00050207
02030004
03020000
03000506
00050207
01020005
04020000
03000604
00060206
01030006
03010000
02000705
01050206
01030005
03030000
03000605
01060207
01030005
05010000
03000604
01060107
01030005
03010000
03000705
02050205
01030006
03010000
03000705
02060105
01020007
03000000
03000804
02060105
01020007
01000000
03000706
02060205
02030007
03000000
03000706
02060205
02020007
03000000
03000805
02070104
0101000b
03010000
02000a05
03070103
0103000c
03000000
02000806
03080203
0103000b
02010000
03000906
03060305
01040009
01010000
04000707
03070303
0102000a
02010000
03000806
03070204
0103000a
02000000
03000706
04070303
0102000a
02000000
03000805
03070302
0102000b
01000003
0b000738
02060503
020a000b
45010000
03001606
02060304
02050009
01000000
03000607
02060404
02050009
01000000
03000607
01060305
03030007
02000000
03000506
01060205
02020008
01010000
03000607
01060205
02030008
02000000
02000605
01050105
02030007
02000000
03000705
01050305
02050007
02000000
03000606
01050305
02030007
02010000
03000607
01060205
02030008
02010000
03000605
01060205
03030007
01010000
03000607
01060205
02040008
02010000
03000606
01050305
02040006
02010000
03000506
01050305
02030007
02000000
03000506
01060305
02030007
01010000
03000606
01050205
02040008
03000000
03000605
01060205
02040006
03010000
03000605
01050205
02040006
03010000
07000612
04031a05
2e220010
00000000
0d060325
06111f04
36280017
2c000c01
0b070620
01060105
0705000c
34040001
0500180d
01060204
02040008
02000000
03000605
02050305
03040007
02000000
03000606
02050305
04040006
01000000
03000507
01060304
04040008
00000000
03000608
01050304
03040008
03000000
03000606
02060206
02040007
04010000
03000605
02050305
02040007
05010000
03000604
01050205
02030007
03000000
03000705
02060205
02030007
02000000
03000706
02060205
02030007
02000000
03000705
01050206
02040007
02000000
03000705
01050206
02030006
02010000
03000706
01060105
02030007
02000000
03000706
02060206
02030005
03010000
03000706
01050306
03030006
02000000
04000606
02050206
03040005
02000000
04000605
02050206
03040004
02000000
04000607
02060207
02030005
02000000
04000606
02050207
02040005
02000000
04000706
02060206
03030005
02010000
04000706
02050206
02030006
02010000
04000706
02060206
02030006
02000000
04000606
02060206
03040005
02010000
04000606
02050207
03040004
03000000
04000705
02050207
03020005
02000000
04000706
02050207
03030006
02000000
04000706
02060206
02030006
02000000
04000706
02050207
02030005
02000000
04000706
02050206
03030006
02000000
04000606
02050207
02030005
02000000
04000706
02050207
02040005
02000000
04000706
02060305
03040006
02000000
04000606
02060306
02030006
03000000
03000705
02060206
03030006
02000000
04000706
02060206
02040006
02000000
04000706
02050107
02030005
02000000
04000706
02060207
02030005
02000000
04000706
02060206
01020005
02010000
04000706
02060206
01020006
02010000
03000707
02060206
01030006
01000000
04000706
02060106
01020006
02010000
04000706
02060207
01020006
02010000
04000706
02050206
02030006
02000000
04000707
02050206
02030006
02000000
04000706
02060106
02030006
02010000
04000706
02060106
01030006
02010000
04000706
02050107
01020005
00010000
04000707
02050107
01030004
02000000
04000706
02060206
02030005
01000000
04000707
02050207
02030005
01000000
04000607
01050207
02030004
00000000
04000708
01060206
02020008
00000000
03000709
00060204
02030009
00010000
02000707
00060204
0303000c
00000002
03000b1a
000f0002
0c130018
00040007
02000a22
0515060c
0917000b
29110503
00081800
010a0300
05020018
00020000
01000c0b
010a0100
0503001c
01020000
00000e08
010a0000
00060020
02020001
00000f06
010b0000
00060020
02020001
00000f06
010c0000
01070025
00010000
00001108
010d0000
0009002b
02030002
00001108
010d0000
00090029
03050002
00001105
010d0000
000a0029
01040001
00001305
020d0000
00090029
03050001
00001205
040d0000
020d0028
03060002
0000111b
05121000
152c0022
20080000
00071a12
010c0000
04060026
03060001
00001207
000b0000
02100025
03030001
00000f06
00050206
030a000c
04010000
03000607
00040506
07060005
00000002
0700051c
00060415
12080000
03000306
0b0d0026
0000061b
0d080000
09010306
0b0a0004
070e081c
110f0000
27040807
0c0f000a
00010414
0e0d0000
2d050002
0e091018
02050719
0b030000
0f0a0001
0d090009
06070b14
0b090000
0c050001
0903040d
07001609
211c0017
0d000004
0b041022
062f110a
2220001b
29310003
0600221c
000e0912
18180015
000f0009
12160d48
0305132c
0c350200
21140215
09080900
00000412
190c030f
0617000d
14001f32
0213170c
1c2b000f
17210d17
08040914
05100b03
0000001d
0926000d
0100132e
03161202
174f0033
22070c04
0a05170b
0314080a
1c16000a
10100005
07040808
0304060b
00020000
0e180003
0500040c
00080507
05040004
02030000
05000514
00050207
02040003
04000000
03000605
01050207
01030005
04020000
03000605
01050206
01040006
03010000
02000705
01050106
02030006
03010000
03000606
01060206
01030006
04020000
03000704
02050206
02030006
03010000
03000605
02060206
01020007
03000000
03000705
02060105
01030007
03000000
03000704
02060205
02030007
02000000
03000706
02060105
02030007
02000000
03000706
02060205
01040007
03010000
03000905
03060104
0103000b
03000000
02000a05
03070103
0102000c
02010000
02000a06
03070104
0204000c
02010000
03000906
03070304
02030009
03000000
04000806
03070203
0101000b
03010000
03000907
03070204
0102000c
02000000
03000806
04070303
01020009
03010000
03000806
04070403
0002000a
01000003
0b000737
01060403
0208000b
45010000
02001606
02060304
02030009
01010000
03000607
02060304
02040009
01000000
03000507
01060205
01030007
02010000
03000606
01060306
02040007
02000000
03000607
01050205
02030007
02010000
03000706
01050105
02030007
02000000
03000705
01050205
02040007
01000000
03000606
01050305
02020007
02000000
03000606
01060304
03050008
02000000
03000606
01050305
02030007
02000000
03000606
01050205
02040007
02000000
03000606
01050305
02030006
02000000
03000506
01050305
02030006
02010000
03000506
01050305
03030007
01000000
03000607
00050205
02030007
02000000
03000606
01050306
03040007
03000000
03000605
03041106
0f1a0005
01010003
0a010429
00091504
241c000c
01000908
0b0a0131
06120504
0a080009
28011008
00070704
02051004
12250014
30000000
08001203
01060305
03040007
02000000
03000506
01050305
03040007
02000000
03000607
01050405
04050006
01000000
03000506
01050305
03040006
01000000
03000507
01050305
02040007
03010000
03000606
01050206
02030005
03000000
03000605
01050305
03030007
04000000
03000604
02050305
02040007
03000000
03000605
01050205
02040007
02000000
03000606
02050305
01040005
02000000
03000505
01050206
02030005
02000000
03000605
02050206
02030006
01000000
04000706
02050206
01040006
02000000
03000706
01050107
02030005
02000000
03000706
01060106
02030006
02010000
03000706
01060107
02030006
02000000
04000605
01050207
02030004
02010000
04000606
01050207
02030004
02000000
04000606
01050207
02030004
02000000
04000606
01050207
03040005
02000000
04000606
01050207
03030004
02000000
04000606
01050206
02030005
02000000
04000606
01050207
03030004
02000000
04000605
01050207
02040004
02000000
04000606
01050206
02040005
02000000
04000606
02050207
02040005
02000000
04000706
02050206
02040006
02000000
04000706
02050206
03040005
02000000
04000606
02060206
02040005
02000000
04000706
03060606
120d0008
02000000
0700070b
03060805
1b090008
09000000
0600060b
03050606
0e080006
07000000
06000705
04060a05
0b0c0007
02000000
06000710
05070d04
1615000b
0c000000
08010905
03050305
12030006
0c000000
06000705
02050207
03030005
03000000
04000705
02050107
02020005
02000000
04000706
02050207
02030004
02000000
04000706
02060206
03040005
02000000
04000707
02060206
02030005
02000000
04000706
02060206
02030006
02010000
04000706
02060106
02030006
02010000
04000806
02070106
01030006
02010000
04000806
02060107
02030005
02020000
04000706
02060106
01030005
02010000
04000706
02050207
02030005
02010000
04000706
02060107
02020004
00000000
04000708
02050107
02020004
02010000
04000707
02050206
02030006
01000000
04000707
01050206
02030005
01000000
04000607
01050206
02030007
01000000
04000707
01060205
02030009
00000000
03000808
01060104
0203000a
00010000
02000808
00050204
0303000d
00000001
03000c16
000f0008
090f0018
0f020007
00000921
020d050f
00050009
1c140005
00001000
01080300
0703001a
02000000
00000d07
050b0808
123b0019
00030003
06060b1a
0d080308
17350015
18000000
0b001102
0c0b0000
121c001d
02040003
08000e0a
030b0300
0710001d
04020005
00000e14
030c0600
0e110021
08000003
00001304
000a0000
04050024
02000000
00001006
050b0200
10160022
01000000
02000f0a
060b0500
2016001f
0e000000
01001005
030c0500
12230023
02000006
02010e19
03210606
1008001c
1b260008
02001519
010b0100
01060022
03030000
00001006
000a0004
000a001f
01030001
01000c06
00040206
03080008
02020000
03000607
00020706
0a090007
00000003
07000520
0006060f
13080003
00000308
090b0024
00020813
0c090000
0c050608
070a0000
070c021b
0e0c0000
370a040a
09110a0a
0005071a
10140000
1d1d0008
100c0b1a
02020719
04020000
11080002
0d070000
060d0614
02010000
100b0002
09020a14
022e2104
28230039
0d0f0000
03011f26
001a0e00
24170045
13160203
00002813
061e080f
3730002c
13000000
0f00150f
041c1913
2b1d0009
01370009
0b04051d
062b1716
1f3e0002
060f0000
110a0f0e
091e1418
1e2b0000
0b380000
1800170c
00101900
28210042
001e0000
0600182d
00151108
213d0025
200d0705
09001232
02060e0a
0d1c000b
2e110002
09000d00
03040609
02000000
03050000
0500050d
00070307
06030005
01010000
06000512
01050207
02030005
04020000
03000605
01050206
01030005
03010000
03000604
01050206
01030005
03010000
03000605
01060206
01030004
03020000
03000605
01050206
01030006
03010000
03000705
02060206
01030007
03010000
03000605
02060205
01020008
02010000
03000805
02060105
01030008
03010000
03000705
02060305
01030006
02000000
03000706
02060205
01020007
02010000
03000705
02060205
01030007
03000000
03000805
02060104
0102000a
03000000
03000a05
03070103
0203000c
02000000
02000a06
03070103
0104000c
02010000
03000906
03070204
0103000a
03010000
03000707
03070203
0103000c
03010000
03000907
03080203
0103000c
02000000
03000805
03070203
0102000a
02000000
03000806
04060403
01030009
01000002
0b000738
02060504
0109000a
45000000
02001606
02060303
02030009
01000000
03000607
01060304
0203000a
01000000
03000507
02050305
02030007
02000000
03000606
01060306
03040007
02000000
03000607
01050305
03030007
02000000
03000706
01050205
02040007
02000000
03000606
01050305
02040006
02000000
03000506
01050305
02030007
01000000
03000607
01050205
02030007
02000000
03000606
01050205
02030008
02000000
03000606
01050305
02040006
02000000
03000506
01050305
02030005
02000000
03000505
01050305
02030005
02000000
03000506
01050304
02030007
02000000
02000606
00050205
02040007
02000000
02000606
01050305
02040007
03010000
03000506
00040409
020a0006
00060007
0800032b
00090406
08060007
0014060d
020b0032
00060207
07090007
0e010909
00050503
03140905
03160010
2e060702
00031200
01050305
03040007
02000000
03000506
01050406
03040006
01000000
03000507
01050305
03040006
01010000
03000607
00050306
03040006
02000000
03000506
00050206
02040005
03000000
03000605
01050206
03030005
03000000
03000605
01060304
03040008
04000000
02000704
01060205
03040008
04000000
03000604
01050305
03030006
02000000
03000606
01050305
03030006
02000000
03000506
01050305
02030006
03000000
03000605
01050306
02030006
02010000
04000606
01060306
03030006
02000000
04000606
01050206
02030006
02000000
03000606
01060206
02030005
02010000
04000606
01050107
01030005
02010000
03000705
01050206
02040005
02000000
04000606
01050207
03020005
02000000
04000606
01060207
03030004
02000000
04000606
01050206
03030005
01000000
04000606
01050206
03040005
02000000
04000706
01060206
03040004
02000000
04000606
01060206
03040005
02010000
04000706
01050207
03030005
03000000
04000606
01050107
02030004
02000000
04000706
01050107
02020004
02000000
04000706
01050107
02020004
02000000
04000706
01050107
03030005
02000000
04000706
02050206
07030006
01000000
06000615
01091005
1c180009
02000001
0803031c
020e0c07
0e15000b
14030002
08000c00
03060a05
0e110008
050b0000
07020607
00040607
10060005
04010002
07000416
030b1307
1120000d
11000104
050a021a
03050506
0d070008
24000000
06000d02
02050206
04040005
05000000
04000704
02060206
03040005
03000000
04000705
02050207
02020006
02000000
04000706
02060206
02020007
02000000
04000706
02050206
02020006
02000000
04000706
02050107
02030005
02000000
04000706
02050207
03040005
02000000
04000806
02060206
03030005
02000000
04000706
02060107
01030004
02010000
04000706
02060206
02020006
01010000
04000707
02060207
03020006
02000000
04000706
02060107
02020005
01000000
04000708
02050107
01030004
02000000
04000706
02060206
01030005
01010000
04000707
02050207
02030005
01000000
04000707
02060205
03030007
01000000
03000707
01060104
0302000a
00010000
03000908
00060104
03040009
00000000
03000808
00050204
0203000e
00000001
02000c16
00100006
09070019
10040003
00000912
0609160d
191e0009
070b0602
08020b1d
07110607
2419000f
1f040001
0c001702
01140022
31100002
0810000f
1313051e
00040c32
003d0000
1b220011
0b101538
0b010e3c
1f390000
1808000d
160e0a00
04140a05
060b000b
1f070001
0700190a
03120801
0e120018
091b0003
02000f0a
020b0000
02060021
01010000
00000f07
00010e07
1c2c001c
00030209
070b0b30
060e160c
212f0011
1d0a0902
05061700
07101806
2b33001d
25000b01
03050c23
020a0500
0d0b0022
270f0007
02001d06
010a0000
03060022
03000000
00000f04
00080006
040a0017
00000000
03000907
00050207
03040005
01000000
04000609
00000508
0a070006
00000004
06010421
000a0114
0e090004
0604030a
060a0017
00020915
040e0000
070b0308
0508040c
04120614
10080000
390b0e04
040f1000
000a0319
0b0f0000
00140003
100b001c
03000d1a
080e0000
0c090000
0d080004
07050a0f
08090000
12000007
06020a19
02170f05
110e0034
2a2c000e
01012632
05150000
002d0034
1b1d0008
0500232f
0114220e
25520025
2c230611
09040e3d
00090c04
1c2e0011
1310000a
1108111c
000a082c
070e0000
1a0b000a
0d15001d
0007042e
00000000
1b1b0004
0c001b16
00120001
0006002e
0216000a
00001b15
03110009
0c1f001f
24200c0d
0007103b
0205040a
00060005
360d0000
04001507
03050807
06090002
02010000
0600040e
01070306
0a040005
02000000
07000512
01050306
02040005
03010000
03000604
01050206
02030004
04010000
03000604
01050206
02030005
03000000
03000605
01050206
02030006
03000000
03000705
02060206
01030005
04010000
03000604
02060206
02030007
03020000
03000806
02060105
02040009
02010000
03000906
02060205
01030007
03010000
03000705
02060206
01020007
02010000
03000706
02060205
01030007
03010000
03000706
02060205
01020007
03010000
03000805
02070104
0104000a
03010000
03000a05
03070103
0003000b
02010000
02000a06
02070005
0204000a
02000000
03000906
03070205
02040008
03000000
04000806
03070204
0103000a
02010000
03000907
03070203
0103000c
02010000
02000807
04070203
0102000b
02000000
03000806
04070403
0103000a
01000002
0b000737
01060404
0108000b
45010000
02001606
02060403
0202000a
01000000
02000607
02060304
0205000a
01000000
03000506
01060304
02040008
02000000
03000606
01050205
02030007
01010000
03000607
01050305
02040007
02010000
03000606
01050205
02030007
02000000
03000606
01050305
02030006
02000000
03000506
01050305
03020007
01000000
03000607
01050205
02030007
02000000
03000605
01050205
02030007
02000000
03000606
01050305
02030006
02000000
03000506
01050305
02030005
02000000
03000405
01050305
02030005
02000000
03000506
01060304
02040007
02000000
02000607
01050205
02040007
02000000
03000506
00050307
02040005
02000000
03000606
00050406
03040005
03000002
09000422
000d050d
130a0004
0e03050a
08110234
0005030d
04080003
0815090f
00080312
030f0805
0813000d
33000c04
00071400
01050305
02040006
02020000
03000508
01050306
02020005
02000000
03000506
00050206
03030005
01000000
03000508
00050206
03030005
02000000
03000606
00050306
04040005
03000000
03000506
01050206
03040005
03000000
03000605
01050206
03040007
04000000
02000704
01060305
03050008
04000000
03000704
01050304
03040007
02000000
03000605
01050305
03040006
02000000
03000606
02060206
03040006
03000000
03000605
01050306
03030006
02010000
04000606
01060206
03040006
02010000
04000606
01060206
03040005
02010000
04000606
01050206
03040005
02010000
04000606
01050306
03030005
02000000
04000606
01050206
03040005
01000000
04000607
01050206
03030005
02000000
04000606
01050206
03030005
02000000
04000606
01050207
03030004
02000000
04000606
01050207
03030004
02000000
04000606
01050207
03040004
02000000
04000606
01050207
03030005
02000000
04000605
01050206
03040004
03000000
04000605
01050206
03040005
02000000
04000705
01050206
03030005
02000000
04000605
01050207
03040005
02000000
04000607
01050306
03030005
01000000
04000607
01040306
05050005
00000003
0700061a
00080608
100b0007
13040005
0608091c
01080807
040b0006
0c0a0004
02010606
00160807
160c0007
04060002
08090a0b
01090708
07110007
15060002
0508070a
02170209
12030005
0a0a0008
0805051a
01050406
040b0006
1e150002
03000d01
02040306
03050005
05000000
04000702
02050307
03040004
03000000
04000605
02050306
03030005
03000000
04000605
02060205
01030007
03000000
03000706
02060107
02030006
02010000
04000706
02060106
01030005
02010000
04000706
02060106
01030005
02010000
04000706
02060206
02040005
03010000
04000705
02050207
02030004
02010000
04000706
02050206
02030006
02000000
04000707
02060306
02040007
02010000
04000706
02060107
02040006
01000000
04000707
02050107
02020004
02000000
04000706
02060207
02020005
01000000
04000707
01050206
02030005
00010000
04000608
01050205
03030007
01010000
04000707
01060205
02030009
01010000
03000807
00060104
03040009
00000000
03000707
00050304
0303000e
00000001
03000c16
00100004
0a10001a
04000002
01000b10
000d040c
1605001b
00010a05
08001320
00081f00
2d1f002b
12000906
03001403
0a11171a
34340018
23000d08
160d0602
02220d1d
0d150003
36030007
15031931
00080736
09000000
0632030f
1108062a
02011309
231d0020
1a000b00
08001104
07091503
261a001f
06000603
0b001410
09081400
30240024
03000a02
0a000d09
0010170d
2d430019
17000202
0e071528
0005150f
13270009
2222080f
07100931
042e0010
1a000012
282c0012
07002101
080d0400
3511001d
06350009
09000e15
080b0400
3214001e
09000000
08000e05
03070006
1d0e0015
0a000000
05000807
00040207
03040004
01000000
04000508
00040508
0d060007
00000005
06020524
00070115
0f140006
08000607
0607000d
00000715
0b0e0000
09020007
07080711
0414040b
020a0000
3e140d08
00140f00
00070a15
1d0b0003
00010303
110f0430
01070b18
1d140005
2b000300
0d080e00
090b0511
00120203
150f0002
03000a00
00220c00
23000035
003b0009
0300272e
04050806
02170021
1d000001
07000d23
0620090a
171b0011
1a1c0802
0d0c1c1b
08180a01
1219000d
0d2f0006
09100214
040b0428
0b0d0000
140c0009
1115002c
05050b19
10130011
24000000
07002100
01180007
070c001d
1a160009
00001c11
0416000e
0018000a
11230c0d
09110a4a
0405050b
02140004
3c0a0002
06001307
01070707
08080003
00010000
06000412
01050307
05040004
03010000
05000506
01050206
01030005
04010000
03000604
01050207
02030005
04010000
03000605
01060206
02030005
03010000
03000704
01060106
02040007
03010000
03000706
01050207
01030005
03010000
03000705
02060205
01020007
03010000
03000805
02060105
02040009
02000000
03000805
02060105
02030008
03010000
03000806
02060205
02040008
03000000
03000706
02060205
01020007
02010000
03000705
03060205
01030007
03010000
03000805
03070105
01030009
04000000
03000a05
03060005
0104000a
02010000
03000906
03060106
01040008
01000000
03000906
03070205
0102000a
03000000
03000905
03070204
0102000a
02010000
03000906
03070103
0003000b
01010000
03000907
04070303
0104000b
02010000
03000806
03070402
0102000a
01000002
0b000737
02060403
0109000b
45000000
02001606
02060302
0204000b
01000000
02000607
02060305
02030008
02000000
03000606
01060205
03040007
01010000
03000606
01050305
03030007
01000000
03000607
01060305
03050007
03000000
03000506
01050305
02030006
01000000
03000506
01050305
03030007
02000000
03000606
01050305
03030007
02000000
03000606
01050205
02030007
02000000
03000606
01050305
02040006
02000000
03000506
01050305
02030006
02000000
03000506
01050305
02030005
02000000
03000405
01050305
02020007
02000000
03000506
00050205
03030007
01000000
03000606
01050305
03040006
02000000
03000506
01050307
06060005
02000000
04000606
00040407
06050004
04000004
09000426
00160410
130e0002
1a040a08
08160722
00080c0c
0a090000
00190709
08090021
05110e05
0c250017
30001002
00061500
01050206
1603000b
17000000
08000d06
01050306
02030005
02000000
03000506
01040306
03050006
01000000
03000508
01050407
04050005
02000000
04000508
00050207
04030005
03000000
03000506
00050307
02040006
04000000
03000505
01050206
02040005
04010000
03000605
01050306
03050006
04000000
03000605
01050206
02030006
04000000
03000706
01060305
02030006
02010000
03000606
01050206
02030007
02000000
03000606
01050206
03030006
02000000
03000606
01050206
03030006
02000000
04000605
01050107
02030004
02000000
04000705
01050207
02050005
02010000
04000606
01050207
02030004
02000000
04000606
01050206
03030005
01000000
04000606
01050307
03030005
04000000
04000806
02060806
0f0a0007
00040001
07000610
02050805
100c0007
06000000
06000605
01040307
09050005
06000000
05000706
01040307
04040003
02000000
04000606
01050206
03040005
03000000
04000705
01050207
03040005
03000000
04000605
01050306
03030005
02000000
04000605
01050306
03040005
02000000
04000506
01050306
04040005
02000000
04000606
01050306
04040005
01000000
04000607
00040407
07080005
00000000
0800061e
00170b07
1f100012
15090403
07080e18
010d0407
1f06000a
0e070002
06000906
04211309
0624000c
0a0b0006
05040912
00130c0b
08220012
08180004
0b01131f
00070708
05100007
0c23000b
04040908
01040207
02060005
0b050001
02000700
01050207
02030005
05000000
03000603
01050207
02030005
03000000
03000705
02060206
03030006
04000000
04000705
02060306
03040006
03010000
04000706
02050107
02030006
02000000
04000705
02050107
02030005
02000000
04000706
02050107
02020004
02000000
04000706
02050207
02040005
02000000
04000706
02050207
02040004
02000000
04000706
02060107
02040005
02010000
04000706
02050107
02030005
02010000
04000706
02050107
01020004
02000000
04000706
02060206
01020005
01010000
04000707
02060206
02030005
01010000
04000607
02050306
03030006
01010000
04000607
01050206
03020007
01010000
04000708
01060205
03030009
01000000
03000908
00060104
0303000a
00000000
03000708
00040303
06020011
00000001
03000c16
000e0004
0a0c001b
02000004
00000b0e
00120006
04000027
000a0108
00001c1b
000d0000
03060036
000f040e
00001613
0706002c
0b18001b
20160712
07060300
08061b1c
27320000
231d070c
0d09150c
00090f0f
242b0000
00050003
15020d32
00090000
0707002f
0a060508
00001b09
000e0000
0919002b
02020306
0000180e
00110001
0a0e002d
0210040a
00001808
041a0a0c
0e100012
25110c06
020b1300
00180408
1d040017
25070d0c
0e132143
000e1e00
30200038
0d110707
06001c10
00151800
2d1a0036
05110a0a
05001b0f
00161700
1826002b
1817090b
02001702
000a0908
071a000f
22130004
05000e00
00050208
04040004
01000000
0400050a
0005020d
0e0e0004
00000005
09070422
00040217
050e0000
04070207
070a0008
00051115
0e170000
120b0605
060a0707
061b060c
0c0d0000
3b150b05
05100f03
001c0409
1007000e
0003000e
08070a33
02200312
000f0002
2b330008
00001904
070c0608
000c0004
13020000
03001001
00211100
1b06003c
00080403
04001e2f
00080103
191b0042
16000000
09001522
041e0307
20100015
1f000a05
06101017
0c172300
0f27000a
14010002
07120026
0007012c
17120000
000e000b
14110025
04050721
03000014
240c0005
07002501
020c0b00
2d2f0038
18000002
07002200
0123000f
18180011
10170007
0d01171d
0304060b
02110000
172c0008
05000605
01080508
04020002
00010000
06000411
01050307
02040003
02030000
04000506
01050306
02030004
04010000
03000604
01050207
02030005
03010000
03000605
01050206
02040006
03010000
03000605
01060107
02030005
03010000
03000605
02050107
01030005
03010000
03000705
02060206
02030006
03010000
03000706
02060105
02020008
02000000
03000805
02060205
02040008
03010000
03000806
02060205
03030008
03000000
03000706
02060305
01030008
02000000
03000705
02060205
02020007
02000000
03000806
03060205
0102000a
04010000
03000a05
03070204
0203000c
02000000
03000907
03060205
01030008
02000000
03000806
03070204
0102000a
03010000
03000905
03070103
0102000b
02000000
03000906
03070103
0103000b
01000000
03000906
03070203
0103000b
02010000
03000806
04070402
0102000b
01000002
0b000737
02060503
0209000c
44000000
02001506
02060303
0205000a
01000000
02000607
02060304
02030009
02010000
02000606
01060204
0303000a
02000000
03000707
01060305
0303000a
01000000
03000606
01060305
03030007
02000000
03000606
01050305
02020006
03000000
03000606
01050304
02030007
02010000
03000607
01050205
02030007
02000000
03000605
01050205
02040007
02000000
03000606
01050305
02030005
02000000
03000506
01050305
02040006
02010000
03000506
01050305
03020007
02000000
03000506
01060305
03030007
02000000
03000606
00050205
02030007
01010000
03000606
00050205
03030006
01000000
03000507
000a0407
03080006
02030001
03000508
00040407
01070005
04070006
07000622
00140810
0c150000
1415080b
08110122
0004090c
15090000
000c050a
0909001d
020f0e06
0b230016
2f020b09
00030a00
01050208
0210000b
27090003
03001306
00050306
02030006
01010000
03000506
00040307
02030004
01010000
04000408
00050207
03030004
03010001
03000508
00050307
04030005
03010000
03000505
00050206
02040005
04000000
03000504
01050306
03040005
03000000
03000605
01060306
03040006
04000000
03000604
01050306
02040006
04000000
03000605
01050305
02040006
02000000
03000606
01050106
02040006
02010000
03000606
01060107
02030005
02010000
03000605
01060206
01030004
02020000
04000606
01050207
02040004
02020000
03000705
01050107
03030005
01000000
04000607
01040207
04030004
02000000
05000608
02050806
13070007
00000000
0600060d
08090806
0e12000b
17000000
06001208
01070a05
1718000c
000a0007
09060530
02020d08
1617000a
12000004
07040908
01040608
0f0a0006
0b000000
06000601
01040408
09070002
04000000
06000606
01040307
06060004
05000000
04000605
01050206
04040005
04000000
04000604
01050206
03030005
02000000
04000605
01050207
02030004
02000000
03000605
01050206
02030005
02010000
03000607
00050206
03040005
01010000
03000607
00050306
03040007
00010003
05000a23
000e1000
181e0022
15020b08
02041732
00050800
2a13002c
11000903
07001602
00050900
2e140032
05000900
06001b09
00130c06
2822002d
23001100
08001800
000b0e06
121a0015
03150001
0b050829
01050206
0f04000e
1c010000
04001000
01050206
02030006
06000000
03000703
01050206
02030006
03000000
03000704
02060206
02040007
03020000
03000706
02060207
02040005
03010000
04000705
02060107
02030004
03010000
04000706
02050206
02040006
02010000
04000706
02060107
02020004
02010000
04000706
02050107
02020005
02000000
04000706
02050107
01020004
02000000
04000706
02050107
01020004
02010000
04000706
02050107
02030004
02010000
04000706
02050107
01020004
02000000
04000706
02050206
02030006
01010000
04000707
02050207
02040005
01010000
04000607
02060306
02030006
01010000
04000607
02060204
02040008
01010000
03000708
01060204
0204000a
00010000
02000808
00060104
0304000a
00000000
03000808
00050403
06020011
00000001
03000a17
000c0201
0b120019
01000002
00000c0a
000c0200
0a000039
03000002
00001e11
001a0000
070d0044
050a0005
00001e08
07210026
1b38001e
1b1f0708
0d051200
03220519
26150000
08380016
12020d29
00180f1a
00110008
04410213
000b0e34
00130300
07000043
170c010a
0000240e
00170000
000a003c
0013010d
00001816
00070200
141a0025
0f06070d
0000111a
011e0408
040d001a
2d180a08
0000180f
00181002
1a0f0027
27050c0a
0311243c
000d0000
0508003f
0212040a
0000210b
000d0000
0707003e
0401020a
00001d03
00150000
0910003d
1a000609
00001c02
00050206
061e0016
1d060002
0600100a
00040108
05040004
00000001
06000510
00050016
120d0000
00000105
0c0a001d
00020716
0c100000
07030405
08080007
030c1212
061a0000
190a0507
070f000d
0512050e
000a0000
341c0004
01000a00
0518050a
1500000a
00010502
08070922
040b0408
0d1c000c
23000000
09001209
07080209
01040004
15010000
03001100
021c0a00
14090044
00070001
03002039
06170001
05170150
290d000d
00001b0d
051c150f
06370115
1f180911
0814103b
05131204
160a0006
211b0007
0b11032a
03221027
3e21000e
0d0f0010
16050a21
03180125
1e01000b
1221000e
0300201a
081c0805
0b1c0023
0f110313
03001328
05091e0c
2b450012
17000009
0d021009
0405060c
05080000
0a070000
0a000507
01060807
09060002
00010000
07000411
01050307
02040003
02010000
04000506
01050207
01030004
04010000
03000604
01050107
02030004
03010000
03000605
01060206
02040005
03010000
03000605
01050207
01040005
03010000
03000705
02050107
02020004
03010000
04000705
02060305
02030006
03000000
03000706
02060205
02030007
03000000
03000805
02060006
01040008
02010000
03000806
02060205
01030008
03010000
03000805
02060204
02030008
02000000
03000806
02060205
02020009
03000000
03000a05
03070104
0103000a
03010000
03000905
02070104
0103000b
02010000
03000906
02070105
01030008
03000000
03000807
03070204
01020009
03010000
03000805
03070103
0103000a
02000000
03000906
03070103
0102000b
02000000
03000906
04070202
0103000c
01010000
03000906
04070402
0102000b
01000002
0b000737
02060502
0209000c
44010000
02001505
02060305
02040009
01010000
03000607
01060304
01020008
01010000
03000607
02060204
01050009
01010000
02000706
02060204
02040008
02000000
02000607
01060204
02030009
03000000
02000706
01050305
03030008
03010000
03000607
01060205
03030007
02000000
03000607
01050205
02040007
02000000
03000606
01050305
02040006
02000000
03000506
01050205
02030006
02010000
03000506
01050305
02030006
02000000
03000506
01050305
03040008
02000000
03000606
00050205
02040007
02000000
02000605
00050205
03030007
02000000
03000606
00050305
03030007
01000000
03000507
00050207
03030006
02000000
03000605
00050307
030b0007
01010002
05000609
0013150c
18210002
00200006
0a0a022a
00040c0a
1b0d0002
01000807
0d070222
03140706
0a12000e
2d090c06
00040e00
01050306
0c09000d
23100000
04000f05
01060205
02030007
01010000
03000506
00050207
02040005
01010000
04000408
00040307
03040005
01010001
0300050a
00050207
03040005
04000000
03000605
00050206
02040005
04010000
03000604
00050206
02030004
03010000
03000505
01050207
02040005
04000000
03000604
01050205
02040006
04010000
03000605
01050306
02030006
02010000
03000506
01050306
03030005
02010000
04000506
01050207
03040005
03000000
04000605
01050306
04030005
02000000
04000607
01050206
03040005
02000000
04000606
01050206
03040005
01000000
04000607
01040d06
0e150009
00000001
06030614
00050906
140a0007
04010005
0701060f
060a1609
0a2e0011
11080005
02000708
00120907
1515000c
0d0f0005
0f090715
00110509
040e0003
04130007
05020315
0206080a
0e180003
13020001
05060a04
00030309
0b050001
09000000
05000503
01030308
04050003
05000000
04000602
01040207
04050004
05000000
03000603
01050306
03040005
03000000
04000605
01050307
03040005
03000000
03000605
01050207
02030004
01000000
04000607
00050206
03030005
01000000
04000507
00040406
03040006
01000002
06000920
000d0001
0e080021
00030507
04021634
000a0000
050c002d
04010807
00001a04
000a0000
060a0031
07000606
00002002
00150005
071f002e
22010f04
00001600
00191104
18270019
16000201
0404161d
01050106
05160010
151c0005
03000d01
01050306
02040005
06000000
03000603
02050206
02030006
03000000
03000704
02060205
02040006
03000000
03000704
01060107
02030006
03010000
04000705
02050206
02040005
02000000
04000705
02050206
02030005
02000000
04000606
02050107
01020004
03010000
04000706
02060107
01030004
02010000
04000706
02050107
01040004
02000000
04000706
02050107
01030004
02000000
04000706
02050107
02020005
02000000
04000706
02050107
02020004
02000000
04000706
02050206
03030005
01010000
04000707
02050207
02030005
01010000
04000707
01050206
02030005
01010000
04000707
01050206
02040006
01000000
03000607
01060205
02040008
01000000
03000708
00050105
02040009
00000000
02000808
00050503
0b020012
00000003
03000823
00060207
120f0016
06000204
02020d0d
000d0500
0e07003c
09000100
00002105
000e0000
0b1a0045
04000007
00002011
0209122b
18520008
1c090b07
0e0b0110
08030c27
1f2f0000
24000300
150a1100
001c1510
1e2b0016
07060102
0c06202e
000f0000
07080047
0d120005
00002003
00100000
07090048
02000006
0000200a
001a0000
05040045
0d1e050d
00001d16
050e000a
032c0026
250e0008
08000f14
061b0301
17010032
2a0c090a
030f2837
00160000
06070049
02060005
00001e06
00160000
04080044
030f0006
00001d03
00180000
06100041
0f100006
00001d02
00040208
03160014
0f0b0002
04000805
00030109
05040002
00000002
06000514
00010113
120b0000
00000507
0b0b0025
00000416
0d080000
0d020506
08090002
06120a10
0b090000
1c060805
05110003
04010a0d
00080000
32030000
07000506
0116060b
1300000b
00000305
09060822
0307030a
020e000c
23040002
03000f00
06060707
080b0003
0f010006
0a000920
0a0f120c
2422001b
08000013
0a001723
0c211909
23480026
11160415
05021a1e
0934110c
24340013
112d0009
0b001526
011d0609
0029000d
0d36000f
0f001e37
02272310
0037000c
184b0611
0203081c
060a1a0b
032a000a
173d0005
0b010f00
0328080c
080d0004
022c0008
07000f14
0422070f
15150000
084a000b
0c0b0422
08061610
21250000
17040000
0e0a0e05
01050907
07090003
03020000
06000515
01050307
03030003
04000000
04000405
01050207
02020004
04010000
03000605
01050107
02030004
03000000
03000605
01050107
02030004
04010000
03000705
01050107
02030004
03010000
03000704
01050107
02030004
02010000
04000605
02060305
02030006
02000000
03000606
02060305
02020006
03000000
03000705
02060206
02030006
02000000
04000706
02060205
02020009
04000000
03000805
02060205
01030008
01010000
03000806
02070104
0103000a
03000000
03000a04
02070105
01040009
02000000
03000905
03070105
01030009
02000000
03000906
03070104
01030008
03000000
03000806
03070204
0202000a
03000000
03000805
03070203
0102000a
02000000
03000906
03070103
0102000c
02000000
03000906
04070302
0103000b
01000000
03000807
04070402
0102000a
02000002
0b000837
02060503
0209000b
44010000
02001506
01060206
02030009
01000000
03000606
01060305
02030008
01010000
03000707
01060304
02040009
02000000
03000706
01060204
02030009
02010000
02000707
01060204
02030009
02000000
02000706
01050204
0304000a
02000000
03000806
01050205
02030008
02000000
03000706
01050305
02050007
02000000
03000506
01050305
03030007
02000000
03000606
01050305
03030008
02000000
03000506
00050305
03030007
01000000
03000606
00050205
03030007
02000000
03000606
00050205
02030007
02010000
02000605
01050305
02040007
02000000
03000506
00050305
02030007
01010000
02000507
00050206
02040007
02000000
03000605
00050206
03050006
01010000
04000507
000b0609
14030001
00000209
0a0f0131
0003040b
06030004
0508070a
02060209
03060b05
0a15000c
1e040c08
00050506
05061001
20240012
22000700
08001000
02080b05
23130010
13000000
07000c06
00050307
03030005
01010000
04000408
00050306
03040005
01010001
04000509
00050206
03050005
03000000
03000505
00050306
03040004
04000000
03000504
00050206
03040005
03000000
03000505
01050306
02050005
04000000
03000605
01050206
02040005
05010000
03000603
01060205
01030006
02010000
03000606
01050206
02040005
01010000
04000607
01050306
02030005
02010000
03000505
01050306
02040006
02010000
03000507
01050207
02040005
02010000
03000605
01050306
03050005
01000000
04000607
000c0508
0e060005
00000005
0707041a
030d0a08
10100008
0e000207
04080604
030d1007
0b20000a
1d180004
09000e1d
011c0b08
08110008
101e0003
0a020a19
00010810
221b0000
00030002
0f09011d
01020a16
1c1a0000
1a030504
0b040809
0003020b
08040000
1a020001
06000d03
00040209
04040002
06000000
03000602
00040207
04040004
05000000
03000603
01050206
03040005
04000000
03000604
01050206
03040005
03000000
03000605
01050206
03030005
02010000
04000607
00050206
03030005
01010000
04000608
00040306
03030006
00010003
06000721
000b0102
11020018
03000307
0505122e
00080000
070a0027
02020707
00001606
00090000
05070030
09000706
00002001
00150006
0a21002f
1d010f07
00001800
001d0205
19170012
0d1a0407
03001111
020b0307
100b000a
16010001
04030a08
01050206
02030005
05000000
03000603
01050207
01030005
04000000
03000705
02050206
02040006
03000000
03000705
01050207
02030006
03000000
04000705
01050107
02020005
02000000
04000706
02060207
02040005
03000000
04000706
02050207
02030004
02000000
04000705
02050107
01020004
02000000
04000706
02050107
01030003
01000000
05000606
02050308
02030004
01000000
04000607
02050206
02030005
02010000
04000706
02060207
02030005
02010000
04000706
02050206
02030005
01000000
04000607
02050107
02030004
01010000
04000706
01050106
03030005
01010000
04000707
01050206
02040005
00010000
04000608
01060205
03030008
01010000
03000707
00050104
03020009
00010000
03000709
000d0202
08030016
00000007
03000921
00120009
00000011
0a1d000b
00000c13
000f0500
030f0035
090e030a
00001e19
000c0005
091e003a
06000109
00001f05
001a0424
0b220000
241d0012
05081913
01240824
00170000
2e530e11
04081217
020b0d13
1e0c0018
0f01040b
0d0c1f47
000d0200
1b180043
08000508
00002002
000d0000
0a120043
07000001
00002003
000d0000
0d1b0043
03000003
00001e05
00000f2e
0a490000
05060105
0f070305
05160413
0d07002a
15150502
0c002616
000f0000
17150048
05000000
00002003
000f0000
11100046
04000000
00002003
000f0000
0b1c0041
10000001
00001902
00040008
04100012
11010000
04000b08
00030208
06050002
00000002
08000519
00070212
110e0001
07000407
09090024
00000217
02040000
0a0c0209
0709000a
05110a0c
0f0a0000
25050706
04120003
0300090f
02040000
31030000
09000709
051c050c
11090012
01040303
08020b21
0a07020a
1a1f0011
1d090000
0e06100b
0704090c
18130002
0f000000
0a000604
08321b0d
1f310000
063e0000
0c090f15
082e220f
1b350000
0d4b0000
11001018
05040708
040c0003
11350000
07000707
04070a08
0a110002
08020000
08010507
0306060e
0b1b0000
00020001
0c06051d
09021715
172c0000
1e000000
100c0919
0406070a
0d040000
15080000
08000b13
00070e1a
1f2e0000
00050000
180b002a
070e0b1a
0d030000
22080302
0d0f0c00
01090506
07040004
03020000
07000514
01050307
02030004
04010000
03000505
01050207
02030004
04010000
03000605
01050107
02030004
03000000
03000605
01050207
02030004
03000000
03000605
01050107
02030004
03000000
03000705
01050107
02020005
02000000
04000706
02050107
02030005
03010000
04000705
02060205
02030006
02020000
03000706
02060206
02030006
03000000
03000706
02060205
01050008
04010000
03000806
02060205
02030008
02000000
03000706
02060105
02030008
03000000
03000805
03060105
01040008
03000000
03000806
02060105
01030008
02010000
03000806
03060205
01020008
02000000
03000806
03070204
0102000b
03010000
03000906
03070203
0103000b
03000000
03000905
03070103
0103000c
02000000
02000907
03070203
0203000b
02000000
03000906
04070402
0003000a
01010002
0b000737
01060503
0208000c
44010000
02001606
01060206
0204000a
01000000
03000606
01060205
03020007
01010000
03000706
01060205
02050009
01000000
03000707
01060304
03040008
02000000
03000706
01060204
02040009
02000000
03000706
01060204
02040009
02000000
02000705
01060204
02040009
01000000
03000706
01050305
02030006
02000000
03000506
01060304
03030009
02000000
02000706
01060204
03050009
02000000
03000606
00050205
02040008
02000000
02000605
00050205
02040007
02000000
02000605
00050206
03040006
02010000
03000606
01050305
03030006
01010000
03000506
00050305
03040006
01000000
03000507
01050305
03030006
02010002
0400060d
00060807
0b0b0007
08000002
0401070a
00100309
0a080004
0005010a
070b022c
00030408
0a080007
0110070a
01070213
00030306
08080006
07010708
00060204
00020906
0e0d0007
0d000807
00040300
05091803
1e350012
20000b04
07021100
02050906
1b14000d
1c000000
08001106
00050307
04030003
00010001
0400030a
00050306
04040005
03000000
03000505
00040306
03040005
04000000
03000504
00050306
03040005
03010000
03000605
01050206
03030005
04000000
03000605
01050206
02040005
06000000
03000602
01050206
03030005
03010000
04000706
01050306
03040005
01010000
04000607
01050206
02030005
02000000
03000606
01050206
02030005
02000000
03000606
01050107
02030004
02000000
03000606
01050206
03050005
01000000
04000507
01140d09
13200003
00040102
0a0b0322
02180b06
1e190004
0d0c0101
09010805
03060906
231b0004
09150000
0c02040e
01050e1c
29320000
04000003
13040119
00070d22
1a2c0000
060f0609
11090216
00030022
030a0000
190c0306
09040700
0003020d
06040000
1c030001
04000e05
0004020a
03050001
06010000
03000602
00040208
03040004
05010000
03000603
00050206
02040005
04000000
03000605
00050206
03040005
03000000
03000605
01050306
03040005
02000000
04000605
00050106
03030004
02000000
04000606
00050206
02030006
00010003
06000823
000c0000
1305001c
07010708
04051435
00080000
08090027
06000707
00001908
00080000
0507002c
07000706
00001d03
000c0f03
183e002d
20000f09
0000140a
00080600
191c001f
19030305
0802190a
000d0107
11080010
25060002
03001100
01050207
02040004
05000000
03000702
01050207
02030005
04000000
03000705
02060205
02040007
03000000
03000705
02060206
02030006
03020000
03000605
02050106
01030005
02010000
04000706
02050207
02040004
02010000
04000606
02050207
02020004
03010000
04000705
02050107
02030004
02000000
04000706
02050207
01020004
01010000
04000606
02060207
01020004
02010000
04000607
02060207
01030004
02020000
04000707
02050207
02030004
01010000
04000607
02050107
02030005
01000000
04000707
01050107
02030005
01000000
04000706
01050207
02040004
01000000
04000607
01050207
02040006
00000000
04000707
00050205
03020008
00000000
03000708
00060204
0303000a
01000000
03000808
02100202
0a030015
00000002
02000a16
00060207
0c0e0011
0b060003
02000d19
00150100
07060042
030b0006
00001e0e
00120003
08140040
010d0009
02001b07
090e0c28
141d0000
29100009
0a121600
0e0b1921
27380000
00050009
1b0c0a26
00150517
2200001e
111b0008
1107222f
00140000
02000040
0320000c
00001b07
00150000
000b003b
020d0009
00001a04
00140005
01110038
040f020c
01001910
0004042b
18130013
0901060d
100e0117
00170916
0f00001b
0f050206
0300230f
00180000
00180038
0520030b
00001c09
000e0000
0017003b
0411010a
00001c07
000e0007
041d0034
17070007
00001200
00040208
03120007
0b0f0004
04000807
00020409
09080001
00000004
08000424
00070311
150f0001
10000806
0a0c011e
00030515
090b0000
0a040108
0706010d
02110c0c
05040006
2d110b09
000a070d
0102050e
03130002
2e150005
0901090a
05100513
180f0005
00030707
0b0a0528
04000a22
162c0000
16030006
130e0614
09021a1a
0d2a0000
25080000
0b0c0c00
000a0616
110e0000
00050004
1113012e
080a1512
1e1d0000
290b0200
070a1000
03050408
080d0001
02140000
0900040d
05110610
110f0000
090d0000
0c00080e
00020c19
1b290000
00080000
160d0120
08080b19
0c050000
1e0f0001
110b0004
05000b0b
13060000
170b0002
10000b25
000a081d
131b0000
060e0007
110e0029
070a1118
02080000
200a0001
060b0900
01060607
0b030004
03010000
07000512
01050307
02030003
04010000
03000405
01050307
02030004
04010000
03000605
01050207
02030004
03000000
03000605
01050207
01030004
03010000
03000605
01050206
02030004
03010000
03000705
01060206
02030005
02010000
03000705
02050206
02030005
03010000
03000605
02050206
02030005
02010000
04000606
02060306
02030006
03010000
03000705
02060206
01030007
03010000
04000706
02060205
01020007
02000000
03000805
02070105
01020008
03000000
03000905
02070104
01030009
02010000
03000906
03060206
02040008
02010000
04000706
03070205
01020007
03000000
04000905
03070104
0202000b
03010000
03000a06
03070102
0102000c
03000000
02000905
03080202
0104000c
02000000
03000906
04070203
0102000b
02010000
03000806
04070504
02040009
00010002
0b000737
01060403
0209000d
43010000
02001706
01060204
0204000a
01000000
03000706
01060205
02030008
02010000
03000706
01050205
02020008
01000000
03000707
01060205
02030008
02000000
02000706
01050305
02040008
01000000
03000606
01050305
02040007
02000000
03000605
01050304
02040008
01000000
03000606
01050305
03030007
02000000
03000506
01050304
02030009
02000000
02000705
00050205
02040008
02000000
02000606
00050205
02030007
02000000
02000605
01050205
02040007
02000000
02000606
01050205
03030007
02000000
03000606
01050305
02040006
01000000
03000506
00050305
03030007
01000000
02000506
00050306
02080007
02000001
03000507
000e0207
02030005
040e0002
03000608
00090d07
160f0004
00010206
090c022e
00040b05
140e0007
01000708
03040414
00050509
070c0008
0b05080b
00080206
00010308
080a0005
0705070a
00080205
00090306
0b090006
11000c07
00040501
02081206
0d2b0011
2b000903
07071000
00050306
04030004
00010001
0400040a
00050306
04040005
03000001
03000505
00050306
04050005
04000000
03000503
01050306
03040005
04000000
03000505
00050206
02030005
03010000
03000505
01050306
02040006
05000000
03000603
01050306
03030006
03000000
04000506
01050207
02030005
02000000
04000606
00050107
02030004
02000000
03000605
01050207
02030004
02000000
03000606
01050107
02030004
02000000
04000606
01050208
02040003
01010000
06000508
0009001a
140d0000
00040108
110d002f
00020627
05260000
0a100108
0a050103
000d0434
00290100
1c24000b
0a030600
00040039
00080100
1034000e
0e070422
0000002b
05040000
021b0307
13060019
00020022
0d040000
14050605
0b070504
0002060f
0a0b0000
19000000
06000c00
0003020a
04040000
06000001
04000502
00040308
04030003
06000000
03000602
00050306
03040005
04000000
03000605
00050206
03030005
04000000
03000604
00050107
02030004
02000000
03000605
00050107
02030004
02000000
03000606
00050306
03040006
00000004
06000724
000e0002
1101001c
07050709
05051537
00070000
070a0028
07000707
00001a07
000c0000
0611002d
15000709
00001a03
00190007
000f0027
252c030c
00001905
01190000
1314001d
161f0a0c
00011022
00060106
020e000f
280a0001
02001302
01050207
02030005
06000000
03000603
02050206
02040005
04000000
03000604
01060206
01030006
03010000
03000704
02050107
02020005
03020000
04000705
02050107
02030004
02010000
04000705
01050107
02020004
02010000
04000706
02050206
02030004
03010000
04000605
02050208
02030003
02000000
04000606
02050207
02020005
02010000
04000706
02050207
02030003
02010000
04000606
02050107
01030004
02010000
04000706
02050207
02030004
01010000
04000707
02050107
02040004
02000000
04000706
01060207
02030004
01010000
04000707
01050207
03030004
00000000
04000607
01050206
03020006
01010000
04000707
01060204
03030009
00000000
03000708
00060104
0304000b
00000000
02000809
000f0201
0a000018
00000002
02000c16
01060705
0d100012
06000003
01000d15
000e0200
0a080043
0f000002
00002105
000e0001
09180041
03000009
03001a0e
091e1027
08260000
19100405
0c0e1a00
0214062b
0b070000
0b2f0009
120e171f
020d0c10
15090029
20340208
070d2635
000f0000
02090042
02000002
00001c03
000f0000
0309003f
02000002
00001a05
000f0000
0e12003d
00000001
00001a0e
00180011
1a190033
00130409
080a0e15
02080509
07000027
19020102
00002000
00100000
0408003c
0a060007
00001c05
00140000
000a003b
020e000a
00001a05
00170004
0015002b
0e0e0009
00000e01
00050207
05070006
01000000
04000507
0000060a
0b090000
00000005
09030324
000a0012
0d070000
0f080609
060b001a
00000814
0b0d0000
060a0108
0606010a
06130808
0b0c0005
30040703
00080f00
0102040d
030c0000
0e1a0003
0901010b
0019041c
0f0d0000
000e0007
120f0023
00000528
081a0000
081a0006
1210000a
09050d1e
00080000
27110004
070d0602
00092213
2d420000
00020301
190a0643
06131110
0b120000
350f0b06
010d1200
0204050d
08050004
00020004
0a00041a
00000e1e
25210000
0400000c
17070020
0100061f
1d0d0000
0a020009
170f000d
02161015
10080000
0c060005
0a070107
0405150d
071a0000
18110000
0e000509
0007021b
0a050000
060a0007
100d0024
01040a16
00000000
1c180006
03040704
01050406
03030004
03000000
03000505
01050307
02040003
04010000
03000504
01050306
02030004
03010000
03000605
01050107
02030004
03000000
03000605
01050207
02030004
03000000
04000606
01050207
02030004
03010000
03000704
01050107
02030004
02010000
04000706
02050207
02040005
03000000
04000705
02060306
02030005
03010000
04000706
02060206
02030006
03010000
03000606
02060206
02030006
03000000
04000606
02060205
01010008
02010000
03000905
02070005
01030009
03000000
03000905
02060105
01040009
02000000
03000806
03070106
01030008
02010000
04000705
03060205
01010008
03010000
03000905
03070104
0103000b
02010000
03000a05
03070102
0103000c
02000000
02000906
03070103
0104000c
03000000
03000906
03070303
0103000a
02000000
03000807
03070404
02030008
00000002
0b000636
01070403
0209000c
44000000
02001706
02060204
0204000a
01000000
02000706
01060105
02030009
02010000
03000806
01060204
03030009
01000000
03000706
01060205
03040008
01000000
03000607
01050205
03050007
02000000
03000506
01050305
03030006
02010000
03000505
01060305
02030007
02000000
03000506
01050304
03030008
02000000
02000606
01050205
02040008
02000000
02000605
00050205
02030008
02000000
02000605
01050205
02030007
02000000
02000605
01050205
02040007
02000000
03000606
00050205
02030007
02010000
03000606
01050405
02030007
01000000
03000506
00050305
02030008
02000000
02000506
00050206
02040006
02010000
03000606
01040406
05040005
01010000
09000410
000b0e06
24150005
00000308
090c002d
00040608
06120006
0504050a
00060308
00070807
0a1a0009
09080a09
00050605
000d000b
09010005
0d10070c
05030809
00030307
0f0a0007
050b060c
00060312
040f0606
0711000e
2e000d04
00071100
00040406
11050006
05010001
0600050b
00040406
04050004
03000001
03000406
00050306
04040005
05000001
02000503
01040306
03050005
05000000
03000503
00040306
03030004
04000000
03000605
01050207
02050005
05000000
03000604
01050306
02030005
04010000
03000606
01050207
02030005
02000000
03000606
00050107
02030004
02000000
03000605
01050207
02030004
02000000
04000606
01040207
02040003
02010000
04000506
01040309
04040003
01010002
0500050d
00040420
12110000
0007020b
12100022
00000030
06070000
0f060206
10070000
02030038
12050100
240e0004
15060800
0002003c
170b0600
1214000a
20010a30
0000002f
0d000000
0021010c
120c0037
0000001c
08050000
0f070607
0907030b
00010413
04090000
1a030103
03010a00
0003010b
04040001
07000001
03000602
00040208
03050003
06000000
03000601
00040207
03050005
05000000
03000604
01050306
03040005
04000000
03000604
00050206
03040005
03000000
03000605
00050207
02030004
02000000
03000606
00050306
03050006
00010004
0500061e
000b0005
09010018
000d050b
05021134
00070000
050b0029
08000707
00001a05
00160000
050f002b
2a000d06
00001903
000a0108
00110017
2a130009
0600191c
001d0109
000d000e
1830060b
03000927
01050107
0314000b
1a1e0005
02000e01
01050207
01040005
06000000
03000703
01050207
02030005
04010000
03000604
02050107
01030004
03010000
03000705
01060206
02040005
03000000
04000705
02050107
01030004
02010000
04000706
01050107
02020004
02000000
04000706
02050107
01030004
03010000
04000605
02050207
02030004
02010000
04000606
02060206
02020006
02000000
04000706
02060207
02030005
02000000
04000606
02050207
02030004
02000000
04000606
01050207
03020004
01010000
05000708
02060208
01030003
02020000
04000606
01050107
02030004
01010000
04000707
01050206
02030004
01000000
04000607
01050306
02030005
01000000
04000607
01050205
03040009
01000000
03000708
00050104
0303000a
00000000
0300070b
000f0401
09030017
00000002
01000b15
00100303
09130013
00000003
00001019
000e0100
04080040
0f070002
00002004
000f000b
0f2c003b
04000005
09021707
0a10081e
151f0000
29060600
110a1600
05251918
353b0000
012f0003
16000b27
04190204
21000031
1c1c0407
09002536
000e0000
03090041
02000002
00001b04
000e0000
0610003f
03000003
00001a05
01180000
010c0033
070c000a
00001d0f
000e000a
0723002f
0022090d
030e0e27
030a0d05
10050029
1a010905
00001e04
04191100
2324003f
11000900
00002200
031c0e00
2426003d
090c0500
00002103
00160906
192c0027
0d0c0000
08000f0a
00040208
05060005
01000001
05000509
0001060b
0d080000
00000005
09070221
00070612
0d140000
08000606
060d000d
0003061d
0a0d0000
0b040207
0a0a0007
070c0417
03090000
300f0403
020c0f00
0203050c
02040000
03030000
0900010b
000c0616
1100000c
00010008
0d0c0a1d
00000c26
02020000
08110008
0d110003
02090b1a
00030000
1d0f0009
05080702
0222001d
00000000
0a360018
0d050925
061a0718
0e120000
182e0011
03050810
0704120d
1a220000
01000000
0e0a0011
05150a13
08110000
13280007
0e050213
0001081c
0c0b0000
0c1e0007
11110017
01071213
09140000
03100006
0a0b001b
0505120f
13200000
1d070305
0c0d0f00
050f031c
0c0d0000
13040105
0e0f0020
0008070e
0d020001
1e140003
0900131a
01050307
02030004
04010000
03000505
01050307
02040004
03010000
03000504
01050207
02040004
03010000
04000606
01050307
02030004
03000000
03000605
01050207
02030004
03010000
03000606
01050207
02030004
03010000
03000604
01050107
02020004
02000000
04000706
01050207
02020005
02000000
04000706
02060206
02040006
03000000
03000705
02060106
02030006
03020000
03000706
02060206
02040006
02020000
04000806
02060205
01030008
02010000
03000906
03060205
01050009
03000000
03000905
03070105
01030009
02010000
03000906
02070205
02030009
02000000
04000806
03060205
02020008
03000000
03000905
03070004
0103000b
03010000
03000a06
03070102
0103000c
02010000
03000a07
04070203
0103000b
03000000
03000906
03070303
0102000a
02000000
03000807
03070404
01020009
00000003
0b000636
02060503
020a000c
43010000
02001706
02060303
0204000a
01000000
02000606
01060204
0303000a
02000000
03000706
01060204
02040009
01010000
03000707
00050104
02030009
02000000
03000807
01060204
03040009
02010000
03000607
01060305
03040007
03000000
03000505
01050305
02020007
01000000
03000506
01060304
02030008
02000000
02000606
01050204
02030008
02000000
02000606
01050205
02040007
02000000
03000606
01050305
02040007
02000000
03000606
00050206
03030007
03010000
03000605
01050205
03040006
02010000
03000606
01050305
02030007
01000000
03000506
00050305
03040008
01000000
02000506
00050306
03050006
02000000
03000506
00040507
08060004
00010004
09000322
000e1a09
16240007
0c080a0c
0a0e042e
00060c08
0e210008
0205090d
040a0510
00030208
06060004
07030a09
00050204
00020f08
101b000a
09020908
02050203
00030407
11080006
06000908
06050406
01081304
0f290014
23010d07
00050701
00040307
130d0008
26000001
08000e0a
00050306
04040005
04010002
03000408
00040306
03030005
05000001
02000503
00040306
04050005
05000000
02000503
00040306
03040005
05000000
03000604
01050206
03040005
05000000
03000605
01050306
02040005
05000000
03000606
01050207
02030005
02010000
03000606
01050207
02030004
02000000
03000605
01050207
02030004
02010000
04000606
01040307
02030002
02000000
04000406
01040308
03060003
02000000
06000407
00060120
14090000
00090208
1210002c
0000002b
0f050000
0a020506
0f070003
0000072c
1e0a0000
12000703
13070105
02001627
372d0000
16000d00
22080906
00000028
33040000
02040605
2008032f
0000001f
06040000
0a070406
0b05030b
00020113
04070000
18040303
02030b00
0003010b
03040000
07010001
03000601
00040209
03040002
06000001
03000602
00050208
02040003
05000000
03000604
00050206
03040005
04000000
03000604
00050206
03030005
03000000
03000604
00050207
04030005
02000000
03000606
00050207
03070006
01000002
0400060e
000d0007
07000014
0011030a
0602092e
00080000
050a0029
09000606
00001a06
00160000
060d0027
27000e06
00001903
00060207
081e0017
27000000
0700130c
01060a07
13180006
00010000
0708040e
02050306
11050005
14020000
06000902
01050306
03040005
06000000
03000603
01050206
02020005
04000000
03000604
01050207
02030005
03000000
04000705
01050107
02020004
03000000
04000704
01050107
02030004
02000000
04000706
02050107
01030004
02000000
04000706
02060306
02040005
03010000
04000705
02050306
02030004
01000000
04000606
02050306
02020005
03010000
04000706
02050206
02030005
02010000
04000607
02060206
02020005
02010000
04000707
02050207
02040005
02010000
04000707
01050107
02020004
02000000
04000706
01060107
02030004
01000000
04000707
01050206
02030005
01010000
04000607
01050206
02030005
00010000
04000607
01050206
03030007
00010000
03000708
00050204
03030009
00000000
04000710
000c0600
0e060013
00000001
02000919
000b0206
0912001a
07000002
0000190d
000e0000
04060040
08020002
00001d04
000b0011
17260033
0000020a
060a1213
00111723
091b0000
22320517
07020f12
00081428
153e0000
12270115
140e1015
000e0900
0b01003a
0e140002
0000220b
050e0700
021b003f
03000002
00021807
0a091a00
001c002b
03000005
0010000b
0d081d00
0518001c
0c000006
000f0706
00100a0c
181e0015
0000050b
08060923
00130003
00000039
110d020a
00002509
00160000
00060044
080e020b
00002205
00120000
05110041
11060206
00001e01
000f0008
000d001c
16100003
01000f05
00040208
05040004
01000001
0500050d
00010609
0f090002
00000006
090a0021
00060617
0c130000
0e070408
070e000d
0002051d
07090000
0c0f0108
080b0006
0609091b
04090000
320d0505
020e1000
0203050d
04040000
01020000
0800010b
01140806
11000019
00020403
0401111c
010e001b
16380003
150e0007
11030a13
0b070a1b
1b2a0000
0d140003
130b0523
0801210b
28300005
04000004
0d040315
06001d19
27380003
0908000a
150e0005
0405121a
141c0000
0f050000
14110019
02000b15
110b0000
1a020002
11050114
01081319
151b0000
000b0002
110f001c
0201131d
1a1c0000
19010502
120c030c
07171610
0a250003
131e0105
080d0a09
050f0419
1a0a0000
03180403
11110a1c
01070a0a
0d080002
26000000
09001211
01050307
02030004
04010000
03000505
01050207
02040005
04010000
03000604
01040207
02040004
02010000
04000506
01050207
02020004
03000000
03000605
01050206
02030005
04010000
03000604
01050107
02030004
03000000
03000704
01050107
02020004
02010000
04000706
01050107
02030004
02000000
04000706
02060206
01030005
03010000
04000605
02050207
02040005
03010000
04000705
02050206
01030005
03000000
04000705
02060205
02030007
02000000
03000705
02060206
02030007
03000000
03000705
03060206
01020008
02000000
03000905
02070105
01040009
02010000
03000906
03070105
01030007
03010000
03000806
03060204
0203000a
03000000
03000905
03070203
0103000b
02000000
03000906
03070203
0104000b
03000000
03000906
04070303
0104000a
02000000
03000706
03070403
01040009
01000002
0b000637
01060503
0208000b
42010000
02001605
01060205
0203000a
01000000
02000706
01060204
0204000a
02010000
02000806
01060104
0304000a
01010000
03000807
01060104
0304000a
02000000
02000807
01060204
03040009
02000000
03000607
01060305
03040008
03000000
03000505
01050305
03020007
02000000
03000506
01050205
02040008
02000000
02000606
01050205
02040008
02000000
02000605
00050206
03040007
02010000
03000705
00060205
02040007
02020000
03000707
01060305
02040007
03010000
02000506
00050206
02040006
02010000
03000506
00050206
03040006
01010000
03000507
00050305
03040007
02000000
03000506
00050206
02030006
02000000
03000507
00030608
04070004
00010004
09000223
00100f08
1321000d
030d0907
090c0d25
00090308
18060004
0518080a
0a070121
00010207
07070005
04000808
00050103
00010207
07070005
05000708
00050103
00020307
07080005
06000808
00050104
01110207
06080008
25020a07
00060700
00040308
01090007
2a050002
0300100b
00050306
04040004
03010002
03000409
00040306
03050005
05000001
02000404
00050306
03040005
06000000
02000502
00040206
03040005
04000000
03000604
01060206
03030005
04000000
03000604
01050206
01030005
06010000
03000705
01050206
02020006
01000000
03000606
01050207
02030005
02010000
03000606
01050207
02040004
02010000
04000606
01050308
02030003
01010000
04000506
00050207
02030004
01010000
04000507
0007001d
10060000
00010009
100f002b
00000020
07040000
03050407
0a060006
0000001e
08060000
05050407
0a050105
00000021
0a0b0000
0c040707
09080007
00000029
05090000
0d080106
0d050204
00000021
0c010000
02090307
0b05040a
00040114
07050000
19040403
03030b00
0003020c
03050000
07010002
03000501
00040208
03030002
07010001
03000602
00040208
02040003
05010000
03000604
00050207
02030004
04010000
03000604
00050206
02040005
03000000
03000605
00050306
03040005
02010000
03000506
00060208
03070005
04000000
04000506
000e010a
12030009
00080308
09040737
00080000
050f0029
09020607
00001b03
01130005
02170024
1f060b06
00001704
0004030a
021a000e
28050001
03001205
0215110b
16230005
00030706
09140320
00050408
06040004
2e010000
04001002
01050206
02040005
07000000
03000602
01050206
02040005
04000000
03000604
01050206
02030005
03000000
03000704
02050206
02040005
04000000
04000704
01060207
02020004
03010000
04000706
01050107
01020004
02000000
04000606
02050207
02030004
02010000
04000606
02060207
02040004
02000000
04000606
02050206
02030004
03010000
04000605
02060207
02030005
02020000
04000707
02050206
03030005
01010000
04000606
02050206
02030005
02000000
04000707
01050107
02020005
02000000
04000706
01060107
02020004
01000000
04000707
01050206
02030005
01000000
04000707
01050206
02030005
00000000
04000608
01060205
03030009
00000000
03000708
00050204
0303000a
00010002
04000714
00060506
10100010
00000107
04020423
00080209
09070021
0b010003
00001e01
000e0000
04060042
03000002
00001e06
04130023
0819002e
07030407
0a080a0a
070f1323
15360000
23120001
13020e02
05221b24
1b550000
002c0000
1e02172a
010c0700
06170039
100d0004
00002306
07091c00
031e002a
02000006
00160008
08052400
030b0008
03000006
01190006
09052600
04090004
08000006
01190005
020e2204
1108000e
00120408
020a0114
00100000
020c003e
1d0c0006
0000240e
00100000
08090048
06000002
00002404
00150000
06130048
10000203
00002302
00040208
051c001c
11000001
04000b07
00030209
04040002
01000002
06000411
00040507
0f070006
00000306
0709001f
00060416
090b0000
0d040508
050d0001
0105061b
0b0d0000
1c030405
0a0e0005
04100717
00010000
2d1f0003
02000b00
0204050c
02030000
02020000
0700020a
0011060b
0507000c
00090005
07001021
000b1424
1d35001c
1114020a
10050b1a
00050130
120c0000
0917030e
200f0913
0014001f
00000000
20240008
09010f15
0016121b
10290000
04240006
140f001f
01010c1a
0d040000
05070205
0f0f0012
0000131a
16190000
10000105
140e000b
00050921
120b0000
0e110009
0f110013
03170b1a
0f0d0000
2813000e
09100d06
05130c14
0a070000
001a0208
0c0e0720
04110d17
221a0000
060f0c08
0c12051b
0005050a
02040003
30020001
03001104
00050207
02040005
03010000
03000605
01050307
02030004
04010000
03000504
01050207
02030004
03010000
03000606
01050207
02020004
03020000
03000605
01050207
02030004
04010000
03000705
01050207
02030004
03010000
03000604
01050107
02020004
02000000
04000706
01050107
02020004
02000000
04000706
02060207
02030004
03000000
04000605
01060107
01020004
03010000
04000706
02060206
02020006
02000000
03000706
02060205
02030007
03000000
03000705
02060205
01020008
03010000
03000904
02070104
01020009
02010000
03000906
02070005
01040009
02000000
03000806
02070105
01010009
03000000
03000906
03070104
0102000a
03000000
03000905
03070103
0102000c
02010000
03000a07
03070204
0104000b
02000000
03000806
04060304
01030008
02010000
03000706
03060404
01020008
01000002
0b000736
01060403
0208000c
43000000
02001605
01060104
0303000b
01000000
02000707
01060204
0204000a
02000000
02000805
01060105
0305000a
01000000
03000708
01060205
02050008
01000000
03000707
00060205
02030008
02010000
03000607
01050205
02030008
02000000
02000605
01050305
03040007
02000000
02000606
01050205
02030007
02000000
02000605
00050205
02030008
02000000
02000705
00060207
0304000a
0b010002
02000806
00070206
00050007
05090003
02000910
01050305
02030006
02000000
03000506
00040305
04030007
02000000
03000607
00050205
04030008
02000000
03000606
01050305
02030007
02010000
03000506
00050305
04030007
01000000
03000507
00030409
04070004
00010004
09000123
000b080e
10110006
0f03050d
0610012b
0002030c
0c090005
04130714
0308010d
00010208
060a0004
0406070a
00070106
0001020c
050d0003
0a07070a
00060303
00020207
050a0004
050e080c
0008010b
040d0207
09060006
23020e08
00040800
00011706
18300013
21000400
08020f06
00050406
05040004
02000002
03000309
00050306
04040006
04010001
02000504
00050306
03040006
05000001
02000502
00050306
03040005
05000000
03000602
01060107
02030004
04000000
03000603
01050206
02040005
06000000
03000705
01050207
01040005
02010000
03000606
01050107
02030005
02010000
03000606
01050207
02040004
02000000
04000506
01050207
02030004
02010000
04000606
00050207
02040004
00010000
04000507
0004011b
120a0000
0000000a
0f100029
00000021
08050000
05070209
0b070007
00000022
09060000
05050407
0c090105
00000026
0b070000
0b060409
0a070105
0000002f
050c0000
0c060008
0e060208
0000021f
09060000
09070509
0b05040d
00040017
03090000
1a100509
02070c00
0003010c
02030000
07020002
03000502
00040209
02040003
07010001
03000602
00040208
02040002
05010000
03000604
00050207
02030004
05010000
03000603
00050206
02030005
04010000
03000605
00050206
02030004
02020000
03000607
00050207
03030005
03010000
03000506
000d030f
12060002
00000307
09090432
0007000d
01120015
0c060407
00001802
000d0013
1016000b
13080b08
02010f06
0303001e
0d2a0000
2a020102
0a001000
0314050f
1b170000
080a0808
0b150625
0005030a
02090005
30140008
02001203
01050207
02040005
07000000
03000602
01050207
02030004
04000000
03000604
01060207
02030004
04010000
03000704
02050107
01030004
03010000
04000605
02050207
02030004
03010000
04000706
02050107
02020004
02010000
04000706
01050107
02020004
02000000
04000706
02050207
01030004
02010000
04000606
02060207
01030003
03010000
04000704
02050207
02030004
01010000
04000708
01060207
02030005
02010000
04000706
02060107
01020005
02000000
04000706
02050207
02030005
02000000
04000705
01050107
03030005
00000000
04000707
01050206
02040005
01000000
04000608
01050207
02030004
00000000
04000608
00050205
03020009
00000000
03000807
00060104
0404000a
00000001
05000914
000c0407
0b070011
00060006
0402051d
0008030b
02040022
090c0004
00001f04
000d0000
04080041
01000003
00001d05
000f0021
0c09003b
03000009
09031705
0008002f
1800001c
0008020a
0e050c10
00010a2e
1700001e
0d08090a
0d091311
040b1100
101d002c
12000703
03091404
07092300
1f130010
08000006
0419000b
06032400
0f080009
0b040009
05190015
08072d00
1c21000c
0f000208
041b0011
09142004
11090005
0a000608
040f0012
05201100
0d2a0025
1f0a0006
0000221d
00100000
04160045
021f000a
00002220
00110000
0a1c0045
0e000203
00002103
00030208
03150014
16020001
03000a07
00030209
06050002
00000002
06000414
00080408
0c01000e
00000507
0604051f
00030813
08170001
06050609
050d0005
050c0818
08060000
1d080606
0a100000
0303070e
00000000
31040000
04000a04
0203050a
02030000
02020000
07000107
01030a0c
0301000a
00030000
0800121f
00160200
0d190031
14030505
00001324
041c0710
05240012
15060003
0804060b
02001216
162d0000
0a1a0002
110b001d
0002051c
1c0a0000
0d060004
150e001f
00020b19
11070000
01080008
0c0f0016
0004091b
05100000
16110407
0b0e0000
000f1618
101a0000
000f0006
0f0f0014
07090f1a
0c150000
25110504
0b0c0400
00060716
23150000
03050004
1406051e
02160517
0b140000
1b0b0208
0c051511
0004040b
030e0003
1624000a
03000909
00050207
02030004
04010000
03000604
01050306
02030004
03020000
03000505
01050207
02030004
03010000
03000605
01050107
02030004
03000000
03000605
01050107
02030004
04000000
03000705
01050206
02040005
03000000
03000605
01050207
02030004
03000000
04000706
01050107
02020004
02000000
04000706
01050107
02030004
03000000
04000706
01050107
02030005
03000000
04000705
02060206
01030006
02010000
04000806
02070204
01020009
03010000
03000806
02070105
02030009
03010000
03000904
02060104
03030009
02000000
03000906
02070105
02020009
02000000
03000906
03070204
02020009
03000000
03000906
03070105
01030009
03000000
03000a05
03070103
0102000c
02000000
03000a06
03070303
0104000b
02000000
03000806
03070204
01020009
02000000
03000706
03060404
01020008
01000003
0b000736
01060402
0208000c
43010000
02001607
01060203
0304000c
03000000
02000806
01060104
0205000b
02000000
02000807
01060205
03040008
01000000
03000607
01050205
02030009
02010000
02000706
00060104
03040009
02000000
02000706
01050205
02030007
02000000
02000606
00050205
02030008
03000000
02000705
00050205
03030008
02010000
03000706
01070207
01030009
0f010001
02000b05
020f0005
0002000c
0d0d0002
00000e06
00080405
0907000b
00100001
06000615
00050206
02030007
02010000
03000506
00050306
02040007
02010000
03000607
00050105
02030008
02010000
02000706
00050305
02040007
02000000
02000506
00050205
02040007
01010000
02000507
00040408
02050006
00010009
09000423
02140c10
0f230003
1c0d080a
08150a15
000a0016
05030000
002f000f
0f080020
0001001f
00110000
0f13030d
0509040e
00030023
00150000
101f020c
0709070a
0003030c
07080003
0312080a
0609011d
00020108
07070006
08010808
00040501
010e0207
060b0009
27030a05
00060d00
00050406
03030003
01020002
03000308
00050406
04040006
04000001
02000504
00050206
03040005
05000001
02000502
00050206
03030005
05000000
02000603
01050306
03030005
04000000
03000604
01050306
02050005
06000000
03000603
01050207
02030004
02010000
04000606
01050107
03030004
02010000
04000606
01050207
02030003
02010000
04000506
01050207
02030004
02000000
03000606
00050207
02030004
00020000
04000607
000b0219
01090002
00070008
0e060126
00000121
0b060000
1217030e
0b0d021f
00150022
06000000
15200010
05051202
00100021
1e000000
09300012
08060510
00000029
1e000000
0411000a
0e08050e
0007021b
11120000
0e040a0b
080a0800
00070317
15090000
1a160406
0a080c0f
0003010c
07030000
09010001
04000602
0004010b
03040000
07010001
03000601
00050208
03030003
06010000
03000704
00050107
01030004
04010000
03000604
00050107
02030004
04000000
03000604
00050206
02030004
02010000
03000607
00050206
03030004
01010000
03000507
000d030c
16010009
00000609
0809052f
0003000f
0f030018
0b000708
01001103
000c0011
0d0e0012
18030a08
07020e06
00160e17
0e2a0003
1b140008
0b011111
00201817
022b0003
0e240307
0c011410
01041105
16200016
1c250003
0506100c
01050207
01040005
06010000
02000702
01050206
01030005
04000000
03000604
01050206
02030005
04010000
03000704
01050207
02040004
03010000
04000604
02050207
02030003
02010000
04000606
02050207
02030004
02000000
04000706
01050107
02030004
02000000
04000706
02050107
01030004
03000000
04000706
02050307
01040003
03010000
04000606
02050307
02020004
02000000
04000607
02050207
02030004
02010000
04000606
02050207
02040004
01010000
04000607
02050207
01030004
02010000
04000706
01050107
02030005
01000000
04000707
01050207
03030004
00000000
04000607
01050207
03030005
01000000
04000708
00060204
02040009
00000000
02000808
00050304
0302000e
00000001
02000c13
000c0009
0a090018
02020006
0200091a
000a030a
02030026
090b0005
0000200c
000e0000
04060041
01000002
00001d05
000f0000
0515003e
02000003
00001b05
030f0000
131d0039
00000007
00001709
00130000
0d090039
0710000b
00001a0b
00111300
0016002c
070e010b
00110011
050b2900
10250012
16110710
011a001b
071b2300
0c1a0009
0e08000b
05180014
07101800
120c000a
0c1c0010
02140004
00091e05
1009000f
0414000c
01140013
010e1402
0f24002d
200b030a
00001900
00190a00
0a280034
04150004
02001f25
00140002
00170037
1618020a
00001907
00030209
0317000d
13170005
04000b06
00020409
09070001
00010003
06000419
00080403
0d0d0012
03000605
0302071d
00060212
0b150002
03040507
0609000b
060f0c0e
0f100000
2c060807
03100002
0304090a
02050000
33040000
06000a06
0204050a
02030000
02020000
06000207
02060d0a
05130008
00010001
07000518
0316000c
02180010
08170007
06030d07
04040613
18170000
04190004
1108000d
00050b1e
1a160000
00000003
140f001e
00000c1e
09030000
09080004
0d0c000d
01071416
17140000
1e000705
0c0e000e
0002091c
070b0000
1411000a
0b0c0012
0004031b
06000000
0a0d0008
0b090011
00051616
151a0000
060f0004
0c0d0815
00051b1c
25280000
0e09060e
180e0218
05080916
1b080001
23000605
09081000
00070208
09020004
04010000
0800050b
00050206
02040005
03010000
03000605
01050206
02030005
03000000
03000605
01050207
02030004
03010000
03000605
01050107
02030004
03000000
03000605
01050107
02030004
04000000
04000705
01050107
02020004
02000000
03000605
01050207
02040005
03000000
04000705
01050107
03030004
02000000
04000706
01060207
02030004
02010000
04000706
02050107
02030005
03000000
04000704
02050206
02020006
02000000
04000706
02060204
02030008
03000000
03000805
02060104
02030009
02000000
03000905
02070104
0203000a
02000000
03000905
02060105
01030008
02010000
03000906
03070104
0103000a
03000000
03000904
02070105
0103000a
02010000
03000905
03070103
0103000b
02010000
03000906
03070203
0103000b
03000000
03000806
03070303
0202000a
02000000
03000706
03060404
02020009
02000002
0b000736
01060403
0209000c
42010000
02001607
01070203
0204000b
03010000
02000906
01060104
0304000b
01010000
03000808
01050205
02030008
02000000
03000606
01060304
03040008
01000000
03000607
00050204
02040008
02000000
02000706
01050205
03040008
02000000
02000605
01050204
02040008
02010000
02000605
00060205
02040008
03000001
03000705
040f0306
0008000f
13060000
01001000
03080302
0306000d
03100000
04000a0f
01080405
070a000b
00000000
06000512
00050206
02030007
01010000
03000607
00050206
03040006
02010000
03000607
00050205
02040007
03010000
03000606
00050305
03040006
02000000
03000407
00050307
03030005
01010000
03000506
0004020a
06100004
00020001
0a000417
0123180c
1d200002
111f0804
0d0e0024
00010c1e
1e140000
05000507
1215001b
0008002c
12100000
11190506
11060300
00000a2a
0e0f0000
070c0304
11070912
0006060d
10000000
090a0809
090a0523
00030208
06080005
080f080b
0007040c
020d0308
060c000b
27020b04
00050e00
00040407
0d040005
03020002
05000309
00040406
04040005
05000001
02000404
00040306
03040006
05000001
02000502
00040306
03050005
06000000
02000502
01050206
03040005
05000000
03000503
01050206
03040005
05000000
03000602
01050207
03030004
02000000
04000607
01050207
03030004
02000000
04000606
01050307
04040004
02000000
04000506
01050306
03040005
02000000
04000605
00050207
03030004
01000000
04000607
00050211
05040003
01020004
0b00041d
00171117
191a0000
1b0b0609
0f0f0f2d
02141310
2c260009
181a0300
0c030a1a
00071315
2b210001
14130715
0d09082d
000d0918
0b230000
15220612
0f030d06
00140517
101c0000
001b0304
0e060014
00060417
150b0000
19000703
0c050905
0004010b
06040000
14010001
04000a01
0004030a
03040002
07010001
03000702
00050208
03040004
06010000
03000702
00050208
02030004
04010000
03000705
00050206
02040005
03000000
03000605
00060207
03040005
02010000
03000607
00050207
02040005
01020000
03000607
0010020b
02080005
0009000a
0602042b
000d0013
001d000e
0516000d
03000f07
031a0014
001f0008
1323010b
03030b0e
08190f17
062e0000
1c220005
0b091c00
00070c03
2517002b
00060000
04001327
00180006
210e0026
21060a00
0200130d
01050207
02050006
06000000
03000602
01050206
01030005
04000000
03000604
01050206
01030005
03000000
03000604
01050206
02030004
03000000
03000604
01050107
01020004
03010000
04000706
01050107
01030004
02010000
04000706
01050107
01030004
02010000
04000706
02060207
01020004
03010000
04000605
02050207
01030004
02010000
04000506
02050308
01040002
01020000
04000506
02050308
01030002
01020000
04000507
02050207
02020003
02010000
05000606
01050207
02020005
02010000
04000607
01050207
02040004
02010000
04000607
01050107
02030004
00010000
04000607
01050207
02030005
01010000
04000608
00050205
02030008
00000000
03000708
00050204
0302000f
00000001
02000c15
000d0007
0a0f0018
01000003
03000812
010a0306
0a00002a
09040002
00001f12
02100000
03140041
07000004
00001d05
000c0000
1c270034
00060106
06001729
04080d0e
172e0019
2001060d
010b0c0c
05100d02
17210031
1a1e0618
0005190b
02081900
0f1d0022
0b02000a
03180315
05181c00
0a0e000c
111a0008
01140001
02162100
0d12000c
0028000d
05130019
05132900
001d000d
0f24060c
00180011
04131900
01000020
090d0009
000a0a08
00150500
0c1d0039
08150104
00001610
000f0500
0e230038
18040005
00001b05
00210008
0d17001a
08160007
03001010
00040209
04070004
00060001
05000508
0000030c
0b0a0000
00000004
0902021e
00030111
10120000
03000506
07070116
00000316
07150000
0a020207
0607010a
0312060f
000d0000
3511050b
000f0d00
0304080b
030b0000
1d1c0006
07000508
02050808
0c030006
04000000
06000509
020c040a
07050003
00030000
08020210
00020714
080d0000
01070003
0d030017
0000191a
22200000
080a0507
130f0028
00020d1f
190a0000
0c050006
160e0006
00000f1a
0b070000
00070007
09090013
020a0b18
0f130000
2014070a
080f000c
01050e16
140e0000
14120005
0d12000e
00001116
120d0000
0d05000c
0d0b0829
010a140c
2224001c
1e050b0c
0a0d1700
00140014
13230015
110d060b
090b0f1f
000f040f
00080000
251e0007
0200110a
00050206
02030005
03010000
03000507
01050406
05060006
06000000
03000604
01050207
02030004
03000000
03000605
01050206
02030005
03010000
03000606
01050107
02030004
03010000
03000605
01050207
02040003
03000000
04000505
01050207
02020004
02000000
03000606
01050206
02030004
02000000
03000605
01050206
03040005
03000000
04000605
01050207
03030004
03000000
04000605
02050107
02030005
03000000
04000705
02060206
03020008
02000000
03000806
02060204
02030009
03000000
03000805
02060105
01030009
02000000
03000905
02060104
02050009
02000000
03000905
03070105
02040008
03000000
03000905
02070105
02030009
03010000
03000906
03070005
01030009
02000000
03000906
03070104
0103000a
02010000
03000907
03070303
0103000a
02000000
03000706
03070302
0102000b
01000000
03000706
03070402
0102000b
01000003
0b000736
01060304
0108000b
42000000
02001606
01060104
0104000b
01010000
02000807
01060205
0205000a
01000000
03000707
01050205
02030008
02000000
03000706
01060204
02030008
02010000
03000607
00060204
02030009
02010000
02000706
01050305
02040008
01010000
03000606
01050305
02040007
03000000
02000605
060c0206
02070009
0f010000
03000a06
040f0104
0803000f
14120000
0300120c
02060303
0709000f
00000000
0500090f
00060105
04030009
00010000
0500070d
00050205
02050006
01020000
03000509
00050206
02030006
02010000
03000507
00040206
02030006
03000000
03000506
00050305
02030006
02010000
03000507
00050306
02030005
02010000
03000406
00040307
050d0008
01020007
0600051d
001d0812
00100000
162b010c
070b001e
00100d1b
0d120000
0024050e
0c0e0022
0001002c
010d0000
0e17020c
0e0a0200
0002022c
0a010000
04110009
0e050320
00060a0b
0b130005
06030b07
04080511
00040408
0e060004
07010808
04070213
01060e06
0d220010
1e010c06
00050800
00040706
120c0006
1c000001
08010a09
00040506
09070006
05000001
03000404
00040506
08070005
07000000
03000502
00040306
06050005
06000000
03000502
00040306
06050006
05000000
03000603
01050306
05040006
06000000
03000603
01050207
03050004
03000000
04000506
01050306
03030005
02000000
04000607
01050307
03040004
02000000
04000506
00050307
03030004
02000000
03000605
00050207
03040004
02000000
04000507
0004030c
05080004
00000004
0b00041f
00110e14
0e1b0000
060e0206
0e0c0e28
020f0f11
12280008
27160907
07070919
041a0d0f
2e220007
23360009
0b07150a
00080220
2b1b0000
02260007
1406041e
00000020
03080000
0010040b
0d090718
0002001a
04070000
19060406
05050800
0003020c
02050000
17020002
03000b02
00040209
03040002
08010001
02000601
00040208
03050003
05010000
03000703
00050207
02050004
04000000
03000603
00050206
02050005
03010000
03000605
00040206
02030004
03010000
03000606
00050206
02030005
01010000
03000608
0008020c
07080003
00000004
07050314
000e001e
00050000
0710000a
0703050e
00070d1e
0d210000
0b1c0006
110a0310
000f121d
2a0f001e
02080503
0a061815
000c0500
2a070029
05000805
08001c17
00100005
06120026
22000803
00001300
01050207
02040007
07010000
02000702
01050207
01040004
04010000
03000604
01050207
01030004
04010000
03000704
01060207
01030004
03010000
03000705
01050107
01020004
03010000
04000706
01050107
01020004
02000000
04000706
02050107
01030004
03000000
04000706
02060206
02020004
03010000
04000706
02060207
02030004
02010000
04000606
02060207
02030003
02010000
05000606
02050207
02030003
01010000
05000508
02060207
02020003
02010000
04000706
01060107
01030005
02010000
04000707
01060107
02030005
02000000
04000707
01050107
02030004
00010000
04000608
01050206
03030005
00000000
04000608
01050206
03030007
00000000
03000708
00040303
04040010
00000001
02000c14
000e0005
0b0a0017
02000003
01000c11
000b0200
07000033
09010003
00001e0f
000d0100
1428003c
00000105
0000191f
0516120c
1c460028
15091007
0b09180e
0617180d
003d000f
1e220710
00121e16
02211d09
3920001a
1a350a04
100c0f35
02151500
07150021
17140408
020f0910
080b2400
051a000d
0a170009
0117000d
08142800
06120007
03090006
03190008
06072300
07010007
07020007
04180009
030b1e00
0a000033
0a000005
00051802
001d0000
0407003c
03070108
00001a16
000f0000
0709003b
14130005
00001e02
000f0706
0d23002c
09010003
08000b00
00030109
04040002
01020001
0400040a
0000040b
0d060000
00000006
08040121
00040410
11080000
0801090a
06070016
00040715
080e0000
0e080606
06090002
0516080d
08080000
310b0805
010d0b00
02030608
02040000
06050000
0600020c
030c0907
01060006
040b0000
0400060b
0203030c
0a0b0002
00050002
09070112
01030b1b
12180000
00040008
110c0016
0009051f
17080000
0f0c0009
1110001c
00070c1e
05130000
0920000b
0c0f001a
00020c17
110c0000
08000207
0b0d000a
00040a18
0e120000
120c020a
080d000f
03090d19
17090000
07000908
0d11000d
01111211
17160000
12000907
0e0d050f
001f130a
1137000f
182c000a
0d001d14
05160012
0429000f
22030606
03070b0c
00060a0a
09100003
24210007
0600110f
00040207
02050004
03010001
04000508
01090307
01050004
06070000
03000706
01050206
02030004
03000000
03000605
01050107
02030004
03000000
03000605
01050107
02030004
03000000
03000605
01050207
02030003
03000000
04000505
01050207
02020004
02010000
04000606
01050107
02020004
02000000
03000606
01050207
02030005
03000000
03000605
01050107
01030004
03010000
03000705
01050207
02040005
02000000
04000706
02060206
02030008
03010000
03000705
02060205
01040008
03010000
03000805
02060105
01030008
03000000
03000806
02070205
02030008
03000000
03000805
02070205
01020009
04010000
03000906
02070105
02030009
03010000
03000905
02060105
01020009
02000000
03000906
02070204
0203000a
02000000
03000906
03070303
0103000a
02010000
03000805
04070302
0103000b
02000000
03000806
04070402
0103000b
01000003
0b000736
01060404
0209000a
42000000
02001605
01060204
0304000a
01000000
03000807
00060105
03030009
01000000
03000707
01050205
02030008
02000000
03000606
00060204
03040009
02000000
03000707
00060204
02030009
02010000
02000705
00060205
02030009
02010000
02000706
01060206
02040009
03020000
02000706
05090207
04030006
09010000
03000906
04040902
0b120010
0d000000
06000e03
02080104
0503000d
00000000
0400090b
01060105
0402000b
00000000
08000711
010b0906
1713000d
10000000
0707080b
00050306
03030006
01000000
03000606
00050306
03030006
03000000
03000505
00050206
02030006
02010000
03000606
00050206
02030006
01010000
03000506
00050306
02050005
01010001
04000508
00061809
1d210006
00020005
0a0f001d
00071117
23140000
16000209
0e0d0014
0000002d
08130000
0a0c0109
0f0c0014
0000052c
0c190000
07090004
11050816
0008010d
04030000
060c060a
0408050f
00030508
090b0004
080d080c
000b011c
000c0207
06070007
1e010a08
00070500
00060508
020c0005
22070004
01000c08
00080407
00080004
05090005
00000305
00060307
00040004
08090004
01000503
00050407
01060004
05060003
02000504
00040307
05050007
04040002
03000605
01050406
08080007
06000002
03000704
01050306
08070005
05000000
04000605
01040306
04040004
02000000
04000607
00050306
03040005
02000000
04000606
01050206
03040005
02000000
03000605
00050206
05050006
01000000
04000607
0005020c
05060004
02000004
0900041a
00050317
0e060000
010f000c
0c0b0329
0012050e
001a0005
1c130409
02050f00
000e0e17
09250001
00250b0c
0a0d0a29
00020c24
162f0000
0f17040c
16080300
00000c20
14220000
01030207
1205091c
0002001f
02060000
18070306
09040704
0004020b
02050000
19030002
03000c02
00050209
02030002
07010001
02000601
00040108
02030004
06010000
02000602
00050207
02030004
04010000
03000705
00050207
02040005
04000000
03000604
00050107
02030004
02000000
03000606
00040206
03040005
00000000
04000508
000b020a
05050004
00030003
05020410
0004090b
0c0d0000
06070005
0704020b
00150d07
15040018
00010406
06001324
000c0000
0e07002b
06070404
00002008
00090000
0a09002e
04040506
00001d08
00100005
08110026
23000903
00001100
01050106
03050008
09000000
03000801
01050207
02020005
04000000
03000604
01050107
02030005
04000000
03000704
02050207
02030005
03000000
04000605
02050207
02020005
03000000
04000706
02050107
02030005
02000000
04000606
02050107
02020004
02000000
04000706
02050206
02030005
02000000
04000705
02060207
02030005
02010000
04000706
02050207
02020003
02010000
04000606
01060207
03020004
01010000
04000608
01050207
02010004
02010000
04000706
01050207
02030006
01000000
04000706
01050107
02030004
01010000
04000707
01050107
02020004
00000000
04000609
01050206
02030005
00000000
04000508
00050305
03030008
00000000
03000608
00030504
0b09000f
00000001
0400081a
00090506
1514000f
0a000001
05040c10
000c0200
0900003a
0b010002
00001d06
000b0000
1322003a
0000060d
01061329
0a182608
175a001c
3b09160f
000a0902
001e1308
2026000f
142d0008
14082246
00170805
250a001e
25030a11
0c0c1614
000b1200
05170033
1a100007
00101308
07052400
0304000f
04070007
01180009
07052500
04030007
04000007
00180005
04082300
06000022
0b000007
00150a04
00110600
0505003d
09070004
00001904
00100000
040b003e
04000002
00001b04
000e0000
020e003c
04010002
00001a03
000d0007
04100028
08030002
00000b00
00030208
04040002
01000001
0400040d
00020609
0d0a0001
00000005
0809001c
0006060e
07090000
0606040a
0309000f
00000b12
040c0000
0d09060c
0409000b
060b0c0f
140d0000
340a0b06
000d0e00
02040509
01030000
03020000
05000207
03040608
04050000
00030002
09000214
01100b16
0f190000
05000001
0d0e0012
00020620
0f0f0000
00110007
10130021
000c0d1c
040a0000
12140003
0d0f0001
00020b17
0d060000
00020007
0f0f001e
0004051d
0f0d0000
12070206
0b120000
0009091c
09030000
0e180006
0b0d0008
000e1118
14180000
09190208
0f10001a
001d1316
002a0000
1f170009
05001711
00070019
0f150009
00220408
0d070b13
020c0813
090e0000
260e0604
050a1000
01080607
05040005
03150003
0500060e
00050207
02040004
03000000
03000506
01040207
02030003
04010000
03000505
01050207
02030004
04000000
03000605
01050207
02040004
03010000
04000606
01050307
02030004
03000000
03000605
01050306
02040005
03010000
03000605
01050207
02030004
03000000
03000605
01050107
02020004
02000000
04000606
01050107
02020004
03000000
03000605
01050107
02030004
03000000
04000706
01050107
01020004
02000000
04000705
02050206
02030007
03010000
03000805
02070205
02020009
03000000
03000706
02060305
02030007
03010000
03000706
03070205
02030008
04000000
03000805
03060105
0104000a
04000000
03000906
03070105
01030009
03000000
03000905
02070105
0102000a
02000000
03000a06
03070104
0103000a
02000000
03000906
03060204
02030009
02000000
03000806
03060304
02040009
01000000
04000707
03060404
01040008
01000003
0b000635
01060404
0208000a
42010000
02001506
01060204
0303000a
02010000
02000806
00060105
0203000a
02000000
02000806
00070204
0204000a
01010000
02000807
01060204
02040009
02010000
02000706
01050305
02050009
01000000
03000706
01060404
03040009
02000000
02000706
01060205
03040009
02000000
03000705
01050206
03030007
02010000
03000705
040a0104
0203000d
0d010000
00000e00
01070102
0204000d
00010000
0300090a
02060b03
170f000e
00010000
0800072d
03171707
292b0016
30000c00
070e1214
00050206
02030006
02010000
03000606
00050205
02030007
03010000
02000606
00050205
02040007
02010000
02000606
00050206
03030007
01000000
03000506
00050206
02040005
01010001
03000508
00180b0e
0b1f0006
0007030a
08110122
00130818
080f0000
201e0009
0c0b0612
0000012e
0c030000
03080009
110d0014
0000002d
04040000
0d0d0006
0d0a0909
0004091c
02180000
011a0708
08080322
0005040e
0e080002
0312070c
07070119
010b0408
070b0005
20070c0c
00080502
00050a06
1018000a
23010001
05000d06
00050307
02030004
05030002
02000405
00060207
00030005
06040002
01000602
00060107
00030005
04050002
02000604
00060107
00020004
03050002
02000604
00080207
01030005
04090002
02000605
00050207
02030005
04080001
03000605
00050206
02040005
02020000
03000606
00050206
02030005
01020000
03000607
00050307
02040005
02020001
03000506
00060307
02050005
02040001
03000607
0005020b
010b0004
02040004
0600050b
01080019
0a0f0000
00160007
0b0a001d
040f0d17
1a2a0000
191c0000
0e01110c
00040428
1a220000
09030204
13080319
00060426
16150000
121e000b
0c070a16
00000024
0b060000
04110206
12060110
00020022
06030000
14060306
0b040606
0002020d
04060000
18020001
04000c02
00040409
03040002
07020002
02000601
00040208
03040003
06000000
03000602
00050207
03040005
04000000
03000605
00050206
03040005
03000000
03000605
01050206
04030005
02000000
03000606
00050206
03030005
01000000
04000507
00060208
04030004
00000002
0400040d
0011020a
01050003
070a0003
04000603
00110205
0f000024
00160307
0000142d
000a0000
0b050036
03000505
00002204
000a0000
080a0033
03000605
00002004
00120006
070f0028
24000904
00001300
01050206
03070007
07010000
03000702
01050306
02030005
05000000
03000603
01060107
02040005
04000000
03000704
02050107
02030004
03010000
04000705
02050206
02040005
03000000
04000705
02050207
02040004
02000000
04000606
01050107
02020004
02000000
04000706
02050107
02030004
02000000
04000706
02050207
03040005
02000000
04000706
02050306
02030005
02010000
04000706
02050207
02040005
02000000
04000706
01050107
02030004
02000000
04000706
02050206
01040006
01010000
04000707
01050207
02030005
01000000
04000607
01050207
03030004
00000000
04000608
00050206
03030005
00000000
04000608
01050305
03030008
00000000
03000608
00030703
0f08000d
00000005
06010726
020b050b
1118000b
18000506
050c0f0a
000e0300
0304003e
0d050002
00001f04
00130000
040a0040
0004000c
0000191f
030d0709
08140018
18180c0e
0008041d
001e1e04
24400019
12000c03
10030f1a
00130001
11000036
211c0b07
00002112
000e0000
0709003f
08100006
00001904
000b1700
0a030039
00050007
000f0e0a
000b1b00
0900002e
06060007
000e0e02
00100e00
0404003b
08060006
00001802
000e0000
0307003e
02030003
00001a05
000e0000
0208003e
03000002
00001a04
000e0000
0510003c
07000002
00001904
000a0008
0312001b
09050002
03000906
00020308
06050002
00010002
06000311
00030609
0c0a0000
00000206
080a001c
0005060e
0b060000
06030407
03090006
010d040f
060c0000
1d030508
03090400
0218050f
00090000
2f250006
00000b00
0204050a
02030000
02000000
06000206
06051113
112d0000
00030000
0b0c021a
03080d1e
0f240000
0a110003
12100b29
0408151b
24230000
0c000601
17100017
00000c1c
1e140000
0e0e0003
13110022
0002131c
111c0000
09000006
120f011c
00120b1c
09120000
0f17040a
090e000a
0000081c
11000000
05090009
0c0a000e
01190919
0c000000
2622060a
050a0e0a
01060d1e
231c0001
061f0007
15040a22
00070c13
15200003
170f0a06
07090a13
04160c0c
030f0000
2d150004
02020c00
01060406
0b040004
03010000
0600050f
01050307
03040003
03010000
03000405
01050307
02020003
04000000
03000605
01050207
02040004
04010000
03000604
01050207
02030004
02010000
03000606
01050207
01030004
03010000
04000604
01050206
02030004
02010000
03000606
01050207
02030004
03000000
03000605
01050107
02020004
02000000
03000605
01050107
02030004
03000000
03000605
01050207
01030004
03010000
04000705
01050107
02030004
02000000
04000706
02050207
02030006
03010000
03000805
02060105
01050009
03010000
03000806
02060106
01040007
03010000
04000706
02060206
01030006
03020000
03000706
03060205
01030007
03000000
03000805
03060205
02040009
03000000
03000a05
02070104
0102000a
02000000
03000a06
03070104
0103000a
01000000
03000906
03070204
01030008
02010000
03000806
03060303
0202000a
01000000
03000806
03060404
0202000a
02000003
0b000635
01060503
0208000c
42010000
02001506
01060104
0204000a
02010000
02000806
01060104
0304000a
01000000
02000807
01060204
0305000a
02000000
02000806
00060205
02040009
02000000
03000707
00060205
02030008
02010000
02000706
00060204
0202000a
02020000
02000707
01050105
03040009
03000000
02000705
01060205
03050008
02010000
03000706
04090705
050e000c
0c000000
02000e01
05060104
0804000c
05000000
09000b0e
00051a01
342d0013
00010403
0d080338
051c0605
20200018
30041100
06071300
00050306
1a040009
12010000
08000a06
00050206
02040005
03010000
03000605
00050206
02040005
02010000
03000606
00050206
02040006
02010000
03000506
00050206
02040005
01010001
03000507
0017020b
040a0007
000a0004
08050312
01080f10
271d0001
041b0006
0d0b000f
00030326
14000000
100a0009
0e0f0007
0009032b
130a0000
090e0008
0d0e010d
00000028
0f030000
0910000a
11090518
00030023
000f0000
0317000b
0a0a0b12
00070309
0d070003
0e1e090f
040b032a
00090e06
0a1c000c
24000904
02050c00
00050306
02040005
06010001
02000502
00050206
01030005
06020001
02000603
00060207
01030005
04020001
02000604
00050106
01030004
03020000
03000605
00050107
02030004
02020000
03000605
00050207
02030005
03010000
03000605
00050107
02030005
02010000
03000606
01050207
02030004
02010000
03000506
01050207
01030005
02010000
03000505
00060107
02030004
02020000
03000606
00050208
03030004
01020000
04000507
0003001d
11070000
00000007
0f0d0023
00010224
0a150000
0a030205
12050303
00070522
0d140000
0b180004
0f05080f
00030b25
10230000
05070406
1507010c
00000027
06070000
05090106
0d040207
00000022
06020000
0f050405
0b040606
0001050f
060a0000
17010001
04000b00
00040209
01020001
06020002
02000601
00040108
02030004
06020001
03000603
00050207
02040005
04010000
03000604
00050206
02030004
03020000
03000605
00050207
03040005
02010000
03000605
00050206
03030005
02010000
03000507
00060308
03040005
00020002
0400050a
04080308
02040005
0e020001
03000905
00110003
1c000027
00090109
00001938
000b0000
06070036
04000505
00002304
000b0000
050a0036
03000505
00002004
00120006
05110028
23000904
00001300
00050207
02060008
06010001
02000703
01050206
02040005
05000000
03000604
01050207
03040005
04000000
04000604
01050206
03040005
03000000
04000705
02050307
03040005
03000000
04000705
02050307
04030005
02000000
04000606
02050207
03030005
02000000
04000706
02050107
03030004
02000000
04000706
02050207
03040004
02000000
04000706
02050107
03030005
02000000
04000706
02050107
03030005
02000000
04000706
02050107
03030004
02000000
04000706
01050206
03030004
01000000
04000607
01050206
03030005
00000000
04000507
01050206
03040005
01000000
04000607
00050207
04030004
00000000
04000608
00040206
03030007
00000000
03000709
00050203
0a03000b
00000007
06000729
010c060d
0d160004
1c020908
040f140c
000f0400
04050042
0c040002
00002104
000e0000
04080042
01000005
00001b07
001c0008
0304003c
00170013
00011716
001e0209
0000002d
0c220514
0000170a
00160000
0206003f
1819010a
00002003
000e0000
03080040
02000002
00001b05
00110000
03080040
03000003
00001b03
00100000
0307003d
03070004
00001a05
000d0000
0306003e
03000002
00001a04
000e0000
0308003d
02000002
00001904
000e0000
0308003c
02000002
00001a04
000e0000
050f003a
07000002
00001903
00040307
06120014
08000001
03000607
00030308
08060003
00000003
06000312
00010708
0c070001
00000307
0809001d
00020910
0b0c0000
09000708
040a0008
050b0019
0a100000
25040506
070a0400
0304050c
00080000
2f050000
04000e02
0204040e
02030000
04070001
09000418
051d0b1d
162b0000
0e010004
14080f19
0000061c
110b0000
0810000a
140d0633
00081320
11160000
1816050c
0c130111
0000131d
13230000
051c0109
120e0019
00050c1d
060b0000
0f19050a
0a0b0012
00001219
1a120000
1a000509
0d10000e
000e0917
08000000
20180006
07070c04
00171408
2b22001c
07210004
08030c1d
000b030f
2c1a0017
00000706
0d040e1f
0415060b
0d010005
270f0407
05090104
020a0c0a
07090002
1b230006
05000410
00050406
07030004
05010000
05000505
00050207
02030004
03010000
03000504
01040307
02030003
04010000
03000505
01050207
02030004
04000000
03000604
00050207
02020005
02010000
03000705
01050207
02030005
02000000
03000605
01060307
03040004
03000000
04000605
01050107
02030004
02020000
03000605
01050107
02030004
02000000
03000605
01060107
02030004
03000000
03000605
01050107
02020005
03000000
04000706
01050207
02020006
02000000
04000706
02050207
02030005
03000000
04000705
02060206
02020007
03000000
03000706
02050107
02030006
03000000
04000706
02060206
02020007
03000000
04000806
02060105
01030008
03010000
03000906
02060105
01020009
02000000
03000a06
02070004
0203000b
03000000
03000a05
02070105
0204000a
02000000
04000806
03060205
02030009
02000000
03000906
03070303
0104000b
01000000
03000807
03070402
0102000b
02000003
0a000734
01060404
0109000b
42010000
02001606
01060104
0204000a
02010000
02000807
00060204
03050009
00000000
03000708
01060205
02040008
02000000
02000705
00050205
03050009
02000000
03000706
01050205
02040009
03000000
02000805
01060105
0305000a
01000000
03000707
00060106
02050008
03010000
03000705
00050205
03040007
01010000
03000707
05050606
05080009
06020000
04000814
06082500
333e0018
00000000
0d050a24
000a2005
3d300014
04000e09
11090435
01141204
0c2e001a
2a010d07
00040c00
00050107
050b000c
2e030000
05001406
00040206
02030004
02010000
03000605
00040206
02030005
02000000
03000605
00050306
03040005
02010000
03000606
00050306
02040005
01010000
03000506
00060109
02030005
03040008
07000421
00121411
181d0000
211d040b
09130528
00060a1a
12200000
0c220007
110c000d
00120c21
10060000
0b1c0005
1004090f
000f0524
0d1f0000
00110004
1408040f
00020923
0e060000
08080106
1109060d
00060611
0d090002
0813070f
090c0328
000c0106
05080008
25010905
00050d00
00050206
02050006
06010001
02000502
00050206
01030005
06010001
02000602
00060206
01030005
04020000
03000604
00050207
02030004
03010000
03000605
01050107
02030004
03000000
03000605
01050107
01030004
03010000
03000605
00050107
01020004
01020000
03000607
00050107
02030004
02020000
03000607
00050207
02030004
02010000
03000606
00050207
02030005
02010000
03000606
00050207
02040004
01010000
04000507
0004001c
0e060000
00000008
0f0e0024
00000022
0a020000
09030106
0b050406
0003061e
0a080000
0f050206
0a060709
00000025
0c040000
04080108
0c07000b
00000026
06040000
04040105
0c040105
00000023
05040000
06050105
0c040405
00040212
03040000
1c030202
01020d00
00050108
02030003
07020001
02000602
00050108
01030005
05020000
02000703
00050207
01030005
03010000
02000605
00050107
02030004
03020000
03000605
00050107
02030004
02020000
03000607
00050207
02030004
01020000
03000507
00050207
02040005
00010001
03000509
02050207
04040003
03020001
03000a18
00101200
2419002c
02000602
04002225
000b0000
05090038
03000505
00002304
000a0000
070c0036
03000505
00002004
00120006
06110027
23000a03
00001300
00060107
03040007
06020001
03000604
01060207
02030005
04010000
03000604
01050206
01030004
04010000
03000704
01050107
02030004
02010000
03000605
01050306
02040005
03000000
03000605
02060307
02030005
03010000
03000605
01050207
02040005
02000000
04000706
01050207
03040004
02000000
04000706
01050207
03030004
02000000
04000706
01050207
03040005
02000000
04000706
01050207
03040004
02000000
04000706
01050207
03040005
02000000
04000606
01050207
03040005
02000000
04000607
01050206
03030005
01000000
04000607
01050207
03040005
01000000
04000607
00040206
04040005
00000000
04000608
00040206
04030008
00010001
0300060a
00080205
0707000c
00000008
04020621
000d060e
00040009
111d050a
0305110c
000d0300
04080042
0c010002
00002004
000e0000
04080042
02000002
00001b04
000e0000
06090041
02000002
00001b05
000f0000
070c0040
02000003
00001b05
000e0000
03070040
02000002
00001c04
000e0000
03070041
02000002
00001b04
000e0000
03080041
02000002
00001b04
000e0000
0308003e
03000002
00001a04
000d0000
0308003e
01000002
00001a05
000e0000
0307003d
02000002
00001904
000e0000
0307003c
03000002
00001a04
000c0000
06140037
04000003
00001603
00030207
05100010
07000002
03000707
00010408
09070004
00000005
06000313
00010b07
0c090001
00000108
070c0019
00020a0c
0a050000
0701090b
010a000c
04070419
0f0e0000
3102090e
060c0600
02070b0c
12010011
2f120005
0700120b
01050b10
15080015
06000000
0d00091d
01151b17
18260007
1b0c0306
0b09092a
00060911
1106000e
140f0005
0c02101c
0011091c
0c0d0000
0018000b
0a0b0017
000a051e
18000000
1414030d
0e0b0019
0000081e
17060000
0f12020f
090e0013
0019001e
16000000
1826000c
07070e1c
000b1d04
25240010
001c0705
0d050620
00040b06
1e110010
05000806
0b05080e
000f070c
0919000e
23040409
00090302
040b0c0c
00090000
26220007
00080200
00080807
09000002
01110002
06000510
00050207
01050004
05020001
03000504
01050307
02040003
04010000
03000504
01050307
02030004
03010000
03000605
01050207
01030004
04020000
03000605
01050107
02030005
02000000
03000605
01050207
02040004
03010000
03000605
01060107
02040005
03010000
03000705
01050107
02020004
02010000
04000605
01050107
02030004
02000000
03000605
01050207
02030004
03000000
04000605
01050107
02030005
03000000
04000706
01050106
01030005
02010000
03000706
02050206
01030005
03010000
03000605
02060205
01040007
03010000
03000704
02060106
01040006
02010000
04000706
02070105
01030008
04010000
03000905
02060105
01030008
02020000
03000806
02070104
01020009
03000000
03000905
02070005
01040009
03020000
03000a06
02070105
01040009
02010000
03000806
02060205
0101000a
02010000
03000907
03070304
0203000b
01000000
03000807
03070402
0102000b
02010003
0a000834
01050505
020a0009
42000000
02001506
01060104
0203000a
02000000
02000807
00060104
0203000a
00000000
02000807
00060104
0203000a
02010000
02000806
00060105
02030009
02010000
02000706
00060205
03040007
01000000
03000607
00050306
03060008
02000000
03000506
00050207
02040005
02000000
03000705
00050106
02040006
02000000
03000706
00040406
020a0006
01010003
05000513
00060408
020e0007
0012050f
070e002e
0006020e
050b0005
1617060e
00080503
050f0407
080f000f
291e100f
000d081f
01050406
11150010
31000000
05001406
00050307
03030006
03000000
03000605
00050206
02030005
02000000
03000606
00050206
03030006
02010000
03000606
00060206
02030006
04010000
03000606
00060209
000a0006
04030005
0500060e
001b070f
09070000
00220009
09080029
00020b25
24150000
1b000a05
0e150023
0000052a
0b250000
0d0a0004
13070004
00010029
0c060000
0d0c0006
1608000b
02070a20
04140000
0e0b0006
08090302
000c1010
28110000
0022060d
0c0b0326
000b0207
060a000a
24010904
00050e00
00050206
04040007
0b010001
02000700
00050206
01030005
06020001
02000602
00050107
01030004
04020000
03000605
00050207
02030004
02000000
03000605
01050106
02030004
04010000
03000605
01050107
02030004
03010000
03000605
00050107
02030004
02000000
03000606
00060107
02020004
02020000
03000607
00050207
02030004
02020000
03000607
00050106
02030005
02000000
03000606
00050207
03040005
00010000
04000507
0006011b
04080002
00060009
0e080023
0000001f
04090000
0a15030a
080a0419
0008021c
0d180000
090a0004
0e06090a
00000024
0c0b0000
06020105
0f060005
00000025
06060000
04030105
0c050104
00000024
06050000
04040205
0c050306
00040215
04020000
1f030302
03040e00
00050108
01030003
07020001
02000602
00050108
00030003
05020000
03000603
00050107
01030004
03020000
03000605
00060107
02030004
02020000
03000605
00050107
02030004
02010000
03000605
00050206
02030004
01020000
03000607
00050108
03030004
00020001
0400050b
00060307
0604000a
00010003
03001020
00150400
13050032
0d040608
0000252e
000b0000
05070038
02000405
00002504
000b0000
07100037
01000609
00002006
00120007
0c180026
28060b06
00001100
00050106
04040006
09010000
03000702
01050206
01030005
04020000
03000604
01050207
01030004
04020000
03000605
01050207
02030004
03000000
04000606
01050107
02030004
03010000
03000705
01050107
02020004
02010000
04000706
01050107
02020004
02000000
04000706
01050107
02020004
02000000
04000706
01050207
02030005
01000000
04000707
02050307
04050005
02000000
04000606
01060207
03030005
02000000
04000606
01050206
02030004
01010000
04000607
01050206
03040005
02000000
04000607
01050206
02030004
02010000
04000607
01050107
01030004
01020000
04000608
00050207
02030004
00010000
04000608
00050206
02030008
00020001
0300070a
000e0106
0707000b
00010003
04040714
000c0509
0e0f0015
06100004
0100131a
000e0000
03080041
08030002
00001e05
000e0000
02080040
02000002
00001a04
000f0000
02090040
01000002
00001b04
000e0000
0307003e
01000002
00001b05
000e0000
040a0041
02000002
00001c05
000e0000
04070041
02000002
00001b05
000e0000
03070040
02000002
00001b04
000e0000
0308003e
02000002
00001b04
000e0000
0409003e
02000002
00001b05
000d0000
0307003c
02000002
00001904
000e0000
0307003c
03000002
00001a04
000d0005
04120034
06020003
00001202
00040109
010d0007
03080004
03000407
00030209
01040001
00040006
03000210
00050a08
010a0001
0010000b
040f001c
00080c07
070a0001
02080509
020a0008
02120313
0a0f0000
300f0d07
00101400
000d0a01
0701001f
06200005
00000c10
010c0800
08120020
04010002
00000b0a
000f0300
0803001d
050c0006
0200080b
06080500
0c1b0018
0b010001
04000b0b
07100414
271d0012
08090009
0d020909
030f0617
30030005
0725000e
0e040015
02212612
302f000f
00280002
0c07071c
00021c04
2721000f
00170506
1005011e
00050815
1a110008
0d070809
0a08010d
00090218
00120000
1c15010d
02080304
0013030d
00000000
2624000b
00030b00
010c0a08
00040002
091a0006
03000606
00070607
07090005
03090001
0600080d
00050308
02030004
04040001
03000409
01050307
02030003
04010000
03000404
01050307
02030004
04010000
03000505
01050207
02030004
03000000
03000605
01050107
02030004
02000000
03000605
01050206
02030005
03000000
03000605
01060207
02030005
03010000
04000706
01050207
02030005
02010000
04000606
01050107
02030004
02000000
03000605
01050107
02030004
02000000
03000605
01050206
03040005
03000000
04000605
01050107
02020004
03000000
04000706
02050206
01030005
03000000
04000605
02060207
01030005
03010000
04000705
02050207
02040006
02000000
04000706
03060205
02030008
04000000
03000904
02070105
02030008
02000000
03000806
03070105
01030008
02010000
03000906
02060205
02050009
03000000
04000906
02060105
01020008
01000000
03000806
03070304
0203000a
01000000
03000907
03070203
0203000b
02000000
03000906
03070302
0104000c
02000003
0a000934
01050405
02090008
42010000
02001406
00060104
0303000a
01000000
02000806
01060104
03040009
01000000
02000707
01060104
0204000a
02000000
02000805
00050105
0204000a
01000000
02000706
00060305
03040008
01010000
02000707
00050106
03040007
02010000
03000605
00070406
11030010
02000000
04000b0b
000a0206
28080016
05000000
07000f06
00050206
1704000a
0e000001
06000a08
0013050f
000a0005
000b000d
060a0120
000f0b10
0016000d
1624000e
0105030f
0012030a
07000004
10200f0d
0908052f
01041006
10290017
2c000a03
06041300
00050206
02040005
04020000
03000605
00050106
02030005
02000000
03000605
00050206
02030005
02010000
03000606
00060206
02030006
04010000
02000604
00050207
02040004
02020000
04000607
0000170c
1a220001
0003000c
0d120030
000e002c
24190000
241b0f0a
10140013
00030030
00040000
0918000b
1309000e
00060e23
00110000
0b1a0008
0b0a000c
02090f14
09090000
0b160006
0d0b001c
000a2009
22240003
03090b09
0b0d0424
000b0207
070a000a
2b030906
00060f00
00060007
00050007
0e060002
01000900
00050207
01030004
05040001
03000605
01040207
02030004
03010000
03000606
00050207
02030004
02010000
03000606
01050207
02040005
03010000
03000606
01050206
03040005
03000000
04000605
01050207
03040004
03000000
04000605
01050207
02030004
02000000
03000606
00050306
03040005
01000000
04000607
01050207
02040004
02000000
03000606
00050307
02030004
01000000
03000507
00040113
05060003
00030004
0c00031a
00010023
10060000
04070107
110e0024
00000023
060c0000
05040105
0c050104
00000026
05060000
05050105
0d050003
00000027
06060000
05030105
0d060104
00000024
07020000
03040305
0c040307
00060216
08010000
25030502
03061000
00050108
00020005
08030001
02000702
00050207
02040005
05020000
03000604
00050207
02030005
03010000
03000605
01050207
01030004
03010000
03000604
00050207
02030004
02020000
03000606
00050206
01030004
01020000
03000608
00040206
03030004
00030003
05000717
00090603
0f0d001c
00000006
03021813
00150000
0f090035
09160414
0000252a
000b0000
040d0038
02100513
0000240b
001b0006
08220032
1e110311
00001c02
001d000a
13120016
1a2a000d
04001500
00050107
01050005
05080002
02000707
01050107
01030004
03020000
03000604
01050107
01030004
03010000
03000605
01060107
01030004
03020000
03000606
01050107
01030004
03010000
03000705
01050107
02020004
02000000
04000706
01050107
02020004
02000000
04000706
01050107
02020004
02000000
04000706
01060107
01030004
02010000
04000707
01050406
03050005
01020000
04000608
01050307
04050005
04000000
04000704
01050107
02030004
02010000
04000707
01050207
01040004
01020000
04000607
01050107
02030005
02010000
04000706
01050207
02030004
01000000
04000607
00050106
01020005
00020000
03000608
00050107
01030005
00020001
03000609
000d0109
02040007
00060003
06000816
0508050b
0a1d0016
08070004
0302150e
060d0000
0026003a
05070003
00001c04
070d0000
0129003b
02060003
00001a05
060d0000
0227003b
01020002
00001a05
060d0000
0328003d
01000002
00001b04
050e0000
0225003e
01010002
00001b05
050d0000
0228003d
02010002
00001b04
050e0000
0227003e
02010002
00001b05
060d0000
0226003c
02000002
00001a04
060d0000
0325003c
01000002
00001b04
060d0000
0226003a
02000002
00001a04
070d0000
01280039
02000002
00001904
030d0007
0422002b
0f000002
02000c00
00060109
00020001
04060003
03000506
00060109
01020001
01070003
03000408
000c0307
00080005
000a000a
06080424
00040c07
030c0000
0217030d
010f001b
07150a0c
00070002
2e0b0c07
00111400
03090500
0617001f
00010002
02000c11
03110b00
14080024
00000002
01000a13
00100c00
160e0036
0d000000
0000190a
00080114
1a190029
00000005
0b050c1e
01052111
1c29000b
050d0708
0707020f
01042701
282e0010
04030908
0d090006
00021304
2011000a
07000708
0d0a000c
00020a06
090a0005
07000407
01070008
0005001f
0c0e0000
1002080b
08090000
000e051d
040a0000
26100108
07080d00
01050609
05050004
11180003
04000505
01060407
04070007
06010000
04000605
01060207
02040003
01020000
04000509
01060207
01040004
03030000
04000409
01050307
02030003
04010000
03000505
01050307
01020004
04020000
03000605
01050207
02040004
03010000
03000506
01050207
02030004
03010000
03000605
01060106
02030004
03010000
03000605
01050207
03030004
03010000
04000607
01060306
03030005
02000000
04000605
01050207
02030004
03010000
03000605
01050107
02030004
02000000
03000605
01050206
02030004
02000000
04000605
01050207
02030004
03000000
04000705
01050106
02030005
03000000
03000705
01050107
01030005
03010000
04000706
01060107
01020007
03010000
04000806
02060205
01030008
03010000
03000805
02060105
02030008
03000000
03000806
02060105
01030008
01000000
03000806
02060205
01030008
03000000
03000806
02060204
02020009
02000000
03000806
02060204
01020009
01010000
03000806
02070203
0103000a
02010000
03000806
03070303
0103000a
02000003
0a000833
01060305
02080009
42010000
03001507
01060205
02030008
01010000
03000707
00060204
0303000a
01000000
02000807
01060104
02030009
02010000
02000806
00060105
02040009
02000000
02000706
00060105
02030008
02000000
02000706
01060706
17030010
02010000
06000b20
00071100
3011002d
00000500
03001e20
00150a00
2521002f
15000b03
02001e0b
00040006
131e0021
1b010000
06001506
010a0607
030a0007
04050000
04000605
00120206
0205000a
000b0007
05000915
000b0409
0f020005
0017050b
040e0233
04120107
0c0f0010
33000f05
00071500
00050207
0d040008
06030000
05000706
00040206
03030004
02000000
03000605
01060206
02040006
04010000
03000605
01060206
02020007
04030000
02000605
00050207
02040007
01010000
04000607
0010031e
04150002
000d000b
13130021
00090439
05180000
0b29000e
1a15000b
01000e39
0b150000
0a070005
18130003
04051224
0a020000
080a0002
120b001c
000b2307
30270003
00080c04
0d090424
00080607
180a0009
0c030a0a
0a070508
000d000a
03090008
30190908
00041000
00060106
00040006
090a0003
02000704
00050106
02030004
03020000
03000605
01050207
02030005
03010000
03000604
00060207
02030005
02020000
03000606
01050107
02030005
02020000
03000606
00060107
01030005
02020000
03000605
00050207
02040004
03020000
03000605
01050307
02030004
01010000
03000506
01050206
02030005
03020000
03000606
00050107
02030004
02010000
03000507
00050206
02030004
01010000
03000507
0004020e
05040005
00010004
0b00041a
00050023
0f050000
04030108
0f0e0024
00000026
07060000
06030206
0c060004
00000027
07040000
05040205
0d050104
00000027
07030000
06030105
0d050105
00020123
07070000
0f040208
0c060509
00110214
00030003
241a0505
00001100
00050107
01040005
06020000
02000702
01050206
02050005
03020000
03000605
01050206
02030004
03010000
03000604
01050206
03030005
03020000
03000605
01050107
03030004
02000000
03000605
01050207
02030004
02010000
03000607
00050207
01030005
01020002
04000611
02130308
021f001a
0f0c0006
0300101d
01200903
3614001f
09300003
09001f17
031c0904
3113001d
0e210302
07001503
00200e05
24240028
002f0003
0800131d
010f0d08
2c220020
250c0806
07001302
01070207
04040006
04010000
04000704
01050207
01020005
03010000
03000604
01050106
02030005
02010000
03000605
01050207
02030004
03010000
04000606
01050207
02030004
03000000
04000706
01050107
02020004
02000000
04000706
01050107
02030004
02000000
04000706
01050107
02020004
02000000
04000706
01050107
02030004
02000000
04000605
01050107
02030004
01020000
04000608
02050307
01050004
04030000
03000608
01050207
02040004
03000000
04000705
01050107
02020005
01010000
04000707
01050107
02040005
02010000
04000606
01050107
02020004
02010000
04000606
00050107
02030004
01020000
04000608
00050106
01020005
00020000
03000608
0005000c
01080006
00040004
08000718
00070028
0a1d0000
13050007
0f0e021c
02020027
00230000
141a0006
0e06061a
0500002d
0d330000
08090005
120e0517
0500002e
08300000
06020003
120a0605
0500002e
05310000
04040003
12090605
0500002e
05320000
06060003
11070704
0500002d
03310000
05060003
10070804
0400002d
03310000
05050003
10070705
0500002e
02330000
04060004
10070705
0500002e
02330000
05070004
11070704
0500002f
01340000
05070004
11090505
04000030
03330000
09050004
12080505
0502041c
00210000
180e0003
06000c00
00040209
01030001
04030001
03000506
00050109
01030002
00030002
04000408
00040308
01030001
00050007
0600041b
00070d08
09100000
0609000e
07140025
070e0b0d
00070000
2a160206
000d0b00
04041200
181b000c
00060002
080c0325
030e1c00
13110034
09000005
00011a0a
00140200
0d04004c
06000105
00002007
0010040a
13120047
0004030b
0802190e
00020713
06060005
000b060d
0407030f
00020b05
050b0009
060e040d
000c0006
00040906
060a0006
0c0f050d
000b0007
00020806
0a080005
04040508
01070006
02090216
0c0d0004
2f01080a
02080700
01150b10
09190008
24250004
07001407
01050407
01060005
06060001
02000605
01080308
01070006
05080002
03000706
01060207
04020004
02020000
05000607
00060207
02020004
01020000
04000608
01040307
03040003
03030000
03000506
01050207
02040004
04010000
03000604
01050107
02030004
02010000
03000606
01050207
01030004
03010000
03000605
01060207
02040005
03010000
04000606
01050206
03030005
02020000
03000606
01050206
02040005
02010000
03000606
01050207
02030004
03010000
03000605
01050107
02020004
02000000
03000605
01050107
02030004
02000000
03000605
01050207
02030004
03000000
03000604
02050107
02030005
03000000
03000705
02050207
02040005
03000000
03000805
02060106
02030007
03010000
03000805
02060105
02030008
02010000
03000806
02060205
02030009
03000000
03000805
02060105
02030009
02000000
03000906
02070004
0103000a
02010000
03000906
03060205
02040009
02010000
03000806
03060204
02030009
01000000
03000807
03070204
0102000a
03000000
03000906
03070303
0102000b
02000003
0a000834
01050406
020a0008
42000000
03001406
01060205
02030008
02000000
03000607
00060104
02030009
01010000
02000807
00060104
0204000a
02000000
02000806
00060105
02040008
02000000
02000706
00050105
03030008
03000000
04000c0f
000b0e00
20140026
00010101
02001622
00120000
1607002e
05050605
00001e0f
000b0000
0908002e
06000805
00001e08
00110407
0f300028
26000b03
05001100
02040306
05040004
01010001
0400060e
01070b04
0d11000b
0e000001
04000b08
000f0409
0a0b000b
000a050c
080c043a
030d0f04
0c260018
2a211210
000a0e11
00050306
1509000b
29010000
07001305
00050206
03030005
03010000
03000605
01050206
02030005
05010000
03000604
01050306
01030006
03010000
03000705
01060108
02080006
02010000
06000608
00000433
0c280000
00020005
1c1a0017
00000839
0a080000
07070005
1e160009
00000a37
03030000
0a0a0004
18160002
00000d31
03020000
020c0004
1711001d
00080a0c
0a080006
1608050e
050b0523
001c000f
02020007
26250312
00040f00
00140009
00080005
2229000b
02001204
00050207
02030005
04010000
03000605
01050206
02030005
02000000
03000605
01050206
02030005
03010000
03000604
01050206
03030006
02000000
03000606
01050107
02030005
02010000
03000605
00050107
02030005
02010000
03000605
01050107
02030005
02000000
03000605
01050207
02030004
02010000
04000606
01050206
02030004
02020000
03000606
00050107
01030004
01020000
03000607
00050207
02030004
01020000
03000606
0005020a
02080004
00020006
07000618
000b0021
05090000
0018000c
0d0f0025
00000025
09030000
09070107
0c070107
00000026
05000000
0a080107
0b040304
00000026
13000000
050a0208
0c070109
0011011e
09000000
200f0509
0608100a
0005030c
00030004
1d1e0006
00000d00
00050107
00030004
04030001
02000604
00060207
02030004
03020000
03000605
01050307
02040005
03010000
03000605
01060307
02030005
03010000
03000605
01050107
02030004
03020000
03000605
01050206
02040005
02000000
03000606
01050206
02040005
02010000
04000609
00090106
00020006
000a0008
04000a1f
000c0e04
2617002c
030a0a13
03001426
00070804
1a21002a
0f190d15
00001806
01250209
1b190021
161f040b
0000140a
00190009
010b0006
202e000b
02001504
01050206
02030006
03020000
03000605
01050206
02030005
03010000
03000705
01060106
03020008
02010000
03000806
01060106
03030007
03010000
03000605
01060207
02030004
02010000
04000705
01050107
02030004
02000000
04000706
01060207
02030004
02010000
04000706
01050107
02020004
02000000
04000706
01050107
02020004
02000000
04000706
01050107
02030004
02010000
04000706
01060107
01030004
01030000
04000707
01050207
02040005
03020000
04000607
01050207
03030005
03000000
04000707
01050107
01020004
02010000
04000607
01060107
02020004
02010000
03000607
01050107
01030004
01010000
03000607
00050107
01020004
01020000
03000607
0004010d
02040004
00020004
09000517
0003002a
0b0d0000
15090008
100f001d
00000624
15140000
13060004
1706011c
0002002d
0b010000
0e0f000a
14130015
0002012e
06000000
0616000b
100d000b
00000030
09000000
05110009
110c000f
00000031
06060000
050e0007
130d000b
0000002e
06040000
07050005
120b0004
0000002e
06020000
06060005
120c0003
0000002f
06000000
06070006
120b0005
00000031
08020000
06090007
120b0008
00000031
07010000
07060006
120e0004
01000831
0a030000
12090006
130d000a
00040716
01000000
1f0d0002
04000d01
0005020a
00030001
04030001
03000605
00050208
01020004
02040001
03000507
00050209
01070003
00040004
0500040c
0210060a
020d0000
051a030a
07150020
02080d0b
04050009
2a140004
04000b18
000d1800
1217001b
07000004
07090a1b
000f0a00
0a00003e
07090007
00001b09
00110000
08110046
05000003
00001f08
00100000
11190040
05010006
02001b08
000d0910
171b0005
00140006
06020811
0007030b
070f0009
07150611
03070415
000e100d
15200008
0a0c0014
00050817
00060716
090f0001
1a130518
02090008
001a000f
00000000
272e000d
00001001
02030609
07110003
0a190005
0600050a
03070908
0c0a0004
0c000003
05000602
01070707
03090003
04060000
0500070b
01050207
01040005
02020000
03000606
00050107
01030005
02020000
03000607
01050207
01030003
02020000
04000508
01050307
02040003
03010000
04000504
01050207
02040004
02000000
04000605
01050407
03040004
03010000
04000505
01050306
02040006
02000000
03000606
01050206
02030005
02000000
04000605
01050206
03040005
02010000
04000607
01050207
02030005
03000000
03000604
01050107
02020004
02000000
03000605
01050107
02030004
02000000
03000605
01050107
02030004
03000000
03000705
01050207
02040004
03000000
04000605
02050207
01020004
03010000
04000705
02060206
01040006
03010000
03000805
02060206
01030007
02010000
03000807
02060205
02040008
02000000
03000806
02060104
02020009
04000000
03000905
02060004
0103000a
01000000
03000906
02070205
02040009
02010000
04000806
03060305
02030008
02010000
03000806
03060205
01030009
02000000
03000806
03060403
0104000a
02000003
0a000834
00050305
0208000a
42010000
03001607
01060204
02030009
02000000
02000707
00060104
02030009
01000000
02000707
00060105
0205000a
02000000
02000806
00050105
03040008
03000000
03000806
02041404
191d0023
00010003
06000e29
000e0700
2b060030
03000705
03001f21
000a0000
0607002f
04000305
00001f03
00090000
0a10002e
02000404
00001e0b
00130106
0e1e0022
28000f02
00001200
00040308
15070008
0f000002
0700070a
010d0107
03030008
0d0b0003
03000908
00090407
040d000a
010a0007
0900052e
06120503
1408000f
2919130c
060f0837
01050806
1d1d0016
32020000
08001306
00060306
03040005
05010000
03000606
01060206
01030006
05020000
02000604
01050206
02030005
02010000
03000606
0105020b
050d0006
01000001
0903060a
00000236
08150000
00020007
1b190013
00000739
01000000
08100007
17160005
00000a36
06020000
060d0006
1916000b
00001035
05000000
07070007
18140017
011a0211
00030001
182a010e
0401110b
0017010a
00030004
0d320009
02000704
00050307
04040005
03040000
03000607
00050306
04040005
03000000
03000605
01050207
03040005
03000000
03000605
01050206
02040005
03000000
03000605
01050107
02030005
03010000
03000605
01050107
02030004
02010000
03000605
01050107
02030005
02000000
03000705
00050207
02030005
02010000
03000606
01050207
02030004
02010000
04000606
01050107
02030004
02010000
03000605
00050107
02030004
02000000
03000606
00060107
02030004
02020000
03000606
00050208
01040005
01020001
04000608
0014001c
02060005
0011000c
0b070425
0003071d
130c0000
01220413
0d0a001f
00000b1a
19100000
1500050f
0b0a0106
0014071a
0f090000
1527000c
08050f0d
00120012
00000003
1c24000a
00000d00
00060107
00040004
060a0002
02000605
00050108
01030003
03030000
03000606
00060207
01030004
04030000
03000606
01050107
01030004
03020000
03000605
01050207
01020004
02020000
03000606
01050107
01030004
03020000
03000605
01050107
01030004
02020000
03000606
01050207
01040005
02020000
03000607
00050108
02090007
02020002
05000708
00200209
01030006
0236000a
03000d0f
0122000a
00000008
092f000a
02000c06
000e0208
02050007
0f370008
03000906
00060106
01030007
03030000
02000805
01060106
01040007
03020000
03000705
01060206
01020006
02020000
03000706
01060205
02040008
02020000
03000706
01050206
02050006
03020000
03000605
01060306
02030005
02010000
04000606
01050207
02030004
03000000
04000705
01050107
02020004
02000000
04000706
01050207
02030004
02000000
04000706
01050107
02030004
03000000
04000706
01060206
02030004
02010000
04000707
01050107
02030004
02000000
04000706
01070107
01020005
02020000
03000707
01050107
01030005
03030000
03000705
01060107
01030004
01020000
04000707
01060207
01040005
02020000
04000606
01050207
01020005
02010000
03000606
01050107
02030005
01010000
04000607
0005010b
01040004
00020003
0600060d
000f0029
00000000
0013000e
0a0b021a
000d0d29
00050000
091c000b
0e090006
000b0a2a
00000000
081a000b
0e0c000a
000c062c
00000000
0519000b
0e090006
000d082c
00000000
061b000c
0d080106
000e002e
00000000
041d0010
0b090209
000e002d
00000000
061d000f
08090205
000e002c
00000000
051d000f
08090205
000d022b
00000000
031c000e
0a0a0008
000d042d
00000000
051b000d
0b0a0105
000c042c
00000000
051c000e
0a0b0007
0013062c
00000000
1322000e
0b09050a
0004060f
00020000
191f0005
03000d05
00050209
01030002
03040000
04000606
00050207
02030005
02020000
03000607
00050207
01030004
01020001
03000507
0316020d
00070003
070c0006
05060312
00050d08
0f100006
0e1a0005
0602071d
010e0d03
0107001a
091d0008
00040d15
02120100
00120033
051d0009
00001506
02140000
0013002f
0320000b
00001407
001b0210
0029001f
0020000d
00000b0c
00120019
00080000
0930000f
05030504
00130012
00000000
0922000e
00000803
001b020e
01010002
0839000d
03000906
001e0310
01040003
0f37000c
03000605
01060209
02030004
0f2a0005
04000605
010a0209
02020004
030e0003
03000606
010f0208
02030004
07140003
03000605
01050208
01020002
04070000
04000506
01060107
01020003
02030000
04000607
01050207
01020004
02020000
03000606
00060107
01020004
01030000
04000609
01050407
02040002
03030000
03000409
01050307
02030003
04000000
04000505
01050307
02030004
02010000
03000505
01050206
02040005
03000000
03000605
01050206
03030005
03010000
03000606
01050207
03040004
03010000
04000607
01050207
02030004
03010000
03000605
01050107
02030004
02000000
04000705
01050107
02020004
02000000
03000605
01050107
02030004
03010000
03000705
01050208
02040004
03010000
04000706
02050207
01020005
03000000
03000704
02050206
01030005
03000000
04000705
02060206
01030005
02010000
03000706
02060106
01020007
03010000
03000806
02060104
01030009
04010000
03000a06
02060105
01040008
01000000
03000806
02060105
01030008
02000000
03000806
02060205
02030008
02000000
03000806
03060205
01020009
02010000
03000806
03060303
0103000a
01000003
0a000834
01060405
0209000a
42000000
03001506
01060304
03040009
01010000
03000708
01060204
03030009
01000000
02000707
00050106
03040009
01000000
03000706
02050206
07030007
02020001
06000c20
00121600
291f002e
00000803
02002129
000a0000
03080030
06030306
00001f03
000a0000
04080030
02000305
00001f04
00080000
0912002e
00000706
00001a0e
000e0802
0c2b001e
21000c06
00021101
00040408
080d000b
27000001
05000e05
02070c09
1317000c
05050006
06050516
01020e06
15190007
0f000004
0c030729
000c0604
1a060008
10050f09
0a0e0538
030c1800
1c34001a
26030f06
06021300
010a0806
22130015
19000000
06001102
01050306
02030005
04010000
03000605
01050206
03030006
02000000
03000606
0005020c
050a0005
00010002
0904050b
0000072e
07100000
00040005
1716000d
00000b34
06030000
03070003
1a150007
00000a35
07050000
02040003
1a15000b
05000d34
06000000
14060004
18140009
0005080d
04020004
1a060000
03001008
00050207
04040005
02020000
03000607
00050206
04040005
02000000
03000507
00050207
02030005
04010000
03000605
00050207
02030004
04020000
03000605
01050207
02030004
03010000
03000605
01050107
02030004
03010000
03000605
01050206
02030005
02000000
03000605
01050207
02030005
03010000
03000606
01050107
01020004
02020000
03000607
01050107
02030005
02010000
03000606
00050107
02030004
02000000
03000605
01050207
02030004
02000000
03000606
01050207
02030004
02000000
03000606
00050207
03030004
01000000
04000607
01040209
02050005
02000002
06000509
00150211
02020004
002b0010
06010516
00150013
00000000
17290012
0202060e
000d010d
02020004
14250009
03000906
01050207
02030004
060f0002
03000505
01050207
02030005
02020000
03000606
01050207
02030004
03010000
03000605
01060107
02030004
02020000
03000605
01050107
02030004
03010000
03000704
01050107
02020004
02020000
03000605
01060207
02030004
02020000
03000605
01060107
02030004
02010000
03000606
01060107
01030004
02020000
03000707
00060107
01020005
01020000
03000706
00060006
01030006
02020000
03000806
01060007
01030005
03030000
03000706
01060007
01030006
03020000
03000805
01060006
01030007
03010000
03000805
01050107
02030006
02020000
03000706
01050107
01020004
03020000
03000705
01060107
01030005
02020000
03000606
01050108
01030004
02020000
03000605
01060206
01030004
02020000
04000606
01050107
02020004
02010000
04000606
01050107
02020004
02000000
04000706
01060107
01030004
03010000
04000705
01060207
01030004
02020000
03000606
01060107
01030004
02020000
04000707
02050207
01020004
02020000
03000607
01050107
01020004
02010000
03000706
01050107
02030004
02010000
04000707
01050107
01030004
02010000
04000706
01050107
02020004
02000000
04000706
01060107
02030005
01010000
04000607
01060107
01020004
02020000
03000606
01050107
01020004
01020000
03000607
00050108
01030003
01020000
04000607
0006030a
01030002
02040001
04000507
0006020a
01000001
03040001
05000506
00050209
01010001
03040001
04000506
0005020a
01020001
03030000
05000606
0004020b
03030000
02020000
05000606
0004020b
02030000
03020000
05000605
0004020b
02050000
02030000
05000606
0004010a
03030000
02020000
06000606
0005030a
01030000
03040000
04000505
0005010a
02010000
03030000
05000506
0005020a
02000002
03040000
04000605
00050109
02030002
03040000
04000606
00050109
01010004
02020000
04000606
00050107
01020005
02020000
03000606
00050107
01030003
02020001
03000406
01060208
00030002
03030001
04000505
010b0208
00010004
020e0003
03000507
010b0105
00010007
04100003
02000706
01070104
0003000c
02090001
01000906
00070004
0005000c
02030000
01000806
00080007
01040009
03030001
02000705
00050007
01030006
01030001
03000606
00050107
00020004
02030001
03000606
00050108
01020004
02030001
03000605
00050107
01020004
03030001
03000605
01050307
02030004
04020000
03000605
01050206
02040005
04000000
03000605
02050207
03040005
03000000
04000605
01050207
02030004
03010000
04000705
01050107
01030004
02010000
04000606
01050206
01030004
02010000
04000607
01050207
01040004
02010000
04000608
01050208
02020003
03030000
0400050a
01050207
02030003
04010000
03000505
01050206
02030004
02000000
03000605
01050207
02030004
02010000
03000606
01050206
03040005
02000000
04000706
01050207
02040005
02010000
04000606
01060306
02030005
03000000
03000605
01050207
02030004
02010000
03000606
01050107
02020004
02000000
03000605
01050107
02030004
03000000
03000704
02060107
02030004
03010000
04000706
01050107
01030005
03010000
04000705
02060107
01030005
03010000
04000705
02060206
02030007
02010000
03000806
02070106
02020008
03010000
03000906
02060104
01040009
03010000
03000907
02060105
02040009
02000000
03000806
02060105
01020009
02000000
03000906
02070104
0202000a
02010000
03000906
03070204
0102000a
03000000
03000806
03070403
01030009
01000003
0a000634
01050405
0208000a
42010000
03001506
01060305
02030007
00010000
03000608
01050306
02040008
02010000
03000606
00050106
02040007
02010000
03000706
00040b05
1510001f
00000001
04001222
00160000
1e080031
05090306
00002028
000a0000
04080030
03000205
00001f04
000a0000
0709002f
02000304
00001f0a
00070000
0d12002c
00000806
0000160e
000e0003
080e001b
1f000d07
00020f02
00030406
091a000e
26000000
04000f00
021b0a09
070e0006
030f0002
09030317
00001509
1e180000
001d0103
0f110022
00060906
19050009
05010908
090b021e
00040304
0c0a000d
0e000d08
00030800
04091601
2234001a
24000f06
07011200
02060a06
1c140012
20000000
07001305
01050206
03030005
02000000
03000606
0005020a
04050006
02010001
07010608
0001042f
070d0000
00060005
18170010
00000b36
08060000
03030004
1b180009
00000b36
08030000
05030003
1a160007
03000c32
07000000
16070003
16110607
00050b0b
05050005
16070000
04000d06
00040306
05050005
03000000
04000507
00050207
04030005
04010000
03000605
00050207
02030005
04010000
03000605
01050207
02030004
03010000
03000605
01050106
01030004
04020000
03000605
00050107
02030004
02010000
03000605
01050207
02040004
02000000
03000605
01050207
03030004
03010000
03000605
01050206
03030005
01010000
04000607
01050207
02030004
02000000
03000606
00050107
02030004
02000000
03000605
01050106
02030005
02010000
03000606
01050207
02030004
02010000
03000606
00060207
01040004
01020000
04000607
00050307
02040004
02020000
03000507
00050206
01040005
02020000
03000605
00050207
02040005
02020000
03000605
01050207
03040005
03000000
04000605
01050206
02030005
03010000
03000605
01060206
02030005
02010000
03000606
01050207
02030005
03010000
03000605
01050206
02030004
03010000
03000605
01060107
02030004
03020000
04000606
01050107
02030004
02000000
03000605
01050206
02030005
02000000
03000605
01050206
02030004
01010000
04000606
01050107
02020004
02000000
03000705
01060106
01030005
02010000
03000706
00060007
02020006
02020000
03000806
01060007
02010007
03030000
03000806
01060107
03020008
01030000
03000707
01050107
02040006
03000000
03000805
01060007
01030006
03020000
03000706
01050107
02020004
03020000
04000706
01050107
02020004
02000000
04000706
01050107
02020004
02000000
04000706
01050107
02020004
02000000
04000706
01050107
02030004
02000000
04000606
01050107
02020004
03000000
04000706
01060107
01030004
03010000
03000705
01060107
01030004
02010000
04000706
02050207
02030004
02010000
04000706
01060206
02020004
02020000
04000707
01050107
01020004
02010000
04000706
02060207
02030005
01020000
04000706
01050107
03030004
02020000
04000707
01050107
02030004
02000000
04000706
01050107
02020004
02000000
04000706
01050207
02030004
02000000
04000606
01060107
02030005
01010000
04000706
01050107
02030005
01020000
04000607
00060108
01020004
02020000
04000606
00050208
02020004
02020000
04000607
00050208
02020004
02010000
04000606
00050208
02030004
02010000
04000606
00050109
02020004
02010000
04000606
00050109
02020004
02020000
04000605
0005010a
02010003
02010000
04000606
00050109
02020004
02020000
04000605
00050008
01020004
02020000
03000605
01050108
01020004
02020000
03000605
00050107
02030004
02020000
03000605
01050207
02030004
03010000
03000605
01050107
02020004
02020000
03000606
01050107
02020005
02020000
03000606
01060207
02020005
03020000
04000506
01050207
01020003
03020000
03000605
01050207
01030004
03020000
04000606
01060206
00030006
02020000
03000706
01060105
00030009
01020000
03000707
01070105
01050009
01020000
02000707
01060006
01030008
02020000
03000805
00060107
02040005
01020000
03000607
00050206
02030005
01020000
03000607
00050206
02030004
02000000
03000605
01050207
02020004
02010000
03000506
01050206
02030005
04010000
03000605
01050207
02030004
03010000
03000605
02050307
02040003
03010000
04000505
02050307
02040004
03000000
04000605
01050207
02040004
02000000
04000606
01050207
01020004
02010000
04000605
01060207
02030004
01010000
04000607
01060207
01030004
00030000
04000609
01050307
02040003
03020000
04000406
01050307
02030004
02000000
03000606
01050207
02030004
02000000
03000605
01050207
02030005
02000000
03000605
01050207
02030004
02000000
03000606
01050206
02040005
03010000
03000605
01060306
03030005
03010000
04000606
01050107
02030004
02000000
03000605
01050107
02030004
03000000
03000704
02050107
02020004
03000000
04000706
02050107
02030004
03000000
04000705
02060207
01030005
03010000
04000705
02060205
01030006
02010000
04000707
02070205
01030008
03000000
03000a04
02060206
03040009
02010000
04000806
02060205
01020007
02010000
03000806
02060105
01020009
02000000
03000a06
03070104
0103000b
03010000
03000906
03070203
0003000b
03020000
02000806
03070403
0101000a
01000003
0a000734
01060305
0209000b
42000000
03001605
01060105
02030008
00020000
03000708
00060106
02030008
01020000
03000607
00050106
02030007
02000000
03000807
00140601
14070023
00010107
0100132c
000a0000
0c080030
04040505
00002003
000a0000
06090031
03000304
00002004
00080000
0a14002f
00000605
00001c0e
00080000
0d0c0024
02000807
0000120c
000a0006
070d001b
14000b08
00020d02
01030308
0316000a
23000202
01020b00
00030409
06050003
06010006
09000420
00041308
140a0007
0007090d
09100034
00030604
0f06000c
08010b09
01050304
00020305
0608000b
06020909
00050304
000c0303
0b0a000c
11010f08
00030602
050a1305
0f300017
29001000
06031300
01050206
1b020009
13010000
07000a06
00050107
03040006
01000000
04000606
0000022c
0a0e0000
00020005
18180014
00000a36
0b030000
03050005
1a17000b
00000c36
0c000000
05040003
19150007
02020c28
0d000000
16050002
0f0a0902
06060409
151d0002
0c050001
0c010806
0705010a
12140001
09040001
0d000a05
02050107
0a040004
09040001
05000b05
00060107
02030004
02020000
03000605
01050107
02030004
03000000
03000605
01050207
02030004
03000000
03000605
01050107
02030004
02000000
03000605
00050107
02030004
02000000
03000605
01050307
03040004
02000000
04000605
01050207
03030004
02000000
04000606
01050206
02040004
02000000
03000605
01050207
02030004
02000000
04000606
01050207
02040004
02000000
03000606
01050207
02030004
02010000
04000606
00050207
02030004
02000000
04000606
00050207
02030004
02010000
03000507
00050107
02030005
02010000
03000606
00050107
02030004
03020000
03000605
01060107
02030004
03020000
03000605
01050107
02030004
02020000
03000605
01050107
02030004
02010000
03000606
01060107
01030004
03020000
03000605
01060207
01030004
03010000
03000605
01050107
02030004
03020000
03000606
01060207
01030004
03010000
03000606
01050207
01030004
03020000
03000706
01060207
01030004
02020000
03000706
01050107
01030004
02020000
03000607
01050206
02030005
02010000
03000706
01060106
03030007
02000000
03000806
01050106
03040008
03000000
03000806
01060106
02040008
02010000
03000806
01060106
01030006
03010000
03000705
01050207
02030004
03010000
04000606
01050107
02020004
02000000
04000706
01050107
02030004
02000000
04000706
01050107
01020004
02000000
04000605
01050107
02020004
02010000
04000606
01050107
01030004
02000000
04000605
02060107
02030004
03010000
04000705
01060107
02020004
02020000
04000706
01050207
02030004
02000000
04000706
01060207
02030004
02020000
04000706
01050107
01020004
02010000
04000706
01050107
01020004
02000000
04000707
01050206
02040005
01000000
04000607
01050107
02020004
02000000
04000706
01050107
02020004
02000000
04000706
01050107
02020004
02000000
04000706
01050107
02030004
02000000
04000706
01050206
02030006
01000000
04000706
01060207
02030006
02010000
04000607
01050207
01030004
01020000
03000607
01050106
01020004
02020000
03000607
01050107
01030004
01020000
03000607
00050107
02030005
02010000
03000605
01050107
02030004
02010000
03000606
01050207
02030004
02000000
03000605
01050207
02030004
02000000
03000605
00050107
02030004
02000000
03000605
01050107
02030004
02000000
03000605
01050106
02030005
02000000
03000605
01060207
02030005
03010000
03000606
01060107
02030004
03020000
03000705
01050107
02030004
02020000
03000605
01050106
02030004
02020000
03000606
01050207
01040005
02010000
03000606
01050207
02020004
03010000
04000605
01050107
02030004
03020000
04000706
01060107
01030004
01020000
04000607
01050107
01020006
02010000
03000705
01060107
02030005
01020000
04000607
01050107
01030005
02020000
03000706
00050207
01030005
01020000
03000607
01050207
01030004
01020000
03000507
01050207
01030004
02020000
03000506
00050207
01030004
02020000
03000605
01050207
01030004
03020000
03000605
01050207
01030004
03010000
03000605
01050207
02030004
03010000
04000606
02050207
02030003
03010000
04000505
02050307
02040004
03000000
04000605
01050207
03030004
02010000
04000606
01050207
02030003
02000000
04000606
01050207
02030004
01010000
04000509
01060407
02040002
03020000
04000408
01050307
02020003
03000000
04000606
01050107
02020005
02000000
03000705
00050107
02030005
02000000
03000606
01050107
02030004
02000000
03000605
01050206
02030005
02000000
03000706
01060207
02040005
03000000
03000605
01050207
03040004
03010000
04000605
01050107
02030004
03000000
03000704
01050107
02030004
02000000
04000706
02050207
02030004
03010000
04000704
02050207
02030004
03000000
04000705
02060206
01020006
02020000
04000806
02060205
01040009
03010000
03000805
02070105
01030008
02010000
03000806
02060205
02030007
01010000
03000707
03060205
02040007
02000000
04000805
03060105
01030009
03000000
03000904
03070203
01030009
02010000
03000806
03070303
0103000a
02000003
0a000735
01060405
0209000a
42010000
02001506
01060205
02030008
01000000
03000707
00050106
02040007
01010000
03000707
01050106
04020008
01020000
04000c17
000f1000
1d190029
00010401
01001c26
000b0000
04060030
02000205
00001f05
00090000
080b0031
01000405
00001f0a
00070000
0c14002d
00000706
0000170c
00060000
0609001f
03000807
00001105
0006000a
060f0019
0f000908
00040900
0103090d
08140004
1a040404
00030900
00020307
0a080004
19000004
06000d14
000a0307
0b00000a
0013060e
07090130
00040304
080e0010
08020a09
00050503
00020304
09070009
05000908
00050206
00030304
0708000b
06000908
00050301
02131803
0e350018
2a020e07
00060900
01050205
0a08000c
34010000
07001405
01050208
03090006
02010000
0800050b
00010523
131d0000
00000002
17130016
00000c33
18020000
05020002
1813000a
00020d2e
15000000
0a020005
130d0009
0000041e
08190000
0e060003
0d070107
02000634
0e300000
03070005
1509000e
06000537
0d2e0000
0c0b0004
14040700
0403041b
0c140000
12020000
0a001302
02050206
0a030005
0a000000
05000905
01050207
02030005
03000000
03000605
01050206
02030005
03000000
03000606
01050207
02030004
03010000
03000605
00050107
02030004
02000000
03000605
01050107
02030004
02000000
04000606
01050207
02030004
02000000
03000606
01050207
02030004
02010000
03000606
01050207
02030004
02010000
03000606
01050207
02030004
02010000
03000605
00050107
02030004
02010000
03000605
00050107
02030004
02000000
03000605
01050207
02020004
02020000
04000606
01050207
02030004
02010000
03000606
00050108
02030004
03020000
04000706
01050108
02040004
02010000
04000705
01050207
02030004
02000000
03000605
01050107
02030004
02000000
03000605
01050306
02040005
03010000
03000605
01060207
02040005
03010000
03000605
01050107
02030004
02000000
03000605
01060207
02030004
03010000
03000705
01060107
02030004
03020000
04000706
01050107
02030004
02010000
04000706
01060206
02030005
01020000
04000607
01050206
01030004
02010000
03000606
01060106
01030006
02010000
03000807
01060007
02030006
03020000
03000806
01060106
02040006
02020000
04000807
01060107
01040005
02020000
03000705
01060206
01030004
02010000
04000606
01060206
01030005
02010000
03000706
01060207
02030004
02010000
04000606
02060206
02030004
02010000
04000606
01060207
01020004
02020000
04000706
01060207
01030005
02020000
03000606
01060207
01030005
03020000
03000705
01050107
01030004
02010000
04000706
01060107
01020004
02010000
04000706
02050207
03030005
02000000
04000706
02050207
03040005
02000000
04000605
02050207
02030004
02000000
04000706
01050107
02020005
01010000
04000607
01050107
02020004
02000000
04000606
01050107
01020004
02000000
04000705
01050107
02020004
02000000
04000706
01050107
02020004
02000000
04000706
01050206
02030005
02000000
04000606
01050206
02030005
03010000
04000706
01050107
02030005
01010000
04000607
01050207
02020005
02010000
03000606
00060206
02020006
02000000
03000706
01060106
02040006
02020000
03000706
01050206
03030006
02010000
03000607
01050206
02020006
02010000
03000605
01050306
02020006
02010000
03000606
00060207
02020007
02010000
03000606
01050206
01030004
02020000
03000606
01050106
01020005
03020000
03000706
01060106
01030006
03010000
03000706
01050107
02030005
03010000
03000706
01050107
02030004
02000000
03000605
01050207
02030004
02000000
04000606
01050206
02030005
02010000
03000606
01050207
01020004
03020000
03000605
01050207
01030004
03020000
04000705
01060107
02030004
02000000
04000607
01050106
01020004
02020000
03000606
01060107
01020004
02020000
03000606
01050207
02030004
01020000
03000607
01060207
01030004
02010000
03000606
01050107
01020004
02020000
03000606
00050107
01020004
01020000
03000607
01050207
02040004
02010000
04000606
01050207
02030003
02000000
04000506
01050207
02030003
03010000
04000605
01050207
02030004
02010000
04000605
01050207
02040003
02010000
04000606
01050307
02030004
03010000
03000605
01050207
03040004
02000000
04000505
02050207
02030003
02000000
04000605
02050207
02040004
02010000
04000507
00050207
01010003
00020000
04000609
01040307
02040002
02020000
03000506
01050207
02030005
02000000
03000605
01050107
02030004
02000000
03000605
01050207
02030004
02000000
04000605
01050207
02030005
02000000
04000606
01050207
02030004
02000000
04000606
01050207
02040004
03000000
04000604
01050207
02030004
03010000
03000704
01050207
02030005
03000000
04000605
02050207
02020004
03010000
04000705
02050106
01030004
03000000
04000705
02060206
01020007
02000000
03000906
02070004
0103000b
02010000
03000a05
02060206
03040008
02000000
04000706
02070205
02020008
03010000
03000906
02070105
01030009
02020000
03000806
03060105
01030008
03010000
03000805
03070203
0203000a
02000000
03000906
03070403
0102000a
03000003
0a000734
01060406
01080008
43010000
02001506
00060105
02040009
01020000
03000707
00050106
02030007
01010000
03000807
00060206
0204000a
00020002
03000c22
00130500
1207002c
09040406
00001f2c
00090000
06090030
02000304
00001f07
00080000
0d12002f
00000705
00001c0d
00080000
0c0c0025
03000907
00001309
00060002
060f001e
04000808
00001104
0006000e
04100010
0f060808
01050500
02080512
090d0000
17060607
03050507
00000308
03090003
25010002
0400110e
000a0404
1102000b
0001080a
0709002a
00040106
070a0011
0903090a
00060404
00030505
06070009
0409090d
00080107
00020405
060d0009
0701090b
00080102
050e0308
0809000c
250d110b
00040901
01031706
1833001a
2c000501
07001400
01040212
040d0004
01020003
0d030411
0000032e
0a220000
01070006
15130018
0000092a
06060000
050f0306
10080011
00000717
12140000
09090106
0a080405
00000423
09140000
08000004
110d0003
00000036
0a030000
05030005
150c0004
00000035
0a060000
07090003
16080007
04000930
07140000
13080001
12050c03
03040b0c
0c150004
16000000
06000e01
01050107
02030004
03010000
03000606
01050206
03040005
03000000
04000605
01050207
03030004
03010000
03000605
01050207
02030004
02000000
03000606
00050207
02040004
02000000
04000606
01050207
02030004
03010000
04000606
01050107
02030004
02000000
03000605
00050207
02030005
02000000
03000605
00050107
02030004
02000000
03000605
01050107
02030004
02000000
03000605
00050107
02030004
02000000
03000605
01050107
02030004
02010000
03000606
01050107
02030004
02010000
03000606
00050107
02030004
02010000
03000605
00050107
02030004
02010000
03000605
01050107
02030004
02010000
03000606
01050207
02030004
02000000
03000605
01050107
02030004
03010000
03000604
01060207
01030004
02010000
03000606
01050107
02020004
02000000
03000605
01050207
02030004
03000000
03000605
01050207
02020004
03000000
04000706
01050207
02030004
02000000
04000606
01050107
02030004
02010000
04000706
01060107
01030004
02010000
04000606
01060107
01030005
02020000
04000706
01060107
01050006
03020000
04000706
01060107
02030004
02010000
04000706
01050107
02020004
02000000
04000706
01050107
02020004
02000000
04000706
01050107
02030004
02000000
04000706
01050107
02020004
02000000
04000706
01050207
02030004
03000000
04000605
01060207
01030004
03010000
04000706
02050206
02040005
02010000
04000607
02060207
02030005
02000000
04000705
01050107
01020004
02000000
04000706
01050107
02030005
02000000
04000706
02060207
02030005
02010000
04000706
01060207
02040006
02010000
04000606
02050207
03020004
02000000
04000705
01050106
03030004
02010000
04000707
01050207
02030004
01020000
04000607
01050107
02030004
02000000
04000706
01050107
02030004
02000000
04000706
01050206
02030005
02010000
04000607
01060206
02030005
02010000
04000607
01050206
02030005
03010000
03000706
01060206
01030006
01010000
04000606
01060106
02020005
02020000
04000606
01060106
02020006
02020000
03000707
01060107
02030006
02020000
03000707
01060206
02020007
02020000
03000706
01060106
01030006
02020000
03000605
01060206
01030006
02020000
03000706
01060106
01040007
03010000
03000706
01060206
02040005
02010000
03000606
01050206
02030005
02020000
03000606
01050106
02030005
02010000
03000605
01050207
02030005
02000000
04000606
01050107
02030004
02000000
03000605
01050206
01030004
03010000
03000605
01060107
01030004
03020000
03000606
01050107
02030004
02020000
04000606
01050207
02030004
02010000
04000606
01060207
02030004
02010000
04000706
01050107
02020004
02000000
04000706
01050107
03030004
02000000
04000706
01060107
02020004
02020000
04000607
01050107
02030004
02010000
04000606
01050207
02040004
02010000
04000606
01050207
02030004
02010000
04000607
01050207
01030004
01030000
04000607
01050307
02030003
03020000
04000407
01050308
01040002
03020000
04000505
01050207
02030003
02000000
04000505
01050207
02030003
02000000
04000606
01050207
02040004
02000000
04000606
01050307
02040004
03000000
04000505
01050308
02040003
03010000
04000506
02050208
01030002
02010000
04000606
01050207
01020004
02020000
04000609
01050207
02030004
03020000
0400060a
01050207
02020004
03010000
03000605
01050207
02040004
02010000
04000506
03060407
090f0002
02000000
06010508
03040207
0b060002
07000000
06000505
01050207
02030003
02030000
04000606
01050207
02040004
03010000
03000605
02050306
02040004
03000000
04000604
01060206
02030005
03010000
04000605
02050207
01030004
04000000
04000704
02060107
02030004
02010000
04000706
02060106
01030006
03010000
03000906
02070105
0205000a
02010000
03000a06
02060205
02040009
02000000
04000706
02060205
02020008
03000000
03000805
02060105
02040008
02000000
03000806
03060204
01030009
03010000
03000806
03080203
0203000b
04000000
02000905
03080303
0001000b
02020003
0a000936
01050405
02090009
44000000
03001507
01060205
02030008
01000000
03000708
00050106
02030008
02010000
03000707
00050206
0207000b
00010004
03000b1b
00110001
00070029
00180009
00001b29
00080000
0e15002e
00010707
00001c11
00070000
10130029
03000907
0000130c
00060000
0609001f
04000807
00001104
00060008
0612001b
0b000808
00040e02
00040510
010d0000
10060507
03070003
02090517
0a070000
20010607
050a0806
0001040b
020e0003
23100002
0300100a
000b0105
0a05000a
000b070d
060d0234
000c0108
040f0011
1e070a0a
00080f00
00070505
06090009
0517090f
000d012a
00080210
04100007
150b080b
000c0000
00060d11
01100000
0817000b
040a0014
06120606
050e0010
32090d06
00091500
00040213
0b0b0007
04010003
0e040412
0000032f
0c0c0000
04040006
16130018
0000012e
05020000
040b0006
130c000c
00000025
00080000
05100007
0e09000e
00000720
12070000
06060407
0e0e000b
0000042f
13060000
0a000205
130b0002
00000034
0d040000
0a060004
14090005
00000132
04040000
0a080004
12060303
04050c1a
0b150000
16070000
08010e00
01050106
11030004
13000000
07000c05
01050306
02030005
03000000
03000605
01050306
02030004
03010000
03000605
01050206
02030004
02010000
03000606
01050206
02030004
02010000
03000606
01050207
02030004
02010000
03000606
01050207
02030005
02000000
03000606
01050207
02040005
02000000
03000606
00050107
02030004
02000000
03000605
01050206
02030005
02000000
03000605
01050107
02030005
02010000
03000606
01050107
02030004
02000000
03000605
01050207
02030004
02010000
03000605
01050207
02020004
02010000
03000606
01050107
02030004
02000000
03000606
00050107
02030004
02000000
03000605
01050107
02030004
03000000
03000605
01060207
03030005
03020000
04000606
01050207
03030005
02000000
04000605
01050107
02020004
02000000
03000605
01050207
02030004
02000000
03000605
01050207
02040005
03010000
04000604
01060207
02030004
02010000
04000606
01050207
02020004
02010000
04000606
01050207
03030005
02000000
04000606
01050107
02020004
02000000
04000706
01060207
02030005
01000000
04000606
01050207
02020005
03000000
04000706
01050107
02020004
02000000
04000706
01050107
02030004
02000000
04000705
01050107
02020004
02000000
04000706
01050107
02020004
02000000
04000706
02050107
02030004
03000000
04000605
02050207
02040004
03000000
04000705
02060207
03020004
02020000
04000706
02060207
03020004
02020000
04000706
01050107
02020005
02000000
04000706
01060206
02030005
02010000
04000706
02060206
01030004
02000000
04000706
01060207
02040005
02010000
04000707
01060207
02030004
03020000
04000606
02050206
02030004
02010000
04000606
01050207
03040004
01010000
04000707
01050107
01020004
02000000
04000705
01050107
02020004
02000000
04000706
01050207
02030005
02000000
04000706
01060206
02030006
02000000
03000607
01050207
02020005
03010000
04000706
01060106
02030005
02000000
03000706
01050207
02040005
02010000
04000606
01060107
02030006
02000000
04000707
01050207
02030005
01010000
04000607
01050206
01040006
02010000
03000706
01050206
02040005
02010000
03000605
01050206
02030005
02000000
04000606
01050107
02040005
02000000
03000606
01060207
01040005
02010000
03000606
01050206
03030004
02010000
04000606
01050107
02030004
02010000
03000605
01050107
02030004
02000000
04000605
01050207
01030004
02010000
03000606
01050207
02040004
03010000
04000605
01050207
02030004
02000000
04000606
01050207
01030004
02010000
04000606
01050107
02020004
02010000
04000706
01050207
02030004
02000000
04000606
01050107
02030004
02000000
04000706
01060207
02040005
02020000
04000707
01050107
02030005
03010000
04000706
01050207
01020004
02020000
04000606
01050207
01020004
02020000
04000607
01050107
02030004
02010000
04000606
01050207
02040004
01000000
04000507
01060207
02020003
03020000
04000507
01050207
03030003
02020000
04000505
01050307
03030003
02010000
04000506
01050307
04020004
02000000
04000506
01050307
03030004
02000000
04000506
01050307
03030004
02000000
04000605
01050307
04040005
04000000
04000604
01050307
06040005
04000000
04000705
01050106
02030005
02010000
04000706
01070207
02050004
00040000
0400060a
01050207
02040004
03010000
04000605
01050207
02030004
02010000
04000606
04020819
10260000
00010003
0e100317
0703091a
0a160000
1b000000
0c020402
06050a15
0e1d0000
01030000
0d040412
04040610
0e160000
0f000000
0b000a03
02050307
05030003
08010000
05000704
01050206
02030004
03010000
04000605
01060107
01030004
03010000
03000704
02060207
02040004
03000000
04000706
02050107
02030006
03000000
04000806
02060107
02030005
02010000
04000706
02060206
01020008
02010000
04000806
02060204
02030008
02010000
03000705
02070105
02030008
03000000
03000805
02070104
01020009
03010000
03000907
03070203
0003000b
04010000
02000906
03070203
0003000b
04010003
0b000936
01040406
01090008
43010000
0400140a
02060405
05050008
04000000
03000808
00060106
02040008
02000000
03000806
00050007
01050007
00020000
03000808
000b0103
0702001a
000a0006
0200112b
000a0000
0a100027
00050807
00001321
00060000
07090021
03000808
00001203
00060000
070f001f
05000908
00001003
0005000f
04110014
0e050709
01070600
00000d10
0a0a0000
0a070207
0408000f
00070c10
10180005
1c000d04
040b0900
0305090b
0e120005
19040000
06000b00
000d0305
17020008
000b050d
0a0e0943
020f1405
0d290015
23011204
00071000
0009040a
1e130008
0d020b0b
0c0f0033
00060613
00080000
1f10060c
000b0100
00090713
00000000
0b1b000d
03080020
05101207
0a260015
2a160e0b
000c0f25
00020113
170c000a
27000003
0e041013
0000032d
0d0d0000
08020006
15150018
0000032c
05010000
05050004
120c0005
00000328
06010000
03090005
110b000f
0000011f
02050000
020a0008
0d0a000d
00000423
0b080000
08090608
0e0b000c
00000034
0b0b0000
13000105
13090100
00000033
04020000
090c0006
1109000b
03120d20
050e0000
0f090003
0b020806
00050307
03080005
1b130000
03001104
01050206
02040005
03000000
03000605
01050206
03040005
03010000
03000605
01050206
03030005
02000000
03000605
01050306
03030005
02010000
03000606
01050207
02030005
02000000
03000605
00050107
02030004
02010000
03000606
01050207
02030004
02010000
03000605
01050207
02030004
02000000
03000605
01050207
03040005
02010000
03000605
01050107
02030004
02000000
04000606
01050206
02030004
03000000
03000605
01050206
03040005
02010000
04000606
01050207
02030005
02000000
03000606
00050107
02020005
02000000
03000705
00050107
02030005
02010000
03000606
01050206
02040005
03010000
03000605
01050206
03030005
02000000
04000606
01050206
02030004
03020000
03000605
01050107
02030004
02010000
03000705
01060107
02030005
03010000
03000705
01060107
02030005
03020000
04000706
01050207
02020004
02010000
04000606
01050206
02030004
02000000
04000607
01050206
02030005
03010000
04000607
01050107
02030004
03010000
04000706
01060107
01030005
02010000
04000706
01050107
01030005
02010000
04000706
01050207
02030004
02000000
04000706
01050107
02020004
02000000
04000706
01050107
02030004
02000000
04000706
01050107
02020004
02000000
04000706
01050107
02020004
02000000
04000706
02050207
02040005
02000000
04000606
02050206
03030005
03000000
04000606
02050206
03030005
02000000
04000606
02050206
03030005
03000000
04000707
02050206
03040005
02000000
04000606
02060207
03040004
02000000
04000606
02060207
02030004
02010000
04000706
01060206
03040005
01010000
04000707
01050206
02030004
02000000
04000606
01050207
02030004
02000000
04000606
01050207
02030004
02000000
04000706
01050107
02020004
02000000
04000706
01050107
02030004
02000000
04000707
01060206
02030005
03000000
03000707
01050107
02030005
02010000
04000706
01050107
02030004
02010000
04000706
01060107
02020005
02020000
04000706
01050206
02030006
01010000
04000707
01050207
02030005
02010000
04000606
01050107
02020004
02000000
03000605
01050107
03040004
02000000
04000606
01060207
05040004
02000000
04000706
01050207
04040005
02010000
04000706
01050206
05040005
04000000
04000706
0105030c
05060006
0c020004
04000707
06080208
040a0006
080e0006
08000907
030f0509
2b09000c
090b0003
08010e11
01050208
0f050004
14050002
05000806
01060107
01040006
02060001
04000707
01060209
02040005
04040001
04000706
01050107
01030005
02010000
03000706
01050207
02030004
02000000
04000606
01050207
02030004
02010000
04000706
02050107
02030004
02010000
04000706
02060207
05050005
02010000
04000707
02050207
03050004
03000000
04000605
01050107
04030004
02010000
04000707
01050307
05040004
01000000
05000607
01050207
04040005
02000000
04000606
02050407
08080004
02000000
0600060a
03070706
120b0006
0b000000
05010706
01050207
03040005
03020000
04000606
01040308
03040004
03020002
04000506
01040309
03040005
04070002
03000607
01050207
02030004
02030000
03000606
01050207
01030004
02010000
04000506
01050307
03050005
02010000
03000608
02060406
04060006
07000000
03000704
01050107
02040005
04000000
04000705
01060107
01030005
02020000
0400070a
01050207
02040004
03040000
0400050b
0205020a
03050003
03020000
07000613
00070620
1c280000
00000402
160f0020
0100091e
070f0000
1c010000
09060800
0003001e
04000000
010f0007
0d080315
02000817
07140000
0c0a0004
06010705
0204070f
0c080001
0f000003
08000c04
02050207
02040004
03010000
04000604
02050207
02030004
03000000
04000704
02060107
01020004
03000000
04000706
02060106
02030005
03000000
04000707
02050107
02030006
02000000
04000705
02060106
01030007
01000000
04000807
02060105
01050008
03000000
03000805
02070105
01020008
03010000
03000806
02060105
0102000a
04000000
03000a06
04070204
0102000a
04000000
03000806
04070303
0002000a
04000002
0b000836
01050406
01090008
45010000
0300150b
01090205
01030008
04060000
02000809
00060006
02040008
02010000
03000806
00040107
02030005
00000000
04000608
00060206
0105000f
00040007
03000c29
000c0000
0009001f
0012070e
0000102b
00060000
060a0020
03000908
00001104
000a0006
0511001c
12010809
00030e01
00060311
000a0003
1611040b
010a0108
0001100e
0c020007
00080608
040a0014
00090c09
0e13000e
1b000b08
000b0004
0208080c
090f0003
1d000002
01020b00
000d0a09
18100006
0001060c
0b11073c
00060e03
081e0014
0a020c09
00050304
0009000b
090e000a
0f0c0b0b
04100406
0008060f
000c0000
2b0a0007
00060a00
00030709
0c0c0006
030f0003
0a030019
0612070b
07040009
1d0a0e09
090b032d
00030310
18120012
32000005
0b041312
0008032c
09010000
080e0008
12120016
0000072a
0d000000
01090006
100d000c
00000626
0a000000
0a050006
100b0007
00000225
02070000
04090007
0e0d000b
00000225
00060000
030b0008
0e09000f
0000002d
070c0000
110f0308
0f0b0004
0000022d
0e040000
05040005
1409000c
03030620
09020000
12030003
0b040501
00050208
00040005
1e030000
03001205
00050107
02030004
02010000
03000606
00050207
02050005
03000000
03000605
01050207
03030005
02000000
04000605
01050206
03040005
03010000
03000606
01050306
03040005
03010000
03000605
01050107
02030004
02000000
04000606
01050207
02030004
03000000
03000705
00060206
02040005
02010000
03000706
01050207
02030004
02010000
03000605
01050207
02030004
02000000
03000605
01050107
02030004
02000000
03000605
01050207
02030004
02000000
03000605
00050207
02030004
02000000
03000605
01050207
02040005
02000000
03000706
01050207
02040004
02000000
04000606
01050207
02030004
02000000
03000605
01060206
02040005
03000000
04000605
01050107
02030004
03000000
03000605
01050107
02020004
02000000
03000705
01060107
02030005
03000000
03000805
01050207
03030005
02010000
04000605
01050207
03030004
02000000
04000605
01060107
02030004
02010000
04000606
01060107
02020004
02020000
04000706
01050107
02020004
02010000
04000706
01050107
02030004
02000000
04000706
01050107
02030004
02000000
04000706
01060107
02030004
02010000
04000706
01050207
02030004
02000000
04000606
01060207
02030005
02010000
04000706
01050107
01030004
02000000
04000705
01050107
02020004
02000000
04000706
01060107
02030004
02010000
04000706
01050207
02040004
02010000
04000606
01050107
02020004
02000000
04000706
01050207
02040004
02000000
04000706
01050107
02030005
02000000
04000706
01050207
02030004
02010000
04000606
02050307
02040004
02010000
04000606
02050207
02030004
02000000
04000706
01050107
02030004
02000000
04000706
01060107
02030004
02010000
04000706
01050107
02030004
02010000
04000606
01050107
02020004
02000000
04000706
01050107
02020004
02000000
04000707
01060107
02030005
03010000
04000707
01050107
02030005
02010000
04000706
01050107
02020004
02000000
04000706
01050207
02020005
02010000
04000707
02050206
02040006
01000000
04000606
01050107
02030005
02000000
04000607
01050208
03060003
01000000
05000607
07040111
06250002
02010000
0e010506
0a030013
0a210000
05060001
11000704
09030014
06200000
03080000
10000709
08060012
11190000
0c060000
0c000703
0b140d13
07460000
0e110000
0e001308
09070016
1b1f0000
001a0000
1c00061f
0c0c171b
11390001
16180000
1204051e
100c030f
0f2d0000
2b130001
0f001708
09070016
1a220000
03190006
13000822
0a080012
10290000
020a0000
10000c0b
05050206
070b0004
09020000
07000c08
01050206
03040004
02000000
04000605
01050207
03030005
02000000
04000706
01050307
03040004
02010000
0500070c
02050609
080c0004
06000000
05000809
02060406
070b0005
08000000
04000607
01050307
04030005
04010000
04000606
01060407
03040004
02030000
04000508
01060207
01030005
03040000
03000605
0301080b
090d0001
00030003
0b05022f
09082501
3133000c
12000b04
0d0e0a2c
06071b03
3224000b
0e000a00
0d050702
09091308
2b1e0006
0f000100
10040600
08091108
3b160004
050a0000
1402070d
08050d07
3b100006
01050000
1202030a
04060e08
39120007
1a000000
0a060505
01050308
05030004
04030001
04000709
01060206
02030005
07020000
03000704
02060206
01030004
04010000
03000705
02050207
01040005
02010000
04000707
01070207
01040004
00040000
0400060c
01050110
0b0d0002
03020002
0c00061a
00040026
14160000
08090307
14090127
04000920
030c0000
19080003
0a060500
0002071d
09140000
10000001
10050210
0510091b
04070000
110b0003
0a050a05
010a020d
02000002
091a0002
06000b11
02050207
02050004
03020000
04000606
02050207
02030004
03010000
04000704
02060107
01020004
03000000
04000706
02060207
02030004
03000000
04000706
02060107
01030004
02020000
04000706
02060206
02030007
02000000
03000907
02070105
01030009
03010000
03000805
03060105
01020007
03000000
03000806
03070204
0203000b
03000000
03000905
04070204
0104000a
05010000
03000804
04070303
00010009
05010003
0b000837
01050306
01080008
46020000
03001609
01060205
01030007
00010000
03000708
00050007
01040007
02010000
03000706
00050107
02040005
00010000
03000608
00050206
0103000a
00030002
03000c11
000c0202
0906001d
000e030c
01000e2b
00060005
0513001e
060c080e
00010e09
0008000e
0011000e
1b0b0709
00060600
00060f0e
131d0000
0a0e0104
0b09051a
00051003
0e020010
01000708
040a0014
00090d02
08060011
15000b09
000a0003
02090c0b
0a180009
28000304
03050a00
0015040b
00100002
0912000f
0907073f
0006080a
060f0007
062b0b12
000c012b
020d090e
071e000c
29040b09
010b0500
000a070c
0b110003
22180006
0503090b
000b0507
0f0e0004
06070005
0601070c
020c060c
06000000
00130b0a
090b002a
01091707
12320017
29060906
0b070e00
0002071e
0a0c0000
00030006
0f0d0015
00000921
0d0a0000
07030005
110d0009
00010419
10130000
0d070004
0e080104
00000226
0e070000
04050005
120d000c
00000727
04050000
05070005
100d000f
00010725
0a120000
13040405
0c0c000e
00000626
0e020000
05080004
0e0b0009
0405041f
09030000
14040004
0c080503
02040a0a
0e120006
1c050000
07001305
00050207
03040005
02000000
04000606
01050207
03040004
02000000
03000605
00050107
02030004
02000000
03000605
01050307
02040005
02000000
03000605
01050307
02040004
03000000
04000605
01050207
03030004
02000000
04000606
01050207
03020004
03010000
04000605
01050107
02030005
02000000
03000706
00050107
02030004
02000000
03000606
01050207
02030004
02010000
03000606
01050207
02030004
02010000
03000606
01050107
02030005
02000000
03000705
00050107
02030005
02000000
03000606
00050207
02030005
03000000
04000606
01050208
02020004
02020000
03000606
01050207
02030004
02000000
03000605
01050207
01020004
03010000
03000605
01050107
02030004
03010000
04000606
01050107
02030004
02000000
04000605
01050207
02040005
03000000
04000706
01060206
02040005
03010000
04000605
01060206
02030005
02010000
04000606
01060207
02030004
02010000
04000706
01050207
03030004
02000000
04000706
01050306
03030005
02000000
04000606
01050306
03040005
03000000
04000606
01050207
03040004
02000000
04000607
01050207
03040004
02000000
04000606
01050307
03030004
02000000
04000606
01050206
03030005
03000000
04000705
01050107
02030005
02010000
04000706
01050107
02030004
02000000
04000706
01050107
02020005
02000000
04000706
01050107
02030005
02000000
04000606
01050107
02020004
02010000
04000706
01050107
02020004
02000000
04000706
01050107
02030005
02000000
04000706
01050207
02020003
02000000
04000606
01050107
02020005
02010000
04000706
01050107
02020004
02010000
04000706
01050107
02020004
02000000
04000706
01050107
02020004
02000000
04000706
01050207
02030004
02000000
04000607
01050207
03030004
02000000
04000606
01050307
03040005
01000000
04000607
01060307
03030005
03000000
04000706
01050207
03020005
03000000
04000705
01050207
02030004
02000000
04000607
01050206
03030005
02000000
04000606
01050307
04040004
00000000
04000608
01050407
05040004
01000000
05000608
01040310
080d0002
00000000
0c00040d
0200003c
18300000
00010001
200d0011
04000641
112d0000
09010002
1c0d0004
0100073a
161d0000
14000000
1b090010
010f052a
151b0000
1d1a0000
13030f18
02000238
1a230000
00030000
1f0b0014
01000739
0f270000
15000000
190b0006
000a0034
14000000
151b000a
15030814
07001831
16420000
0a140002
160b011e
00000239
1e230000
02000000
210d000f
0900053e
0e2a0000
09030001
1b0c0306
07020e20
0b180000
19000000
0c021000
02050307
04060004
03020000
04000605
01050207
01030004
02010000
04000706
01050207
01050004
02010000
04000607
010b0108
00050005
020b0002
0400060a
010f0509
000a0002
090f0001
0400080a
01060208
01030003
03030000
04000606
01060207
01020002
02030000
04000506
02050109
01050003
02030000
0700050a
00000c1d
0c1d0000
00030007
1713002e
00090c13
00050000
011a060f
0b0e0029
00090f0e
021b0000
0c0e0409
020d0000
010a1d0c
081f0000
0d0f0407
03100000
000d260b
0d1f0002
091f0709
08090017
000a2701
24220010
02170e0b
09090016
040e2303
21300020
2d0d110a
0d0a1000
01060707
1906000c
25030000
0600100b
02060207
01030004
06020000
03000705
02050107
02030004
05010000
04000705
02060107
03030004
02020000
04000706
01070107
03030004
00030000
0500070c
00000817
18200000
0004000b
0f060321
00030026
210d0000
0806010d
170b0013
00000524
0e120000
10050203
0d0a0104
00000c1e
0e100000
16000004
0e090105
07020b18
14090000
11000004
0e060105
05080e0e
0f0a0000
0e000003
08000a0c
02060307
07050004
04020000
05000707
02050207
02020004
04010000
04000704
02050207
01030004
02010000
04000706
02050206
02030005
03000000
04000705
02060107
02010007
02010000
04000807
02060206
02030008
02010000
03000906
02070105
02020009
03000000
03000906
02070105
0102000a
02010000
03000a06
02070103
0202000c
03010000
02000a06
03070104
0002000b
05010000
02000902
04080204
00030009
06020002
0b000938
01060406
00070009
48020000
0300160a
01060206
01020008
00010000
0300070a
01060007
02040007
01020000
04000706
00050207
02020004
01020000
04000608
00050206
02050006
00010001
0300070b
000e000c
00070008
0619000c
06000723
000b000f
00130004
08280412
060e0035
00030711
06090000
0b0a0209
04090006
0001100d
0e02000b
00000506
0508000f
00050f00
0d060014
02000609
000a000c
00060d00
06090011
09000709
000c0004
0407060b
08080004
29000606
00080a00
0004070b
1714000e
19000003
0b000d17
000e050b
00060000
00210112
070b0033
0308060e
05100004
2b130d10
000f0303
000e0a0a
070e0001
12010003
05010712
00030808
080b0004
09120006
03000807
0005060c
08100004
00020008
0a090029
04100e05
0b240014
290d0c07
000a1109
0002001a
15030007
15030006
0d070815
00000320
08020000
060c0008
0c0e0018
00000524
09170000
040a0008
0e09000b
00000224
0b0e0000
0c050005
11090001
00000526
0c040000
03020004
110c0009
0002041f
07080000
080a0006
0c07000e
0000051b
0e100000
07060006
0c0a0008
0000061b
07040000
08050006
0a080003
030a0c15
05110000
190c0004
03031000
00050307
02040005
03010000
03000606
01050207
03030004
03010000
04000606
00050207
03030004
02000000
03000605
00050107
02030004
02000000
03000605
01050307
02040004
03010000
03000605
01050306
03040005
02010000
04000606
01050206
03040005
03000000
04000605
01050207
03030004
02000000
04000605
01050107
03030004
02000000
04000605
01050107
03030004
02000000
03000605
00050107
02030004
02000000
03000605
01050107
02030005
02000000
03000705
00050107
02030005
02010000
03000706
01050107
02030005
02000000
03000705
00050207
03030005
02000000
04000706
01050207
02030005
02000000
03000605
01050207
02030005
03010000
03000604
01050207
02030004
02010000
04000606
01050207
02040004
02010000
04000606
01050207
02020004
02010000
04000606
01050306
02040005
03010000
03000605
01050306
03030005
02000000
04000606
01050306
03040005
02000000
04000606
01050307
03040005
02010000
04000607
01060206
02030005
02010000
03000606
01060206
01030004
03020000
03000606
01050207
02030004
02010000
04000607
01050207
02040004
02000000
04000606
01050206
02030004
02010000
04000605
01050206
02030005
03010000
03000605
01050107
02020004
02000000
04000706
01050107
02030004
02000000
04000606
01050107
02030004
02010000
04000706
01050107
02030004
02000000
04000706
01050107
02020004
02000000
04000706
01050107
02030004
02000000
04000706
01060206
02030004
02010000
04000606
01050107
02020004
02010000
04000706
01050207
02040004
02010000
04000706
01050207
02030004
02000000
04000606
01050107
02020004
02000000
04000706
01050107
02030004
02000000
04000706
01050206
02030004
01010000
04000607
01050306
02030005
02020000
03000605
01060207
01020004
02020000
03000606
01060207
01030005
02020000
03000606
01050107
01030005
03010000
03000705
01050107
02030004
02010000
04000707
01050207
02030004
02010000
04000607
00050207
02030004
01000000
04000608
00050108
02050004
00020000
04000509
0004001a
060e0001
00010004
0f020415
00030039
0d1f0000
070f0007
1a100017
0000003a
0a010000
05070004
170d0009
01000035
0f050000
10040304
160b0004
00001036
1b2d0000
08000003
220b0010
00000037
0a080000
06070003
190b0006
00000037
09040000
0c070003
170b0005
01001036
1b320000
0d040003
1f0a0007
00000338
1a0a0000
07060003
230e0012
00000236
0e0a0000
0b050004
190f0006
00000d38
09000000
0b090007
1817000c
09011f2b
0b210000
19060001
100e0d09
04050608
0c030002
1c020000
0a001106
01050207
02030003
02010000
04000606
02050207
01020003
03020000
04000606
02050207
01030003
02010000
04000606
01050107
01030004
02020000
04000606
01060207
01030005
02020000
04000606
02050307
02040002
03010000
04000507
0205020e
020d0001
02030001
0d010513
03001321
0a220000
01020004
171b001b
010b1e18
09000000
00060309
0e0f001d
00080c04
11000021
0c070609
000b0c0d
000c1504
1503001d
0f0a0609
040c0a00
00001903
1d0d0014
06070307
040c0215
000b0f00
120e0011
060f020b
020a050d
03170203
00050016
2b20030e
00001000
02060806
1220000c
18270008
07060808
02050206
04030005
04010000
04000606
02050306
05060005
04000000
04000605
01050306
04030005
03000000
04000706
0105020a
04060005
01000000
0800060d
01180513
0e100001
06080003
0b04070f
000e0326
0d080000
002b000a
1109021c
00030029
09090000
26080207
0e0c0009
00090024
00000000
251b000a
0a090709
02090520
00000000
0c1b0008
08060007
08080514
010f0000
06190003
0c030707
04050307
07070002
03110002
07000611
02050207
01020004
04000000
03000804
01050107
02030005
02010000
04000706
02050206
01020004
03000000
04000705
02060206
01030007
03010000
03000806
02060105
02030008
03000000
03000807
02070005
00040009
04010000
03000906
03060005
01030009
03000000
03000a05
03080103
0103000b
04010000
02000a05
04090104
0002000b
06010000
02000a03
06090204
0001000b
09020002
0b000a39
02070404
0007000b
4b030000
0300180a
01070204
01030009
00020000
0300060b
01050107
03050007
02010000
04000708
00050107
02020006
01010000
04000708
00050106
01030005
00020000
03000608
030a0b0c
07100003
0a020005
0b000413
000c0b14
160a0000
020c010e
10120037
00000f0f
10040003
01020406
0509000b
00040f01
0f02000f
0f02060f
0108000a
00060f00
040d0014
02120512
000f000c
00060e00
06090012
09000709
000e0005
00010f0a
0c0f0003
10000508
000b0000
05060e0b
1521000c
27000803
06021400
000c020e
10110008
0711000b
0a050d2b
0013010e
00000000
1d250011
02110a11
000b0a09
000c0004
0f180007
03000608
00090308
05080007
01050004
0300070a
000b090c
07170007
00080008
09060012
030f100b
0521000f
200f0c0a
06090326
0001010d
070e000b
2c000004
0701100d
0007011b
03030000
020e0007
0c070015
0002011e
090a0000
02080005
0b05010a
00000020
07040000
08080006
0a040304
00000022
07000000
05070006
0c060007
0000011f
0d070000
05070105
0b06000b
0001021d
10080000
060e0005
0b0a020c
00010718
08080000
0b050002
0a080003
03060814
0d090000
1d070000
06051200
00050207
06040004
04030000
05000806
00050307
03030004
01000000
04000507
01050306
03040005
03000000
03000604
00050107
02030004
02000000
03000605
01050107
02030004
02000000
03000605
00050206
02040005
02000000
03000606
00050207
02030004
02000000
03000606
00050207
03040005
02000000
03000605
01050206
03040005
03000000
04000605
01050307
03030005
03000000
04000605
01050207
03030004
02000000
03000606
01050207
03040004
02000000
04000606
01050207
03040004
02000000
04000606
01050306
03040005
02000000
04000606
01050207
04040005
03000000
04000606
01050207
02040005
02000000
03000606
01050207
02030005
03000000
03000604
01050107
02020004
02010000
04000606
01050107
02030004
02010000
04000606
01050207
02030004
02010000
04000606
01050207
02030004
02000000
04000605
01050207
02030004
02000000
04000606
01050206
02030004
03000000
03000605
01060206
03040005
02010000
04000605
01050306
03040005
02010000
04000606
01060206
02030005
02000000
04000606
01050207
02040005
02010000
04000607
01050207
01030004
02020000
03000607
01050107
02030004
03010000
03000605
01060107
01030004
03020000
03000706
01050207
02040004
02010000
04000606
02050207
02030004
02000000
04000606
01050207
02030004
02000000
04000706
01050107
02020004
02000000
04000706
01050107
02030004
02000000
04000705
01050107
02030004
02010000
04000606
01050207
02030004
02010000
04000706
01050207
02040004
02000000
04000606
01050207
02030004
02010000
04000605
01060107
02030004
02010000
04000606
01050107
02030004
02010000
04000706
01050107
02030005
02000000
04000706
01060107
02020004
02020000
04000706
01060107
02030004
02020000
04000606
01050207
02030004
02000000
04000606
02060207
02030004
02000000
04000606
01050107
02030004
02010000
04000706
01050207
02030004
02000000
04000606
01060107
01020004
01020000
04000607
01050107
02030004
01010000
04000607
00040109
02040003
00010000
0500050a
0003001b
050b0000
00010005
0f05040f
0000003b
06080000
010d0007
170f0014
0000003b
03040000
03080004
170a000c
00000132
0a090000
0a080204
140d000f
00000037
09040000
0d060004
170b0004
00000039
07030000
06060003
170c0005
0000003a
06030000
05060003
170b0004
00000039
06020000
04060004
170c0006
0000003a
05030000
06070004
170d0006
00000237
05060000
0c080004
16100004
02031222
10080000
0e0d0004
130d0018
09081421
141d0000
2408000a
101c0013
03050c0c
02050003
24120000
04001005
01060207
02030004
03010000
04000605
02050307
03030004
02010000
04000606
02050307
03030004
03000000
04000605
02050207
03040005
02010000
04000707
02060206
03040005
01010000
04000607
02050208
05020004
02010000
05000507
03030d15
0d2a0000
01010001
13110316
03001823
11120000
04050005
1b1e001c
07091c1f
00080000
080f000a
10170017
080e090e
0014000c
0226000e
000a030f
07040510
0019000d
0315000c
000c000b
080e0310
00120009
0619030b
000a0205
070d0b08
0013000a
0515070e
000d000c
0b0d1f04
082f000b
2f1d040b
00080903
070d1206
2917000f
1f040305
080c0c19
01050206
03030005
01010000
03000607
02050307
04060005
04000000
04000506
02050406
04050005
04000000
04000606
01050210
080f0005
01000001
0d000513
06060819
0d190000
14020001
0e0b0c15
000a031f
05090001
02070009
0e00061d
0409002a
01120000
2c18000a
0d130308
02020a1c
09010000
1d180001
0d01020b
00000717
170a0000
05050000
1106010d
05001120
0d140000
04030001
11080008
0304080c
07030001
08030000
0a000806
02050208
02030004
04010000
04000804
01050007
01030005
02000000
04000806
02060207
02030005
03010000
04000705
02060206
02030007
02010000
04000806
02070105
02020008
03010000
03000807
02060105
01020009
03000000
03000906
03060105
01020009
03000000
03000906
03070103
0103000b
05000000
02000905
05090203
0004000a
08010000
02000902
070a0203
0000000b
0e040002
0b000b3a
02070404
0007000c
4d020000
04001a0b
02060205
00020008
00020000
0400060b
01080106
00030007
01040000
03000708
01060106
02030007
00020000
03000708
01050106
01030005
01010000
03000608
02090409
03100009
06020001
06000708
0012070d
2307000f
0026040c
0b0d083e
00090c05
12050015
2500060b
020a060a
00150105
000a000b
2622000e
00000d00
000c0d01
0009000b
0030000e
03100031
00050f00
060b0011
050e070f
000f000b
0004100a
080e000b
0a000609
020e0000
01050712
09160000
1d000707
01080f00
0006060d
0f150006
1b010000
0a000e01
00190508
0d100006
0a1b0003
05010a06
00060206
03060007
00040002
0400050b
00040907
0d13000a
00060005
04040317
00090b08
0f170006
0a070005
0707070d
0310070c
08000000
08100d0a
090b0024
01021106
13250013
27000602
07030f00
00050318
04060002
00050006
0c050015
0000021f
050b0000
030c0007
0c0e0014
0000021c
060b0000
07060004
0a060004
0000011b
07080000
04010004
0c07000a
0000021c
0a070000
03040406
0b08000d
00020817
0f100000
08050307
0c0a0005
00000719
0a090000
0b010005
090a0007
03050817
09110000
1c010304
07050e00
01040408
0a050005
10000000
06000c05
00040306
04040005
03000000
03000605
00050206
02040005
03000000
03000605
00050207
02030004
03000000
03000605
00050107
02030004
02000000
03000605
00050207
02030004
02000000
03000605
00050107
02030004
02000000
03000605
00050107
02030004
02000000
03000605
01050206
02030005
03010000
03000605
01060207
02030004
02010000
03000605
01050206
02030004
02020000
03000606
01050306
02040004
02020000
03000506
01050307
03040004
02010000
04000506
01060307
03040004
02000000
03000606
01050206
03040005
04020000
03000606
01050306
03030005
02000000
03000506
01050306
03040005
03000000
03000605
01050206
04040005
03000000
04000605
01050207
03040005
03000000
04000705
01050207
03040005
02000000
04000606
01050207
02030003
02010000
04000606
01050107
02020004
02000000
03000605
01050107
02030004
02000000
04000605
01050107
02030004
02000000
04000705
01050206
02030005
02010000
03000705
01050207
03030005
03020000
04000606
01060207
02030004
02020000
04000706
01060107
02020005
02010000
04000707
01060107
02030004
03020000
04000706
01050207
02030003
02010000
04000606
01050207
02030003
02000000
04000606
01050207
01020004
02010000
04000605
01060107
01030004
02010000
04000606
01050107
02020004
02010000
04000606
01050107
02030004
02010000
04000606
01050207
02030004
02000000
04000606
02050307
03040004
01000000
04000507
01050407
03030003
03000000
04000505
02050307
02030004
02000000
04000605
01050207
02030004
02000000
04000607
01050207
03030004
02000000
04000705
02060206
02040005
02010000
04000606
02050307
03040004
03000000
04000605
01050207
02020004
02000000
04000706
01050207
02030004
01010000
04000506
01050207
01030002
02010000
04000506
02050207
02030004
02000000
04000605
01060107
02030004
02010000
04000606
01050207
02030005
02000000
04000707
01050107
03030004
01000000
04000607
00040109
03040002
00010000
0500050a
00030015
08070000
00020002
0f050217
00000938
151e0000
0c000003
1b190015
0000003b
09000000
05070004
180b000c
00000031
07050000
09070206
140c000f
00000037
07090000
0c080005
170d0003
0000003a
07020000
07050004
170c0005
0000003b
07000000
06060004
180c0007
00000039
1a020000
06060004
180e0007
0000003a
13020000
08070004
190d0007
00000038
06040000
08060004
170d0005
01001f2b
11240000
07070006
1312000f
0b0f1123
0c070000
20180508
171a0000
09032311
0e1a0000
19090000
0a090e06
02050306
04030004
03000000
04000605
01050307
04040004
02000000
04000606
02050306
04040004
02000000
04000606
02050306
05050004
02000000
04000606
01050306
04050005
01000000
04000607
02040307
04060005
03000000
05000606
00000820
101b0000
00000004
171b001c
01001824
050a0000
05040006
161e0008
07001b22
02030000
0f070004
121c0000
06032019
12090000
0b060005
131b0010
07041f1b
2d0c0000
091a0007
16210004
09001b1c
200a0000
0e1d0007
14180007
0b0a1920
02140000
07190006
10190004
0c051b20
03110000
09240004
121b0004
0819120d
01040000
0e240004
06050406
00040207
02020004
01010000
04000508
01050307
03040004
02000000
04000407
01040407
04050003
04000000
04000504
0001021a
0e1e0000
00000004
100a031a
05001323
100d0000
12000003
140e0213
03030716
111f0000
1b020007
0c080f10
030f0628
0f0a0000
281c0008
1413040f
03110a16
09000000
0b0a0004
0a000c16
00140519
00090000
06220005
0c050a11
0102091e
03050000
070c0001
0c06050c
0105070a
02010001
07030000
04000603
02050208
01020003
04020000
04000705
01050107
02030005
02000000
04000706
02060107
01020004
03020000
04000705
02060106
01020007
02020000
03000706
02060105
01030007
03010000
03000805
02060105
01040008
03010000
03000806
03070105
01030009
04000000
03000905
04080104
0002000a
05020000
02000903
060a0203
0003000b
0c020000
01000a01
090c0202
0000000c
12050002
0c000c3d
03070403
0009000c
50020000
04001a0c
02070105
01020008
00020000
0400060c
01060106
00020006
00020000
03000709
01060107
01030007
01020000
04000707
00050107
02030005
00020000
04000608
00050107
02030005
00020000
03000709
00140906
020d000d
0019000c
05001133
00190005
001a001b
2d370611
0011131b
010b0906
1814000f
0d240006
06080709
00110505
170d0009
110f0008
0702062d
000a0f00
0c080010
0321050e
03120033
00050f06
070e000e
09000809
000e0000
00030714
090b0000
17000708
03090200
01030710
10150002
25050000
04000f00
000f060c
0d0c0006
0f140004
07000e0e
00050106
04040008
00020003
05000714
00130906
0b10000a
07000004
05030811
000c0708
0e0e000a
0c140006
05040607
0009040c
050a0001
000f0009
08090028
030f0606
06140011
2c090d06
000a1000
0004020e
11060007
0d000004
09030712
00030522
08070000
000d0009
0f100018
00000421
05050000
06030005
0d0b0005
0000051d
06080000
06010004
0c090008
0000041c
05020000
01060006
0b09000a
00030515
06050000
04050106
07080007
00000616
0b090000
08050206
09090004
00050714
07040000
1c060004
05060b00
00050508
03030004
0d090001
03000803
00040306
03040004
03000000
03000505
01050206
03030005
04000000
03000505
01050306
03040005
03000000
03000605
01050306
03040005
03000000
03000505
01050206
02030005
03000000
03000605
00050107
02030005
02000000
03000606
01050207
02030004
03000000
03000605
01050207
01040004
03020000
03000605
01050207
02030004
02010000
03000605
01050206
02030005
02000000
03000606
01050307
03040005
02000000
04000606
01050306
03030005
02010000
03000506
01060307
02030004
03020000
03000606
00060206
01040005
02020000
03000605
01050207
01030004
02020000
03000606
01060307
01050004
03020000
03000605
01050207
01030004
03010000
03000606
01050307
02050004
02010000
03000506
01050307
02040004
03010000
04000605
01050307
03030004
02000000
04000606
01050206
03030005
02000000
04000606
01050307
03030004
01000000
04000606
01050307
03030004
03000000
04000705
01050206
02040005
02000000
04000706
02050207
03040004
02000000
04000606
01050206
03030005
03000000
04000606
01050206
03030005
02000000
04000606
01050206
03040005
02000000
04000605
01050107
02020004
03000000
04000606
01050207
02020004
02010000
04000606
01050206
02030005
02010000
04000606
01050207
02020004
02010000
04000606
01050207
02030005
02000000
04000706
01050107
02040005
02010000
04000706
01060207
02020004
01010000
04000707
01050207
02040004
01020000
04000507
01050207
02020004
03020000
04000605
01050207
03020004
03010000
04000605
01060207
01030004
02010000
04000606
01060207
01030004
02010000
04000606
01050107
01030004
02010000
04000607
02060207
01030003
02020000
04000506
02050207
02030004
02000000
04000606
02050207
03040004
02000000
04000506
01050207
02020003
02010000
04000606
01050207
02020004
02010000
04000607
01050207
02040004
02000000
04000606
01050307
02030004
01000000
04000607
01050207
02030004
01000000
04000606
00040209
02030003
00000000
05000509
00040211
050d0000
00020007
0c04021b
000c0534
070c0000
0a19000a
1315001d
00000039
08030000
0b070004
170b000b
00000033
06030000
040b0106
150c0010
00000036
0b070000
0e010204
150f0000
00000038
06020000
06070004
160c0004
00000337
08000000
06060004
160a000e
00060a2c
0e000000
0b0f0809
13100010
00001232
280c0000
0f0b080f
18140019
00000939
1c080000
12020709
18180000
00000d2f
0a040000
0c140006
15100008
01001524
050c0000
09110008
121a0009
0807141f
07010000
1e110002
0b0c0d00
02040407
04050003
04010000
04000505
01050307
04050004
03000000
04000506
01040307
04050004
02000000
04000507
01040307
03040003
02000000
04000606
01050306
03040005
02000000
04000605
0105020a
04070004
01010000
0b000612
0100111f
271c0000
02000002
181c0020
05001823
12050000
12040005
151e0002
03002420
150c0000
0a0a000c
141a001c
04092412
251f0000
1f0a0111
12150005
00092c0f
20190000
081f0a18
101d0025
00002211
25130000
1b120212
13150000
01052013
20230000
0c000003
111a0004
0500191b
1a000000
14030001
13180008
0205100b
02010003
0e070001
03000606
01050206
02030005
00010000
03000509
00050208
03030004
00010000
04000408
01040309
04060001
05000000
04000507
0003001e
110e0000
00010005
120c031b
05040826
09050000
10080006
120c000f
030c0b1f
0b320000
12090003
110e0708
03010e22
03030000
18120001
12080302
05130b0b
090d0004
10060000
06000b05
00030616
121c0001
04010000
13040b19
03030717
06000000
07020000
0c03060d
02050209
01020002
04030000
04000605
02050307
02030004
04000000
04000705
02060107
01020005
03010000
04000706
02060207
02030004
03020000
04000706
02060107
02020005
02010000
04000806
02070105
01020007
03020000
03000805
02060105
01030008
02010000
03000806
03070205
00020008
04020000
03000805
04080203
0003000a
07010000
02000902
070b0103
0002000b
10030000
02000b00
090c0205
00010009
13060000
0e000d44
03070305
00050009
54050000
04001c0f
02080105
00020008
00030000
0400070d
01060106
01020007
00020000
04000709
01070106
01020007
00020000
03000708
00060107
01030006
00010000
04000608
00060107
01020005
00020000
04000708
050c0e06
04240011
100a0004
0500101a
02250405
0c150011
20250309
0d080e36
011e1306
0e210012
03090206
0506091b
00010f05
17130010
1c1b0004
07050f24
000c0f00
25040010
0302050a
09130035
00040e00
070a0010
0901070a
000e0004
00020c11
0a090003
0a000608
030c0000
02030815
0a160000
23010505
05050c00
0105080b
15100008
10090000
0600110d
00040206
0f070008
12010002
05000e0d
000f0606
040e0008
000f0006
05020313
00110c06
0a13000b
0f100005
03030b07
0003060d
09100005
00020007
0805001e
010a1109
06270015
24110909
03080823
00040109
0c0b000c
29000001
06001006
0002041d
0d040000
00090007
0e12001c
00000621
11040000
07030006
0d0e0004
0000061d
11030000
05030004
0c0a0008
0000071a
0c080000
05000005
0c0a0007
00000617
04060000
03040006
090a0007
00000417
03080000
05060007
080a0006
04060611
03030000
1f040103
01070c00
00050306
03040005
06020001
03000505
00040306
03040005
03000000
03000505
00050306
03050005
03010000
03000605
00040206
03040005
03000000
03000605
01050206
02040005
03000000
03000505
01050306
03040005
02000000
03000505
01050207
04030005
03000000
03000605
03070f08
10200006
00020001
0707061a
05051106
1c200005
07000000
0a030604
07050d05
1a1a0005
06000000
0d010703
09060d05
2d190005
05000000
0f020607
09060a06
30140005
05010000
0f000605
08070906
30100005
04020000
0f010606
08060707
2f0e0004
05020000
0f000606
08080707
2e100004
07010000
0e000705
07060a07
2c130005
00030000
0e02060b
07070907
310f0007
09010000
0d000604
07050a07
2a110003
02020000
0d010508
08060907
2b120004
04020000
0e010506
07070807
2c100005
04010000
0e000606
06060706
280d0003
07010000
0c000507
07060806
25100005
04000000
0c010607
06070807
250e0007
02010000
0c000606
05060607
1f0d0004
09010000
0b000605
04070507
1b070004
0c010000
07000805
01050107
02020005
02010000
03000706
01050207
01040004
02020000
03000607
01050207
02030004
02010000
03000606
01050207
02030004
03000000
03000605
01050207
02030004
03000000
04000606
01050207
02030004
02000000
04000605
01050107
02030004
02000000
04000706
01050206
03030004
02000000
04000606
01050207
03030004
02000000
04000606
01050207
02030004
02010000
04000605
01050206
02030005
02000000
04000606
01050207
02030003
02010000
04000606
01060107
02030004
02020000
04000607
01050207
03050005
02010000
04000706
01050207
03030005
03010000
04000705
01050207
03020005
02000000
04000706
01050207
03030005
02000000
04000706
01050207
03030005
02010000
04000606
01060307
02030004
02010000
04000606
01050207
02030004
02010000
04000506
01050207
01020003
02000000
04000605
02050207
02040004
01000000
04000607
01050207
01040003
02020000
04000506
01050307
02030004
01010000
04000607
01050207
02030004
02000000
04000606
01050207
02030003
00010000
04000509
0004010f
04080000
00020002
0b040211
0000042f
0b150000
01020006
16110017
00000039
04060000
0a0e0006
170d0005
00000032
07000000
00090106
150a000f
00000036
080a0000
0f090307
140f0003
00000038
07020000
08050004
170c0003
00000239
04030000
07080005
170b0012
0000161d
0d270000
10090607
0f15001b
05101e22
1d130000
0e320010
151b0011
000d0c27
090f0000
091a080b
1016001b
00000d2d
18100000
16040708
16180000
01001d1c
16130000
0a040703
15200013
09011b1f
1b150000
21060002
11130400
03040708
0d030002
18000000
08000f05
01050307
02020003
02010000
04000605
01050207
03040004
01000000
04000506
01050307
03040004
02000000
04000506
01040407
04050004
02000000
04000506
01040a0a
0d1b0003
01000005
0b060521
0007141d
1b230000
12140a0d
131f002e
05001824
00120000
1a0e0006
121c0000
0513191f
10000000
050a0205
10130010
05191a16
192b0000
1a320000
130b0410
0a1c1f15
0f120000
111c0300
13130005
02101e0d
3a0f0001
00460a09
0f0e002a
010d1813
242b000d
1b050b0d
0c170206
03030d16
0a0c0000
2c0d000a
0a090300
01050807
02020003
05080000
04000606
00050206
02020005
00010000
04000609
00040209
03050004
00010001
0400040a
0104020b
04050000
01030002
07000210
00090a18
1d140000
00000106
1008001b
00000128
0e130000
06060006
130d0009
0200122a
02230000
1b0d0004
13130000
03030d20
08060000
100e0003
0a040406
01110610
08170003
17130003
0704120a
02010517
02110000
020f0001
0d05000e
0104080e
03000000
08020000
07000504
02050208
01020003
04010000
04000604
02060207
01020004
03020000
03000705
02050108
02040004
03000000
04000605
02060207
01030004
02010000
04000706
02060207
01020006
02010000
04000805
02060205
02030008
03000000
03000805
02070105
01030008
03000000
03000905
03070105
0002000a
05010000
03000905
04080104
0002000a
08020000
02000902
080e0104
0000000a
14050000
01000e00
080a0106
00000208
12080000
11000f4c
03080304
00050009
59060000
04001e15
02080104
0000000a
00040000
0400070e
01070105
01020009
00020000
04000709
01060106
01030007
00020000
03000709
01060107
01030006
00020000
04000708
00060107
00020004
00020000
03000708
030b0907
0215000d
0d020001
03000808
00111105
09240018
000f0108
070c102e
020d0204
0c100011
1e050006
0600111f
00061c01
2d230017
000b050a
0a060324
00090e00
160c0012
030e090e
070d000e
00040d00
07090010
0403070a
000c0009
00040e0d
080d000a
0b000709
020e0000
00030315
0b110000
18020607
03090b00
00100a0e
09190002
1b070001
06001000
00040407
0f0f0008
0b150004
05000b09
000a0907
060f0008
00050005
04040417
00090607
050f000a
0a060005
02000802
00080509
040c0004
04060007
05040511
040f060c
04040004
11100d0a
07090223
00021105
11270015
28000200
05001100
00070113
04060006
00070009
0b09021f
00030b1a
070a0000
050d020b
0a10001a
00000a1a
060a0000
060b0108
0b0c0003
0000071b
02060000
05060007
0a0c0004
0000071a
03040000
04040007
0a0d0005
0000061b
03090000
04050006
0a0d0005
04040c16
050d0000
1d050103
06080a00
00040207
06040004
14010000
04000b06
00040306
03050005
03010000
03000505
00050206
04050005
03000000
03000605
00050306
03040005
03000000
03000605
00050206
03040005
02000000
03000605
00040206
03040005
02000000
03000606
00040306
04040005
02000000
03000605
00070313
090b0001
00000006
0e11001e
03000d16
01110000
05050006
0b100006
03001618
0f1f0000
0005000b
09110010
01011c19
15240000
031c0812
0b0e000e
02062017
172e0000
091a0711
0a0f0005
03131d15
0d290000
0c1a0306
070d0004
05211c13
00230000
1a2e000f
02060300
01241617
00260000
0b4f0012
01050117
000e1a17
00230000
003b030e
0709001a
02021c17
182e0000
04320814
0b0e001a
03001b15
25280000
050b060f
0d0d000b
04001e17
232e0000
03110812
0e0e0008
03041e19
212c0000
120f0512
0c0c0000
0404181a
0c2a0000
131d000e
0b0a0004
04011a19
12290000
01190310
0a0b0016
07001a16
1e2d0000
05100611
0e0d0009
0600151a
1e240000
0d080010
0c0c0003
07041415
0d210000
18100008
08070e00
01060107
03030005
02020000
04000706
01060207
03030004
02010000
04000606
01060107
01030004
02020000
04000706
01050107
01020004
02020000
03000606
01050207
01030004
03010000
04000606
01060207
01030004
02010000
04000606
01060207
01020004
02020000
04000606
01060107
02030004
02010000
04000706
01060107
02020004
02020000
04000706
01050207
02030004
02020000
04000706
02060206
01030005
02020000
03000606
01050207
01030005
02010000
04000606
01060307
01030004
02020000
04000606
01060107
01020004
02020000
03000607
01050206
02040005
03020000
04000607
02060206
01030005
02020000
04000606
02050206
01040005
02020000
04000706
01060207
01040005
02020000
04000606
01060207
01030004
02020000
03000605
01060207
01020004
02020000
04000606
01050207
02020004
02010000
04000606
01050207
02020004
02010000
04000606
01050207
02020004
02010000
04000606
01050207
01020004
02010000
04000607
01060107
01020004
03020000
03000606
01050208
01030003
00020000
05000509
0004010e
02060000
00020004
09010312
00060030
050c0000
000e0007
130f0015
0000003a
06030000
03080004
180d0006
0000003a
04040000
02090004
180c000b
00000038
020a0000
090e0006
160d0006
00000038
05040000
07070004
170d0003
0000003a
05090000
06060003
180c0005
0000092f
0c010000
001d0208
150c0019
00001917
1c1b0000
1414070c
13180009
000a181c
141d0000
100b030a
141c0019
00090c26
060d0000
0118040c
0c180019
00060c33
10130000
0b0f030c
13150008
05060c34
00250000
1e200008
130e0408
0204090e
02040000
1e090000
04000e05
01040407
03030003
03000000
04000505
01050207
02030004
01010000
04000507
00040207
03030004
01000000
04000507
01040406
03030004
02000000
04000406
0005090e
18150000
00000003
0f0e0027
000d151c
211a0000
130c0405
121c0014
04001b23
01090000
1b060005
111c0000
0006191f
10000000
00060006
1311001a
0200131f
190f0000
17020304
0e0f0005
00162811
1e160000
0218000b
0d090120
00161504
0c200011
02150208
0a040e0a
051b0f19
01180006
1f210309
090d0000
04030d15
01000000
15320006
07030503
01050207
02030004
02010000
04000606
01050107
02030004
01010000
04000608
00050209
03050003
00020001
0600040b
01020d13
0e220000
00030002
0b090117
00080317
0f070000
0d140007
0e030310
00020026
0b120000
16130007
100d0015
04000c2a
04010000
1a0f0003
11100000
060f091c
0f000000
0e0c0002
0e06030b
020c091a
0b1e0000
101a0001
15071019
02040918
07100000
050c0000
0e04030c
0205060a
02010000
07040000
04000603
02050207
01020003
03010000
04000605
02050207
01030004
02010000
04000706
02060107
01020004
03010000
04000705
02050107
01020004
02010000
04000706
02060107
01030005
03010000
04000805
03060205
01030007
02020000
04000706
03070105
01020009
03010000
03000904
04080103
0104000b
07010000
02000a05
060a0103
0002000b
0b030000
01000b00
090c0005
0000010b
14070000
01000f00
08070007
00020308
09080000
12000f4f
040a0304
0004000d
600a0000
0600231d
03080203
0002000b
00060000
04000713
02080105
00030009
00020000
0400070a
02060106
00020006
00020000
04000709
01060107
01030006
01020000
04000707
00060106
01020007
00020000
03000708
050b0007
02020006
0a030000
03000808
02220d05
0a1d0011
01000002
0c000a27
00061503
0f2c0017
1d200008
07101017
001a0505
000d0006
002d000e
0503051b
040b080c
0714000b
0e1d000f
0813001a
0305100a
000b0007
001d040f
010e001c
00051005
0807000c
0709070c
000e0007
00040619
0e070002
16000908
040b0200
02000a13
0d170000
1d000201
03000d00
010f080d
140f0007
11140004
06000f09
000a0107
05070008
00050005
04000717
00080608
000b0006
0b0b0005
0103060e
00050408
07050006
05050003
04010508
000a030b
02060000
000e020a
06070028
030d0705
06160012
28090d05
00081100
0004030c
10080007
0b000004
09030711
00040719
05030000
000b0008
0c10001a
0000091a
04050000
06070006
0a0d0004
0000081b
03030000
04060007
0a0d0006
0000081a
05060000
04050006
0b0f0006
0000081b
05040000
03050006
0b0e0005
04040c1b
050b0000
18050105
0a0c0106
00040608
05050003
1e000000
04000d05
00040207
03030004
02010001
03000506
00040207
03040005
03010000
03000605
00040306
03040005
03000000
03000605
00050306
03040005
03000000
03000505
00040206
03030005
02000000
03000605
00050207
02040004
02010000
03000506
00040314
030a0001
00030008
0d0e001a
0000101b
05060000
0010000f
0b120010
02081816
0a0e0000
0a0a000b
0d16000a
05091718
140b0000
121e000b
0e110006
000a0619
0a000000
06260012
0d100010
03061c19
00130000
07270113
09130015
0e001f16
1f1f0000
1a1d0111
0d13000c
0b001d14
291e0000
13000003
19140013
0b091a14
1b170000
17000000
1811000f
06170e1d
150c0000
15350017
160c001f
00100a1e
06000000
03330016
07130018
010c0e1b
00000000
0627000c
09130009
030e161a
06000000
0c2b000a
0a100009
01061515
100a0000
0e1c0002
0d0e0008
000c1615
10080000
041c0006
0f0e000f
050d0a1c
05000000
17260010
0d0f0003
0612021e
05000000
0c3c0015
0b0c000e
050b0e17
0c000000
0730000b
0a09021e
02040406
06050005
04000000
04000705
01050306
04040005
03000000
04000705
01050207
03030005
03000000
04000705
01050207
02030004
02010000
04000606
01050207
02020005
02010000
04000706
01050107
02030005
02010000
04000706
01050207
02030004
02010000
04000606
01050107
02020004
02010000
04000706
01050107
02030004
03010000
04000706
01050107
01030004
02020000
04000607
02050207
01030004
02010000
04000606
02060206
02040004
02010000
04000607
01050206
02020005
02000000
04000606
01050206
01030005
02010000
04000606
01050207
02040004
02010000
04000508
01050207
02030003
02010000
04000605
01060207
02020005
03010000
04000706
01060207
01020004
02020000
04000605
01050207
01030004
02020000
04000606
01050207
02030004
02010000
04000606
01050107
01020004
02020000
04000607
01060207
02030004
02010000
04000606
01050107
02020004
02010000
04000706
01060107
02020004
02010000
04000706
01050107
02030005
02010000
04000706
01050108
02040004
01010000
05000608
0004010e
03040000
00020001
0700030b
00000031
080b0000
00050006
160e0014
0000003d
06040000
03050004
190d0007
0000003d
05020000
05070004
190c0007
00000039
04020000
05080004
170d0007
00000038
05010000
06080004
170d0007
00000239
17010000
06050003
170f0008
0015052c
12030000
0c110307
17180013
000c111c
120d0000
0e22000f
121c0022
0213161b
0a160000
192a020e
0d170013
000d211c
1d180000
06040805
131e001b
00000935
1b160000
151b060a
1616000f
0500013b
10010000
120a0003
190c0005
0402101b
09140000
15090000
08010d01
01050308
02040003
03010000
04000506
01050307
04050003
02000000
04000506
00040307
03040004
01000000
04000507
02050406
08040004
01010002
09000522
00061d04
2e2b0010
00000906
0f0c002c
02060d1e
17130000
25070b0a
0b190000
04001b22
02030000
16100007
121b0005
040a1b1f
020a0000
020f0009
13170020
00001713
12100000
09240810
060e0023
00001e0a
1e18000c
0a07040f
0a0a020c
04120a1b
152a000e
19110110
09160005
060b131d
000a0000
1822000a
06130000
01060e0a
01010004
0f0b0001
03000607
01060107
01030004
02030000
03000706
01050207
01030004
01020000
04000608
0004010a
04040003
00010001
0500050d
000c0018
080a0000
00030006
0c0c0014
01010717
04060000
130b0006
0906040e
000c002a
000b0000
1319000a
0d110015
05000e2a
01060000
150b0004
0f110000
0416111a
0a0f0000
09040001
0d040108
0205081b
08110000
0a170001
11070410
03040b14
06000000
07030000
0d03050a
02050308
02020002
05020000
04000504
01050207
01020004
04010000
04000605
02060207
01030003
03010000
04000605
02060107
01020004
03020000
04000706
02060107
01030004
03010000
04000805
02060206
01020005
02020000
04000707
02060206
01020006
03010000
04000706
03070206
00020007
05010000
03000a05
04090005
0002000a
07050000
02000b03
070b0103
0001000c
11030000
01000c00
090c0006
00020309
13080000
02000e00
08080107
00000206
02010000
13000e4f
050a0505
000b000c
66060000
0700251c
03090004
0000000a
00060000
05000617
02070105
00010008
00030000
0400070c
02060105
01010008
00020000
04000809
01070105
00020008
00020000
03000808
01070006
02030008
01020000
03000807
00060007
01020006
00020000
03000808
060d0e06
03230013
0e0e0005
0500101e
02280505
0c180014
20280109
0e081035
00050d0b
1520000c
07020006
0a0b0519
040e1a15
03180000
0e110108
0d1e000b
04041e16
05080000
040c0009
0e1b0021
00061800
0606000f
0412060c
00110020
00050910
0a09000e
10000909
00090000
00080312
08070000
1e000503
02040c00
0107070a
140f0009
0b100000
06000d08
00050006
0d080008
12010001
0500100a
000a0307
0a060005
00090004
06020410
00060305
0e070009
0b000002
02000701
0002020c
02080003
00070009
08040026
010c0f08
08260015
230e0b0a
01090825
00030308
0e0c000a
27000002
06001008
00020619
06060000
00070007
0c0f0014
00000919
03030000
08090007
0a0e0008
00000618
05050000
02070006
0a0c0007
0000081a
06040000
03060006
0c0f0008
0000091c
04040000
04040006
0c0f0005
0303081b
04030000
12060106
0b0d0006
02030d0b
070c0002
1c000000
04010a00
00040208
03040004
03010000
03000505
00050207
03030004
03010000
03000505
00050207
02040005
03010000
03000605
00050206
02040006
03010000
03000605
00040206
02030004
03010000
03000605
00040206
02030005
02010000
03000606
03060511
080f0001
02000001
0c0b000c
040e1a17
211e0000
0a250009
16120018
000f0d18
06000000
08280011
1110001d
05041d17
07190000
0c2f0011
09100019
05021f0f
221c0000
0e000407
14130007
070e2213
2d1a0000
12120000
160f0008
040f1318
25070000
05280007
160f0016
050f1f19
14250000
0e230008
11100015
070e111a
04040000
0c17000d
0c140017
05162018
101b0000
22220004
100d0021
070e2212
1a270000
0c030000
1912001b
04082015
151e0000
180b0000
120f0011
03021115
06010000
000d0005
0e100014
03030f10
090e0000
04020004
0a0a0007
03020d10
0a0e0000
05020005
090c0007
07001b11
12170000
13000004
0a0b0001
08001e10
251d0000
06000001
160e000b
06031911
200a0000
0b000000
140b0311
01050407
03040005
05010000
03000603
01050207
03040005
04000000
03000604
01050207
02030004
04010000
03000704
01050107
02030004
02000000
04000706
01050206
02030004
02000000
04000605
02060207
02030004
03010000
04000705
01060207
02030005
01020000
04000607
02060207
02040004
03020000
04000706
02060207
02030004
02020000
04000607
02050207
01040003
02010000
04000606
02060307
02030004
02020000
04000606
01060207
02040005
02000000
04000607
02060207
02030005
03010000
04000705
01060207
02050005
02010000
04000607
02060307
02030003
01010000
04000507
02060307
01030003
03010000
04000607
02050207
02040006
03010000
04000706
02060107
02040005
03010000
04000705
01060107
02020004
02020000
04000606
01060207
02020004
02020000
04000606
01050207
02020004
02020000
04000707
01050107
02030004
02010000
04000707
01050107
02020004
02000000
04000706
01050107
02020004
02000000
04000706
01060107
02030004
02010000
04000706
01050208
02040003
01010000
05000508
0004010d
03030000
00010000
06000309
00000030
0b0a0000
00020005
160e0014
0000003e
09030000
03060004
190e0008
0000003e
06010000
06070003
1a0d0004
0000003b
05010000
05090003
190c0006
00000f37
15000000
02080406
180c0019
00060b27
23080000
09000f08
12110113
010b1b26
15280000
0e040e07
1018000a
000d2116
2d1c0000
0c130a05
11180024
00001b11
27370000
19000704
1012000a
000e1b13
1b340000
09230a0c
0f170627
00091127
17180000
110d0b07
12180005
0000003c
10160000
1b08000b
19100005
0500062b
02000000
1b080000
0e080f00
0004030a
03040000
03020000
04000506
00040209
03030001
02000000
04000507
00040208
04060002
01000000
04000507
02040a07
1411000a
01000003
08020621
00100804
22120007
1207060c
0a0f0032
010e0d21
02140000
1d17040b
0a180003
01001a1e
18130000
0e090006
141c0011
05001d1f
14100000
12040003
16150007
0409141b
110e0000
0327000d
16120017
060c121a
0d1c0000
0d24000b
10110008
06141820
1d0e0000
0d2e0009
1a19000b
07031919
0e000000
18070002
0b120500
01050607
01010005
06070000
03000706
01060107
01030004
01020000
04000708
01050207
02030004
00010000
04000607
00060109
04020004
00020001
05000712
00060218
0c0b0002
00010006
0e0c0015
020e0a16
12020000
170c0004
05070700
00040722
12000000
000c0005
0e110011
00030b23
16000000
10080002
0c0c0403
00060e15
07090000
0a0b0003
0b040307
01020919
0f080000
07000000
11090407
0104070d
03010001
07040000
05000504
02050207
01030002
04020000
04000604
02050207
01030004
03020000
04000705
02060107
01020004
03010000
04000705
02060107
01030004
02010000
04000706
02060107
01020004
03020000
04000806
02060106
01020006
02000000
04000806
02070105
01020008
03010000
03000806
03070105
00010009
05020000
03000a04
05090004
0002000b
08010000
02000b02
090d0003
0000000d
14040000
00000e00
080a0007
00020209
10070000
06000f06
08080908
1b130213
01010000
13001351
070a0407
000c0009
6e030000
08002518
03090003
0000000c
00090000
0700081c
02080105
0000000a
00030000
0400080e
02080005
00010009
00020000
03000909
02070305
0608000a
00030000
0400080b
02070106
06020007
05020000
04000807
01060006
01020007
00020000
04000809
02080a05
0315000e
03030000
0300080b
00121306
11260019
0007020a
080c0a26
0005010c
0b130010
1e0f000a
0b0b0e0f
03001c15
080c0000
030c0008
111c0016
02002014
0b080000
05000005
0e1e0019
00061900
0c04000c
0405060b
05110024
00060a05
0609000f
0d06080b
000a0001
00020b0d
09140000
15040507
00050400
02120711
0d170002
15050005
09020e00
00030806
10120008
0f0f0000
05000c08
000b0807
05080007
00060005
05010514
000b0706
020c0008
0a0f0005
0400080c
00060f08
1316000a
04000004
0a060313
030e050b
06030003
0f0e0d09
07090125
00021305
15290013
23000501
06030f00
00030313
06060004
02040006
0b090111
00000919
08030000
05090007
0c0f0011
00000717
05060000
04020005
0a0b0006
0000081a
03030000
05060007
0b0d0007
0000091d
05030000
04070007
0c0f0009
0000081d
04020000
05060006
0c0e0007
04030c14
03080000
1a040002
04080c00
00040208
07050002
06000001
04000505
00040208
03050003
04000000
03000504
00050207
02040004
03010000
03000605
00050206
02040005
03000000
03000505
00040206
02030004
04000000
03000606
00050206
03040005
02000000
03000506
0002050f
080c0002
00020005
0c09001a
09031d13
18190000
0f09050a
10170023
0a062414
231f0000
28000502
13140000
080d1118
14080000
152b0011
13060025
000c1016
00050000
00320016
090f0028
03002215
1b1f0000
0b310618
0c140024
03002213
28200000
0c00050c
14160002
07042114
1a300000
1e070205
0b0f0006
08082316
202b0000
09070006
16100017
0400291b
242a0000
040a000d
17130013
0a111218
0b050000
2117000c
1113000d
05081119
010a0000
1e22000d
0c0e0018
02051118
00000000
00160007
0d110011
03031118
00010000
01120007
0b11000b
03041018
00050000
04110006
0c110008
04001218
00030000
08100005
0d110007
03021416
04020000
020c0004
0e100009
05021213
02000000
090d0003
080a0005
01050507
02030004
06010000
03000603
01050207
01040005
05010000
03000604
01050207
02030004
04010000
03000704
02050207
02030004
02010000
04000606
02050206
01030004
03010000
04000605
02050206
02040005
02000000
04000706
01050206
02030005
02000000
04000606
02060207
02040004
03010000
04000605
01060207
02020004
02020000
04000706
01050207
02030004
01020000
04000606
02050207
01020003
02010000
04000606
01050207
02030004
02010000
04000607
01060207
01010004
02010000
04000607
01060107
02030005
03010000
04000605
01060107
02020004
02020000
04000606
01050207
01010004
01030000
04000607
01050207
02030004
02020000
04000607
02050207
02040004
03000000
04000705
01050207
03030005
02000000
04000706
02060206
02040005
01010000
04000607
02060207
02020004
03010000
04000706
01050207
02020004
01010000
04000607
01050207
02030004
03000000
04000606
01050107
02020004
02000000
04000706
01050107
02030004
02000000
04000606
01050208
02030002
02010000
04000507
0004000c
03040000
00010000
06000409
00000029
0e0c0000
00010005
140e0015
0000003d
0a080000
03050004
1a0f0008
0000003e
06010000
06060004
1a0e0004
0000003b
06020000
06060003
180c0006
0001082c
0f000000
00060907
130a0023
00060e15
171b0000
0a020b08
080a0506
00030326
091c0000
13040508
0d0f000e
000c191f
01270000
082a0512
0c120014
000f0418
00080000
122e0e10
02180011
00091219
06290000
0c0a0608
0e150028
0712131f
00320000
1c26030e
0e160009
0000083b
12110000
0f25000a
19180010
05001230
05160000
160a0000
13090d06
0204040a
0a040001
14010000
08000e06
00040207
04050002
01010000
04000507
00040209
04040001
00000001
04000408
00081807
1624000d
00010208
080d0430
00070904
190d0009
0f000a0b
0a100011
01001621
0a2c0000
28080308
13160000
00030b25
0e080000
130b0307
140f001d
00090a29
180c0000
1911000a
120e060c
00031027
160d0000
090e0007
12100010
00070b28
0f070000
0b140009
120c0110
01011f27
161a0000
1c190308
1318001e
04041011
08000003
290b0004
09000e01
02050206
02040006
03000000
04000705
02060107
01030006
02020000
04000708
01050107
01020004
00020000
04000609
00040107
02030005
00020001
05000714
0006030d
0b070007
00010006
0704031a
000e1015
0d190000
131a0009
08030506
0102051d
01170000
00140006
0b060015
0308081c
001a0000
13180006
05040503
02030418
01110000
08030001
0a020306
01060511
00000000
050b0001
0800050a
01050308
02030003
06010000
04000605
02050208
01020002
04020000
04000605
02050208
01030003
03010000
04000604
02050207
01020004
02010000
04000706
02060107
01030004
03010000
04000606
02050108
01030004
03020000
04000706
02060106
01020006
02010000
04000806
02070105
01010009
03020000
03000905
03080004
0001000b
05010000
02000b03
050a0004
0001000c
0a030000
01000b01
090d0106
0002010b
14080000
01000f00
08080008
00040307
09070000
07000f07
00061407
1627001d
00040004
12001562
08080308
000b0209
6f010000
0700260f
040b0003
0000000c
00090000
07000d1c
030a0003
0001000b
00050000
04000812
02080005
0002000a
00030000
0300090a
020e0306
00060008
00060000
0400090e
02070205
00040008
060c0000
03000907
01060105
01040008
01030000
03000809
02090105
01050008
05040000
03000909
02260905
0b18000e
000c0002
08000c27
02061407
231f0018
082b0703
0e09041b
00001e13
260c0000
04000005
111a0019
01001b11
09070000
07060009
0b1a0010
00061a00
09040008
0907060b
0314001d
00071009
08130005
08090309
030c0002
0007040c
06070001
18040407
01050600
00140e0e
091d000e
1b0e0006
07001012
000b070d
0916000c
0c150006
00020d13
00060207
120e000a
0b030005
06000e0f
00040606
0c0b0008
00070004
03030310
00100206
0a090007
090d0005
0302050b
0007050c
060d0003
000b010a
07070024
010e0705
0716000f
250d0c07
000a0e00
0003020c
12060007
0e000003
0804050c
00030719
08050000
03070007
0b0e0011
00000718
05030000
05060006
090c0007
00000817
04050000
05030005
0a0c0006
0000081c
04010000
05060006
0b0e0007
0000071c
05020000
04070006
0b0d0009
03010e17
060d0000
18060004
08090707
00050307
09040003
18010001
05000c06
00040208
03040003
04000001
03000504
00040207
03040004
03000000
03000605
00050206
03030004
03000000
03000604
00040207
02040004
04000000
03000606
00050207
02030004
02010000
03000505
0004020f
05090002
00020003
0d080117
00091317
0c0e0000
090a0007
1017001e
020f1012
0a000000
201a000a
080e0300
06002011
1a1c0000
13040000
140b0005
070b1d13
371f0002
14070000
18100010
020f0b16
29000000
00370013
17100124
000d0a17
17000000
0f2c0013
0f140013
00050e18
00020000
1815000b
050f0003
040b131b
06040000
18170006
0b120005
010a1818
10000000
00280006
1312002b
0d021e12
1a170000
1c06020a
11140012
09002510
2a230000
17000001
1a0c0006
08021c12
29130000
06000000
16130009
06031c14
250c0000
0a070002
1410000b
05041116
1a040000
040a0004
11110006
06061117
1d000000
060b0006
13100009
080d1117
1d000000
080b000a
120e0005
050c0d14
23000000
040f0008
0b070013
01050306
03030004
06010000
03000602
01050207
01040004
05010000
03000604
01050207
01030004
04010000
03000604
01050207
02030004
02010000
04000606
01050207
02030004
02010000
04000605
01050107
02040005
02000000
04000706
02060107
01030004
03010000
04000705
01060207
02030005
02020000
03000606
02050107
02030004
03000000
04000706
02050207
02030004
02000000
04000606
02060207
03030004
02010000
04000706
02060207
02030004
02010000
04000606
01060207
01030004
02010000
04000607
01060107
01030005
03020000
03000705
01050107
01020004
02010000
04000706
01050107
02030005
02010000
04000706
01050207
02020004
01010000
04000507
02050207
02040004
02020000
04000606
02060207
02030005
03000000
04000705
01050107
01030004
02010000
04000707
02050207
02030004
02010000
04000606
01060206
02030005
01010000
04000607
01060107
01030004
02010000
04000606
01050107
02020004
02000000
04000706
01050107
02030004
02000000
04000706
01050108
02040003
01010000
05000607
0104010b
02040000
00010000
06000409
00020025
06060000
00040006
120a0014
0000003a
060a0000
010a0006
180e000d
0000003d
06050000
06060003
190d0004
0000003e
05030000
05070003
1a0d0006
00000432
04010000
000a0507
140a001e
000a0414
100e0000
0c16050b
07080205
02060027
1a150000
230d090c
0d120005
000d1c1a
390c0000
091e0900
14190022
00051f16
231b0000
16030c03
1314001a
00001a15
18360000
12130809
0f180022
0215171a
271d0000
0f29000a
13130013
00020038
1e0e0000
14130106
170f000d
0400073a
04030000
130a0003
180b0208
0103080d
03030000
1a0a0000
05000f05
00040209
03030000
02010000
05000406
02030308
08030000
00030002
08000521
00091a02
282a0011
00000b04
0b07042c
05110807
07130008
27000b09
00160004
010a1224
000f0000
2b24000d
13170015
00080b28
01000000
091c020d
1316001d
00091923
011e0000
0f200009
11140004
00051127
00110000
0824000b
12100009
0108162a
00180000
0a23000b
13120007
04150829
00000000
18160008
12110405
0206070a
01030005
17240004
03000705
02060106
01030005
03010000
03000704
02060107
01030005
02010000
04000707
01060207
01020004
01020000
04000609
00050207
02030005
00030002
05000512
000b0008
04080007
070a0004
05000816
000b021c
051e0000
0d100003
0f0d0409
04020e24
05110000
06090000
140d0004
04010d1f
070c0000
0c0f0001
120a0007
01040618
02000000
0b080001
0a040206
0108060e
01000001
06060000
0500060a
02060207
01030004
04070000
0300060a
02060207
01020004
04010000
04000705
02060208
01020004
02020000
04000706
02060207
01030004
03010000
04000705
02060107
01020004
03020000
04000705
02060206
01020006
02010000
04000806
02070206
00020007
03010000
03000806
03070105
00010008
04030000
03000a06
04080204
0105000b
09020000
02000c04
070b0004
0002000c
0f040000
01000d00
080d0007
0002020b
13070000
03000f00
09080008
03000205
02030000
0b00101f
00001207
162b0117
00000000
1600115c
08080208
000b0208
6f010000
07002608
060a0004
0002020a
00030000
07000e1c
030a0004
0000000b
00080000
04000818
03080004
0001000a
00030000
0300090c
02070006
0001000a
00020000
04000908
02070005
00020009
00030000
03000908
01070105
01030008
00020000
0300080a
020a0106
00050009
08090000
02000a03
00070904
020b000e
00060007
06000730
00121405
11300016
090e090e
0307012c
00001112
1a1e0004
14050907
0f150000
04002415
1a050000
080c0007
0e170017
00081601
15080003
0905070a
0813001d
00040a0d
08090000
0907020a
020d0004
0007060c
03040000
19020107
01060600
000c0a07
02170013
14080004
00000e0a
00200704
11190017
0a080003
08001105
00090507
16100012
0e180002
06000d0e
000e0908
040d0007
000c0006
0503031a
00040206
06060007
0a0b0004
01000807
0005030d
040b0006
05050009
0604011b
00090d07
081f0010
1b11090b
03080526
0002020a
0a0b000c
23000003
04000c02
00040815
0a0d0000
00080006
090e000e
00000918
09040000
05050005
0c0c0008
00000917
07040000
05010004
0a0b0003
00000817
07050000
06040005
0a0a0004
00000719
07050000
01040006
0c0d000c
0404081a
06030000
15030106
0a0d0009
01040909
070a0002
1b000000
04000b05
00040208
04050003
04010001
03000505
00050208
03040003
03010000
04000604
00050207
03040004
03010000
03000604
00040207
03040005
03000000
03000505
00050207
02040004
03010000
03000505
0003040d
050b0002
00010004
0c050216
03021017
0c080000
11050007
1118001e
03131b0a
132a000d
060a0a05
030f0413
00040e05
181f000c
1f060002
0b041026
03131b0a
2625000b
1b050c05
0e0e0117
00092506
3b22000a
0b001007
140b0217
02031210
1f23000c
12000303
100a0106
030c2106
2d2a0013
12000901
0e06070f
02091d0a
392f0017
1b000d00
0e06080c
000e1c0b
2227000d
06000101
100f031b
0009110e
180c000b
0c130105
0b0b0f29
000b1904
312a0015
16060e00
0c0a030f
00131d11
1c110003
130d0008
0c130807
00091f0f
28150008
0e180506
0d110227
00081c0c
422c0011
12000d01
130c0506
03001f15
2c1c0000
04000008
1211000d
04002717
28220000
0a060006
10100006
050b2c15
17300000
190f0004
110c0a00
01050307
02040003
07010000
03000502
01050207
01030004
05010000
03000603
01050207
02030004
04010000
03000604
01050207
02020004
02000000
04000706
01050107
02030005
02010000
04000706
01050107
02020004
02010000
04000606
02050207
02030004
03000000
04000705
02060206
02030004
02020000
04000707
02050207
02040004
02000000
04000606
02050207
02040003
01010000
04000506
02060308
01050002
03020000
04000706
02050207
02030003
02010000
04000607
02050306
02030004
02010000
04000606
02050206
02040006
02010000
04000706
02050207
02030004
02000000
04000606
02050207
02030004
01000000
04000606
02050207
02030004
02010000
04000606
01060308
01040003
01020000
04000507
02050307
01030004
04020000
03000704
01050107
02020004
02000000
04000707
01060206
02030005
03010000
04000707
01060206
01020004
02020000
04000607
01050107
02020004
02010000
04000607
01050107
02020004
02010000
04000606
01050107
02030004
02010000
04000606
01050109
02020004
01010000
05000607
0004000c
03040001
00010000
06000509
00020020
06050000
00020004
10050211
0000003a
090a0000
01050005
190e0013
0000003f
06020000
06070004
1a0f0005
0000003f
05020000
06080003
1a0d0005
00000137
05020000
000b0005
1709001f
00021418
0a1b0000
1311060c
06100412
0009002b
09110000
0f230e12
0d180001
00021a1a
101b0000
0913090e
0d0a021c
00021c14
0c380000
181d0f16
0a110011
00161e1c
1a2e0000
0b22090d
1319091a
00050f35
00380000
16220607
15100001
0000003b
07100000
12180008
180d0005
0400033b
05020000
12080003
180c0003
03030d14
0c0c0000
17080000
08010e05
00040209
03020001
03010000
04000506
01030a09
18110009
00010003
09030524
000d0303
2709000a
02030609
0a0a002f
080e0b0b
07150006
27011009
02180005
0105111e
23200000
2f000005
13130013
0000161f
12080000
010b0006
1119011f
020e1518
19000000
22000003
10120100
00020c1b
1a000000
0c140005
0f12010e
0000131a
0d0e0000
050a0008
1215001a
06051c13
14000000
1a0b0003
0b0f0600
02060507
01020004
04030000
03000705
02060107
01020004
03020000
03000705
02050107
01030004
02010000
04000706
02060107
01020004
02020000
04000707
01060107
00020006
00030001
0400070a
0109010b
070e0004
000b0003
08060617
01000227
071f0000
08000001
1611000b
00000d29
05050000
06050002
14110006
04030f21
05000000
11070001
100c0203
03080b0d
02040000
0e070000
06000704
02050308
00010002
04080000
04000609
02080207
00040004
02070000
0400060b
02050207
01040004
03010000
04000705
02050207
02030004
03000000
04000606
02060206
01030004
03010000
04000705
02060107
01020005
03010000
04000705
02060206
00020006
03010000
03000705
03070105
00020007
03020000
03000906
03070105
00030009
04010000
03000904
050b0004
0001000b
09060000
02000b03
090c0104
0002000c
13050000
01000d00
080a0007
00020207
10070000
07000f06
08080107
0702020c
00010000
0b00102c
0b1b0507
15160013
00040002
0d07181c
08060f08
192a0125
69000000
0d002701
08090007
00020108
01040000
07000f13
040a0003
0000000b
00080000
07000a1c
03080004
0001000a
00040000
0400090e
02070005
0002000a
00030000
03000909
02070105
00020008
00020000
03000908
03080106
02050009
06020000
0300090b
03090005
0002000a
0a070000
03000d08
01060108
00040008
00050003
09000621
000d0309
05000000
0018000c
0905002c
00070f08
0911000d
0b0d070b
000e0411
00021a08
1a10000d
0d00050a
0910000c
00050f06
08100001
0709030b
010e0007
0002060e
04080000
07060208
040b0003
0007060b
05020002
1d030206
00060900
00050107
00040009
10080004
01000b0e
000a0002
090d0017
04050005
00000f14
00140705
0d1b0019
110b0002
04001303
00080106
0f05000c
0e060005
06000b12
00050405
04060008
02080005
0100050a
00060509
04090007
08020006
06010310
010a070d
090a0002
0e070c0a
070c0228
00020d05
0f1f0011
21000704
03040f00
00090212
03060004
01080007
080a0211
00000718
03080000
030f0008
0a0c0009
00000916
04050000
04080006
090b0008
00000818
04060000
06050006
0a0c0003
0000091a
07080000
02030006
0d0f000a
0200091b
06050000
0d050006
0c0e0008
03000b0f
060a0000
17010001
04040900
00040408
04060002
04000001
04000404
00050307
04040003
05000000
03000504
00050306
03040005
04000000
03000604
00050206
02030005
04020000
03000605
00050207
02040004
03010000
03000506
0003030d
05090002
00010004
0b040316
05031016
0a0a0000
13030006
0f17001c
03150e09
0f000003
00050d07
060e0530
00121807
27370010
1602080c
080a0b1f
000e0f0d
021d0008
1821090d
060a0f2a
00080407
1a050007
08040d08
08090717
000f0d08
0d1a000d
15050c09
020c0d00
000e0a08
070c000a
180d080d
010b0423
04150e0b
1a2e0011
1518070c
000e0f09
02190506
130c0007
0e030a06
05110f18
00150706
1012000e
0f01080c
0b0e102b
0013000a
15090008
0b1c0c12
000d101b
00061a09
1f35000f
1f08060b
0a0c0710
000f1e09
2825000e
170b0b08
0c090c14
000c1107
0a2c000d
201a0d0e
000e0226
00080a18
0d130000
18150009
0d130006
00001119
04050000
09110006
0d130005
05021314
04000000
17020002
070c0600
01050407
03030004
08010000
03000602
02050207
01040004
05000000
03000603
01060206
01030004
03020000
03000705
01050107
02020004
02010000
04000706
01050107
02030004
02000000
04000706
01050207
02030004
02010000
04000606
02050207
02030004
03010000
04000605
01060207
02020005
02010000
04000707
02050207
02030005
03010000
04000706
01050207
03020005
03010000
04000707
01050107
03040005
03020000
04000706
01050107
03030005
02010000
04000606
02050207
02030003
02010000
04000606
02050207
02030004
02010000
04000606
01050207
03030004
02010000
04000706
01050207
03030004
01010000
04000606
02050307
02020004
03010000
04000605
01060207
02030005
01010000
04000607
01050307
02040004
02010000
04000607
02050206
03030005
03000000
04000706
01060207
03030005
03000000
04000706
02050207
03040004
02000000
04000706
01050107
03020004
02000000
04000707
01050207
02030004
02000000
04000706
01050207
02040004
02000000
04000606
01050208
02030003
01000000
04000606
0004000c
03040001
00010000
06000508
0003001b
06070000
00010003
0f020310
00000038
0a0d0000
02050005
180e0013
0000003e
07020000
06060004
1a0f0006
0000003e
07000000
04060003
1a0d0008
00000637
07000000
04050003
170b011a
03120613
0c0b0000
14120f06
07130d00
000f002f
19180000
1720090c
1318002d
01091d26
0d320000
0b220007
110b080e
03110b1d
0a0b0000
1b18060c
14120011
00091421
23080000
003b080f
15190019
00000239
110e0000
1c090006
17100003
00000039
12040000
0b060003
190d0004
0000003b
05090000
07090003
190d0009
05031029
02100000
190f0000
0e071001
01040208
03030003
04010000
04000606
00101906
1729000e
00020509
080c0535
00070604
14080009
04050a08
0a070508
030d080d
09170006
1f04090d
06170002
060d181d
06230000
251c0006
080e030e
01120815
0f1c0000
0e090008
10090e2b
021b0a17
00140000
12280007
07060807
07121616
082b0000
130c0001
0e040e06
030d0c13
190b0000
05140001
0d120017
030c0b0c
01000003
22170002
03000a03
02060107
01020004
03020000
04000705
02050107
01020004
02010000
04000706
02050107
01020004
02010000
04000706
02050107
01030004
01010000
04000706
02060107
01030005
02020000
04000707
000a0010
01010005
00070007
0a06061a
00000728
0f180000
090b000d
1411000f
00040d2b
0a000000
0f0e000a
120e0000
00090a21
00000000
0f140005
08060401
030c070f
00060001
0a110002
03000a09
02060107
00020004
02020000
04000806
01060108
02020004
00030000
0500070d
02060207
02050004
03020000
04000605
02050208
01030002
03010000
04000705
02060207
00020004
03020000
04000706
03060206
01030005
03010000
03000805
03070106
00030006
03020000
03000805
03080105
01010008
04010000
03000a06
04080005
0001000a
04020000
02000b04
05090004
0002000b
0a030000
01000b00
080d0005
0002020b
13090000
01000f00
08080008
00030206
07070000
07000e07
070b0c06
18270216
00010000
0b051128
0a24010a
070c0006
2d250007
0a001e48
0a130a08
00280026
60030500
03002300
08080008
16020209
10000000
0b00130b
050a0003
0000010b
00080000
07000d19
040a0004
0000000c
00060000
04000812
03080004
0001000a
00030000
0300090a
03070005
00020009
00030000
0400090a
040d0105
0203000b
0a040000
03000d06
03070005
0002000a
050a0000
04000a0a
02070305
01040008
00010002
06000616
00080308
0200000e
0012000c
08040833
00060401
0e090017
0002050c
00030813
000b1101
051d0010
0a05070a
000b0004
00070e0f
0a0f0001
070a0208
050b0008
00010610
03070000
06060007
04080005
000a040a
02010005
1d0b0306
00040b00
00040106
00060007
0b070003
0200070a
000e0305
03070012
00080007
03000d15
00180202
0c120018
0b060307
0000100b
00030006
0d130014
160f0003
06000f0f
00050306
04060007
02040004
02010612
0008050e
0e1d0006
07020003
0a07030c
00040416
17050000
000d0108
100b0422
00110306
090b000b
2a090b07
00071000
0004000e
03050007
06030004
0802050c
00020516
0b080000
05060005
0a0a0011
00000516
05010000
03080006
09090007
00000717
03030000
04070006
090c0007
0000081a
06060000
01040006
0c0f000b
0000091b
05020000
05040006
0b0f0006
03010a16
04070000
17030003
06090800
00040309
07030001
0d010001
04000704
00040308
03020005
04010001
02000603
00050207
03040005
04010000
03000604
00050306
04040005
03000000
03000605
00040207
03040005
03000000
03000605
0004020c
040a0003
01000003
0b030415
05030f15
0a0a0000
10050006
0e14001b
0015110c
0d200000
0d0b000a
0606051e
050f0209
000c0006
19201113
030b0623
000a1f07
303d0010
0100080e
0e0d0b31
00040c0c
0916000c
12140b13
00070307
00160107
0a0c000c
1e0b0e0a
000b0d00
000a0306
0e090007
0a050d0b
050d0330
02132009
11390015
260e100b
09080a00
03180906
1e170009
07160c08
05120c15
000e0505
17080008
0e010d0d
050f0e30
01131f09
1d3a0014
0f0f110e
0f0d0705
000b1a03
1e2f0014
00081005
0a0a0d29
010d0505
0709000c
2d000d06
00080f00
000f0406
100f0007
17040d0c
060f0037
00000d17
0e220000
1a000506
0f110000
00001119
06040000
06020005
0c130004
04011113
03000000
16040003
050b0600
01040207
02040004
0a000000
03000501
02050207
01030003
05010000
03000603
01050207
02020004
04010000
04000706
01050107
02020004
02000000
04000706
01050107
02020004
02000000
04000706
01050206
02030005
02000000
04000606
02050207
02030004
03000000
04000606
02060206
03030006
02000000
04000707
01060206
02030005
02010000
04000706
01060107
01030005
02010000
03000706
02060207
01040004
02020000
04000607
02050207
01040004
02010000
04000606
02060206
03020004
01010000
04000606
02050307
02030004
02010000
04000605
01050207
02040004
01020000
04000607
01060206
02030004
02010000
04000605
02060206
02030005
02010000
04000606
01050206
02030005
01000000
04000707
01060107
02030005
02010000
04000606
02050308
02040004
02010000
04000606
02060206
01040005
02020000
04000606
01050207
02040004
02000000
04000706
01050107
02020004
02000000
04000706
01050107
02030004
02010000
04000706
01050107
02030004
02000000
04000606
01050208
01020003
02010000
04000606
0004010a
02040002
00010000
06000509
00040019
06060000
00010003
0f010414
00000037
0d0d0000
06020005
18100015
0000003d
06020000
05070004
190e0007
0000003c
06000000
04060003
190d0008
00000537
05000000
04070004
170d0017
05121610
13260000
10081207
090f0a18
000c042b
2f110000
1a000d08
14130028
0011052a
04060000
15140608
0f0e000b
030d1d1a
231b0000
0c21000d
14180014
000f1b23
05170000
091d080b
1117001a
0000052f
11140000
0e08040c
14110005
0000003a
08070000
120b0006
170d0003
0000003e
06040000
07070003
1a0e0005
05000830
03000000
190b0001
14080d00
01030308
0b040002
0a030001
05000709
000a0405
14040008
00000509
080c0433
00040903
0808000c
06000708
000a0003
02070a0b
0c080009
13030e09
04150001
0611241a
09410000
22050305
15190000
07090f1b
08110000
07160004
1310000b
0601111d
16140000
080e0003
13130008
06001c1a
180d0000
000b0002
1112001f
04141c0b
151b0000
2d000100
0a100d00
02060708
01010005
15180004
03000704
02050107
01020005
03010000
04000706
02060107
01020004
02010000
04000706
02060207
01030004
02020000
04000706
02060107
01020004
01020000
04000707
02060107
01020004
02020000
04000707
020c020b
01040006
02010001
08000709
02120111
01030002
06210006
06010509
020b0210
01000000
091e0004
05000604
0306050c
01000002
07090000
05000805
03060108
02020004
01020000
06000807
03060107
01020005
03010000
04000905
02090107
01020005
01040000
0500080e
02070208
04050004
06070000
0500070d
02060208
00010003
04020000
04000705
03060207
01010005
03010000
04000706
03060106
00020006
03020000
03000705
03060106
00010007
03010000
04000806
03070106
00010007
05020000
03000a05
04090004
0001000a
06030000
02000b03
080b0004
0001000a
10030000
02000c00
080c0006
00020309
12070000
03000f00
09080007
03010207
00020000
0b000f23
0c26140b
18300119
22000000
0b00182b
0700020a
000f0608
2c2a0000
13001a4f
091c0e03
0439032a
55290001
0001320e
08080008
0b0f0216
37000000
0b001f07
070a0006
00020108
00040000
07000e18
050a0003
0000000c
00080000
05000817
03080003
0000000b
00040000
04000a0d
03080104
0002000b
00020000
03000a0c
040e0005
0003000b
090c0000
02000d04
04070104
0002000b
00020000
0500090b
03070104
00010008
00020000
0400080a
000d0205
0007000a
000d0006
0600082e
00130206
07200015
001c000b
02040a30
0009010f
000d0009
090f000a
03090009
00000612
030c0000
08090008
060a0005
00060810
06010000
16030107
04070407
00090008
00040007
1d0b0005
00000c00
00060206
01040008
06030001
02000704
00150507
02080008
04100005
04000a15
000e0006
0006000b
011c000a
04000c13
00060a08
0c240018
100c0007
05030d0a
00080207
02080006
000b0006
04030413
00040619
061d0000
000a0009
0a0a001c
00000d16
0d080000
000b0509
0d080413
000e0406
0f0d000c
2a090c05
00061100
0004000b
03070008
06010004
06000610
00050415
0a0b0000
07090007
090a0015
00000716
05070000
03020004
0a0a0006
00000817
06080000
02000004
0b0b0006
0000081a
06050000
01020005
0c0d0009
0000081b
05020000
05030007
0b0d0007
01010b18
05060000
15070007
070a0201
0003050b
04050003
10030001
03000802
00050306
04060005
05000000
03000603
00050206
03040005
05000000
03000603
00050207
02030005
03010000
03000605
00050207
02050004
03020000
03000505
0003030a
05090003
01010003
0b020416
04021115
0c0d0000
09030006
0f16001d
050a1915
07230000
06080005
0d0f0004
0218130f
0b230000
11190008
0a060513
0317000e
07070000
122f0010
0e060121
0117140a
10290000
072b000f
0d050923
0511100a
09220002
0f17090a
030e0c0f
020d050a
16070003
0d0b080a
0d11062b
000b0e09
01190008
1311080a
000b0f10
03141006
1f21000e
25010f06
080b041f
05180506
100c000c
0f030e0a
07110e17
000f0509
2613000e
0c2a0212
060c102d
000d060b
020e000c
1f230810
00060b03
03111c06
11360014
1b29100c
000c0e1e
000f020c
260d000a
160d0b0d
0c0a042d
00030e18
00120000
1120020e
08130006
00001018
0a010000
05060005
0c120009
0303110f
07000000
1b020002
040a0900
01050207
01050005
09020000
02000601
01050206
01030004
05010000
03000603
01050207
02030004
03010000
04000706
01050107
02030004
02000000
04000706
01050107
02030004
02000000
04000705
01050107
02030004
02010000
04000606
01050206
02020005
02000000
04000705
01060307
02030005
03010000
04000706
02060207
03040004
02020000
04000606
02060107
03030004
02010000
04000706
01050208
03020004
02010000
04000606
02050207
03020003
01010000
04000607
02050307
02040004
03010000
04000606
01060207
02020004
02020000
04000706
01050207
02030004
01010000
04000607
01050207
02040005
02010000
04000606
01050207
02040005
02010000
04000606
01050107
02030005
02000000
04000706
01050107
02030005
02010000
04000706
01060307
02030004
02020000
04000606
01050207
02030004
02010000
04000606
01050107
02030004
02010000
04000606
01050207
02040004
02010000
04000705
01050107
02030004
02010000
04000707
01050107
02020004
02000000
04000605
01050107
02020004
02010000
04000606
0005010a
02030003
00010000
05000508
00040115
04040000
00010003
0c000412
00010431
0f0d0000
00060009
16130022
0000003c
16090000
0b050007
1b110004
0000003b
06000000
05060003
180c0007
00000636
08010000
01070006
170e0019
010a1c17
0b380000
0e090b08
0e0d0720
0006041e
0e180000
1019070e
0d140619
02002125
1c280000
1d06000a
1010001b
000f2115
39130000
1d170f14
12190026
00122417
1e210000
1c05000a
1413001f
0001062d
17130000
17100a0c
15110010
00000639
12180000
130b0305
19110002
0000003e
06030000
07060003
1a0f0002
0600153a
05170000
110a0003
180b0309
0104070b
02020002
1a0a0001
08001009
000d0208
03070005
000b010b
06040531
00060903
050a000c
071c080e
000a0020
00040b0b
050d000a
0d02050a
03110003
0308121e
061b0000
290e0608
0d1d0000
00020f23
0f000000
110b000e
11110016
00061820
081d0000
0922000b
12170017
000b2011
1c060004
12000009
0e13001e
04200909
000a0005
2d2e0408
00030e00
02050306
01030006
04030000
03000704
02060107
01030005
03000000
04000705
02060207
01030005
03020000
04000806
02060107
02030005
02010000
04000706
02050107
03020004
01000000
04000707
02060207
03040005
02010000
04000707
02060207
01020005
03010000
04000705
02060108
01030004
03020000
05000605
03060209
01010002
04030000
04000704
03060208
01030004
03010000
05000805
03060107
02020004
01010000
05000809
03060206
02020007
04000000
04000806
03060107
00020006
02010000
0500080c
020b0108
00040003
020a0000
0500080e
03060107
00020004
05010000
04000704
03060107
00010005
03030000
04000805
03070106
00010007
03020000
03000805
03070105
00010008
03020000
03000a05
04090506
0509000a
05020000
0400090b
05090104
0502000b
0b030000
03000e00
090c0004
0000000b
12050000
01000e00
08090007
00030209
0d060000
07000f06
09080707
16110210
00000000
0c00102b
0b1b000a
16100610
340a0000
0b081b1b
07060607
07070211
01130000
11001152
0b1f0b05
151c0218
49020000
0800282f
08060d07
14370322
301a0002
0c001f00
08080008
00010206
01010000
08000d0d
060a0004
0000000a
00080000
07000c17
04090003
0001000b
00050000
04000a0f
050b0005
0002000b
04020000
04000a0c
05090004
0002000b
09060000
04000e0a
04080005
0102000a
00020000
0500090b
03070105
01020008
00020000
0500090a
02060208
000c0007
00020002
08000719
00130212
00030000
0022000c
0a0b002d
00010613
01090000
02110008
060b000c
00000713
06010000
03050007
060a0008
000d070d
04000003
1d0f0007
01050b00
00060107
00040006
13150006
01000904
00060205
00030007
03040002
01000504
00060106
00030006
04050003
0300060f
020b040a
070f0008
05040001
06010a0c
001c0307
08080007
081d0005
03000909
0005010b
020a0006
00070006
0702041c
00000917
15210000
00040107
0f0a0017
000f0910
0f000007
14040909
06080416
000f0007
000b0009
29150206
00000f00
00050208
00070006
06040002
04000605
00090213
05050000
000e0007
09090012
00000817
06070000
01040005
0b0c000a
00000919
07050000
02020005
0b0d0007
00000919
08050000
07010005
0c0d0006
0000081a
04000000
0c0a0007
0a0b0002
00030615
04020000
0c0c0006
06080005
0001060f
02050000
0d030002
04010501
0004020a
02050003
06010001
03000502
00040206
02040005
07000000
02000602
00050206
02040005
04000000
03000604
01050207
01030004
03020000
03000506
0005020b
03060004
00020004
0b020418
00040e15
0b0c0000
09030007
0e17001e
00041d0c
191b0000
10060306
0a100909
00071410
1029000a
1a050307
0a110806
00091010
11110000
01110008
09070018
00090d0d
20110003
23020308
04110707
000a0e14
00110000
011a000b
060f0011
00120b10
19180000
1411040c
05130112
00120b0f
0d180000
03140009
080b0212
0515000e
00000000
2525060e
06070315
000e0706
18130006
00180d0a
060e0930
000e200b
103c0014
12130b0c
0d070600
02160f0c
00270001
191b0009
0a040b0f
0120000d
00010000
06340117
0a040627
000d0912
01210000
0e2a0710
030d0013
00010f18
0c0b0000
09030006
0e120007
00001217
07060000
09030006
0b110008
03060a0f
01000000
190b0003
03060900
01050207
01030004
0a020000
02000701
01060207
01030005
05020000
03000604
01060207
01030004
03010000
04000605
01060207
02030004
02010000
04000606
01050107
02030004
02020000
04000706
01050107
02030004
02010000
04000606
01050107
02030005
02010000
03000706
02060207
02030005
03010000
04000705
01050207
02040004
01010000
04000606
02050207
03040004
01010000
04000607
02060207
03040004
03000000
04000705
01050207
02030004
02020000
04000607
02050207
02030003
02010000
04000606
02050207
02040004
02000000
04000606
02050306
02030004
01020000
04000607
02050207
01030003
02010000
04000606
02050207
02030004
01010000
04000607
02060206
02030005
02000000
04000605
02060106
01030005
02010000
04000705
02060207
02020004
02020000
04000606
01050207
01020004
01010000
04000606
01050207
02030005
02010000
04000605
02050207
02030005
02010000
04000607
01050207
03030004
02000000
04000606
01050107
02030005
02010000
04000706
01060207
02040005
02010000
04000706
00050109
02040004
01010000
05000608
0003010f
04030000
00010002
0800040c
00100425
0f180000
00100008
11110016
0000003b
0e070000
07170007
190e0003
0000003b
06010000
05060003
180d0007
00000036
06050000
04060005
170d0009
020e0223
09020000
0d1a0e0a
0f11021c
000d091a
250f0000
130e0b0a
12160717
00090229
10260000
0e0b0608
110b001e
020e2010
24320000
14221608
11120719
03161818
0e310000
1c10000b
140e0017
000d0229
1e0e0000
1129000e
140e0014
00020038
0b090000
120d0506
14110003
0000003d
09030000
09050003
190e0003
0500043f
05030000
140a0003
1a0d0106
02040711
00030000
1a0b0001
04000f0a
00060208
00040004
00060006
06000624
000a0405
0a110009
060c060b
080b0032
0002051b
04140000
16070509
080e0000
04070f24
0a200000
27110309
0e160000
0a17261b
22260000
13160100
1b0e070b
01061f16
2d0a0000
00110002
1c150030
06111e08
15000004
2d090807
070d0314
02070a07
020d0006
2d1c0006
04000c04
02060306
02020006
03020000
03000605
02060207
02020006
03000000
04000705
02050206
03030005
02000000
04000706
02050207
03030006
01000000
04000706
02050206
03030006
02000000
04000706
02060107
03030005
03010000
04000706
02060107
00030004
03020000
04000705
02060107
00030003
03020000
04000705
03060208
01020003
03010000
04000705
03060107
01020004
03010000
04000705
03050107
01020004
01010000
05000809
03070205
02030007
06020000
04000906
04070106
00020006
04020000
04000806
02080108
03010006
00030000
0600080e
03060107
01050004
05050000
04000804
03070107
00010006
04010000
04000905
03070106
00010007
02020000
03000906
04080005
00020008
04020000
03000b05
04120006
0004000a
04080000
04000c06
060a0004
0001000c
0c0f0000
02000d01
080c0005
0002020b
11080000
02000f00
08090008
00010207
04070000
0900100a
0b1e1406
20360019
00030000
0d060f2c
0929000a
00050506
37300000
0a001d0a
05040302
0c040012
00000000
12001254
09110803
05200018
63030000
09002321
0a190905
0c2e0221
381e0000
08051e2f
08080008
1201020c
1b000000
0b001708
070a0005
00000209
00040000
07000e15
050a0004
0000000b
00080000
05000915
050d0004
0001000b
07050000
03000f0a
04080004
0001000d
04090000
05000d0c
04070104
0101000b
00010000
0500090d
03070105
01020009
00000000
04000a09
02070106
01040009
00010000
0600090a
000b0110
00040006
000f000a
09060424
00070712
00000000
0017000e
040b001d
0010070e
07000000
1311000d
02070a08
000d000b
00000006
181c0008
00000b00
00060206
00040006
05070002
01000604
01070205
00020006
03040001
02000606
00050207
01060006
01030002
04000509
020a0a12
041d0000
00080005
07050017
0307090d
0d1b0006
0b000002
0a000d02
00010612
1d1f0001
05030003
1005061a
0005061a
13090000
00090006
1209021e
000f0d08
0d050008
28050908
02070d0d
00050007
000a0009
23130005
01000e00
00050207
00040005
04030001
02000605
0003010f
02030004
00060005
08030318
00000614
0d0a0000
04090007
0b0b0018
00000918
0a030000
04040008
0b0d0009
0000091a
08040000
0b050008
0b0c0006
00000814
07040000
0e040003
07050004
00020511
05040000
08030004
07060007
00010411
0a0b0000
0c040002
06030500
00040309
08030002
07030001
05000604
00050207
03050004
07010000
03000602
00050107
01030004
05010000
03000604
00040307
02030004
03020000
03000507
00050309
040a0003
01000004
09000416
00080f13
070c0000
000c000b
0d12001f
020c1508
0b250009
040a0d13
060c0b16
020a100c
241e000c
200e0e13
060a0817
00051706
2222000d
05000208
07090f2f
03140b08
1d0f000a
2d051306
07100f00
01111a06
2924000f
09030304
0b0c041f
000e1809
2b2d0010
19190c0d
080a0729
00070714
1915000e
17130009
0c0d070e
03001413
15190000
080b0007
09100011
010f1215
09210000
0b060006
0c0c000c
000f0b17
001a0000
0722000c
0a0f0008
04010e18
040e0000
0b0d0006
08100004
03001417
13210000
04010008
0d0e000c
00000d19
12160000
10020007
1014000b
00001018
03050000
0b0a0007
0b11000a
02021017
08040000
10030006
0b12000a
01040c0c
02010001
19070002
01000500
01050307
01040004
09000000
03000601
01050206
02030004
05010000
03000605
01050307
02030004
03000000
04000605
01050107
02020004
02000000
04000706
01050207
02040004
03000000
04000706
01050107
02030004
02000000
04000706
01050207
02040004
02010000
04000707
01050207
02040004
02000000
04000706
01050206
03040004
02000000
04000606
02050207
02030003
01010000
04000506
02060207
02020004
04010000
04000705
01060107
03030004
01010000
04000707
02060307
02030003
02010000
04000606
02050308
03020003
02010000
04000606
01060207
03030004
02000000
04000606
01050207
03020003
02000000
04000606
01050206
03020005
01010000
04000707
02050207
02040004
02010000
04000606
02060206
02030005
03000000
04000705
01060207
02030004
02010000
04000606
02050207
03020004
02010000
04000606
01050206
01030005
02010000
04000607
01060207
02030005
02010000
04000606
01060107
02020004
02020000
04000706
01050107
02020005
02010000
04000706
02050207
03050005
03010000
04000607
01040208
03030003
01000000
05000608
0004010c
03030000
00000001
0600040a
00070024
0a0d0000
00070007
13110018
0000003c
060e0000
080a0006
190e0003
0000003c
05000000
06060003
190d0006
00000038
05030000
04080004
170d0009
00070529
0f000000
00070e08
100b0123
00061912
272d0000
09000f0a
110e0008
00050629
0e200000
1c040907
11110208
000d0512
0a000000
0b160c0d
0d0d002b
00031712
212a0000
1e0a0b0a
0b0f0201
00061a27
321f0000
0c140a0e
16130011
00000332
0f100000
08090205
14120006
0000003e
0d050000
12050003
190d0001
0500003f
06010000
0e090003
1a0d000c
06031423
0f140000
1d040000
0b051400
00050109
00070007
02060009
0600071d
00210014
00030000
043b0019
07070830
00190a1d
00070000
0d3f0018
000a0204
0011141f
00010000
0b300012
040f0006
0012191d
00060000
062b0011
06110008
001a1512
00000000
02360014
050d0314
011b040b
00050005
1e38000f
00070d01
02060306
02040007
0a1e0002
03000705
02060305
02030007
03000000
03000605
02060205
02030007
03000000
03000706
02060206
02030006
02000000
04000705
02060106
02020006
02000000
04000806
02060107
00030006
02010000
03000706
02060107
01020004
03010000
04000705
02060108
01020004
03010000
04000705
02060107
01010005
02010000
04000806
03060108
01020004
03010000
04000706
03060207
01020004
03010000
04000805
03070107
01020004
02010000
04000807
03080007
00020005
05050000
04000904
04070007
00020005
03030000
04000905
040a0007
00020006
03060000
0500090d
03090107
03030006
060a0000
0500090f
03070006
00010008
03020000
03000a05
03070005
01030009
03010000
04000a05
04070106
00020006
03030000
04000a06
05090005
0002000a
06020000
03000c03
080c0004
0000000d
10050000
01000e00
080b0006
0001020a
10070000
05001005
08080007
01000206
00010000
0b001027
092a0d0b
15260216
2b000000
0b03202e
0705000a
0210070b
25350000
07001915
04060300
0c070012
00000000
11000d4b
07080702
0324011d
5a000000
02002000
0a230604
12280222
072a0002
09011c28
08080008
1016021b
35000000
09002105
08080007
00020208
00010000
07000f0e
060a0003
0000000a
00080000
07000c15
070c0104
0001000d
06080000
03000d0a
05080004
0103000d
00020000
05000b0c
04080004
0102000a
00010000
05000a0c
04070105
00020009
00010000
05000a0b
03070005
0102000a
00000000
04000a09
02070107
02030009
00010000
0600080e
0010000b
00000005
00130008
06000513
0112000b
00000005
0b210009
01000606
01070107
00020006
070f0003
02000706
01070105
00030006
02050001
03000606
01060205
00020006
01030000
02000607
01060205
01030007
02020000
03000606
0009020f
00030006
00080006
0801041c
00020911
0f0e0000
050e0009
060a0021
00000921
11250000
00000106
140a000f
00000d1a
0d060000
00020408
0c07030f
000e0405
0e06000b
2a070a05
00070f00
00050107
00060008
0f0d0003
01000701
00050107
00030004
05020001
02000504
0005010b
01050004
02040005
06000616
000a0014
02020000
02150009
0907001e
00030315
02070000
08060006
08080003
00020517
02000000
020e0008
0809000f
00000913
0a0c0000
0c080006
07080107
00010217
0a070000
08030004
0a050006
0000061e
08130000
0d040003
0b040506
0004020e
05030000
11010001
06000a02
00050208
01040004
09020000
02000700
00050207
01030004
05020000
03000605
00050107
02030004
02010000
03000606
00050208
02060004
01020002
0700050d
030a0f13
08170000
00060008
0c14001f
04160d10
000a0000
1d270009
06090303
0218130e
051c0000
0037000c
0d0b011b
001b130b
0023000a
032a040e
09030715
00130f0a
021f000a
0b210e0e
000f0c1c
01120d09
20240010
2e021207
090c1116
0014020a
0d14000e
00250613
07131225
00140a08
0615000c
281a0507
05071522
000d0c09
2414000f
1c000c06
070c0518
00041012
1c060007
140b0507
07150b1f
00040e17
1c0c0007
12010705
0c0d0101
000a0f17
2e000000
03080209
0c0e000f
00040f14
240f0001
070b0008
0e0e0013
00060f19
03080000
0f110007
0c130004
00001319
08020000
04090006
0d13000d
03030f15
08000000
12020005
0b11000a
01050a08
02030002
1b020001
02000600
01050307
01040003
0a010000
03000500
01060207
02030003
05010000
04000605
01050207
01030004
03020000
03000606
01050207
02040004
02000000
04000606
01060107
02030004
03020000
04000706
01050107
02020005
02000000
03000705
01050107
02030005
02010000
04000606
01050107
02020004
02000000
04000706
01050107
02030004
02000000
04000706
02050307
02050003
02000000
04000506
02040307
02040004
02000000
04000606
02050207
03050004
02000000
04000606
02050207
03030004
02000000
04000606
02050307
03030004
02010000
04000606
02050207
02040004
02010000
04000606
02050207
02030004
02000000
04000605
01050207
02040004
01010000
04000606
02050207
02040003
02000000
04000606
02050207
02030004
02000000
04000605
01050207
03030004
02000000
04000606
01050207
03030005
02000000
04000705
01050207
03030005
02000000
04000607
01050107
02030004
02000000
04000706
01050207
02030004
02000000
04000606
02050207
02040004
02000000
04000607
01060207
02040003
03030000
04000507
01040207
03030003
01010000
05000509
0004020b
04030001
00000000
06000409
00030023
0f0b0000
00000006
1310001a
0000003c
0b0b0000
08030005
190e0002
0000003c
05010000
06070003
190d0004
00000039
05020000
03070004
180d0009
0003072d
0b010000
00080906
130b001b
000c0214
0c0d0000
1815030e
06060507
00070628
18160000
0c130910
0d16000a
000c0f1d
11160000
2108040c
0c17001e
04130c22
001b0000
1a380311
07180001
00092121
1d160000
0437040b
18160018
00000331
13110000
0c0f030b
15120009
0000003c
06080000
13070005
180d0000
0000003d
06060000
06070003
1a0e0008
0607072e
00000000
21120000
0e091200
02050207
01050003
03060000
03000608
01050207
02030003
02010000
04000606
01060208
01010003
03020000
04000506
0105020a
01030000
03030000
05000405
0105040a
01010000
02030000
05000406
02060407
01020002
01020000
04000507
02060306
00030006
03030000
03000606
02050206
01030006
03010000
03000706
02060305
02040007
03010000
03000606
02050305
02030007
02000000
03000605
02060207
01030005
03010000
04000705
02060107
01020005
02010000
04000806
02060107
01030006
02010000
04000706
02050107
01020004
03010000
04000705
03060206
02030004
03000000
04000705
03060107
01030005
03000000
04000805
03060107
01030005
03010000
05000705
03060107
00020004
03010000
04000805
04070107
00020004
04010000
04000805
04070107
00020005
03020000
04000905
04070006
00000005
03020000
04000905
04070106
00030007
03020000
05000a0c
030d0107
00030008
010c0000
05000b10
03080006
00010008
03030000
03000a06
04080006
00030008
03020000
04000a05
05080106
00030007
05020000
04000b04
060b0005
0000000b
09030000
02000d03
080d0006
0000010c
10060000
02001000
08080008
00040308
07090000
07000f08
09071207
132c0018
00020000
0b00102a
0b210009
1c0b060a
2b220000
0b001a13
08070305
08060010
00010000
08000f1d
03090102
0d050010
00000001
0e000b40
090b0403
060a0013
4b000000
00001c00
061d0503
0220011d
16050000
08001f2b
09100b06
12360426
32240000
0b001e0f
08080008
06000206
07000000
09001008
080d0006
00010208
00040000
07000e0e
07110103
0001010c
00120000
07000f16
05090003
0102000d
00020000
05000a11
04080104
0101000c
00000000
05000a0b
03070005
0102000a
00010000
0400090a
03070104
01020009
00020000
0400090a
02070105
01030009
00020000
0400090a
01070006
00020008
00030000
0400080a
01070106
00010007
01050000
03000708
01060206
00020006
02020000
03000607
01060205
02030007
01010000
03000607
01060205
01020006
01010000
03000606
01060205
01030007
01020000
03000606
00050306
010a0008
00010001
0500060a
0010030c
00060007
001b000d
0504041c
00040817
0b060000
001b030f
0a0d001d
000c130e
140d000a
1400090d
060c0510
000f0007
000a0009
2a120506
00000e00
00050106
00060006
08050001
02000601
00050207
01020005
04020000
03000604
00050107
01040005
03010001
04000606
000a0112
00060004
000c0008
0602041a
00050412
00080000
08130008
05080014
00000512
05020000
04030005
08060008
00060713
020a0000
060a0007
0707000e
00000319
070b0000
070a0006
0a050006
0002001d
07060000
0f030004
0a050505
00030410
03030000
10050003
03000a00
00050208
00030004
0b050002
02000801
01050207
01030004
04020000
03000505
01050207
02040004
02020000
03000606
00050209
04070004
01020002
09000417
03050d16
111c0000
04000005
1014001f
08001d15
091b0000
1d030002
0e130000
03011614
1a0b0000
05070002
16150024
05031716
03300000
060c0005
0b0e0009
0219140d
041e0001
0423000b
0c070917
06130809
001b0008
2023080b
030a0a18
021b0d08
211d000a
000e120d
0a141134
0005150d
132c0014
1f080010
0b000a19
010e0604
0a09000b
1811100f
010a0425
010e1908
0e340018
24030607
0a041114
00041007
1e22000c
1018070d
020b0128
000d1b0c
1328000b
051e0c0d
07100a18
00060d14
12170005
1513080f
09100000
00001118
03090000
0d080006
0c130003
00001218
06010000
00040006
0d12000f
03050e14
06010000
13030006
090f0006
01050b09
02040001
1b040002
02000500
01040307
02040003
0a020000
03000602
01050307
03040004
04000000
04000605
01050307
04040004
03000000
04000606
01060207
03030004
02000000
04000606
01050207
03030004
03010000
04000705
01050207
03030005
02000000
04000706
01050107
03030005
02000000
04000706
02050207
03030004
02000000
04000706
02050207
03030005
02000000
04000606
01050207
03020004
02010000
04000606
01050307
02020003
02010000
04000506
01050207
02020004
02010000
04000605
01050207
02030004
02010000
04000606
01050207
03030004
02000000
04000606
02050207
02040002
02000000
04000506
02050207
02030003
02010000
04000605
01050207
02030004
02000000
04000606
01050208
02020003
02010000
04000606
01050207
02030003
02010000
04000506
01050207
03020005
02000000
04000705
02050207
03030004
02000000
04000706
02050207
03030004
02000000
04000705
01050207
03030004
02010000
04000606
01050207
03030004
02000000
04000706
02050207
03040005
02010000
04000605
01050207
02030004
02010000
04000606
01050307
03040004
00000000
05000508
00040209
03030002
00010001
05000409
0004001d
09060000
00030006
100b001a
0000003a
060d0000
0b080007
17110006
0000003e
05030000
07070003
190e0004
0000003e
04030000
04080004
1a0d0008
00000139
00040000
00170607
17090420
00041710
0a1d0000
091b080b
060e0510
000f012b
0f280000
110f0f08
0f160003
010b1c23
171e0000
12140b09
1311001c
01002615
36220000
0e000a08
17180012
0317221c
2f1b0000
12031503
1217030f
0002092f
28140000
181d040c
1413001d
0000003b
09090000
100d0005
180d0001
0000003f
08040000
05050003
1b0f0005
09001c37
08220000
170c0000
150b1007
04050908
0f020003
19010000
0b001109
02060207
01040003
03020000
04000607
02050208
01030003
02020000
04000506
02050209
02020001
03000000
05000506
02050309
02010001
03010000
05000506
02050208
03020002
01020000
05000507
02050307
02020004
02000000
04000606
02060206
01030005
03000000
04000706
02060306
01030007
02010000
03000707
02060206
01030006
03010000
03000705
02060107
00030005
03020000
04000705
02060106
01020006
02020000
04000806
02060107
01030006
02010000
04000706
02050107
01020004
02010000
04000706
02060107
01030004
03000000
04000706
03060107
01030004
03010000
04000805
03060107
00020004
03010000
04000805
03060107
00020004
03010000
04000805
03060107
00020004
03010000
04000805
04070107
00010006
04000000
04000904
04080106
00010006
04010000
04000a04
05080006
00010006
04020000
04000b05
030a0006
03010009
00030000
05000b12
04080006
00050009
04060000
03000a06
04080006
00020007
03030000
04000a05
05090106
00010008
05030000
03000a05
080b0004
0001000a
0d040000
02000c01
090b0007
00030208
0f070000
04000e02
08080008
00000205
01010000
0a001017
091a0c0a
1c180114
17000000
0c03102b
0910000a
000e0607
30170000
07001b10
05080501
0e080011
00000000
0a000f1f
02080102
09050010
00000001
0d000b3b
06090304
0209000f
44010000
00001800
0a0a0701
0522001c
20000000
0200180e
07230603
0c2b0225
26250000
09001c29
08080008
10050213
2d000000
0a001d07
080b0007
00000207
00020000
07000f09
07090003
0100010d
00040000
07000f17
050a0002
0201000f
00010000
05000b12
04080103
0002000d
00010000
04000a0b
03080004
0201000b
00000000
04000a0a
03070104
0201000b
00000000
04000a0a
02070004
0102000a
00010000
04000a09
02060005
01030009
00010000
04000909
02060105
01020008
00020000
04000708
02060205
01020007
00020000
03000607
01060205
01020007
01010000
03000707
01060205
01020007
02010000
03000706
01060205
01030007
01010000
03000706
01060205
01020009
01010000
03000707
00060206
01030008
00020002
0400060b
000c0109
00030007
001c000f
0401041f
001a000c
00000003
17310214
0103051e
00070008
00040007
1f25000a
00000c00
00060107
00030005
04050001
02000604
01050107
01030004
04030000
03000605
01050207
01030005
03020000
03000606
00050208
02050005
00010001
05000508
00090310
01060001
000e0006
08070117
00000410
05090000
05090006
07070006
00010410
03030000
03040005
06050006
0004011a
0a060000
01060006
0908000b
00030417
09000000
17040004
07050800
000a020d
00010003
110c0003
00000901
01050108
02030004
05090001
03000605
01050307
03040005
03000000
04000605
01050207
03030005
02000000
04000506
0204080b
121c0002
00010003
0d0d0216
00050f19
18080000
05080006
14170020
02001319
02090000
0b050005
0c140002
01031117
080a0000
0c0b0008
0e18000e
0000101e
00070000
131a000f
0d1b0013
050a1118
000a0000
080a0007
0b140007
050a1216
02210000
080b0004
090e0007
08211013
00290000
0a090006
090c0302
071a110f
03180000
0d3e000e
0e090019
041d070d
001c0006
10350014
09080030
011a140b
00260009
0e250013
07020a14
000f020d
000a0004
0e280c10
060b011c
01150f15
002f0001
13160008
090d0008
01020d18
000e0000
0a22000b
0b130004
00001118
03070000
060a0006
0d130007
00001316
0a060000
00030005
0d12000f
02060e15
04020000
16080007
080f0004
01050809
00000002
180a0003
01000600
01050207
01030003
08030000
03000603
01050307
01030003
04020000
04000505
02050207
01030003
03020000
04000505
01060107
01020004
02020000
04000606
01060207
00030004
02020000
03000605
01060207
01040004
02020000
04000606
01060207
02030005
02030000
04000706
01050306
02040005
02020000
04000607
01050306
02030005
03020000
03000606
01050207
02040004
02020000
04000606
01050307
02030004
02010000
04000607
01060207
02030004
03010000
04000605
01050207
02030004
02010000
04000606
01050307
02050004
02020000
04000506
01050207
02020002
02000000
04000506
01050307
02030003
02010000
04000605
01050207
01020003
02010000
04000606
01050307
02030004
02010000
04000606
01050207
02030004
02020000
04000606
01050207
01040005
02020000
04000606
01050307
02040004
02020000
04000606
02050307
01030003
02020000
04000506
01050207
01040004
02020000
04000606
01050307
01040004
02020000
04000506
02050207
00040004
03020000
03000605
01060107
02040004
02010000
04000606
01060207
01030003
01020000
04000608
00050109
02030002
00020000
0500040a
0002001a
04040000
00040005
0e040119
0000003b
0a0e0000
0d080008
16130014
0000003e
08020000
06060003
1a0e0005
0000003f
09010000
05050002
1b0e0005
0000083c
09000000
05080002
190c021b
000c0712
0d080000
0f090a08
0a11081a
00070b28
11280000
1a150c0c
0c120027
00080d29
150b0000
05030f06
161a030f
000e141c
06140000
252d0010
0f1a0013
02072019
053b0000
001f070d
0a0e0019
00070032
1c0c0000
14090a0d
17150000
0000003b
080a0000
0b060004
190e0004
00000040
07040000
05080004
1b100005
0700073f
04030000
170c0003
1b0f0107
0205090c
01030002
220c0000
04001204
02050207
02030002
03010000
04000506
02050208
02020002
02000000
04000506
02050207
01020002
02010000
04000606
02050307
02030003
02010000
05000606
01050307
02030002
01010000
05000506
02050207
02020003
03010000
04000506
02050207
00020004
03010000
03000705
02060107
00020004
02020000
03000706
02060106
00030005
03020000
03000705
02060206
01030006
02010000
03000706
02060107
01030005
02010000
04000706
02060107
01030004
02010000
04000706
02050107
01030004
02000000
04000706
02060107
00020004
03020000
04000805
03060107
01020005
03020000
04000705
03060107
01020005
04010000
04000804
03060107
00020004
03010000
04000805
04060107
00020005
03020000
04000905
04080106
00010007
04010000
04000a04
05080006
00010007
04020000
04000a04
05080106
00000008
04020000
04000b04
050e0006
0003000a
04060000
05000d0f
040b0005
0503000a
060e0000
06000a13
05090005
00010008
04020000
03000b04
060a0005
0000000a
06040000
03000c03
080c0005
0001010a
0e060000
02000e00
08080008
00000306
09070000
07000e07
09080508
130e030d
00020000
0c001027
0b26080a
18250416
29070000
0b011e1a
07070308
07060510
0c2f0000
0800111a
03080101
0e050012
00000000
0a000c1f
02070203
0506000e
00000002
0c000a38
03070405
0309000b
41000000
01001601
0a0b0202
05130018
1d000000
00001400
091f0303
0e13011c
00030000
07001c2c
08060908
13360527
33170000
0c002200
08080008
00000206
00010000
07000f08
07080104
0101000d
00010000
07000e16
050a0002
0301000f
00000000
06000c11
04080003
0101000d
00000000
04000b0c
03070004
0104000b
00000000
04000a0b
03080004
01020009
00010000
04000a08
02070005
0103000a
00000000
04000a09
02070005
01020009
00010000
04000908
02070005
01020008
00010000
03000908
01060204
01020008
00020000
03000708
01060205
01020009
02010000
03000906
01060105
01030009
01020000
03000807
01060105
01030009
01020000
03000808
01060204
01030009
01010000
02000807
00060104
0103000a
00010000
03000708
00060205
00020007
01030001
03000507
00090205
00010007
03050002
02000606
01070106
00020007
04080001
02000605
01060206
02020007
02020000
02000605
00050207
02030007
03010000
03000605
00050107
02030005
02000000
03000606
00050207
02030004
01010000
04000607
0008020d
02040004
01070006
06000514
000c0312
00070000
01110007
06050012
00020410
03040000
05060005
06060004
00100913
02040000
060a0008
0605020d
0008010f
00020003
15160006
01010a00
00050107
01030004
080c0001
02000604
00050107
01020004
03020000
03000605
01050207
01040005
02020000
03000606
00050207
03050005
02010000
04000606
00040e21
0e2d0000
00060008
110d0024
00010c20
0e1a0000
090f0006
13120005
01001218
0a040000
0a050005
0e140003
0712131d
05090000
26160009
0b150008
04111e1e
1b290000
0923000c
1714002c
0000121d
08040000
0218000e
0c1a0022
02001218
07040000
090a0008
0c170004
04001615
0a0b0000
06010003
0e130006
07001a13
11160000
0a000004
0e11000a
04001712
200f0000
0400000b
110e0012
04001811
18190000
0400000a
0b0b000a
00020c17
16100000
0a10010a
0d130011
00001218
04090000
0b0c0007
0c130004
00001418
08060000
07020005
0e160004
00001418
0e050000
05030004
0e150007
00001117
09030000
01050006
0d12000c
02020f15
05010000
18040005
070f0100
01050708
01030002
12050001
02000600
01050207
00030003
07020000
03000503
01050307
01030003
03020000
04000504
01050207
01030002
03010000
04000506
02050207
01030002
02010000
04000606
01050207
01040003
02000000
04000606
01050207
02030004
02000000
04000606
01050107
01030005
02010000
03000706
01060206
01030005
02020000
04000607
01050107
02030004
02010000
04000606
01050207
02030004
02000000
04000606
01060107
02030004
02020000
04000706
01050107
02030005
02010000
04000706
01050107
02030004
02000000
04000606
01050208
02030003
02010000
04000506
02050207
02020003
02010000
04000505
01050207
02030003
02010000
04000606
02050308
01040003
03010000
04000606
01050207
02020003
01010000
04000507
02050207
02030004
02010000
04000606
02050307
02030003
01000000
04000506
01050207
02030003
02010000
04000606
01050207
02030003
02010000
04000606
01050207
02020004
02010000
04000606
01050207
02020004
02010000
04000606
01050207
01020004
02010000
04000606
01050107
02020004
02000000
04000706
01050207
02030003
01010000
04000507
00040209
02030002
00010000
05000409
00030016
04090000
00010004
0d000215
00040039
0d090000
09080007
15120017
0000003b
07010000
05060003
190d0005
0000003b
08020000
05070004
190d0006
0000083a
07030000
04080004
190c0019
010d1410
0f270000
0b091005
0a0e041a
000e041b
1d100000
160c0b0a
0e11002a
00110425
0e0d0000
08091107
0c1a000a
01132118
1a110000
19080c06
0d1f000e
00161f1b
211b0000
1414000d
1418001f
000c0331
0c180000
1414010a
1115020a
0000003f
100c0000
140d0004
1a0f0003
00000042
07030000
06070003
1c100004
08000841
07000000
17090003
1c100005
06040f10
0f080000
1f070000
08001006
01050307
03030004
03000000
04000605
01060207
02030005
02000000
04000706
02050307
02030004
02000000
04000606
02050207
02030004
02000000
04000706
02050207
01020003
02010000
04000506
02060207
00020002
03020000
04000605
02060107
01020004
03020000
04000706
02050207
01030004
02010000
04000706
02060206
01020005
03010000
04000706
02060206
02030006
02010000
04000706
02060207
02030005
02000000
04000706
02050107
02020004
02000000
04000806
02060107
01020005
03010000
04000705
02060107
02020005
03010000
04000705
03070107
01020005
03010000
04000806
03060107
00030005
04020000
04000805
03070107
01020005
03010000
04000905
04070206
01020007
04010000
04000905
04080105
00010008
05020000
03000b04
05080006
00020008
04020000
04000c04
06090005
0001000a
05020000
03000c04
06090005
0004000b
05040000
04000d0e
04100007
00040008
02130000
05000c14
06090005
00010009
07030000
03000c03
070b0004
0000000a
08040000
03000c02
080c0007
00010208
0c070000
03000e01
09080008
00000206
03030000
0a000f0c
091a1206
202e0018
00020000
0c021028
0922000a
01070505
30240000
0a001a05
06070204
0d060010
00000000
0900101d
03070002
0a050010
00000000
08000b16
02070103
0503000e
00000003
0b000a37
01060504
050a000b
3f000000
01001401
080a0103
05040010
16000000
00001100
0a190603
0524011d
20010000
08002021
091a0406
052c0423
34200000
07002127
08080008
1700020d
15000000
0c001609
07090104
0300000d
00000000
07000e17
050a0001
0301000f
00000000
05000c11
04080004
0102000d
00000000
05000a0c
03070005
0002000a
00020000
04000a0a
03070005
01030009
00010000
04000a09
02070004
0202000a
00000000
04000a09
02070005
0202000a
01000000
03000907
02070005
0103000a
01000000
03000908
02070105
01020008
00020000
03000808
02070104
01030009
01020000
03000806
02060104
01030009
01010000
03000807
01060105
01040009
01010000
03000807
01060105
01020008
01020000
03000807
01060104
0103000a
01020000
03000808
01060205
01030008
02020000
02000607
01060205
00030007
02020000
02000606
01060205
00030007
02020000
03000606
01060205
01030007
02020000
03000606
01050206
02030006
02020000
03000606
01050107
02030005
02000000
03000606
00050107
02030004
02000000
03000607
00050206
02040005
02010000
03000606
0008010e
02020004
02070006
05010510
000c0410
00000000
02130007
0404030d
000d050b
00000000
0e0e0006
01030804
00060108
00020004
0b100004
02000805
01050107
00020004
04030000
03000605
01050207
01030004
02020000
03000607
01060206
02040005
02010000
03000606
0005020a
04060005
01020000
0800060c
00030127
11110000
00020004
160b001d
0000062b
0d140000
0b0a000a
110f0014
00000c24
080f0000
0d0c0006
0f0f0000
09091a18
14180000
1c070000
0e160000
05022815
1f2f0000
0b000006
18160026
020b1a18
15190000
16130007
1a150016
00071319
0d080000
020e0008
10160016
00001218
08050000
04010005
0d130006
00061315
06000000
0c070006
09100206
000e100e
14150002
0a160008
08080808
000e020e
0b060002
0617000b
04050309
00090817
0a0b0000
0716000a
0e130011
00001617
0a060000
02050007
0d15000e
01001916
110d0000
0c000208
0e180002
02021718
0f080000
0d060108
0f18000d
00001318
0d070000
08000008
0c14000a
02020d13
05000000
19030004
060d0400
01040608
00040002
0e030001
02000500
02050307
01030003
07000000
03000603
01060207
02040004
03020000
04000605
01050207
01020004
02010000
04000605
01050207
02020004
02010000
04000606
01060207
02030004
02010000
04000605
01050206
02030004
02010000
04000606
02050207
02030004
02010000
04000606
01050207
03020004
02010000
04000607
01050107
02030004
02000000
04000706
01060107
02020004
02010000
04000706
01060107
02020005
02000000
04000705
01060107
02040004
02020000
04000606
02060207
01020004
02010000
04000605
01060207
02020004
01010000
04000607
01050307
01030004
02020000
04000506
01060307
01030004
02020000
04000505
01060207
02020003
03020000
04000606
01060307
02030004
03010000
04000607
01060207
02020004
02020000
04000606
01050307
01020004
02020000
04000606
01050207
02030004
02010000
04000606
01050107
02020004
02010000
04000706
01050107
02030004
02010000
04000706
01050107
01020004
02010000
04000606
01050107
02020005
02000000
04000706
01050207
02030004
02010000
04000606
01050107
02030003
02010000
04000607
0005010a
02030003
00010000
05000509
00040114
06090000
00010004
0e010315
00040038
0f0f0000
09050005
16120015
0000003b
06030000
06060003
180d0005
0000003d
06020000
06090003
1a0d0005
0000013c
08050000
040c0005
190e0018
00010424
010c0000
0219050a
0e07021f
00070617
0e0c0000
13060d0a
0910000d
0207002a
041c0000
160a0b07
0e0b0014
010a1b12
2c2b0000
040f0e0b
0d10041e
020f1c17
16330000
22070b0f
11170005
000d0c23
14100000
031a090b
131b0015
0000003e
070f0000
1c060005
19100004
00000040
07000000
07070004
1b0f0004
00000040
06010000
080c0003
1b0f0009
07001929
051a0000
200b0000
0d081100
02050207
02020004
06010000
04000705
02050207
02040005
03020000
04000605
02050207
01030003
02010000
04000505
02050207
01030003
03010000
04000605
02060207
01020002
02020000
04000506
02050207
01020003
02010000
04000606
02050107
01020004
02010000
04000706
02050107
01030004
02010000
04000706
02060207
02040004
02010000
04000706
02050206
02040006
02010000
04000607
02060207
02020005
03000000
04000705
02060107
01020005
03020000
04000705
02060206
01020005
02010000
04000706
03060206
01030006
02010000
04000705
03070207
00010006
04020000
03000805
03060107
02020006
03010000
04000805
03070007
00020005
04010000
04000905
04070006
00010007
04020000
04000a05
04080005
00020009
05020000
04000b03
05080006
00010009
04000000
04000c04
06090004
0001000b
05010000
04000d03
070a0005
00020009
06020000
04000d03
050c0007
0200000a
00060000
07000d16
060a0006
00010009
08050000
03000d01
080c0005
0000010a
0a060000
02000e00
080a0007
00020209
07070000
06000f07
08080007
04000207
00010000
0c000f26
0924100b
151e0115
2c010000
0b031d2a
0705000a
040b060c
212d0000
07001815
03080202
0d050011
00000000
09000d1e
02070003
0605000f
00000000
06000a10
02060204
0406000c
00000003
0b000934
01050f03
111f0016
37000300
03001300
05080203
0904000d
0b000000
02000d00
08090801
0624001e
1f000000
03001600
09260a01
04310128
01260000
08002024
08080006
18270222
2e000000
0b002009
060a0103
0201000d
00000000
07000e16
050a0001
0203000f
00000000
05000c0e
04080004
0103000d
00000000
05000b0b
03070005
0201000a
00000000
05000a0a
03070005
01020009
00010000
0400090a
02070004
0102000a
00000000
04000a09
02070005
0104000a
01010000
03000a07
02070004
0103000a
00020000
03000a08
02070005
01020009
00010000
03000908
02070105
00020009
01020000
03000907
01060005
01020009
01010000
03000907
01060105
02020009
01010000
03000807
01060105
01030008
01010000
03000807
01060004
0104000a
01010000
02000807
01070105
01030009
02020000
03000707
01060205
01020008
02020000
03000706
01060105
01020007
02010000
03000707
01060205
02030007
02020000
03000607
01060206
01030007
01010000
03000606
01050107
01030004
02010000
03000606
00050107
02030004
01020000
03000607
00060207
02030005
03010000
03000605
01050206
01020004
03020000
03000506
010a0208
02030005
03040001
04000607
010c0208
01030004
050e0002
03000606
01050107
01030004
02020000
03000606
01060207
01030004
03010000
03000606
01050207
02030004
02010000
04000607
01050207
02030004
01020000
04000507
0104030b
060a0005
00010002
08000515
000c0d1f
0e230000
04020006
1007051d
000d012a
0f040000
040f0007
0f0c0812
00020427
0b120000
060e0005
11070110
00001426
09240000
0c12040a
0f0c000d
040f1020
1e250000
2c0f0502
11150b05
03101f15
282e0000
00270008
1c130026
00001c18
15190000
07040003
1314000e
00001018
06040000
03060006
0d130009
04041011
0a110000
0e020006
080b0a01
00150b0c
0a140001
0d1c0009
08040915
0008050e
060e0000
05130006
0702070a
00000917
10190000
000b0005
1011000c
01001317
0f0d0000
03050007
0e1b000e
0303181a
000e0000
0f0e0007
0f1c0002
040b1f19
00210000
070b000a
0e1b0011
00021518
0d0a0000
0a140008
0e13000e
02030d13
01000000
19050004
040b0400
01050308
00030002
0c030001
02000500
01040307
01030002
06010000
03000503
02050207
01030004
04000000
03000604
01050107
02030004
02010000
04000605
01050107
02030004
02000000
04000706
01050107
02020005
02000000
04000705
01050207
02020005
02010000
04000706
01050206
02040005
02010000
04000706
01060307
02040005
02020000
04000706
01050107
02030005
02010000
04000706
01050107
02030004
02000000
04000706
02050207
01030005
03000000
04000605
02050306
02030005
02010000
04000606
02050306
02030004
02010000
04000605
02060207
02030004
02020000
04000706
01060107
01030004
02020000
03000705
01050207
02030004
01020000
04000606
01060207
01020004
03010000
04000706
02060206
02030004
03000000
04000607
02050207
01040004
02000000
04000606
01060107
01020004
02020000
04000607
01060107
02020004
02010000
04000707
01050107
01030004
01020000
04000707
01050107
02020004
03000000
04000705
01050207
02030005
01010000
04000707
01050107
02030005
02000000
04000705
01050107
02030004
02000000
04000606
01050207
02030004
02010000
04000607
00040109
02030003
00010000
05000508
00030113
06020000
00010004
0c000319
00050037
10100000
0c020007
17120018
0000003c
06030000
05060004
190e0005
0000003d
07040000
06070003
190e0005
00000038
08050000
07050003
180d0008
00000039
04070000
05180009
170b0014
0005002f
000d0000
1027050d
12090015
00000334
001c0000
1220000a
110d0012
010b1216
111e0000
07141008
0d0f0913
000d1714
2f1c0000
1c2a0c08
10130024
00092617
31240000
0d000e08
13120019
0000023a
160c0000
2300020b
19140000
0000003e
09020000
08060003
1a0f0003
00000040
05020000
08070003
1a0e0005
0600092e
00000000
1e0b0000
0f091000
02050307
01040003
05070000
03000605
02060207
01020004
03010000
04000606
02060208
00020002
02020000
04000505
02060208
01020002
02020000
04000606
02050208
01020003
02010000
04000606
02050207
01020004
02010000
04000706
02050107
01020004
02000000
04000706
02050107
01020004
02000000
04000706
02060306
02030005
03010000
04000706
02060107
02020005
02020000
04000705
02060107
00030005
02020000
04000706
02060206
01020006
03010000
04000705
03060207
00020005
02020000
04000806
03060106
01020006
02020000
04000806
03060206
01030006
03010000
04000805
03070106
01030006
03020000
04000806
04060106
01030006
04010000
04000904
04070106
00010007
04010000
04000b04
04070005
00020009
04010000
04000c04
06080005
0002000a
05010000
04000d04
07090004
0003000b
06010000
04000d03
080a0005
0001000a
07020000
04000e02
07100008
0002020c
05070000
07000e11
080b0005
00010109
0b130000
04000f10
080b0006
0001020a
08060000
04000e04
08090007
00010206
02030000
07000f08
07050f07
142f021a
00020000
0a001229
0a28000a
0f110508
262f0000
0a001d0e
07060304
0b060011
00010000
0800111e
03080001
0e050012
00000000
0a000c1a
02070003
0604000e
00000000
05000a0d
01060304
0404000c
00000003
0a000833
01090a04
01220019
30130808
00031408
02060702
171e0017
19000000
04011100
0a0c0201
060a0015
1e000000
00001400
07250601
061c011b
1c090000
08001c30
0a140f03
1840012d
30200000
0c002322
060a0006
1301000c
04010000
0b001318
05090002
0102000f
00000000
05000c0e
04080003
0202000d
00000000
05000b0c
04070104
0201000c
00000000
05000a09
02070005
0201000b
00000000
0400090a
02070005
0102000a
00010000
04000a09
02070005
01030009
01010000
03000a07
02070005
01030009
01010000
03000a08
02070005
0102000a
01020000
03000a07
02070005
01020009
01010000
03000908
02060005
01030009
01010000
03000907
01070005
0103000a
00010000
03000907
01060105
01020009
01010000
03000807
01070005
01020009
01010000
03000807
02070104
00030009
02020000
02000807
01060105
01030009
01010000
03000707
01060105
01030008
02000000
03000706
01060205
01030007
02020000
03000707
01060206
01030007
02010000
03000606
01050207
02030005
01010000
03000607
01050207
02030004
01010000
03000607
01050206
02030004
03020000
03000606
01060206
02030005
03010000
03000605
01050206
02030005
03020000
03000605
01050207
02030004
03000000
04000705
01060206
02030004
02010000
04000606
01050207
02030005
03010000
03000605
01050206
02030005
02010000
04000606
01050206
02030005
01010000
04000608
0005020c
03060004
00010003
0700050e
0006001a
05000000
000c0006
0b070018
000d0818
0d180000
09070006
0e06070b
00050023
09000000
100e0007
0d080306
00050526
0d120000
080d0006
1008030c
00081b26
113e0000
091b0405
150b0012
0000082a
14150000
060d0306
1e0e001a
0000052a
06110000
0d0f0009
100c0006
00000729
0c110000
00030007
120b000d
0000072a
09230000
0f090104
10070405
01000321
121c0000
07000100
0f03080a
00000523
18200000
08000502
11080406
00000b25
16190000
11000305
130b0211
00070e19
18050000
0d0d000a
0f1e0006
01001b1b
0f0a0000
10080007
101f0007
01001c1a
07010000
0c070006
111c000c
0000171b
120f0000
0c060006
0d130012
02020b10
05000000
19050002
04070500
01040308
01030003
0b020000
02000600
01040307
02030003
05000000
03000504
02050307
02040002
03000000
04000504
02050207
02030003
02000000
04000605
01050107
02020004
02000000
04000705
01050107
02030004
02000000
04000706
01050107
02030004
02000000
04000706
01050107
02030004
02000000
04000706
01050107
02030005
02000000
04000706
01050107
02040005
02000000
04000706
01050107
02030004
02000000
04000706
02050207
02030004
03000000
04000605
02060306
02030005
03010000
04000605
02060207
03020004
02020000
04000606
01050107
03020004
02010000
04000706
02050107
03030004
02000000
04000706
02060106
03030004
01000000
04000707
02050207
02040004
03000000
04000706
02060207
02030004
02010000
04000607
02050307
03020004
02010000
04000606
02050207
03040005
02000000
04000706
01060207
03030004
03010000
04000607
01050207
03030005
02010000
04000707
01050207
01030005
02010000
03000606
01050107
02030004
02000000
04000706
01050107
02030005
02000000
04000705
01050107
02030005
02010000
04000706
01050207
02030004
02010000
04000606
00050108
03020004
00020000
04000609
0004000f
04070001
00010004
09000417
00080036
090e0000
070b0008
120e0019
0000003c
07020000
06070004
190e0003
0000003b
06000000
05090003
180d0008
00000038
07030000
08060004
170d0008
00000039
06030000
07060003
180d0005
0000003b
06070000
06070003
180e0004
0000053c
06000000
060e0004
190d001a
00091217
10190000
0e14090c
0d110023
010e0c1b
00120000
0d260610
05130008
0510071a
000d0000
15330614
00130016
000b192d
2c230000
161a0707
1a14010d
0000003d
0e080000
17070003
190e0002
0000003f
06020000
07070003
1b0e0004
07001935
071b0000
160b0002
150a0d0b
04050808
10020004
1d010000
08001304
02050207
01030003
03010000
04000606
02050208
01030002
02010000
04000606
02050107
01020004
02010000
04000705
02060107
03020005
02010000
04000706
02050107
02020004
02010000
04000706
02050107
01020004
02000000
04000706
02060207
01020006
02010000
04000706
02060206
01020005
02020000
04000706
02060107
02030005
03020000
04000706
02060207
01020005
02010000
04000705
03060206
01030006
03010000
03000705
03060106
01020006
02010000
04000805
03060106
00030006
03010000
04000806
03070006
00020006
03020000
04000805
03070106
00010007
03020000
04000905
03070006
00010008
03010000
04000a04
04070005
00000009
04010000
03000b04
04070005
00020009
04010000
04000c05
05080005
00020009
04000000
04000c03
06090004
0001000a
06000000
04000c02
08090005
0002000a
09010000
04000e01
08090006
00020209
07010000
06000f0c
08100006
00000209
0a0d0000
07000f10
08090008
00010208
04040000
07000e08
09080008
02010205
00020000
0b001021
0a221109
152c0119
20000000
0a001927
07060009
000b0509
26250000
07001912
04080301
0f060012
00000000
0900101d
03070002
08060011
00000000
06000c11
01070003
0404000e
00000000
03000b0c
01060203
0304000d
00000003
0a000931
00180304
000e000d
38120007
0000141e
010e0a05
0b210018
1c160005
01031219
06080103
18050014
1b000000
03001200
0a0b0602
061d021c
20000000
03001900
09280d03
083f0328
11210000
08001a36
05090005
16200023
30020000
0c002417
060a0003
0103000f
00080000
05000c1a
04080003
0203000d
00000000
05000b0c
04080103
0102000c
00000000
04000a09
03080003
0103000b
00010000
03000b0a
03080005
0103000b
00010000
03000a09
02070005
01030009
01010000
03000a07
02070005
01030009
01010000
03000908
02060004
0103000a
01010000
03000a07
02070005
01020009
00010000
03000908
02070004
0103000a
01010000
03000907
01070005
01030009
00010000
03000907
02070005
01020009
01010000
03000807
02060105
01030008
01020000
03000807
02060105
01030008
01010000
03000806
01060105
01020008
01020000
03000807
01070105
01020009
02020000
03000806
01060105
01030008
01020000
03000707
01060106
01030007
01010000
03000706
01050106
01030005
01010000
04000607
01050206
01030005
02010000
03000606
01050107
01020004
02020000
03000606
01050107
02030005
02010000
03000705
01050207
02030005
02010000
03000606
01050206
03040005
03000000
04000605
01050206
03040005
02000000
04000605
01050206
03030004
03010000
04000606
01050107
02030004
02000000
03000605
01050206
02030005
01010000
04000609
00050309
04040005
00000000
06000509
000a0018
04010002
00070006
09040215
00060211
01010000
030f0006
0301060c
00090911
05110001
040b0005
04010306
00120d19
0b120001
09180004
0d04060a
00120f21
160d0000
0f0b0107
0d09031e
000e032b
0c000000
111d000c
0e07050c
0001022c
16040000
0a14000a
1008000c
000d0031
14000000
05140010
13060510
0005012f
15000000
0010030f
0d0c0012
0002062a
00080000
0b11030b
0d110003
0015002d
0f000000
0b1c000f
0c0c0008
00081d21
143c0000
01130509
0914022b
060e1219
131a0000
14200408
1113000e
0301141e
00100000
080d0008
101e0009
0100191e
18050000
090e0008
0f19000c
0000002c
0e030000
110d020a
110c030c
00020511
03010000
1b0c0002
02000a00
01040307
02040005
0a010000
02000600
01050207
03030005
05000000
04000604
01050307
03020005
04000000
04000604
01050207
03040005
03010000
04000705
01050107
02030004
02010000
04000706
01050107
02030004
02000000
04000706
01050206
02030005
02000000
04000607
01050207
03030004
02000000
04000605
01050107
02020004
02000000
04000706
01050207
02030004
02010000
04000606
01050207
02030004
02010000
04000606
01050107
01030004
02010000
04000705
02050206
02030005
02010000
04000706
01050206
02030005
02000000
04000706
01050207
03040004
02010000
04000707
01050207
03030004
02000000
04000606
01050207
03040005
02000000
04000606
02060207
02030004
03000000
04000705
01060207
03040004
02010000
04000606
01050206
03030005
02010000
04000607
01050106
02030004
02000000
04000606
01050206
02030004
02000000
04000606
02060206
02030004
02000000
04000606
01050206
03040005
02010000
04000607
01050207
02030004
02010000
04000606
01050207
02030004
02000000
04000606
01050107
02030004
02000000
04000706
01050107
02030004
02000000
04000707
01050207
03040004
00000000
05000608
0004010d
05050001
00000002
08000410
00020030
0e100000
00040006
13110015
0000003a
0b050000
09060003
180c0005
0000003b
06040000
05050003
190c0008
00000037
06020000
07060004
170d0008
00000039
06030000
06060003
180d0004
0000003c
06030000
07050003
190d0004
0000023f
04050000
07080005
190d0018
01080d22
071b0000
1d130905
1213000f
05141b1d
200b0000
081f0006
1719001f
00082315
320f0000
03000900
131c0018
00080f30
23170000
1d0f080a
12110017
0000003c
06120000
141b0007
190e0002
0000003f
05020000
07060003
1a0d0004
0703033e
04030000
150b0003
1a0d0208
02050a0a
02030004
210d0000
04001103
02050307
02040002
03000000
05000605
02050208
02020003
02000000
04000606
02050207
02040004
02010000
04000706
02060207
02030005
02000000
04000706
02050107
01030004
02010000
04000706
02060107
01020004
03020000
04000706
02060206
00030006
02020000
03000706
02060106
01030006
02010000
04000706
02060107
00020005
03010000
04000705
03060206
01020006
03020000
03000806
03060106
00020006
03010000
04000705
03060106
00020006
03020000
04000806
03070107
00020005
03020000
04000806
03070107
01010007
03010000
04000905
03080006
01020008
02020000
04000a05
04070005
00020009
03020000
03000b05
04070005
00020009
04010000
03000c04
04080005
00020009
02020000
04000c05
05080005
00020009
04000000
04000c03
06080004
0002000b
06000000
04000c03
090a0004
0001000b
0a000000
04000e01
08090006
00010209
07010000
06000e06
080b0008
00010206
00040000
07000e08
08080008
00010206
01010000
07000e08
08070c08
161e0118
00010000
0b001228
0917000a
1a0e0610
2d140000
0a001b17
08060406
08080111
010e0000
0700111b
03080002
0f050013
00000000
09000d1e
02070002
0504000e
00000000
05000c0d
01060002
0405000f
00000000
03000b0a
01060504
0709000d
00000003
0a000a32
02060404
0309000d
39000001
03001304
02140802
19120012
00110306
04000b26
03080903
1821001d
1c010401
04011300
09090300
19100017
20000000
03001400
041d0602
0123011c
13050000
08001e3d
0a141103
12420330
2c260001
0c00211b
05090007
2005000b
080a0000
0e00141b
04090004
0105000c
00030000
05000b0a
04080103
0102000c
00010000
04000a0a
03070005
0103000b
00000000
04000a08
03070005
01020009
00020000
04000a09
03070005
0102000a
00020000
03000a08
02060105
0203000a
01000000
03000907
02070005
01020009
01010000
03000907
02070004
01030009
01010000
03000a07
02070005
01030009
01010000
03000907
01070005
0103000a
01000000
03000907
01060005
01030009
01010000
03000907
02070005
01030009
02010000
03000906
01070005
0103000a
01030000
03000907
01060105
0102000a
02020000
02000907
01070004
0203000a
02010000
03000906
01070104
01020009
01020000
03000807
01060206
02030007
01010000
03000607
01050107
01030005
01020000
03000607
01050107
02020004
02020000
03000606
01050106
01030004
02020000
04000607
01050207
02030005
02010000
03000607
01050107
01030004
03020000
03000605
01050107
02030005
02020000
03000707
01050207
02040005
02010000
03000606
01050207
02030004
03010000
04000604
01050207
02030004
02000000
04000606
01040307
03050004
01000000
04000609
01050207
03040005
01000000
04000508
0004010a
02040004
00020002
0500040f
0006000b
02010001
01050004
0401040f
00060109
00040002
01070005
0201030a
0003030a
04040002
03020004
03010306
0008010c
05020000
070b0004
03010306
00030e0d
13100000
04030005
0b03030c
00020b16
120c0000
04080307
0d09000e
00001519
1e1f0000
04000207
110a000a
0100111f
15200000
10070309
13130003
03001520
060b0000
0b0a0008
0f1c000e
01021c1d
18330000
0e0a050a
10130017
0112071b
09140000
1014080d
10170010
0300191e
19170000
1422020a
1221000c
02001a1e
110e0000
0f000008
131f0005
00101f18
15070000
05070d07
0d11001d
000c181a
1d2c000b
110d0703
0d090b10
00020712
07010000
1e050002
02000a00
01050306
02050005
09000000
02000701
01050307
03050005
05000000
03000604
01050306
04060006
03000000
03000704
01050207
04040006
03000000
04000705
01050306
05050005
03000000
05000706
02060207
06040004
03000000
05000706
02060306
06050005
03000000
04000706
01060206
05030005
02010000
04000706
01050207
05030005
03000000
04000706
01050107
04030004
02000000
04000706
01050207
03030004
02000000
04000606
01050207
03030004
02000000
04000606
02050207
03030005
03000000
04000705
02050206
03040005
01000000
04000606
01050206
04040005
02000000
04000606
01050207
05040005
02000000
04000606
01050306
04040005
02000000
04000606
02050306
05050005
02000000
04000606
02050306
05040005
02000000
04000706
01050207
05040006
03000000
04000606
02050207
04030005
02000000
04000606
02050207
05030005
02000000
04000706
01050207
05030004
02000000
04000706
01050206
03030004
02000000
04000607
01050306
04040005
02000000
04000606
01050306
04040005
02000000
04000607
02050406
05050005
03000000
04000607
01050306
04050005
02000000
04000607
01050207
04040004
01000000
04000609
0004010c
05060002
00010001
0700040c
00020029
11160000
00030208
1415001b
0000003d
0a090000
14060003
190c0004
0000003c
05010000
04070003
190d0007
00000038
06020000
05060004
180d0007
00000039
05030000
06060003
170d0004
0000003c
06030000
08060003
190e0003
0000003e
05060000
07070003
1a0e0006
00001136
001e0000
09130207
160b001a
00061c1f
28330000
040d040a
100d001f
0002141c
0a230000
061f0b0d
0b0b031b
00080034
13130000
1e080f09
0f120000
0000003c
06020000
07070004
180e0004
00000040
06020000
08050003
1b0e0004
0701053e
05000000
190b0004
1b0f0003
06040913
0d060000
190a0000
08000e06
02050308
02030002
04020000
04000605
02050207
03040004
03000000
04000705
02050208
02040003
02000000
05000606
02050208
01030003
03010000
04000706
02060107
01020004
03010000
04000705
02060107
01020005
02020000
04000806
02060205
02030007
02010000
04000807
02060107
02030006
03010000
04000705
02060107
00020005
02010000
04000705
03070107
01020006
02010000
04000906
02070107
00020007
03020000
04000905
02070006
01020007
03020000
04000a05
03070107
01030006
02020000
04000807
03070105
00020008
04020000
04000a05
03080005
01020009
03010000
03000b06
04070005
00020009
04010000
03000b04
04080005
00020009
03020000
04000b05
04080005
00020008
03010000
04000b05
05080005
0002000a
04010000
04000c05
07090004
0001000b
06000000
03000d03
080a0003
0002000c
0a000000
04000e00
08080008
0002020a
07010000
07000f06
08080008
00000205
00010000
07000f08
08080008
01000205
00010000
0a001214
09170909
18200219
13010000
0b001227
0820000a
000f0609
2a270000
06001e0f
05080402
0e070012
00000000
0a00101e
03070003
09050011
00000000
07000c13
02070003
0505000e
00000000
04000b0c
01060003
0305000e
00000000
04000a0c
00020d03
191d0014
00000002
0b000c35
00000704
0e14000e
38000000
04001211
00081303
18210015
0c000107
09060921
02160d04
08240018
150b0506
02000e08
07080402
121c0015
24100001
01001600
09090501
0623021e
20000000
0400170f
0b221502
034c0134
1b310003
0a001f46
050d0006
1b290026
35050000
0c00221b
04090105
0105000c
000f0000
06000a1f
04080103
0102000c
00010000
04000b09
04080004
0102000b
00010000
03000a08
03080005
0102000b
00010000
04000b08
02070004
0003000b
00010000
03000a09
02070004
0102000a
00020000
03000a07
02070105
01020009
01010000
03000907
02070004
0102000a
01010000
03000a07
02070005
0103000a
01010000
03000a07
02060005
01020009
01020000
03000907
02070005
0103000a
01010000
03000907
02060005
00020009
01020000
02000907
01060004
0103000a
01010000
03000906
02070004
0103000a
01020000
03000907
01060004
0003000a
02010000
03000906
01060105
02040009
01010000
03000807
01060205
01020007
01020000
03000707
01050107
01030006
01010000
04000607
01050107
01020004
02020000
03000607
01050107
02030004
02010000
04000607
01060206
02030005
03010000
03000607
01050107
02030004
03020000
03000605
01060107
01030005
02020000
03000606
01050106
01020004
02020000
03000606
01050107
02030004
03020000
03000605
01050107
03030004
02010000
04000607
01050307
05050003
00010000
05000409
01040307
03030003
02000000
04000506
00040208
03030004
01000001
04000409
00070309
05010003
00060002
0400040b
00060307
05030005
00030003
0300040b
00060208
00020004
02060005
02000409
0003020a
03040002
02060004
03000307
0003010a
02040001
02030004
03010406
00030116
04030000
00060008
080a000e
0000051c
00050000
050b0009
090f0007
00021019
07100000
0c0a0007
0b100005
00001320
13110000
13070405
13190007
01021621
01060000
0814030a
10160014
0000181d
14190000
0a080107
10180014
020d1f1c
10270000
120a0707
10180014
0003131d
17080000
0b180007
13140004
00041017
0e000000
00060408
0c07001f
0009030a
050b0005
1d040708
00050403
0004030b
00080003
20070003
01000a00
00050207
01020004
0a020001
02000601
00050107
01020004
05020000
03000604
01050107
01010004
03020000
03000605
01050206
01040005
02020000
03000606
01060307
03040004
02020000
04000607
01060407
02060004
02040000
04000606
01060407
02060004
04040000
04000706
01060307
03040005
01020000
04000607
01050307
04050006
02000000
04000606
01040306
04040005
03000000
04000606
01050306
05050005
02000000
04000606
01040306
06050005
03000000
04000606
02050306
05050005
02000000
04000606
02050406
06040005
02000000
05000607
01050406
06060005
02000000
04000606
01040306
05050005
03000000
04000606
01050406
06050005
02000000
04000607
01040406
06050005
02000000
04000606
01040407
07070006
04000000
04000705
01050306
05060006
03000000
04000605
01050306
05040005
03000000
04000606
01050307
03050004
02020000
04000606
01050307
03050004
03020000
04000606
01040207
03050005
02000000
04000606
01050306
03030005
02010000
04000607
01050206
02040005
03010000
04000606
01070207
02030005
02020000
04000607
01050207
03040005
02010000
03000607
00050108
03040004
02020000
04000607
0004000c
02030002
00020001
0500050a
00080026
0f0a0000
00020308
1314001a
0000003d
060e0000
13060005
1a0d0004
0000003e
05030000
04060003
1a0e0006
00000039
05010000
04070004
180d0007
0000003a
05030000
07060004
180d0004
0000003c
06030000
06070003
180e0004
0000003f
06030000
07070003
1a0e0003
0000003f
05040000
040b0004
1b0e000b
0003003b
05020000
08270008
180e000a
00010039
00100000
0021000b
180a001d
00030039
00190000
1622060d
100e0005
0000003b
06030000
06050003
190d0005
0000023c
0a010000
0a060003
19110003
01000d35
0e0a0000
06080003
190f000b
07011927
0a1c0000
220f0000
0e091100
02050208
02020002
03020000
05000606
02050208
01030003
03010000
04000605
02060208
01030003
03010000
04000605
02060208
00020003
03030000
04000705
02060107
01020004
03020000
04000806
02050107
01020004
02000000
04000706
02060107
01030005
02010000
04000706
02060106
00030005
03010000
03000705
02060106
01020006
03010000
04000905
03060106
00020006
03020000
03000905
03070006
00030008
02010000
03000a06
03070006
01020009
03010000
04000a06
03070106
01020008
02000000
04000906
03070105
00010008
03010000
03000a05
03070005
00030009
02010000
03000a05
04070005
01020009
03020000
04000b06
04070005
01030009
03010000
04000b05
04070006
00020009
03010000
04000b05
05080006
0002000a
04010000
04000c05
06090003
0002000b
05010000
03000d03
080a0003
0002000d
0a000000
03000f01
08080008
0001020c
08000000
07000f05
08080008
00000205
00000000
07000f08
07070608
120c0313
00010000
0a00122a
09240c09
182b061b
29090000
0a001f15
07060407
08070410
0a2b0000
0800111b
03080002
0e050013
00000000
0a000d1e
02070003
0605000e
00000000
05000b0e
01070003
0403000d
00000000
03000a0a
01070104
0c04000b
00000000
07000b20
00030907
1e200010
00000004
0b08092c
01040a05
061b0012
31000902
06001200
00190801
180e0014
0f0f0405
05050822
000a0004
0204000f
1d110007
00000e0a
03110d05
08210017
250b0106
0103160b
090a0200
08120018
1e000000
00001400
02230603
0327021e
0e070003
0b002045
0b1f1405
09490231
36380003
0c002214
040f0006
1403000b
00120000
0b001221
04080003
0106000d
00080000
04000b0a
04080103
0102000b
00010000
04000a09
04080103
0102000c
00000000
03000a08
03080005
0102000c
00010000
03000b09
02070005
0103000a
00010000
03000a08
02060005
01020009
01010000
03000907
02070005
00020009
01010000
03000a07
02060004
0102000a
01000000
03000a06
02070004
0103000a
01010000
03000a08
02060004
0103000a
01010000
03000907
02070005
01020009
01010000
03000906
02070005
01030009
01010000
03000907
02060005
0103000a
01010000
03000906
02070004
0103000a
01010000
02000906
01060006
01020009
01010000
03000806
01070105
01020008
01020000
03000807
01060107
02030007
01010000
04000607
01060107
01030004
02010000
04000706
01050107
02030004
01020000
04000608
01060107
01030004
03010000
03000606
01050107
02020004
02000000
03000605
01050107
02020004
02000000
03000605
01050107
02020004
02000000
03000605
01050107
02020004
02000000
03000705
01050207
03030005
01010000
04000608
00050307
03040003
01010000
05000409
01040307
02030002
03010000
04000406
02040e07
1a0b000d
00010000
0704051b
00051303
2f100012
16000000
07050314
00060406
1107000a
0d010003
04000a05
00050107
04020008
02030003
02000606
00050109
02030005
00050004
03000408
00040209
01030001
04030004
02010205
00030110
01040000
02060006
0707010c
00000d1c
030a0000
03080007
0d16000d
0000101e
07010000
030a0007
0e14000a
00000c1f
0b1a0000
10060406
0e17000a
02001920
0c080000
0f050008
151b000c
0002131c
08150000
0110000c
0e15001e
00071522
1a130000
0c07060b
0f130011
00000923
14120000
0b0d0608
11090006
0001091d
11120000
0a000606
0e060311
0009000f
00030000
1a140209
01030600
00060109
00080002
1a100005
00000800
01050207
01030005
09040001
02000602
01060107
01030004
04020000
03000604
01060107
02030004
03020000
03000706
01060106
02030004
02010000
03000606
01050107
01020004
02020000
03000606
01050207
01040004
02010000
03000506
01060207
01030004
02020000
03000606
01050106
02030005
01010000
04000707
01050207
03030004
02010000
04000507
01050207
02030004
02010000
03000605
01050207
02030004
01010000
03000606
01060206
02030004
02020000
03000606
01050207
02030004
02010000
03000606
01050206
02030005
01020000
03000507
01060207
01030004
03020000
03000506
01050207
02050004
02010000
03000606
00060206
02030004
02020000
03000507
00050207
01030004
03020000
03000505
01060207
00030003
04030000
03000505
01050207
01030002
02020000
03000506
01050307
01040004
03010000
03000605
01050207
01030004
03010000
04000605
01060207
02030005
01010000
04000606
01060207
01030004
02010000
03000605
01060106
01030005
02020000
03000606
01060207
01040005
03020000
04000605
01060107
00020005
02030000
03000706
01060107
00030005
02030000
03000706
01050108
01030004
01020000
04000607
0004010b
02040001
00020001
0600040a
00080029
090b0000
00050008
14110019
0000003c
060e0000
0e0e0006
190d0005
0000003e
07020000
05050003
1a0e0005
0000003b
07010000
03080003
190e0008
0000003a
07020000
07050003
190e0003
0000053c
11030000
05060003
19130008
0000013f
0e030000
0c070002
1a0f0002
00000040
08020000
06060003
1c0e0007
0000003e
05010000
06080003
1a0e0007
0000003d
05030000
05070003
190e0008
0000013a
07040000
070a0004
18110008
00000c3a
0f010000
06050004
1916000a
00000635
19020000
10050004
16110002
00000037
05000000
040a0005
170f000a
06010a2c
00000000
22130001
0c0a1100
02050308
02030001
04020000
05000608
02050208
01020002
03010000
04000605
02060207
00020003
03020000
04000705
02050107
01020004
02010000
04000706
02050107
01020004
02010000
04000706
02060107
01020004
02020000
04000705
02060107
02020004
02020000
04000706
03060107
02020004
02020000
04000806
03060007
01020005
03020000
04000905
03070007
00030005
02020000
04000906
03070107
01020006
02010000
04000906
03070005
01020008
03010000
03000a06
03080005
00020008
02020000
03000a05
03070005
00020008
02020000
03000a06
04070005
00020009
02010000
04000b06
04070005
00030009
03000000
04000b05
04080005
00020009
03010000
04000b06
04080005
01020008
03000000
04000c05
05080005
00010009
04000000
04000c05
06080004
0002000b
05010000
03000d04
09090004
0002000c
08000000
04000f01
08090006
0002010c
08000000
06000f04
08080008
00000206
00000000
0b00120f
0a0f0e0a
1732031d
0f010000
0b001229
092a000a
0213050a
27310000
09001f0d
05070302
0e060013
00000000
0a00111e
02080002
0a050012
00000000
07000d16
01070003
0506000f
00010000
04000b0d
01070004
0404000d
00000000
03000a08
00020905
181f000c
00000002
0a070a28
0219010b
14090008
18150408
07080b0f
00090604
10150016
29010c04
00000e00
00120104
15060011
1e0a0406
03040e1c
00050005
000c000f
1c160005
00000f01
02180e03
0c1a0016
04160104
03020d19
06080201
160c0013
21000000
02001600
090a0601
08260220
1e000000
05001814
0a240f03
0348032d
1e300000
0b031e3c
05100006
141a0021
390a0000
0e00241e
04090006
0209000d
00150000
07000c24
04080003
0102000c
00010000
04000b09
04080103
0002000c
00010000
03000a08
03080103
0102000c
01000000
03000a08
02070005
0003000a
00010000
04000a08
02070005
00020009
00020000
03000a07
02070005
01020009
01010000
03000a07
02070005
0002000a
01010000
03000a07
02060004
0102000a
01000000
03000a07
02070005
0202000a
01010000
03000908
02060005
0102000a
01010000
03000906
02070004
0102000a
01010000
03000906
02070005
01020009
01020000
03000906
02070005
0103000a
01020000
03000907
02060004
01030009
01010000
03000906
01060105
01030009
01010000
03000907
01060106
01040008
01010000
04000707
01060107
01020005
01010000
04000607
01050107
01030004
01010000
04000607
01060107
02030004
01020000
03000607
01050107
02020004
02000000
03000605
01050107
02020004
02010000
03000606
01050107
02020004
02000000
03000605
01050107
02020004
02000000
03000705
02050107
02060005
01010000
06000609
02060407
0a0b0004
06010000
05000609
02050607
0e100002
01020000
0803040e
00091c02
1d1f0011
00000303
0a0c002c
04101403
171a0014
22040806
060b0d00
00050404
0908000a
07140004
03000606
00050305
0806000a
07000001
02000604
00070007
04080007
02030004
03000708
0106040a
050b0001
03050004
05020206
0004030d
06040000
06070005
0605030b
00020b1a
04070000
00090007
0c140010
0000111f
06030000
03050007
0d140009
00000523
09040000
09060608
0f10000a
02011a1d
13180000
14050006
11180001
04041c1f
02150000
08110008
121d000f
00061424
00000000
001c000c
0f130010
00000424
01080000
060c020a
0a0d000b
00020719
0a000000
0e090809
060a0114
00040610
07080000
1c020404
01050a00
00050309
00020003
10070002
01000700
01050106
01050005
06020000
03000603
02050207
01040003
04010000
03000504
01050207
01040003
03010000
04000605
01050107
01020004
02020000
03000606
02060207
02040004
03020000
04000606
01060207
02020003
02020000
04000606
01060207
02030004
02020000
04000607
01050107
01020004
01020000
03000706
01050107
00020004
01020000
03000606
01060107
01020005
02020000
03000605
01060107
02020004
01020000
04000606
01050107
01020004
02020000
03000506
01050207
01030004
03010000
03000605
00050207
01030004
01020000
03000606
01050207
01020003
02020000
03000506
01050207
00020003
03020000
03000506
01050207
00030004
02030000
03000506
01060206
00030004
03030000
03000505
01060207
01030003
03030000
03000406
01050208
01020002
02020000
04000506
01050207
00020003
03020000
03000505
01050207
00020004
03020000
03000606
01060207
01040004
02030000
03000606
01050207
00030003
02030000
04000606
01060107
01020004
02020000
03000606
01050107
01030004
02020000
03000606
01060107
02030004
02020000
04000706
01060107
02030004
02020000
04000706
01050108
01040003
01020000
04000507
0004010b
02030000
00020000
05000409
00020028
08060000
00030007
130d0015
0000003b
05080000
040a0006
180e0007
0000003e
05020000
06060004
1a0e0005
0000003b
06000000
03080004
190e0009
00000038
07060000
07080004
170e0006
00000b30
0f010000
05080308
18150010
0000083e
120e0000
19030004
19160000
00000640
0f000000
06140006
1a13001c
00000a3c
1a070000
0b010301
1c150008
0000083c
11080000
0e030003
1b130004
00000538
03000000
12170007
1710000c
00140f2a
13070000
020e000c
11100019
00000d36
1a120000
1315050c
16190011
00000437
1a020000
07030201
1910000a
07041726
0f1a0000
19070000
110b0600
04060609
0b010003
1a020000
08001104
02060107
00020004
03020000
04000805
02050107
01020004
02020000
04000706
02060107
01020004
02010000
04000706
02060107
02010005
03020000
04000806
02060107
02020005
02020000
04000707
02060207
02020004
02010000
04000706
03060107
01030004
03020000
04000905
02070106
00020007
03020000
04000a05
02070006
01010009
02010000
03000a06
03060106
01010008
01000000
04000907
03070105
01030009
04010000
03000b05
03080005
00020009
02010000
03000b06
03070005
00020009
02010000
04000b06
03080005
01020009
02010000
04000b05
04080005
00020009
03020000
04000b05
04080005
00010009
02000000
04000b06
04070005
00020009
03010000
04000c05
06080005
0002000a
04010000
04000d05
06090003
0001000b
04010000
04000d03
08090004
0002000b
06000000
04000e02
080a0006
0003010c
08000000
06000f00
08080908
1a110316
00010000
0b00122c
0a2c130a
1c3a0520
28080000
0b002016
07060408
08060410
0d330000
08001119
03080102
10050013
00000000
0a000d1e
03090803
0c1a0016
00000000
06000f13
02070003
1104000f
08000000
07000e0d
01060005
0504000c
00000000
07000a0d
0011070c
1616000a
00000106
0b0b0325
02070d07
0216000d
1b120206
04000b18
000e0906
0d240013
1c110909
00030f0f
000e0004
0d0d000f
21030703
00010f00
00060004
0205000d
0f030001
00000c02
011c0104
01080010
000a0004
03000916
04060b01
111d0017
20180003
02051302
090a0200
08110019
1d000000
00001500
06280603
05290121
0b0b0001
09001e3e
0b0e1105
1748032e
31360001
0e002312
04120007
2204000b
05180000
0d001324
04080004
0107000c
010c0001
03000c0b
04080003
0002000d
01010000
03000b08
03080003
0002000d
00010000
03000c07
03070005
0103000b
01010000
04000a08
03070005
00020009
00010000
04000a08
02070005
01020009
01010000
03000a08
02070005
01020009
01000000
03000a07
02070005
01030009
01010000
03000a07
02070005
01020009
01020000
03000906
02070005
01020009
01020000
03000907
02070005
0103000a
01010000
03000907
02060004
0103000a
02010000
03000a06
02070005
0103000a
01010000
03000907
02060005
01020008
01020000
03000907
02060005
01030009
01010000
03000907
01060006
01030007
01010000
03000807
01060106
01020006
01010000
03000707
01050107
01030005
01010000
04000606
01060206
01030004
01020000
04000606
01060207
01030005
02020000
03000606
01050207
02020004
01010000
03000607
01050107
02020004
02010000
03000606
01050107
02030004
02000000
04000605
0104020e
03100004
00020001
0c030511
06010d1b
081c0000
07010002
0f0d0517
01000e18
1c2a0000
00000001
1209011d
00091612
11260002
06060506
0c0c0015
020b0f01
0b0f000c
1c0f0506
00060401
00041101
1811000e
0b000500
05050309
01040606
0d110008
13000000
06000701
03020711
0d170002
00000000
0c09020a
04000918
0b180000
06000001
0d0b0006
02010b0e
050a0000
0d000001
07030406
00010818
05090000
00050007
0e13000f
0000111c
03050000
03070007
0d150009
00000c21
03000000
00050008
0d10000e
00040f1b
08140000
15090806
0d150000
03001c1d
06050000
04090006
131f0008
03001b1e
05060000
03050007
101c0008
03041c1f
02080000
06100009
101c0011
00040b0e
00010000
0512060b
050b0018
0008060a
07080005
22000705
00070a00
00050208
03020004
0f020001
02000800
01050207
01040004
06020000
03000603
01050207
01020003
04020000
03000605
01060207
02030004
03010000
04000604
01050207
03030004
02010000
04000606
01050307
02040003
02010000
04000506
02050207
01030004
03010000
04000606
01060207
01030004
02010000
04000606
01060107
01030004
02010000
04000706
01050106
02030004
01020000
04000607
01050106
01030005
02010000
03000706
01050107
02030005
01000000
03000606
01050208
02040004
02010000
04000506
01060207
01030003
02020000
04000605
01050207
02030004
02010000
04000506
01050207
01020004
02020000
04000506
01050207
01030003
02020000
03000506
01050207
01030003
03020000
04000507
01050208
00030002
02030000
04000506
01050207
00020002
02020000
04000605
01050207
01020004
03020000
03000605
01050107
01020004
02030000
04000605
01050207
02030004
02020000
04000606
01050107
02040004
02010000
04000706
01050207
02030004
02010000
04000606
01050207
02030004
02010000
04000606
01050107
02020004
02000000
04000706
01050107
02020004
02010000
04000706
01050107
02030004
02000000
04000706
01050208
02030003
01010000
04000608
0004010b
03040000
00010000
06000508
00010022
06050000
00020005
11080112
0000003a
060a0000
03060005
180f000e
0000003f
05020000
06070003
1a0e0005
0000053d
12060000
03070102
1a11000d
00000039
12020000
0d070004
190e0005
0005062f
02040000
0e0e0108
120f0012
00030237
120d0000
161e000a
19110000
00000835
18080000
03060008
1a0d0020
00020637
05060000
1116030b
15140012
00000436
12000000
10110107
15110007
00000c2f
1f040000
0e050000
170c000c
00081f1f
21300000
02000509
1211001b
00020232
15110000
17120607
160d0000
00000338
00130000
09190006
140d0003
07000836
01070000
1b140006
150d0009
03050a0c
02010004
24090000
03001203
02060107
01020005
04020000
04000806
02060107
01020004
02010000
04000706
02060007
00020004
02020000
04000806
02060206
01020005
02010000
04000806
02060107
01030006
02010000
04000706
02060107
01020004
03020000
04000706
03060108
01010004
03010000
04000906
03070006
01030008
03010000
04000a05
03070005
01020009
02010000
03000a06
03070005
00020009
02020000
03000a06
03080005
00020009
03030000
03000a06
03070005
00030009
03010000
04000a06
03070005
01030009
02010000
04000b06
03070005
00020009
03010000
03000b06
04070005
00020009
03010000
04000b05
04080005
00020009
03000000
04000c05
05080005
00020009
02010000
04000c05
05080005
0001000a
04010000
04000c05
06080003
0002000c
04010000
04000d04
08090004
0002000c
05000000
04000e04
090a0007
0005000b
0d020000
0800160d
0a181309
223b0323
1b030000
0c00122f
082d000b
00180609
2d370000
0900230e
05060303
10060013
00020000
0a00101e
06090101
0d050012
00000000
08000f1d
040f1501
2c28001d
0c000300
09001122
01060004
0b0c0010
1b000000
0400120a
00050a03
1c1d0013
00000000
09020c28
000c0f0d
2928000f
12000801
0d08041b
0004060c
08070000
0b0a0005
05040517
00091304
16240013
12000b08
03030903
00070506
0318000f
1c080906
00020d00
00050503
0a0b000d
1b000000
01000f00
00060003
040d0011
03020006
03000a1b
021f0504
06180017
1d1e0105
04011413
07080102
17060013
19000000
03001200
090a0601
07260220
1e000000
04001812
0b211802
04530230
20370003
0b001f48
05130007
23280026
320b0000
0e00221c
030d0007
0005000b
00180000
0a000b22
04080003
0202000d
02000000
03000b06
04080003
0202000d
00010000
03000c08
03070005
0103000b
01000000
04000a08
03070005
01020009
01010000
04000a08
02070005
01020009
00010000
03000a08
02070005
0102000a
01020000
03000a07
02070005
01020009
01010000
03000907
02070005
01020008
01010000
03000907
02060004
0102000a
01010000
03000a07
02070005
0103000a
01000000
03000a07
02070005
01030009
02010000
03000a06
02070005
01030009
00020000
03000907
02070004
0103000a
01010000
03000907
02060004
02030009
01000000
03000907
01060006
02030009
01000000
04000806
01060106
02030007
01010000
04000807
01060107
01020005
02010000
04000607
01050107
01030004
01010000
04000607
01060107
02020004
02020000
04000706
01050107
02030004
02020000
04000706
01060107
01020004
01020000
04000707
01050207
01040004
01020000
04000607
01040213
050d0002
00010003
0f060313
00000928
0a130000
00030005
1615001d
00000521
09090000
05020005
0f0b0010
0002041e
01060000
080e0008
0b0b0008
0003100a
02150006
030e010a
040a0010
01060e0e
0a110007
0e0b040d
010c0004
00000518
0c1d0000
0f0a0008
0b080000
0000071c
09160000
09010003
0e0f0005
00000d1d
05090000
06030004
0e110003
03000c14
05020000
10030001
07070300
00020617
04020000
03070007
0d100011
0000101b
08060000
050b0007
0e16000f
0000111b
08020000
00060006
0e12001e
0004131b
11140000
22030e08
0e1e0007
03001d1e
04040000
06040006
12200004
02001f1c
130a0000
07050309
13220013
04001e1c
12110000
10080009
121f0008
00052010
19000000
000b0308
09110019
010a0507
06090005
22010605
00070800
00040307
01040005
11010000
02000800
01050207
01030004
05010000
03000603
01050207
02030004
03010000
04000505
02050307
02030004
03000000
04000605
01060207
02030004
03010000
04000605
01050207
03030004
02010000
04000607
01050207
02020004
03010000
04000706
01050207
02030004
02000000
04000606
01050107
02020004
02000000
04000706
01060107
02030004
02010000
04000706
01050206
02030005
01020000
04000607
01050207
02030004
02010000
04000606
01050207
02030004
02010000
04000605
01050207
02020004
03020000
04000607
02050307
02040003
02010000
04000607
02050306
03050004
03010000
04000605
01050207
03040002
02020000
04000506
01050207
02020002
02020000
04000506
01050207
02030003
02010000
04000606
01050207
02020004
02010000
04000606
01050207
03030004
02000000
04000605
01050207
02030004
02000000
04000605
01050107
02020004
02000000
04000706
01050107
02030004
02000000
04000606
01050207
01020005
02010000
04000705
01050107
02020005
02010000
04000706
01050107
02030004
02000000
04000706
01050107
02020004
02000000
04000706
01050107
02030004
02010000
04000706
01050209
02030003
02010000
05000507
0004010c
03030000
00010000
06000409
0001001d
08090000
00010003
10050210
0000003a
0a0c0000
04050005
180f0010
0000003d
07020000
05060003
1a0e0005
00000239
0a030000
000a0405
180d0012
00000137
0f050000
0d110107
170d0003
03000731
090b0000
1c0e0102
15110100
0003053a
16130000
0c190009
1a16001f
00000939
07150000
09170007
180d000a
00000032
0a0d0000
0a070105
170c000f
00000331
06090000
07140008
13080009
00000232
01140000
0b1e0108
100b0009
0214002c
01100000
0f17000d
100f0003
00000436
01090000
0b1d000e
11130014
0000043a
0a040000
0a070009
18140005
07020338
04020000
1b0d0004
190d0202
05050a0e
02020002
1a110000
05000d06
02060107
01030004
04010000
04000705
02060107
01020004
03010000
04000806
02050107
01020004
02010000
04000706
02060107
01020004
02010000
04000806
02060107
01020004
02010000
04000806
03060107
00020004
03020000
04000806
03060107
01020004
03010000
04000906
03060007
00020006
03020000
04000a06
03070006
00010009
02010000
03000b05
03070005
01020009
02010000
04000a06
03070005
00020008
02010000
04000a06
04070005
00030009
02020000
04000b06
04080005
00020009
02010000
04000b05
04070005
00020009
02010000
04000b06
04080005
00020009
03020000
04000c06
04080005
00010009
02010000
04000b05
04070005
00020009
03010000
04000c05
05080005
0001000b
03010000
04000e04
05090003
0001000d
03010000
04000e05
080b0007
0007000d
10000000
04000d05
080d1407
1d2a0120
090c0000
08001634
092c0c0c
2c300723
33150000
0d002315
0706040a
0905050f
0e370000
0800111b
03080201
10060013
00000000
0a000d1e
01050102
09060010
00000000
07000b20
03180203
0f0c0015
18010001
06010e1d
01050005
0909000f
170f0000
06000f1f
00081103
2b270013
00000b02
0d060733
00070b09
1a180009
17000f07
09080302
0005060c
110c0000
1c030105
0802051a
00090203
050b000f
14060d09
00050603
01080f06
1525000e
10000906
04070b04
04030d03
0d11000f
1f000402
01020f00
00060003
0804000e
0b000000
01000c06
021f0e04
081b0015
030c0105
03000b1c
03070302
16190015
1d1c0001
03001500
0a080301
08130019
1d000000
00001400
021d0804
0629011e
11030002
0a001e49
0b211b05
0b550031
34360003
0d02241e
05140007
2000030f
130d0000
10001623
04080103
0107000c
011c0001
03000b20
04070103
0103000c
01010000
03000b07
03070005
0101000b
00010000
04000b07
03070005
0102000b
01000000
03000b07
03080005
00020009
01020000
04000a08
02070005
00030009
00020000
03000a08
02070005
0103000a
01020000
03000a07
02070005
01020009
01000000
03000a07
02070005
00030009
01010000
03000a07
02070005
00020009
02020000
03000a06
02060005
0103000a
01020000
03000a07
02070005
01030009
02010000
03000906
02070105
02040009
00010000
03000909
02070105
01020009
02020000
03000906
02070005
01020009
01020000
03000908
01070205
03030009
02000000
04000707
01060107
02020007
02010000
04000806
01060107
01020005
01020000
04000707
01060107
01020004
02020000
03000705
01050107
01030004
01020000
03000707
01050107
02030004
02010000
04000706
01050107
01030004
01010000
04000607
01040514
15210001
00010004
100c0212
00060829
1e000000
000f0009
170d001e
00000524
09030000
0708010e
0e0e000c
00000427
060b0000
080b000d
0d0f0005
00060a1f
07170000
0c050004
0e120005
0307111d
0a070000
081c0007
0e12000b
00000120
0d080000
05100106
0f08000e
00000b1e
0c100000
0a020304
100f0002
0000181b
17000000
03000503
0f10000c
02021a10
1a0b0007
0f000802
0a0a0203
01041708
2321000e
08000500
0c0c020e
0003101a
180a0000
0d070006
10150010
0000191a
10030000
00040007
1011001d
000e101a
1a160000
25021307
0a1d0008
03001e1d
04030000
06040006
12200005
030f1e1e
04080000
060e0008
111c0007
02001f1e
110c0000
071f0007
101a0013
00051d17
17070000
08160209
0d0e0014
01080410
00060000
1d140108
00060700
01040307
00050004
10030001
02000700
01050207
02040004
05000000
03000603
01050207
01030003
03010000
04000505
02050307
02030003
03010000
04000505
02050207
02030003
03000000
04000607
01060306
02040004
03010000
04000607
01050107
02030004
03010000
04000706
01050206
02040004
02010000
04000607
01050207
02030004
02000000
04000605
01050207
02030004
02000000
04000706
01050306
02030005
01000000
04000507
01050207
02020004
02000000
04000606
01050207
02030004
03010000
03000605
01050207
01040003
03010000
04000606
01050207
01030003
02010000
04000507
01050307
02040002
03020000
04000506
01050308
01040002
03020000
04000505
01050207
02030004
02010000
04000605
01050207
02040003
02010000
04000606
02050207
01030004
02010000
04000605
01050207
01040004
02020000
04000606
01050207
02030004
02010000
04000606
01050107
02030004
02000000
04000606
01050207
02030004
02000000
04000705
01050107
02030005
02010000
04000706
01050207
02030005
01000000
04000707
01050207
02030004
02000000
04000606
01050207
02020005
02010000
04000706
01050207
03030005
02000000
04000606
01050208
03040004
01010000
05000608
0004010b
04030002
00000000
06000508
0003001a
06070000
00010004
0f040311
00000039
0a0d0000
04040005
18100012
0000003e
06030000
05080004
190e0005
0000013c
03030000
05090003
180c000f
0000012c
0c080000
090c0504
130d0015
0100172d
1a200000
19000801
14150000
00050f32
16010000
0914000a
1d170016
00000738
120b0000
0b070007
1919000c
00000037
04060000
0a0e0006
160d000f
00000039
040b0000
0b080003
170c0005
00000038
04020000
070c0004
190d0007
05001e2e
13250000
080b0308
14100019
020c201d
312b0000
1800010d
1b11000c
000c003a
1d070000
0f12000a
17130016
06000e37
10110000
10080003
190d000c
0703151f
10180000
1f000000
0b051400
02060107
01020004
04000000
04000705
02050107
01020004
03010000
04000706
03060107
01020004
02010000
04000706
03060207
01030004
02020000
04000806
02060007
01010004
02020000
04000806
02050107
01020005
02020000
04000806
03060107
02020006
04010000
04000905
03060007
01020007
03010000
04000a06
03070005
01020009
03010000
03000b06
03070005
01030009
02010000
04000a06
04070005
02030008
02000000
04000a06
03070005
01020008
02000000
04000b06
04080005
00020009
03020000
04000b06
04080005
00020009
02000000
04000b06
04080005
00020009
02010000
04000b05
04070005
00020009
02010000
04000b06
05080005
00020009
03020000
04000c05
05080005
0001000d
04000000
03000e05
06090005
0109000e
07000000
04000e06
080e0008
0005000a
120c0000
0700161f
091d1809
27340023
2c0c0000
0e001430
0829000b
00110709
35370000
0700220f
05080303
10060013
00000000
0a00111f
03070003
0b060011
00000000
08000c16
00050004
0505000e
00000003
07000b22
040c0704
12180014
19010507
0506092c
02001401
222c0017
1a000002
09061532
00060306
2a09000c
00030909
0e060631
00060405
0a080009
12000d08
00080105
00010a0a
0f110009
1e000904
07070410
000a0206
040c000d
0f05070c
00090805
0009090c
020c0001
1316040b
0010020d
05040e0a
09150009
1d0b0304
02090800
01060703
0c0d000f
19000000
02000f04
00060003
04070010
01040004
02000a1a
02180d04
061b0015
1a150003
03001310
06080101
18050011
16000000
03001000
090a0800
08270120
1f000000
0300170a
0a1b1901
06520034
172c0102
09021d49
04070208
1f36032e
37000000
10002515
02130007
0008000a
001b0002
0a000f27
03080004
0105000c
02070000
03000c08
03080104
0305000c
00000000
04000b0a
03070005
0303000b
04000000
04000c07
03070005
0102000a
01000000
03000b06
03070005
0002000a
00010000
04000a08
02070005
00020009
00020000
03000a08
03070005
00020009
01020000
03000a07
02080005
0102000a
01000000
03000a06
02070005
01020009
02020000
03000a06
02070005
01030009
01010000
03000a07
02070005
00030009
01020000
03000a07
02080105
02040009
01010000
04000909
02060005
01030009
01030000
03000907
01060005
01040009
00000000
04000909
01060006
01030008
02010000
03000907
01060006
01030007
02010000
03000806
02070206
06070007
01010000
05000807
01060107
07020005
05020000
04000706
01060107
01030005
01010000
04000706
01060107
01020005
01020000
04000707
01050207
01020004
01020000
04000608
00080727
15280000
00020008
13100025
0002072d
0f230000
0f090105
13050602
000d021e
02190000
14230005
0f030a0c
000a002a
09180000
091f0009
150a0916
00050428
0e060000
051b000c
0d160012
00000e25
0d040000
060b000c
0e100013
00000023
0e0a0000
07050209
0c0b0305
00000b1d
0b060000
020d0307
0a0c0014
0002110d
11000005
02000607
070a000b
00020e02
0b060009
05000608
00090004
00090e04
0d13000c
11000a08
020b0003
00000a16
13140000
16000104
0e0b000a
0003140f
19060003
00050607
080f001c
000f0f1b
08190000
200b100a
07190000
03001d1e
04030000
06040006
111f0003
03001e1c
0c0a0000
04050007
111d000c
00051a1d
14060000
06090009
1116000b
00000720
14080000
0717000a
0f11000a
01030816
02000000
19050003
05070800
01040308
01040003
0d030001
02000601
01050207
01030004
06000000
03000603
01050207
02030004
03010000
03000605
01050107
02030005
02010000
03000706
01050206
03030005
03000000
04000605
01060206
03030005
02020000
04000606
01050207
03030004
02010000
04000606
01050207
03030004
02010000
04000606
01050207
02030004
02010000
04000605
01050307
02050004
02000000
04000606
01050307
02040003
02010000
04000507
01050207
02020004
02010000
04000605
01050207
02030004
03000000
03000605
01050207
02030005
03000000
04000605
01050207
02030003
02010000
04000606
01060107
02020004
02020000
04000606
01050207
02020004
02010000
04000606
01050207
02030004
02010000
04000606
01050207
02030004
02010000
04000607
01050207
03030004
03010000
04000606
01050207
02020003
02010000
04000606
02050207
02030003
02010000
04000606
01050207
02030004
02000000
04000606
01060207
01030004
02010000
04000606
01050107
01030004
02010000
04000706
01050107
02030005
02010000
04000706
01060107
02030004
02010000
04000606
02050207
02040004
02000000
04000606
02060207
01040005
02010000
04000606
01050208
02040004
01010000
04000607
0104010a
02040001
00010000
06000408
00030017
05080000
00010003
0e020312
00000037
0c0c0000
05030005
17100014
0000003f
07030000
06050003
1a0e0004
0000043e
06000000
0f070006
190d010b
000e0328
00000000
09230012
0c070e21
020b0829
06090000
241a0a0f
11180012
000e1e1b
1e150000
1b070004
130f0017
00170338
030c0000
0e26000b
14110013
00000038
07030000
02080004
180e000c
00000039
05040000
0b060003
190c0003
00000839
0e010000
06060003
180f0012
000a0f27
140b0000
1107060b
14100011
021a201b
0d2b0000
09330005
13120009
0001142c
1c1b0000
060b0607
1c1d0011
00000036
0d0f0000
17080007
190f000a
08030c27
00000000
230d0001
0a081100
03060207
01020004
05010000
04000804
02060107
01020004
03010000
04000805
03060107
01020004
02020000
04000806
02060107
01020004
02020000
04000806
02060007
01020005
02000000
04000906
03070007
01020005
03010000
04000906
03070007
01020007
02020000
04000906
03070006
01010008
02020000
04000b06
03070005
00020009
03010000
04000a05
03070105
01020009
01020000
04000a08
03070106
02030009
05000000
04000b06
03080006
00010009
03020000
04000b06
04070005
00020009
02010000
04000b06
04080005
00010009
03020000
04000b06
04070005
01020009
02010000
04000b06
04080005
00020009
02010000
04000c05
05080005
0002000a
03000000
04000c06
06080003
0002000d
02010000
04000d06
08120008
000b000d
13050000
04001505
08071c08
20430026
05160000
0802172f
0826000b
260f0718
362b0000
0e002113
07070308
09050413
0b2d0000
07001218
03080001
10080015
00000000
09000e1f
01070003
09050011
00000000
06000c10
00050004
0407000d
00000002
05000a15
04120007
0104000a
0519040a
06080729
00110906
1f120011
0102060d
0b0f1030
00030309
080a0005
01030809
01060712
00040305
06090009
09030a09
00060201
00040d04
0d17000c
0d020b08
02070305
000d0704
0e0d000e
0e000e07
00080800
00060710
101b0009
0f000407
090e0210
03020a11
02070000
100b0107
040c0003
05041004
0a140010
1b000200
02031000
00060002
0904000f
0c000001
01000e07
03191005
061f0015
030a0005
0300091d
02060602
1a1e0018
1d160001
04011600
090a0201
080f0017
1d000000
00001400
021c0603
0424021c
16040001
07001d47
08161100
1b430030
36280005
09002531
05100007
17030213
24070000
0d001b24
03090106
0308000c
02140002
05000b26
030a0005
0303000b
01000000
04000b0a
03070004
0103000c
05020000
03000d06
03080004
0102000b
01000000
03000b07
03070005
0103000a
01000000
04000b07
02070005
0001000a
01020000
04000b08
02070005
00020009
00010000
03000a08
02070005
00020009
01020000
03000a07
03070005
01030009
02000000
03000a06
03070005
01020009
01010000
03000a07
02060004
0102000a
01000000
03000a08
02080005
02020009
02010000
03000908
02070005
02020009
01010000
03000907
02060105
01030009
00000000
03000807
02060005
01020009
01010000
03000907
01060006
02020009
01010000
03000907
020c0407
04090008
03040000
0400080b
01060207
01040007
070a0000
04000905
02060207
02030006
02020000
04000706
02060107
01020004
02020000
04000706
01060206
01020004
00020000
04000608
00040029
0b0a0000
0001000a
16140027
0000062c
0a070000
13060209
0e0b040a
00000224
0c0d0000
13090004
1101080f
00080528
0f170000
020d0006
10060014
0002062c
0e1e0000
0e0e010a
160b0010
00070827
141c0000
06150104
1507051a
00090024
06000000
12140009
11020b07
0000091d
11000000
010d030a
0b0b001f
00020b0a
07080007
05110510
0009000b
00020b01
060b0008
0409050c
000c0008
00040a04
06080009
0a010709
000b0003
00000f11
0a190000
0f040408
06080004
00040709
0f090004
05040608
08080113
00080b19
09170000
1a020b08
0a160000
02001c1e
0c050000
07050007
131f0007
01001b1f
1b060000
020b0007
13200010
0003191d
17190000
0e0e0607
10130019
00000624
0b080000
13080005
120e0002
01020817
03000000
18060003
06070800
01050408
00030002
0c020000
02000601
01050207
01040003
05020000
03000505
01050307
03040003
03000000
04000605
01050207
02030004
03000000
03000605
01060106
01030004
03020000
03000706
02050207
01040004
02020000
04000606
01050207
01040004
02010000
04000606
02050207
01040004
02020000
04000606
01050107
01030005
02010000
04000706
01050207
02020004
01010000
04000607
01050307
02030003
02010000
04000506
01050207
01030004
02010000
04000606
01050107
02020004
02010000
03000705
01050107
02040005
03010000
04000705
02050307
02040004
02010000
04000606
02050307
02040004
02000000
04000605
01050207
02040004
02000000
04000606
02050307
02040003
02000000
04000606
01050206
03030004
02010000
04000606
01060207
02030004
03010000
04000606
01050207
02040004
02000000
04000606
01050207
02030003
02010000
04000606
01050207
02030004
02010000
04000606
01050107
02030004
02000000
04000606
02050207
02030004
02000000
04000605
01050107
02030004
02010000
04000606
01050207
02040004
02010000
04000606
01050207
02030002
02000000
04000506
01050207
02030003
02010000
04000606
01050208
02030003
02010000
05000506
0004010b
02030000
00010000
06000408
00030016
05040000
00020003
0e000314
00000035
0c0a0000
07040006
16100016
0000003d
05020000
06060004
190e0005
0200073a
06000000
13080002
180b0604
0005090d
0e110005
08070007
0804101d
00090826
0f260000
0c060409
0f160012
0210191f
062a0000
20210006
120f010d
00000c33
12160000
08070002
1d11000e
00000038
07010000
00070004
180e000b
0000003a
06050000
0c070004
170c000a
00000730
0d070000
0a0c0004
150f000a
000a0b1e
110f0000
0d100006
0c0f000e
000e1a1f
18150000
0a1f000c
11120018
000d0e37
06270000
0e17000d
18140000
00000139
040d0000
0d200006
180f0002
09030b27
0e0a0000
1c170001
10090d00
04050207
09040004
04090000
0600080c
03060107
02020004
03000000
04000805
03060007
03020005
02000000
05000806
03060107
01020004
01010000
05000806
03060107
01020005
03000000
04000906
03060007
00030005
03020000
04000906
03070106
01010007
03000000
04000a06
03070005
01020009
02010000
03000b06
03070005
01020009
03010000
03000a05
03080005
00030008
01010000
04000a08
04080005
00010008
04040000
03000b05
04070005
00020009
02010000
04000b06
04080005
00010008
02020000
04000b06
04070005
00020009
02010000
04000b06
04080005
00010008
02010000
04000b06
04080005
0002000a
02010000
04000c05
05080005
0001000c
02010000
04000d06
060a0108
0005000b
0e020000
04000c06
09130009
0500000a
15160000
05001828
082f140a
273d0324
31000000
0c002331
0712000c
02080709
2f380004
07001e11
05070301
10060015
00000000
0900121c
03080002
0c080014
00000000
08000e15
01070003
0504000e
00000000
04000b0d
00060004
0503000c
00000000
03000a0e
071a0209
050e000f
17050006
05001111
0014000c
04090010
002c0011
0c081245
0004000c
06100005
00270712
010b031e
00040604
090c000b
03060a0a
0006020b
00030504
0a090009
05000a09
00060106
00050404
0808000b
0d010b0a
00050404
00050911
0a190009
0f030909
07070000
00000915
0a0b0000
08020306
080b0004
06030d10
05160003
1a040203
05090800
01050702
0d0b0010
15000000
02001002
00060003
030a0011
01090008
03000a20
011d0d04
00210017
151c0206
0002141d
05070201
11070011
1d000000
02001200
09090501
081e021d
1d000000
05001700
0a210604
022b0026
06270005
09001a40
06081107
184f022e
35040002
0d002300
03150007
00020307
001c0001
0a000f26
03090004
0306000b
02110001
03000c16
03070004
0102000c
03030000
03000d06
03080005
0104000b
01010000
04000b08
03070005
0101000a
01000000
03000b07
02070005
0103000b
01000000
04000b07
03070005
00020009
00010000
04000a07
03070005
00030009
01010000
03000a07
02080005
01030009
01020000
03000a07
03070005
01020009
01010000
04000a07
03070005
0203000a
01000000
03000a07
02070004
0203000a
00010000
03000908
02070005
01030009
01010000
03000907
02060006
02030009
01000000
03000907
01070005
0102000a
01010000
03000a07
01070005
0103000a
02000000
03000907
01070006
00020008
03030000
03000905
02060005
01020009
02030000
03000907
01060106
03030009
01010000
04000907
02050107
03030007
02000000
04000706
01050207
02040004
01000000
05000608
0003051b
070e0000
00020006
1313001e
00051520
0f090000
030f0008
0d120013
040b0d1e
0a090000
21000006
0c0d0000
00130023
01070000
1127000d
0a0a0624
00030327
03020000
000f0007
0e0a0011
0001042a
11100000
03110305
130b000d
00000528
0b1d0000
110c0004
0f03070c
000b0029
06160000
0d0b0006
1309080d
000e071c
051c0000
02250007
1003081c
00100215
000f0000
0f1c000f
0a050911
000f040d
000a0000
07270012
020b0511
00000519
03100000
0518000c
050a0010
00010415
09060000
09120512
0507030d
00050f19
081f0000
1a110a11
08160000
00001c1e
06090000
070b000a
11190014
02091f20
04120000
091a0309
101c000d
0005111d
0e040000
11060709
0c100019
00000923
080c0000
10040006
0d0d0003
02000919
05020000
1c020002
07090900
01050308
01020003
0d020000
03000702
01050207
01030002
05010000
03000504
01050207
01020003
03030000
03000505
01050307
00030005
03020000
03000605
01060207
02030005
02010000
04000606
01050208
02030004
02020000
04000606
01050207
02020005
02020000
04000606
01050207
02030004
02010000
04000606
02050207
02030004
02000000
04000605
01060207
02040004
02010000
04000606
01050207
01020003
02010000
04000606
01050307
01030003
02020000
04000506
01050307
02020003
02020000
04000607
02050207
02040004
03010000
04000605
01050307
02030004
02010000
04000506
02050307
02030002
02010000
04000505
01050307
03030004
02000000
04000506
01050207
02020003
03000000
04000606
01050207
02020004
02020000
04000706
02050207
01030004
02020000
04000606
01050207
01030004
02010000
04000606
01050207
02030005
02010000
04000706
01060207
02030004
02020000
04000706
01050207
01020004
02010000
04000606
01050207
01030004
02010000
04000606
01050207
02020005
02010000
03000705
01050208
01030004
02020000
04000606
01050207
01020003
02020000
04000606
01060207
01020005
03010000
03000706
01050108
02030005
01010000
04000606
0004010b
02030002
00010000
06000509
00030112
03060000
00010003
0a000410
00040035
070b0000
000b0006
150f0015
0000003c
05030000
05070003
190d0005
0700043c
05010000
12090003
190c040c
0212170e
201a0003
08070001
0c051318
000f0025
13000001
1313030e
0a0c050b
01040b2c
181e0000
021a0008
18130019
00000338
08190000
11040006
1a120000
00000039
03030000
03080004
180d000a
00000039
04030000
080a0004
170d0005
00000734
05000000
060c0004
160e0010
01000b1b
10170000
1101040a
1210001c
02171b1d
0f270000
1f240005
140d0209
00010736
1a100000
11230004
1a17000c
00000239
06020000
06080003
180e000b
09001b2f
101e0000
1e080003
140f050c
05050909
0d020004
21000000
0c001206
02060207
02030004
02000000
04000706
03060107
02030005
03000000
04000905
02060007
01010006
02010000
04000906
03070007
01030006
03010000
04000a06
03060006
01020006
02010000
04000907
03070106
00010008
03020000
03000a05
03080005
00020009
02010000
03000b06
03070005
01030009
02020000
03000b07
04070005
01030009
03020000
04000b06
03070005
00020009
02010000
04000b06
04070005
00020009
02010000
04000b05
04070005
00020009
02010000
04000b06
04080006
00020008
02010000
04000a06
04080005
00010009
02010000
04000c06
05080004
0001000a
02010000
04000c06
05080005
0003000c
03000000
04000d06
08110009
000a000c
15070000
04001600
05071006
2a27021f
00120000
0e001231
092b000c
0f0f070c
35370001
0b002301
07060206
0d050115
00070000
0800121a
03090100
10060016
00000000
08000f1c
01070003
07060012
00000000
05000d0e
01060004
0504000d
00000000
04000c0b
00050103
0a08000f
00000000
03000a0f
04090903
090b0010
0e020001
02000a08
010e0d04
0c230014
08000002
0f000f28
000b0208
25050006
00160508
110a023b
00030304
0909000a
02010909
0006000f
00020504
06080009
04000a0a
00060006
00040305
05070009
10020708
00050403
0006030f
0a0e0005
0b040808
03080100
00000415
0b040000
06010607
06090108
00020a10
0b0a0003
11000705
050a0300
03081003
10190016
16000500
01001200
00060002
15050010
12000000
04000e07
01140004
010a0010
000b0005
03000b18
02050a01
121e0016
1c120002
03031101
09090202
08090015
1a000000
00001400
0a260505
0a28021f
1e0a0000
0b001e33
0b161703
14500233
35380001
06002346
060a0009
1f09031a
32070000
0f00221e
02160008
0006000a
00200003
08000f25
03080004
0004000c
03050000
03000d07
03080004
0103000c
01000000
03000c08
03080004
0102000b
02010000
03000c06
03070005
0103000c
02010000
03000c06
03070005
0102000a
00010000
04000b07
03070005
00020008
00010000
04000a07
03070005
01030009
01010000
04000a08
03070005
01020008
01010000
04000908
03070105
0104000a
01020000
04000a08
02070005
0204000a
01010000
03000a07
02070005
01020009
01010000
03000a07
02070005
01010009
01020000
03000907
02070005
01020009
01010000
03000907
02070005
00030009
02020000
03000906
02070106
01020009
02020000
03000906
02070006
01010009
01010000
03000907
01070004
0203000a
01010000
03000908
01070007
02040009
03010000
03000904
01050108
03050004
00020000
07000712
00001115
15120000
00000003
1110001e
00001113
12050000
03000005
0e140015
09011413
0d0e0000
1e020505
090f0003
03042115
202e0000
15000000
1b100012
02011420
10080000
04080006
11110010
021d092f
01000000
1320000f
10110013
0000082b
03190000
003f0010
0f10002b
00010726
120e0000
0a0a000d
120a020b
00000527
15110000
02080405
130e0109
0000002b
151a0000
0a0e0303
13080208
0000052b
11240000
04030105
1205020a
000f0029
06180000
0f080304
10070803
00100d1d
13260000
0b260002
11030b15
000b0819
131a0000
121f0806
12120010
0200191e
0b0f0000
0c060008
131e0009
02001c1e
03010000
06050008
111f0014
0002101b
0c050000
150b040e
09100017
00000524
02090000
0c12000f
0d0d0009
0201091a
04020000
1f060004
070d0900
01050508
02040003
0e020000
03000702
01050207
02030003
04020000
03000504
01060207
02020005
03020000
04000705
01060206
02030006
03020000
03000706
01060206
02040007
02000000
03000605
01050207
02030005
02000000
04000706
01050107
01030004
03010000
04000606
02060107
01030004
02010000
04000606
02060107
01020004
02020000
04000606
01060107
02020005
01020000
04000707
01050107
02030005
02020000
04000606
01050107
01020004
02010000
04000606
01060207
01020004
02020000
04000606
01060207
00020004
02020000
03000606
01060207
01020004
03020000
03000606
01060308
00010003
03030000
03000607
01060207
01020004
01020000
03000606
01050207
02020004
02020000
03000606
01050107
02020006
02000000
04000705
02060106
01030006
02010000
03000705
01060206
01020006
02020000
03000707
01060207
01020006
03020000
03000606
01050107
01030005
02010000
04000707
02050206
01020005
02010000
03000606
01060107
01020006
02010000
04000606
02060207
01020004
02020000
04000606
02060206
02030005
02020000
04000607
02050206
01030004
02020000
04000606
01050107
02030005
02010000
03000706
01050107
01030004
02010000
04000706
0005010a
02030003
00010000
05000509
00040010
02030000
00020001
0800040a
00000034
080b0000
00060005
17100012
0000003d
06030000
04050004
190f0006
0000033d
05020000
05080003
190e0010
010d1917
0b2f0004
0c0f0709
0a05051d
00030816
12140006
240e0008
0f050e02
00040f2e
110a0000
000d0209
1c140024
00000538
190d0000
1304050a
16150000
00000039
04020000
05060003
180e0009
00000039
06070000
0a060004
180e000a
00000535
07010000
070e0004
180b0015
0005031f
0b0c0000
1b0d0207
0e0d0019
01161b1b
14260000
09260406
1b140119
00170535
16100000
121b000b
13130009
00000038
05030000
0b070003
180d0008
08000935
03000000
1a0d0004
180e000d
03050b0c
03020004
24070000
04001105
03060207
02020004
03000000
04000705
03060107
01020004
03010000
04000806
03060007
01020005
03010000
04000905
03070107
00020005
02020000
04000906
03070006
00010008
03010000
03000a05
03070005
00020009
03020000
03000b06
03070005
00030009
02020000
03000a07
04080005
00020009
02010000
04000a06
04070005
01020008
03020000
04000b06
04070005
01020009
01000000
04000b06
04080005
00020009
03000000
04000b05
04080005
01020009
02010000
04000b06
04070005
00010008
02010000
04000b07
04080005
0002000a
02010000
04000c06
05080004
0003000a
02010000
05000d06
080f0009
0107000b
18050000
03001203
08150709
1c0f0214
10170000
07001331
0926160c
21310021
310d0000
0e002234
0706000a
0413070b
28330001
07001914
05070300
0f070015
00000000
0800101d
03080003
0a090014
00000000
06000e12
01070004
0505000f
00000000
04000d0c
01060004
0505000d
00000000
04000c0d
030b0f03
1f250016
00000600
07070b27
0a0e0d01
1d1d0013
17000300
07040f00
00040a03
201f0014
06040006
0c051a46
00070308
1d0b0008
00000708
0c06031a
00030305
09060009
03010a09
0007000e
00020404
06070009
0400090a
00060006
00020305
0509000a
11010708
00040503
0004030c
060b0005
0a040809
00080004
00060510
050a0000
0d030308
02050a03
00060406
0c0c0011
0b0a0509
00020a03
02111005
0b250013
17030806
00020706
00050602
12170011
1e050000
03001404
00060004
030d0010
02030006
04000b1b
011d0505
06150015
1a1e0106
04021215
04070002
16040011
18000000
03000f00
09080802
082d0020
1c000000
05001500
09220303
0419021b
00350003
08002041
09091307
2347002d
36170000
0d012400
060d0009
12030309
0a080000
0d001226
03090107
0209000b
02110002
04000b24
03070004
0202000c
02000000
03000d07
03070004
0103000d
01000000
03000c06
03070004
0103000b
01000000
04000b07
03070005
01040009
01000000
04000b07
03070005
0103000a
01010000
04000b07
03080005
00010009
01020000
03000b08
03070005
00020009
01020000
04000908
02070005
00020009
00010000
03000908
02070005
00020009
01010000
03000a06
02070005
0002000a
01020000
03000a07
02070005
0103000a
01010000
03000a06
02070005
01020009
01020000
03000907
02070005
01020009
01020000
03000907
02070005
01020009
02010000
03000a08
02060105
0304000a
01000000
03000907
02070005
01020009
02020000
03000907
01070007
00040009
02020000
03000907
01050009
04070005
00010000
0a000718
00030d16
0e170000
04060007
1011001d
00071017
010b0000
001a010b
0c13001a
00000d15
09050000
09040008
090f0005
00001215
0d0d0000
0f000204
0c110000
02001315
0a070000
0b000002
0d130002
0a052214
0a1f0000
14050002
0a120000
06161221
100b0000
1111000a
170e0016
00060a24
00000000
01360012
0c100018
011a052e
00000200
0d41001c
06110015
001e0034
00000200
124e0017
070d002e
0000032c
0b020000
0b1c0117
0e0f001e
0000002e
0b000000
081d0116
0f0e000d
0009012a
0c0c0000
0e09010b
0e0d060b
00080e22
071a0000
0b1b060b
09150010
0103171c
0a040000
0c100007
101b0006
02001b20
06020000
04080006
121e000c
020f0b21
0e260000
111c0104
0e0c060c
00060821
16240000
051f0003
17090016
0208081b
09080000
19100003
0d040a02
02040408
07030002
18000000
03000b00
01050207
01020003
05010000
03000604
02060208
01030003
03020000
04000605
02050207
01050004
02010000
04000606
02060207
01030005
03010000
03000705
01060107
00030004
02020000
03000706
01060107
01020004
02020000
04000706
01060206
01020006
02010000
04000706
01060207
02020006
02010000
04000706
01050207
02040005
02010000
04000707
02060207
01030004
03010000
04000605
02050107
01030004
02020000
04000606
02060206
01030005
02010000
03000606
01060207
01030004
03010000
04000706
02060107
01020004
02020000
04000606
01050107
01030004
02010000
04000707
01050206
01020005
01010000
03000607
01050206
02030005
02000000
04000606
02060206
01030005
03020000
03000705
01050206
01040005
02020000
03000706
02050206
02030005
02010000
04000706
02060106
01020005
02020000
03000706
01060107
01040005
02010000
04000706
01060107
01030004
02020000
04000706
01060107
01030005
02010000
04000706
01050107
01030004
02010000
04000706
01060206
01020004
02020000
04000707
01050207
01030004
02010000
04000606
01060107
01030004
02020000
04000706
01050107
01030004
02020000
04000707
0005010a
01030003
00020000
05000508
0003010e
03030000
00020000
07000409
00000032
0a0b0000
00030005
17100014
0000003d
07020000
04070003
1a0f0006
0000013e
05030000
05090003
1a0e000c
02120727
00020000
130f0103
0e030e0f
000f0615
1e160007
181a0004
0d010f18
000b022c
0e210000
0f0c0006
1516000b
00000038
04060000
0f31000d
15130019
00000039
04000000
05070003
190e000b
00000039
0a030000
0c060004
180e000d
00000735
05050000
05070005
160a0011
00020324
00090000
0a110107
0e090006
0006091f
09090000
0d16050d
11150018
00131931
10280000
1e27000d
1a160003
00000039
04050000
0b070003
180d0004
0b080236
03030000
1d0c0004
1a0e0005
06060811
0e020000
1d140000
08000e0f
03060207
01020004
03020000
04000706
03060107
01020004
03010000
04000805
03070107
01010006
03010000
04000906
03070106
00010007
02010000
04000905
03070006
00020008
03010000
04000a05
03070006
00020008
02010000
04000b06
03080005
00020008
02020000
04000b07
03070005
01020009
02020000
04000a07
03080005
01020009
03020000
04000b06
04080005
00020009
02010000
04000b06
04080005
00020009
02020000
04000c06
04080005
00020009
01020000
04000c07
04080005
0001000a
03000000
04000c06
04080005
0000000c
01010000
04000d07
05090009
0202000c
10000000
04000e06
0816000a
00000207
16170000
03001510
07161b0b
28400224
17080000
0c001034
082b000c
030c0707
32310003
0b001f04
06060305
10050016
00010000
0800121c
03070002
11070016
00000000
09000e19
02070004
0606000f
00000000
05000d0d
01060004
0404000d
00000000
04000c0a
00050004
0b05000c
00000000
06000c20
000f0c01
23200015
00000e01
0908072f
060f0f08
0a230011
2e000606
000a1500
00100e03
28220011
00210407
0f081039
00030308
0c090007
02000808
0206020a
00030305
08060009
0302090a
0006010e
00020404
06070009
0400090a
00060006
00030306
0708000b
10000808
00040501
0001010b
08070005
05010708
01070106
0000070c
0a0f0001
0d000907
02060701
00060806
0f110010
10000805
01020908
00050505
090a000a
05010407
00040507
01090e05
0c1d0017
1b030602
01001500
00050003
0e040011
13000000
03001007
011a0f04
0c1b0015
000a0305
0204081e
01060302
0d160014
1f170004
02001500
07080102
07060011
13000000
01001100
090e0602
092a0021
1a000002
06001c24
092d0c04
00480331
273a0006
09002136
08080008
2023032b
32000000
0e00250a
02140007
00040206
001c0002
0a000f26
03090005
0304000e
02160001
03000d18
03080003
0104000e
02010000
03000d06
03080004
0003000b
01010000
03000b07
03080005
00010009
01020000
04000b07
03070005
0103000a
01010000
04000b07
03070005
0003000a
01010000
04000b07
03070005
00020009
01010000
04000a07
02070005
00020009
01010000
03000a08
03070005
01020009
00020000
03000907
02070005
0102000a
01000000
03000a06
02070005
01030009
01020000
03000a07
02070005
01030009
00010000
03000907
02070005
01030009
02020000
03000a07
02060104
0204000a
02020000
03000a07
02070005
01020009
02020000
03000a06
02060005
01030009
02020000
03000906
02060006
0103000a
01000000
04000906
0105030c
040b0004
00010001
0d01061c
02050f15
0c0c0000
0b030005
11160021
00061416
110f0000
00000009
10150014
00001115
040a0000
040d0008
0b10000d
00001015
010d0000
0e090108
08120004
01001414
0c090000
08060006
0d130005
06031a14
0e130000
13020004
0e120000
08011913
0a170000
17000000
0f0e0000
080d1717
040f0000
181b0000
130c0009
080a1f16
12140000
02190000
13100015
0a0f221a
0e1d0000
0c0b0004
170f0011
081d1323
16000000
083b000e
0e0d0010
02101a27
0a140200
09430011
150a0033
001b0b28
000c0000
144a0017
08110015
00050c1c
06160000
0b33000f
11130022
01001d1c
0e0e0000
0613000f
0f200013
01001623
0e000000
0d0b000d
14190011
0000082f
0a090000
05030208
12100013
00000032
0d080000
09070204
12080103
0204072e
0b140000
19050303
10030b03
0105020c
02040003
22060000
03001200
01050107
01030004
06010000
03000704
02060207
02030004
03010000
04000605
01060207
01020004
03020000
04000706
01060107
01030004
02020000
03000706
01050107
01020004
02000000
04000706
01050107
01020004
02000000
04000706
02050107
01030005
01010000
04000706
02060106
01030006
02010000
03000706
01060106
01020004
02020000
04000706
02050306
02030005
02020000
03000606
01050207
02020005
02000000
04000606
02060206
02030005
02000000
04000606
02050207
02030005
03010000
04000706
01060107
02030005
02010000
04000706
02050107
01030004
02010000
04000706
01060107
01030005
02010000
04000707
01060106
01020004
02020000
03000706
01060107
01020004
02020000
04000706
02060107
01030004
02010000
04000706
01060107
01030004
02010000
04000706
01050107
01030004
02010000
04000706
01050107
01020004
02000000
04000706
01050107
01020004
02000000
04000706
01050107
01020004
02000000
04000706
01050107
01020004
02000000
04000706
01050107
01020004
02000000
04000706
01050107
01020005
02010000
04000706
01050107
01030004
02010000
04000706
02050208
01030003
02010000
04000606
0105010a
02030002
01010000
05000507
0004000d
03040000
00020000
0700040a
0000002f
0a0d0000
00010005
170f0014
0000003c
07040000
03050004
190f0006
0000003e
05020000
05060003
1a0e0005
0007052b
02000000
0d0c0004
0f010e09
000a080f
02200005
09170007
08070d0c
0012092d
1b120000
181e0007
160c000e
00000638
22030000
0e050004
1b13001a
00000038
05010000
05060003
180e000b
00000039
07050000
0b0c0005
180d000f
00000036
06040000
07080003
160d0005
00000b29
10060000
04050303
110b0020
020f1c1a
1c200000
17040508
14120008
00061a2a
26240000
1715070f
1a170011
00000239
15060000
11060002
19100004
06001435
12140000
070a0009
18160017
09032022
1c220000
29000000
0e051400
03060107
01020004
03020000
04000806
02070107
00020006
03020000
04000a05
03070007
00020007
03020000
04000a05
03070006
00030007
02020000
04000a06
03070005
00010008
02020000
04000a05
03070007
00020007
02010000
04000b06
04070006
00020008
02010000
04000b06
04080005
00020008
02010000
04000a07
04080005
00020009
03020000
04000b06
05090705
080c000b
00020000
06000a10
04080005
0903000a
0d010000
05001005
04080005
01020009
01020000
04000c07
04080005
0001000b
03010000
03000d07
04080004
0203000c
01010000
04000e08
08110009
010b040d
1a070000
03001500
09041c08
24370021
00120001
0a00113a
08300c0c
372c0720
35160001
11002412
07070309
08050611
103c0000
07001219
04080300
11070017
00000000
0800101a
02070002
09060014
00000000
06000e10
01070004
06040010
00000000
04000d0b
00060004
0503000e
00000000
05000c0e
00030e03
1f200011
00000000
0b000b2d
00070504
260e000f
04000a08
0b06032c
07102104
103f0019
2c041104
00081600
00071007
31200012
00000b06
12060333
00020407
09080006
06000807
00060204
00020305
0a070009
02000909
0006010b
00020404
06070009
0400090a
00060006
00030304
0608000b
10000708
00040501
0002010a
070b0008
06000609
01040204
0003040b
070a0002
0405070b
00060104
00040209
05060008
0e050708
00030800
01100505
0c100011
1c010a07
0009060b
00120006
000f0010
251e0009
00001b24
00070901
0e1f0017
180e0003
03021202
000d0102
05080010
01080005
02000919
01090b05
0c1a0014
1b080105
02041112
03060103
0b060010
0c000000
01000d00
09080302
09150019
1e000000
00001600
04240802
062a0121
10060002
05001f45
070c1303
1e530134
32330004
0d002123
07080009
2008030e
21060000
0e00181d
03160107
0009000e
001e0002
06000f27
030a0004
0206000d
03080001
03000c07
03070005
0103000b
01010000
04000c07
03070005
0102000a
01000000
04000b06
03080005
0002000b
01010000
03000c07
03070005
0104000b
01010000
04000b07
03070005
01020009
01000000
03000a06
03070005
00020009
01010000
03000a08
02070005
00020009
01010000
03000a08
02070005
00020009
01020000
03000a07
02070005
00020009
01020000
03000a07
02070005
0103000a
01010000
03000a07
02070005
01030009
01010000
03000a08
02080005
01020009
02010000
03000a07
02070005
01030009
01020000
03000a07
02070005
01020009
01020000
03000906
02070005
01030008
01010000
04000907
01030f0b
12280004
00010002
110f041c
04081317
16110000
06090006
1513001e
00041515
100c0000
05160008
10130017
01020f17
010a0000
0a060008
0b140004
00020d18
01050000
0610000b
0a11000b
00000f14
06070000
05070007
0b110008
03000e19
05040000
0d080007
09120001
08021716
0b130000
18090006
0e120000
08041a15
0c150000
1e000000
100b000a
05041717
07080000
00120006
12100014
08002518
18220000
010a0006
0f100019
09002614
261d0000
07000002
19120006
0a061f10
20190000
12000000
130f0000
0b101f13
1d160000
100d0000
150c0019
040f1313
1d0f0000
08130006
1312002b
06181415
220c0000
031f0009
0f11000e
0101141d
1d0f0000
062d0009
14160019
030f0f29
01000000
0e0c000e
121a0019
00060035
00000000
1826000f
0e0e001e
02020730
05000000
1717030d
0e110717
0104050d
02030003
23020000
03001200
01050207
01030004
06000000
04000704
02060207
01030003
03020000
04000605
02050207
01030004
02010000
04000706
01050107
01020005
02000000
04000706
01050107
01020004
02000000
04000706
01050107
01020004
02000000
04000706
01050107
01020004
02000000
04000706
01050107
01020004
02000000
04000706
01050207
02030004
01000000
04000706
01060107
02020004
03020000
04000706
01050107
01030005
02020000
04000706
02060107
01030004
02010000
04000706
02060107
01030005
02010000
04000706
01050107
02030005
02010000
04000706
01050107
01020004
02000000
04000706
01050107
01030004
02000000
04000706
01050107
02020004
02000000
04000706
01050107
01020004
02000000
04000706
02050107
01030004
02010000
04000606
01050207
01020004
02010000
04000706
01050107
01020004
02000000
04000706
01050107
01020004
02000000
04000706
01050107
01030004
02000000
04000706
02060108
01020003
02020000
04000706
01050107
01020004
01010000
04000706
02060107
01030004
03010000
04000705
02060107
02030005
01020000
04000707
02060107
02030005
02010000
04000706
01060208
02040004
01020000
05000707
0104010a
01030001
01010000
05000507
0004000d
02020000
00020000
0700040a
0000002c
0e0d0000
00020005
16110017
0000003c
08050000
07060003
1a0f0006
0000003e
05020000
06070003
1a0f0004
04020a2d
09020000
0e0a0303
1004080e
000b100d
13230005
0d000004
0d020c19
000b132e
082a0000
03190007
1616001b
00020833
100c0000
110d0004
19120000
00000039
09020000
09060003
1a0e0006
00000039
05010000
040c0004
180e000b
00000038
03040000
08080003
170d0005
0000052f
0c010000
000d0207
140c0026
021a181d
092b0000
26140d06
0b150a00
0117162b
09290000
033f000b
1d140022
00000836
05100000
0d29000a
1715000a
00010b39
06160000
0a100004
1e130019
08030929
00000000
221b0003
09061300
03060107
00020004
04020000
04000905
03070007
00020006
03010000
04000a05
03070007
00010007
03020000
04000b05
03070006
00020007
02020000
04000a07
04070005
00020008
02010000
04000a06
03070007
00020007
01010000
04000a07
03070006
00010008
02010000
04000b06
04080005
00010009
02010000
04000b06
04070005
00020009
02020000
04000b06
04110006
0004000a
01040000
05000c0b
04070005
0104000a
0a0c0000
04000d05
04090005
0002000a
01010000
04000c07
04080004
0103000b
02010000
04000d06
0815000a
0008010b
160b0000
03001505
08180209
1700030b
11190000
09001535
082c1a0a
34460226
39000000
0f002531
0729000e
02090609
2e380006
07002111
06070501
110a0014
00000000
0a00111d
03080002
0c080014
00000000
08000e14
02070002
05050010
00000000
04000d0d
01070002
04050010
00000000
02000c09
00050003
0d08000e
00000000
06000b25
00050b06
1e20000f
00000504
0c06052e
00030304
0906000a
04010808
0005020d
00030603
0c10000d
06000908
00040404
00020307
0d0d0009
04000908
02060106
00010407
08080007
05000908
00060103
00020405
09070008
03000a09
00060007
00020504
07070009
03000a0a
00070006
00030204
0507000c
10010708
00030602
0003030a
0907000a
08000808
00040301
0006060c
09100005
0b060707
02060404
00040209
02050007
080b0209
00030506
05180204
0b05000d
18030f07
00020b07
06090e06
0b31001e
32040700
0a001f19
00100a02
28200019
1b0f0409
040b123f
00040004
110a0013
1a000002
03001309
01160904
041a0015
03150205
0303091a
01060602
12180016
19000001
03001000
06080103
05060010
10000000
01001000
09080402
0820011e
1c000000
06001700
08250f03
0539012c
02260004
09001b41
090a1108
25520234
35020002
0d002400
07140008
02050307
040b0000
09001024
04090207
010b000b
021a0002
08000b27
04080004
0302000c
03000000
04000b07
03070004
0101000b
01000000
03000b07
03070005
0102000b
01000000
03000b07
03080005
0003000a
01010000
04000a07
03070005
00020008
01020000
04000a07
03070005
00020009
01010000
04000a07
03070005
00020009
01010000
03000a07
03070005
00020009
01020000
03000a07
03070005
00020009
01010000
04000a07
02070005
00020009
01020000
03000a07
02070005
00020009
00020000
03000a07
02070005
00030009
01020000
03000a07
02060005
00020009
01020000
03000907
02060005
01030009
01010000
03000a07
02060006
01030008
01010000
0500090d
00020916
16100000
0000000a
10120027
01001718
111b0000
030e010c
1016000c
00001915
0f120000
08040006
10120006
0100141a
080e0000
0a040004
0e140003
0100151c
0a0b0000
09020007
1016000b
0000111c
08090000
060e000b
0d15000a
02041a16
091a0000
0e060005
0d120003
05001414
100a0000
0e0a0003
1011000e
0c052a11
1a2d0000
22000000
100e0000
07082512
2c290000
0a000000
180e000f
08091c17
251c0000
15090004
1613020f
01121219
19030000
001e0010
1311001f
05071817
14140000
0a1a0008
0d130018
09002219
1e200000
10000009
0f140001
05080e12
11050000
160a0008
1108000c
03141d18
00220000
0523000b
0b120017
00001718
07130000
0b2e000d
101c001d
08061c1d
19050000
130a0110
141c0013
07011621
00150000
300c0007
130f0017
04081122
0a000000
0f200010
1119003e
0205080c
00050002
1d0c0000
02000a00
01050107
00020004
06030000
03000704
01060207
01030004
03020000
04000605
02050207
01020004
02010000
04000706
01050107
02030005
02010000
04000706
01060107
01020004
02010000
04000705
02060107
02020004
02020000
04000707
01050107
01020004
02010000
04000706
01050107
01020004
02000000
04000706
01060107
01030004
02010000
04000706
01050107
01030004
03010000
04000705
01060107
01020004
02020000
04000706
02060107
01030004
02020000
04000707
01050107
02030004
02010000
04000707
01060207
01030005
02010000
04000706
01050107
01020004
02000000
04000706
01050107
01020004
02000000
04000706
01050107
02030005
02000000
04000706
02050107
02030004
02000000
04000706
02060207
02040005
03020000
04000706
02060107
02020004
01020000
04000706
02060107
02020004
02020000
04000706
02050207
02020004
02010000
04000607
02060107
01020004
03010000
04000706
02060207
02020005
02010000
04000707
02060107
02030005
02010000
04000707
02060107
01020005
03020000
03000706
02060207
02030004
02010000
04000607
02060108
01020003
02020000
04000705
02060108
01020004
02020000
04000706
01050109
01020002
01020000
05000607
0004010c
02030000
00010000
06000409
00030027
0c0a0000
00020006
14100019
0000003b
060a0000
07070005
190e0005
0000003e
05020000
05070003
1a0f0004
04020632
00000000
170f0004
100a140e
000e040e
06100000
121b0009
05080a27
0000052c
12260000
0a040007
180f0019
000c0c33
0d120000
17120007
15160011
0000003a
08070000
10070005
190e0005
0000033a
11020000
02060003
1b14000b
00000538
0a020000
0e070008
190f000f
00060c32
0c1f0000
080a000b
1717001d
010c0135
001d0000
17320310
0f130017
01000e38
061b0000
09110003
1a120009
00000b3a
09150000
0b110006
1c110003
0000003d
0c0c0000
05120004
200e000c
09000b2d
07000000
27070000
0f0b1400
03060107
00020004
04020000
04000804
03060007
01010005
03010000
04000a05
03070006
01030008
02010000
04000b06
03070007
01020008
02010000
04000a06
03070007
00020006
02020000
04000b07
04070007
01030006
02020000
05000b07
04070006
00020008
02020000
04000b06
04080005
00010009
02020000
04000b06
04080005
00020009
02010000
04000b06
04070005
02010009
01020000
05000b10
05090505
070a000b
0c000000
05000f09
04080005
0102000a
01000000
05000c07
070a010a
0509000c
16000000
05000c09
09110009
00020406
1c100000
0600160b
03071508
222e0220
00030000
1000133b
0932000c
0e0f070b
32400003
0c002200
07060406
11060013
000a0000
0900101d
03070101
11070014
00000000
09000e1c
02070002
07050011
00000000
05000d0d
01070003
0505000e
00000000
03000c0a
02060004
0305000e
00000000
07000c0e
00010806
2f20000e
00000001
0f010b29
0008040a
1f080004
00010607
0e040423
00030304
0906000b
02000709
00040309
00020204
0607000b
03010909
00040206
00020405
07080009
04000a09
00060104
00010405
08070008
04000909
00060004
00020404
09090009
04000a09
00070004
00020404
07080009
04000a0a
00070004
00020303
0608000c
10000808
00030503
000b0404
070b0012
1900070a
00060603
0009060d
00120007
1218050c
00090e1a
0004060a
0a0a0008
06040308
02040606
00070203
09080010
05000606
00010908
03151d02
0c46001f
1c070c03
00000f06
000e0102
27070012
14010906
12030b20
01050703
101a0017
1d000500
03001300
00150004
0f09000f
090d0006
03000b1e
010f0a04
061e0016
19120105
02031213
02060103
1905000f
16000000
04000e00
08080202
09090015
18000000
00001400
092c0703
0a2b0222
1e0b0002
06002131
09230c03
013b002d
2c3e0005
0900233a
080c0008
2d160328
2b000000
0d00220a
04160008
00070307
001b0002
09000e22
03090205
0308000f
041d0002
03000c20
03080003
0102000f
01000000
03000d07
03070005
0002000b
01010000
03000c06
03070005
0001000b
01010000
04000c06
03080005
0002000b
01010000
04000b07
03070005
00020008
01020000
04000a07
03080005
00020009
01020000
03000b07
03070005
00020009
01020000
03000a08
03070005
00010009
00020000
03000a07
03070005
01020009
01010000
03000a07
02070005
01020009
01010000
03000a07
03070005
00030009
01010000
03000907
02070005
01010009
01010000
03000907
02070005
01020009
01010000
03000907
02060007
00040008
01010000
05000908
000d0012
01020005
0016000b
09060620
000e0f18
00070000
0021000f
08180021
00000f19
03040000
0511000e
0a150009
00001218
08080000
09040006
0d140003
0206171a
070c0000
10040005
0f160001
00021d19
0e160000
00150005
14160016
0000101a
03050000
04080007
0e160006
0000101b
05060000
03090007
0d150007
0100131b
030d0000
09060006
0c150005
03001b18
0a260000
07080008
0b110009
07042216
18230000
0d040509
100e0006
03002513
2b260000
03000006
170d0010
040d1712
1c150000
1a050306
140f0007
03152512
1e360000
10250001
160b0015
09121116
11060000
1c0f0006
100a0000
03081118
16120000
0c100006
0c0d000d
06160c18
09050000
00110007
0e100011
040f141a
18110000
032f000c
130c0016
0a051b16
11150000
22230004
11190007
0407111c
0d000000
031e000b
1b150037
03040b0a
00020003
1b040000
02000700
01050207
01030004
06010000
03000704
02060107
01020004
02010000
03000605
02060107
01020004
02020000
04000606
02060107
01020004
02020000
04000705
02060107
01020004
02020000
04000706
02060207
01030004
02020000
04000707
01050107
00020004
01020000
04000707
02050107
01020004
02010000
04000706
01050107
01020004
02000000
04000706
02060107
02020005
03010000
04000705
02060107
02030004
02020000
04000706
02060107
02030004
01010000
04000706
01060107
01020004
02020000
04000707
01060107
00020005
02020000
04000706
01050107
01030004
01010000
04000606
02050107
01030004
02010000
04000706
01050107
02030005
02000000
04000706
01050107
01020004
02010000
04000706
02050207
02030004
02000000
04000705
02050207
02040004
02020000
04000706
01060207
02030005
02020000
04000706
01060207
01030004
02030000
04000706
02060107
00030004
03030000
04000706
02060107
01020005
02020000
04000805
02060007
01020005
01030000
04000707
02050107
01030005
02020000
04000707
02060107
01020004
01020000
04000706
02060207
02040004
02010000
04000707
02050107
03030004
02000000
04000706
01050009
01030003
01010000
05000707
0005000b
01020000
00020000
06000508
00050024
05040000
00050006
120a0217
0000003b
050d0000
030d0007
190f000e
0000003f
05030000
07070003
1b0f0004
09001a34
0e290000
150d0003
15080e0f
04130014
240d0000
1f180005
10051022
000e0024
00120000
021e000a
11060228
0005162c
16260000
1710060e
16150027
00000739
0b130000
16070006
19130005
00000b38
0a100000
02150009
19180017
00000b37
09190000
16140002
1e0f0011
01000f3d
0b230000
0d1c0005
20140011
0000043d
10010000
0e0c0005
2112000a
0000033c
0a180000
0c120005
180e000a
00000041
0c100000
070e0002
1f0c0011
00000044
0a090000
03060002
1d0c000b
08050c2d
04000000
2c0b0000
0e0a1700
03060107
00010005
04030000
04000a04
03070007
00010005
03030000
04000a05
03070007
00010007
02020000
04000b06
03070006
00020008
02020000
04000a07
04070006
00020007
02010000
05000b06
03070007
00010007
02020000
05000b06
04070006
00020009
03020000
04000b06
04070005
01020009
02010000
04000b07
04080005
01020009
02020000
04000b06
03090006
0004000a
00010000
05000c0c
040f0006
00050009
080c0000
03000d08
060b0007
0207000c
0e000000
04000d07
081b000a
0004040a
161b0000
03001500
08021608
2028011f
041f0001
0a00133b
082a170c
373d0629
30140004
0c00201e
0806030a
080c0610
1a300000
06001217
04060401
14080015
00000000
0a000e1d
03070001
0a060012
00000000
06000d11
02070002
05050010
00000000
03000c0a
01070003
0405000e
00000000
03000b09
01060a03
171f0015
00010001
08000d2c
000a140c
252f0013
06000a07
0f06042e
0002040b
08070006
00040708
0204030a
00030304
0707000b
04010808
00030303
00020304
0608000b
01010909
00050208
00020404
0707000a
04000a09
00060004
00020404
07080009
05000a09
00070003
00020404
07080009
04010a0a
00060004
00020404
07070009
04010a0a
00070004
00030303
0607000c
0f000808
00030502
00110203
04080010
2608090a
00031000
000b0206
00100016
13140009
03000f23
00070307
050c000b
0810030c
0007061d
00070105
0707000c
03010607
00040509
00030202
06080012
0e000305
00000a04
00050002
06040011
02020307
00000609
01070b03
0a220017
1b000806
00000b01
00030604
141d0013
15000000
05001107
001d0c05
02190012
050f0008
03000b1e
01050602
10170014
161d0004
02001300
05070004
0706000e
0b000000
02000e00
09080601
0a22001e
17000000
03001600
042b0703
0a2d0022
0c0f0003
0700203b
0b0d1304
15550132
313c0001
0d012119
09080007
2c05030c
1f000000
10001611
04120006
0002020b
00170001
08000d25
04080103
030b000f
020c0000
03000c0e
03080004
0203000d
02000000
03000d06
03070004
0103000c
01000000
03000c06
03070005
0103000a
01000000
04000b07
03070005
0101000a
01010000
04000b06
03070005
0102000a
01000000
04000b07
03080005
0002000a
01020000
04000b07
03070005
00020009
01020000
03000a07
03070005
00020009
00020000
04000a07
03070005
00030009
01020000
03000a07
03080005
01030008
01020000
03000a07
03070005
00020009
01010000
03000a07
02070005
00020009
01020000
03000a07
02070006
01020009
01020000
03000a06
02060008
01030007
00010000
06000808
0012010f
00020004
00100009
0906061b
000b0818
00000000
0025000f
070f001a
00000f1a
03040000
05210010
0b150018
0000111b
05040000
070c000b
0d160006
0000111b
04030000
08050007
0e150005
0000141c
04040000
050a0009
0e160007
0000151c
06060000
0f0e000c
0e1a0009
00001320
040b0000
0c14000f
0d180003
00060f1b
00000000
0f1b000b
0a110012
00001119
06090000
0618000b
0d18000c
00001119
00070000
02110009
0b160011
00001016
04050000
02090008
0a100008
03001215
0c150000
11040008
08100005
07082a15
1e380000
16000103
110d0000
0a0b250f
27360000
1b000000
1a090500
0200141a
2a0e0000
070b0003
190b0024
06041b1d
0b1e0000
021d000d
12130012
0b112416
0f2d0000
2b060404
1317001d
060b1416
110c0000
091a0005
18170032
03050e08
00020003
1c030000
02000800
02060107
00020005
06020000
03000704
02060206
00020004
03020000
04000706
02060207
01020004
02020000
04000706
02060107
01020004
03020000
04000705
02060107
01020004
02010000
04000706
02050107
01020004
01010000
04000707
01060107
01030004
02010000
04000706
01060107
00020003
01020000
04000707
01060107
00030004
02020000
04000606
02060107
00020005
03030000
03000805
02060107
01030005
02020000
04000706
02060207
01020004
02020000
04000607
02060107
01020004
02010000
04000706
02060107
01030004
02010000
04000706
02060107
01020004
02020000
04000706
01050107
00010003
02020000
04000706
02060107
00020004
02020000
03000706
01060107
00010004
02030000
04000707
02060107
00020004
02020000
04000706
02060107
01020004
02020000
04000706
02060007
01030004
02020000
04000706
02060107
02020004
02020000
04000806
02060107
02020004
02020000
04000706
02060107
02020004
02020000
04000706
02060107
01030004
02010000
04000706
02060207
01030004
01020000
04000707
02060207
01020004
02010000
04000706
02060107
00020004
02030000
04000707
02060107
00020004
02020000
04000706
01050009
01030003
01020000
05000707
0105000b
01020000
00020000
06000608
0003001f
06080000
00020004
11050412
0000003b
070b0000
02060005
19100012
0000003f
05020000
07070003
1b0f0004
0001003f
05070000
05110004
1a0d000e
07000732
002d0000
1b1a0002
13090703
0000002d
0c1f0000
0a0c0003
170f0820
000f0637
0c170000
00320008
1e110010
00000f3c
06190000
0d200007
19110005
00000d3c
10150000
0210000a
2012000c
0000003d
07030000
0f0e0004
1a110001
0000003c
0c040000
050f0005
1910000e
00000140
0a150000
060d0001
1f0b000a
00000046
08150000
04090002
1f0e000a
00000047
07090000
06090004
1e0e0006
00000745
0b000000
120a0009
1d0e000a
040f0829
00000000
251c0005
0a011300
03070008
00010005
04020000
04000b05
03070007
01020006
03020000
04000b06
03070007
00020007
03010000
05000b07
03070006
00020008
01010000
04000b07
04070007
00010007
02010000
05000a06
04070006
01010008
01010000
04000b07
04070005
01020009
02000000
04000b06
04070005
00030009
02010000
04000b06
04080005
00030009
02010000
04000c06
04080005
0101000b
01000000
04000d07
05080205
0709000d
00000000
06000d0b
0910000a
080a040e
1d070000
03001600
09060009
1207040a
0d100000
0d001434
08261c08
3346002b
3a000000
1002212f
0733000c
03100608
2d430001
08002310
06070502
120a0015
00020000
0a00111d
03080002
10080015
00000000
09000e15
02070003
0505000f
00000000
04000c0b
01060004
0405000d
00000000
03000c09
02070004
0903000c
00010000
05000d1d
00071106
2a2c0014
00010900
0f040a2f
0008010b
13080006
06030907
0905030b
00030408
09050008
00010808
0004030a
00030503
0a0a000c
03000908
00050306
00020403
0a09000b
03000909
00050207
00020404
0708000a
05000a09
00060103
00020404
06090009
05010a0a
00070004
00020404
0707000a
05010a0a
00060104
00020504
0708000a
04000b0a
00060005
00030303
0608000c
0f010808
00030602
020d0304
080f0016
27060d06
00041700
000b0100
240f001d
0d0f0005
03000f0d
000d0304
0709000d
0013000a
0308071e
00070304
0806000c
00000607
0003050a
00040102
04070011
0d010406
00000900
00050001
05050012
01010207
00000807
00050007
06070011
05020507
00000607
020c0e0a
0c2a000f
25020b05
03071600
00050004
0a0a000e
12030005
03001016
01100904
061e0018
0d0e0108
02030d1f
00060403
16120015
18000000
03001401
06070103
06050011
0f000000
01001100
09090502
091d011d
1c000000
05001a00
091f1c07
0752022e
05170102
07041c45
08090909
2946042b
3d150000
0d002801
080f0007
0a050307
060a0000
09000f21
03120307
000a000c
00190002
07000924
03090303
050a000e
07030000
03000e04
03070004
0102000d
02000000
03000d06
03070005
0102000b
01000000
04000c07
03070005
0103000b
01010000
04000c07
03070005
0102000a
01000000
04000b06
03070005
0103000a
01000000
04000b07
03080005
00020009
01010000
04000a06
03070005
00020008
01020000
04000a07
03080005
00030009
01010000
03000a07
03070005
01020009
00010000
04000a07
02070005
01020009
01010000
04000a07
02070005
01030009
01010000
03000a08
02070005
01030009
02010000
03000a07
02060007
01030007
01010000
04000908
02060107
00020004
01020000
05000708
0108000a
00010004
00070003
0700070b
00120014
00000002
0025000d
07070413
000d0a1a
00000000
0020000f
06100014
00000e1a
01000000
041f000e
0a140011
02060c1c
03000000
1413000a
0d130005
07100d1e
16000000
1e1c000e
0e170010
030c161c
120d0000
06310009
1411001c
03001315
08080000
051a0005
100f0019
03021916
0c130000
10060007
101a001b
0000111c
09010000
040d0008
11150011
0000111b
00080000
030c0009
0c140008
00020c1d
00070000
0510000a
0e170008
0100141b
00100000
030f000a
0a14000d
0400161b
0f130000
110e030c
0b0f0007
08092214
142f0000
230c0305
15110100
03111919
1e190000
0c1e0006
160e0018
0c0d0b1d
00010000
1b1d030c
0e15001f
060a2617
1a370000
13020003
140f0128
03040e0a
00010003
131d0007
02050906
02060107
00020005
06020000
03000804
02060107
00020005
03020000
04000707
02060107
00020005
02020000
04000706
02060207
01020005
02020000
04000707
02060206
01030004
02010000
04000706
02060107
01020004
02020000
04000706
02060107
01020004
02020000
04000806
02060107
01030004
02020000
04000707
02060207
01020004
02010000
04000606
02060107
01020004
03020000
04000706
02060107
01030004
02020000
04000706
02060107
01030004
01020000
04000706
02060107
01020004
02020000
04000706
02060107
01020004
02020000
04000706
02060107
01020004
03020000
04000707
02060107
01030004
02020000
04000706
02060107
01020004
02020000
04000706
02060107
01020004
02020000
04000706
02060107
01020004
02020000
04000706
02060107
01020004
02020000
04000706
02060207
01030004
02010000
04000707
02060207
02030004
02020000
04000706
02060107
01030004
02010000
04000706
02050107
01020004
02020000
04000706
02060107
01020004
02010000
04000806
02060107
00020005
01020000
04000706
02060107
00010004
02020000
04000806
02060107
01030005
02020000
04000806
02060107
01020004
02020000
04000806
01060009
01020004
01010000
05000706
0106000b
01020000
00020000
06000608
0003001a
06080000
00030003
0f020613
00000039
0a0d0000
02060005
190f0016
00000040
06020000
06060003
1b0f0007
0000023e
05050000
08090002
1b0d0005
04000038
07030000
1d0c0003
190c0404
00000337
16160100
000c0000
200d011e
00000039
06040000
0c0d0003
18100006
00000835
0a270000
0c130003
180e000f
00000040
100f0000
02170004
230c001b
00000042
070d0000
080b0003
190c0007
00000243
11130000
05020004
200e0009
00000442
0a000000
12030008
1c0e0003
00050344
0a000000
100a0007
190e0107
00000543
03000000
0717000a
1a14000d
0111072d
00000000
1d1f0005
10000d00
0306020d
00000003
121f0002
03000903
03070007
00010006
03030000
04000b06
03070007
00020006
03010000
04000b05
03070007
00020006
02020000
04000b06
04080006
00010008
01020000
04000b07
03070005
00020009
01010000
04000b07
04080006
00020008
02020000
04000b06
04080005
01030009
01020000
04000b07
04080005
0101000a
02000000
04000c06
04070005
0101000a
01010000
04000c08
04080004
0202000d
01000000
05000e08
071d000b
050b010d
170f0000
0400160a
081d000b
01030504
17230000
0d001715
05030d07
231c0322
0b000000
0f001639
073b000d
0d070613
32480006
0b00240b
07060407
13090116
021a0000
0900121e
03070101
14080015
00000000
09000e1c
02070002
07050010
00000000
04000c0d
01060004
0505000f
00000000
03000c09
01070004
0304000d
01000000
03000c08
01040d04
1e2c0010
00000000
0b040d29
0007000b
240c0009
00060708
0e06042d
0002010b
04080000
07030507
01040307
00020406
0a07000c
00000908
0004030d
00030403
0909000c
03000a09
00050206
00040405
070a000b
08010a0a
00060503
00030205
0807000b
04060a0b
0006020b
00030303
0708000b
05000b09
00060103
00020404
0707000b
04010a09
00050104
00020404
0708000b
04010b0a
00060105
00020403
0809000d
0e000908
00020601
00071102
111e0014
0d010c09
00020705
03091301
202e001d
1e000f06
06011803
000c0606
1b1e001e
12040009
07021522
00060404
080a000b
0117060c
0005031e
00040102
05070012
0c010406
00000a00
00050001
05050013
05010107
00000a07
00060006
05090012
05020307
01000809
0308060e
0b120000
22020908
030b0a08
02040d07
0e1c000c
16000000
04001100
00190004
0809000e
050d0006
03000a19
00050704
141d0017
18170104
0301130f
02060003
0c060011
0d000000
02000e01
08080203
0a0b0016
17000000
00001400
092e0702
0a2e0022
190a0002
07001f2c
09290703
0037002b
1f330003
08001f33
080b0009
1e180225
2b000000
0d002208
06100007
00030305
00120002
09000d28
04120108
0009000c
00190003
04000c24
03070104
0407000d
04000000
04000d06
03080004
0101000c
02000000
03000d06
03070005
0102000c
01000000
03000d07
03080005
0001000c
01010000
03000d06
03080005
0102000c
01010000
03000c07
03070005
0102000a
01010000
04000b08
03080005
01020009
01010000
04000b07
03080005
0002000a
01020000
04000b08
03070005
00020009
00020000
03000b08
03070005
00020009
01020000
04000a08
03070005
01030009
01010000
03000a07
03080005
00030009
02010000
03000a07
02060007
02030008
01010000
04000907
02070007
01010006
01030000
04000907
02070008
01020006
01020000
04000807
02060107
01020004
01030000
05000707
0109000a
00000004
01080002
0500070a
000e0010
00000003
001b0009
0504050f
000b1810
00100000
031c0009
0506020d
030f1313
08070000
0e1c0009
0f0d000c
03001813
1f110000
04000007
140e0011
03030f17
10040000
0c040006
0e0e0009
000a0c1b
17020000
0317000a
0e14001a
04041218
090c0000
0e070006
0e130004
01040e1c
11010000
0716000b
11130010
0000171d
09080000
000f0008
0e1a0016
0104141b
09020000
0b070006
11140005
01071819
090d0000
061a0005
10140011
0300101a
06050000
150f0006
0f15000e
0d0d141a
12180000
25080000
0f0f0000
0506131c
3a060000
0027000d
1e190033
080b2119
0d230000
21100000
0b0d0500
050a0b09
18010001
110d0000
0f010919
02060107
01030004
06010000
04000804
02060106
00020006
03010000
03000805
02060006
01020007
02010000
03000906
01060007
01020007
01010000
04000807
02060107
00020005
02030000
04000806
02060107
01010007
01020000
04000807
02060107
01020006
02020000
04000706
02060007
00010004
02030000
04000806
02060107
00020005
02020000
04000806
02060107
00020004
02030000
04000806
02060107
01020005
02030000
04000807
02060107
01020004
02010000
04000706
02050107
01020004
02010000
04000706
02050107
01020004
02010000
04000806
02060107
01020005
02020000
04000806
02060107
01020005
02010000
04000806
02060107
01020005
02020000
04000806
02060107
01010005
02020000
04000806
02060107
00020004
02020000
04000806
02060007
00020004
02030000
04000806
02060107
00020005
01030000
04000806
02060107
00020004
02020000
04000806
02060107
01020004
02020000
04000706
02060107
01020005
02020000
04000906
02060007
01030006
02030000
04000906
02060007
01030005
02020000
04000806
02060107
01030005
01020000
04000806
02060107
01020004
02020000
04000806
02060007
01030005
02020000
04000807
02060009
01030005
01020000
04000807
0105000b
01020002
00020000
06000808
00040018
05070000
00020002
0f000713
00000036
0a0c0000
02050004
180e0017
0000003c
06040000
07070003
1a0f0007
0000023b
04050000
0d080003
180d0007
00000436
05120000
0a110004
170c000c
0000003c
0d0e0000
03040001
1d0b000b
00000341
08190000
050d0001
1d0c0009
00000041
0c0a0000
07070004
1f0d0009
00000042
09010000
0709000c
1c0d0009
0000053e
0d000000
0d07000b
1a0d0007
00000838
0f000000
050e010f
150b0017
00070f1c
19110000
1702000b
0d080c00
0005001c
00000000
0e0f0003
07020801
0114011a
00000000
070b0003
0b010908
02070110
00000002
111f0002
04000a04
03060008
00000005
04050000
04000a06
03070007
00020006
03010000
04000b05
03070007
00020006
02020000
05000b06
04070007
00020006
03020000
04000c06
04070006
00020008
01020000
04000b07
04070005
00010009
01010000
04000b06
04070005
01030009
01000000
04000b07
04080005
0101000a
02010000
04000c06
04070005
0102000b
02010000
04000d06
04080005
0101000c
02010000
06000e09
080d0109
0a0f0011
1e020000
05000e0c
0816000a
00050406
1f190000
07001709
09061e07
323a0023
00010000
0d001136
092b170b
3a3b0825
38200103
0f002616
0706030a
0c090612
10330000
0800121a
03080500
14090017
00000000
0a000f1b
02070002
09070013
00000000
06000d0f
01070003
0605000f
00000000
03000c0a
01070003
0304000e
00000000
02000c07
00070004
0c09000c
00000000
07000c1f
000a0b11
1c2c000c
01000202
0e090327
00030110
060d0000
00130509
0307020f
0000030c
06050001
06030408
0103030c
00020404
0b09000b
02000909
0005020e
00020304
0708000b
03000a0a
00060105
00040603
080d000c
07000c0a
00060303
00030303
0c08000c
04000b09
00050208
00020303
0608000b
04000a0a
00060103
00020404
0709000a
04000a0a
00060103
00020304
0608000a
04000a0a
00060005
00090304
050a0010
11010a09
00040800
00060002
000c0012
0c0e070d
00080d18
00060103
0908000e
09030e09
00030604
02081501
1b34001a
1e050f07
07021202
00080403
1f0b000f
05030708
0904091e
00050201
06080012
08040407
00000903
00110004
0512001a
2100020b
00000f00
0014000d
000f000c
18380012
00041b36
00080211
040d0000
1313070e
02100316
0203080f
07170006
16030304
03020b03
00040505
0f10000e
13000001
04000f07
01190805
061d0017
04180406
03020c19
00050303
11170015
1b000003
02001201
03070003
0505000f
0a000000
01000e00
08080501
0a18001b
1a000000
02001500
05210803
092b0120
10040002
06001c3b
070a1205
2b4d012f
2c2a0005
0d002129
08080008
1b020214
28010000
0c001e0a
040d0007
00010307
00120001
09000c25
03090206
0107000d
04100001
03000c1e
03070005
0403000d
06000000
04000e06
03070004
0103000c
01000000
03000d07
03070004
0002000c
01000000
03000d06
03070004
0102000c
01000000
03000d06
03070004
0103000b
01000000
04000c07
03080005
0002000b
01010000
04000c06
03070005
0002000b
01010000
03000c07
03080005
0002000a
01010000
03000b08
03070005
00030009
01020000
03000b07
03070005
00010009
01020000
03000a08
02080006
0002000a
01030000
03000b07
02070007
00030008
01020000
04000908
02060007
01030007
01010000
04000a06
02070006
01030007
01010000
04000a07
02060007
00010005
01020000
04000907
02060007
01020006
01020000
04000907
01070008
00010006
01020000
04000907
01070008
00000005
01050000
04000808
0109000b
00000005
010c0004
0500080a
000f000f
00000003
021e0009
0404060e
00131510
00080000
0019000a
0407030e
00111416
00100000
08230008
0d0b0007
01051216
06080000
0018000e
0812001e
02001c17
16160000
0f09000e
11120004
02071219
08000000
0b0f000a
11160007
01060c1c
00000000
0f19000c
0b0f0019
0101151b
00090000
1916000b
0c1c0019
0202131d
00040000
0217000d
0c160020
0700281b
1b1a0000
1206000c
09140001
0409361a
1a400000
00280713
1d190017
05001c1a
19170000
1402000f
0e110000
05040c0c
07020001
180b0006
05020a00
02060107
00020005
08010000
03000903
02060007
01020006
03020000
04000905
02060006
01020007
01020000
04000906
02070006
01020006
01020000
04000906
02060007
01020006
01020000
04000906
02070006
01020007
02010000
04000a07
02060007
01040007
02020000
04000907
02060007
01010006
02010000
04000a06
02070006
01020007
02020000
04000907
02060006
01020006
02010000
04000906
02070006
01020007
01010000
04000907
02060007
00020005
02020000
04000806
02070007
01010005
02020000
04000906
02060007
01010006
02030000
04000906
02060006
01020007
01030000
04000907
02070006
01030007
02010000
03000906
02070006
00030007
02020000
03000a06
02070006
01020007
02020000
04000a06
02060007
01030006
01020000
04000907
02060007
01020006
02010000
04000906
02070006
01020006
01010000
04000906
02060007
01020006
01020000
04000906
02060107
01020006
02010000
04000806
02060007
01020005
02020000
04000906
02060007
01030006
02010000
04000906
02060007
01020006
02020000
04000906
02060007
01020006
01010000
04000906
02060007
01020006
02010000
04000906
02060007
01020005
02020000
04000906
02060009
00030005
01020000
05000807
0105000a
02040002
00020000
05000808
00030016
06090000
00000001
0e000714
00000037
0b0d0000
03040004
180d0016
00000040
08070000
06090003
1c0e0005
00000340
07150000
0a0a0001
1c0b0009
00000045
0e100000
05070002
1f0e000a
00000143
0b0f0000
09070006
1e0e0007
00000342
09000000
0d070007
1b0c0107
0006033b
00000000
0e160008
120a0301
00050129
00000000
0a150007
0b040505
000e001c
00000000
081f0007
05000704
00160019
00000000
05200008
06000809
001b0015
00000000
0d360009
06000805
01060011
00000000
070e0001
05000a03
0209000e
00000001
05090000
05000b05
03060009
00010005
03040000
04000b05
03070007
00020006
02010000
04000b06
03070007
00020006
02020000
04000b06
04070007
00010006
02000000
05000b06
03070007
00010008
03000000
05000c06
03070007
00010009
01010000
04000d07
04080005
0001000b
01020000
04000d07
03080005
0001000b
02010000
04000d07
03070005
0101000b
01010000
04000d07
04080004
0102000c
01000000
05000d09
05080408
0d150012
14000000
06000e10
0721000b
000c050d
1e280000
06001a00
08060709
1f0c0517
09240000
0c00142c
0735100d
1f20021e
250d0002
0f002138
072b000e
0705060c
2d420008
07002215
04090500
1c0d001b
00000000
0a001220
02070001
18090017
00000000
08000f15
01070003
06080010
00000000
04000c09
01070003
0404000e
00000000
03000d09
01060004
0504000d
01000000
03000c0c
00020a0c
1c23000a
00000004
0b090a25
000f0214
16090000
0d1b030a
0f050615
00020a0e
0d080000
07040508
060b0218
0001040b
08060004
02010608
0105030f
00040305
0a070008
0603090a
0006020c
00020205
03040009
0405090a
00050206
00020303
0607000b
04030a0a
00060107
00020304
0608000a
04000a0a
00060002
00020304
06080009
04010a0a
00060003
00020404
06070009
05000a0a
00070002
00020504
07080009
04010a0a
00070004
00100303
060d0011
1c020d09
00060800
000a0002
13080013
0f0e060b
040a1229
00030203
0709000d
04000808
00030304
00040303
0809000c
06010b08
00040304
00080904
07190010
11050b07
00050800
00050302
08090010
07030409
0003080b
08160001
08080015
2d000a06
00001000
000b0c08
24240018
1e010000
12061939
000a0312
280e0000
0d15040a
110c012b
0002020f
06090000
0b030104
05040205
01050c0c
0c18000c
14040203
03011002
001a0104
0a09000f
120e0005
04001018
00050805
101e0015
19190304
03021012
01060003
0e050010
0f000000
01000e00
06060003
05070010
0d000000
01001000
09070802
0b2b001f
1b000000
08001700
092d0203
081a011d
05360001
0600203a
080b1107
2643002a
2e160000
0e002600
08090009
17040209
0f050000
0c001314
040d0007
00000204
00170003
09000a25
04080407
070f000e
07150003
04000f19
03070004
0702000d
08000000
04000f06
03070004
0002000c
01000000
03000d06
03070004
0002000c
01000000
03000d06
03080004
0001000c
01000000
03000d06
03080005
0003000c
02010000
03000d06
03080005
0202000b
01020000
04000c07
03080004
0102000c
01010000
03000c08
03080005
0101000b
01010000
04000c07
03080005
0001000b
00020000
03000c08
03070005
0103000b
01020000
04000c07
02070005
0001000b
01010000
04000b07
02070007
01020009
00020000
04000a07
02060007
01020006
01020000
04000907
02060007
01020006
01010000
04000a06
02070007
01020007
01020000
04000a07
02070007
00020007
01020000
04000a07
02070007
00010006
01020000
04000a06
02070007
00020006
01030000
03000a07
02070007
00020007
01040000
04000a07
01070008
00000006
02040000
04000907
02070009
00010006
03070001
05000908
0014000f
00000005
001a0009
06030812
000c0014
00000000
0828000c
0508040e
02040c14
03000000
04170007
0b0d0011
05001812
180f0000
0a070008
130c000e
040f0b17
1d000000
240c0005
11150014
010c0b18
22040000
0016000b
13120020
050f1219
0e070000
1523000a
0c130003
030d1917
17130000
021f0006
120e0018
00151116
0d0e0000
082e0008
070b000d
0209050b
09000003
101a0002
07000904
02060007
00020006
07020000
03000a03
02060007
01020006
02020000
04000906
02060006
01020006
02000000
04000906
02060007
01020006
02010000
04000906
02060007
01020006
01010000
04000906
02060007
01030007
02010000
04000906
02070007
01020007
02020000
04000a06
02060007
01030007
02000000
04000a06
02060006
01020007
01010000
04000a06
02060007
01020007
02010000
04000a06
02060007
01020007
01020000
04000a07
02060007
01020007
02010000
04000a06
02060007
01020007
01010000
04000a06
02060007
01020006
01010000
04000906
02070007
01020007
02010000
04000a06
02060007
00020007
02020000
04000a06
02060007
01020006
02010000
04000906
02060007
01030007
02000000
04000a06
02060007
01030006
01010000
04000906
02060007
01010006
02010000
04000906
02060007
01020006
02010000
04000a06
02070006
00020006
02020000
04000a06
02060007
00020006
02020000
04000907
02070007
01020006
02020000
04000a06
02070007
01020006
02030000
04000a06
02070007
01020006
01030000
04000907
02070007
01020006
02010000
04000a07
02070007
01020006
02020000
04000a06
02070007
01030006
02010000
04000a07
02070008
01030005
01020000
05000907
0105000b
02020002
00020000
06000809
00040015
06040000
00020002
0d000815
0000003e
0a0c0000
01070005
1a0e0014
00000045
0b0d0000
0b050004
1f0e0009
00000443
08010000
0e040007
1c0c000a
00080743
04000000
0b140008
150c0109
00050336
00000000
0e1a0008
12090500
00060023
00000000
0d160007
06020803
00060011
00000000
070f0002
05000805
0006000f
00000000
03090000
05000905
0107000e
00000000
05050000
05000a04
0106000f
00000000
04060000
06000a05
0106000e
00000000
03050000
06000b05
0106000c
00000002
03050000
05000b06
0206000b
01000005
02010000
05000b06
03070008
00010006
03010000
04000b05
03070007
00030006
02020000
04000b06
03060007
00020006
02020000
05000b06
04080007
00010006
03010000
04000c06
04070007
00000009
03020000
04000c06
04080005
0003000a
01010000
04000d07
03080005
0103000b
01010000
04000e07
03080004
0101000d
01000000
03000e07
04080005
0102000c
01000000
05000d08
04070504
0c130011
00000000
05000d12
081e050a
09170513
241b0000
04001800
09060209
1907060b
11240000
0d001334
06121d0a
463a002a
35000200
0f00143c
0828000d
070d0608
352d0003
0b00210a
06060904
340d001f
00000000
0d00143e
020b1300
442d002a
10000500
10001929
03080c00
2f1a001d
09000000
09001517
04081003
3426001f
23000200
08021607
01060004
0403000f
02000000
04000d09
00050405
200f000e
00000000
09000c22
000f0e0e
1e21000a
17000005
0a060d1a
00000b11
15120004
0a150007
09060528
0008020d
1d070002
0a010a07
0909011e
0002040b
0a060004
00010808
0205030f
00040104
0707000b
07020909
00040404
00030104
0707000b
04020709
00030407
00030203
0907000b
03030a0a
0006010a
00020404
06090009
05000b0a
00060003
00020404
08080009
05020a0a
00060104
00020504
07080009
05010a0a
00060004
00020304
06060009
05010a0a
00060006
010d0303
0907000c
16020f08
00020804
00081102
22240018
03000c06
08060c20
00020204
0708000c
05000809
00040305
00020403
080a000c
05000a09
00050207
00050d02
0a1c0010
13000d08
00060400
00050504
0c09000c
0c070208
02020507
010d0001
05050015
1b020506
00000f00
000c0e0f
202e0017
01050704
0e080f23
00010113
130c0000
0a080708
0e050401
00000212
060b0000
0c030206
06040102
02020312
080b0000
11020305
06050706
02050a08
0f19000f
14000200
04001101
00160804
0d180013
07150105
03000c19
00060302
11150016
17050002
02001200
01060003
0506000f
06000000
01000d02
06070202
08080014
13000000
00001200
07090802
0a2e0120
17000000
06001d13
07200c05
0749002f
14240003
03001f36
08090e09
304a0031
2a000000
0e001f00
080b0008
04030305
04070000
09000f15
05130107
00020205
00190005
09000a27
03090209
080d000e
051a0004
04000e15
03080004
0601000e
05000000
04000e06
02080004
0001000e
01000000
03000e07
03080004
0001000e
01000000
03000e06
02080004
0102000e
01000000
03000e06
03080005
0103000d
02010000
04000e07
03080005
0102000c
01010000
03000e07
03070004
0002000c
01010000
03000d07
03070004
0002000c
01010000
03000d06
03080004
0002000c
01010000
03000d07
03070005
0002000b
01020000
03000c07
02080006
0102000b
01010000
03000c07
02070006
01010009
00020000
04000b08
02070006
00010008
01020000
04000c07
02070006
01020009
02010000
03000c06
02070007
01020009
02010000
04000b06
02070007
00020007
01020000
04000b07
02070007
00030007
02020000
04000b07
02070007
00020007
02030000
04000b07
02070007
00010007
02020000
03000c06
02070007
00020008
02030000
03000b06
02070007
00010008
00030000
04000a08
01070007
00000007
00040000
04000a09
01090009
00000006
00080003
0500090a
0011000d
00000005
011b0007
04000809
00110a0e
00000003
05240007
04020609
00111912
0a120000
031e0007
0f090411
00011113
09020000
091b0007
0c0a000c
010d1513
0c070000
06180008
0c0b000a
03060c0f
0f060000
11050008
0a060415
02060109
00010006
18080003
01000d02
02070007
00030007
05040000
03000a04
02060007
00020006
02020000
04000a06
02070007
00030006
02020000
03000a06
02070007
01020006
02020000
04000a07
02070007
00020006
01020000
04000b07
02060007
01020007
01020000
04000a07
02060006
01030008
02000000
04000a06
02070007
01020007
02010000
04000b06
02070006
01020009
02020000
03000c07
02070007
01030009
02010000
04000c05
02070006
02020008
01020000
04000c07
01070006
01020009
02010000
03000c06
02070006
01020009
02020000
03000c06
02070007
01030007
02020000
04000a07
02070007
00020007
02020000
04000b07
02070007
02020008
02020000
04000b07
02070007
02040007
02030000
04000b08
02070007
00010008
03020000
04000b06
02070007
01010008
02020000
04000b06
02070007
01020008
01030000
04000a07
02070007
00030008
02020000
04000b06
02060007
01020007
01020000
04000a06
02070007
01020007
01010000
04000a06
02060007
01020007
02020000
04000a06
02060006
01020007
01000000
04000a06
02060007
01020007
01000000
04000a06
02070007
01030007
02010000
04000a07
02060007
01020007
02020000
04000b06
02070007
01020008
02020000
04000b06
02060008
02020007
01010000
04000b07
0106000a
01030005
00010000
06000908
0005000f
03030001
00020001
09000810
0001003f
040a0000
00090009
16110014
0006003f
00000000
111b0009
17080502
00050026
00000000
0d130007
08040701
00070018
00000000
090f0004
06000804
01070011
00000000
080e0001
05000a05
0105000f
00000000
03090000
06000906
0106000c
00000000
03040000
05000a05
0206000c
00020000
02040000
05000a05
0207000c
00000002
03040000
05000c05
0206000b
01000003
02020000
05000c06
0206000b
00000005
02010000
05000c07
02070009
01010007
02010000
05000d06
02070009
00010007
02020000
04000d06
03070007
00020007
03020000
04000d06
03070007
00020008
02020000
04000d06
03070007
00010007
02010000
04000c07
03070007
0101000a
02020000
04000d06
04070006
01020009
02000000
04000d06
03070005
0102000b
01000000
04000e08
03080005
0101000c
01010000
04000e07
03080005
0003000d
01000000
04000f07
04070005
0706000e
00010000
05000e0e
071f040c
0c0a0210
1c1b0001
0400160c
0718000b
00040504
1b260001
0c001711
04011409
232c0223
08010000
0d001336
0634000f
08060615
2e40000a
0f002401
05070109
17010617
0e450000
0c00152b
000b1500
33360028
00000600
10001141
020f0403
251b0018
0f000d08
0d010f13
00130e09
1925001f
1908010d
01001012
02240508
00160013
242f090a
00001700
00060203
12150013
02000000
08000e1c
0009090e
2422000f
19000002
0c06051d
001a000f
05050000
15220005
06000a0e
00090d09
2515000a
00030b04
0b08062e
0004020c
11090005
0b010b08
05060202
0003020a
08040006
00010808
0104030d
00030204
0807000c
06000908
00040403
00020403
0a0b000d
02000908
00040408
00020304
0a07000b
04000a09
00060206
00020304
0607000a
05000a0a
00060002
00020504
07090009
04010a0a
00060004
00020404
06070009
05000a0a
00060002
00040404
0507000a
0703090a
00060205
000a0303
04070014
1600080a
00020a00
00060104
060a000e
0812070f
00090d1e
00030203
0608000d
06010909
00030404
00020303
0808000c
03000a09
00050207
00040303
0908000c
0d000d09
00050302
00040a04
0e17000d
0c000a06
01050500
00050302
090b0010
0e000405
00000904
00020115
0e1c000d
07000406
09050109
00030414
0b090000
0a060708
04060307
00010512
0d0f0000
0a040305
07070105
00010112
06050000
04040107
05060006
01040a11
081e0006
16040506
03030a07
000e0605
0b1a000e
16050002
04001317
010f0904
051b0016
18090104
02001211
00060003
12050010
10000000
02000e02
02060002
05070010
07000000
00000d02
07080002
0b090015
17000000
00001400
082f0704
0b2e0121
18090003
0700212d
08290604
0332002b
21360002
05002230
080c0007
1f180227
26000000
0d002508
080d0007
00010306
00070000
08000e0d
04170008
00080307
00220004
09000d25
040a0209
07110010
071f0002
04001022
03080003
0a02000f
08000000
04001006
03080003
0002000f
01010000
02001007
03080004
0002000e
01000000
03000f06
03080004
0102000e
01000000
03000f07
03080004
0102000e
01000000
03000f06
03080004
0103000e
01010000
03000f07
02080004
0002000e
01010000
03000e07
03080005
0002000c
01010000
03000e07
02080005
0001000b
01010000
03000d07
02070006
0002000a
00010000
04000d08
02070007
00020009
00010000
04000d08
02070007
00020009
01020000
03000d07
02070007
00020009
02010000
04000d07
02070007
00020008
02020000
03000d06
02070007
02020009
02000000
04000d06
02070007
02010009
01030000
04000d06
02070007
01020009
01020000
04000d07
02070007
0102000a
02020000
03000d06
02070006
00020009
01010000
03000c07
02070006
00020009
01010000
04000c07
02070006
0102000a
00020000
03000d08
01080007
00010009
01030000
04000b08
01070007
00010008
00030000
03000b08
01070007
00010007
01040000
03000a07
02080007
00000008
01060000
04000b08
010d0009
00000008
010d0002
04000a07
0009000b
00000008
03110003
04000b06
0114000c
00000008
0b240005
04000b0a
01070008
00000009
0a1b0002
03000c06
02070006
00020009
02030000
03000c06
02070007
01020008
01020000
04000b06
02070006
01010009
02020000
04000c06
02060007
01020008
01010000
04000b06
02070007
01010008
01000000
04000c06
01070007
00020009
01020000
04000c07
02070007
00020008
02020000
03000c06
02070007
01030007
02020000
04000c06
02070006
0001000a
01020000
03000d06
02070006
00020009
01020000
03000c06
02070007
01030009
02020000
03000c07
02060007
01030009
02010000
03000d06
02070007
01020009
01010000
03000c06
02070007
01020008
02020000
04000b06
02070007
01010008
01010000
04000c06
02070006
01030009
01010000
04000c06
02080007
01020008
02030000
04000b08
02070006
01020009
04000000
04000c06
02070006
01020009
01010000
03000c06
02060006
01020009
01000000
04000b06
02060006
01020009
02010000
04000c06
02060006
01030008
01000000
04000a07
02060006
01010008
02000000
04000c06
02070006
01020009
01010000
04000c06
02070006
01010009
02010000
04000b06
02070006
01020009
01010000
03000c06
02070006
01020009
01010000
03000c06
02070006
01020009
01010000
03000c06
02060006
01020009
02010000
04000c06
02070007
01030008
01010000
04000c06
0106000a
01020007
01020000
05000b08
0106000c
02020003
02040000
06000a09
000c001e
00000000
03090005
0a020a0a
00060017
00000000
0b150003
05000904
00060011
00000000
060b0000
05000c05
0006000e
01000002
04050000
06000c06
0106000d
00020000
02040000
06000b06
0106000c
00010001
03030000
06000c06
0106000b
00000004
02030000
05000d06
0107000b
01000004
01030000
05000d07
0206000b
01000006
02020000
05000d06
02070009
01010006
02010000
05000e06
02070008
00010008
02020000
04000e07
02070008
00020007
03020000
04000e06
02070008
00010008
02020000
04000e06
03070007
0101000a
03020000
04000f06
03080007
00020009
02010000
04000e07
03070007
00010009
02020000
04000e07
03080006
0002000b
01020000
04000f07
03080006
0002000a
02010000
04000f06
03080005
0101000d
01010000
04001008
03090005
0105000e
01000000
04001107
03080005
1113000c
00000000
08001117
08110109
15190011
2f000000
06001908
081b0009
01040505
1a210000
0b00150e
09061f07
4341002d
00010000
0e001339
0835100b
37320625
3c1f0000
1000250e
0708020a
12080616
103e0000
0700141e
05001300
30350029
00000000
0d00143a
000b0a02
39250023
01000809
10030b3b
00170008
05090010
221a030b
00051100
00170008
0002000d
1b28000b
00001102
01060004
14060010
09110002
04000e1e
00060f06
2b250016
06000400
0b040b24
0016020f
0a18000a
211d0107
09000d00
00000f0e
1819000b
091f0003
08010729
00070f05
2317000f
06000d08
0b06042f
0002010b
06090006
0b000808
00050200
0002030a
09050007
00010809
0105030f
00030304
080b000c
05000a08
00040504
00030303
090a000d
03000a09
00040306
00020303
0708000b
04000a0a
00060204
00020404
0608000a
04000a0a
00060003
00020404
07070009
04000a0a
00060003
00020304
06080009
05000a09
00060002
00030404
0609000d
07000a09
00050204
010c0402
0e0c0014
1c030c08
00020e00
00090403
21140017
0008090a
060b0a23
00020403
0c0a000c
06000a09
00050304
00030404
0c08000b
04000b09
00060106
00030403
0907000b
07000b09
00060203
00050703
0d0d000c
0c000c08
00060200
00030709
1615000b
0c000906
05060402
00050914
1a0d0000
05060a06
07080206
00030312
1b050000
03020a07
0a07020b
00050912
18130000
0e000d05
06080501
00020512
22050000
06030806
0b060206
00010513
22020000
03050606
0a060208
0302110a
20210010
14000c00
04021108
06130c02
2c1c0015
05050c04
0a030f13
06070602
32160013
1a000000
0a001402
07080603
35110013
05000000
0c000d02
09080802
39120013
0a000000
0c000f01
110b0900
4217001b
19000100
0d001600
0f1a1104
52380122
0f090000
16001d30
120c0f00
4e490030
2a0d0800
0e002224
160d0f08
6723021a
14000000
1f001607
160d0e09
69130210
01010000
1f000d0d
0f1e1208
63200010
001b0001
22000d29
0f0b0b04
4c160016
07000000
14001211
0e0b0803
4d140014
02000000
14001107
0e0b0904
4d140014
02000000
14000f07
0e0a0904
4d130012
02000000
15000f07
0e0b0904
4d140013
02000000
15000f06
0e0b0904
4d130012
02010000
15000f07
0e0b0905
4d130012
02000000
15000e06
0e0a0905
4e120011
02000000
15000e06
0e0b0905
4d120012
02010000
15000e07
0d0a0807
4d120011
01010000
15000e08
0d0a0807
4c110010
02010000
15000e07
0d0b0806
4b110010
01020000
15000d07
0c0a0907
4b10000f
01020000
14000d07
0c090907
4a11000f
02000000
14000d06
0c090907
4a11000f
02010000
14000d06
0c0a0806
49110010
02000000
14000d07
0c090906
4a120010
03000000
14000d06
0d0a0906
4a120010
03010000
14000d06
0d0a0906
4b120010
02000000
14000c07
0d0a0906
4a11000f
02000000
14000c06
0c0a0906
4a110010
01000000
14000d07
0c0a0906
49110010
02000000
14000c07
0c0a0906
49110010
02020000
14000c07
0c0b0807
480f0010
02020000
13000b07
0c0a0806
49100010
02040000
14000c07
0c090906
4810000f
02030000
13000c06
0c090906
47110010
03020000
13000c06
0c0a0806
4811000f
03030000
13000c06
0c090906
4911000f
02010000
14000c06
0c0a0807
4910000f
03010000
14000d07
0c0a0906
49110010
03000000
13000d06
0c0a0906
49110010
02010000
14000d06
0c090906
4911000f
02000000
14000b06
0c0a0906
49110010
02010000
14000c06
0c0a0906
49110010
02000000
14000c06
0c0a0906
49110010
03000000
14000d06
0c090906
4911000f
03010000
14000c06
0c090906
4911000f
02000000
14000c06
0c090906
4911000f
02000000
14000c06
0c090906
4911000f
02000000
14000c06
0c090906
4911000f
02010000
14000c06
0c090906
4911000f
02000000
14000c06
0c090906
4911000f
02000000
14000c06
0c0a0906
4911000f
02000000
14000c06
0c0a0906
49100010
03000000
14000d06
0c0a0906
49100010
02020000
14000c06
0c0a0906
49110010
02030000
14000c06
0c0a0906
49110010
02000000
14000c06
0c0a0906
49110010
02000000
14000c06
0c0a0906
49120010
02010000
14000c06
0c0a0906
49100010
02010000
14000c06
0c0a0906
49100010
02010000
14000c06
0c0a0906
49110010
02000000
13000d06
0c0a0906
49110010
02000000
14000c06
0c0a0906
4911000f
03000000
14000c06
0c0a0906
4912000f
02010000
14000c06
0c0a0806
4910000f
03010000
14000c07
0c0a0906
4a110010
02020000
14000d06
0c0a0907
4a11000f
03020000
14000d06
0c090909
4b10000e
02030000
15000c0b
0b0b080a
4a0e000c
09000000
16000d0a
0b0a080c
4b0e000d
04040000
15000c06
0b09080b
4b0f000b
02040000
16000c06
0c09080c
4b0f000b
03030000
16000d06
0c09080a
4c0f000c
02020000
16000d06
0c09080b
4c0f000c
03010000
16000c06
0c09080a
4c10000c
03020000
16000d05
0d09080a
4d10000d
02010000
16000e06
0d0a0809
4d0f000e
03010000
15000d06
0d0a0809
4d10000e
03010000
15000f06
0d0a0808
4d11000f
02020000
16000e06
0e0a0908
4e11000f
03010000
16000e06
0e0a0808
4f110010
02020000
16000f06
0e0a0907
4f110011
02000000
16000f07
0e0b0906
4e120012
03000000
15000f06
0f0a0907
50120010
03000000
16000e06
0f0b0906
51130011
03010000
16000f06
0f0b0906
51120011
02010000
16000f07
0f0b0906
51120012
03000000
16001007
0f0b0905
51130013
02000000
16001007
0d090905
52120012
00000000
15001316
030b0d10
50240014
03000600
1c020f18
14131113
4519020a
320e0700
12011e00
10061607
691e0021
00120000
1b001531
1439150a
4b2d002b
27000600
1e002037
151a0f0e
671e0513
332a0007
1c00200f
0e040e00
66150021
00000000
19001928
000c0d00
4929002a
00000c00
11001537
06160008
13150015
1c000a07
04040a06
08190708
37110010
23250008
0c001201
08080703
3a110013
05060001
0d000e06
00010c01
3b24001a
00010700
0d000f29
0316010d
21140010
23000e05
08060b13
0402080e
380e0003
1c0b0007
0e000a0e
00070f07
3712000d
00020c03
0d05082f
00060305
1309000c
07000c09
0506040d
00020409
11090007
0b010a08
02060200
00030508
14070008
00000b09
0205030f
00020304
0b08000b
04000b09
00050304
00020403
0a09000b
04000b09
00060204
00020403
0909000a
04000b09
00070103
00020403
0908000a
05000b0a
00060102
00020404
0a07000a
04010b0a
00070004
00020404
09080009
05000b0a
00070002
00020404
0a09000b
05000b09
00060205
