00010005
01000000
00000304
02000200
00000700
00000201
01000001
04000003
00010000
05000500
00040000
00000000
00010303
00020103
06000000
03000001
02000002
02000001
00040000
00010000
00010400
00020300
07000206
03020002
02000000
00010104
00020100
05030200
08000600
00000000
00000000
00000403
00030400
00000201
02000000
07000200
03000003
02000000
00000400
02050004
00020000
07010000
00020100
00030202
04000000
00000000
00000000
01030000
00000500
00010000
00020000
01070700
02000002
00000600
00000500
00000000
00000000
02000004
02010100
00040001
08020000
00000000
01010100
05000204
00000602
02000001
00030000
02020200
02050207
00000003
04000100
02000003
00020304
00000400
00040502
03040004
00010000
01000a06
07000000
07030003
02060100
01000000
01000402
00000307
00020300
00040003
0200000d
00000000
00010206
03000005
02030403
01000200
00060000
00000000
00000006
00030002
00010000
01000000
00020006
03030200
00000400
00000000
02000100
01020002
00000200
00000300
00010005
00000000
00000105
00010100
00000202
03000000
01000004
05010003
00040000
00010200
00000303
00070000
00010205
06050003
00010202
00010202
06000600
00000002
06000000
00000000
00010003
00010603
00030603
00000000
00000103
00000604
00000000
00000002
00010200
05030000
01030000
0a000100
01040002
00020302
00010004
00010000
00000000
00000003
00030700
00000000
00000000
00050200
00000100
00000000
02000300
00000001
00020100
00020000
00010100
00070201
00040000
00000000
00000200
06000200
00000602
02000001
00030000
02020200
02050207
00000003
04000100
02000003
00020304
00000400
00040502
03040004
00010000
01000a06
07000000
07030003
02060100
01000000
01000402
00000307
00020300
00040003
0200000d
00000000
00010206
03000005
02030403
01000200
00060000
00000000
00000006
00030002
00000000
03020200
00030004
00030301
00000400
01000000
01000200
00050002
01000500
00000300
00010005
00000000
00000102
00020000
00020204
01000000
03000205
09030002
00010003
00000403
03020104
01050100
00040107
05020001
00030202
01000403
08000501
00000005
05000000
00000000
00010005
00020404
00010605
00000000
00000103
00000402
00000200
00000003
02020200
04020000
02030000
09000200
02030102
00010103
00000001
01010000
00000000
00000008
00040800
00000000
03000000
00040400
00000504
00000000
01000500
00000203
01040000
00030000
00060400
00080103
00060000
00000001
03000201
06000100
00000406
05000001
00000100
00020300
03000004
00010003
04000700
06000302
00010c05
00000102
00020503
04050005
00010201
00000a07
08000000
08000002
00060000
00000003
00000201
00000405
00000305
00020002
0400000d
00000001
00060003
04000004
02080501
01000006
01040000
00010100
0003000a
00000003
00000000
03010100
00040005
00000203
02000500
00000000
01000300
00050000
02000a00
00000400
00020006
00010000
00000301
00040001
00000403
00000000
04000307
06040101
00000005
01000404
01020004
00030200
00030308
05000101
00050100
01030202
07000404
00000003
03000000
00000000
00010005
00010604
00000705
00000300
00000203
00000303
00000400
02000002
00010200
03000000
02010001
09000200
02000103
00000201
00000004
01020000
00000000
00010008
02010600
00000000
02000000
00030400
00000503
00020000
03010500
00000403
01050100
00020000
00060400
00070002
00060000
00000000
03000200
06000200
00000406
05000001
00000100
00020300
03000004
00010003
04000700
06000302
00010c05
00000102
00020503
04050005
00010201
00000a07
08000000
08000002
00060000
00000003
00000201
00000405
00000305
00020002
0400000d
00000001
00060003
04000004
02080501
01000006
01040000
00010100
0003000a
00000003
01020300
01000000
00050004
00000301
02000500
01000000
01000300
00060000
01000b00
00000500
00010006
00010000
00000500
00040001
00000401
00000000
06000307
04050000
01000005
02000305
00030104
00030000
00030108
05010202
00030000
00030003
04000405
00000002
04020000
00000000
00010005
00030602
00000706
00000200
00000102
00000202
00000500
01000004
01010000
02000100
01000002
0a000200
01000003
00000300
00000002
02020000
00000200
00000006
00000500
00000000
00000000
00010500
00000302
00000100
02020400
00000302
01050100
00000000
00050300
00070001
00070000
00000000
02000000
04000100
00000106
04000003
05010000
00000700
0a000002
00000002
03000700
03000100
00040605
00000102
00020704
05000005
01010403
00000808
08000000
07000002
00050000
01000000
00000200
00000004
01000306
01010003
0500000c
00000000
00010202
0f020006
02050401
0100000f
01030203
00000300
00020003
00000001
01010200
02010000
00050004
00010300
00000400
03000000
00000500
00060000
01000900
00000600
00010006
00000002
00000400
00000001
00000401
00000000
07000107
03050000
02000005
01000504
02020005
00060000
00040008
07000000
00040000
00000004
05000404
00000102
05030000
00000000
00020006
00030502
00020705
00000100
00030302
00000101
00000700
01000002
01010000
00000002
00000000
09010000
00040004
00000000
01000100
04010000
00000300
00000003
00000400
00000000
00000000
00020300
00000303
00000001
00020200
01000303
00040203
00000000
00040200
00080001
00080000
00000000
00000000
03000400
00000106
04000003
05010000
00000700
0a000002
00000002
03000700
03000100
00040605
00000102
00020704
05000005
01010403
00000808
08000000
07000002
00050000
01000000
00000200
00000004
01000306
01010003
0500000c
00000000
00010202
0f020006
02050401
0100000f
01030203
00000300
00020003
00000001
00000100
03000100
00060004
00030200
00000200
01000000
00000500
00050001
00010a00
00000600
00030003
00010202
00000300
02000000
00000203
00000000
05000207
05040200
00000103
01000504
02020105
00030000
00050509
05000000
00050101
02010000
07000403
00000102
04010000
00000000
00010007
00030302
00010604
00000200
00000503
00000104
00000701
03000001
01020000
00000100
02000100
0a010000
01030004
00000200
00000003
03020000
00000400
00000004
00010400
00000000
00010000
00030100
00000203
00000000
00000100
00000303
00060302
00000000
00030302
00080004
00070000
00000000
01010000
07000700
00000004
05000002
09000000
02010500
0b000401
00020305
01000600
03030002
00050002
00000204
00030804
05000004
04000403
0100060b
0b000500
07000108
02040002
06000000
00000103
00000003
00010505
02060007
0506000a
05010000
00000405
13030009
02000605
00040010
0305020b
00000300
00040000
04000000
00010000
03010100
00050006
00030300
00000200
01000000
00000400
01070000
01000802
00000600
00060003
00010102
00000200
00020000
00000304
00000000
05000306
04040000
00000006
02010604
02030204
00040000
00050308
04000001
00040203
02020000
06000401
00000104
02000000
00000000
00030004
02030504
00020805
00000100
00010404
00000202
00000700
03000001
00040000
00000100
04020101
09010100
02020004
00000000
01000002
04040200
00000400
00000004
02030401
00000000
00020000
00030400
00000003
00000000
00000202
00000104
00050103
00000000
00030201
00070002
00090000
00000001
01000000
04000500
00000004
05000002
09000000
02010500
0b000401
00020305
01000600
03030002
00050002
00000204
00030804
05000004
04000403
0100060b
0b000500
07000108
02040002
06000000
00000103
00000003
00010505
02060007
0506000a
05010000
00000405
13030009
02000605
00040010
0305020b
00000300
00040000
04000000
00020000
02000100
00040007
00010400
00000300
00000000
00000400
01050000
02010a03
00000600
00060004
00020201
00000200
00010000
00000305
01000000
06000408
06040000
00000005
02010505
01010204
00040000
00050409
04000000
00050102
01030000
06000403
00000103
03000000
00000000
00010004
00030402
00010805
00000200
00010403
00000101
00000601
04000002
01020000
01000000
04020200
08000100
02020103
00000200
01000002
03030000
00000200
00000005
02020600
00000000
00020000
00050400
00000004
00000000
01000100
00000205
00050203
00010000
00050301
00070002
00090000
00000000
02010000
07010600
00000101
05000002
05000000
06000000
0a000701
00020307
01000402
03010000
00050001
00000206
00010905
05000002
01030302
04000409
08000600
05020003
00020005
06000000
00000005
00020002
00020300
02070005
04050007
05010200
00000605
0c060009
00000703
0105000c
02060008
00000000
00040100
09000000
00020000
02010100
00040006
00030400
00000300
02000000
01000400
00070000
03000a02
00000600
00060004
00030101
00000400
00000000
00000502
01000000
07000307
03040000
02000105
03000506
01020306
00070000
00070209
04010000
00030103
00000000
06000504
00000003
03000000
00000000
00010005
00050303
00000805
00000100
00010304
00000001
00000700
03000002
01010000
01000100
05020201
0a000100
00010103
00000100
01000103
04030000
00000400
00000005
03020600
00000000
00000100
00020500
00000305
00000001
01000400
00000305
00050103
00020000
00050200
00070001
00080000
00000000
03000000
07020500
00000101
05000002
05000000
06000000
0a000701
00020307
01000402
03010000
00050001
00000206
00010905
05000002
01030302
04000409
08000600
05020003
00020005
06000000
00000005
00020002
00020300
02070005
04050007
05010200
00000605
0c060009
00000703
0105000c
02060008
00000000
00040100
09000000
00010200
04000000
00040006
00030501
00000200
02000000
01000600
00050000
03000802
00000500
00060001
00020201
00000400
00000000
00000303
03000000
06000007
02040001
01000005
02000506
02020206
00040000
00030208
06020000
00030103
00000000
06000604
00000001
04030000
00000000
00020003
00030103
00000604
00000100
00000504
00000001
00000700
03000001
00020000
01000000
04020100
0a000000
00020003
00000000
01000001
04010000
00000200
00000006
03020400
00000000
00000000
00000500
00000104
00000001
01000201
00000204
01060204
00020000
00030300
00080002
00060000
00000000
00000100
08010500
00000200
04000001
05000000
0a000000
05000a00
00050505
01000302
02030000
00010003
00000306
00010306
04000000
00040301
0300010a
0a000700
04040003
00010004
08000000
00000006
00060003
00020701
000a0007
09010005
00060200
00000906
0405000c
00010805
01050009
03050004
00000000
00020100
0d010000
00010000
04010000
00040006
00050301
00000200
01000000
00000500
00050001
04000801
00000500
00060002
00030001
00000200
00000000
00000102
01000001
04000107
06030001
00000204
03000404
02020102
00060000
00000408
05000000
00040003
02020101
08000703
00000002
03000000
00000000
00030002
00040501
00000703
00000100
02010504
00000303
00000600
03000004
00000000
02000000
03020100
0a000000
00010003
00000000
00000002
02050100
00000100
00000006
01030600
00000000
03000000
00030200
00000503
00000000
03000200
01000402
00050100
00010000
00030500
00080004
00070000
00000000
01000201
08000600
00000200
04000001
05000000
0a000000
05000a00
00050505
01000302
02030000
00010003
00000306
00010306
04000000
00040301
0300010a
0a000700
04040003
00010004
08000000
00000006
00060003
00020701
000a0007
09010005
00060200
00000906
0405000c
00010805
01050009
03050004
00000000
00020100
0d010000
00000000
02010000
00030006
00030100
00000300
01000000
01000400
00040001
02000802
00000500
00060003
00020000
00000100
00000100
00000202
01000001
03000107
08040001
00000104
02000503
01000202
00060000
00000307
06000000
00040102
02030402
08000601
00000103
02010000
00000000
00030002
01030602
00000802
00000300
01020403
00000402
00000600
03000003
00010000
03010000
03020000
0a000100
01010004
00000102
01000101
00060000
00000100
00000004
02030700
00000000
04000000
00030200
00000405
00000001
02000400
02000402
00040101
00000000
00040500
00080003
00070000
00000000
02000300
06000500
00000004
05000001
07030300
0a000000
00000a00
03040302
02000100
03020300
00050004
00000403
06020606
04000000
00010100
02000209
0c000900
06020006
00040000
08010001
00000205
05020104
00030803
000a0106
07000005
00050000
01050805
0101000c
01030507
0003000d
03040105
00000200
00020003
08000000
00010002
01000000
00050006
00030100
01000300
00000000
02000401
01030000
01000701
00000300
00030003
00000000
00000100
00010201
00000304
01000001
03000106
08040001
00010004
01000302
02030203
00050100
00000306
07010000
00040201
00030302
07000801
00000104
02010000
00000000
00010002
00020602
00020801
00000300
01010403
00000603
00000500
02000003
00000100
03030000
02020000
0a000200
02010004
00010001
00000103
00050000
00000100
00000004
02050800
00000000
01000000
00030300
00000304
00000000
02000500
00000403
01050001
00010000
00050200
00070001
00060000
00000000
02000300
07000401
00000004
05000001
07030300
0a000000
00000a00
03040302
02000100
03020300
00050004
00000403
06020606
04000000
00010100
02000209
0c000900
06020006
00040000
08010001
00000205
05020104
00030803
000a0106
07000005
00050000
01050805
0101000c
01030507
0003000d
03040105
00000200
00020003
08000000
00010004
00000000
00050006
01050100
00000400
00000000
00000400
00010000
00000300
00000300
00000004
00000000
00000203
00000001
00000303
00000001
02000003
07010000
00020002
00000001
00040004
00080100
00000205
05040002
01030202
00010503
05000600
00000005
04000000
00000000
00010002
00000600
00020800
00000200
02000303
02000404
00000500
02000000
00010300
05030000
01010000
0b000100
02020002
00040002
00000001
00040000
00000000
00000003
02030700
00040000
00000000
00020200
00000303
00000000
04000600
00000204
00040100
00020000
00020200
00070003
00050000
00000000
02000400
04000504
0002000e
05000003
02040301
03030000
00000500
05010405
04020400
04000004
01080005
00000600
03030608
05000003
00000304
00000609
0b000000
0a000004
02080100
03090000
00000602
06000409
00010a07
00070006
07000009
02000000
00030505
00000007
01030108
01000006
02070400
03000200
01010001
00010000
00010000
03000504
00000005
00040300
01000400
00000001
03000200
05010000
00000100
00000400
00000200
00020500
03000400
00000002
00010307
00010001
02000002
05010002
00020000
00000000
00030002
00040000
00060006
01030001
01020101
00040401
0c000301
01000303
05000100
00000200
00000003
00000301
00020202
00000000
00000101
01000002
01000200
03010001
01010001
07000004
00000000
08020000
04030002
00000203
00000000
00020000
00000100
00010002
00050400
00060000
02000000
00030400
00000103
00000000
01000800
00000004
01010000
01010200
01000002
00030003
02050100
00000000
02000500
02000100
0002000e
05000003
02040301
03030000
00000500
05010405
04020400
04000004
01080005
00000600
03030608
05000003
00000304
00000609
0b000000
0a000004
02080100
03090000
00000602
06000409
00010a07
00070006
07000009
02000000
00030505
00000007
01030108
01000006
02070400
03000200
01010001
00010000
02010005
00030000
00020301
00010605
01000300
00010207
00000200
06000002
00070000
01000000
00020001
01020000
01030205
00000004
09010002
01020000
00000000
00000000
00000000
00040000
00000005
00060200
04000303
04000000
01010000
00020002
000b0300
07050200
03000900
02000000
00000000
00000000
00040100
00010302
03000200
03010000
00000004
02000000
00000300
00020007
00010000
00000000
00000100
00020103
07020000
00010000
02010000
00030000
00010001
00030000
00020000
00070000
06060000
00000500
00000400
00000000
00000000
03000302
03020101
00000104
05000000
00000200
02010000
00010302
00000602
02000001
00030000
02020200
02050207
00000003
04000100
02000003
00020304
00000400
00040502
03040004
00010000
01000a06
07000000
07030003
02060100
01000000
01000402
00000307
00020300
00040003
0200000d
00000000
00010206
03000005
02030403
01000200
00060000
00000000
00000006
00030002
00000205
00000000
00070100
01060403
00020200
00000001
00000100
01000001
00060000
00000200
00000006
00000000
07000109
00030002
00010400
03010000
00000000
00010302
07010100
01030500
00000103
00000004
00000300
02050900
00000104
01000000
00030300
00000005
02000000
00020000
01040104
00000000
00050500
00000201
00000504
00000101
00000000
00010000
00010000
00000000
00020000
00000300
00020100
00050304
000c0004
01040100
06000100
00000000
00020000
00030000
00000000
03000200
01010100
00000003
05010100
01040000
00000100
00040000
00000000
00000403
00000000
01010500
00010000
00000100
00000602
02000001
00030000
02020200
02050207
00000003
04000100
02000003
00020304
00000400
00040502
03040004
00010000
01000a06
07000000
07030003
02060100
01000000
01000402
00000307
00020300
00040003
0200000d
00000000
00010206
03000005
02030403
01000200
00060000
00000000
00000006
00030002
00000002
03010000
00060000
00030400
02020000
00000000
00000000
00000002
00050700
00000400
00000006
01000001
01000305
00040000
00030302
00060000
02000704
00010000
06000201
00020600
00030003
02000000
00050000
01050c00
00000205
02010004
00020200
00000009
04000000
03010000
03000004
00000000
00030007
00000000
04020603
00000000
00000000
00000000
02010000
00000400
02000001
00000100
00050200
00040207
00050000
02020400
03000100
00000001
00010100
00020200
04000000
05000002
02000200
00030004
00010200
01050004
00040000
00000000
00030000
00000405
00030000
03000400
00020000
02000000
00000406
05000001
00000100
00020300
03000004
00010003
04000700
06000302
00010c05
00000102
00020503
04050005
00010201
00000a07
08000000
08000002
00060000
00000003
00000201
00000405
00000305
00020002
0400000d
00000001
00060003
04000004
02080501
01000006
01040000
00010100
0003000a
00000003
00000000
05000000
01080000
00010302
07000400
00000000
00000400
00000100
00060d00
00010600
00010007
00030002
00020400
01030000
00000400
00030000
05000408
00030100
06000700
01000701
00020002
00050000
00020104
03020800
00040000
04020002
02000100
00000108
00000000
03000001
03000006
00030400
00030107
00000200
01010705
00000000
00000400
02000000
00030000
00000700
01000003
01000100
00020101
00000201
00000003
00020000
03000000
00000104
00000100
00020100
03030100
04010401
00000004
02030005
02040400
01050107
00050000
00000000
00050001
00000003
00040000
03000100
01020000
03000401
00000406
05000001
00000100
00020300
03000004
00010003
04000700
06000302
00010c05
00000102
00020503
04050005
00010201
00000a07
08000000
08000002
00060000
00000003
00000201
00000405
00000305
00020002
0400000d
00000001
00060003
04000004
02080501
01000006
01040000
00010100
0003000a
00000003
00000000
03000000
01070000
00030101
07010400
00000000
00000303
00000000
000b0f03
00000601
00020005
00040002
00020300
03010400
00000200
00020000
05000507
00030000
05000500
04000401
02010001
00050000
00000003
04020600
00040003
01020003
00010100
00000107
03020000
06000001
00000002
00030500
00010006
00000300
01000606
03000000
00000301
02000004
00010000
00000400
00000003
01000000
00010002
00000100
00000003
00020000
05000000
00000003
00000101
00000000
02030000
06000201
01000002
03010101
00040300
01030006
00080000
00000000
00030000
00000004
00030000
00000000
00030000
01000203
00000106
04000003
05010000
00000700
0a000002
00000002
03000700
03000100
00040605
00000102
00020704
05000005
01010403
00000808
08000000
07000002
00050000
01000000
00000200
00000004
01000306
01010003
0500000c
00000000
00010202
0f020006
02050401
0100000f
01030203
00000300
00020003
00000001
00000000
04000000
03060100
00070200
06030100
01000000
00000503
00000000
00080c03
00000600
00040005
00010002
00010300
03000701
00000200
00010000
04000207
00030000
02000400
03000500
03010002
02050000
00000000
02030300
00050004
00010002
00010300
00000306
04010001
05000003
00000000
00030300
00020203
00000100
05000405
03000000
00000400
00000004
00000000
02000400
00000001
03000100
00010204
00020002
02020000
00040000
04000000
00000005
00000100
00000000
02010000
07020202
00000200
02000000
00040400
00010006
00080000
00000000
00000000
00000005
00000000
00010000
01030000
00000404
00000106
04000003
05010000
00000700
0a000002
00000002
03000700
03000100
00040605
00000102
00020704
05000005
01010403
00000808
08000000
07000002
00050000
01000000
00000200
00000004
01000306
01010003
0500000c
00000000
00010202
0f020006
02050401
0100000f
01030203
00000300
00020003
00000001
00000000
05000000
00070200
00090203
03000000
00000003
00000403
00000001
00080c04
00000700
00040005
00000302
00000200
04000700
00000100
00020000
02000405
00030000
02000600
01000402
01000003
00000003
00000203
03010300
00060004
04030000
01010300
00000207
04000000
02000003
00000001
00010100
00000404
00000200
00000604
04000000
00000302
01020000
00000000
02000400
01000000
04000000
00020201
00030305
02040003
00040000
05000000
00000004
00000000
00000000
00000000
06010203
00000000
00000000
00020100
00030203
00090100
00000000
00000102
00000006
00000000
02020000
03060000
03000702
00000004
05000002
09000000
02010500
0b000401
00020305
01000600
03030002
00050002
00000204
00030804
05000004
04000403
0100060b
0b000500
07000108
02040002
06000000
00000103
00000003
00010505
02060007
0506000a
05010000
00000405
13030009
02000605
00040010
0305020b
00000300
00040000
04000000
01000000
05000000
000a0000
01070303
04010000
00010001
01000402
00000101
00070a04
00000700
00050006
01010202
00000200
02010700
00000400
00040002
01000704
00010000
03000500
01000502
00000002
04000000
00000005
01020400
00040005
04030000
01020200
00000209
03000004
01000002
00000000
00010000
00000504
00000400
00000707
02000000
00000200
00020000
00010000
03000300
01000000
04000100
00020401
00030105
03020003
00030001
04000400
00000002
00010003
00000000
00010000
06000103
00000000
00000002
03020300
02040203
000a0000
00000000
00000000
02000005
00020000
00020100
04060000
02000402
00000004
05000002
09000000
02010500
0b000401
00020305
01000600
03030002
00050002
00000204
00030804
05000004
04000403
0100060b
0b000500
07000108
02040002
06000000
00000103
00000003
00010505
02060007
0506000a
05010000
00000405
13030009
02000605
00040010
0305020b
00000300
00040000
04000000
00010000
05000000
00080000
00070200
05030000
00000002
00000504
00000000
00090802
00000300
00070005
02020402
00000100
01010600
00000300
01070000
02000804
00000001
00000600
01000405
00010001
01010000
00000204
00050400
00050006
02030000
00000400
00000006
05000002
03000000
00020000
00030000
00000303
00000500
00000a06
00000000
00000001
01030001
00010000
04000400
00010000
02000000
00020301
00020002
03020001
00030000
04000000
00000002
00000000
00000000
00000000
07000002
01000001
00010001
03020500
02030303
000a0100
00000000
00000000
02000005
00010000
00000100
03060000
02010602
00000101
05000002
05000000
06000000
0a000701
00020307
01000402
03010000
00050001
00000206
00010905
05000002
01030302
04000409
08000600
05020003
00020005
06000000
00000005
00020002
00020300
02070005
04050007
05010200
00000605
0c060009
00000703
0105000c
02060008
00000000
00040100
09000000
00010000
04000000
00070000
00050000
01040000
00000000
00000401
00000000
00040c02
00000200
00080001
00040204
00000400
00000600
00000300
00050000
04000702
00000001
01000500
01000701
00000000
01020000
00000003
00040500
00030006
02020000
00010100
00000005
04000003
05000000
00000000
00040000
00000005
00000400
02000a08
02000000
00000000
00030000
00010000
01000200
03000100
01000100
00000000
00010200
02010005
00030101
04000000
00000001
00000000
00000000
05000000
08000003
00000002
00030000
03040700
03010204
00080300
00000000
00000200
00000005
00000000
00000200
02090000
00000301
00000101
05000002
05000000
06000000
0a000701
00020307
01000402
03010000
00050001
00000206
00010905
05000002
01030302
04000409
08000600
05020003
00020005
06000000
00000005
00020002
00020300
02070005
04050007
05010200
00000605
0c060009
00000703
0105000c
02060008
00000000
00040100
09000000
00000001
04020000
00080000
00040400
00000000
00020002
00000603
00000000
00040b00
00000300
00080000
00050101
02020500
00000500
00010200
00050000
08000202
00020000
01000700
01000605
00000400
02000001
00000204
02010400
00000004
06000000
00010000
00000007
06000000
06000002
01000000
00010000
00000004
00000000
06000805
00000000
00000000
00000000
00050000
00000100
04000100
02000100
00000000
00000000
07000000
02030004
05000000
00000000
00000000
00000000
04040000
09000002
01000002
00020000
01030700
02010005
00070300
00000000
00000500
04000003
00000000
03000000
00080000
00000803
00000200
04000001
05000000
0a000000
05000a00
00050505
01000302
02030000
00010003
00000306
00010306
04000000
00040301
0300010a
0a000700
04040003
00010004
08000000
00000006
00060003
00020701
000a0007
09010005
00060200
00000906
0405000c
00010805
01050009
03050004
00000000
00020100
0d010000
00000003
04010000
00090000
00010500
00000000
00040002
00000700
00000001
02030c00
00000200
00070000
00050002
00020400
00000401
00010200
00020003
07000306
00040000
06000700
00000503
00000503
02030003
00000202
00040000
00030004
06020003
01030000
00000001
06000002
07000000
01010000
00000000
00000402
00000400
02000a05
00000001
00000000
02010000
00000000
03000000
05000000
02000400
00000000
00000001
06000004
03020005
07000000
00000001
00000000
00000000
05050300
04000007
00000204
00020000
01060800
04000001
00060300
00000001
00000400
02000102
00000000
03000100
00040000
01000701
00000200
04000001
05000000
0a000000
05000a00
00050505
01000302
02030000
00010003
00000306
00010306
04000000
00040301
0300010a
0a000700
04040003
00010004
08000000
00000006
00060003
00020701
000a0007
09010005
00060200
00000906
0405000c
00010805
01050009
03050004
00000000
00020100
0d010000
00000004
03010000
00040000
00020402
00000000
00030004
00000400
00000003
02050400
00000100
01020000
00040004
00000200
00000100
00000200
00040000
02000102
00020000
03000a02
02000702
00000501
00040000
00000004
04010300
00040103
04000001
00040100
00000004
05000000
05000000
00050000
00000000
00000501
00000100
00000e03
00000000
00000000
01050000
00000000
01000100
02000000
00000300
00000000
00040004
06000002
02070305
04000200
00000300
03000002
00000000
04030002
00020008
01000306
00000000
03040800
05030103
00060200
00000100
00040600
00000202
00010000
06000100
00000100
07000600
00000004
05000001
07030300
0a000000
00000a00
03040302
02000100
03020300
00050004
00000403
06020606
04000000
00010100
02000209
0c000900
06020006
00040000
08010001
00000205
05020104
00030803
000a0106
07000005
00050000
01050805
0101000c
01030507
0003000d
03040105
00000200
00020003
08000000
00000005
02000000
00060000
00020302
00000000
00000000
01000300
00000002
02060600
00000200
00000003
00040002
00000104
00000000
00020503
00030000
00000601
00000103
02000701
01010500
00000703
01030000
00000402
03050200
00030406
04000001
03020000
00010004
01000000
05000000
00070001
02010000
00000302
00000200
00000603
00000000
00000000
01020000
00000000
00000000
03010000
02000400
00010001
00020301
02020004
00070300
04000200
00000100
01070000
00000000
04010004
01000006
05000301
01010003
05030300
04060304
01070100
00010000
00020500
03000000
00010000
02010200
01000000
01000600
00000004
05000001
07030300
0a000000
00000a00
03040302
02000100
03020300
00050004
00000403
06020606
04000000
00010100
02000209
0c000900
06020006
00040000
08010001
00000205
05020104
00030803
000a0106
07000005
00050000
01050805
0101000c
01030507
0003000d
03040105
00000200
00020003
08000000
00000003
00010000
00070000
00040600
00000000
00010001
00000200
00000000
00050500
00010200
00000003
00020000
00000307
00000000
00020300
00030000
00000503
01000000
00010600
00000100
00010205
01070001
00030000
01080100
00030707
03010002
00000100
00000209
01000000
02000000
00040002
00000000
00030600
00000100
01000500
00000200
00000100
00000000
00000000
00010000
03020000
00000000
00030003
00040008
00010001
00080000
01000000
00000000
00040300
00040000
04000003
02000000
02000000
02000001
04020400
04000204
00070100
00020000
00000400
00000001
00000000
00030100
02000000
02000300
0002000e
05000003
02040301
03030000
00000500
05010405
04020400
04000004
01080005
00000600
03030608
05000003
00000304
00000609
0b000000
0a000004
02080100
03090000
00000602
06000409
00010a07
00070006
07000009
02000000
00030505
00000007
01030108
01000006
02070400
03000200
01010001
00010000
00000002
04040401
01030000
00010100
00000000
00000002
03000202
04000000
00000000
00000600
00000002
00030200
02000400
00010002
00000104
00040000
00000102
05040000
00000100
00000001
00010000
00050400
01020000
00040001
00040300
00030002
08050100
03020306
00000400
00000100
00000001
00020000
00050501
00000000
02000000
04000000
00000200
04000002
00030000
02000000
01000000
00000000
01010002
00000108
00030000
00040000
01000000
00020000
00010000
00040000
02000004
00010000
00030000
01000000
00010900
00000004
00020000
01000400
00000101
00000000
00020600
00050200
05000200
00000000
0002000e
05000003
02040301
03030000
00000500
05010405
04020400
04000004
01080005
00000600
03030608
05000003
00000304
00000609
0b000000
0a000004
02080100
03090000
00000602
06000409
00010a07
00070006
07000009
02000000
00030505
00000007
01030108
01000006
02070400
03000200
01010001
00010000
00040005
01000200
04010302
00000405
07010500
00000106
00000100
06020001
00000000
00000100
00010000
00010000
07020003
00000007
0d000005
00030000
02000000
00000000
03000000
00030001
00000004
00060000
03000303
04000001
06000000
01050102
00070100
05030100
00000300
06000000
00000101
00000000
00040000
00030102
03010000
03020000
00010003
00000000
00000600
00000005
00000000
00010100
00010000
00030000
03020000
00040000
01000200
00000300
00020002
00030000
05000000
00060000
06030000
00010600
00000400
00000003
00000000
00000600
00050000
00000205
00000000
02000104
00000000
00000100
02000303
00000004
00030200
03030200
07000500
00020501
03000000
00070906
00000704
00000502
00060106
00050003
03070000
0201070a
03000000
06010005
00070100
02000003
02000400
00000005
00050004
00050007
0200000c
01000001
00050209
05010005
02030309
03000201
00020300
00000000
00000307
0b030100
0000020b
00000009
04060300
00060208
09060305
00000002
00000000
00000000
00000000
02000704
00000001
01000000
0e00000d
06020003
00030000
05000000
02000000
00010605
08000000
01020003
00000000
00000009
00010000
01000600
03000004
00010000
00000001
00000400
00040000
04070000
02010405
00000000
00020000
00000000
02010104
08000002
00020000
00010000
00000001
00000300
00000000
02000200
00020000
00040000
000d0002
01050a00
05000400
00000000
00000002
00070000
01030000
07000300
00000000
02000003
02000000
00040002
00000000
01040200
03030000
00000406
01000000
00000200
00000000
00000000
02000303
00000004
00030200
03030200
07000500
00020501
03000000
00070906
00000704
00000502
00060106
00050003
03070000
0201070a
03000000
06010005
00070100
02000003
02000400
00000005
00050004
00050007
0200000c
01000001
00050209
05010005
02030309
03000201
00020300
00000000
00000307
0b030100
00010008
01000008
03010200
00020102
0c070503
00000003
00000000
00000002
00000000
02000504
00000105
04030100
06000006
00010100
00020000
03080000
04000505
00000004
02010000
03020000
02060000
01000401
00000000
00000100
00000007
02020000
00010500
00000704
00000000
06020000
00000000
00000100
00040004
00000000
0a030005
08000004
00000102
00000002
00000000
02000600
05000002
06000000
00030000
000a0100
00090000
02010d00
04000100
00000004
01020203
00000000
04000000
09000402
05000000
05010005
00000100
00070008
00050001
00000000
03060200
00000307
00010000
00000000
00020000
01000000
05000003
00000003
00000500
02020100
10000500
000b0603
05000500
03070605
00001007
00000207
00030608
01070005
06070000
0000070a
04000000
07040004
01060000
04000001
00000204
00000001
0002020c
00030107
0101000c
00000108
00000107
0e000007
020e0807
01000307
00000600
00070000
00000111
0f000500
00010002
04000001
02020200
00050405
0e010501
00000000
02000000
00000001
00000802
00000500
00010005
00000301
00000201
02000800
00000000
00060000
04000007
00040000
01070100
03000101
04020000
00050800
00000004
05000200
02000000
03050000
00010601
00000305
00000000
02020000
00000000
00000200
00040005
00000003
06010304
04000100
00000400
00000000
00000100
02000700
02000000
06000300
00010003
00070000
00010003
00030002
01010000
00000103
00010200
00000000
04030000
07000803
00000002
01030001
00000900
00010007
00080001
00000000
01080000
00000004
00010000
00000000
00030000
00000002
05000003
00000003
00000500
02020100
10000500
000b0603
05000500
03070605
00001007
00000207
00030608
01070005
06070000
0000070a
04000000
07040004
01060000
04000001
00000204
00000001
0002020c
00030107
0101000c
00000108
00000107
0e000007
020e0807
01000307
00000600
00070000
00000111
0f000500
00000000
02020000
00010400
00060509
08000102
00000000
01000201
00000001
00000802
00000600
00000006
00000200
00000201
06000900
00000000
00050000
05020107
00060104
01050000
02000203
06010003
00040400
00000002
04000200
00000300
03080000
00090700
00000506
02000000
02010300
00000000
00000000
00010203
00000100
02000403
06000001
00000302
00020000
00000000
02000300
01000000
05000300
00020002
00040200
00010003
01030004
01040200
00010003
00020300
00000000
05030000
08000604
00000100
00000000
00000c00
00000005
00090003
00000000
03070200
01000006
00000000
00000000
00060100
00000000
02000100
01000003
04020700
02000c00
12000800
00050702
00000700
000b0702
00040904
00000005
04000609
020a0002
02040000
00000307
00000300
07020004
00030000
07000003
00000002
03050000
0001000b
00050007
00000009
00030507
00060206
0f0f000b
030c0707
0000001a
00000400
00050200
00000009
10000400
00000000
03040000
01000301
00050907
06000003
00000000
02000200
00000000
00000600
00000302
00030004
01000000
00000101
08000700
00030000
00050000
06020106
01070107
00030000
01000202
06020003
00060400
00000002
03010200
00000400
02070000
000b0800
01000606
02000000
00000402
00000000
00000000
00010102
00000000
05000304
04000001
01000301
00020001
00000000
00000200
00000000
04000300
00020000
00020000
00000001
02020005
00040100
00000004
00050200
00000000
0b000000
07020801
01000700
00000000
01000c00
00000003
00090002
01000000
07060300
02000004
00000000
00000000
00050200
00000001
02000100
01000003
04020700
02000c00
12000800
00050702
00000700
000b0702
00040904
00000005
04000609
020a0002
02040000
00000307
00000300
07020004
00030000
07000003
00000002
03050000
0001000b
00050007
00000009
00030507
00060206
0f0f000b
030c0707
0000001a
00000400
00050200
00000009
10000400
01000000
04020000
00000502
00050a07
06000001
00000000
02000300
00000001
00000700
00000201
00020005
03000000
00000004
06000500
00040000
00050000
06010305
01070101
02020100
00000203
04020004
00030403
00000203
01000300
00000600
05060000
00090700
02000304
03000000
00000402
00000000
00000000
00000503
00000100
01000402
02000004
01000301
00020000
00000000
01040300
01000000
04000400
00030100
00020103
00000002
02010004
00030000
00000006
00040301
00000000
07000002
05010500
01000300
00000000
02000a00
00000000
00060000
02010000
04060200
06000205
00000000
00000000
00040200
02000302
01000200
00000001
0b000100
06000400
12000702
02010402
00000300
000d0402
00060200
00000004
01000306
01060001
00040100
00010007
00000600
03010006
00000003
07000000
00000003
000b0000
00010006
00070108
02000005
000a0107
00010202
0c0c0009
00030508
00000012
04000302
00030500
00000006
0f000400
00000000
04010000
00000200
01040b08
07000001
00000000
02000300
00000003
00000602
00000200
00020004
03000000
00000002
02010401
00020000
00030003
07000403
00050004
01030100
01000204
01010104
00020300
00000003
03000400
00000600
05060000
00040500
02000005
04000000
00000202
00000000
01000000
00000303
00000500
00000504
00000002
01000202
00010000
00000000
01050400
00000000
05000400
00050200
00030004
00000004
04000002
00010000
00000008
00020200
00000000
04020000
05000000
00000000
00010000
03000900
01020000
01060201
01010000
01060200
04000305
00000000
00000000
01030100
04000200
01000200
00000001
0b000100
06000400
12000702
02010402
00000300
000d0402
00060200
00000004
01000306
01060001
00040100
00010007
00000600
03010006
00000003
07000000
00000003
000b0000
00010006
00070108
02000005
000a0107
00010202
0c0c0009
00030508
00000012
04000302
00030500
00000006
0f000400
04000000
04000000
00000400
00010c06
07000003
00000004
00000500
00000004
00000001
00000000
00000006
09000000
00000000
00010300
00010000
00070101
04020503
00010107
00080300
00000009
00000003
01020300
00000202
00010600
00020500
02040000
00060504
01010006
06000000
00000200
00000000
01000000
00000000
00000601
00000803
01000000
02000002
00040000
00000000
03070100
00000000
06000200
00070100
00020000
00040000
01000000
00020000
00000005
00010000
00000001
05000000
07000001
00000100
00050000
04000d00
01000000
00090201
00000000
02040400
08000604
00000000
00000300
00060200
05000000
01000d00
00000200
04000100
0b000000
0b000b04
00040002
01000004
02070000
00000101
00000308
00000301
00000000
04050000
00010406
00000500
00030000
00010002
05000200
00000005
01080000
00030100
00060704
05000000
05060004
00000403
0006000a
00000602
00050009
01020000
00000100
0004020b
12000603
0a020005
0a000000
00000600
00000708
05010002
00000003
00000001
00000200
00000300
00000000
01000102
08000000
00000002
00000700
00040000
00060000
04000800
00020209
00080000
00000000
05000000
00000302
04000000
02020a00
00000305
02000004
00070503
00000002
09000000
01000300
01000000
00010000
00000002
00000100
08000a08
0a000004
02000001
00030000
00000000
05000000
00000500
09000400
00030100
00030000
00040008
02000101
03010000
00000106
00000000
00000000
09000000
09000101
03000000
000a0000
08001000
03000200
00080200
00000001
01000a00
09000808
00000000
00000200
00100000
00000000
01000d00
00000200
04000100
0b000000
0b000b04
00040002
01000004
02070000
00000101
00000308
00000301
00000000
04050000
00010406
00000500
00030000
00010002
05000200
00000005
01080000
00030100
00060704
05000000
05060004
00000403
0006000a
00000602
00050009
01020000
00000100
0004020b
12000603
05000302
09030000
00010200
00000809
00000000
0003000b
00000001
00000400
00010600
01000000
04020004
03000000
00000400
00000900
00030000
000c0002
05000000
00040000
00040000
00000100
00000000
01000000
05000000
07000800
00000004
07000004
00070400
00000003
10000000
03000000
00000000
00000000
00000006
00000000
0c000f04
0a000000
00000000
00030000
00000000
0a000000
01000000
0b000100
00010400
02080000
06000000
0800000c
00050000
00000000
00000000
00030003
00060000
0a000505
00000002
00030000
00000c00
04000000
00090001
00020005
00010400
04020806
00000000
00000000
000f0500
02000005
00001300
03000000
00000001
09000200
0b070e02
00000504
01000004
03040000
00000301
0000020e
00000000
02000002
05000000
00000902
04000600
000c0000
0000000c
08000900
00000002
07040400
06050600
00070a01
07000000
070e0002
00000806
000e0012
00000d00
02070010
00040000
00000100
02010009
13000009
0200000f
04010000
00060200
00000400
03040008
00000004
00000400
00000100
00000900
00000000
01060000
02000000
00000300
00000100
00060000
00070004
09000000
00000004
03010000
00000400
04000000
05030002
02000200
00010400
00000005
00000004
00050100
00000000
09000000
0c000000
00000000
00000000
00000004
05000300
0d000b00
06000000
04000000
05000500
00000000
06000200
00000000
09000700
00000000
00000000
05010000
08000000
01020000
00000000
0000000b
00000000
01000000
02000006
00000002
00070000
00001000
00000000
00050100
00000103
00050100
04000501
00000000
00010000
000a0200
00000004
00001300
03000000
00000001
09000200
0b070e02
00000504
01000004
03040000
00000301
0000020e
00000000
02000002
05000000
00000902
04000600
000c0000
0000000c
08000900
00000002
07040400
06050600
00070a01
07000000
070e0002
00000806
000e0012
00000d00
02070010
00040000
00000100
02010009
13000009
0001000d
00020003
03000200
00000a00
00000001
04020009
00000200
00000202
00000000
00000000
0d080000
09000000
00000600
00000000
00010000
00050000
08000000
00000000
0e000100
00000a00
03000400
05000000
00000000
00000400
00030000
00000103
00060000
00000000
03000000
09000003
00000002
00000000
00000500
0a010000
0f061100
03000007
01020000
00090300
00000000
08000b09
01000e00
06000000
00000000
04020006
07000000
0d000206
00000000
00000f00
0000000b
00000000
05050300
0308000b
01000007
06000000
01001000
00000000
00000202
00000002
000b0400
00000701
00000000
08020000
000a0008
03000000
00000c00
02000001
0b010004
0a010600
0c000c00
03000604
03000003
00000100
00000001
00000008
00000003
03000000
00000000
02000404
06000900
05070105
00020210
06000600
01000000
03030301
04070406
00050a03
05040200
07100005
01000906
050f000c
07000402
03040306
00010200
00000600
02040201
12000007
0000000b
00000403
05000200
0000020b
00000006
00000002
00000008
04000007
00010000
00000200
00000000
04000002
01000007
01000000
00010100
03050000
03000000
00000503
03000000
00000800
01000c00
01000000
02000901
03000600
00010002
05000000
00000000
00080000
05000000
05000005
00040200
06000000
00000000
00000000
01010e00
00000002
00050000
000e0200
00000000
00000000
00000100
05000300
00000000
00020000
04000000
0f000a02
01000300
00000300
03000004
00000000
00050000
00040008
00000000
00000000
01000500
000c0004
00030600
00000100
00020b00
04000701
00000000
07000000
00050000
09000400
00000c00
02000001
0b010004
0a010600
0c000c00
03000604
03000003
00000100
00000001
00000008
00000003
03000000
00000000
02000404
06000900
05070105
00020210
06000600
01000000
03030301
04070406
00050a03
05040200
07100005
01000906
050f000c
07000402
03040306
00010200
00000600
02040201
12000007
00000005
00020000
02060002
00000200
00050000
00020000
00000000
00020005
00000000
00010002
00050000
02040406
07000709
01000000
00000100
05040000
00000402
00000009
02000000
00030600
00000a00
02000002
00010203
03020000
0000070a
04000001
00000500
00000401
01000000
05010300
00060302
01000000
00000000
00000000
00000800
00000008
00030000
00060500
00020000
00000000
0a020000
04000100
00000000
00060200
02030001
05090300
07000200
00000000
01030000
00000000
05000000
09000107
05000000
00040001
00000300
08090209
00080304
00010000
00000c00
05000300
00030001
03000000
00000000
04000000
05000503
00000000
08000009
06000400
04000700
08020202
00000000
00000402
04000003
00000104
04000208
00000000
01010000
00030005
04060000
08000006
00020101
03020403
04000300
02080103
00040402
00040704
02040004
00000003
02010207
00010001
02040007
01000103
00000605
07000b00
0000000a
07000008
00000002
01050300
03040103
00000300
00000000
00000000
02000206
08040001
00000000
00000200
00030000
00020400
05000400
00000000
00000002
00070000
00020101
00010000
03000000
00000200
03000104
00020000
00000002
05000002
00000604
00060000
08060600
03000203
03000100
01000100
00010000
00020401
00030302
00000000
01000100
02000000
00000000
04050002
00000000
00000000
05030000
00000000
00000006
00020103
00000000
00080000
04000000
00020300
00040001
00010000
04000000
00010000
00000000
00000000
00000701
00000006
00000000
00010200
00040100
00000000
00050400
01000303
00000200
00000000
05000503
00000000
08000009
06000400
04000700
08020202
00000000
00000402
04000003
00000104
04000208
00000000
01010000
00030005
04060000
08000006
00020101
03020403
04000300
02080103
00040402
00040704
02040004
00000003
02010207
00010001
02040007
01000103
00000605
07000b00
0000000a
07000008
02050006
02000203
06010003
00040108
0a060000
00000503
00000100
03030100
00000100
00000200
00010000
00000000
06000402
02010007
0c000001
00070000
00000006
00000000
00010000
01030000
00000001
00030000
05000402
01010002
04000000
00040004
00030101
05020000
00000300
05000000
00000000
00000000
00030000
00040102
00020000
05000000
00000202
00000003
00000500
00000200
00000000
00000000
01010001
00000000
00000000
00020600
00040100
00000300
01030000
00010000
00000300
00000001
02040000
00000802
00000700
00030004
00000000
00000402
00040000
00000005
00000002
00000000
00000001
04000104
02000303
00000004
00030200
03030200
07000500
00020501
03000000
00070906
00000704
00000502
00060106
00050003
03070000
0201070a
03000000
06010005
00070100
02000003
02000400
00000005
00050004
00050007
0200000c
01000001
00050209
05010005
02030309
03000201
00020300
00000000
00000307
0b030100
00020509
00000110
05000000
0205010e
0a060200
00000002
00000000
00020000
00000000
03000400
00000000
00040000
0a000006
08000003
00010800
01000000
00000003
0000060b
09000a00
00000006
00020400
00000008
00000000
00000001
01000001
01040000
00000002
00030003
00040000
03090000
05010401
00000000
00000000
02000000
00060001
0a000000
00000200
00020000
00000000
00000000
00000203
00000000
00050000
02000000
00170002
00041000
00000500
00000000
05000003
00050000
01000000
03000000
01000000
07000208
00000000
0005000d
00010000
04050700
00020a00
01000006
00000200
00030000
00020000
00000200
02000303
00000004
00030200
03030200
07000500
00020501
03000000
00070906
00000704
00000502
00060106
00050003
03070000
0201070a
03000000
06010005
00070100
02000003
02000400
00000005
00050004
00050007
0200000c
01000001
00050209
05010005
02030309
03000201
00020300
00000000
00000307
0b030100
02000108
02000007
03000200
03050006
09060500
00010003
00000000
00010000
00000100
04000500
00000605
05080400
01000005
04030100
04010000
020b0000
00000205
00020000
00000000
05030007
00080000
00000504
01020003
01000000
02000004
07080000
00000000
02000504
00000000
02030000
00000004
00000000
00000005
01000001
01040106
06000002
00000400
00020001
01000000
00000200
04000200
00010200
02010000
02020200
00070003
00001102
00000400
00000001
04000002
00010000
00000000
01000000
07000000
07000005
00000100
00040009
00060000
00000000
00060602
00020006
00000000
00030000
00030000
00000005
05000003
00000003
00000500
02020100
10000500
000b0603
05000500
03070605
00001007
00000207
00030608
01070005
06070000
0000070a
04000000
07040004
01060000
04000001
00000204
00000001
0002020c
00030107
0101000c
00000108
00000107
0e000007
020e0807
01000307
00000600
00070000
00000111
0f000500
00030000
04020100
00000100
00060503
05000002
00010000
04000000
00000000
00000800
00010400
00000007
04010500
00000104
08040500
00030100
00060000
00000407
03040000
04060300
01000004
04040104
02050601
00000003
00010100
02000600
03070000
00030100
00000207
00000000
00040002
00000002
00000003
00000005
00000103
00030304
00000100
00000500
00020000
00000000
01060500
03000000
00000200
00010000
00020204
00000004
00020000
00040400
00000103
01060200
00000000
06000000
00000500
00000200
00000000
02000a00
01010004
00060000
00020000
04050100
00030005
00000000
00020200
00010400
00000206
05000003
00000003
00000500
02020100
10000500
000b0603
05000500
03070605
00001007
00000207
00030608
01070005
06070000
0000070a
04000000
07040004
01060000
04000001
00000204
00000001
0002020c
00030107
0101000c
00000108
00000107
0e000007
020e0807
01000307
00000600
00070000
00000111
0f000500
00030000
03040000
00000200
00050706
01000002
00000000
01000200
00000000
00000800
00020200
00000006
04020400
00000104
0a030600
01040000
00020001
00010303
02030101
05040400
01000204
03060307
02050300
00000003
00030300
01020d00
02070201
00040300
00000206
00000001
00040105
00000003
00000003
00000203
00000201
00000302
00000001
00000502
00020000
00000000
02070400
00010000
00000103
00000000
00000200
00000205
00020001
00060400
00000004
02050300
00000100
02010000
00020000
02000500
00000000
00000b00
01020002
00080000
01020001
01080000
01040007
00000000
00010100
00030300
01000304
02000100
01000003
04020700
02000c00
12000800
00050702
00000700
000b0702
00040904
00000005
04000609
020a0002
02040000
00000307
00000300
07020004
00030000
07000003
00000002
03050000
0001000b
00050007
00000009
00030507
00060206
0f0f000b
030c0707
0000001a
00000400
00050200
00000009
10000400
00030000
03050000
00020100
00050705
00000002
00020101
01000200
00020000
00020500
00020004
00000005
06040400
00000303
09020500
00040000
02010000
00000202
04020002
04030300
02000305
01070306
03040300
00000004
00060400
02010a00
00060302
00020300
00000005
00000000
00030306
00000002
00000003
00000204
00000002
00000201
00000000
00000501
00010000
01000000
02070300
00010000
00000003
00000000
00000201
00000103
00020001
00050300
00000003
02040301
00000000
00000001
00020000
01000500
00000001
00000900
00030002
05080000
01020001
000b0001
04050006
00000100
00020100
01010300
00000104
02000100
01000003
04020700
02000c00
12000800
00050702
00000700
000b0702
00040904
00000005
04000609
020a0002
02040000
00000307
00000300
07020004
00030000
07000003
00000002
03050000
0001000b
00050007
00000009
00030507
00060206
0f0f000b
030c0707
0000001a
00000400
00050200
00000009
10000400
00030000
01030000
00020100
00060704
00000002
00020103
01000300
00010000
00030600
00010104
00010006
06040400
00000303
07020301
00060000
02010000
00000301
03030100
07040300
02000305
02060308
04030200
00000103
00060400
02020b00
01050101
00020200
00000004
00000000
00030305
00000002
00000003
00000503
00000103
00000300
00000000
00000601
00010000
01000000
02060300
00010000
00000202
00000200
00000203
00000102
00010000
00030300
00000003
02040301
00000000
00000003
00000000
02000400
00000001
01000800
00040001
06060000
00030001
000b0003
03050006
00000100
00000000
03000100
00000104
01000200
00000001
0b000100
06000400
12000702
02010402
00000300
000d0402
00060200
00000004
01000306
01060001
00040100
00010007
00000600
03010006
00000003
07000000
00000003
000b0000
00010006
00070108
02000005
000a0107
00010202
0c0c0009
00030508
00000012
04000302
00030500
00000006
0f000400
00020000
01030000
00000100
02060704
00000000
00010103
00000500
00000000
00020700
00000001
00010006
05010000
00010202
05050303
00060000
02000002
00000201
00010000
04050400
02000303
01050405
05030401
00000002
00070400
01040c00
01030101
00000100
00000004
00000001
00030005
00000004
00000005
00000202
00000404
00000100
00000000
00000302
00000000
00020000
03070300
00020000
01000100
00020200
00010104
00000103
00020000
00020300
00000005
02020200
00000000
00010002
00000000
00000400
00020001
03000700
00040001
05050000
00030000
00080001
00040005
00000000
00000000
02000000
02000303
01000200
00000001
0b000100
06000400
12000702
02010402
00000300
000d0402
00060200
00000004
01000306
01060001
00040100
00010007
00000600
03010006
00000003
07000000
00000003
000b0000
00010006
00070108
02000005
000a0107
00010202
0c0c0009
00030508
00000012
04000302
00030500
00000006
0f000400
00000102
00030000
00000300
00000900
00000000
00000007
00000700
00000000
00030000
01000000
00000008
08000000
00000000
00060302
00060000
00040502
00000203
00010003
00090502
02000000
00030106
01040505
00000000
00090200
02010c00
00030502
00010602
02010004
00000000
00000001
02010000
00000003
00000000
00000804
00000200
00000001
00000000
00000000
00080001
060a0000
00000000
00000000
00060000
00000000
00080000
00000000
00000000
00000102
00000002
00000000
02010000
01000000
00000700
00090000
07000e00
02000000
00040000
00020000
00060300
02020404
00000300
00030200
00000300
02000400
01000d00
00000200
04000100
0b000000
0b000b04
00040002
01000004
02070000
00000101
00000308
00000301
00000000
04050000
00010406
00000500
00030000
00010002
05000200
00000005
01080000
00030100
00060704
05000000
05060004
00000403
0006000a
00000602
00050009
01020000
00000100
0004020b
12000603
00080005
0c000000
00000600
00000300
00000000
00000003
00000000
00000200
00000000
00000000
01000801
0a000000
00010001
00000000
000a0000
00000000
00000700
02000200
00090400
00000000
05040102
00000507
05000000
02030b00
00000c02
00000000
00090403
02020005
08000400
00000200
00000000
0001000c
03000001
00020001
07000109
00000000
03000000
00000000
00040100
050a0000
00000100
05000404
00000200
00000800
0003000e
00000000
00070000
0000040b
00000004
00000001
02000008
00000000
00000508
000a0000
0b001000
07000000
00000200
00050002
00030500
02000508
00000300
00010000
04030400
00000005
01000d00
00000200
04000100
0b000000
0b000b04
00040002
01000004
02070000
00000101
00000308
00000301
00000000
04050000
00010406
00000500
00030000
00010002
05000200
00000005
01080000
00030100
00060704
05000000
05060004
00000403
0006000a
00000602
00050009
01020000
00000100
0004020b
12000603
00030000
110a0000
00000000
00000c01
00000000
04020005
00000000
00000300
06000000
00000000
08000004
08000000
00040006
00000500
00120000
00000001
00070000
00000000
00120000
00000000
00000001
00000600
08000000
00000000
00000600
04000005
000d0000
01000004
0c000400
00000000
00000000
0000000f
0c000002
01060002
07000704
00000000
10000000
00000000
00040000
0b0a0000
00000000
05000000
00020c00
00010000
03000000
00000009
000f0000
0001060b
00010000
000c0400
060a020e
00000000
00020010
00000000
00000c00
00000000
00000000
06060002
00090000
000d0200
00000000
00000000
00000a00
0000000f
00001300
03000000
00000001
09000200
0b070e02
00000504
01000004
03040000
00000301
0000020e
00000000
02000002
05000000
00000902
04000600
000c0000
0000000c
08000900
00000002
07040400
06050600
00070a01
07000000
070e0002
00000806
000e0012
00000d00
02070010
00040000
00000100
02010009
13000009
00000004
02020000
00000000
00000600
00030008
05000001
00000500
00000600
00000100
00000000
09000000
05000000
00000300
00000003
000d0000
00020002
01000000
00000402
02150000
00000000
0a000000
04000000
04000400
00000000
00000a00
00000204
00100000
00070000
06000000
0b000000
00000000
00000002
00000000
0c060201
00030000
00020000
0600000b
02000102
00000000
05040000
00000000
07000000
00000000
01000000
02000000
00000000
00040000
00020307
0007000c
00000000
08000002
00000000
0000040b
01000000
00001000
00000000
00010000
00000000
020b0000
02010000
00000000
00060000
00000100
07000003
00001300
03000000
00000001
09000200
0b070e02
00000504
01000004
03040000
00000301
0000020e
00000000
02000002
05000000
00000902
04000600
000c0000
0000000c
08000900
00000002
07040400
06050600
00070a01
07000000
070e0002
00000806
000e0012
00000d00
02070010
00040000
00000100
02010009
13000009
03020016
00000008
00000000
00000900
00080003
07000006
00000000
00000400
00000000
00000000
11000000
07000000
00000300
00000703
00060000
00060000
01000000
00020000
00120000
01000000
0c000d00
08000702
05000000
03000000
00000000
00000000
000f0001
00000000
05000000
08000007
00000000
00000000
00000500
150d0000
1a0a0000
0b000000
0d000000
00000704
00000000
07040800
00001200
07000000
00000000
0a000007
00000000
00000604
00010000
00001d05
00000016
04000000
00000005
00120000
00020005
0b000000
03000b00
00000000
00000000
00000002
00180000
00080200
00000001
00050000
07000510
01000000
00000c00
02000001
0b010004
0a010600
0c000c00
03000604
03000003
00000100
00000001
00000008
00000003
03000000
00000000
02000404
06000900
05070105
00020210
06000600
01000000
03030301
04070406
00050a03
05040200
07100005
01000906
050f000c
07000402
03040306
00010200
00000600
02040201
12000007
05000500
00000604
00000a00
0000010d
00000003
00000008
00000300
00000004
00000000
00000000
07000000
0b000000
00000003
05000001
000b0000
02000000
03000000
00010e0c
130c0100
00000000
00001d00
06000007
08000a04
00000500
00000000
00000000
00010000
000a0000
07000a00
0300000d
00000100
08000002
00000000
060a0000
02020100
01000008
00000004
000c0300
00000000
00000300
00001300
00000001
00040000
03000002
00000001
02000703
00000800
00000c02
0000000f
00000000
00000000
00040002
00000002
05000001
00000000
000d0000
00000a00
00000200
04000900
0d0a0003
00000000
02000000
00000000
07000600
00000c00
02000001
0b010004
0a010600
0c000c00
03000604
03000003
00000100
00000001
00000008
00000003
03000000
00000000
02000404
06000900
05070105
00020210
06000600
01000000
03030301
04070406
00050a03
05040200
07100005
01000906
050f000c
07000402
03040306
00010200
00000600
02040201
12000007
0100050d
00000000
00000001
00020008
000f0001
00060003
01000000
00000004
00000000
00000000
000a0100
0b020401
09000105
00000000
00050200
09080000
05000000
0000000e
09000000
00020200
00000e00
03000007
03000503
00000000
03000208
08000000
00000400
00000000
00020000
04000103
00080200
01000000
00000000
01000000
00000c0a
06000005
00000002
00090600
00000000
00000000
09000000
00000000
00010200
00000100
02080000
03041000
07000601
00010000
08000003
00000000
00000000
0500000c
0a000000
03000005
00000000
080d0006
00050400
00000002
00001100
0c020100
00000002
05010000
00000000
05000002
05000503
00000000
08000009
06000400
04000700
08020202
00000000
00000402
04000003
00000104
04000208
00000000
01010000
00030005
04060000
08000006
00020101
03020403
04000300
02080103
00040402
00040704
02040004
00000003
02010207
00010001
02040007
01000103
00000605
07000b00
0000000a
07000008
02000409
00040400
030a0002
00000100
00070000
00010001
05000200
09010000
00000000
00000200
000a0000
00010800
09000200
00000000
00010000
00080000
03000005
00000000
0c000000
00000100
00000200
02000000
00000104
00000000
03000206
01070000
07040400
01000001
00000000
02000100
00030100
00000200
00000000
03020000
00000700
07000002
01000000
010c0001
00000000
02000000
06010100
00000000
00000000
00000002
00050000
00060800
05010200
00000200
03030001
00000200
05000200
00000000
00000000
00030008
00000301
01030006
00000000
00010200
00020300
00000100
00040100
00000300
00000000
02000000
05000503
00000000
08000009
06000400
04000700
08020202
00000000
00000402
04000003
00000104
04000208
00000000
01010000
00030005
04060000
08000006
00020101
03020403
04000300
02080103
00040402
00040704
02040004
00000003
02010207
00010001
02040007
01000103
00000605
07000b00
0000000a
07000008
01030002
02000303
03030200
00010105
06020002
00000400
00000000
07000000
00000000
00000300
00020000
02020103
00020204
06000307
09000000
00050000
00000004
00000002
00000000
01050000
00000001
00030300
04000503
01010004
03000200
02010104
00000000
09020000
00000400
00000000
00000000
00000000
00050100
00000302
00010000
04000300
00000301
02000002
00000400
00030000
00000000
00010100
00020004
00040000
00010200
02010000
00020000
00000200
00050100
00010000
00000100
00030000
00040001
00000702
00000600
00020000
00030000
00000105
02000000
00000106
00000000
00000200
00020000
01000304
02000400
00000001
0a020000
06000600
08000500
02000002
00000000
00100703
00000800
00000002
04000003
00050000
00060000
01030005
00000400
00020002
00020508
02000509
02000000
00050000
00040003
00040003
00000004
02010008
00100005
040e0104
00080006
00000006
00000300
00030100
00000407
0a000200
0001030b
00000109
06000203
050a030c
05000402
00000300
00000000
00000000
00000001
00000500
00000303
00000006
00000007
06050602
00000500
02050001
00000105
00000100
00000600
08060001
00060000
00000404
00000203
00000006
02000604
06040000
00000000
00000001
00000000
00050000
01020200
00020000
00010000
04000002
05030603
01000600
00000300
00010000
00000000
00020500
00000003
00010600
00000005
03060000
000d0004
01090900
00000300
00000000
01000001
04000000
00020000
00000000
00000000
03000104
00000500
01080006
00080000
00040000
00000502
00000007
01000000
03000000
00030000
00000200
02000400
00000001
0a020000
06000600
08000500
02000002
00000000
00100703
00000800
00000002
04000003
00050000
00060000
01030005
00000400
00020002
00020508
02000509
02000000
00050000
00040003
00040003
00000004
02010008
00100005
040e0104
00080006
00000006
00000300
00030100
00000407
0a000200
0002010a
01000005
05030100
03070303
04030404
00000000
00000000
02000000
00020100
00000600
00000504
03000002
0000000a
03060800
00000600
06080000
00000501
00040000
07000000
05060002
00040005
00000303
00010002
02020400
02000103
07080000
00000000
00000104
00020000
00030000
00000006
00000001
00020104
02000204
07030903
00000301
00000200
00060000
00000001
01050300
00000100
00000700
00000004
00070200
00050005
03050800
00000200
00000000
02030302
03000000
00000002
00000001
00000000
00010005
00000300
04020002
00070000
00040000
00000201
00000306
00020000
00000100
00010000
00000005
04000000
00000000
06000100
08000000
0b000800
03030000
00000000
00080404
00000d00
00000006
01010504
00060000
02070000
01040007
00000200
00020002
00010005
02000704
01000001
070c0000
00020000
00050504
00000005
0300000a
00050005
05040005
00060007
00000305
00000000
00050300
0000030f
11000500
00020000
03010000
00000000
00070801
02000004
00010101
02000000
00010000
00040100
00020400
00000006
03010204
00000304
05060201
00000300
03040000
00000705
00040000
06010300
02020303
00060603
02040000
00000000
05070400
00000900
02030003
01010000
00000306
01020001
00010000
00000005
00000007
00020103
00000401
01000602
00000000
00000400
00010000
00030000
02020600
01000000
01000301
01030002
00040105
00000004
01050000
00000200
00000000
01040200
00000000
00000003
00000000
01000200
00010002
00000700
02040003
02070000
00030000
00090000
02010104
00020000
00000300
00000000
00000101
04000000
00000000
06000100
08000000
0b000800
03030000
00000000
00080404
00000d00
00000006
01010504
00060000
02070000
01040007
00000200
00020002
00010005
02000704
01000001
070c0000
00020000
00050504
00000005
0300000a
00050005
05040005
00060007
00000305
00000000
00050300
0000030f
11000500
00000000
03000000
02030200
00030701
00000101
00000000
00000200
00020000
00020200
00050001
00010004
00010003
00000302
02010000
00000200
01020000
00000201
00030401
04010202
02000502
00020205
01020000
00000001
03070200
00020900
03020000
00020000
00000204
00020001
00030300
01000006
06000005
00010501
00000503
01000401
00000000
00000200
00040000
00000000
01000400
00000000
00000502
02030000
00050002
00000004
00050000
00000500
00000101
03010000
00000000
00010002
00000400
04000500
00000004
02000300
00020004
01040000
00010002
00080000
01010003
00000000
02000200
00000100
05000100
02000900
00040000
00020801
08000100
08000505
00000300
00000000
000a0001
00020900
00000004
03000405
00060000
00000000
00050004
00000400
01000000
00000003
04000009
02000001
0a0e0000
00000000
00040904
00000000
00070003
04040002
02080004
00050008
0001000c
02000000
00020000
00000002
0b000300
01000000
02000000
02010100
00020804
00000001
00030000
00000200
00010003
01070300
00040000
00000005
02020005
00000402
01010000
00000300
02020000
02000103
00010303
05030302
03000406
02000404
03030003
00000101
05090200
00000a01
03000200
01020001
00030204
04020002
00040100
01000006
05000008
00000102
00000602
01000504
00000000
00010002
01030000
00010000
03020400
00000000
00000501
02020000
00040100
00000004
00040000
00000200
00000303
02000000
00000000
03040001
00000200
06000500
01020001
04000700
03040001
01050400
00010001
00090101
06000103
00000000
01000200
00000000
07000100
02000900
00040000
00020801
08000100
08000505
00000300
00000000
000a0001
00020900
00000004
03000405
00060000
00000000
00050004
00000400
01000000
00000003
04000009
02000001
0a0e0000
00000000
00040904
00000000
00070003
04040002
02080004
00050008
0001000c
02000000
00020000
00000002
0b000300
02000000
03010000
03020000
01000403
00010304
00000000
02020100
01000001
01050000
00020000
00000000
00010003
00000304
00000300
00030100
00000000
01000000
00050303
0a040000
02000700
02000204
00000001
00000203
0a050400
00010500
04010100
02030100
00040102
05040000
00030400
00000007
06000007
00000300
00000301
01000802
00000001
00020001
00050000
00000002
01020100
00000100
01000700
00000000
00080000
00030003
04020101
01000100
00000102
01000000
00000000
03020203
00000202
03000500
00010001
04010200
03000000
01050300
00000103
000c0100
03000403
00000000
00000200
00010000
04000000
04000500
00000000
01000600
08000000
0b000507
00030000
00000006
000f0000
00050200
00000002
01000405
00010000
01020000
00040003
00000200
00000000
00010005
05000002
01000001
03130000
00000000
00020902
00000000
01050003
08000000
05060201
00000007
00070006
03000202
00060200
00020000
0c000700
00000000
01020000
00030000
02010702
00000003
00010000
00000400
00000003
02010000
00030301
00020000
00000005
00010202
00000100
00030100
02020000
01000002
00030302
04040202
01000304
02000303
02040000
00000201
07070200
00000b00
04000102
00010300
00000201
05040002
00030200
00000006
0500000a
00000000
00000002
01000301
00000002
00030002
00020000
00010100
03010300
02010000
01000101
00020000
00080002
00000003
01040001
02000200
00000004
03000000
00010000
01030002
01000100
06000500
00010002
02000200
01050001
04060500
00040200
00090100
05000203
00000000
02000000
00000000
07000100
04000500
00000000
01000600
08000000
0b000507
00030000
00000006
000f0000
00050200
00000002
01000405
00010000
01020000
00040003
00000200
00000000
00010005
05000002
01000001
03130000
00000000
00020902
00000000
01050003
08000000
05060201
00000007
00070006
03000202
00060200
00020000
0c000700
01000201
00010003
03030300
00000800
00020001
0000000a
00000400
00020000
00050000
00000001
00000005
00000004
00000000
00080002
00040000
00080001
00000002
00000306
02030705
05000102
00010008
00010007
00000100
04090005
03000900
03000502
00000400
02030001
00000002
00000000
03000300
03000307
00000000
00000805
00000402
00000008
00050000
00000100
00010004
04060000
00000000
00000100
03040000
00030000
00080000
00010000
03000200
00000500
02000001
00000000
00040001
01000002
03000500
000a0000
0a000d00
00000300
00050500
00020501
01080200
06000300
01000100
00000000
00000000
05000300
00000a00
00000300
00000800
07000300
0b000600
03080000
00000003
03130002
00030000
00000201
00000000
00040002
01010000
00020401
00000602
00010000
00000004
05000004
00000007
060a0000
00000000
01020c00
00000000
05010300
01000100
000c0103
00000402
00080004
05030000
00080700
03050000
07000a00
00030000
08020000
03000100
00000000
00000000
00000008
00000000
00010100
00000000
00000000
08000500
00000000
00000000
00010000
000a0000
00020000
00000400
02000200
02000900
00000000
05020002
00000005
01000000
01000700
00000301
00000000
00050000
000e0009
00000000
00000000
00000003
0000000b
01000000
00000000
03000009
00000005
00010000
00000000
06010100
02030000
00000000
00000000
00000000
00000c00
00090014
00000000
00090000
00000b00
02000004
00000000
00090207
00000000
0500000a
00070000
04000600
09000002
00010400
00000400
00070000
00000004
00000400
00010000
00030200
00000003
00000a00
00000300
00000800
07000300
0b000600
03080000
00000003
03130002
00030000
00000201
00000000
00040002
01010000
00020401
00000602
00010000
00000004
05000004
00000007
060a0000
00000000
01020c00
00000000
05010300
01000100
000c0103
00000402
00080004
05030000
00080700
03050000
07000a00
00000000
15160000
02000000
00000000
00000002
01050000
00010000
00050000
00000000
00020004
0a000002
00000000
00010000
00000001
00120200
00020000
00010000
05000000
00000000
00000000
04000000
06000200
00000000
00000000
00000900
04000300
000a0000
00000008
00000000
00000000
00000000
09000013
0e000002
04000000
02000101
00000000
0c000000
00000000
03050000
06000000
00000000
00000000
00000700
00000000
00000400
00000000
000b0000
00030f04
00000000
05040600
04140201
00000000
00020015
00000000
0000020a
00000013
00010000
0a000000
00150000
07060000
00000607
00000000
00000e00
00000007
00000c00
06000200
00000800
01000400
0e000000
02000000
0000010a
03150100
00050500
00000000
00000000
00060405
01000000
00000c00
00000503
00020000
00000010
07000303
00000002
060d0000
00010000
00000b00
00000000
02080000
00000600
00160008
00000800
00050006
04050000
00000600
0b020000
00000000
00000000
03030002
00000000
00000000
0001000e
01000001
00060700
00000d00
00000000
00040000
0a000000
02000000
00000500
00000000
00080200
01040005
00000000
00000b00
00060200
00000100
08000005
00020000
00000600
00000400
00000300
00000500
000b0002
000a0000
00000000
06000000
00000100
00000006
00000000
0b000003
00000100
01000000
0000000b
00000700
01000000
00000000
00000000
00000000
04000000
07000000
00000000
00000000
00000000
000c0600
00020000
03000000
00000000
00000000
09000006
00000000
04000f00
00030005
00000000
00000000
00090000
07000000
00000402
00030000
00000200
03000000
00000c00
06000200
00000800
01000400
0e000000
02000000
0000010a
03150100
00050500
00000000
00000000
00060405
01000000
00000c00
00000503
00020000
00000010
07000303
00000002
060d0000
00010000
00000b00
00000000
02080000
00000600
00160008
00000800
00050006
04050000
00000600
0b020000
00000000
02000008
00060007
00000000
00000900
00000009
00000000
00000000
00000800
00000000
03000000
0c000000
01000000
00000200
00000505
00050000
00000000
00010000
04000000
00060000
00000000
0a000800
0b000603
01000000
00000700
00000000
00000b00
00110003
00000004
00000000
01000000
00000600
00000005
00000000
1b0a0000
06100000
04000000
0c000000
00000b00
00000000
000b0000
00001300
00000000
03000000
0900000b
00000900
00000004
00010000
00011d08
0000000c
0a000000
00000009
001e0000
00020304
08000000
06000802
01000000
00010000
00000000
00050000
00010000
00000a05
00090000
00000803
00000000
00000d00
06000200
04000200
03000200
15000000
09000000
0000000b
00090500
00000b00
00000000
00000000
00000204
00000000
00020400
00000504
08010403
00000118
03000303
00000000
00120000
0005000e
00000700
00040000
020f0000
00000703
08120001
06000100
00000002
05040500
00000600
09030000
00000001
0b000000
00000d04
00000900
00000002
00000000
00000004
00000200
00000200
00000000
03000000
0a000000
06000000
00000000
05000000
00050000
00000000
00000000
00020b00
05090300
01000000
06001700
01000800
00000c08
00000000
00000000
00000000
00000000
00090000
01000d00
00060007
00000600
01000005
00000000
03080000
00050000
08000005
01000005
00000600
07000000
00000000
00001600
00000003
00000000
0d000003
00000000
00000005
00010000
00020e09
03000005
02000000
00000002
00050000
020d0003
07000000
00000000
00090000
00000700
00000000
05030000
00080000
05000c08
03000000
00000003
05000200
00000d00
06000200
04000200
03000200
15000000
09000000
0000000b
00090500
00000b00
00000000
00000000
00000204
00000000
00020400
00000504
08010403
00000118
03000303
00000000
00120000
0005000e
00000700
00040000
020f0000
00000703
08120001
06000100
00000002
05040500
00000600
09030000
00000001
0400080a
00000002
00000100
00040009
00100003
03070004
06000000
00000001
00000000
02000100
02040a00
09020100
02000000
01000000
00010600
09050003
00000000
00000006
0e000000
00020000
00000400
0200000c
00000503
00000000
05000001
0b000000
00010000
00000000
00000000
00080000
00040100
00000000
00000000
00000000
00000b10
09000003
00000001
00010000
00000001
00030000
00000000
00000000
00000000
0b000000
00090000
00000100
00000000
00050000
02000002
00000000
00000000
01000003
07000000
00000000
02000508
0a0f0002
00050200
00000300
00000e03
0b000001
00000000
01000000
00000000
0000000a
03000501
00000000
0b000003
04000000
06000302
08000001
00000005
00000402
05000100
00000001
05000006
00000000
00000000
00050001
00060000
09000005
0000040a
00000402
03000000
00100000
00040002
00010602
00060000
02020002
03010108
06060000
04010002
00010007
00000208
06000700
01000007
02000007
0400060d
00010503
01080000
00000000
03100000
07000000
09000300
0a000001
00000000
00000900
01070500
00000600
09000000
00000100
00000500
00060000
02000204
00000000
0c000000
00000002
00000002
00010000
00000004
00000000
03000304
00090000
05030000
05000000
00000000
03000400
03000200
00000000
00000200
00030000
00000502
0f000007
02000000
03080002
00000000
03000000
05000100
00000000
00030000
04000003
00080000
00040800
00000000
00000000
02010001
01010002
02000500
00000001
00000000
00000007
00000b02
00040004
01000000
00000200
00050500
00000000
00060000
00000100
00000000
00000000
03000501
00000000
0b000003
04000000
06000302
08000001
00000005
00000402
05000100
00000001
05000006
00000000
00000000
00050001
00060000
09000005
0000040a
00000402
03000000
00100000
00040002
00010602
00060000
02020002
03010108
06060000
04010002
00010007
00000208
06000700
01000007
02000007
00000004
03000302
01040301
00020301
01020000
00010601
00000000
08000000
00020000
00000100
00040000
02030201
00030103
03000204
08000200
02040002
00000002
00000100
03000000
02060100
00000003
00030001
03030404
02020004
03000100
01020104
00000200
08050300
00000400
00000000
00000000
00000000
00030400
00000502
00000000
01000200
00000104
03000000
01020600
00000006
00000000
00000300
01030002
00060102
03020000
00030000
00000100
02020100
01060003
00010000
00020200
00030001
03040000
00000404
00000100
00020001
00010000
00030205
01020002
00000304
05000000
00000001
00000000
01000205
02000400
00000001
0a020000
06000600
08000500
02000002
00000000
00100703
00000800
00000002
04000003
00050000
00060000
01030005
00000400
00020002
00020508
02000509
02000000
00050000
00040003
00040003
00000004
02010008
00100005
040e0104
00080006
00000006
00000300
00030100
00000407
0a000200
0003000b
01000008
00010301
06090602
00000302
00040400
00000000
01000002
00000100
00000400
00000104
00000000
00000005
04080300
00000400
01060007
00000006
00000300
04050300
03060000
00010002
0000020b
00000302
00020400
02000602
09020000
00000401
00000402
00040002
00000000
00050004
00020001
00000000
02000507
01010503
00000500
00000000
00020000
00020000
03020500
00010000
03000900
02000000
000d0000
04090006
02060000
00000200
00000100
00030000
02000000
00040000
00010400
03000000
00040100
05000700
05050002
00060000
00080000
00000201
00010707
01000000
00000000
00000000
00000002
02000400
00000001
0a020000
06000600
08000500
02000002
00000000
00100703
00000800
00000002
04000003
00050000
00060000
01030005
00000400
00020002
00020508
02000509
02000000
00050000
00040003
00040003
00000004
02010008
00100005
040e0104
00080006
00000006
00000300
00030100
00000407
0a000200
01020813
00000008
00060700
05050200
00060205
00000002
00000000
02000000
00010000
01000300
00000003
07000000
0900000e
00030602
00030300
05040006
00000700
00070000
07030001
01020100
00050002
0000000d
00020000
00000b00
00000203
03010000
00000700
00000701
04060001
00020100
00000006
00020000
00000000
00000002
08040c03
08000101
00040000
00070100
00000002
05000600
03000000
03000900
00000000
000d0000
000d0002
0c040b00
00000401
00000000
05030000
04020000
00000000
00000700
00000000
03010003
02000400
01040000
00040000
000b0000
00000000
00020d06
00000000
00010300
00020000
00000002
04000000
00000000
06000100
08000000
0b000800
03030000
00000000
00080404
00000d00
00000006
01010504
00060000
02070000
01040007
00000200
00020002
00010005
02000704
01000001
070c0000
00020000
00050504
00000005
0300000a
00050005
05040005
00060007
00000305
00000000
00050300
0000030f
11000500
01000304
02000002
00000400
00000a00
00030005
00040004
00000003
00000003
00090000
00010000
00000003
04000009
00000004
00090100
00000200
050a0001
00000504
00000001
04070304
03030404
00030702
01000000
02000000
030b0300
00010803
06020001
00050700
00000609
08090004
01000000
00000001
01000003
00000001
00000302
08000a00
00000000
00020002
00020200
00040000
08020800
02000004
03000100
00010000
00070001
00020000
03000100
00000500
00000100
02000000
00000000
00090000
05000002
06000000
00040000
00000800
00040000
00060103
00030000
00070000
08000502
00000000
03000300
00040000
0a000000
04000000
00000000
06000100
08000000
0b000800
03030000
00000000
00080404
00000d00
00000006
01010504
00060000
02070000
01040007
00000200
00020002
00010005
02000704
01000001
070c0000
00020000
00050504
00000005
0300000a
00050005
05040005
00060007
00000305
00000000
00050300
0000030f
11000500
07000003
00000000
00060500
00000a00
00040807
00000000
00010100
00000003
00020000
00030000
00000000
00000006
00000202
00000600
00000500
00000002
00000000
00090600
030b0004
00000600
00000001
00060203
08000100
0b070900
00000400
06000006
000a0603
00000100
0a0a0000
00000000
0000000c
04000001
00000000
03000501
0a001502
00000000
00020000
000b0400
00000003
02000100
00000000
00000900
00040000
00080005
00010000
0d000001
00000200
00000000
03000000
06000000
00060201
02000700
01000506
00060000
0a010600
03000000
02000100
00000001
00050000
04010805
00000000
07000300
00060202
03000000
02000900
00040000
00020801
08000100
08000505
00000300
00000000
000a0001
00020900
00000004
03000405
00060000
00000000
00050004
00000400
01000000
00000003
04000009
02000001
0a0e0000
00000000
00040904
00000000
00070003
04040002
02080004
00050008
0001000c
02000000
00020000
00000002
0b000300
03000303
00000000
00030000
00000b02
00050008
00000005
00000000
00000003
00120000
00040000
01000000
05000009
00000101
00000600
00040600
00060001
00000000
00020103
040c0000
07000601
01000300
00020006
01000600
020a0800
00000a06
07000003
00060500
00030205
0c090000
02010000
00000007
02000000
00000003
00000404
0a001006
00000000
00060000
000b0700
00060403
0b000300
00000000
06000800
00010000
00070000
01020006
08000000
00000000
00000000
00000000
04000000
00080000
00000001
0b000701
00040000
06001002
040a0000
00040600
00020400
00090500
0b030a07
03000001
07000400
00010000
08000000
02000900
00040000
00020801
08000100
08000505
00000300
00000000
000a0001
00020900
00000004
03000405
00060000
00000000
00050004
00000400
01000000
00000003
04000009
02000001
0a0e0000
00000000
00040904
00000000
00070003
04040002
02080004
00050008
0001000c
02000000
00020000
00000002
0b000300
00000004
02040403
03000200
00000d03
0000020c
00000000
00000000
00000000
00070000
00000002
03000000
07000000
00000109
00000200
00070000
00000000
00000000
00000104
12090000
00000d00
02000600
00000006
00000000
04040a00
00000001
00000700
01050001
00070002
0a050000
04030002
00000006
03000000
00000000
00020000
12090a0a
00000004
000c0000
00080400
00060006
05040102
00000f00
06000900
00020000
000d0002
00110001
0b000900
03000000
00000302
00000004
00000000
01010002
03020004
00000900
00010000
08000601
02040000
00000500
00000001
000c0300
00000c01
00000200
00000000
00000000
00000000
04000500
00000000
01000600
08000000
0b000507
00030000
00000006
000f0000
00050200
00000002
01000405
00010000
01020000
00040003
00000200
00000000
00010005
05000002
01000001
03130000
00000000
00020902
00000000
01050003
08000000
05060201
00000007
00070006
03000202
00060200
00020000
0c000700
02000002
03030403
00030300
00000803
00000007
00050001
00000100
00000004
00010000
00000004
00000000
00000002
00000203
00000100
00040500
03040000
00000000
00000000
0a080000
00020200
00000200
07020200
00000400
05050100
00000600
09000003
03000400
00000002
02030005
01040000
00000001
01000000
00000000
01000000
05040503
00000006
00050000
00000100
00030003
07020400
04000000
09010000
00060000
000d0000
01020002
05010002
04000200
00000005
01000000
00020000
00000002
00000003
04010400
00000000
00000001
00090000
05020701
00040400
00080400
02020504
02000000
00000003
00000000
06000000
04000500
00000000
01000600
08000000
0b000507
00030000
00000006
000f0000
00050200
00000002
01000405
00010000
01020000
00040003
00000200
00000000
00010005
05000002
01000001
03130000
00000000
00020902
00000000
01050003
08000000
05060201
00000007
00070006
03000202
00060200
00020000
0c000700
03000103
00000002
00040400
00000700
00000002
00000009
00000000
00000000
00050000
00000000
00000000
01000002
00000000
00050001
00000100
000c0003
00000002
00010309
08050703
08020102
01000000
00070007
00000000
04070008
05000800
01000200
00000600
00050005
03020001
00000000
02000200
02000502
00000000
00000806
00000205
0000000b
00030000
00000100
00020008
08030000
00000000
00000100
01070000
00030000
00030000
00000001
05000000
00000201
00000000
00000000
00060000
00000000
04000800
040d0000
05000600
03000000
01070300
00000702
01060000
08000400
00000100
00000000
00000000
03000100
00000a00
00000300
00000800
07000300
0b000600
03080000
00000003
03130002
00030000
00000201
00000000
00040002
01010000
00020401
00000602
00010000
00000004
05000004
00000007
060a0000
00000000
01020c00
00000000
05010300
01000100
000c0103
00000402
00080004
05030000
00080700
03050000
07000a00
01000000
08000000
03000200
02000000
00000600
00000004
00000000
00000200
00050000
00000000
09000200
01000000
00000000
00000000
00000000
00040000
00000200
06000000
06040100
00000000
0c050300
00000002
06000000
00000400
00000102
00000300
00000000
000d000b
06000000
00000000
00000205
02000002
04000000
00000000
0a000009
07000006
00040000
00000000
05000307
04000000
00000c01
00000000
00000000
01030b00
0002000e
00000004
02070000
00031001
00000000
00000000
000a0202
00000000
03020006
05060000
00000001
0a000000
00000100
00000000
00010000
00000000
00000000
00030000
00000000
00000000
00000a00
00000300
00000800
07000300
0b000600
03080000
00000003
03130002
00030000
00000201
00000000
00040002
01010000
00020401
00000602
00010000
00000004
05000004
00000007
060a0000
00000000
01020c00
00000000
05010300
01000100
000c0103
00000402
00080004
05030000
00080700
03050000
07000a00
00000000
110a0000
03000000
06000000
0000000d
00050000
00050003
00000008
00040000
00000000
08000000
01000000
00000000
00000000
00000000
00040000
00060000
0e000000
00060000
00000004
0c000c00
05000300
09000000
00000003
00000000
00000b00
00000000
00000007
02000000
00000000
00000600
08000008
0e000000
000a0001
0a000001
04000000
00050000
00000000
0801000b
05000200
00000900
02030000
00000000
04100000
00000000
00000003
00080000
00141704
00000000
04000100
000e0000
00000000
00020007
05000000
0000000d
00000012
00000000
00000000
000b0000
03080000
00000003
00000000
00000d00
00030000
00000c00
06000200
00000800
01000400
0e000000
02000000
0000010a
03150100
00050500
00000000
00000000
00060405
01000000
00000c00
00000503
00020000
00000010
07000303
00000002
060d0000
00010000
00000b00
00000000
02080000
00000600
00160008
00000800
00050006
04050000
00000600
0b020000
00000000
00000000
08000000
00000000
00000000
00010011
00000000
00080005
00000700
00040000
00050000
05000000
02000000
00000400
00000000
00000300
05000000
00000000
00001005
02050000
00000000
04000000
00000000
00000500
00040500
00000000
00000300
00020000
00080000
05000006
01000000
00000600
00000100
00000000
03080000
00000000
00000000
00000000
00000900
02000908
00020000
00000000
00000400
04000000
03000300
00000001
00000000
00000200
00170600
00000000
04000000
00000101
00000000
09000100
0b040000
06000800
00000004
00000500
00000500
02000000
06000000
00000001
01020000
00000000
03000000
00000c00
06000200
00000800
01000400
0e000000
02000000
0000010a
03150100
00050500
00000000
00000000
00060405
01000000
00000c00
00000503
00020000
00000010
07000303
00000002
060d0000
00010000
00000b00
00000000
02080000
00000600
00160008
00000800
00050006
04050000
00000600
0b020000
00000000
00000009
00090000
00000000
00000600
00000007
00000000
00030000
00000500
00000000
00060000
04000000
03000000
00000300
00000200
00000000
00000000
00050000
05000000
07020000
00000003
0c000100
08000001
0a000000
00000200
00000000
00000400
00000000
00000000
00000000
01000000
00001000
00000007
01000000
12140000
07000000
00000000
0b000000
00000905
00000006
00090000
00001b00
00000000
01000000
06020000
00000600
00000005
00060000
00071d04
00000000
0c000300
0000070d
00150000
00000000
0f000000
00000006
02000000
00000300
00000000
0b0e0000
00000000
00000e09
000c0000
0000040e
00000000
00000d00
06000200
04000200
03000200
15000000
09000000
0000000b
00090500
00000b00
00000000
00000000
00000204
00000000
00020400
00000504
08010403
00000118
03000303
00000000
00120000
0005000e
00000700
00040000
020f0000
00000703
08120001
06000100
00000002
05040500
00000600
09030000
00000001
03000000
00001400
00000b00
00000100
00000002
00000000
00000000
00000200
00000000
00000000
06000000
00000002
00000000
09000000
00000000
00000000
00000000
00001000
00000000
00000000
02000400
00000800
00001202
00000000
00000000
00000000
00000000
00030000
00000000
00000000
00000c00
00000000
00000000
0e0e0000
00000000
00000003
07000008
00000200
01000100
00000000
00000f00
00000000
01000000
07000000
00000000
00000000
00000000
00010c0e
00000000
06000000
00000000
000e0000
08080000
03000000
00000002
00060000
00000600
00000202
04000000
00000000
00000108
03020000
0000000a
02000000
00000d00
06000200
04000200
03000200
15000000
09000000
0000000b
00090500
00000b00
00000000
00000000
00000204
00000000
00020400
00000504
08010403
00000118
03000303
00000000
00120000
0005000e
00000700
00040000
020f0000
00000703
08120001
06000100
00000002
05040500
00000600
09030000
00000001
00000005
00040402
00000000
00070904
00040004
00040000
04000000
00000000
00000002
01000000
01000d00
02000000
00000000
03000300
00000100
05010003
00000000
00000006
00000000
03050000
00000200
0003020d
00000003
00000002
04000400
0a030000
00000000
00000004
02000000
00000000
00030000
00000000
00000000
00000000
0000040b
04000701
03000000
00000000
00000002
00020000
00000000
00000400
00020000
05000000
00000000
00000000
00000000
01050003
00000000
02000000
00000000
00000000
00000100
00000100
03000f05
0c0e0000
00090400
00020600
00000b07
02000000
00000000
00020000
05000000
00000004
03000501
00000000
0b000003
04000000
06000302
08000001
00000005
00000402
05000100
00000001
05000006
00000000
00000000
00050001
00060000
09000005
0000040a
00000402
03000000
00100000
00040002
00010602
00060000
02020002
03010108
06060000
04010002
00010007
00000208
06000700
01000007
02000007
0400030b
00040604
00040000
01000005
00090000
00000100
05000200
09000000
00000000
00000b00
00010600
00000400
02000001
00000600
00000100
00010001
00000501
00020000
03000000
01000003
00000106
00070001
00000004
00000203
02000400
01080000
06070100
06000000
02000000
00000100
02000000
00000000
00000200
00030000
00000203
09000004
03000100
02030007
00000002
04030000
02000000
00000000
04030001
03000201
00050000
00010600
00000000
04000000
00030001
02000002
01000000
00000000
00000000
00000000
00001200
00010000
00050000
00060100
00030800
00010001
00020000
00020000
01000000
00000000
03000501
00000000
0b000003
04000000
06000302
08000001
00000005
00000402
05000100
00000001
05000006
00000000
00000000
00050001
00060000
09000005
0000040a
00000402
03000000
00100000
00040002
00010602
00060000
02020002
03010108
06060000
04010002
00010007
00000208
06000700
01000007
02000007
00000006
02000100
03000401
00030502
00020200
00020302
00000000
07000001
00050000
00000400
00040001
01030101
00020003
00000005
07000000
01030004
00000004
00000300
02040000
02040003
00000305
00010203
03020502
03040002
05000000
03010102
00000200
06070400
00000101
00000000
00000000
00000002
00000000
00000700
03000000
00000100
00030204
01000000
01030500
00010002
00010000
00000200
01020002
00050001
04010000
01040000
00000200
00000000
02020004
00000000
00010000
00000001
04050000
00020203
04000000
00020000
00000000
00010203
01040005
00000404
06000000
02000201
00000000
02000201
03000100
00030000
00000301
0b000200
05050300
00000000
00000000
00090001
00000a00
02000001
05000202
00030000
00010000
00080001
00000300
00000000
0000000f
03000709
00000000
0c0c0000
00000000
00040700
00000000
00080204
00070000
010b0000
00050006
00000003
01000000
00040500
02000000
04010300
0405000c
02000004
00020400
00000600
00000002
01000200
00000004
00000000
00000000
00000100
00000000
03000000
03000004
000c0200
00040300
02050009
00000005
00000202
0f050400
05070000
00000102
0000000e
00000000
02050900
00000a01
09070000
00000507
00000400
000d0002
00000000
00000007
05000006
00000400
0000070e
00000602
00000000
03000000
00000200
04000001
08020000
00000000
01000100
00000000
00070000
020d0008
00000700
00000500
00000100
00000000
03000000
07070103
00000400
09000000
01060001
0c000200
05000000
00020000
00060400
00020600
04000709
00000000
02000000
02010000
02000000
03000100
00030000
00000301
0b000200
05050300
00000000
00000000
00090001
00000a00
02000001
05000202
00030000
00010000
00080001
00000300
00000000
0000000f
03000709
00000000
0c0c0000
00000000
00040700
00000000
00080204
00070000
010b0000
00050006
00000003
01000000
00040500
02000000
04010300
0f041300
00000003
000c0602
00000105
000b0006
00000009
00000000
00000000
00000000
050a0000
03000000
0e000000
19000016
00000000
000f0800
04020004
00000000
00060400
0f070300
00000003
00050108
00000216
00060000
00050a00
00000500
00000001
00000900
00000400
07030007
01140004
00000102
00040004
00000100
00000000
01000900
0b020000
05000000
00000500
00000005
07040000
00000000
03000101
00050200
02030005
00130000
02000700
000b0e00
00000005
07000000
05190002
00000004
00000600
00000000
0b000006
00000000
00000000
00000000
01040000
08000100
0100080b
00000800
00000000
00000200
00000000
04000600
00070000
00000a02
08000000
0a040007
00000000
00000008
00030200
00000a00
00000004
03000000
000a0100
03000000
00070000
00000200
00000000
0000000b
02000008
00000000
08170000
03000000
00010b00
00010000
000d0000
00040000
00020000
00010000
00010008
00000000
00000500
03000000
00000002
08000800
00000002
00000400
00000a00
00010006
0005000e
00000000
00000000
02070000
02030000
00000000
06000000
09000000
00000000
00030000
03140201
00000000
00000003
020a0000
04070000
00000000
00000300
04000600
000c0000
00000802
0d000201
00041100
00040709
00080001
00000000
00000007
01000000
00000000
00000708
05000000
00000000
01050008
00000600
00030102
07010000
06000000
0a000000
00000000
00060000
04050000
00000000
00000a00
00000000
04000000
02000000
00010000
00000005
0d010000
01020000
03000300
01040000
00060200
00010301
00060300
07030504
00000002
03010100
00000000
0b000000
04000600
00070000
00000a02
08000000
0a040007
00000000
00000008
00030200
00000a00
00000004
03000000
000a0100
03000000
00070000
00000200
00000000
0000000b
02000008
00000000
08170000
03000000
00010b00
00010000
000d0000
00040000
00020000
00010000
00010008
00000000
00000500
03000000
00000002
0b070700
00000000
00050800
00011600
04000010
06000009
00030000
00001200
09000000
020a0010
03000000
05000000
00000002
00000100
000d0000
00000004
00000000
00070800
0e1b0003
02000000
00090000
00020a0e
0e000000
00070400
00000500
00000006
00011707
00000000
0b000200
00080000
00000000
02130000
00000000
02000000
0c00090a
00020005
06100000
00000000
00000008
00020b00
00000000
05000e0d
00060000
00090001
02000000
04000004
00000400
00000f00
00000000
05000500
00000009
00000400
00000e0f
00040000
16000000
00000000
00000000
08000000
00050000
00000a02
00000700
00000000
00000000
00000000
05000c00
00060000
05001900
04000000
0d000010
00000000
00000017
000a0800
07090300
00000003
02000000
00070200
00000000
00050000
00000303
00000000
00000009
03000008
00000000
00190a00
00000001
00000700
00010000
0e0d0000
00040000
00000000
00000000
00010007
00000000
0b000600
01000000
00000008
05000800
00030000
00000600
00001300
0000000e
0700000f
00000000
00000c00
04000000
03050008
0a000000
05000000
00000000
00000000
010d0000
00090000
00000000
00000000
03140000
00040000
01000100
00000010
00000500
00080000
00000400
08000004
00010d00
00040001
05050000
00000000
00000000
06050000
00000000
00000004
0900060c
00000007
000f0002
00000000
00000006
0d040000
00000000
08000307
00080000
00040001
05000000
04000000
00010300
00000000
00000000
08000000
00050008
00000000
0b000805
00000000
06000000
00030000
00000500
05080100
00050000
00040608
04000001
00000000
00000200
10000000
05000c00
00060000
05001900
04000000
0d000010
00000000
00000017
000a0800
07090300
00000003
02000000
00070200
00000000
00050000
00000303
00000000
00000009
03000008
00000000
00190a00
00000001
00000700
00010000
0e0d0000
00040000
00000000
00000000
00010007
00000000
0b000600
01000000
00000008
0b000000
0500090d
00000000
03001509
0000000d
04000000
00000000
00000000
00000000
03020009
09000000
0b000000
0000000a
00000000
00150000
00000000
00000000
00020408
070e0000
00000000
00000c00
0000000d
00000000
00000200
00000000
00000700
00060000
000a000a
07000000
04010007
00000000
05000000
00000000
03040000
21110013
00000001
00050000
00000000
00000005
00090000
00002500
05000000
000a0000
05060000
00110000
00001304
00000000
00000d0d
0000000e
00000700
0300000a
000e0000
00000000
00000000
08000000
01000000
00000100
02000000
0a0e0a00
00010200
00000b00
00000000
00000000
00000000
02000f00
00030000
01001600
03000000
0e000011
00000000
00000016
000f0600
080d0000
00000002
05000300
00090200
01000000
00010000
00000205
00000000
00000008
0400000a
00000000
00170300
00000000
01000700
00000000
0d070000
00030000
02000300
00000000
0003000c
03000300
0a000000
00010000
00000009
04000001
04030701
00000700
03000c02
00000008
000e0000
00000000
00000000
00000000
00000006
03000000
00000000
00000001
00000100
00080000
00080000
00000000
00000004
05060000
02060000
00000100
08020002
00000600
02050000
00000000
10000000
02000400
00000001
00000000
00000000
00000000
02000000
00000000
01000000
05080006
00000008
00040000
00000000
00020003
04020000
03000000
00000000
00030000
00090000
00000000
00000000
04000000
00000007
04000004
00000400
00000002
00050203
06040000
00000000
00000001
000c0000
01000900
00030403
00090201
00040003
04000000
00000000
00000000
08000001
02000f00
00030000
01001600
03000000
0e000011
00000000
00000016
000f0600
080d0000
00000002
05000300
00090200
01000000
00010000
00000205
00000000
00000008
0400000a
00000000
00170300
00000000
01000700
00000000
0d070000
00030000
02000300
00000000
0003000c
03000300
0a000000
00010000
00000009
00000002
01010001
00040100
00000b00
00010003
0000000f
00000000
00000000
00010000
00020003
00000100
00000001
00000000
00040000
00020000
030b0201
00000303
0000020c
03020802
07050003
04000000
00080009
00000100
01080008
05000c00
04000000
00000600
00050004
00000002
01000000
00020200
05000001
00000000
00000509
0000030b
0000000d
00070000
00000500
00000007
03000000
00000000
00000200
03040000
00000000
00040000
00000000
05000000
00000000
00000000
00000000
00040000
00000004
07000100
02090000
06000700
03000000
00040600
00040903
01000000
02000400
01000200
01010001
00000000
05000000
00000a01
00050500
00001300
05000000
08000002
00060000
0002000c
000c0402
000b0000
01000000
04000202
00080402
03000000
00020400
00000306
00000000
00000300
02000007
00020000
050e0400
00000000
06000700
00000000
07000700
00000000
00090300
00000000
000a0308
09000000
02060000
02050504
00000300
00020000
0c000000
00000000
00000200
00000004
02000003
00000000
00000000
00000000
00000000
04000000
00000000
00000000
00000000
00020000
00000000
00010500
0d000000
00000100
00000006
14030e00
00000000
00000000
00000200
00000402
00000200
00000000
000e000d
02000100
00020000
00000608
0c000003
02000000
00090000
09000007
01000006
00060000
00000200
03000404
00000001
00000d00
00000005
00020000
00000d00
0004000d
00000000
00090000
00050900
00000000
04000000
00010004
00000000
04000000
0a060000
00000006
0a000000
00000300
00000500
08000000
03000000
00000400
01020000
00000200
00000000
00000a01
00050500
00001300
05000000
08000002
00060000
0002000c
000c0402
000b0000
01000000
04000202
00080402
03000000
00020400
00000306
00000000
00000300
02000007
00020000
050e0400
00000000
06000700
00000000
07000700
00000000
00090300
00000000
000a0308
09000000
02060000
02050504
00000300
01000000
140e0200
00000000
00000000
00000012
00020000
00010000
00060008
00000000
00000000
08000000
00000000
00000200
00000000
00000000
00000000
000e0000
17000000
03000000
00000008
12002000
0c000000
07000000
00000000
00000400
00000a00
00000000
00000003
00000300
00000000
00001201
0f00000d
07000000
000e0001
05000002
0d000001
00080000
00000300
03000003
00000000
00000800
00020007
00000000
04050000
00000000
00000000
00080000
000d1300
00000000
070d0000
00000000
00000000
01000000
05000000
0000000f
00000002
00000500
00000600
0c000000
03000000
00000407
02000000
00000700
00080000
00000701
01030300
00000e00
03000000
0b000000
00000000
00000011
00120400
00060000
00000000
08000000
000f0404
04000000
00020400
00000206
00000000
00000205
01000002
00000000
03160000
00010000
01010800
00000000
02010400
00000100
010c0000
00000000
0008000d
0b000001
00010000
07020200
00000000
00000000
01000000
00000300
00000000
0002000e
00000003
000e0000
00000507
00000000
00000000
06000000
00000000
00000500
00000000
00000000
00000000
00000000
06001406
04000000
00000100
0a000704
00030000
00000100
00010000
00000001
00000000
00030000
00070000
02000006
00000000
00000801
07000000
00000000
01090000
00000000
02000002
00070000
00000900
00000c03
00000000
00000400
00000200
00000000
03000200
00000002
00000000
00000300
00190200
00000000
08000000
00000200
00000000
09000400
08000000
03000005
00000000
00000c00
00000a00
08000000
05000000
00000100
0a070000
00000100
05000000
00000701
01030300
00000e00
03000000
0b000000
00000000
00000011
00120400
00060000
00000000
08000000
000f0404
04000000
00020400
00000206
00000000
00000205
01000002
00000000
03160000
00010000
01010800
00000000
02010400
00000100
010c0000
00000000
0008000d
0b000001
00010000
07020200
00000000
00000000
000d0300
00000000
01000700
000b0003
00000000
000c0000
000b0400
00000000
00040000
09000000
00000000
00000200
00000000
00030000
00000000
00000000
07000000
00040000
00000000
11000000
11050000
0a000000
00000000
00000000
00000300
00000000
00000000
00000000
00060000
00000d07
03050000
04000000
0c160000
05000000
00000000
00000000
00000a0f
00000000
00000000
00001100
00090001
04000000
00000000
00000a00
00000000
00050000
00001a01
00000000
0d060300
00000503
00180000
00000200
08000000
0000000f
00000000
00000800
00000000
08090000
00000000
00000b0c
00060000
00000012
00050002
00000f02
03000200
00000300
04000000
12000000
01000000
0000000d
00110402
01000800
00000000
04000000
00080105
00000000
00040100
00000205
02000002
00000216
01000004
00000000
04190000
00040005
00000400
00060000
020a0000
00000300
0d0b0000
00000000
0003000c
08020000
00000400
07050000
00000000
00000001
00001100
00020a00
00000000
000a0001
00000000
00020000
00000000
00020000
00000000
06000300
00000000
00000000
08000000
00000000
00000000
00000000
03001300
00000000
03010000
07000000
00000600
01001200
00000000
00000000
06000000
02000000
00020000
00000000
00020000
00000800
00000000
00000000
060a0001
00000000
00000001
00000008
08000002
02000500
00000000
00000800
00000000
06000000
03000000
00000000
00000000
00000000
0003000a
00000000
04000000
00010000
000a0000
0b090000
02000000
00000003
00060000
00000c00
00000500
0005000a
00000001
0000030a
08060000
0000000a
00000001
00000f02
03000200
00000300
04000000
12000000
01000000
0000000d
00110402
01000800
00000000
04000000
00080105
00000000
00040100
00000205
02000002
00000216
01000004
00000000
04190000
00040005
00000400
00060000
020a0000
00000300
0d0b0000
00000000
0003000c
08020000
00000400
07050000
00000000
00000001
00050301
00070000
00010a01
00010004
00020000
07000000
00000000
00010005
00030000
00000b00
03000002
00000201
03000300
00020000
05040003
00000003
00000206
01000001
05090200
00000100
0006000c
00000000
01010007
07000400
05010000
00000301
00000006
02000000
00000000
00040000
00000000
00000000
00000000
0000020e
00030702
00010000
00000000
00010001
00040000
00000000
00000100
02010000
00000000
00020000
00010000
00000000
00020005
02000000
00000000
03060002
00000200
03000100
00000100
05000803
090c0000
00040400
00020300
01040605
03000000
00000000
00030000
05000000
00000001
02000603
00040000
03000103
05000000
06000002
01000000
00000006
00050003
03000000
00000000
02000006
00040000
01000000
00070000
00070001
06000001
0000070c
00000101
00000000
040e0000
02020000
00010300
00050000
07070200
00020006
06080000
01000003
00070006
01000001
00000400
02000000
00000002
01000205
02050603
00060100
00010200
00040000
00000000
03000200
0a000000
00000000
00000500
00000200
00030200
00000200
00000001
00000102
00010001
00000102
00020203
02000000
01000002
00000009
00060000
00010002
00040204
01000600
01050100
05050400
05010102
02000000
00000300
00000000
00000000
00020500
00010000
00000002
00000000
02000100
02020007
00000003
03020000
00000000
00000000
02000002
00000401
00030000
00010000
00000000
03040001
00030001
00000000
03000000
00000000
00000000
00000302
00000d00
01010000
00030000
00070400
00010201
00000002
00000500
00040100
02000000
00000000
02000603
00040000
03000103
05000000
06000002
01000000
00000006
00050003
03000000
00000000
02000006
00040000
01000000
00070000
00070001
06000001
0000070c
00000101
00000000
040e0000
02020000
00010300
00050000
07070200
00020006
06080000
01000003
00070006
01000001
00000400
02000000
00000002
02000008
02000003
04000203
00000306
01050102
00020000
00000100
06000001
00060000
00030200
00020000
01030001
04000103
00000006
02000300
00060005
00000001
00000300
05020000
05000004
00000104
01000401
02000800
00060000
02000000
02000000
00000000
07040000
00000100
00000000
07010000
01000000
00000000
01000801
01040400
00000000
00000004
00020000
00020700
01000000
00000000
00000100
02000000
00050000
04000000
03000700
00000300
00000100
00000005
01010000
02010100
00020000
07070000
00080100
06000000
01000000
00010000
00000101
00050000
00000306
03000001
07000104
00040000
00000300
03000100
00030000
00000301
0b000200
05050300
00000000
00000000
00090001
00000a00
02000001
05000202
00030000
00010000
00080001
00000300
00000000
0000000f
03000709
00000000
0c0c0000
00000000
00040700
00000000
00080204
00070000
010b0000
00050006
00000003
01000000
00040500
02000000
04010300
02020012
0100000a
06000500
01000402
00000003
01000005
00000000
00000000
00020000
00000003
00000000
00000000
0e000100
00090000
00040100
00040006
00000001
00000100
10000401
08060001
00000200
0000000a
00000000
00000f00
00000600
05020000
00050007
00030001
05040000
01030000
00000002
01000000
00000100
00000107
0a020a04
00000001
01000000
00000400
00000000
06000100
00000300
01000000
01000000
03020000
000c0005
09000d03
00000000
00000000
00000000
06000000
01000504
00000100
06000200
00020001
0a000000
05000002
00040000
00060000
00030000
07000204
00000001
00000000
01040001
01000000
03000100
00030000
00000301
0b000200
05050300
00000000
00000000
00090001
00000a00
02000001
05000202
00030000
00010000
00080001
00000300
00000000
0000000f
03000709
00000000
0c0c0000
00000000
00040700
00000000
00080204
00070000
010b0000
00050006
00000003
01000000
00040500
02000000
04010300
05001500
00000101
00000600
01000102
00000000
00000000
00000000
00000000
05000000
04110009
05000000
00010000
23000009
00000000
00090e00
05000000
00000000
00060100
1f001204
00000000
00000501
06000700
00000000
00080101
00000800
00000000
00020000
00030000
03140000
010e0101
00000700
05120007
00000000
00000000
00010b00
000c0000
00000000
00000800
0000000a
00000002
00000002
00000004
00080700
00000000
00010200
00000004
00000000
0000090a
0b000000
08150000
00000a0f
00000000
00070009
02000006
00000005
00000000
00000000
0d020000
040d0000
00000003
02000c00
00000000
00000800
00000000
04000600
00070000
00000a02
08000000
0a040007
00000000
00000008
00030200
00000a00
00000004
03000000
000a0100
03000000
00070000
00000200
00000000
0000000b
02000008
00000000
08170000
03000000
00010b00
00010000
000d0000
00040000
00020000
00010000
00010008
00000000
00000500
03000000
00000002
06000900
00000200
00000200
00000c00
00040003
00020015
00000001
00000000
05020000
00020000
05000200
01000000
10000000
00000000
00050000
03140200
00000000
00000000
00010003
05090000
00000000
00000002
04000800
00050000
00000900
11000103
00030100
00060006
00000000
02000000
00000000
00010000
00000000
00000b08
00000200
00060005
00000011
00000000
00030005
00000000
00000000
00000000
00000000
06000000
01060000
00000100
00000000
00000000
0a000000
00000003
00000000
00000000
11020000
00000000
10000000
03090000
00010800
00000600
00060000
00000005
00000006
02000000
00000200
0f000000
04000600
00070000
00000a02
08000000
0a040007
00000000
00000008
00030200
00000a00
00000004
03000000
000a0100
03000000
00070000
00000200
00000000
0000000b
02000008
00000000
08170000
03000000
00010b00
00010000
000d0000
00040000
00020000
00010000
00010008
00000000
00000500
03000000
00000002
04010000
00000000
00030000
00001200
00000005
0700000a
000c0000
00000300
14000000
00170009
09000000
00000000
00000000
00000000
00190000
00000007
00000000
03000b05
0e01150a
06000000
00010000
000f0004
010c0000
02090001
00000400
00000000
00010806
00030002
00000000
00100000
00000000
14140000
00000000
00000000
02000002
000f0000
00000100
00000000
00000000
00000000
0000000a
0000000b
000a0000
05000000
00000103
00000000
00010000
00000a00
05000000
03000d00
0000000c
00000000
00001516
00000000
0a000000
04000000
00000000
10000d00
071b0000
06000000
00001506
00000000
00001100
00000000
05000c00
00060000
05001900
04000000
0d000010
00000000
00000017
000a0800
07090300
00000003
02000000
00070200
00000000
00050000
00000303
00000000
00000009
03000008
00000000
00190a00
00000001
00000700
00010000
0e0d0000
00040000
00000000
00000000
00010007
00000000
0b000600
01000000
00000008
00000500
07010000
09000300
00001700
00000000
08000010
00000000
00040b00
0e000000
000d0001
09000000
00000000
00000000
00000000
11120000
00000000
00000000
03000000
01000700
00020000
00000000
0008000a
00110100
00040001
00000000
05000004
00000000
00000000
00000000
00000000
00000000
0d0b0000
00000000
00000000
05000003
00000007
00000000
00000000
00000300
00000000
00000004
0000000b
00090000
01000005
00000000
00000000
00080000
0000000a
07000000
0d000a00
00000008
00000000
18000b0f
00000000
01000000
00090000
00000d00
06000d00
020d0000
00000000
0000040d
00000000
00001200
16000000
05000c00
00060000
05001900
04000000
0d000010
00000000
00000017
000a0800
07090300
00000003
02000000
00070200
00000000
00050000
00000303
00000000
00000009
03000008
00000000
00190a00
00000001
00000700
00010000
0e0d0000
00040000
00000000
00000000
00010007
00000000
0b000600
01000000
00000008
0e000000
0a000b11
07000000
02001404
00000000
00000003
00000000
000b0000
00000000
00000000
0b000000
00000000
00000000
00000000
00070000
00000000
00000000
00000509
00000700
03000000
03000000
00000005
00000003
00000005
00000000
00000000
00040001
0010000c
00000400
05160000
04000000
0e000000
02000000
00020000
250e0014
00000000
00010200
00000000
00010000
00000000
00002f09
00000001
00100000
05000000
001d0000
00001300
00000000
00000e1b
13000014
02000500
0000000f
001c0000
03000000
0a000000
00000000
00000000
00000d00
00000b00
0b131100
00000000
00001411
09000000
00000700
00000000
02000f00
00030000
01001600
03000000
0e000011
00000000
00000016
000f0600
080d0000
00000002
05000300
00090200
01000000
00010000
00000205
00000000
00000008
0400000a
00000000
00170300
00000000
01000700
00000000
0d070000
00030000
02000300
00000000
0003000c
03000300
0a000000
00010000
00000009
07000600
05020701
04000300
01000d01
00000000
00110004
00000000
00010100
00000000
00000000
09000000
04000000
00000000
00000000
00030000
00000000
00000000
00000102
00000000
02040200
00000000
03000007
00000900
00050004
00000000
0f000000
02000000
00000000
00020003
00050000
00000000
00000000
00000000
00000000
0609010f
00000007
00010000
00000000
00030002
00000000
00000300
00000000
03040000
00000000
00020001
00000000
02000100
00000010
08000006
00000000
00000000
00060000
0b000000
00000000
04000004
000e0000
00001000
00000502
00070309
00000000
01000000
05000000
00000000
00000000
02000f00
00030000
01001600
03000000
0e000011
00000000
00000016
000f0600
080d0000
00000002
05000300
00090200
01000000
00010000
00000205
00000000
00000008
0400000a
00000000
00170300
00000000
01000700
00000000
0d070000
00030000
02000300
00000000
0003000c
03000300
0a000000
00010000
00000009
03000300
05000002
00000000
00000a00
00000000
0000000b
00000000
00000300
00000000
00040000
06000400
00000003
00000000
04070000
00000000
00030000
00000603
00000103
01000705
05080100
00010000
00070009
00000000
00050007
02000700
06000000
00000604
01000002
00000005
00000000
00000400
03000503
00000000
00000108
0000060a
0000000a
00000000
00000000
00020005
00000000
00000006
00000000
04090000
00010001
00030000
00000000
06000003
00000002
05000004
00000000
00000000
00000000
00000000
00000000
04000602
02020100
00060800
00000b01
00010300
04000200
00040000
02000000
00000000
07000000
00000a01
00050500
00001300
05000000
08000002
00060000
0002000c
000c0402
000b0000
01000000
04000202
00080402
03000000
00020400
00000306
00000000
00000300
02000007
00020000
050e0400
00000000
06000700
00000000
07000700
00000000
00090300
00000000
000a0308
09000000
02060000
02050504
00000300
01020200
05000000
00000000
08000000
00000000
00000000
00000000
000a0101
00000000
00000000
08000000
00000000
00000000
00040000
09000000
00000000
00010900
00000000
01000900
00000000
11090a00
00000000
00000000
00000003
00000003
00000000
00000000
0004000c
00000800
00000000
00000b0c
0e000006
09000000
00060000
0800000b
0c000000
00000000
00000000
00030000
00000000
00001017
00000002
03040000
04000a00
0000000b
00000000
00000000
00020a04
00000000
0a000000
00000000
00000000
00000002
09000000
00000003
0c000000
00000300
00000500
0a000000
00000000
00090204
07030000
00000000
00000000
00000a01
00050500
00001300
05000000
08000002
00060000
0002000c
000c0402
000b0000
01000000
04000202
00080402
03000000
00020400
00000306
00000000
00000300
02000007
00020000
050e0400
00000000
06000700
00000000
07000700
00000000
00090300
00000000
000a0308
09000000
02060000
02050504
00000300
00000000
09030100
00000004
02000000
00000007
00050000
00000000
00100000
00000000
00000002
0b000000
00000000
00000200
00000000
07000000
00000000
00070000
01000000
00000000
02000000
0e001400
09000000
09000000
00000002
00000000
00000000
00000000
00000002
00000a00
00000000
00001301
0e000506
00000000
000b0003
00000004
03000000
00000100
00000000
00000000
00000000
00000709
00000001
05000000
09000000
00000000
00000000
00020000
000d1100
00000000
0a0e0000
00000000
00000000
04000000
0b000000
0000000b
00000407
00000600
00000300
18000000
00000000
000f000e
05000000
00000000
00010000
00000701
01030300
00000e00
03000000
0b000000
00000000
00000011
00120400
00060000
00000000
08000000
000f0404
04000000
00020400
00000206
00000000
00000205
01000002
00000000
03160000
00010000
01010800
00000000
02010400
00000100
010c0000
00000000
0008000d
0b000001
00010000
07020200
00000000
00000000
04000000
02000006
00000000
00000408
00000000
00030000
000e0100
00000000
00000000
0b000000
00000000
00000300
00000000
00000000
00000000
03000000
00000700
05000000
00030a00
0b000700
04000000
06000000
00000000
00000002
00000000
00000000
00000000
00000004
00010000
05000604
03000200
00000000
00080000
00000006
06000000
00000000
05000000
00000300
00000000
00000c04
00000000
03000000
04000300
00000005
00000000
00000700
00081000
00000000
0b030000
00000500
00080000
00000000
01000000
00000005
03000006
00000b00
00000a00
11000000
00000000
00080001
0b000001
00000600
00040000
00000701
01030300
00000e00
03000000
0b000000
00000000
00000011
00120400
00060000
00000000
08000000
000f0404
04000000
00020400
00000206
00000000
00000205
01000002
00000000
03160000
00010000
01010800
00000000
02010400
00000100
010c0000
00000000
0008000d
0b000001
00010000
07020200
00000000
00000000
06080700
03000000
00000400
02100008
00000000
000e0600
00130600
00000000
00040006
09000000
00000000
00000100
00000000
01000005
00000000
02000000
00000000
00000000
00000205
11000701
18090000
0a000000
00000003
00000000
00000000
00000000
00000000
00000000
00010000
00000803
000a0000
01000000
00120000
00000000
00000000
00000700
04000607
00000000
00000000
00000f04
000e0001
06070000
05000000
00000800
00000000
00000100
00000f00
01000000
0b0a0000
00000100
00110000
00000000
00000000
00000012
00000004
00000b04
00000000
09020000
00000000
000c0811
03000007
0000000f
00090000
00000f02
03000200
00000300
04000000
12000000
01000000
0000000d
00110402
01000800
00000000
04000000
00080105
00000000
00040100
00000205
02000002
00000216
01000004
00000000
04190000
00040005
00000400
00060000
020a0000
00000300
0d0b0000
00000000
0003000c
08020000
00000400
07050000
00000000
00000000
04000b00
00040a00
00000300
00030000
00010000
00050100
06000200
02040000
00030000
04000800
00000000
00000000
0c000000
00000000
00000000
00000000
00001100
00000000
05050001
04000004
00030009
00001100
05000000
00000000
0c000000
00000000
00010000
00000000
00000000
00000000
00000000
00000000
00090300
00000000
00000004
0000060a
0a000003
04000301
00000000
00000500
00020000
08010000
01000000
00000004
00000000
06000003
00000009
00000000
01000000
00060400
00010000
09030000
00000000
04000005
02030100
00000e00
00000400
00030011
00000000
00010005
06010000
00000008
00000502
00000f02
03000200
00000300
04000000
12000000
01000000
0000000d
00110402
01000800
00000000
04000000
00080105
00000000
00040100
00000205
02000002
00000216
01000004
00000000
04190000
00040005
00000400
00060000
020a0000
00000300
0d0b0000
00000000
0003000c
08020000
00000400
07050000
00000000
00000200
01010300
00060000
00010700
00000004
00020000
07000001
00010000
00010004
00050000
00000800
00000002
00000202
07000300
00000001
04020101
00000005
00020007
04000105
05050303
00000002
0006000d
00000000
03030004
06000600
01010500
00000100
00000004
00000000
01010000
00000000
01000000
00000100
00000003
0000030b
00040500
00020200
01000000
02040002
00010000
00000000
00000200
05040000
00000000
00010000
00030001
03000000
00000005
04000000
00000000
03050002
00000700
04000200
00000001
01020604
07070500
00040600
00010600
03080404
04000000
00040000
00000002
01000000
02000001
02000603
00040000
03000103
05000000
06000002
01000000
00000006
00050003
03000000
00000000
02000006
00040000
01000000
00070000
00070001
06000001
0000070c
00000101
00000000
040e0000
02020000
00010300
00050000
07070200
00020006
06080000
01000003
00070006
01000001
00000400
02000000
00000002
00000302
02010603
03060300
00000200
00040000
00000000
02000004
0a020000
00000000
00000501
00000000
00020100
00000500
00010001
00000102
00020002
00010005
00030400
02000000
02000002
01020007
00040000
00020002
00070102
02000600
00040201
07000300
04020300
02000000
00000500
00000002
00000102
00010500
00000000
00000001
01000000
00000100
01030005
00010002
01000000
00000000
01000000
03010002
00010500
00040003
00030000
01010300
00020000
00010000
00010000
04000200
01000400
00000100
00000203
02000700
01020002
00030000
00030500
00000001
00000004
00010401
00010000
01000000
02000000
02000603
00040000
03000103
05000000
06000002
01000000
00000006
00050003
03000000
00000000
02000006
00040000
01000000
00070000
00070001
06000001
0000070c
00000101
00000000
040e0000
02020000
00010300
00050000
07070200
00020006
06080000
01000003
00070006
01000001
00000400
02000000
00000002
07070203
01000007
00000701
00000406
00000003
00000003
00000001
04000000
00050000
03020000
03000000
00000000
08000003
00020005
02050000
00090006
00000000
00000500
04060000
00000000
00000400
00000008
00000702
00030c00
00000000
00010000
00000001
04060000
03080200
00040000
07000000
00000000
01000000
02000b06
07070000
01000001
00070000
00010000
00020700
00000200
00000e00
04000500
01000000
00060000
04030002
02000e00
00000000
00000102
01000009
02010000
00010000
00020200
02060000
050f0000
10000000
04000000
00000000
05000105
00020000
00000801
00000000
02000300
00020000
00000000
00000700
00050000
00001000
06000000
06040000
00000000
00000009
00080100
00030b00
00000000
05000100
00090200
02000000
00060000
00000403
00000000
0000000c
05000010
00000000
05100000
04000000
00000a00
00010000
00090300
00010000
00070000
00000000
00000003
01000000
00010000
04000001
00000003
02010008
00000010
00000b00
00000408
00050008
00000009
00000000
00000000
00000000
00050006
07000000
04000000
13000008
00000000
000f0000
01060000
00000000
00000000
09050000
00000000
00000000
0000000f
00000000
00000900
00000500
00000000
00000000
00000002
07000005
000d0100
00000000
00000000
00000000
01000000
17030001
0b000006
05060000
00000400
00000001
05000000
00001000
05000000
00000000
02020000
000a0000
0a001101
00040000
00000403
04000002
0a020000
00000103
00000000
03000000
07000003
00000001
00000003
00060000
0e040000
09000000
01000200
00000200
00000000
00000000
01000000
00000700
00050000
00001000
06000000
06040000
00000000
00000009
00080100
00030b00
00000000
05000100
00090200
02000000
00060000
00000403
00000000
0000000c
05000010
00000000
05100000
04000000
00000a00
00010000
00090300
00010000
00070000
00000000
00000003
01000000
00010000
04000001
00000003
00000700
00000303
00000f00
00000000
00000001
00000000
00000000
00000000
090b0000
0012000a
00000000
0003000a
12000000
00000000
00060c00
00020000
00000000
00000000
14000800
00000200
00000000
04000a00
00060000
00070000
00000400
00000000
00000200
00060000
02000000
00000002
02000000
00100002
04000000
00000000
02000200
000c0000
00090000
00000200
0000000d
00000000
00000000
00000000
02000800
07020000
00000000
0000000b
00000000
00000310
10000000
0a060100
00000009
00000000
00070005
00000009
00000007
00000008
00040000
05000100
00130000
02000002
0000070a
00000000
00000000
00040002
00000400
00070000
00001400
06000000
09070000
00000000
00000010
00090400
00000d00
00000000
07000000
00110400
06000000
00080000
00000204
00000000
00000005
03000010
00000000
06150000
00000000
00000c00
00000000
00060200
00000000
00040000
00000000
0000000b
00000000
00000000
06000000
00000006
05000105
00000801
00000700
00000600
00020008
0003000e
00010002
00000000
07070000
00050000
03000200
00000000
00000000
00000000
00000200
00030000
00000000
00000100
0d000000
080a0000
04000000
00040007
06000b00
01020001
00000400
10000001
00000000
00000003
00000000
00000000
02000000
00000000
00000200
00000405
06000800
02030003
0004000a
00000000
00000008
00000000
00000600
00000203
04000500
04000009
00050000
01000006
00000000
00000009
0b000000
01070000
00000000
00000000
09020000
00000000
0d020000
00070000
00060603
00000700
00020000
00000000
00000102
01000000
00000000
0f070000
00000400
00070000
00001400
06000000
09070000
00000000
00000010
00090400
00000d00
00000000
07000000
00110400
06000000
00080000
00000204
00000000
00000005
03000010
00000000
06150000
00000000
00000c00
00000000
00060200
00000000
00040000
00000000
0000000b
00000000
00000000
06000000
00000006
00000000
00000000
04040100
00000300
00000007
00000003
000a0000
00000002
04000003
000c0000
00010100
00000009
00000000
00000000
00000400
00000004
00000000
02000303
03001008
110b0000
00000000
00150200
00080000
0603000a
00000500
00000000
00000600
00000004
00000000
06070000
00000000
00000000
00000000
00000100
00000005
000b0103
00000200
00000000
0000000a
00000000
0000000b
00000000
00000004
06000000
000b0004
00000000
0200000d
00000000
04000000
03000000
00000002
00000000
00000007
00000000
00020004
05020306
00080706
06000900
060a0000
00000000
00000504
03000000
00000900
04000000
05000900
00040000
09001100
05000000
0808000a
00000000
00000014
00050700
0b020800
00000006
0a000100
00000200
00010000
00050000
00010005
00000400
00000002
00000403
03000000
00180700
00000007
00000100
00040000
0a050000
00000000
00000000
00000000
00000004
00000000
0b000800
01000102
0000000f
00000000
03000000
0c000400
02000700
00000002
01000001
00000100
00000305
06030001
00000000
00000300
00000006
00000000
00000000
04000000
00000000
00000000
0a010000
00000507
0c100200
00000000
000f0200
00090000
0203000e
00000000
00000000
00000600
00000000
00000000
02000000
00000000
01000000
01030100
00000400
04000006
00000501
00000600
00000200
0401000b
00000000
0000000c
00000001
0000000d
01000005
00000000
00050000
0b00000a
0000000a
00000000
09000000
00010000
00000000
09000009
00000000
01050009
01000005
00000d06
00000200
00040000
00000000
00000100
07000003
00000600
0e000000
05000900
00040000
09001100
05000000
0808000a
00000000
00000014
00050700
0b020800
00000006
0a000100
00000200
00010000
00050000
00010005
00000400
00000002
00000403
03000000
00180700
00000007
00000100
00040000
0a050000
00000000
00000000
00000000
00000004
00000000
0b000800
01000102
0000000f
0a000000
01000704
0b000000
02040a09
00000000
00000000
00000000
00040009
00050007
00000000
02000000
0000000e
00000000
00000000
00000000
00000000
00000000
0a0a0000
00000800
160a0000
08000000
00000805
00000005
0000000e
00000000
00000000
00000600
00000005
00000400
050c0000
04000000
00000000
02050000
03000000
1d000014
00000600
00000900
01000100
0000000f
00000000
0000150c
00000000
00000009
05030002
000a0000
000a0005
05000011
0000060d
00000011
08000000
00000003
00120000
00000100
00000000
00020007
04000100
00000b0b
00000100
0b0b0600
00000000
00030301
0b000000
00000000
06000400
00000c00
00020000
08000b00
05000002
0900000a
00010000
00000010
000a0200
0d080000
01000001
0b000802
00010200
03010100
00020000
00010005
00000000
00000206
02000106
00000000
00150100
00000002
03000000
00060000
0c080402
00000000
00000100
00000000
0000000a
01000004
08000b00
00010500
02000012
02000000
00000300
04000400
01000905
00000004
00090000
00000001
00000001
00030008
00000000
01000500
00000000
00000000
00000200
00000000
00000000
00000000
010a0203
00000000
080e0100
00000000
0009000b
00000200
04000006
01000000
0a000000
00020000
00000002
00000000
01000000
00000000
00000000
00010000
00000003
0800000e
00000200
00000700
00000000
00040009
00000000
00000400
00000100
00000005
01000005
00000002
00030000
05000008
00010003
01000007
00000000
00010003
00050000
00000300
00000000
06000003
0b030700
00010907
03010000
02070005
01000001
00040000
00000000
00000000
00000000
00000c00
00020000
08000b00
05000002
0900000a
00010000
00000010
000a0200
0d080000
01000001
0b000802
00010200
03010100
00020000
00010005
00000000
00000206
02000106
00000000
00150100
00000002
03000000
00060000
0c080402
00000000
00000100
00000000
0000000a
01000004
08000b00
00010500
02000012
00000200
02000000
00020200
00000900
00000003
00000007
00000000
00000200
00020000
00030002
05000502
01000000
00000000
05040000
00000000
03000300
00000707
00000005
04000901
07070002
04020000
000e0009
00000000
0007000b
00000300
03000000
00000202
03000000
00000007
00000000
00000000
00030000
00000000
00000009
00000505
00010000
00020100
00000000
00040006
02000000
00000004
00000001
03040001
00000001
00040000
00000000
07000008
00000001
00000000
00000000
01000200
00000002
00000000
00000000
00000304
00000200
00080601
00040300
04080600
05000300
00020000
00000000
00000000
0a000100
00000605
00080400
03000400
07000000
09000309
00040000
0000000f
000d0400
09090000
04000001
09000002
00010400
05010000
02020000
00000005
00000002
00000503
04000500
00000000
00120000
00000000
01010000
00070000
08040604
00000000
00000401
00000000
00060205
03000008
04000b00
01060800
02010012
00000500
00000000
02000001
01000000
00000000
00000000
00000003
00030405
02000000
00000000
0a000004
00000008
00000000
00000000
02000000
00000000
00000300
00000000
00000900
06000000
1b090000
00060200
00000000
00000006
00000001
03000000
00010207
00000404
00000d00
00060000
00000000
02030001
08000000
00050000
0b00000d
02000500
00000100
00000000
00030002
00000000
00000611
00000003
01000009
00000000
00000008
00060000
00010009
00010c00
00000000
09020000
00000000
00010000
00000205
05000000
00000401
09000700
00010405
00000000
0c000000
00000001
00010004
02000000
00000800
06000000
00000605
00080400
03000400
07000000
09000309
00040000
0000000f
000d0400
09090000
04000001
09000002
00010400
05010000
02020000
00000005
00000002
00000503
04000500
00000000
00120000
00000000
01010000
00070000
08040604
00000000
00000401
00000000
00060205
03000008
04000b00
01060800
02010012
00000000
01000000
0200000a
00000000
00000005
00020000
00000009
00000009
00030000
00000000
0a000000
0000000b
00000000
00000900
00000000
00000000
00000000
00020000
00000000
06070000
0f000000
00000000
05000000
00000003
00000002
08000000
00000003
00000203
00000500
00000000
00000600
07000000
00000000
00080105
00000405
02000000
00000000
00000300
00030000
00000000
00000006
00000000
00000006
02000000
00000000
00000000
0000000a
00080800
00000000
0b000000
00000000
00000200
02000002
00000000
00000005
00001001
00080714
00000000
0c000000
01000000
00030003
08000000
00000b00
04000000
02000103
00050300
00000100
07000000
05070204
00000000
00000011
000a0000
00020000
02000003
0a000000
00040100
03000000
00050000
00000003
00000000
04000009
02000c00
00000000
00140100
00000000
00030100
00070000
0c040304
00000000
05000000
00000000
000c0103
0300000e
00030900
03040500
00000008
03000000
06000000
04000005
00000000
01070b05
00000000
00000000
00000005
01060000
00000000
0e000000
00000015
00000000
00000000
00000000
00000000
00000000
00000003
04000300
0a010400
0f000400
00000002
0d000000
0b000001
00000009
00000000
00000005
00000000
00000a00
00000000
05000000
00000000
00000000
000b0000
03000008
09000000
00000000
00000700
00000000
00000000
00000c18
00000000
00000002
0b000000
00000001
00010000
00000106
00001600
00000000
0c020000
00000000
00000000
00000000
00000200
00000001
01020b07
00000708
00000000
10000000
00000000
00010002
0c000000
00000800
0a000000
02000103
00050300
00000100
07000000
05070204
00000000
00000011
000a0000
00020000
02000003
0a000000
00040100
03000000
00050000
00000003
00000000
04000009
02000c00
00000000
00140100
00000000
00030100
00070000
0c040304
00000000
05000000
00000000
000c0103
0300000e
00030900
03040500
00000008
03000000
06000200
05000000
03000000
00100305
00000000
000a0100
00050001
03040000
00020000
04000000
00000010
00000300
00000b00
00000900
00000000
00000000
00010000
02010000
03000800
0d000800
0a070000
0c000000
03000001
00000001
00000000
00000004
00000000
00000000
00090000
0a000400
00050000
00010000
020b0000
00000004
00000004
00000100
00000600
00000000
00000000
00000b0b
00000000
0100000e
07000000
00000000
00000000
00000809
00001600
08000000
0d130000
00000100
00000000
00000000
00000000
000b0008
00000f07
00000d0e
00000000
01000000
00000000
0004000e
07000000
00000803
00000000
02000000
000c0000
00000000
05000000
030a0006
00000000
00000012
00020000
04000000
00000003
0d000000
00010200
00000000
000a0000
00000003
00000000
04000010
01000b00
00000000
00100300
00000000
00000000
00080000
0c030100
00000000
09000000
00000000
00090000
0000000f
00000700
03000000
00000000
06000004
04000300
00030400
00000600
00010200
00000000
00020000
04000000
04020000
00050000
00000600
00000009
01000100
07000000
00000400
00050001
00000000
00020900
00000002
02000702
05000200
0007000f
00000b00
06000000
00000002
0d000000
00030000
00000000
05050000
00000000
00000000
00000000
00000000
08000501
06000400
00010006
00000000
02000000
00000000
00000000
00000400
00000800
00000000
00000000
00000304
00000002
01000200
00000400
05000000
04040000
00040600
00000300
07010100
00000000
08070200
09040000
00010c00
00040200
00000003
04000000
00000002
07000000
00000803
00000507
02000000
000c0000
00000000
05000000
030a0006
00000000
00000012
00020000
04000000
00000003
0d000000
00010200
00000000
000a0000
00000003
00000000
04000010
01000b00
00000000
00100300
00000000
00000000
00080000
0c030100
00000000
09000000
00000000
00090000
0000000f
00000700
03000000
00000000
02000000
04020300
00080000
00000802
00010008
00000000
03000000
00000001
01000000
00060100
00000000
00000005
00000405
00000500
00010500
03000001
00000105
00080203
07000005
05010602
03000003
0009000b
00000000
01060600
00000903
03000000
00000002
00000001
05020002
00020000
00000008
01000006
04000000
00000001
01001009
00040200
00000000
01000000
00020102
00000000
03000000
00000600
00010000
00020000
00000000
06000001
00000000
00000000
06000000
01000000
04020004
00000000
07000403
00000000
01040300
04090600
00040700
00090200
00070000
07000300
00000000
02000003
00000300
08000102
02000000
000d0000
0000000a
03000000
00080200
00000000
00000004
00000000
09000000
00030005
0b000600
00000100
07000000
00090000
00030001
00000000
0300000c
01001201
00000000
00060600
0a000000
00010000
00040000
07000900
04000002
00000400
00020002
00050200
00000008
01040100
02000000
00000000
00000100
02020601
00070100
00000400
00000000
00000000
02000004
08000001
00020000
00010300
00000000
00020101
00000600
00000001
00000300
00010002
00000006
00040602
00000000
04000102
03000206
00030001
00020100
00080300
03000b00
04020002
08010300
04010400
05000000
00000500
00000003
00000004
00000300
00000000
02000406
00000001
00000000
01060003
00030003
03010000
01000201
02000000
02000001
00030300
00040004
00030000
00000100
00030000
01000000
00000000
02010101
03000100
00000201
02020100
00000a00
01060001
00060000
00040400
00000101
00000007
00000605
02000000
00000101
00000000
02000000
000d0000
0000000a
03000000
00080200
00000000
00000004
00000000
09000000
00030005
0b000600
00000100
07000000
00090000
00030001
00000000
0300000c
01001201
00000000
00060600
0a000000
00010000
00040000
07000900
04000002
00000400
00020002
00050200
00000008
01040100
02000000
00000000
08080000
0400000f
00000504
00000100
00000000
00000102
00000000
00000000
00000000
03000000
00000000
00010000
09000000
00070000
040c0000
00000009
00040000
00000600
06060b00
04000000
00000600
0000020e
00000003
00000000
00000000
00030000
00000000
00070002
00090900
00080000
00000000
0d000005
08000000
04000705
06030000
01000000
00000000
00000000
00050000
01020000
00001300
00000003
00000000
00000500
0103000a
00001701
00060000
00000609
06000001
0a000200
00000004
00010200
05050000
08070600
15000000
09000001
00000000
0e000601
0a000400
00000000
00000600
00000000
00000000
00000003
00000700
00050000
00001000
06000000
06040000
00000000
00000009
00080100
00030b00
00000000
05000100
00090200
02000000
00060000
00000403
00000000
0000000c
05000010
00000000
05100000
04000000
00000a00
00010000
00090300
00010000
00070000
00000000
00000003
01000000
00010000
04000001
00000003
02000000
07000010
00000700
00000000
00010003
00000005
00000000
00000000
00000000
0c000000
00000000
04000000
0b000000
00000000
010e0000
03000000
00040000
00040000
01020400
00000001
00000700
04000009
00000000
00000000
00000104
00000100
00000000
00000000
000f0609
00040000
00000200
0e010003
0c000000
04000000
01020000
04000000
07000000
00000a00
00000004
0602000b
01000800
00000004
00000300
04000000
00000000
00000f00
00100000
00000204
0d000000
12010000
00000000
00010000
0a030000
0a000000
00000009
00000002
00030000
15000005
11000000
00050000
00000900
00000000
00000000
00000000
00000700
00050000
00001000
06000000
06040000
00000000
00000009
00080100
00030b00
00000000
05000100
00090200
02000000
00060000
00000403
00000000
0000000c
05000010
00000000
05100000
04000000
00000a00
00010000
00090300
00010000
00070000
00000000
00000003
01000000
00010000
04000001
00000003
00000000
08000301
00000800
00000000
00000005
00000000
00070000
00000000
0c000000
00010000
00000000
00000000
01000000
00000000
00070500
01000007
07000000
0c000000
00000404
00000000
00010000
03000900
0b000000
00020000
00000000
00000000
00000900
00080002
00000000
00000000
00000000
000a0000
0f000600
00000000
00000000
00000000
04030000
00000305
1000000e
00000000
00000000
00000700
0c000800
01000000
00000000
00000001
00000001
00000314
07000000
06040000
00000000
00000000
00030101
00000000
01000002
00000008
00000300
00000002
00040000
00000000
00000400
00000000
00000000
00000007
00000400
00070000
00001400
06000000
09070000
00000000
00000010
00090400
00000d00
00000000
07000000
00110400
06000000
00080000
00000204
00000000
00000005
03000010
00000000
06150000
00000000
00000c00
00000000
00060200
00000000
00040000
00000000
0000000b
00000000
00000000
06000000
00000006
00000000
07000700
00000600
00000600
00000007
00020005
00000005
00000700
0f040000
00030000
00000600
00000000
00000000
00000000
00060200
00000000
06000000
02000300
00000003
00050000
02000000
00040008
08000700
00000000
00000000
08000000
00000700
00000000
01000200
00000000
00000000
00050000
0a000000
00030000
02000000
00030000
00040001
00000000
09000607
00030000
00000000
00000700
09000600
00000000
00000000
00000000
00000001
00000416
00000000
05040000
00000004
00000400
03000000
00000000
01000000
00040000
00000b02
00010000
01000000
00000001
03000100
00000000
00000000
0e050001
00000400
00070000
00001400
06000000
09070000
00000000
00000010
00090400
00000d00
00000000
07000000
00110400
06000000
00080000
00000204
00000000
00000005
03000010
00000000
06150000
00000000
00000c00
00000000
00060200
00000000
00040000
00000000
0000000b
00000000
00000000
06000000
00000006
0000000a
01000000
00060400
00000602
00040007
00050003
01000000
07000001
02030000
00000000
00000700
00000007
00000000
00000700
00000500
00000001
04000000
00040509
00000002
0d060500
00000000
0012000a
04000300
01000000
00000102
0a00000a
00000700
03000002
00000000
08000000
00040000
00000000
00030000
00000300
00000b09
00000007
00000000
00000200
00000000
00000000
0a000000
00000600
03000000
04050000
000f0005
01000000
0300000d
00000000
01000000
03040000
00000204
00000704
04000000
00000000
00020100
090b0202
00030e07
00010805
03000500
00000200
00000000
04000000
00000200
0b000000
05000900
00040000
09001100
05000000
0808000a
00000000
00000014
00050700
0b020800
00000006
0a000100
00000200
00010000
00050000
00010005
00000400
00000002
00000403
03000000
00180700
00000007
00000100
00040000
0a050000
00000000
00000000
00000000
00000004
00000000
0b000800
01000102
0000000f
02000000
00000004
06020200
00000900
00000002
00030002
00000000
00000007
03020200
00000000
00000000
00000005
00000000
00000500
00000200
00000200
04000001
000e0000
00000803
0a000700
00000000
000f0203
00020000
02000b00
00000002
0b000009
00000400
01000005
00000001
08000000
00000000
00000000
00000003
01000004
03000505
00000700
00000000
00000000
00000000
00000000
07000100
00000400
01000000
040a0002
00010000
01050009
06000011
00000000
00050000
07000000
00040100
00000100
00000003
00000000
00040002
08000202
00010c0f
00090002
01000300
00000300
00000000
0b000000
00000900
00000002
05000900
00040000
09001100
05000000
0808000a
00000000
00000014
00050700
0b020800
00000006
0a000100
00000200
00010000
00050000
00010005
00000400
00000002
00000403
03000000
00180700
00000007
00000100
00040000
0a050000
00000000
00000000
00000000
00000004
00000000
0b000800
01000102
0000000f
09000006
00000404
04000000
00000d01
00000003
00000000
00000000
00000003
00020200
00000000
01000000
00000009
00000000
02000000
00000000
00000200
01000200
04080500
00000700
0c020300
09000004
00090108
00000900
00000400
00000002
09000000
000a0000
00030002
00000402
060a0000
00000000
00000000
00000000
04000400
02000609
00000702
00000000
03000100
00000000
00000000
00000300
00000e01
00000000
01050003
00050000
00030001
03000014
00000002
02030002
02000000
00000005
00170000
06000402
00000000
00050500
02020900
00000a0b
02060000
05010a00
00000000
00000000
06000000
00000800
05000900
00000c00
00020000
08000b00
05000002
0900000a
00010000
00000010
000a0200
0d080000
01000001
0b000802
00010200
03010100
00020000
00010005
00000000
00000206
02000106
00000000
00150100
00000002
03000000
00060000
0c080402
00000000
00000100
00000000
0000000a
01000004
08000b00
00010500
02000012
02000000
00000002
00000300
00010802
00000001
00010003
00000000
00000000
00010002
00010000
00000000
00000000
00000001
0a000400
00000500
00000003
00000003
01050201
00000100
06040500
00000002
000b000c
00000000
00030300
04000804
05000000
01000000
00000000
00000005
06050000
00000002
00000000
00000000
00000000
0000040e
00000505
00030200
00000000
00000002
00000000
00000000
00000901
05000002
00050401
00000005
00050000
0100010b
00000000
04030000
00000000
00080004
00090001
00000000
00000000
07000704
08090600
00030808
02080000
04000200
00000100
00000000
00000000
00000400
00000000
00000c00
00020000
08000b00
05000002
0900000a
00010000
00000010
000a0200
0d080000
01000001
0b000802
00010200
03010100
00020000
00010005
00000000
00000206
02000106
00000000
00150100
00000002
03000000
00060000
0c080402
00000000
00000100
00000000
0000000a
01000004
08000b00
00010500
02000012
00000000
00000000
00020200
00000800
00000001
00000000
00000105
01000000
00000000
00030000
00000000
00000004
00000000
03040500
00000000
00000300
00000106
00010004
00000403
06030104
01010000
000d0206
00000000
01060103
00000600
06000101
00000400
00000001
00030008
03000000
01000000
00000005
00000000
00000301
00000503
00010200
00050000
00000300
00000004
00010000
00010000
00000000
05080001
00030001
00050000
00000000
06000106
00000001
00000000
00010000
00040100
00000003
00000000
00000000
03020702
00000100
00080907
00070000
08070600
03000401
00000000
00020001
00000500
08000500
00000605
00080400
03000400
07000000
09000309
00040000
0000000f
000d0400
09090000
04000001
09000002
00010400
05010000
02020000
00000005
00000002
00000503
04000500
00000000
00120000
00000000
01010000
00070000
08040604
00000000
00000401
00000000
00060205
03000008
04000b00
01060800
02010012
00000000
00000000
00000100
00000100
00000001
00000000
00000000
05000003
00000000
00010000
00000600
00000004
00000000
00000600
00000000
00000000
00000200
00000500
00000700
07000000
04000005
00120604
04000100
00040601
00000000
05000002
000a0905
00030104
00000300
00010000
00000000
00000000
00020000
00020800
00000606
00000906
00010000
00000400
00020200
000b0000
00000000
00000002
00010000
00000000
00050009
00000000
03000002
00000000
00000000
03080003
00000003
00000000
01000205
00000000
07040800
06000200
00030300
00000700
04010000
00000200
00000000
00000000
00001200
00000000
00000605
00080400
03000400
07000000
09000309
00040000
0000000f
000d0400
09090000
04000001
09000002
00010400
05010000
02020000
00000005
00000002
00000503
04000500
00000000
00120000
00000000
01010000
00070000
08040604
00000000
00000401
00000000
00060205
03000008
04000b00
01060800
02010012
00000000
05010000
00000000
00000400
0000000b
00000000
0000000b
00000000
02000000
00000000
00000000
00000000
00000000
00001300
00000400
00000000
00000000
00080000
00000000
00040100
00000000
0006000a
06000000
00000e00
00000203
06000002
00000600
00000001
0e000000
00000000
00000000
00000000
00000000
00070001
00000906
01000000
07080000
00000900
00000000
03000000
00000000
00000900
00000000
00040000
00000000
09000005
00000000
00010004
00000000
06040001
00020000
00000500
00000004
00000000
02000600
03000000
00010107
00110003
01000000
01000800
00000000
00000000
00010a00
00000000
02000103
00050300
00000100
07000000
05070204
00000000
00000011
000a0000
00020000
02000003
0a000000
00040100
03000000
00050000
00000003
00000000
04000009
02000c00
00000000
00140100
00000000
00030100
00070000
0c040304
00000000
05000000
00000000
000c0103
0300000e
00030900
03040500
00000008
08000001
05000200
00000000
00000502
00000005
00030000
00000000
00000007
08030000
00000000
00000000
00000011
00000000
00000700
00000200
00000000
00000000
00000000
06090000
08030000
0c000001
00000402
09000200
03030b00
00000200
00000000
00000400
00000000
0f000800
00010000
00000000
00000000
00000002
00110000
00000b07
06000000
04050000
00010800
00000000
00000000
05000000
00000200
00000000
08090000
00000000
0e000009
00000007
00030c00
00000000
070f0000
00000000
00030000
00000000
00000000
00040300
00000000
0006050c
000c0000
0a000000
00000a00
00000000
03000000
00000200
0d000000
02000103
00050300
00000100
07000000
05070204
00000000
00000011
000a0000
00020000
02000003
0a000000
00040100
03000000
00050000
00000003
00000000
04000009
02000c00
00000000
00140100
00000000
00030100
00070000
0c040304
00000000
05000000
00000000
000c0103
0300000e
00030900
03040500
00000008
05000008
01010306
00000000
00000000
0008000f
00000000
00000000
00000008
0a050007
02000000
00000000
00000008
0c000600
00000600
00000600
00000000
01000000
00040000
10060000
05000000
00000e00
03000009
0e000000
00000c00
00000600
00000000
00000004
00000003
0d030003
00020000
00000005
00000000
00000000
08050002
00000a0b
0b000001
00060000
00000c00
00000000
00000000
00000400
00001400
00000000
09060000
00000000
16000005
00000004
00001000
03000000
080d0000
00000000
00000000
00000000
00000000
0b060c04
04000000
00000513
000f0000
00000000
00000e00
00000001
05000000
00000600
00000000
02000000
000c0000
00000000
05000000
030a0006
00000000
00000012
00020000
04000000
00000003
0d000000
00010200
00000000
000a0000
00000003
00000000
04000010
01000b00
00000000
00100300
00000000
00000000
00080000
0c030100
00000000
09000000
00000000
00090000
0000000f
00000700
03000000
00000000
00000008
03000008
03030600
00000600
00060209
00000001
00000000
00000000
0d030000
00020003
00000000
00000002
04000900
00000300
00000800
00020008
00000000
00070703
09080006
05020000
00000600
0007020b
06000300
00020400
00000800
08000005
00000000
00020004
0e060008
00020000
0000000a
00000000
00000000
0b000800
06000600
0500000b
000f0000
00000700
00000003
00000000
00000500
05001100
00000400
00000000
00000002
13000008
00000000
00000000
02000000
01030000
00000000
00000005
00000000
00000000
07000400
02010000
00000406
00110900
00000800
0a001100
01000000
09000000
00000002
00000000
02000000
000c0000
00000000
05000000
030a0006
00000000
00000012
00020000
04000000
00000003
0d000000
00010200
00000000
000a0000
00000003
00000000
04000010
01000b00
00000000
00100300
00000000
00000000
00080000
0c030100
00000000
09000000
00000000
00090000
0000000f
00000700
03000000
00000000
00000000
05020300
00010700
00001000
0001000b
00000001
00000000
00000000
16000000
00070006
00000000
01000000
02000302
00000300
00060600
00000000
03000000
00070300
0e080004
01000100
01000005
000f010d
00060000
00040700
00000400
00000005
00000400
00000000
0f060009
00030000
00000009
00060002
07000000
00000000
00000b0d
00000006
000f0000
00000000
00000007
00000500
02000000
00000805
00080000
00040000
00000000
14000004
00000000
00000001
08000000
01000100
04000302
00000000
06000301
00000001
01000200
02090000
00000401
000d0100
00000000
08000905
00000100
00000000
00000207
07000001
02000000
000d0000
0000000a
03000000
00080200
00000000
00000004
00000000
09000000
00030005
0b000600
00000100
07000000
00090000
00030001
00000000
0300000c
01001201
00000000
00060600
0a000000
00010000
00040000
07000900
04000002
00000400
00020002
00050200
00000008
01040100
02000000
00000000
00000000
03010800
00060300
00000701
00000000
00000000
02000008
08000000
00000000
00020303
00000000
00000200
01000300
00000000
00000500
00050004
01000001
00040503
02000001
05000000
00000007
00030000
00010300
03070600
09000800
0b000001
0a000400
04000003
06000000
00010202
02000000
01000001
00000000
00000000
0200060b
00000003
01020000
00060000
00030003
01020000
00000200
06060000
03000100
00040000
05010000
05000004
01000100
00000000
02000000
00000000
04040403
00000200
00000003
00000000
00000a00
00080000
00050000
00030900
00000202
00000205
03000601
01000000
00000200
03000000
02000000
000d0000
0000000a
03000000
00080200
00000000
00000004
00000000
09000000
00030005
0b000600
00000100
07000000
00090000
00030001
00000000
0300000c
01001201
00000000
00060600
0a000000
00010000
00040000
07000900
04000002
00000400
00020002
00050200
00000008
01040100
02000000
00000000
00000000
0400000c
07000506
00000100
00000000
00000400
00000000
05000000
00000000
00000000
00000000
00000000
02000000
000a0000
01020000
00000009
00030400
00000100
01000500
06000000
00000000
00000002
00000005
00000000
00000000
00030100
00000000
000d0001
00070700
000c0000
00000000
09000002
01000000
02000500
00000000
00000000
00000000
00000500
01000000
00000000
00000500
00000000
00000000
00000402
01050306
00000500
00040000
00000100
0d000000
0a000000
00000506
00020000
01000000
03000709
05000001
0a000001
00000000
0b000500
00010300
00000000
00000004
00000100
00000003
0b000000
00000500
00060000
00001300
05000200
01040000
00000000
0000000b
00090400
00050b00
00000000
09000000
00070000
00000000
00070000
00000406
00000000
00000007
0300010b
00000000
00100200
05000000
00000700
00000000
01050100
00060000
000a0000
00000000
00000102
00000000
01000000
04000002
00000003
00000000
0504000f
03000108
00000200
00060003
00000000
00000000
000b0002
00000000
02000000
00000000
00030000
08000300
00000000
02000600
00000000
00050000
00000000
05000009
00000005
00001a00
0c000000
0d000000
00000007
00000004
00000000
00000000
00000000
00120c03
00000000
07000700
0b040005
04000300
0a000000
00000003
00000001
00040000
00001100
00000000
00000002
00000003
00000009
00000000
00000000
00001000
00000000
00000000
00000800
0d000000
10040000
00000000
00000000
0d000000
0000000a
00000010
00000009
00000200
0f000600
00000000
09000000
00000402
06000005
00000000
00000000
00000500
00060000
00001300
05000200
01040000
00000000
0000000b
00090400
00050b00
00000000
09000000
00070000
00000000
00070000
00000406
00000000
00000007
0300010b
00000000
00100200
05000000
00000700
00000000
01050100
00060000
000a0000
00000000
00000102
00000000
01000000
04000002
00000003
00000000
0a090300
02000200
00000000
00070007
00000000
00090000
00040008
00000000
00000000
00000000
00000000
00000700
00000000
00000a00
00000000
00000000
0a000800
0000000c
00000002
00000600
03020000
0d000000
05000000
00000000
00000000
00000300
000c0007
00000009
00000000
00000000
00070000
0c030000
0b000000
00000000
02000000
00000000
00000707
1a000002
00000002
00000300
00000000
08000500
04000000
00040200
00000000
00000300
00000a0c
0b000000
03000002
00000600
00000000
03000800
00000001
0000000b
0000000c
00000700
00000700
00000000
04000000
00000204
05000000
02000000
00010000
00000000
00060000
00001100
04000000
00060000
00000000
00020009
00060400
00030d00
02000000
0e000000
00060100
01000000
00060000
00000306
00000000
00000004
03000512
00000000
010f0300
03000000
00000800
00000000
00000400
00060000
00080000
00000000
00000102
00000000
00000000
04000400
00010005
00000000
13080c00
000a0100
00000b00
00000002
00010004
00080700
00000205
09000000
000a0000
00000300
00000000
00000000
00000000
00090600
00000000
00000000
0e000900
0004000b
00010304
00000008
000d0000
010e0900
05030000
00000000
00000000
00000e00
00000000
00000003
00000000
00000000
02000000
07000000
00000000
00000001
00000000
00040000
00000004
17000802
00000000
03000000
00000400
0d010600
00000000
00090000
00000000
00000000
0001001c
00000000
00020000
06000500
00000000
11000b01
00000000
00000000
00000003
00000800
00000500
00040000
05000000
00000002
01000000
00000000
00000000
00000000
00060000
00001100
04000000
00060000
00000000
00020009
00060400
00030d00
02000000
0e000000
00060100
01000000
00060000
00000306
00000000
00000004
03000512
00000000
010f0300
03000000
00000800
00000000
00000400
00060000
00080000
00000000
00000102
00000000
00000000
04000400
00010005
0000000d
00010200
070b0300
00000901
0003000a
00030006
00000000
00000000
04000000
00020006
00000300
00000000
00000000
00000500
00000300
06000000
00000000
00020908
02000006
0a020000
00000000
00080510
03020600
000b0d00
00000107
00000005
00000b09
00000004
09000000
05000300
00000003
00000000
00000001
05000008
0000010f
00000000
07060000
00000300
00000601
01000000
06000000
00000d00
05000000
00030000
00080008
03000000
01000000
00000002
00000000
00040000
01000709
00001500
00000000
00000006
0e000000
020a0000
00000500
000a0500
00000000
00000c00
00000000
00000000
00000000
01000000
00000000
00020800
0d000001
02000000
010a0a0c
03000003
0400000d
00000600
12000800
0000000a
0d000900
00000504
02000000
00050000
00000007
00071000
00000010
0c001100
00000000
000d0700
00000007
00010000
000e0000
08000000
03000000
02000301
00020000
00010700
00010011
06000000
07000000
09000000
00000000
00020000
09090200
00000b00
00000007
00000000
00000000
00000000
05000000
0001000b
00000000
00000000
04000000
00001200
00030a00
00000103
03000000
00080000
00010009
00000000
00000000
01050c08
03040000
00041000
00000000
0100000f
00000200
00000006
13000000
00000004
00000000
00000000
00000000
05010007
00000200
00000000
110a0000
00000101
00000001
0b000d00
00000000
08000b00
00000100
000a0004
01000300
12000011
00000403
00000000
05000000
02050100
00000709
00000d00
00000001
00000007
00000000
00000000
00000312
00120003
00000000
07000e00
00000000
00000000
00000403
00000000
00000000
00020800
0d000001
02000000
010a0a0c
03000003
0400000d
00000600
12000800
0000000a
0d000900
00000504
02000000
00050000
00000007
00071000
00000010
0c001100
00000000
000d0700
00000007
00010000
000e0000
08000000
03000000
02000301
00020000
00010700
00010011
06000000
07000000
09000000
00000007
00000400
03020900
00000702
00000007
00000002
00000000
04000000
07000000
00010006
00000000
02000000
03000003
04000c00
00050200
00020000
00000100
00020705
09030000
03070000
00000000
00060707
06000b00
00000b00
00000000
06000008
03000001
000c0000
11000000
02000003
00000000
00000000
00000000
04010500
00000c00
0000000d
0505000e
00030100
00000001
01000500
00000000
02000800
00070000
01020002
00000000
12000000
00000203
00000002
00000000
00000000
00000002
00030007
00000603
00000001
00010000
00050100
00000a02
00070200
00030300
07000604
00000000
00000000
00000000
0d000600
00000000
00010600
16000000
04000000
0101020c
0e000000
02020005
00000700
0c060200
00000001
0d000c00
00000603
03000000
00040000
00000007
00020f01
00000002
09000c00
00000000
000e0d00
00000003
00010000
000a0000
06000002
07000000
00000302
00000000
00040900
0000031b
0a000d00
0300040d
04000008
00000000
01010000
00010000
00000405
00000003
00010000
02000002
00000007
03000003
00030000
00000400
03000006
00000101
09000800
00040500
00070002
00000201
00000007
00070000
05060500
00000002
000b0004
00000000
01060603
07000801
03000005
00000200
00030006
04000001
01040300
00000000
03000000
00000003
00000000
00000b0d
00000003
00020000
00010000
00000003
02060100
03000000
03000200
00040000
00030501
02010003
01020001
00000300
00000000
03000001
00000000
02030005
00010007
00000503
00000000
00000500
070a0200
01080601
00040502
00050200
01000300
01000100
01000000
00000100
00000000
00000000
00010600
16000000
04000000
0101020c
0e000000
02020005
00000700
0c060200
00000001
0d000c00
00000603
03000000
00040000
00000007
00020f01
00000002
09000c00
00000000
000e0d00
00000003
00010000
000a0000
06000002
07000000
00000302
00000000
00040900
0000031b
0a000d00
0300040d
04000008
00000000
00020000
00030100
01000801
00020004
00000000
00000200
00000000
00010000
00000002
00010003
00000003
00000000
00040400
00000000
01030300
00000006
00000008
00030304
05030102
00000200
00070101
00000100
00060204
02000a00
03000007
00000400
00000003
01040003
02000000
02000000
01000303
00000000
00000102
00000302
00000002
00030001
00000200
00010003
01070000
00000000
00000000
01060000
00010001
00040200
00010000
03000200
00000000
04000001
00000000
02040002
00000000
00000600
00010001
06030500
03000000
01060501
00070300
05050300
06000102
00000000
00010000
00000100
05000200
00000300
00060400
07000000
07000000
0008090a
00000000
00030010
00070000
01040000
00000100
06000000
00000405
04000000
00040000
00000105
00000400
0b000301
0a000c00
00000000
000a0600
00000000
00020100
00060000
0c000302
00000000
08000b06
00000000
000d0400
0100010e
0e040700
06000404
08000506
00000000
00010000
00000600
00000600
00010003
00000006
00000000
00000000
00010000
02010000
00000600
00000000
00000000
00080000
00010000
00070101
00000400
01000300
00040a02
09010000
00000000
000d0508
00000900
03040600
00000900
00010009
00080500
04050003
03000005
00000000
01000000
00000600
00070000
00000a06
00000004
00020005
00000000
00000000
06020006
05090000
00000000
00000500
00000000
00000000
00080006
00000000
00000000
00000003
00000000
00000000
00000006
00000000
09000803
00020000
12000000
04000000
00010000
00000602
02000000
02000005
00000000
00010100
00000400
00000100
00000300
00060400
07000000
07000000
0008090a
00000000
00030010
00070000
01040000
00000100
06000000
00000405
04000000
00040000
00000105
00000400
0b000301
0a000c00
00000000
000a0600
00000000
00020100
00060000
0c000302
00000000
08000b06
00000000
000d0400
0100010e
0e040700
06000404
08000506
00060000
09020000
00020000
00000900
00000000
00000000
00000000
00000000
00000000
00110003
00000000
04000000
00000003
00000800
00140600
00000002
00000000
0a000000
00050006
00000000
00000000
0009080a
08000000
00040500
00001000
00000011
00000000
00000007
09000000
00000000
00000000
00040003
07000000
000e0000
00000004
00030000
16000000
00000005
00000003
07100000
00000000
04000003
00000800
00000203
00000600
00000000
00050000
00000421
00050000
00060100
00000413
00000f00
0000000c
0000000e
06000000
05000000
00000000
00080000
00000000
04000000
00000700
00000000
08000100
00060008
00000100
00050600
00010002
07000000
000e0c05
00000000
00000011
00060000
00000000
00000000
06000000
00060308
08000000
00060000
00000005
00040200
0c000010
10000400
00000000
06080000
01000000
00040000
00070000
04010600
00000000
0e000507
00000000
00100602
00000007
00120000
0b000000
07000000
00000000
03000400
00050500
00000a00
0000000b
00000000
00000000
00000000
04000500
0009000b
00000000
00000000
0a000004
00000100
000f0700
00000000
05000000
00000000
00040000
000e0000
00000004
00060605
10001400
00010000
00000e00
01000001
00000700
00000002
06000000
00000000
00000000
00010006
00000100
0013030c
00000000
00000001
0a000000
00000200
00000000
06050000
00000000
00000009
00001100
00000007
00000800
00000001
00050000
000a0211
02000000
030f0000
00000404
00020000
01000000
0000000b
00000000
00000000
00000000
00050200
00070000
00000300
00000001
00000000
00000000
19040000
00000100
00050600
00010002
07000000
000e0c05
00000000
00000011
00060000
00000000
00000000
06000000
00060308
08000000
00060000
00000005
00040200
0c000010
10000400
00000000
06080000
01000000
00040000
00070000
04010600
00000000
0e000507
00000000
00100602
00000007
00120000
0b000000
07000000
00000000
04000208
00020000
00001200
001b0000
00000000
00000000
00000000
1b000000
0a0a0011
00000000
00000000
19000600
00000000
000f0300
00000000
10010000
00000711
11070004
00000000
00001c00
0c000012
1e000000
000b0400
00000000
00000008
00000002
0000000c
00000000
02000000
09000000
0c050000
00000000
00090000
00000005
03000000
00000000
00000500
00000000
00000000
0000080f
0000001c
00051400
07000000
00060500
00000000
00000000
00000f00
02000000
040e0300
0000000b
00000000
00000000
00000024
11000000
02030004
00000000
02020500
00020000
0d000000
00000f0b
00000000
00000000
040b0000
00000000
00090100
00000007
02000000
000d0004
00000000
0000000b
00000000
06000000
00050005
0f000b00
00000500
06000000
00070000
00000005
00000300
0a000010
04001200
00000000
00070300
02000000
00000000
00110000
0c000002
03000000
07000500
00000000
00080500
00000014
00050400
04000000
00000000
00000000
08000000
03000a00
00000e00
00150000
00000000
00030300
00000000
1c000300
03060009
00000000
00000000
00000000
00000000
01080000
00020000
0e000000
00000500
05000003
020e0000
00000e04
0500000a
17000500
00040000
00000300
08000009
00000000
00000010
00000000
00000000
00000000
00060000
00000000
04040d00
00000000
0000000c
00000002
00000903
00000000
00000000
00000608
00000004
00031900
01000000
00000205
00000000
00000300
00000000
09000000
06000000
00000004
00000000
02000000
00000014
09000000
00050005
00000900
00000a00
00030000
00070000
0000080c
02000000
00000007
02000000
00000000
00090100
00000007
02000000
000d0004
00000000
0000000b
00000000
06000000
00050005
0f000b00
00000500
06000000
00070000
00000005
00000300
0a000010
04001200
00000000
00070300
02000000
00000000
00110000
0c000002
03000000
07000500
00000000
00080500
00000014
00050400
04000000
00000000
00000000
0d000100
07010700
00000e00
00020000
00000002
00070000
00000000
22000000
000a0005
00000000
00030000
00000000
00000000
010e0000
00050000
06000000
00000100
0901000b
00000000
00000002
06100509
06000000
00050000
00000000
00000004
00000000
00000000
00000000
00000000
00000000
000c0000
0c020000
00020000
0000000a
00000008
00000500
00000000
00000000
00000000
01000007
00000006
000e0d00
00000000
00000000
00000000
00000100
00000406
0a000000
06000700
00000501
00000000
12000403
00000007
00000000
00050000
00000300
00000500
00000000
00020005
00000f0a
00000000
0000070c
00030004
02000000
000b0000
0000000b
01000300
000c0102
00000000
00000002
00000000
09000100
000a0007
09000b00
00000100
06000000
00070000
00010002
00000000
06000011
01001300
00000000
00040800
0a000000
00000000
000a0000
0a000700
04000000
03000500
00020000
00050300
00000009
00030300
03000000
00000000
00000300
04020a00
00060700
00000700
00000200
00020000
03000001
03000100
00000200
00010500
00000200
00000300
00000200
01000200
00030100
00030000
00000001
00000200
04000001
01010003
00000001
00000002
00000500
00000000
0f000000
0d080000
07000000
01000002
01000000
00000000
03000000
00000000
00000000
00000000
0000000d
00000000
03000000
00000000
00030000
00030000
00000100
00080000
07000300
00000000
03010000
00000002
07040400
00000000
05000000
01000000
04010a01
00000b00
00000003
00000000
00000301
00050000
00000100
00000500
00000109
00020000
00000300
00000100
00000000
04000000
02000000
000b0000
0000000b
01000300
000c0102
00000000
00000002
00000000
09000100
000a0007
09000b00
00000100
06000000
00070000
00010002
00000000
06000011
01001300
00000000
00040800
0a000000
00000000
000a0000
0a000700
04000000
03000500
00020000
00050300
00000009
00030300
03000000
00000000
00030303
03000005
00010d02
00000102
00030000
00000200
00000005
07000200
00030000
00000500
000c0000
00000000
00000000
00030000
00000000
00000007
00000507
00000000
00000000
06040000
00000000
00000002
00000201
00000000
02000000
00000000
00000900
00040000
07030000
00000000
00000100
00000000
00010600
00000301
09000200
04000000
00000003
00000100
00000000
01000000
00000900
00000000
00000000
06020300
04090000
00000002
08000000
00000900
07000002
01000000
00000900
00000003
03030000
00000608
00000001
00000000
00000009
00000003
00010400
00000000
00000001
00000000
0000000c
15000000
00000500
00060000
00001300
05000200
01040000
00000000
0000000b
00090400
00050b00
00000000
09000000
00070000
00000000
00070000
00000406
00000000
00000007
0300010b
00000000
00100200
05000000
00000700
00000000
01050100
00060000
000a0000
00000000
00000102
00000000
01000000
04000002
00000003
00000600
00000008
09000005
00000000
000b0004
00000000
00000000
00000009
01020000
00000000
00000000
00000005
00000400
00000000
00000500
04000000
01000000
00000000
00000404
09050000
00000d00
0d000000
0c000000
00040009
00000000
00000000
00000609
00000000
00000100
05000000
06010400
02030000
00040100
0c000000
0000000d
00000000
00000000
00000200
00000004
00000000
0000041a
00000000
00000002
0c000000
00030000
00000000
00000000
00000c00
06000000
0b050000
00000000
00000000
00000000
0000000f
00000006
00000008
00000009
00000800
00010000
02000000
00070005
0b000006
00000005
07000000
00000500
00060000
00001300
05000200
01040000
00000000
0000000b
00090400
00050b00
00000000
09000000
00070000
00000000
00070000
00000406
00000000
00000007
0300010b
00000000
00100200
05000000
00000700
00000000
01050100
00060000
000a0000
00000000
00000102
00000000
01000000
04000002
00000003
00000000
03000200
07040002
02000300
00160000
00000000
00040100
00050005
00000000
00000000
00000000
00000008
00000c00
00000000
01000500
00000000
00000000
00000500
00000208
03000000
04000000
04010001
0e000000
00000007
00000000
00000000
00000008
00000002
00000006
00070000
00000000
00060000
010b0100
0e070500
0d000006
0800000b
00000800
04000000
00000003
00000000
00001011
00000000
00000004
0b000000
00040000
00000000
00000100
00001400
02000000
07000000
00000000
00000000
02000800
00000000
0100000d
05000105
00000407
00000a00
00000100
00000000
000a0006
0a000002
0700000b
02000000
00000000
00060000
00001100
04000000
00060000
00000000
00020009
00060400
00030d00
02000000
0e000000
00060100
01000000
00060000
00000306
00000000
00000004
03000512
00000000
010f0300
03000000
00000800
00000000
00000400
00060000
00080000
00000000
00000102
00000000
00000000
04000400
00010005
00000000
0f000800
11090000
00000e00
000a0006
00000004
00010000
00000305
0c060000
00060000
00000000
00000000
00000300
00000000
00000800
00060000
00000000
00000800
00000605
000c0007
00000000
000b0002
01030700
00060006
00000000
00000000
00000005
00000000
0000000a
03000000
06000000
00000000
00040000
00010600
0200000a
00000000
00000000
00000002
06000300
00000000
00000605
00000000
02050000
03000000
00080000
00000000
01000000
00000008
02000000
02000000
09000400
00000000
0e000305
00000001
09000004
00000002
00000400
00000800
00000100
00000000
00000008
0e000007
00000000
02000100
00000000
00060000
00001100
04000000
00060000
00000000
00020009
00060400
00030d00
02000000
0e000000
00060100
01000000
00060000
00000306
00000000
00000004
03000512
00000000
010f0300
03000000
00000800
00000000
00000400
00060000
00080000
00000000
00000102
00000000
00000000
04000400
00010005
00000101
00000000
08090000
00001007
00010000
00000000
00000000
00000000
0d000000
00150016
00000000
00060000
00000000
00000000
000d0800
00000000
00000000
00000600
08000103
04000001
00000000
0003000f
0a000000
00090c00
00000303
00000007
02000003
00000003
00000000
08000000
00000000
00030000
00000008
01080000
0000000e
00000000
00000000
00000000
00000000
00010000
04000500
00000009
02000200
01000c00
0001000d
00000000
00020000
00000000
09000000
06030100
00000f14
00000e00
01000009
00000015
0f000000
0a000000
00000400
00000200
00060000
04000000
00000809
00000000
02000009
00000000
00000000
00020800
0d000001
02000000
010a0a0c
03000003
0400000d
00000600
12000800
0000000a
0d000900
00000504
02000000
00050000
00000007
00071000
00000010
0c001100
00000000
000d0700
00000007
00010000
000e0000
08000000
03000000
02000301
00020000
00010700
00010011
06000000
07000000
09000000
00000000
000d0000
000a0000
00000c00
00000000
00000000
00040100
00000000
00000000
0019001c
00000000
00000000
00000100
00000c0f
001c0e00
00000f00
04000000
00000000
0501000d
00000000
00000000
0d080c00
07000000
00000000
00000900
0000090f
00000000
0000000d
05000000
00000007
00000000
00020006
03000000
090b0000
00000000
00000000
16000000
00000006
00000000
000c0000
00000700
0000000a
00000e00
0000000c
00001f00
00000003
000d0000
00000705
12000000
08091203
0000040b
00000500
0000000d
00000022
00000000
00000000
00000200
00000000
000d0000
0b050000
00000d11
00000000
00000109
00000000
00000000
00020800
0d000001
02000000
010a0a0c
03000003
0400000d
00000600
12000800
0000000a
0d000900
00000504
02000000
00050000
00000007
00071000
00000010
0c001100
00000000
000d0700
00000007
00010000
000e0000
08000000
03000000
02000301
00020000
00010700
00010011
06000000
07000000
09000000
00000001
00000900
000d0e00
00000600
00000000
00000000
00000800
00000000
04000000
000b000b
00000000
05000200
00000009
12000002
00150100
00000100
00000000
00001000
08030003
00010000
00000800
00000e05
07001500
00000000
00000500
00000007
00000000
00040000
0b000000
0000000a
00000000
00000000
02000000
07090100
00000000
00000013
0a000016
00000000
00000000
00030000
00000400
0000000a
01070700
03000000
00000200
00000000
00030000
0000040b
04000000
00020700
00000000
00000000
09060007
00000019
00000000
00060000
00000a00
00000002
00020005
04000002
0500070b
00000000
00000003
0c000c00
00000000
00010600
16000000
04000000
0101020c
0e000000
02020005
00000700
0c060200
00000001
0d000c00
00000603
03000000
00040000
00000007
00020f01
00000002
09000c00
00000000
000e0d00
00000003
00010000
000a0000
06000002
07000000
00000302
00000000
00040900
0000031b
0a000d00
0300040d
04000008
00000000
02000300
01020100
00010502
00020000
00050006
08000004
00000009
05010000
00020000
00000900
03000002
00000100
07000000
00030100
000b0105
01000000
01000008
01020002
06090300
05000000
00070107
00000001
04020004
0b000700
05000201
00000400
00050006
00000100
00010200
00020000
05000200
00000001
00000000
00000410
00000008
00040000
00000000
01000003
01010000
06000001
00000002
03050300
00000400
02020005
00000002
00000002
00000002
04000000
00000000
06020004
00000007
00000304
00000000
00000301
05110000
00050500
00000500
00000303
00000100
02000401
00000000
00000000
07000000
00000000
00010600
16000000
04000000
0101020c
0e000000
02020005
00000700
0c060200
00000001
0d000c00
00000603
03000000
00040000
00000007
00020f01
00000002
09000c00
00000000
000e0d00
00000003
00010000
000a0000
06000002
07000000
00000302
00000000
00040900
0000031b
0a000d00
0300040d
04000008
00000001
00000002
00020100
01000602
00000002
00010003
00000300
00010000
00030000
02000000
00020004
00000003
00020100
00020202
00020000
00050300
00000007
00020004
02010306
05000203
00010201
04040003
00000000
01030003
02000800
04000307
00000400
00000002
00020002
02000000
03000000
05000205
00000200
00000003
01000102
00000002
00040000
00000000
00010003
02040000
00000000
00000001
03050000
00010000
00020100
00040001
00000400
00000002
03000000
00000000
02030003
00000002
00000700
00030002
06010601
03000000
00060404
00050102
05040300
00000302
00000000
00020000
00000000
05000200
00000300
00060400
07000000
07000000
0008090a
00000000
00030010
00070000
01040000
00000100
06000000
00000405
04000000
00040000
00000105
00000400
0b000301
0a000c00
00000000
000a0600
00000000
00020100
00060000
0c000302
00000000
08000b06
00000000
000d0400
0100010e
0e040700
06000404
08000506
00000003
00000000
01000600
00000700
00000000
00000011
00000000
00000000
00000000
00000000
00000303
00000000
00000000
000e0000
00050000
03060306
00000200
03000100
00001004
06000000
00010000
0007000b
00000500
02020000
00000802
0400000c
00030100
05070002
01000004
05000000
02000000
03000600
00000400
0000090a
00000203
0101010b
00000000
00000000
00000001
04050000
00000000
00000000
01040100
00000000
02090003
00000000
04010300
00000000
04000000
00000000
04000105
00000001
09010607
00000000
14030600
01000000
00030200
00000300
00010300
00000002
00000001
03000000
00000000
08000601
00000300
00060400
07000000
07000000
0008090a
00000000
00030010
00070000
01040000
00000100
06000000
00000405
04000000
00040000
00000105
00000400
0b000301
0a000c00
00000000
000a0600
00000000
00020100
00060000
0c000302
00000000
08000b06
00000000
000d0400
0100010e
0e040700
06000404
08000506
00050000
02080000
00000000
00000000
00000000
00000000
00000000
00000000
00000000
00140004
00000000
00000000
00000000
00000000
00110900
00000007
00000000
10000000
00000809
00000000
00000000
00070203
04000000
00000000
00000d00
00000c12
00000000
000b0005
00000000
0d000000
00000000
00000000
00000003
00110000
00020002
000d0000
11000000
0000000d
00000004
00070000
00070000
00000000
09000f00
00000705
00040705
00000000
00100000
00000524
0d010000
010f0000
00000608
00000000
00010011
00000013
0000000d
0e000000
00000200
00000200
00040000
03000000
00000c0e
00000000
0b000000
00040008
00000100
00050600
00010002
07000000
000e0c05
00000000
00000011
00060000
00000000
00000000
06000000
00060308
08000000
00060000
00000005
00040200
0c000010
10000400
00000000
06080000
01000000
00040000
00070000
04010600
00000000
0e000507
00000000
00100602
00000007
00120000
0b000000
07000000
00000300
00090600
00020000
00000000
00000003
00000000
00000b00
00000000
00000000
000a0007
00000000
00000000
03000000
00000300
00110e00
00000000
00000000
04000000
00000006
00060000
0000000c
00070800
09000b00
00000000
00000d00
00000b07
00000300
00000000
00000000
00000000
00000000
00020000
00000600
00110310
00000000
00080000
0b000000
00000007
00000701
00000000
00060000
00000004
0d001000
00000012
00020400
00000000
000d0000
00050817
14000000
001c0000
00000800
00000000
030a000d
00000015
0000000d
00000000
00000800
00000000
00120000
00000000
00000808
00000000
00000000
16090000
00000100
00050600
00010002
07000000
000e0c05
00000000
00000011
00060000
00000000
00000000
06000000
00060308
08000000
00060000
00000005
00040200
0c000010
10000400
00000000
06080000
01000000
00040000
00070000
04010600
00000000
0e000507
00000000
00100602
00000007
00120000
0b000000
07000000
00000e00
00000000
06000000
00000000
001b0000
00000000
00000000
00000002
1e020000
00050004
00000000
0000000c
0e000000
00000500
00000200
00000000
00000000
0000010c
02000904
15010000
00000006
0a010400
14000000
00090000
00000000
00000000
00001208
00050008
00000000
04050000
06000000
020d0000
00000000
00070000
00000006
00000600
00000002
00000003
00000002
00000000
00000017
00000008
0a001900
0f000000
000c0000
00000002
00000100
00000c00
0f000000
071a0000
00000001
00000000
00000000
00000022
07000000
07090003
00050400
00000a00
00110000
00000000
0000141c
02000000
0000000e
0b050000
00000000
00090100
00000007
02000000
000d0004
00000000
0000000b
00000000
06000000
00050005
0f000b00
00000500
06000000
00070000
00000005
00000300
0a000010
04001200
00000000
00070300
02000000
00000000
00110000
0c000002
03000000
07000500
00000000
00080500
00000014
00050400
04000000
00000000
00000d00
00050000
08000500
00000700
000b0000
00000000
00070000
00000000
16020002
00000000
00000600
00000008
03000000
00000e00
00000000
00040000
00000000
00000000
00000004
0b0d0000
00000005
04050000
0b070200
00020003
00000000
07000006
00001300
0000000b
00000100
01000000
00000000
00080000
00040000
00090204
01000007
00000808
00000200
01000202
00000000
00030000
00000008
00010000
0800150a
00000000
00000002
00000000
00000003
00000200
11000000
00050000
00000300
00000000
03000000
00000011
06000006
04000001
000a1406
00000300
00050000
00000000
00000611
00000000
00000010
00000000
00000000
00090100
00000007
02000000
000d0004
00000000
0000000b
00000000
06000000
00050005
0f000b00
00000500
06000000
00070000
00000005
00000300
0a000010
04001200
00000000
00070300
02000000
00000000
00110000
0c000002
03000000
07000500
00000000
00080500
00000014
00050400
04000000
00000000
00000000
05040000
0e020300
00000400
00000000
00000000
00090000
00050100
13010000
00020000
00000800
00000000
00000000
00000300
00000000
00030000
00000000
00000000
0000010d
03000201
00000000
010d0a00
03000000
02000004
00000000
00000000
00000900
00000001
00000000
08000000
00000000
00030000
040a0000
00040000
0000000b
00000b03
00000600
03000002
00000002
00000000
00010007
00000000
04000801
00000000
00000000
00000000
01000002
00000302
00000000
03020000
00000000
00000000
0a050001
00000003
00020002
09000000
00020d00
00000300
00000001
00000000
0000080b
00000000
00000808
00000000
02000000
000b0000
0000000b
01000300
000c0102
00000000
00000002
00000000
09000100
000a0007
09000b00
00000100
06000000
00070000
00010002
00000000
06000011
01001300
00000000
00040800
0a000000
00000000
000a0000
0a000700
04000000
03000500
00020000
00050300
00000009
00030300
03000000
00000000
00000000
01030b00
01040200
00000000
00000200
00000000
01000102
00000000
00000000
00000e00
02000000
00000300
02000200
00000400
00010000
02020000
0000000a
00010000
03000000
00000005
00000000
00000000
00000000
00000100
0f000000
000c0000
04000000
00000000
03000000
05000100
00000000
00000600
00000000
00000000
02000006
04000000
06000000
02000000
00000001
00010003
00000100
00000000
05000000
00000100
00030000
00000000
0b070000
00010000
01000000
00000001
00030400
00000800
00040001
00000000
00020205
00000000
00000000
00000000
01050101
00000000
00000400
00000300
00000003
00000000
02000000
000b0000
0000000b
01000300
000c0102
00000000
00000002
00000000
09000100
000a0007
09000b00
00000100
06000000
00070000
00010002
00000000
06000011
01001300
00000000
00040800
0a000000
00000000
000a0000
0a000700
04000000
03000500
00020000
00050300
00000009
00030300
03000000
00000000
010a0000
06000000
00010c04
00000000
00000000
04000100
01000000
04000500
00000000
00000700
04150000
00030000
00000200
00000400
00000000
0000000b
00000008
00000000
00000300
0000000a
03000000
00000003
00000008
00000000
04050000
00020000
00020700
00080000
09000100
00000000
00000300
00000000
00021200
000a0000
08000000
04000000
07000002
00000000
00000000
03000000
00000b00
00000000
00000000
04000003
01070000
00000003
070a0100
00090700
0200000b
00000000
00010701
00000002
05050000
01000100
00000007
00000000
00030000
0100000d
02050700
00000001
00000003
00000000
0800000a
02000000
00000000
00050100
06000500
00000000
01000005
00000000
00090108
00090000
03020001
00000002
09000002
01020000
00030007
00000000
00000205
00000000
00000004
01000001
00020500
000d0000
00000100
00000000
05010100
05000500
00060200
000f0e00
00000000
000d0203
00000007
03000200
03000101
00000000
00000200
00000500
04090700
00000800
0003000b
00050000
00000000
01000404
00000000
00000600
03080000
00000008
00000100
00000100
00000000
04000200
00000000
00000000
00000000
0a090000
00000000
05000300
01000000
08000000
00000000
03000000
00001000
00000002
00000100
00000000
000a0000
00000000
00000100
00010000
00000206
00000600
00000000
00000000
00000000
00000000
04030000
00000000
00000008
03070003
04050000
00000003
04000007
00040600
00040001
01000000
00000203
00030001
00000200
00000001
00000005
00010000
00080504
00000200
04000000
00000000
00000000
00000000
00000005
0c000000
00000000
00050100
06000500
00000000
01000005
00000000
00090108
00090000
03020001
00000002
09000002
01020000
00030007
00000000
00000205
00000000
00000004
01000001
00020500
000d0000
00000100
00000000
05010100
05000500
00060200
000f0e00
00000000
000d0203
00000007
03000200
03000101
00000000
00000000
00000000
070c0200
00000900
00060007
00000000
00000300
00000100
01000001
00000000
00000000
0000000d
00000100
00000900
00000000
00050000
00000000
00000100
00000102
0e070000
03000000
030a0500
04000500
00000006
00000000
08000000
00000900
00000002
00000000
00040000
00010000
00020000
000a0100
02050600
02000008
00001007
00000200
00000600
00000000
00000000
00000003
00000000
00000012
00000000
00000000
00000000
0200000d
00000200
01020100
08000000
00000007
00060000
03000800
00000000
00020507
09000002
000a070b
00000400
06000100
00000000
00000000
03000000
00000104
02000200
00000000
00050200
02000000
02000000
00060000
00000000
0004000c
00030000
04010000
01000000
12000000
00000400
00000005
00040000
00000207
00000000
0200010b
02000c00
00000000
000a0400
00000000
02000000
00030000
06010700
00000000
02000900
00000000
00080300
0301000e
00000800
05000500
00000001
00000000
03000000
110c0300
00000c00
00090004
00000006
00000000
00000000
0e030000
00000000
00000600
00000009
00000000
00000900
00000000
000a0000
00000001
00000100
00000702
0f0a0003
02000000
000f0404
00000600
00030208
00000000
03000000
00000400
00000001
00000000
01000000
05010000
00050000
00020500
00000700
0000000d
00000909
00000000
00000303
00000002
00000000
00000001
00000000
00000004
01000000
00080000
00000000
01000009
00000000
00000000
08000000
02000104
00000000
07000000
00000000
0c080a04
05000000
00080708
00000600
00010100
00000000
00000103
06000000
00000007
03000400
00000000
00050200
02000000
02000000
00060000
00000000
0004000c
00030000
04010000
01000000
12000000
00000400
00000005
00040000
00000207
00000000
0200010b
02000c00
00000000
000a0400
00000000
02000000
00030000
06010700
00000000
02000900
00000000
00080300
0301000e
00000800
05000500
00000001
00010000
00020000
06000000
00000602
000b0000
00000000
00020000
00000000
18000000
000c0011
00000000
00000000
02000000
00000000
00010000
00000000
00000000
00000000
00000303
0a000002
00000006
00070003
15010000
02030a00
00000000
0000020e
08000000
00040002
00000000
03000000
00000005
04070000
0100000a
000a0000
00000014
00000005
00000000
02000000
00000001
00000000
00000000
00000008
01000c00
01000e00
0000030c
00000000
00000000
00000000
0b000000
0d090000
00000a01
00000000
03000005
00000009
02040000
0d000000
00040300
00000600
00080000
00000006
00000610
00000000
00000007
01000000
00000000
00040600
00000000
00000000
000d000a
00000000
0200000b
00000500
0c000a00
00010004
10000500
00000c06
04000000
00060000
00000008
00000b00
00000014
0b000b00
00000000
000d0d00
00000005
00000000
000f0000
07000600
09000000
00000800
00040000
00000a00
00010011
0a000200
0a000000
00000000
00000000
00170000
00000000
00000600
000b0000
00010000
000b0600
00090000
0f000000
00150018
00000000
00000000
02000600
00000008
000a0600
00000000
00000000
00000000
0000000b
00000000
00000017
0f030900
0c000000
00000000
00000100
0000150e
00040000
0000000b
00000000
05000000
00000000
06040000
00000000
040e0000
00000000
00000000
02000000
0000010b
00000000
00030000
00080000
00050001
05001a00
00000009
00002400
00000000
000a0000
00000300
0a000000
06060a00
00000000
00000000
00020004
00000010
00000012
00000000
00010c00
00000000
000d0000
00000000
00000b1d
00000000
0000000b
00000000
00000000
00040600
00000000
00000000
000d000a
00000000
0200000b
00000500
0c000a00
00010004
10000500
00000c06
04000000
00060000
00000008
00000b00
00000014
0b000b00
00000000
000d0d00
00000005
00000000
000f0000
07000600
09000000
00000800
00040000
00000a00
00010011
0a000200
0a000000
00000000
00000a00
00000e00
00040400
00000700
000c0000
00000000
00000700
00000000
06000000
00080006
00000000
00000100
00000000
0b000000
00060000
00000000
00000000
00001200
00000000
00000000
0000000e
00000a00
08001a00
00030000
00010300
00000400
00000500
00040000
00000000
02000000
01000000
00000000
00000000
000c0501
00000000
00000000
00000012
01000001
00000800
00000000
00010000
00000200
07000d00
00000000
00000300
00000000
00060000
0000000d
07000000
00000300
00000000
00000000
09140005
00000013
00000001
00040000
00001000
00000100
00080005
00000004
00000714
02000000
04000003
04000800
00000000
00060500
0c000005
02000000
01030012
0a000000
01020000
00000400
06030400
00000001
09000c00
00000904
02000000
00040000
00000106
00000d02
00000101
08000400
00000000
00090a00
00000000
00000000
00090000
04000000
03000000
00000200
01000000
00060a00
00000015
07000b00
04000205
00000003
00000005
02010300
03050000
01000700
00020000
00020005
04000003
02020001
00020004
00010000
00000a00
00000001
00000000
03000000
00020000
03070205
00000001
03000208
00000001
09070500
05000000
0005000d
00000000
03000008
07000a02
06030300
00050500
03000004
00000000
02000000
00000000
02000101
00000000
00000000
02000311
00000705
00030000
00000000
01070004
00000000
04000002
00000300
05000100
00000300
01060102
00000002
02000001
00000000
01000000
00000000
08070007
00000c03
04010302
00000000
04000005
07100000
00050500
00000200
00040403
00000000
00000501
01000000
00000000
05000000
00000000
00060500
0c000005
02000000
01030012
0a000000
01020000
00000400
06030400
00000001
09000c00
00000904
02000000
00040000
00000106
00000d02
00000101
08000400
00000000
00090a00
00000000
00000000
00090000
04000000
03000000
00000200
01000000
00060a00
00000015
07000b00
04000205
00000003
00000002
00000001
00050100
01000400
00020001
00020003
00000303
00010000
00020000
02000001
00030003
00000002
00040000
00020202
00020000
00040201
00000009
00020006
02010305
04000102
00020002
03050003
00000000
02020005
01000700
03000205
00000500
00000103
00040002
03000000
02000000
03000304
00000200
00000103
02000201
00010201
00020000
00000000
00020003
01030000
00000000
00000100
02050000
00040000
00030300
00040002
02000402
00000001
04000001
00000000
01030002
00000101
00000600
00010000
04020300
03000002
03050504
00040001
04050300
01000101
00000000
00000000
00000000
03000100
00000000
00080200
00000000
00000000
0009000c
00000000
00000008
00080200
00000000
00070000
08000000
00000504
03000000
00030000
00000304
00000000
09000202
05000400
00000000
00080400
00000000
00000100
00050000
07000000
00000000
0c000d00
00000000
000a0300
0100020b
07080300
05000000
00000400
00000105
00000000
00050700
00000400
00010000
0000000d
00000201
00000100
00020000
00000000
00000201
00000000
01000000
000a0000
00000000
02050204
00000105
00000000
00000c07
06000000
00040000
0005000a
00000503
04000003
00000600
0400000c
02010200
06070000
04000002
01000000
00000001
00000500
00000900
00000604
03000502
0101000e
00000000
00000000
03000006
04020000
00000000
00000500
04060000
00040000
04080000
00000000
06000401
00000000
01000000
00000000
04000002
00000005
06010706
00000000
0b030400
03000100
00050300
00010400
04020400
00000102
00000000
02010000
00000000
07010500
00000000
00080200
00000000
00000000
0009000c
00000000
00000008
00080200
00000000
00070000
08000000
00000504
03000000
00030000
00000304
00000000
09000202
05000400
00000000
00080400
00000000
00000100
00050000
07000000
00000000
0c000d00
00000000
000a0300
0100020b
07080300
05000000
00000400
00010000
01030000
00000100
02000000
00000000
00050000
00000000
00000009
00000000
00110003
00000000
00000000
01000000
00000000
00000600
00000005
00040000
05000000
00000007
00000000
00000000
00000000
03000001
00010000
00000701
0000110d
07000000
000c0000
00000000
09000000
00000008
00000000
00000301
000a0000
0000000c
00050000
00030000
00000008
0000000f
00000000
00000100
00000000
0f001000
0004090b
0001000b
00000000
00010000
00000113
06000000
02120000
00000105
00000000
01000010
00000012
00000007
10000600
00000000
00000500
00000000
00000000
00000003
00000000
0d000000
00000000
00000000
00020000
00000001
00000000
00120003
00000000
0000000f
000b0000
00000600
000c0000
0c000000
000d0806
10000000
00050000
00000307
00000000
0f000007
0a050200
00000000
06010400
05000000
00000000
00010000
02001300
00000000
16000601
00000000
00090503
00000005
00190000
0b000000
00000001
00000b00
00020e00
00030000
01000000
00000000
00000000
0000060b
00000000
00000000
00090007
00030000
00000000
01000000
00000000
00001100
00000000
00000000
06000000
0000000b
00030000
00000002
00070200
08000000
00000000
00000100
00000f00
00000100
00000000
05000000
00000000
00000000
00000000
00000900
000f050b
00000000
000d0000
04000000
00000008
0000060b
00000000
00100000
00000000
15000e00
00040017
00000100
00000001
00010000
0000051d
0c000000
02190000
00000700
00000300
00000012
00000015
00000010
00000000
00000900
00000000
000a0000
04000000
00000002
00000000
11000000
0a070000
00000000
00020000
00000001
00000000
00120003
00000000
0000000f
000b0000
00000600
000c0000
0c000000
000d0806
10000000
00050000
00000307
00000000
0f000007
0a050200
00000000
06010400
05000000
00000000
00010000
02001300
00000000
16000601
00000000
00090503
00000005
00190000
0b000000
00000001
00000200
00000700
00030400
00000000
00100003
00000000
00000000
06000009
09000000
00000000
00000700
00000007
01000000
00000000
00000000
01000200
00000000
00000e06
00000003
0f050000
00000000
00080004
08000800
00000000
00000000
09000000
00001200
00010005
00000000
00000000
00000000
00010000
00000000
00000702
00000109
04000200
00000007
00000000
00000202
00030000
04090003
00000000
0d040c00
01000000
00090006
00000000
0000000b
00030302
07000000
02130000
00000002
00000400
02000004
0000060a
07000200
0b0d0000
00050800
00000100
00000000
00000100
05000003
00000000
00000001
0d000000
00000000
00070000
0000000a
02000000
00070005
00000000
0001000a
00000000
01000000
00060000
0b000200
00000400
02000000
00060000
00000006
00000000
05000108
02000a00
00000000
00090100
04000000
00000000
00090000
06000300
00000000
02020700
00000000
000c0100
0000000e
00000400
05000000
00000002
00000500
00000000
02050500
00000300
00040001
00020000
00000000
00010009
00000007
00000000
00000a00
00000006
00000000
00000900
00000000
00040303
00000200
00000004
0000000e
07060000
00000000
030a0008
00000000
02000003
00000506
05000001
00011100
0000000c
00000000
02020000
000b0000
00000000
00090000
00000100
00000412
08000509
00000000
01000003
00000001
00030000
020a0004
00000000
04000506
00000000
00050005
00000000
0600000f
00000000
05000000
00010000
02020107
00000300
06000000
00000006
00010706
0a000000
00041104
00000400
00000300
00000300
00000000
00000000
00000203
00000000
00000000
00070000
0000000a
02000000
00070005
00000000
0001000a
00000000
01000000
00060000
0b000200
00000400
02000000
00060000
00000006
00000000
05000108
02000a00
00000000
00090100
04000000
00000000
00090000
06000300
00000000
02020700
00000000
000c0100
0000000e
00000400
05000000
00000002
00000000
00050000
0b050300
01000400
00000000
00000000
00010000
00010007
00000001
00000401
01000600
00010000
00000300
00000100
00000000
00020506
00000000
00000000
00000008
03000008
00000000
00080700
00000000
00000003
00000600
01000000
00010a00
00000005
00000000
07000000
00040000
00000000
000c0000
00000300
0000000a
00000a00
00000000
01000006
00000000
00000000
00040001
00000000
00000000
00010000
00000000
00060000
0a000006
00010000
00000000
00010001
000a0000
00000000
07000003
00000706
00060100
0b000000
00030900
00000000
00000004
00000000
00000000
00000100
00000300
00000000
00040100
00050000
0200000d
00000000
00030007
00000000
03000100
00000000
09000000
00040006
08000000
00000000
00000100
00040000
00020004
00000000
0100020e
00000600
00010200
000a0003
07000000
00000000
00090000
00000200
00000001
08040900
00000000
000b0002
0000000b
00010501
05000000
00000002
00000000
00000a00
01050000
00000000
00000300
00000000
03000008
05000000
00000000
00000e00
00000000
00000300
08000600
00000502
00000000
00060000
0000000b
00070000
00000000
0000000c
00000000
00000500
00000000
00000300
0b020100
00080000
060a0000
00010000
09000000
09000200
02000100
00000d00
00020000
00010000
00010001
06020000
09000000
00000106
00000003
00000000
00000000
00040000
03000000
00000600
00000000
00000000
0a050000
00050000
00000000
00000002
00020600
00000000
00030000
03000000
00040007
00000000
00000000
04000000
03040400
00000000
00000300
00010200
00000002
00000003
00040100
00050000
0200000d
00000000
00030007
00000000
03000100
00000000
09000000
00040006
08000000
00000000
00000100
00040000
00020004
00000000
0100020e
00000600
00010200
000a0003
07000000
00000000
00090000
00000200
00000001
08040900
00000000
000b0002
0000000b
00010501
05000000
00000002
090c0000
00000200
00000203
00000300
00020000
03000000
05000000
03000900
00000000
00000000
0a0f0000
00040000
00000800
00000000
08010000
0000000a
00000000
00000000
00000700
00000010
08010e00
00000000
00000002
00000000
00050000
00000000
00020000
00040000
09000700
00000002
00000400
00000000
00011400
000a0000
00020000
04000000
07000000
00000000
00000000
01000000
00000a00
02000000
00030000
00000106
00040000
00000000
020e0000
00020c00
00010015
00000000
00010402
00000000
04050000
02000200
0000000b
00000000
00000000
0300000c
00000000
00000000
00000005
00040000
11050001
00000002
00000000
00050100
06000500
00000000
01000005
00000000
00090108
00090000
03020001
00000002
09000002
01020000
00030007
00000000
00000205
00000000
00000004
01000001
00020500
000d0000
00000100
00000000
05010100
05000500
00060200
000f0e00
00000000
000d0203
00000007
03000200
03000101
00000000
01000600
00040a00
01040400
00000705
00000004
000d0000
00000002
00000900
00000000
00000200
06180000
00020500
00000100
00000100
00000000
06030000
00000002
00000000
01000400
00070206
00000600
01000000
00000005
01000000
00000006
05000000
02000400
00000000
02000200
00000000
00070000
00000000
00000b00
00040000
00000000
00000000
02000000
00000000
00000000
00000000
10040200
00000000
00000000
0006000b
07000001
00040000
09000003
000b0200
02050013
00000000
00090d07
00010006
00000000
01000002
00000003
00000000
00010500
00000006
03000500
00000100
00050000
00000000
06000003
0b000000
00000000
00050100
06000500
00000000
01000005
00000000
00090108
00090000
03020001
00000002
09000002
01020000
00030007
00000000
00000205
00000000
00000004
01000001
00020500
000d0000
00000100
00000000
05010100
05000500
00060200
000f0e00
00000000
000d0203
00000007
03000200
03000101
00000000
00000000
00000000
00110100
00000500
00010008
00060000
00000000
04000100
00000002
00000100
00090000
00020009
00000400
00000700
00000100
01040300
00000500
00000002
00000408
08090000
00000400
05110000
02000700
01000001
00000404
08000000
00000700
00000001
01000000
01000000
000a0000
00000000
00030100
00000400
00000501
00000000
00000000
00000000
00000001
00000000
06070001
00000300
00030005
00000002
0a0a0000
00040000
08000007
00030000
0500000a
00000000
00070008
00050003
00000000
00000006
00000000
09020004
01010502
00000600
02000a00
03000700
00010000
00000200
00000300
07000a00
00000000
00050200
02000000
02000000
00060000
00000000
0004000c
00030000
04010000
01000000
12000000
00000400
00000005
00040000
00000207
00000000
0200010b
02000c00
00000000
000a0400
00000000
02000000
00030000
06010700
00000000
02000900
00000000
00080300
0301000e
00000800
05000500
00000001
02000002
00000000
000b0500
00000500
000a000a
00000002
00000000
03000200
00000000
00000000
00000400
00000005
00000300
00010300
00000000
00000000
00000b00
00000300
00000507
0d040000
00000000
000d0209
09000a00
00050000
00000005
06000004
00000d02
00000005
00000100
03000000
00020000
00000000
00060200
01000d03
00000408
02000007
00000001
00000202
00000000
00000000
01000003
00000800
00050000
01000000
00090204
00000000
0600000a
00000000
01000000
01050000
00000001
00070000
07000000
00000001
11010300
07000000
00050900
00000b00
00000900
00000600
00000000
01000000
00000101
00000000
00000000
00050200
02000000
02000000
00060000
00000000
0004000c
00030000
04010000
01000000
12000000
00000400
00000005
00040000
00000207
00000000
0200010b
02000c00
00000000
000a0400
00000000
02000000
00030000
06010700
00000000
02000900
00000000
00080300
0301000e
00000800
05000500
00000001
00000000
00000000
00060200
00000400
00110102
00000000
00050000
00000000
0d000000
00020000
00000000
00000000
02000800
00000000
00000000
00000000
04000300
00050000
0600000e
00000000
00000a00
02000003
1c000000
00070600
00000006
00000011
00030200
0000000d
00000600
00000100
00000009
00080000
06000009
02000000
00000417
01000002
00030000
00000000
00000000
00000000
09000000
00000000
01001300
00000e00
00000c09
00000000
00000603
00000000
03000000
090c0000
00000002
00000200
02000000
00000009
00000004
0c000000
00000103
00030000
00000000
00000103
0000000a
04000000
00000000
00020000
00000000
00040600
00000000
00000000
000d000a
00000000
0200000b
00000500
0c000a00
00010004
10000500
00000c06
04000000
00060000
00000008
00000b00
00000014
0b000b00
00000000
000d0d00
00000005
00000000
000f0000
07000600
09000000
00000800
00040000
00000a00
00010011
0a000200
0a000000
00000000
00000000
05060600
00000000
00000700
000e0000
00030000
000b0c00
00000000
14000000
000c0004
00000000
00000000
04000800
00000000
00000001
00000000
04020000
00030000
00000017
00000001
00000009
0c000000
1a000000
00080000
00000300
00000507
00040000
0000000b
00000000
00000000
00000006
00020000
06000000
00050000
00000002
00000000
00050000
00000008
00000000
00000000
00000400
000a0000
03001e00
03010000
00001900
00000000
00000000
00000100
0d000000
04060100
00000900
00000000
00000000
00000008
0000000f
00000000
00000d0d
00030000
00000000
00000000
00020411
00000001
00000002
00050000
00000000
00040600
00000000
00000000
000d000a
00000000
0200000b
00000500
0c000a00
00010004
10000500
00000c06
04000000
00060000
00000008
00000b00
00000014
0b000b00
00000000
000d0d00
00000005
00000000
000f0000
07000600
09000000
00000800
00040000
00000a00
00010011
0a000200
0a000000
00000000
00000a00
01000d00
01000302
00000602
000b0000
00000000
00000001
03000000
0d020000
00030000
00000000
00000000
01000000
03000000
00000000
00000000
00000000
00001100
00000000
00010000
00000007
00070000
07061700
00080000
00000200
02000000
00000300
00020000
00000000
00000002
02000002
00010000
01000000
00070500
00000000
00000000
0001000c
03000000
00000804
00000000
00000200
00000000
06031600
00000000
00010000
00000000
00000100
00000005
08000000
00000000
00000600
00000000
06000001
00000005
00000000
00030000
00000f00
00000500
00000001
00000008
0300000b
07000000
00000008
08000801
00000000
00060500
0c000005
02000000
01030012
0a000000
01020000
00000400
06030400
00000001
09000c00
00000904
02000000
00040000
00000106
00000d02
00000101
08000400
00000000
00090a00
00000000
00000000
00090000
04000000
03000000
00000200
01000000
00060a00
00000015
07000b00
04000205
00000003
01000004
00020401
00050002
00000905
00010002
00010000
04000004
03010001
00010004
00000000
00000900
00000000
00000001
02000100
00010000
07070304
00000005
00000208
02000002
09090400
00000000
0008000b
00000001
01000005
07000901
0a040000
00030500
01000003
02000000
00020000
00010000
02000000
00000000
00000001
0200030f
00000305
00040000
00000000
03050004
00040000
03000001
00000300
04020000
00000100
010a0001
00000000
00000102
00000000
02000001
00000000
05050008
00000902
06000100
00000000
02010101
080e0000
00050701
00000500
04070702
02000200
00000100
00000000
00000000
00000000
00000000
00060500
0c000005
02000000
01030012
0a000000
01020000
00000400
06030400
00000001
09000c00
00000904
02000000
00040000
00000106
00000d02
00000101
08000400
00000000
00090a00
00000000
00000000
00090000
04000000
03000000
00000200
01000000
00060a00
00000015
07000b00
04000205
00000003
00000001
00010002
00060100
00000500
00010003
00030002
00000302
00010201
00010000
01000000
00030002
00000001
00040100
00010304
00020000
00020202
0000000a
02020006
01000205
03000003
00010002
03070102
00000000
03000006
01000800
03000403
00000600
00000102
01000002
00000000
01010000
01000103
00000100
00000204
02000200
00000302
00040000
00000000
00010003
01040000
00000000
00000100
01030000
00050000
00020301
01040002
02000303
00000001
03000001
00000000
00020002
00000001
01000600
00010000
02010200
03000000
04050603
00040000
04050400
02000201
00000000
00000000
00000000
03000000
00000000
00080200
00000000
00000000
0009000c
00000000
00000008
00080200
00000000
00070000
08000000
00000504
03000000
00030000
00000304
00000000
09000202
05000400
00000000
00080400
00000000
00000100
00050000
07000000
00000000
0c000d00
00000000
000a0300
0100020b
07080300
05000000
00000400
00000002
01020001
00050600
00000500
00000001
0000000c
00000401
02000300
00030000
00000000
00000200
00000000
00000000
000a0000
00020000
01060303
00000006
02000000
00000c07
04000000
00040000
00080009
00000402
02000005
00000600
03000009
00000100
06060000
05000000
00000000
00010000
02000500
00000800
00000703
02000500
00010010
00020000
00000000
04000005
04050000
00000000
00000500
04040000
00010000
01050000
00000000
06000101
00000005
00000000
00000000
06010004
02000004
05000803
00010000
0a040500
01000100
00060300
00030600
03020700
02000402
00000000
01010000
00000000
07000500
00000000
00080200
00000000
00000000
0009000c
00000000
00000008
00080200
00000000
00070000
08000000
00000504
03000000
00030000
00000304
00000000
09000202
05000400
00000000
00080400
00000000
00000100
00050000
07000000
00000000
0c000d00
00000000
000a0300
0100020b
07080300
05000000
00000400
00000000
07040000
00000200
05000000
00000000
00020000
00000000
00000007
00000000
000a0000
00000000
00000000
00010000
00000000
00000100
00000000
00050000
0a000000
00000205
00020000
00000000
00000000
01000003
00000001
00000400
00000a0c
07000000
000e0003
00000000
00000000
0000000e
00030000
05000504
00060000
0901000d
00000003
00090000
0000000a
0000000a
00000000
00000400
00000000
0b000f00
00000c08
00000212
00000000
00000000
00000414
07000000
00000100
03000003
00000001
03000110
00000106
00000006
10000100
00000000
00000700
00000000
00000000
00000000
00000001
0a000000
00000000
00000000
00020000
00000001
00000000
00120003
00000000
0000000f
000b0000
00000600
000c0000
0c000000
000d0806
10000000
00050000
00000307
00000000
0f000007
0a050200
00000000
06010400
05000000
00000000
00010000
02001300
00000000
16000601
00000000
00090503
00000005
00190000
0b000000
00000001
00000000
01091000
00000000
01000200
00000000
00000000
00000309
00000003
01000000
000c0000
00000000
00000000
00000600
00000000
00000d00
00000000
00020000
07000000
0000000d
00000000
00000400
06050000
0b000000
00010002
00000000
00000e00
00000000
00000000
00000000
00000000
00000006
00000000
00000800
00110206
00020000
00050000
00080000
00000014
00000009
00000000
00030000
00000000
110a1600
00080013
00000b00
00000000
00000000
00000221
0b000000
000a0000
00000500
00000000
0000000f
00000016
00000015
00000000
00000600
00010000
00000000
00000000
00020208
00000006
10000000
03090000
00000000
00020000
00000001
00000000
00120003
00000000
0000000f
000b0000
00000600
000c0000
0c000000
000d0806
10000000
00050000
00000307
00000000
0f000007
0a050200
00000000
06010400
05000000
00000000
00010000
02001300
00000000
16000601
00000000
00090503
00000005
00190000
0b000000
00000001
00000200
00000a00
00070200
00000205
00060000
00000000
00000000
04000000
06000000
00070000
00000300
00000000
00000500
00000000
00000200
00000100
00000000
00001502
02000001
09060000
00000002
00120004
08010f01
00000000
00000300
09000000
00000300
00010000
00000000
00000000
00000003
00080000
00000000
00030c00
00000100
00000002
0000000d
02000000
00000600
00030000
07000100
00000100
08090c00
00000000
00060007
00000000
00000000
0005000b
08000000
00000000
02000004
00000000
07000708
00000509
06000000
06110000
02000400
00000900
00000604
00000201
00000305
04000000
00000002
12060400
00000000
00070000
0000000a
02000000
00070005
00000000
0001000a
00000000
01000000
00060000
0b000200
00000400
02000000
00060000
00000006
00000000
05000108
02000a00
00000000
00090100
04000000
00000000
00090000
06000300
00000000
02020700
00000000
000c0100
0000000e
00000400
05000000
00000002
00000000
00040000
08080000
00000b07
01020002
00040000
06000000
01010004
00060005
00000003
00000a00
00090001
00000800
00000800
00000000
00080203
00000600
00000006
00000009
09030700
00000000
040e0004
00000000
00000206
04000c05
02010000
00000a00
00000009
00000000
0a010000
000b0000
00000000
00020000
00000000
00000815
00000009
00000000
00000000
00000000
00040000
00000004
00000200
00000000
00000300
04060001
00000000
05000000
00070000
00000008
00000000
04060107
00000300
09000000
00010008
00050401
090a0000
06050800
00000400
00030800
00000200
00000000
00000000
00000000
00000000
00000000
00070000
0000000a
02000000
00070005
00000000
0001000a
00000000
01000000
00060000
0b000200
00000400
02000000
00060000
00000006
00000000
05000108
02000a00
00000000
00090100
04000000
00000000
00090000
06000300
00000000
02020700
00000000
000c0100
0000000e
00000400
05000000
00000002
00000000
00060000
05060100
04000703
06000300
00000000
00000000
00000501
00000000
00000a00
06000000
00000000
02000600
00000303
00000000
00020609
00000003
00000000
00000201
00000006
00000000
00010500
00000004
00000701
05000600
00050000
00040000
03000004
00000000
08010000
00050007
00000600
00000000
00000200
00000007
02000200
00000001
00000006
00000000
00000000
00000100
00060000
00000000
00040100
05000000
00030000
0d000000
00060200
00000003
00000000
000c0c00
00000000
03000002
05020707
00040000
0d000000
01040300
00000000
00060200
00000000
00000000
00000400
00000000
00000000
00040100
00050000
0200000d
00000000
00030007
00000000
03000100
00000000
09000000
00040006
08000000
00000000
00000100
00040000
00020004
00000000
0100020e
00000600
00010200
000a0003
07000000
00000000
00090000
00000200
00000001
08040900
00000000
000b0002
0000000b
00010501
05000000
00000002
00000600
00000900
00020100
00000000
00000400
00000000
05000005
09000300
00000000
00000e00
02000000
00000900
11000300
06000005
00000000
00060000
00040006
00060000
00000000
0000000f
01000200
00000600
00000000
00000101
05000200
00000000
06070000
00000000
04000000
08000900
00000200
00000d00
00000000
00040000
00000000
00030000
0e000001
00000006
00000004
00000100
00000000
00090000
04000000
00000300
00000000
00010000
0b070000
00010000
00020001
00020003
00070400
00000000
00020003
03000100
00000009
00000000
00000000
02000000
06000000
00000000
00000300
00000300
00000000
00000001
00040100
00050000
0200000d
00000000
00030007
00000000
03000100
00000000
09000000
00040006
08000000
00000000
00000100
00040000
00020004
00000000
0100020e
00000600
00010200
000a0003
07000000
00000000
00090000
00000200
00000001
08040900
00000000
000b0002
0000000b
00010501
05000000
00000002
070e0400
00010000
00000005
00000500
00030000
00000000
08000000
060a1400
00000000
03000100
0c020000
00090000
00000600
00000000
17000002
02000008
00020000
00000000
00000f00
00000012
02000901
00000000
00000000
00000000
00030000
00000000
00060000
00040000
00000700
00000000
00000600
00000000
00021000
00080000
00000000
00000000
00000000
03000000
00000000
00000000
00000200
00000002
00000000
01000107
00020000
00000000
00100102
00000600
00000010
06000003
00020400
00020000
01010002
01000500
0000000f
00000000
00030000
0600000d
00000000
00000000
00040007
01030000
130a0000
00000003
00060b00
00070200
08000601
00000000
04000009
00000000
00040802
00050000
02000003
00000008
08000000
02030401
00010305
00000000
00000306
00000000
00000000
00000005
00080702
000b0203
00000000
04000000
06000200
03000500
000e0000
010c0d00
00010000
0008000c
00010404
01000800
05000002
00000000
05000100
03070d00
00000100
03001001
00000000
03070000
00000800
00050f00
00000000
00000500
12180000
00090900
00000200
00000000
0c000000
00010000
01000000
00000000
00000400
00000013
02000500
00000000
02000002
00000000
0000000d
00000000
04080000
00000000
00000a00
00000000
00000100
00000000
00001b00
000b0000
00000000
00000000
00000000
00000000
00000000
00000000
0c000400
00000000
00040000
00000014
01000000
00000000
05000000
00000d00
00000012
00000000
00020e00
00000000
00000003
00000000
0000000c
00000000
00010700
0000000d
00080000
000b0000
000d0007
00000000
120a0008
00000000
00060b00
00070200
08000601
00000000
04000009
00000000
00040802
00050000
02000003
00000008
08000000
02030401
00010305
00000000
00000306
00000000
00000000
00000005
00080702
000b0203
00000000
04000000
06000200
03000500
000e0000
010c0d00
00010000
0008000c
00010404
01000800
05000002
00000000
00000500
00010000
00000300
00000c07
00000004
000d0000
00000300
00000600
00030000
00000200
021b0000
000a0002
00000000
00000000
00000000
00000000
04000000
00000000
03000405
00040702
00000900
00000000
00000501
00000000
00030005
00000000
00000000
00000000
00000000
00000000
00000300
00000000
00000800
00000000
01000500
00000000
00000000
00050000
00000000
00000001
0b000100
00000000
00050000
00000005
09040000
00000000
03000100
00050000
08000011
00000000
00070a08
00000008
00000005
00000000
02000000
00020001
00020500
00000303
00090b00
00000100
000b0000
00000000
00000004
08001000
00060001
00060300
04000002
00000004
00010003
02000000
00050304
03000000
02000000
00020003
0f000000
00000501
00000104
00020000
00000106
00000000
00000009
00000604
00080102
000a0600
00000000
06000200
01000000
00040200
00030000
01000800
00010000
000b0301
0401000e
00010500
05000101
00000000
00000603
00000000
00080500
00000a00
00070005
01000006
00000003
00000100
00010000
00000000
00060100
00070000
00000000
000a0000
00000000
00000000
00000f00
00000000
00000b09
0d050000
00030200
00070006
01000b00
01040000
0000090e
02000000
00000300
00000009
00000000
05000000
00000000
00030000
00000400
00000704
00000604
00000000
00000005
00000000
00000000
01000000
0600000a
00000000
00000000
01000000
02080008
00000000
02000008
00000000
04000000
00000000
00000200
00010100
05000400
00000002
10000000
02000000
00040b00
00000b04
00030700
00000002
00000000
04000000
00000001
0c000600
00060001
00060300
04000002
00000004
00010003
02000000
00050304
03000000
02000000
00020003
0f000000
00000501
00000104
00020000
00000106
00000000
00000009
00000604
00080102
000a0600
00000000
06000200
01000000
00040200
00030000
01000800
00010000
000b0301
0401000e
00010500
05000101
00000000
00050100
00000000
040d0000
00000900
000c0000
00000000
00010000
00010000
0d000000
00060005
00000000
00060000
00000800
00000000
00000500
00000000
00000a00
00000000
0d00040e
01000000
00000000
00000000
070e0000
000e0000
0000050e
00000008
00000401
0000000e
00000400
00000200
00000000
0a120000
05000710
00020000
00000010
00000000
00000000
02000000
00000000
01000000
09000016
00000000
00001400
03000d00
00000004
00000000
00000502
00000000
06000000
06000200
00000608
00000d00
02000101
0000000a
00000008
06000000
00000000
00000000
00000000
00000000
00000010
00000000
00000004
000e0000
000b0004
00050200
00000003
00000008
000a0007
05000000
01000504
03000000
06000200
00040002
10000600
00000804
07000002
00050000
00000009
00000100
0500000b
00010901
00090000
000a0900
02000000
05000000
00060000
03000600
02000000
00000700
00030000
00040700
0301000d
03020100
09000000
00000000
00000000
03020000
0b040000
00000b00
00060000
00000000
00071200
000a0000
0e000400
000b000e
00000000
00000000
00000d00
00000002
04000400
00000000
00000000
00000000
02000019
00000003
00000000
06030000
0d0c0000
00110003
00000501
00000000
00000006
00000008
00000000
00000000
00000000
000a0000
0c000000
09080100
00000000
00000000
00000100
07000002
00000000
00000000
00000509
00000000
08041b00
00000002
00000700
00000000
00000300
00000000
12000000
07010a00
00000c04
00000000
00000000
0000000c
00000010
00000002
00000d0c
00010000
00000000
00000000
000a0010
00000000
00000006
00150000
000b0004
00050200
00000003
00000008
000a0007
05000000
01000504
03000000
06000200
00040002
10000600
00000804
07000002
00050000
00000009
00000100
0500000b
00010901
00090000
000a0900
02000000
05000000
00060000
03000600
02000000
00000700
00030000
00040700
0301000d
03020100
09000000
00000000
00000700
00000600
0c000500
00000c00
00000000
00000000
00000600
00010000
0f000000
00040003
00000000
00080000
00000000
00000000
03000500
00000000
00000000
00001100
08000000
00030300
00000003
000b0000
060f1300
00050001
00000000
04000000
00000000
00000000
00000000
00010000
00000001
00110000
05000000
00040c00
00000000
00000002
00000509
08000000
00000100
00000000
00000000
00000003
04050f00
00000000
00000000
00000000
00000500
00000000
0f000000
03020000
00000b09
00000000
0a000005
00000000
00000000
00000000
00001300
00000600
00000008
00000004
02010204
08000004
02000007
01081400
00030000
00090000
0200000a
00000203
00060014
09000000
00050000
00000200
04000000
00020008
0b000700
00000400
00000200
00060000
00000106
00000100
00000000
00030802
00030000
000a0300
00000000
03000000
00050000
00000000
00000000
01000100
00000000
000a0100
00010010
00000900
04000001
00000002
00000202
00000000
01040000
00000b06
00000004
00040000
03000002
02030000
00000000
00010000
00000c00
00060000
00000000
07000000
00000400
05060000
00000004
00020403
05000002
080c0504
00000000
00030009
00000000
02000004
07000804
0b020000
00000100
00000003
00000000
00000000
00050000
02000000
00000000
00000100
01000510
00000003
00000100
00000000
00060000
00020000
00000000
00000000
04000000
00000200
00060001
00000000
02000000
00000000
07000002
00000000
02010109
00000600
05000000
00000000
00030000
080b0000
00030a00
00000700
03070707
01000000
00020000
00000002
00000000
00000000
00030000
00090000
0200000a
00000203
00060014
09000000
00050000
00000200
04000000
00020008
0b000700
00000400
00000200
00060000
00000106
00000100
00000000
00030802
00030000
000a0300
00000000
03000000
00050000
00000000
00000000
01000100
00000000
000a0100
00010010
00000900
04000001
00000002
00000100
00000000
00050000
00000701
00000004
00050000
00000100
00030000
01020200
00010302
00050003
00040001
00020000
04030103
00000000
00020001
0000030b
00020102
03000504
03000307
00010102
00020201
00000001
04040005
00000905
03000302
00000100
00000001
00000000
01000000
00040002
01000001
00000000
00000403
04000500
00000101
00000001
00000300
00000000
00020000
00000000
00000000
00000000
00040000
00010003
00020000
03000303
00000000
03000002
00000000
03000004
02000001
03000900
00000000
00040000
04000204
03030900
00050000
04060700
04000000
00000000
01000001
00000200
04000100
00030100
00050000
05000000
00000004
00050010
04000000
00010005
00000600
08000000
00050005
0e000000
00000400
00000000
00030000
00000306
00000400
00000000
00000806
00030000
000a0800
00000000
02000000
00020000
00000000
00020000
02000600
00000000
00050300
01000013
06000000
02000005
00000000
00000602
01000000
000a0400
00000d00
00000000
00000008
00000100
01000100
00060000
00000000
00000500
00020001
00000000
02100002
00000000
00040000
00000606
00010100
00000a04
05030003
00040000
00030008
00000300
00040004
00000400
00000003
00000000
03000000
00000000
00000000
06000001
00000300
00000d00
00000a05
01000400
0000000b
00000000
00000100
00000000
00030000
00000004
00000300
02010000
00000000
00040000
00000000
09000301
00000001
00000000
00000000
04010106
03000002
02000303
00000000
08050000
03000200
00060700
00000700
00030a00
03000000
00000000
04000000
00000000
0a000400
00030100
00050000
05000000
00000004
00050010
04000000
00010005
00000600
08000000
00050005
0e000000
00000400
00000000
00030000
00000306
00000400
00000000
00000806
00030000
000a0800
00000000
02000000
00020000
00000000
00020000
02000600
00000000
00050300
01000013
06000000
02000005
00000000
00030000
0a000000
01000000
00000b00
00000000
00000000
00000000
00100002
05000000
000c0001
00000000
00000000
00000000
00000000
01000200
00000000
03000900
05000000
00000c01
00020000
00060000
00070000
02000000
00030004
00000004
0000000b
00000000
00050009
00000000
00000000
00000013
00060000
09000009
01050100
0c01000a
00040001
00000000
04000013
00000000
00000000
01000816
00000000
06040800
00000b02
00000211
00000000
00000000
00000d17
03000000
00000000
01000009
00000000
00000510
0000030b
00000000
0c000005
00000200
00000400
00050100
00000000
00090003
0d000001
00000002
000b0000
00090007
00000000
00000000
0000000a
00130000
00000000
0000000e
05010201
0a000000
000c0000
0e000400
00030600
09000004
00030000
0000010b
00000400
09000000
00001007
00080000
00030800
00000000
04000000
00030000
05000401
08000000
0b000200
00040000
00000400
04010010
00020000
06000008
00000000
00000800
09070800
07000000
00000f00
00000000
00010000
00000b00
00100001
10000000
000f0001
00000000
00000000
00000000
00000000
11000c00
00000000
06000000
04060000
00000007
00050000
00000003
070a0000
0b000000
0009000e
00000000
00000006
00000003
00000008
00000000
00000000
00000003
000a0000
09000000
010c0a00
00000000
00090000
00000700
0000001a
00000000
00000000
00000012
00040003
110c1900
00000004
00000a00
00000000
00000000
00000825
04000000
01060100
00000000
00000000
0000000c
0000001b
0000000f
0000000f
00000e05
00000000
00060000
00010000
000e030c
0900000d
0f000002
00120000
00090007
00000000
00000000
0000000a
00130000
00000000
0000000e
05010201
0a000000
000c0000
0e000400
00030600
09000004
00030000
0000010b
00000400
09000000
00001007
00080000
00030800
00000000
04000000
00030000
05000401
08000000
0b000200
00040000
00000400
04010010
00020000
06000008
00000000
00000b00
01000200
06070700
00030a04
00000000
00000000
00000100
05000700
10070000
000b0002
00000700
000a0000
00000000
00000000
00000000
00010000
05000000
00001300
00000005
09060600
00000005
00060004
03001400
00000000
00000000
0b000000
00000000
00000000
00000000
04000000
01000000
000a0000
00000100
00031500
00000205
00030004
00000206
07000000
00000000
00000000
00000005
00000000
08020800
00000000
00000003
00000000
07000000
00000010
01000000
00000000
00000101
00000000
0a000306
0000000b
0a030000
02090000
00000e00
00000600
0007030a
00000004
00000102
06000001
00000007
05070d00
00050000
00010100
00000006
00000003
00060002
00000000
04070208
00000000
09000000
00000004
09000200
00000200
00000100
00020000
00000008
00000100
02000000
00000504
00040100
010a0500
00000000
02000000
00020000
01000000
00000000
00000100
00000000
00060003
0000000d
05000001
04000203
00000006
00000000
00000000
05070000
00000905
0a000000
00000000
08000000
00040600
00000000
00000200
06000800
00090000
00000000
00000000
00000000
00060102
07000000
00000000
00000006
02000900
00000000
00000000
00000000
00000c00
0b000003
00040000
00000002
00000009
00000000
0b000000
060b0000
00000000
00000002
00000000
01020318
00000001
00000000
00000700
00000000
00000000
00000100
00000000
00000000
00000b00
02060000
00000000
0d000100
00020000
0900000f
00000000
00050c09
00000400
02000008
00050108
00060000
0d090000
00070600
00000000
02090100
01000000
00070000
00000500
00030000
00000000
00050000
00010100
00000006
00000003
00060002
00000000
04070208
00000000
09000000
00000004
09000200
00000200
00000100
00020000
00000008
00000100
02000000
00000504
00040100
010a0500
00000000
02000000
00020000
01000000
00000000
00000100
00000000
00060003
0000000d
05000001
04000203
00000006
00000400
00010000
01020200
02000600
07050800
01000000
01000100
00070a00
00000000
00000d00
07000000
00020000
04000000
00000002
08000000
00010100
03000003
00000000
00000002
0000000c
00000000
00000200
00000000
00000600
07000000
00000000
00080000
00000003
00000000
05000000
00030002
00001000
00000000
00000000
00000003
00000000
00000000
00000405
00000000
00000600
00000000
00170000
04000000
00000000
00000000
00000000
09020400
00000400
02000003
01010000
00031400
00000000
00000008
02000406
00000006
04000000
00000500
00000000
00040000
00000000
00060000
00000400
00040005
00000000
00050000
02000200
04000005
00000001
00000106
02000001
05000702
00000000
07000003
00000006
08000000
02000000
00000300
00010000
00020005
00000000
00000403
00000001
00030300
000b0004
01000000
02000000
00050100
00000000
00000002
05010400
00000000
00030004
0001000c
04010603
05000000
00000004
00000e00
00000600
00050000
00000000
01000200
00000000
08000300
08060200
00000000
0c010c00
02000000
00070c00
0f000000
0f000004
06000000
00020000
00000000
00010400
00000000
00000012
00010200
00000500
00000000
00000001
00000000
00010000
07000000
00000200
00000000
04000a04
00000200
00000900
00000000
00000000
00000000
00000000
03000002
00000000
00000000
00000000
00000006
000a0000
06010000
00000000
00000000
00000000
02080400
00000000
00000001
030a0007
00020000
00000000
00040004
04000000
00000008
00000000
00000000
04000400
05000000
00000000
00000700
00040400
00040000
00000000
00050000
02000200
04000005
00000001
00000106
02000001
05000702
00000000
07000003
00000006
08000000
02000000
00000300
00010000
00020005
00000000
00000403
00000001
00030300
000b0004
01000000
02000000
00050100
00000000
00000002
05010400
00000000
00030004
0001000c
04010603
05000000
00000004
0c020400
00010000
06000008
03000300
00000000
00000000
07000000
03040d00
00000000
06000500
09000000
00090000
06000b00
00000001
07000000
05020007
000a0500
00020000
00000900
02000009
00000100
00000000
00000000
0000000a
00000000
00000000
000b0001
00010400
00020100
00000000
00000300
00000000
00050200
00000000
00000008
00000000
00000400
03000000
00000000
00000001
00000008
00000002
00000004
02000100
00000000
00000000
000a0001
03020200
00010e06
06000008
00020600
00010000
00020000
00000a00
0000010c
00000300
00080000
0a000000
07000000
00000000
00040000
00060000
11020100
00000002
00060b00
00070200
08000601
00000000
04000009
00000000
00040802
00050000
02000003
00000008
08000000
02030401
00010305
00000000
00000306
00000000
00000000
00000005
00080702
000b0203
00000000
04000000
06000200
03000500
000e0000
010c0d00
00010000
0008000c
00010404
01000800
05000002
00000000
13000000
05040a00
06000000
09000c00
00000002
06000007
09030700
00010800
00000004
00000100
12040000
00000400
00000a00
00000000
02000000
00050100
00050000
00070000
00000700
00000011
0d000200
04000300
07000000
00000007
00000000
00000000
01110004
00000000
00000e00
00000000
00000000
00000000
00051500
000b0000
00000001
00000000
00000900
01000000
00000000
00000000
00000500
05000006
00000005
00000011
00000000
00000000
00060000
00000d00
0009140e
00000001
00000300
00050000
00020000
00000000
0000000e
00000a00
00050000
04000000
06020000
00030000
000c0005
00040000
1a000002
00000000
00060b00
00070200
08000601
00000000
04000009
00000000
00040802
00050000
02000003
00000008
08000000
02030401
00010305
00000000
00000306
00000000
00000000
00000005
00080702
000b0203
00000000
04000000
06000200
03000500
000e0000
010c0d00
00010000
0008000c
00010404
01000800
05000002
00000000
10000000
04000800
03000000
0200070a
00000000
04040006
05000700
00000000
00000003
00000400
06150000
00030700
00000400
00000000
00000000
00060000
00000000
00060000
04000a00
01000007
04000400
01000000
04000000
00000002
00030000
00000000
00000000
00000000
00000900
00000302
00000000
00030000
00000d00
00070000
0a000000
00000000
00000600
00000000
00000000
00000000
05000c00
00000000
00000001
0200000b
00000000
00000000
00000000
000a0b01
00020f09
00000000
00010807
00000005
00010000
04000003
07000003
00000c00
0a020001
03000000
010d0000
00010000
000a0005
00000000
0e000009
01000a00
00060001
00060300
04000002
00000004
00010003
02000000
00050304
03000000
02000000
00020003
0f000000
00000501
00000104
00020000
00000106
00000000
00000009
00000604
00080102
000a0600
00000000
06000200
01000000
00040200
00030000
01000800
00010000
000b0301
0401000e
00010500
05000101
00000000
07000701
02000000
05060200
00000504
00000003
01000007
05000000
01000000
00000109
00000700
000f0003
00030000
00000000
00080000
00000000
0c040000
00000600
00030001
01000c03
08010000
00000000
00020006
00020000
00000000
00000000
00000000
00000000
00000004
00000002
01000000
00010000
00000000
00000b00
00000400
03000004
00000000
00000006
00000000
00000100
00000000
01040000
00000000
00000002
02000100
07020001
00000002
02000008
00070002
03000e00
00000000
01000702
00020004
00000000
00000005
0b000000
00000300
00080304
01000000
00000900
00000000
00000000
00000000
00000003
0b000700
00060001
00060300
04000002
00000004
00010003
02000000
00050304
03000000
02000000
00020003
0f000000
00000501
00000104
00020000
00000106
00000000
00000009
00000604
00080102
000a0600
00000000
06000200
01000000
00040200
00030000
01000800
00010000
000b0301
0401000e
00010500
05000101
00000000
00000300
02010000
060a0000
02000000
00010000
02000000
00030000
00000005
0100060f
00050300
00000006
00000000
00000500
00000100
00000500
00000100
00000a00
00000000
02000507
0f000000
00000000
00000000
00130000
08000800
00000100
00000000
00000602
00000009
00000000
00000000
00000000
00000000
00000707
00000000
00000013
00000100
01000000
02000000
00000000
00000000
05090300
00000000
01000a08
05000800
02000000
00000000
03010006
00000000
06020f00
02000602
00000900
00000000
00000000
00000005
0000000a
06000200
00090008
00000000
00000000
00000000
00000008
00000000
00000002
06000000
000b0004
00050200
00000003
00000008
000a0007
05000000
01000504
03000000
06000200
00040002
10000600
00000804
07000002
00050000
00000009
00000100
0500000b
00010901
00090000
000a0900
02000000
05000000
00060000
03000600
02000000
00000700
00030000
00040700
0301000d
03020100
09000000
00000000
00000200
02000000
05000000
06000100
00070000
00000000
00061000
00000005
0e000007
00090004
00000000
0000000a
01000700
0000090d
00000200
00010000
00000000
00000000
0300000c
05000000
00000000
0c000600
05150000
00080003
00000200
00000001
00000a06
00000007
00000000
00000000
03000000
000a0000
06040100
00030000
00000007
00000100
00000b00
06000000
00000000
00000000
00050700
00000003
06001116
03000009
00000000
00000000
00000000
00000000
0b031000
03010606
00000d00
00000000
00000000
0000000d
0000000e
00000300
0009000a
00000000
00000000
00000000
0002000a
00000000
0000000a
00020100
000b0004
00050200
00000003
00000008
000a0007
05000000
01000504
03000000
06000200
00040002
10000600
00000804
07000002
00050000
00000009
00000100
0500000b
00010901
00090000
000a0900
02000000
05000000
00060000
03000600
02000000
00000700
00030000
00040700
0301000d
03020100
09000000
00000000
00000100
04000300
0d000100
010a0000
00000000
04000000
00080300
00000000
0d07000e
00020003
00000000
00040000
00000000
01000000
00000000
000c0000
00000000
00000400
02000001
04000500
00000000
00090500
07100d00
01010000
00000000
00000000
00000300
00010000
00000000
00000400
03000000
000c0000
02000000
00030000
00000000
00000009
00010a05
06000500
00000002
00000000
00010100
00000407
08000d07
00000001
00000000
00000002
00000104
00000003
03000800
03090102
00000b00
00000000
00050000
00000000
01060000
00000000
00020300
00000000
00020007
00000000
07040001
00000000
02000006
00000800
00030000
00090000
0200000a
00000203
00060014
09000000
00050000
00000200
04000000
00020008
0b000700
00000400
00000200
00060000
00000106
00000100
00000000
00030802
00030000
000a0300
00000000
03000000
00050000
00000000
00000000
01000100
00000000
000a0100
00010010
00000900
04000001
00000002
06000103
02000103
04040000
02000204
00000000
00000000
00000001
00000000
0005000f
00050304
00000300
00050100
00000300
05000000
00000300
06090001
00000000
00070000
0d000202
08040205
00000101
00030008
00010000
00000000
05000000
00010000
00000000
00000003
00000000
02000200
00000000
00000000
00000000
00000000
0000000a
00000001
00020400
01000000
00040000
00000000
00020100
01000004
08000300
00000200
01020000
00000006
01000100
00000003
03000702
00000000
0303030a
00000903
00000000
00000001
00040000
04070000
01040009
00000100
04050004
03000000
00030000
00000000
00000000
03000000
00030000
00090000
0200000a
00000203
00060014
09000000
00050000
00000200
04000000
00020008
0b000700
00000400
00000200
00060000
00000106
00000100
00000000
00030802
00030000
000a0300
00000000
03000000
00050000
00000000
00000000
01000100
00000000
000a0100
00010010
00000900
04000001
00000002
06000403
00000004
03060000
02000105
00000002
00000100
00000001
00000000
0106040f
00040505
00060001
00050000
03040600
04000003
00000300
03050001
00000105
00070000
09000700
03000306
00000200
04010000
01000002
03000000
00000300
00000101
00000000
00000000
00000001
01000300
00000300
00000000
00000000
00000000
04000002
00010002
00000103
00000100
00000000
00000100
00010000
05000000
03000100
00020000
00000000
01000005
02000400
00030003
02000903
00000000
03020405
01000507
00010200
01040003
00030000
00000100
04050009
01040000
01020100
04000000
04020000
00000100
00000000
02000000
00030100
00050000
05000000
00000004
00050010
04000000
00010005
00000600
08000000
00050005
0e000000
00000400
00000000
00030000
00000306
00000400
00000000
00000806
00030000
000a0800
00000000
02000000
00020000
00000000
00020000
02000600
00000000
00050300
01000013
06000000
02000005
00000000
07000805
00000004
00080400
00000500
00000002
00000308
00000200
00000300
0008000b
00010302
00030000
00020000
04000200
01080008
00000600
02000002
00000602
00090000
07000900
09010003
00020000
00020005
00000000
00000002
01000000
00000004
00000500
00000000
00000002
02000000
00000000
00010400
00000900
00000001
05000000
00050003
00000002
00000205
00000000
02000000
00020300
02000000
04000001
00000000
03010000
03000004
07000800
00030003
00000b00
00000000
06030504
0200000a
00010001
00000000
03050000
00000300
0008000b
00000000
03050100
03000200
01010000
00000100
00000000
06000300
00030100
00050000
05000000
00000004
00050010
04000000
00010005
00000600
08000000
00050005
0e000000
00000400
00000000
00030000
00000306
00000400
00000000
00000806
00030000
000a0800
00000000
02000000
00020000
00000000
00020000
02000600
00000000
00050300
01000013
06000000
02000005
00000000
01000400
02000003
05000100
03000000
00000500
00000000
00020000
00000400
0e0b000b
00020005
00000002
00000000
04000000
00010000
00000000
00000000
00000800
08010000
00000900
11000000
04070000
02020800
08000000
00000008
00000000
00000409
00021300
00010003
00000000
03000000
00000000
000d0000
00020201
00010000
0a00000c
00040002
00000700
05000417
00000003
00000000
0006060f
01000002
09000505
00000300
00000008
00000001
00000900
0000020d
00050c00
01050000
00000000
00000006
00000004
00000006
00050000
03000900
00030009
00000000
00060000
00000000
00070006
02000000
00000005
0e010000
00090007
00000000
00000000
0000000a
00130000
00000000
0000000e
05010201
0a000000
000c0000
0e000400
00030600
09000004
00030000
0000010b
00000400
09000000
00001007
00080000
00030800
00000000
04000000
00030000
05000401
08000000
0b000200
00040000
00000400
04010010
00020000
06000008
00000000
00000500
05060a00
06000000
02000000
00000000
00000000
00070000
00000006
1302000d
00060001
00000000
00000004
00000000
00000101
00000400
00000000
00000000
0e050000
00000003
09000201
00000000
09040c00
07000000
00000009
00000000
00000409
00001601
00000009
00000000
03000000
00000000
000d0000
03090000
00070000
01000009
00010900
00000d00
08000614
00000004
00000000
00100206
00000000
12001217
00030002
00000300
00000000
00000003
00000014
00060e00
000a0000
00000000
00000000
00000006
0000000d
00030005
00000a08
00000515
00000000
00020000
00000000
0007000c
00000000
06000004
00010000
00090007
00000000
00000000
0000000a
00130000
00000000
0000000e
05010201
0a000000
000c0000
0e000400
00030600
09000004
00030000
0000010b
00000400
09000000
00001007
00080000
00030800
00000000
04000000
00030000
05000401
08000000
0b000200
00040000
00000400
04010010
00020000
06000008
00000000
00000100
03000200
08040400
01000004
00000000
00000000
00010000
06000200
05000011
00020000
00000900
00030000
01000000
00000000
00000200
00080300
00000000
02000700
00000102
0a000505
00000000
00010704
00000f00
02000500
00000000
03000000
00000700
00000001
00000000
06000000
00000000
00020000
00000000
00020000
00000005
00000104
00000701
0a000600
04000500
00000000
00000300
00000000
0a000406
00000300
03030005
00000000
01000604
0006000e
00000700
000a0000
00030804
00000900
00020005
00000003
0b040000
03040100
000b0103
00000000
00050004
00000000
00050001
00000000
00000000
00000500
00050000
00010100
00000006
00000003
00060002
00000000
04070208
00000000
09000000
00000004
09000200
00000200
00000100
00020000
00000008
00000100
02000000
00000504
00040100
010a0500
00000000
02000000
00020000
01000000
00000000
00000100
00000000
00060003
0000000d
05000001
04000203
00000006
0f000000
00000000
02080000
0300000a
0a010b00
04000000
0d000000
00050200
00000004
00020600
02000000
00050200
06000700
00000000
00000200
04060403
00000700
00060000
03000000
06000110
02000000
00000500
00000000
00000500
01000003
00000000
00000000
00000002
00000000
0c0b0100
00000700
00000000
00000001
00000000
07010011
0a000000
00000600
06000300
00000000
00000000
05001100
00030000
03000000
00000d00
00080000
00000200
00030300
00080900
0500090b
00010000
00071004
00000401
00000002
00000107
00000001
06040700
00080000
00000000
090b0100
00000000
00080004
00090000
00000007
00000002
00050000
00010100
00000006
00000003
00060002
00000000
04070208
00000000
09000000
00000004
09000200
00000200
00000100
00020000
00000008
00000100
02000000
00000504
00040100
010a0500
00000000
02000000
00020000
01000000
00000000
00000100
00000000
00060003
0000000d
05000001
04000203
00000006
0a000400
00000000
05050000
05000007
01000d00
0f000000
08000100
00080100
00000203
00020200
01000000
00000600
06000600
09000005
00000000
00060000
00020000
00040000
01000000
0000000e
00000000
03000500
00000000
00000000
00000300
00000000
00070000
00000000
00000000
01060a00
00000700
00000600
00010000
00020000
03000004
01000000
00000500
04000000
00000000
00000000
04000603
000c0000
00000000
00000000
00000000
00000000
000b0000
00000a00
05000c04
04060000
00000900
00000000
00060000
00000000
00010008
00000200
00030000
00000000
05000000
00000000
00060000
000b0100
00000003
00000000
00050000
02000200
04000005
00000001
00000106
02000001
05000702
00000000
07000003
00000006
08000000
02000000
00000300
00010000
00020005
00000000
00000403
00000001
00030300
000b0004
01000000
02000000
00050100
00000000
00000002
05010400
00000000
00030004
0001000c
04010603
05000000
00000004
06001200
00000404
02060104
00000001
00000300
00000000
05000400
09000000
0000000b
0a030202
02000200
00090800
0c000100
12000006
00000402
09010000
00020000
00080100
08000100
0000000b
00000000
01000200
00000000
00000005
00000400
00020000
03000000
00000100
000f0005
03000e01
05000600
00000000
00000000
02000000
00000000
00000000
00000600
00000000
00000001
0000000b
00000009
00020000
01000000
00000000
00000000
00000000
00030000
02000000
00000706
05050008
00080500
00000100
000b0000
02000000
0000000c
00000000
00000000
00000100
02000001
00000000
0b000000
00080300
00000000
00000000
00050000
02000200
04000005
00000001
00000106
02000001
05000702
00000000
07000003
00000006
08000000
02000000
00000300
00010000
00020005
00000000
00000403
00000001
00030300
000b0004
01000000
02000000
00050100
00000000
00000002
05010400
00000000
00030004
0001000c
04010603
05000000
00000004
