06000003
0602000e
00000200
01050b00
07000b00
0b000200
0e080003
00000003
06130500
03050000
0d0e0e08
0c000206
00000400
11000007
00050005
00070008
00050001
05000009
00000400
00000408
01000300
05000200
08000000
03000009
05070800
00000000
03080a02
00000002
00000600
12000105
00000000
04000008
000c0003
07000008
00000500
02000207
00000000
07020000
08000000
0200000b
06070800
00000002
04050a04
00000000
00000600
11020404
00000000
0500000a
000e0201
06000006
00000400
02000208
00000000
07030000
06000001
0300000b
05060600
00000002
05020b05
00000002
00000600
13000504
00000002
0500000a
00130501
08000008
00000500
02010208
00000000
08050000
08000000
0200000b
060a0600
00000104
06000904
00000000
00000200
15020704
00000003
06000009
00150503
09000008
00000600
04000108
00000000
08050000
0a000000
0300000c
060a0500
00000203
05000a03
00000000
00000200
15020703
00000001
06000009
00160602
0a000008
00000600
05000207
00000000
08050000
0a000000
0400000c
07090500
00000202
06000a03
00000000
00000200
14010804
00000101
0600000a
00150602
09000008
00000600
04000208
00000000
08050000
09000000
0400000d
070a0500
00000201
06000904
00000000
00000000
15050804
01000101
06000009
00140500
09000006
00000700
04000008
00000000
08050000
08000000
0400000e
07060600
00000202
04000904
00020000
00000000
16030805
00000301
06000009
00140502
08000002
00000600
05020408
00000000
08060100
08000000
0400000c
08080700
00000403
08000805
00000001
00000000
15000907
03000802
03000008
00130707
0a000003
00000400
04000407
00000000
07060100
07000000
0400000a
07070600
00000004
09000406
00000000
00000000
15000808
04000602
01000008
00140905
08000005
00000300
0500010a
00000000
07060000
0a000000
0400000a
07070300
00000002
07000806
00000000
00000000
18000807
01000302
04000008
00130603
0a000007
00000500
0500010a
00000000
07060000
0c000000
0300000a
060a0400
00000003
07000904
00000000
00010200
17000806
01000200
04000008
00110301
0a000008
00000500
0500020a
00000000
06050000
0a000000
0200000a
040a0400
00000001
05000803
00000000
00010400
16000604
00000000
03000008
00110403
0a000007
00000500
05000209
00000000
06050000
0b000000
0200000b
040a0500
00000002
06000803
00000000
00010300
17000605
00000000
03000009
00120405
09000008
00000500
04000209
00000000
07060000
0d000000
0300000d
040a0600
00000003
06000703
00000000
00010100
17010704
00000000
04000009
00130304
0a000008
00000600
05000209
00000000
08050000
0d000000
0300000c
040a0600
00000003
05000802
00000000
00010200
16000805
00000000
04000009
00140503
0a00000a
00000500
0800010a
00000000
08040000
0a000000
0300000a
040a0400
00000002
03000903
00000000
00020200
18000605
00000000
04000009
00150706
0a000006
00000300
0a00010a
00000000
08060000
06000000
05000009
06070300
00000000
07000b04
00000000
00010300
15000609
00000000
0200000c
00120709
09000001
00000200
0800040a
00000000
07070100
07000000
0600000a
09030500
00000003
09000606
00000000
00000000
14000708
04000300
01000009
00100205
09000006
00000300
0100050d
00000000
09050300
07000000
0600000d
08000600
00000003
07000404
00040002
00000000
14000507
04000401
01000006
00120200
08000008
00000300
0300020e
00000000
09060200
07000000
0500000e
05080700
00000102
04000903
00060002
00000000
13020606
02000101
05000009
00150503
09000008
00000600
0500010b
00000000
09060000
08000001
0400000c
060a0700
00000102
04000a03
00030000
00000000
14020704
00000002
0600000a
00160505
0a000006
00000600
05000107
00000000
07060000
0a000002
0500000d
060a0700
00000104
05000a03
00000000
00000000
15030804
01000000
06000009
00160504
0a000008
00000600
04000107
00000000
08060000
0b000000
0300000d
060b0700
00000102
05010a03
00000000
00000000
14040704
00000000
05000009
00140403
09000007
00000600
03000208
00000000
08050000
0a000000
0300000c
050a0600
00000102
05020903
00000000
00000300
14020704
00000000
06000009
00140401
09000008
00000500
03000208
00000000
09050000
08000001
0300000c
06090600
00000003
05010904
00000000
00000100
15000804
01000001
05000009
00140401
09000007
00000500
03000208
00000000
07060000
09000000
0300000d
060b0600
00000103
06010803
00000000
00000300
14040704
00000001
05000009
00100205
0a000005
00000500
02000307
00000000
06060000
0a000001
0100000d
070b0700
00000102
09000704
01000000
00000100
12010704
01000002
04000009
00080002
0b000008
00000500
01040309
00000100
06030100
0b000000
0000000c
050b0400
00000201
09000505
05000000
00000400
13020605
00000002
02000007
00000001
0a000005
00000400
02070309
00000600
02010200
0c020000
0000000a
060f0400
00000300
0c000306
09000000
00010200
13010405
00000000
00000005
00000009
0300000b
00000003
04000104
00000000
05060600
13000000
08000806
020c0e00
06000309
0b000700
00000000
00060000
160f090a
02000000
02000002
04040501
0200030b
00010204
00040000
02001000
05000100
04000001
03000800
01060002
01110000
010e0706
0a030000
00000702
04000100
00050002
06130000
02060500
00000005
00000004
00000001
01000400
01000100
02000000
05000502
05040200
00060000
000e0700
00050000
03000500
01020400
00000000
04020000
00050600
00000005
00000004
00000002
00000000
03000000
02000002
04000405
04050000
00040000
000a0300
00040000
02000400
01020500
00000100
02020000
00050500
00000002
00000104
00000002
00000000
02000000
00000004
05000406
03040000
00050000
01070300
01020000
02000600
01000500
00000100
01020001
00030600
00000005
00000002
00020004
00000000
03000000
03000001
02000505
01040000
00050002
02060001
01030001
00000600
03000500
00000200
02040001
00010600
00000005
00000103
00000004
00000000
03000000
04000002
02000506
02040000
00030102
02050000
00040000
00000500
04000600
00000200
02030001
00010900
01000003
00000105
00000004
00000000
02000000
03000002
03000405
02030000
00020001
02030001
00050001
00000400
06010600
00000401
01010001
00000800
00000003
00000105
00000003
00000000
02000000
01000001
02000205
02030000
00010002
04000000
00080002
00000200
05000600
00000500
00000100
00050903
00000004
00000005
01030103
00000000
03000000
05000000
01000306
05050000
00010102
05020002
00030001
00000400
08000500
00000200
02000002
00060904
00000005
00000004
00020003
00000000
04000000
06000000
02000403
05040000
00010002
04010001
00030001
00000500
0a000500
00000200
03020002
00050903
01000006
00000003
00020004
00000000
05000000
06000001
04000404
05040000
00020000
03010000
00030000
00000500
0a000500
00000000
02020002
00050801
00000006
00000003
00000004
00000000
04000000
05000001
04000503
03030000
00010000
00020000
00040000
00000500
06000400
00000000
02020001
00030501
01000005
00000005
00000003
00000000
02000000
04000000
03000503
01040000
00010000
01030000
00040000
00000600
05000500
00000000
01010001
00030603
00000006
00000004
00000002
00000000
02000000
05000001
03000603
02050000
00020000
00040000
00030000
00000500
04000500
00000000
02010001
00030602
01000006
00000004
00000002
00000000
01000000
05000000
03000503
01050000
00010000
00020000
00020000
00000500
05000500
00000000
01000001
00030602
01000005
00000004
00000003
00000000
01000000
05000000
04000504
02040000
00010000
00040000
00020000
00000600
05000500
00000000
01000001
00010501
01000005
00000004
00000003
00000000
02000000
05000000
03000504
02040000
00020000
02040000
00040001
00000400
04000500
00000000
02020001
00010500
00000005
00000003
00000004
00000000
02000000
05000000
03000502
00040000
00010001
01020000
00040000
00000500
05000500
00000000
00010000
00040500
01000006
00000004
00000004
00000000
01000000
05000000
04000604
02040000
00010000
01030000
00040000
00000600
06010500
00000000
00000000
00060500
01000005
00000003
00000004
00000000
04000000
04000000
04000504
01040000
00010000
02030000
00020000
00000700
07010400
00000000
01000002
00060505
01000006
00000001
03000006
00000000
07000000
04000000
04000404
05040000
00010000
03040100
00030000
00000600
08000300
00000000
02010004
00060505
01000007
00000001
0300010a
00000000
06000000
04000000
05000406
06040000
00010001
03020000
00020001
01000500
07000000
00000000
04000004
00060404
01000003
00000000
0400020a
01000000
07000000
01000000
05000208
06010000
00000002
03020000
000c0001
00000000
02000100
01000400
03000005
00010500
01000008
00000001
0000000a
00000000
05000000
02000000
07000307
01040000
00000201
01010000
000d0001
00000200
01030200
00000300
01000101
00040700
01000007
00000004
00000007
00000000
05000000
04000002
05000506
01050000
00020101
00040000
00090001
00000300
02010500
00000100
02010002
00050701
01000005
00000004
00000003
00000000
04000000
04000002
04000606
02050000
00030101
01060000
00030000
00000500
03010600
00000100
04020002
00060702
01000004
00000003
00000003
00000000
04000000
03000002
04000505
01050000
00030001
01050000
00020000
00000500
03010500
00000000
03010000
00040701
02000004
00000004
00000003
00000000
03000000
03000002
05000506
02050000
00030001
02060000
00030000
00000400
01010500
00000000
02020000
01060500
02000004
00000003
00010003
00000000
01000000
02000000
03000505
00050000
00050000
02040000
01020000
00000900
01000300
00000000
01030000
02040402
02000003
00000002
00030002
00000100
00000000
03000000
02000304
01050000
00060100
02040000
04020000
00000500
01000300
00000100
01030002
05030101
02000002
00000002
00040001
00000700
00000000
03010000
03000201
01060000
000a0100
02050000
08030000
00000400
00000100
00010000
02020001
00000109
00000004
00000004
01000000
00000100
00000700
06010000
05000000
00050200
070e0008
04020800
06040000
00040000
00030000
00000000
00000001
04040600
0200040c
00000103
00030000
03000c00
06000100
05000001
04000901
03050000
01100000
010b0506
09040001
00000602
05000100
00020001
05100000
02020400
00000005
00000002
00000002
01000200
01000000
03000001
04000503
05030000
00050000
000b0200
00050002
02000400
01020400
00000000
02020000
00030500
00000006
00000005
00000002
00000000
03000000
03000001
04000505
04030000
00030000
00070000
00040000
00000500
04000500
00000100
02020000
00020500
00000005
00000006
00000003
00000000
03000000
01000003
05000307
04030000
00050001
01060000
00040000
02000500
03000500
00000200
02010002
00010600
00000004
00000000
00020004
00000000
03000000
02000001
02000404
03050000
00050102
01040002
02050001
00000400
03000600
00000201
02030001
00030800
00000003
00000104
00020002
00000000
03000000
02000001
02000305
03040000
00020101
01030001
00050000
00000300
05000600
00000400
01010002
00010a03
01000004
00000105
00020103
00000000
04000000
04000001
01000306
04040000
00010003
03020002
00030000
01000400
08000600
00000200
02000001
00040903
00000004
00000002
00020003
00000000
02000000
05000000
03000504
04040000
00020001
03020001
00020000
00000700
07000500
00000100
02010001
00050901
01000005
00000004
00000003
00000000
03000000
05000000
02000504
05040000
00010000
01020000
00020000
00000600
06000600
00000000
01020001
00020600
00000005
00000004
00000003
00000000
02000000
04000000
02000503
02030000
00020000
01030000
00040000
00000600
06000400
00000000
01020002
00000500
00000006
00000004
00000003
00000000
01000000
05000000
03000503
01020000
00010000
02020000
00040002
00000600
04000500
00000000
01020002
00020500
00000008
00000004
00000004
00000000
02000000
04000000
04000504
03030000
00010100
02030000
00040000
00000400
04000500
00000000
00010001
00010600
01000008
00000204
00000006
00000000
01000000
04000000
03000604
02040000
00010000
01040000
00090000
00000600
03000400
00000100
01030000
00020500
00000008
00000303
00000007
00000000
01000000
05000000
04000504
02050000
00020300
00050000
00090000
00000600
04000400
00000200
01000000
00020501
0100000a
00000404
00000009
00000000
01000000
04000000
03000603
02050000
00010600
00060000
000b0000
00000600
03000500
00000400
00010000
00020502
0000000a
00000404
00000009
00000000
01000000
06000002
03000605
02060000
00010600
01060000
000b0000
00000600
03000500
00000400
01020101
00020600
01000007
00000404
00010006
00000000
00000000
04000000
03000504
01060000
00020200
01050000
00080000
00000600
02000300
00000300
01030001
00010500
01000009
00000403
00010004
00000000
01000000
05000000
03000503
01050000
00020100
01040000
00070000
00000500
03000400
00000100
01040000
00010604
0000000c
00000103
00000003
00000000
03000000
07000001
03000605
03050000
00010000
00040000
00050000
00010500
02000400
00000000
01010002
00020503
01000007
00000004
00000003
00000000
02000000
06000000
04000505
03050000
00020000
01040000
00030000
00000500
03000400
00000000
02010001
00040502
01000005
00000004
00000004
00000000
02000000
05000000
05000504
03030000
00020000
01030000
00030000
00000500
03000400
00000000
02000002
00040500
01000005
00000003
00000004
00000000
04000000
05000000
04000506
02030000
00010000
01030000
00050000
00000300
05000300
00000000
03000002
00040507
01000006
00000001
02000006
00000000
05000000
06000000
04000505
02050000
00010000
02020000
00050000
00000600
06000300
00000000
03000005
00040405
00000005
00000001
0200020a
00000000
06000000
02000000
05000206
06050000
00020001
03010000
00040000
01000700
06010000
00000000
01000003
00010302
01000006
00000000
0100010b
00000000
05000000
01000000
07000207
05030000
00000002
03030000
000b0001
00000000
01040200
01000100
00000002
00030500
01000008
00000003
00000009
01000000
04000000
03000001
07000506
01050000
00020001
00040000
000b0003
00000300
01030500
00000200
02010001
00050601
01000005
00000003
00000003
00000000
03000000
03000002
05000506
02040000
00030001
00050000
00040000
00000400
02020600
00000200
02000000
00040500
02000005
00000005
00000003
00000000
03000000
04000002
05000506
02050000
00030001
01050000
00040001
01000400
02010500
00000100
03000000
00060600
02000005
00000003
00010002
00000000
03000000
02000002
05000405
02060000
00040100
00050000
02030000
01000700
01000500
00000100
03030000
02030500
02000004
00000003
00020002
00000000
00000000
03000000
02000504
01050000
00050100
02040000
02020000
00000700
01000300
00000100
02030002
06030200
02000004
00000001
02030002
00000200
00000000
02000000
04000302
01060000
00090000
03010001
04030000
01000500
01000100
00000100
03030002
05000107
00000000
01000003
00000000
00000600
00000600
03040000
02000000
00060000
040c0004
03020900
06040000
00030700
00000000
00000000
00000002
03050600
0200040b
00000203
00030000
03000900
05000100
02000002
02000702
03060000
010f0000
020a0407
09040001
00000803
05000100
00020000
040f0000
02040600
00000005
00000104
00000001
00000000
01000000
01000000
04000503
03040000
00050000
00080000
00030000
02000700
03000400
00000300
01020000
00020500
00000006
00000004
00000002
00000000
03000000
02000001
04000505
04040000
00030000
01070000
00030000
00000400
04000500
00000100
02030000
01030200
00000005
00010004
01000003
01000000
04000000
00000004
04000307
04020000
00040000
00070000
00060000
02000500
03000500
00020500
01020000
00010900
00000006
00010001
00050003
02000000
03000000
00000000
00000304
04060000
00050002
00000003
03050003
01000300
03010600
00000200
00010000
00020902
00000005
00000003
00020002
00000000
03000000
05000000
02000304
03040000
00030001
02020001
00010002
00000500
07000500
00000000
02010001
00050801
01000004
00000004
00010003
00000000
02000000
05000001
03000604
05040000
00030000
01020000
00020000
00000600
06000600
00000000
02030002
00030600
00000008
00000004
00000003
00000000
01000000
03000000
03000504
02040000
00020000
02030000
00040000
00000500
06000600
00000000
02030001
00020600
02000007
00000404
00000004
00000000
01000000
04000001
03000505
04040200
00000000
01060000
000a0000
00000500
04000500
00000400
01020600
00000200
00000006
00010405
00010003
00000000
00000000
03000001
01000105
01030200
00000000
010a0000
00090000
02000500
03000100
00000300
00030e00
03000300
00010005
00010402
00010006
03000000
00000000
00070000
0000000c
03020400
00000000
01080000
000a0002
04010500
02000000
00000400
00050703
04000500
00000003
00000400
02030006
00000000
00000000
000a0000
0000000b
00010200
00000201
00070000
000b0003
03000100
02000500
00010101
000b0e03
04060507
00000003
00010400
05030006
00000000
02000000
00030000
00000308
08010000
00000300
00080001
00050005
01000500
02000800
00000001
00070a00
03080309
01000004
00010400
0300000a
00000000
0b000000
00000002
0000000a
07030000
00000301
000a0000
00070002
00000600
07000700
00000002
02020503
0207020b
01000002
00000600
0000000d
00000000
06000000
00000000
0000000a
08000000
00000700
00070000
00070002
02000700
06000800
00000006
00010201
0308020b
01000001
00000600
0000000e
00000000
06000000
00000000
0000010a
08000000
00000801
00080000
00060102
01000700
08000900
00000005
00010302
0304030a
00000004
00000400
0002000b
01000000
02000001
00000000
0000080a
08020000
00000201
00090000
00060001
01000600
01000800
00000004
00040403
01040007
00000004
00000700
05000008
00000000
04000003
00040004
0000000f
07030000
00000201
00080000
00080002
00000600
00000500
00000002
00060903
01000002
00000004
00000500
0101000d
00000000
01000001
00070000
00000010
04000000
00000200
00080000
000d0004
00000500
00000300
00000601
00050c04
04000000
0000000c
00000300
0000000d
03000000
00000002
00010000
0000030a
03040000
03000000
02080000
000c0005
00000300
00000000
00000305
00030700
03000000
0000000d
00000300
0003000c
01000000
02000008
01000000
00000207
00050000
01000000
01060000
01090001
00010400
00000000
00000005
00020e00
00000400
00000010
00000502
0002000a
00000000
02000000
03000000
03000402
01040000
00000000
02050000
02060001
00000300
04000300
00000200
02040800
00060500
0100000c
00000104
00000005
00000000
04000000
03000002
05000503
02040000
00010000
01030000
00040000
00000400
05000400
00000100
02010000
00050400
01000006
00000003
00000004
00000000
04000000
03000000
05000605
01040000
00010000
01030000
00050000
00000500
05000400
00000000
02000001
00060304
01000005
00000001
01000007
00000000
05000000
04000000
05000505
05050000
00020001
05040000
00030000
00000500
04000100
00000000
01010003
00030404
00000003
00000000
01000209
01000000
06000000
01000000
07000206
04030000
00020002
03030000
000a0002
01000300
03010000
00000200
01000002
00010400
01000007
00000002
00000009
00000000
03000000
02000001
06000306
01030000
00020002
01030000
00090003
00000300
00040300
01000000
01000100
00040500
01000005
00000004
00000005
00000000
03000000
03000003
05000508
01040000
00030001
02060000
00060000
02000500
02020400
00000200
03010102
00040500
03000007
00000003
00000004
00000000
04000000
03000001
04000407
02040000
00040101
03040001
00040000
01000400
02000500
00000301
02020002
01050500
03000004
00000003
00010003
00000000
01000000
02000000
03000504
01040000
00050100
02040000
01020000
00000700
03000400
00000100
03040002
04050200
04000003
00000002
00040002
00000200
00000000
02000000
02000304
01050000
00070100
03030001
06020000
00000500
01010200
00000000
02030002
06010003
00000003
02000008
02010000
00000500
04000200
03030000
03000301
01050300
000a0100
02060600
02040000
00030800
00000000
00040000
01010003
02070800
0001030a
00000201
00050000
04000800
06000100
02000002
01000603
04070000
00100000
000a0508
08030000
00000703
07000300
00000202
040d0001
01040700
00000005
00000105
00010002
00000000
04000000
01000001
03000503
05030000
00040000
01070100
00040000
01000500
05000500
00000300
02030000
00000400
01010005
00000108
00000002
00000100
02000000
02000003
04000504
06020300
00010000
03080000
00050000
01020500
03050600
00000200
02030000
0f000300
00070004
0003070f
00000100
06030000
09000007
00030702
0000000d
09000100
02000000
030a0200
00020000
08110503
00000800
00000300
00030d00
10000503
0002050e
00010200
03050103
01000100
02000000
00000001
00000905
09040000
02020100
01000006
06010003
06040201
00030400
00000000
00000e00
00010700
00000007
00000103
00010004
00000000
04000000
04000001
02000304
02040000
00030100
03040000
00040000
00000600
06000600
00000300
01030002
00000400
00000006
00010307
00000003
03000000
01000000
04000001
01000406
03040300
00000001
020b0000
00070000
00000500
05000400
00000500
01040b00
02010800
00000003
00020307
00000003
02000000
01000000
00080002
0000000c
04040200
00000001
01080000
000a0002
04000100
02000600
00000300
00070c05
010a090a
01010002
00040308
05020005
02000000
02000000
00060000
0000030a
0a050000
00000202
00090000
00040003
05000100
08000900
00000101
03060d02
030f0a08
00000001
00020501
03020003
01000000
03000000
04070000
0000070a
0d040001
00000302
00050600
00000003
06000200
0c000900
00000000
06060003
020e080d
01000002
00020500
05000002
00000000
06000000
08010000
00000208
0a060000
00000001
00010100
00000002
00000500
0a000700
00000000
03030004
0012070b
00000006
00000505
01020003
00000000
07000000
07000000
02000805
08070000
00000000
00030800
00040000
00010600
0b000600
00000100
03040004
02110703
01000006
00000504
00000002
00000000
05000000
06000001
03000505
06040000
00020000
00040300
00050000
00000400
0b000600
00000000
01020001
010d0604
00000005
00000304
00000002
00000000
09000000
08000002
05000607
04060000
00020000
00040100
00040000
00000500
0f000700
00000000
02020004
010a0504
01000005
00000503
00000205
00000000
09000000
08000001
04000507
02050000
00020000
00040000
00030000
00000700
0f000500
00000001
01020003
01080503
01000005
00000404
00000204
00000000
09000000
07000000
04000506
02050000
00010000
00040000
00030000
00000700
0e000500
00000101
01020003
010b0506
01000007
00000504
00000104
00000000
07000000
09000001
04000607
04070000
00020000
00050100
00040000
00000600
0b000500
00000000
01020005
010d0407
02000004
00000403
00000003
00000000
07000000
05000001
04000407
060b0000
00010000
00040000
00040000
00000700
0b020400
00000000
01000007
010e0310
00000006
00000400
03000004
00000000
09000000
05000001
00000409
090b0000
00000000
00000100
00040000
00010700
0a010600
00000000
0302000a
050b000d
00000005
00000400
0400000a
01000000
08000000
04050000
0000000c
04090000
00000001
00020200
00000004
00010500
07000000
00000000
00060006
060c000e
00000000
00000600
06000011
01000000
09000001
00060000
0000000f
070b0003
03000100
00090000
00000009
00000500
0a000000
00000002
02070009
0709000f
02000008
00000200
01020012
04000000
04000004
00030000
0000050d
02030101
04000002
020b0000
00060007
00000300
00000000
00000007
0006090a
04000002
0000000f
00000400
00030010
06000000
02000001
00030000
0000010e
02040200
03000000
050c0000
00090007
00000200
00000000
00000008
00070c06
00000000
00000011
00000600
00040010
04000000
03000004
02000000
00000205
02050000
00000000
05080000
00090001
00000300
00000000
00000007
00050901
00020300
01000016
00000303
0100000b
00000000
04000000
03000000
04000505
04030000
00020100
02040000
04060101
00030300
02000300
00000000
02030401
00040404
00000006
00000001
00000004
00000000
04000000
03000000
05000504
04050000
00030000
02050100
00040000
00000500
05010200
00000000
04010002
00030302
00000004
00000002
02000006
00000000
04000000
03000003
07000406
06040000
00020002
04060000
00070000
01000300
02020000
00000000
01000000
00000100
01020003
01000004
00000006
05000000
04000000
03000002
0700030a
06050200
00020002
02070000
02090001
02000200
00050200
00000200
00010502
00030500
02000008
00000100
00050006
01000000
05000000
03000000
02000306
04050000
00030202
02060003
08050000
00000500
02020300
00000002
02030503
00060500
01000004
00000002
00000003
00000000
04000000
02000000
03000503
02040000
00030000
01040000
00030000
00000700
03000400
00000100
02030001
02040400
04000004
00000002
00030002
00000300
01000000
04000000
04000403
02050000
00060100
02030000
04030000
01000600
01000300
00000100
02030001
05010103
00000002
03000007
03020000
00000500
06000100
04020000
04000601
01040400
000b0200
01060700
03050000
00020900
01000000
00050000
03030002
02050b00
0101030a
00000102
00050000
02000800
07000100
02000002
00000500
05050000
000f0000
04070309
08040001
00000902
07000300
00000201
040d0000
00000400
00030005
0001030b
00000001
02000200
02000000
01000002
02000407
04020400
00000001
02080200
00060000
04020500
04030600
00000000
00040600
00000a00
00080004
00010106
00040000
02000100
06000000
00000002
01000208
0a010500
02000001
00090101
00050000
04060100
00060400
00000200
00020500
15000008
00060d00
000f000b
00000700
02060600
00000005
00000e04
00000018
00030300
040a0000
00040800
01030000
0c150003
00000800
0b020000
00000900
10000105
0103100f
02090000
00050700
03000000
03000000
00000102
0000070b
04000000
030f0200
06040004
07010005
00070002
03030100
00020100
00000500
00020801
00000002
00020209
01030003
02000000
01000000
00040002
00000009
03050200
00000401
04090000
00060001
03000200
04000700
00000500
00070c04
010c0c09
00000003
00020308
03030002
02000000
02000000
03050000
00000609
0b060000
00000301
00070600
00000001
03000500
0a000800
00000001
06070602
000d0a0a
00000002
00020401
05040001
00000000
05000000
06010001
02000407
0c060001
00020003
00050800
00000001
00000600
09000800
00000001
05040004
000a0a07
02000004
00000504
00010002
00000000
05000000
07000002
04000604
09040000
00020000
01030700
00010001
00000700
0a000600
00000000
05040001
00030701
01000005
00000104
00000002
00000000
03000000
05000002
04000605
02050000
00020000
00040000
00040000
00000500
07000600
00000000
02030001
00030400
01000006
00000004
00000003
00000000
01000000
04000001
04000504
01050000
00020000
00050000
00040000
00000700
04000600
00000100
00010000
00010600
01000006
00000005
00000003
00000000
01000000
05000001
03000704
01040000
00020000
01050000
00040000
00000500
03000600
00000000
02020001
00010500
01000006
00000003
00000003
00000000
02000000
05000000
03000504
01040000
00020000
01040000
00040002
00000600
03000500
00000000
01010000
00010501
01000006
00000004
00000003
00000000
01000000
05000001
03000605
01040000
00020000
00040000
00040002
00000600
03000600
00000000
01010000
00000502
01000005
00000004
00000003
00000000
02000000
05000001
04000604
02050000
00020000
01050000
00040001
00000600
02000600
00000000
02010001
00020500
01000005
00000004
00000003
00000000
01000000
05000001
04000505
02050000
00020000
01050000
00040003
00000500
03010500
00000100
02020001
00030500
01000006
00000005
00000003
00000000
01000000
04000001
04000604
01050000
00020000
01060000
00040000
00000500
03000600
00000100
02020000
00020400
02000005
00000005
00000002
00000000
01000000
04000001
05000505
01040000
00020000
01070000
00050000
00000500
02000500
00000100
02020000
01000500
00000007
00000006
00000001
00000000
05000000
0202000c
03000504
06040000
01010000
07080000
02030000
00040300
05010a00
00000000
01020400
02050000
0004000a
00010502
0002000b
00000109
00000106
000e0006
00000000
00000000
03000000
08000000
000e0210
00020403
0b000400
00080204
00000e00
06050000
0000010b
00000900
00090011
00000609
05000700
00070100
00000301
00000000
00000800
05000000
0c130502
00050b00
06000300
00001102
00010902
040a0004
0000000d
00000a00
0205000f
00000001
09000001
00010001
00000002
000c0202
00000600
04000200
0a150300
00020500
06000000
00000f04
00010d0a
030b0010
0000000e
00000900
04020109
00000000
0a000000
00030002
00000109
070a0002
01000201
00060000
04080000
00040100
02000000
00000002
00020809
0a020008
06040000
00010000
06020510
08070401
0b000004
0006080f
00070013
050c0601
06000003
00090000
08010100
02040105
00000000
0000000a
000b0f0f
03000000
00000011
00030200
00070611
10000002
00000000
00010000
00000407
00010500
04000002
08020002
03080407
0000000e
00000000
0000030f
00111601
00000000
0000000e
00000100
0004000f
02000000
03000000
01000000
01000504
02040000
00000000
04040000
000b0500
00000205
00010000
00000307
01030b00
00010400
0000000d
00000103
00000007
00000000
04000000
03000001
05000503
08030000
00010000
04090000
00060000
00050200
02040400
00000000
02010400
1600000b
02060701
00020005
00000307
06050000
07000008
00030c02
00000013
04000100
05000000
04080000
00060000
030f0900
00000300
00020000
00000a00
09000200
00010011
01000200
0005050e
06000100
04000002
01000001
00000406
04060000
01000302
01020805
0c050000
00000000
00090000
00000002
00000901
00040500
01000008
00000001
00020003
00000000
03000000
02000000
02000304
02050000
00030000
01030000
03020000
00000500
03010400
00000000
02020001
02050500
03000005
00000003
00000002
00000100
01000000
02000000
05000503
01040000
00050000
01020000
00020000
00000600
02000500
00000000
03020002
03020305
02000004
03000009
03000000
00000200
05000100
03010000
05000605
02030400
000a0300
01060500
00050000
00010700
01000100
00050000
02010003
00030800
00050206
00020408
00040100
05000900
06000000
00010004
00000506
05050501
010c0000
0408000a
06040001
00020103
03000500
00000203
030c0300
02071105
00060000
0006030b
06080000
06000300
02000000
00000001
00000209
09020500
00000000
00050501
00030001
06040000
10000700
00000400
03050700
00050b07
02010004
00000100
06020006
00000000
09000000
02000000
0a000009
08040000
00030002
00030100
00000000
020a0000
0c090700
00000000
07010000
080e0004
02080f00
050a0000
0d000200
04090700
03000208
00000b01
0700000d
02000000
03050000
00000000
01070000
0f0d0000
00000305
05070500
00000000
05040907
01000b05
04090000
020c0200
04000000
0c000000
00060002
00000005
06040000
02100002
02020804
08010004
00000000
070b0100
00020000
03000001
00090b09
00000005
00010201
04060002
00000000
06000000
05020000
02000504
0a070000
00020000
00050600
00010001
00000500
08000500
00000100
07050003
00060903
00000005
00000303
00010003
00000000
04000000
04000000
02000503
07030000
00020000
00020200
00030000
00000600
07000600
00000100
05040000
00040700
00000007
00000004
00000003
00000000
02000000
03000000
03000504
02030000
00020000
00020000
00040000
00000600
06000600
00000100
02010001
00040502
01000007
00000005
00000003
00000000
02000000
05000001
04000505
02050000
00020000
00030000
00040000
00000600
04000600
00000000
03000001
00050603
01000006
00000003
00000002
00000000
02000000
05000001
05000605
03040000
00030000
00040000
00030001
00000700
03000500
00000000
02010002
00040503
01000005
00000005
00000002
00000000
02000000
05000001
05000605
03050000
00020000
01050000
00030001
00000600
03000600
00000000
01010001
00040600
01000004
00000004
00000002
00000000
00000000
04000000
03000604
02050000
00020000
01040000
00040000
00000600
03000500
00000100
01020001
00030700
00000004
00000004
00000002
00000000
01000000
03000001
04000603
02040000
00030000
00040000
00030000
00000600
04000500
00000000
01010000
00030600
01000006
00000003
00000002
00000000
02000000
03000000
03000504
01030000
00020000
00040000
00040000
00000700
04000400
00000000
01010000
00050601
00000006
00000004
00000002
00000000
02000000
04000002
04000503
02040000
00020000
00030000
00040000
00000600
04000600
00000100
01000001
00040500
01000004
00000006
00000002
00000000
01000000
04000001
04000604
01040000
00020000
00040000
00030001
00000500
03000600
00000100
01020001
00040600
00000004
00000004
00000002
00000000
02000000
04000001
03000604
01050000
00030000
01060000
00030000
00000500
02000500
00000000
01020001
00040400
01000005
00000004
00000002
00000000
02000000
03000001
05000504
02040000
00030000
01070000
00040001
00000400
03020500
00000100
03020000
00080600
00000008
0300000e
00000000
00000000
07000000
02050014
03000702
06060005
01080000
01080400
00030000
02040500
00030900
00050300
00020000
00120001
00010000
03090015
01000300
0001000a
0000010c
00000016
07010000
00000706
0b08000c
01000000
00000000
00000b00
09001407
00150907
00000000
00240004
01020000
00000000
00090111
0000030a
00000700
00040000
03000100
0006060a
04000704
02000000
00000000
00001000
00000603
00000516
06030000
001b0000
01040004
00000000
000b0015
0003030a
00000400
000a0000
07000100
00000503
03000100
00000000
090a0200
00000800
00000700
02000a17
00010000
00220000
00080013
00000300
000f0013
0000000b
00000300
00050000
00001800
00000800
02000000
07000000
0c110001
00070903
00000600
0000080d
00050600
00040000
01090011
06040000
03000203
00030003
0b00000c
00080305
000a030b
000b0a03
02000002
06000300
0e060000
07050002
00000000
000a0000
0000060c
01000000
00000000
07080000
0a070103
0e000006
05000000
00090000
000d0002
0601050c
05000006
01000300
0b000f01
00070006
00000200
000d0005
00100f06
04000000
00000600
000f0000
0000000f
0100000c
04000600
00050000
00000500
00000004
05000008
04000000
0015192d
000d0609
0000100e
000c0009
000c2500
00000000
00000013
00060000
0000001f
0000060b
05000c00
00000000
01001103
01000500
01000005
01000000
001a0a26
03080007
00000707
00000007
00031e02
17000016
02031307
00060001
00000400
03080500
0000090a
00001400
08000413
00030000
03080000
00040000
040e0003
08120000
00040201
0c020000
00000700
0c000000
05040e14
01030300
00080409
06060705
00000000
00000600
0000000b
00000000
05000000
00050000
0a000004
000b0000
00040000
00000000
00000c00
04000000
00000011
00030500
0005000d
00000004
01000002
00000001
00000301
02060000
04000200
00020002
08030006
00060600
00010000
00000001
00021101
00030400
0100000f
00000203
00020007
00000000
04000000
02000000
03000402
03060000
00030100
00020000
04020000
00010600
02030500
00000100
02030101
04040203
04000006
0300000b
03000001
00000300
06000200
03010000
06000505
02010300
00090400
01050500
00050000
00020900
03000100
00070000
03010001
000d1105
00060107
00060101
030b0000
06000600
0b000000
00010001
00000103
02080402
010f0001
00020a0b
06010001
03030005
0c000700
00000300
050b0100
00040f04
00000003
00010204
05080003
00000000
06000000
04000000
02000304
07020000
00030002
02030500
00020000
00010500
0c000600
00000000
05030000
00000501
00000007
00000003
00000004
00000000
09000000
07000001
07000704
08020000
01030001
03060100
00030000
00050200
09070400
00000000
04030002
0d010100
00010400
030c0009
04000500
08050200
05000005
02000800
04000107
02000000
00060000
00000202
00030000
110c0000
00000001
02050000
00000300
04001000
00000005
02060000
00070200
02000001
0c000000
00000000
00000001
05010000
000e0101
02000009
02020007
00010300
0a050200
00000200
00000000
00010600
00000004
00000004
00000002
00000000
02000000
03000001
02000404
02050000
00030000
01040000
01030000
00000600
06000600
00000200
01020001
00020700
00000006
00000004
00000003
00000000
02000000
03000001
02000604
01040000
00030000
01050000
00030000
00000700
05000600
00000100
02030001
00030602
00000005
00000004
00000003
00000000
02000000
03000001
04000604
02040000
00030000
00050000
00030000
00000700
04000600
00000000
01020000
00040600
01000008
00000004
00000003
00000000
01000000
03000000
03000503
01040000
00020000
00040000
00050000
00000700
04000500
00000200
01010000
01040500
01000007
00000004
00000003
00000000
02000000
03000001
04000504
02040000
00010000
00030000
00040001
00000700
05000600
00000200
01000000
00030500
02000006
00000005
00000003
00000000
02000000
03000000
04000604
01040000
00020000
00030000
00040000
00000700
04000600
00000100
01010001
00030601
00000005
00000004
00000003
00000000
01000000
04000001
03000604
02050000
00020000
00040000
00040000
00000600
03000500
00000100
02010001
00020501
01000005
00000004
00000003
00000000
01000000
05000001
03000504
02040000
00020000
01040000
00040001
00000700
03000500
00000000
02020001
00020500
00000006
00000004
00000003
00000000
01000000
03000000
03000504
01040000
00020000
01040000
00040000
00000700
05000500
00000200
01020000
00030400
01000005
00000005
00000003
00000000
01000000
02000001
03000504
00040000
00020000
01060000
00040000
00000700
05000600
00000200
00020000
00040600
00000005
00000005
00000003
00000000
01000000
02000001
04000603
01040000
00020001
01060000
00040000
00000600
03000600
00000100
02020000
00030500
01000004
00000004
00000003
00000000
02000000
02000001
04000504
01040000
00020001
01060000
00030000
00000500
04000500
00000000
01020000
00020600
00000004
00000005
00000002
00000000
03000000
02000002
04000504
01040000
00030001
01070000
00030000
00000400
03010500
00000100
03020001
00000400
00000007
05030013
00000000
02000000
0a000000
02000010
01000601
07070000
01040000
06030000
00050000
04070400
00000800
00020400
00010000
00000300
02040000
04010014
02030600
00000107
00000206
00000017
11050000
00000807
0606000a
02000008
00000500
00000000
02000f00
00070100
00050300
00000200
02010000
00000000
00010000
00000108
00000e01
11000000
09050000
0205050b
06030d01
02000000
01070a00
02000000
00000600
01000b0a
0e080100
00000003
02010000
00000000
01030104
00000409
00000c02
0e000001
0b050000
0006060a
07000803
03000000
03040e00
00000000
00000700
0200070e
0d060200
00040c02
01020000
00000000
00070200
0000000a
00000802
12000004
06001f00
000a0e0a
0501000e
04000000
0b000200
00060000
00010700
0500000e
0a000200
00040505
140d0006
06060001
02040400
0d060406
0d000011
00080907
00070211
00030701
02090003
0800020c
09020004
040a0002
00000000
00000000
00010609
01140a11
05020005
030d0a00
170b0101
03010103
22000002
00060000
00050002
00260502
06000002
00000b0b
06000802
00050000
08000000
00220000
000d0007
03140c10
00000000
00211104
1d000000
00000b0b
00000000
00000000
00090000
000a0010
08000000
00000d00
00000f06
02051a00
00000015
00410000
00120000
0000000b
00000000
00040303
00000014
03030b0e
00000401
00000400
00080f00
0000000f
07000006
01000900
00041900
000a050d
00000008
00000002
00000600
07000400
00000e03
000e0000
0000010e
08030304
00000d00
00000b00
0503190a
00000000
04050000
00000000
00150b26
1d080009
00000010
05000000
00000800
0f040f0c
0200040f
000b0000
07040700
04090001
14000000
00030300
0000000c
04080000
02000000
00000302
01000004
000d0000
18000203
00000000
00000000
0e030019
07010006
00020000
08000417
0a000002
0f000000
00000000
0000020e
00010000
05000001
00040000
0000000a
000c0000
000a0000
00000003
00000001
05000000
0100001e
00020300
00030014
08000004
02000000
00000000
02000007
01060000
04000000
02020001
0704010b
00030400
00010000
00000002
00050503
02060304
0400000d
0200000a
05000002
00000000
09000100
02000000
06000707
07030400
00080300
00050400
00040000
00050700
02000100
00070000
02010002
00080e02
0301010a
00000101
00080200
00000500
0a000000
06000002
01000503
03070100
000f0006
04040308
04020001
00000500
07020400
00000002
06090000
00030502
01000006
00000004
00000003
00000000
03000000
04000001
04000504
04040000
00030000
02060000
00030000
00000600
04000500
00000000
02030000
00000703
0100000a
00000009
00000001
00000000
08000000
09000002
05000705
0e030000
02030001
04080300
00050001
030b0100
02050400
00000000
04010000
10010d00
00010600
02120013
0d000700
050d0702
00000001
00000700
0000000a
00000100
02040000
00000503
00060000
0d190000
00000000
00010000
00000900
00010f00
00000005
00050001
02030000
00000000
07000000
03000000
00000003
03020000
000e0200
02000004
00020003
00020600
0d000400
00000200
00000000
00020500
00000005
00000004
00010004
00000000
02000000
03000000
03000504
01050000
00030000
01040000
00040000
00000600
05000500
00000100
02030001
00040701
01000006
00000003
00000003
00000000
03000000
04000001
03000504
02050000
00030000
00050000
00040000
00000600
04000500
00000000
02020001
00040501
01000006
00000004
00000002
00000000
03000000
04000002
04000504
03040000
00020000
00040000
00030001
00000600
03000600
00000100
02010001
00040600
01000005
00000005
00000002
00000000
02000000
03000001
04000604
01050000
00020000
00040000
00040001
00000700
04000700
00000200
01010000
00040600
01000005
00000004
00000003
00000000
03000000
05000002
04000605
03050000
00020000
00040000
00050000
00000600
04010600
00000100
02010001
00030600
01000005
00000004
00000003
00000000
02000000
04000001
04000504
01040000
00020000
00030000
00040001
00000500
03000600
00000200
02010001
00040500
01000005
00000004
00000003
00000000
03000000
02000000
04000504
01030000
00020000
00030000
00040000
00000600
03000600
00000100
02010000
00050600
01000005
00000004
00000004
00000000
02000000
02000001
04000504
02040000
00020000
00040000
00040000
00000600
03000600
00000200
03010002
00050600
00000004
00000004
00000003
00000000
03000000
03000002
04000505
01040000
00030001
01060000
00030000
00000500
04000700
00000200
04030002
00030601
01000004
00000004
00000003
00000000
03000000
03000001
03000604
02040000
00030001
01060000
00030000
00000600
04000600
00000000
02030001
00050700
01000005
00000004
00000003
00000000
03000000
03000000
04000604
02040000
00020000
01040000
00030000
00000500
05000500
00000100
03020001
00050700
01000004
00000004
00000003
00000000
03000000
03000000
04000604
01040000
00030000
00050000
00030000
00000600
05010600
00000200
03020001
00060600
01000005
00000005
00000002
00000000
04000000
03000001
05000604
01040000
00030000
00060000
00030000
00000500
03000500
00000200
04020001
00040600
00000007
04020013
00000100
01000000
07000000
00010012
03000600
070b0000
02030000
07030201
00040000
04070000
00000800
00010500
00020001
00000200
01060000
0500030c
00010600
00000307
00000406
00000012
0e040000
00000806
06040007
03000009
00000800
00000000
01001000
00000200
00070000
00000000
03040000
00000201
05000707
00040009
00140d00
0e090303
000a0000
010e0606
08000002
0c000003
00001300
03000000
00000001
09000f0b
00000910
00000000
05000000
00000000
00000e0a
0003000a
00150600
08050000
12060300
00000202
07000002
06000005
000e1100
00000000
00000000
03000c0c
00070712
00000f00
0c030000
01000000
00040200
0000000c
00070b03
10000000
0c001c00
00090d01
0500000d
06000000
0b000400
00010000
00000300
09000000
00000200
00040900
0a070000
07060003
030b0600
0a060207
0d00000f
000a0500
0006000b
00000b00
000b0002
0b000c0c
02000000
04050002
00000000
00000000
00020105
00000e00
00000009
00000400
000d0100
00000004
1a000003
05000000
00000001
11090100
03000004
06000005
010b0501
00050000
0c000400
00000000
00051700
00030209
00000003
00051000
06030009
00000000
10000003
00000001
00000000
00170009
03000001
00000300
03120907
00060500
02000000
00100500
00022100
000d0300
00000000
03200008
01000000
0500000b
00000201
00060000
000a0900
00080104
0c000002
00000000
00001208
00050c11
00000007
00370000
000e0000
05010901
08040006
04100002
01000000
0f000105
00000500
00001600
050c1a00
00000000
0b0c0000
00000c00
000b0c13
1b080411
0000000f
00000000
00000000
04000a00
0000020f
06030000
00080803
06010000
10000000
05000001
00000008
06030000
00060200
04000206
07060000
00080200
120a0000
00000000
00000000
0a030016
03000006
00000000
0c000210
00000000
11000000
03000000
04000408
00140000
02060001
00010000
01020000
000a0700
0a0f0000
00030000
05000106
15060015
0b00001b
02000400
0a040119
0a000007
0c000006
00000000
00000011
00020200
08000000
00040000
0207010a
00110000
00040000
00020008
00040905
04000001
0000001e
03000000
08020018
02000302
0b000000
00000002
04000006
04030800
05010600
01020300
04080008
00080500
00000000
00080000
01030805
01040a01
0000030c
00000102
00040100
01000800
08000000
05000004
02000703
03040000
010f0001
01060008
06040003
00010600
08000200
00000001
050c0000
00020501
01000005
00000004
00000003
00000000
03000000
05000001
04000606
03040000
00030000
00060000
00050001
00000500
03000600
00000100
02020001
01070300
01000008
00000001
07000007
00000000
07000000
04000002
05000809
010e0000
00080000
00050100
00050000
050b0600
0c010000
00000000
03000003
110f1401
00000008
00070100
24000604
00070001
02000000
00000102
0000040b
050a0000
00000000
00000300
00000002
060f0000
06000000
00060300
00000000
00040f00
01000007
02000003
01060002
00000000
04000000
03000000
02000103
03030000
00070000
02010001
00030005
00010500
07000500
00000400
02030001
00040600
00000005
00000004
00000003
00000000
02000000
02000000
04000505
02040000
00020000
01050000
00030000
00000700
04000600
00000000
02030001
00020500
01000006
00000003
00000003
00000000
01000000
03000001
04000506
02040000
00030000
01050000
00050000
00000500
03000600
00000100
02010000
00020500
01000008
00000005
00000003
00000000
02000000
03000001
03000404
02050000
00020000
00030000
00040000
00000600
05000600
00000100
01020001
00010500
00000005
00000005
00000003
00000000
02000000
05000001
03000604
02040000
00020001
01050000
00030000
00000600
03000600
00000000
02020001
00010500
01000005
00000005
00000004
00000000
02000000
04000000
03000503
01050000
00020000
02050000
00030001
00000700
04000500
00000100
01020001
00030500
00000005
00000004
00000004
00000000
02000000
03000000
03000604
01040000
00030000
01050000
00040001
00000600
04000600
00000000
02020000
00030500
01000005
00000004
00000003
00000000
02000000
03000001
03000504
00040000
00030000
01060000
00030000
00000600
04000500
00000100
02030000
00040500
01000005
00000004
00000003
00000000
02000000
03000001
03000505
02050000
00020000
01070000
00040000
00000600
04000600
00000000
02030001
00020501
01000005
00000004
00000003
00000000
02000000
04000001
03000505
02040000
00030000
01050000
00030003
00000400
03000500
00000000
03030002
00030600
02000005
00000003
00000003
00000000
03000000
04000000
03000604
02040000
00030000
01050000
00030001
00000600
04000500
00000000
03030001
00040600
00000005
00000005
00000002
00000000
01000000
04000002
03000504
01040000
00020002
01060000
00030000
00000500
05010600
00000100
02030001
00050600
01000005
00000004
00000002
00000000
03000000
04000001
04000505
01040000
00020002
02060000
00030000
00000300
04010600
00000000
03020001
00030600
00000005
00000005
00000003
00000000
03000000
04000002
05000505
01040000
00020002
01080000
00040000
00000300
04030400
00000100
03020001
02020300
00010004
01000016
00000400
03000000
06000000
02000012
02000303
0a060001
01040000
04040004
00040000
08060000
00000a00
00020300
00010000
00000300
05040000
0400020b
02010400
0000020b
00000409
0b000013
0e030000
0002060b
05070908
00000005
00000b00
00000000
06001200
00000101
00000000
000c0105
03010000
00000100
0000030a
0005000a
000b0603
0f000000
0a0c0000
0019030d
07000f01
01000000
00000700
00000000
00000400
09000008
06030003
0003070d
00030000
00000100
00010405
00010009
00100600
0d000000
080a0900
0013040f
08000b04
00000000
00000700
00000000
00000500
0b000008
08050005
00000c00
0d040000
03000000
02050000
00000009
00070001
08010000
00001600
000b0b06
06070009
06000000
00000000
00050000
00000200
0c000000
00000000
00000300
0b060000
0a000000
00040500
06070508
1000000e
00090900
00020108
00000700
060e0001
05000908
0a01000f
000a0007
00000100
00010000
00001000
00000000
00000010
090f0000
00000400
01000005
10000000
000c000f
00060002
0c000000
08000004
00000000
0b000600
00070000
00000100
00090000
00080e00
00000000
00000000
000b0000
00000303
00050009
02000000
00040400
00080000
00000002
09000007
00000000
0001151f
0004000f
00000900
00000000
00101700
00000e00
00000000
030f0000
00000001
020e0807
00000000
00040b00
00080a00
00000d01
0c000007
00000a05
00000c18
0301000d
00000003
00000000
000b0005
0504100c
0a060100
07060000
12000600
08040102
07000000
00001700
03010e06
00000100
090d0008
00060108
00060000
0f12000d
00000007
00020000
00000000
10000500
0001011a
09020000
00080504
07020301
08000000
00000401
00000009
03000000
02000000
00000007
080a0005
000d0100
00040000
00000000
00000100
04030401
00000002
00000001
00020008
00000000
0b000000
06000000
06000507
000c0000
01040300
03000000
00040000
00030500
0d030300
00000000
05020105
0f05001a
05000001
00000000
06000113
00000000
0d000000
04000000
0400040b
00130000
03010000
00010000
02030000
000f0800
090f0000
00000000
04000007
10070012
0405001b
0b000000
06000018
10000403
0b000301
00000000
0400000e
00040b00
09000000
00040300
00040006
000f0000
00000000
00020000
00020506
01050a00
0000030d
00000101
00040000
01000700
09000000
04000003
02000703
04060000
000f0000
01070008
07040000
00010701
07000300
00000101
050c0000
00030501
01000006
00000005
00000003
00000000
03000000
04000001
04000505
03040000
00030000
01060000
00040000
00000600
03000600
00000100
02020001
01020500
00000005
00000004
00000006
00000000
03000000
05000001
04000606
03040000
00030000
01060000
00040000
00010800
08010500
00000100
03020001
01020600
00000008
00000006
00000007
00000000
04000000
02000001
04000805
05040000
00030100
02040000
00030000
00020700
06000600
00000100
02010000
00000800
00000006
00000404
00040004
00000000
02000000
03000002
01000304
07040000
00010001
05030000
00060000
02070600
04010300
00000000
00040202
00000301
00000010
00020004
00000003
00000100
04000000
02000001
04000603
03050000
00010000
02050001
03030000
00020400
02060500
00000000
02010900
00020400
01000004
00000004
00010003
00000000
00000000
03000002
04000505
01040000
00040000
01070000
02060000
00000600
02000600
00000000
01030000
00010401
00000006
00000005
00000003
00000000
01000000
04000001
03000504
02040000
00030000
01060000
00040000
00000600
03010500
00000000
01020000
00030500
00000004
00000004
00000002
00000000
01000000
03000001
03000605
01050000
00030000
01060000
00030000
00000500
03000600
00000100
02030001
00040600
01000005
00000004
00000002
00000000
02000000
03000002
03000504
00050000
00030000
01060000
00030000
00000600
03000500
00000100
02030000
00050500
00000004
00000004
00000002
00000000
01000000
04000002
04000605
01050000
00020001
02060000
00030000
00000400
03010600
00000100
03030000
00040500
01000004
00000004
00000002
00000000
02000000
03000001
03000505
00060000
00030001
02060000
00030000
00000500
02020500
00000100
02040000
00030500
02000005
00000004
00000002
00000000
02000000
03000000
03000505
02050000
00030000
02060000
00030000
00000500
03010600
00000000
02040001
00030500
00000007
00000103
00000003
00000000
02000000
02000001
03000503
01050000
00020000
02040000
00030000
00000500
03000500
00000200
01030000
00050600
01000006
00000004
00000003
00000000
03000000
02000001
03000504
02040000
00030000
00050000
00030000
00000500
04000600
00000000
02030000
00040601
01000005
00000004
00000002
00000000
02000000
04000002
03000505
01040000
00020001
01050000
00030000
00000500
03000600
00000100
02020001
00030600
00000005
00000004
00000002
00000000
03000000
03000001
03000605
01040000
00020001
02060000
00040002
00000400
03010500
00000000
01020001
00040600
01000006
00000004
00000002
00000000
03000000
04000001
05000506
03040000
00030001
01070000
00040000
00000300
02050500
00000100
02020001
00010100
00010002
02000014
00000000
00010001
04000001
01000015
02000202
08050000
01070000
04050200
04040000
10070000
00000d03
000e0200
00000b00
0000000e
00000000
00000500
03000701
0000000e
0100050c
0804001b
00000000
00000000
0300071c
18000000
00000b21
00000000
06001609
001f000b
00000c08
0000000b
00000000
00000e00
0000060a
0000000e
00000901
14000000
03000000
00000000
00000b20
0e000000
0005081f
04000000
00000600
02000017
0000070a
00000000
00030000
00000600
04040904
0000000d
00000700
11000004
0a000100
00000001
00000d15
11000000
0008081c
02000000
00000700
04001012
00000805
00000f01
04010000
05000005
08050300
0000020e
00000000
08090000
00001b00
00000500
0100001c
0e001400
00000014
00050001
00000000
07000000
00000d07
000f0900
00080000
0c020005
00000800
00050007
0600000c
00071105
00020208
00000b04
08160009
00000504
03000000
0806000b
00000003
00030700
00000000
00070600
00060007
0711000e
00000300
1000010c
09000000
000f0707
000e0000
000d0603
08000001
0b000000
08000d00
00030003
00000000
00120000
000e0302
00000400
00000000
000c0000
00000000
010a0012
00000000
00030c00
00130400
00000309
0b00000c
00000100
02001100
00000018
00000008
00060001
00140000
00000600
02000000
00060000
00000406
12080007
00000000
000c0b00
00100d00
0000090a
0b00000e
00000d04
03001015
0800080a
00000001
00000000
000e000c
060a0d05
0300000e
04010000
18030405
09000000
08000000
00000000
05000d03
06020403
00070004
00000202
00000000
070d0007
07000000
00000000
00040001
0b0c1000
00000003
02000006
17030503
00000001
00000000
00000000
01000005
00000000
00040000
01000002
00000001
000d0100
0a030500
00000500
00000000
00030600
01000008
00000004
00020002
00000000
01000000
05000000
02000503
01040000
00030100
02010000
00030000
00000700
05000600
00000100
02020002
05020300
04000003
00000002
00020006
00000100
08000000
06000000
05000805
01070000
01060100
02020000
00040000
00050700
09000400
00000100
04020002
0c0f0011
06000004
08000000
10000009
0e000000
0d000600
00000001
0802020f
010d0500
04050000
00031000
00000000
00080000
04050004
00060000
0000000a
01040a00
0000030b
00000101
00040100
01000700
09000000
04000003
02000703
04050000
000f0000
02070008
07040001
00010601
06000200
00000101
050c0000
00020400
01000006
00000004
00000003
00000000
02000000
03000002
04000505
02050000
00030001
00070000
00050001
00000600
03000500
00000100
02020000
00040601
01000006
00000004
00000002
00000000
02000000
03000001
04000605
02050000
00040000
01060000
00030002
00000600
02000600
00000000
03020001
00030501
0000000b
00000004
00000002
00000000
03000000
03000005
04000504
07040000
01030000
03080000
00030000
00020500
02010800
00000200
02020000
13010200
00080100
0006020c
00000900
05070200
03000004
00001004
00000017
05010000
05000000
00070000
00040000
04170607
00030c00
00000000
00001500
0a000000
00000016
00080000
00000701
01000000
06000000
00000002
01000607
02040000
05020301
00060000
05000008
00040201
00060300
00000000
00001202
00040500
02000003
00000003
00020002
00000000
00000000
01000002
04000505
01040000
00050000
00070000
02030000
02000600
02010500
00000100
03030000
00020500
00000005
00000103
00010003
00000000
01000000
01000001
03000403
01050000
00040000
01070000
02030001
00000600
03000600
00000100
01030000
00030600
00000005
00000104
00000002
00000000
01000000
03000002
03000605
01050000
00030101
00070000
00030001
00000700
03000600
00000100
02040000
00050600
01000005
00000204
00000002
00000000
03000000
03000002
03000505
03050000
00030002
02070000
00060000
00000500
02030600
00000200
02030001
00030500
02000007
00000204
00000005
00000000
02000000
04000002
04000506
02050000
00030201
04080000
03050000
00000600
02030400
00000100
03030100
00030700
01000007
00000104
00000002
00000000
02000000
04000004
02000805
04060000
00020002
03080000
00020000
00000500
02030700
00000100
02040001
00000500
01070004
0202010d
00000000
05000000
05000003
01040307
00000112
06020500
02000001
070a0000
01070000
00020202
02000600
00000301
00041005
04000000
0005000c
00040400
00090007
0d000400
00000000
00050400
0000060b
00010502
02000004
060a0005
04060304
0202020c
00000300
00000004
000a1501
00000500
0100000f
00000002
00060002
00000000
04000000
02000002
02000304
02060000
00030003
02040000
05010000
00000400
03060400
00000002
01020201
00040600
00000005
00000004
00000003
00000000
03000000
03000001
03000504
00040000
00030001
02050000
00030000
00000600
03000400
00000100
02030001
00020600
00000004
00000004
00000003
00000000
02000000
03000001
04000604
00040000
00030001
01060000
00020000
00000500
03000500
00000100
02030000
00020500
01000005
00000005
00000003
00000000
02000000
05000002
06000506
02040000
00030001
01060000
00050001
00000100
01040500
00000100
02010000
00010000
00000002
080c000b
02000000
04000401
0600000b
03040404
01000000
03050000
05080000
00030500
09020000
06040000
00000306
000f0000
00000100
00000000
00000000
0d0f0900
00000300
0400000f
0a00000d
0017030b
00000000
00000001
0b00000a
13000000
0200070c
00092c13
01000006
00150500
00010800
00050000
09000000
00000c00
06000008
02000311
00000e01
00150000
00000000
0000000a
0500040c
15000500
07000400
00032822
0000000f
0008000e
00070900
05000000
00000000
00060d00
00000205
0700000e
00000000
00170000
00000000
00000004
07000019
12000000
01000000
00062211
00000000
0010000a
00100000
01000d05
00000000
00060212
00000500
0e00020a
00000000
00140000
00001800
06000402
0603001f
0a001300
0000001d
0c0d1c03
00000000
00000000
000b0000
00000b01
00090000
0b01000c
00000300
01070006
000d0009
0006080c
0000000c
00040a01
080b0009
00000606
00000000
12000000
00000000
04000600
00000007
00000000
00030000
0903000b
00000300
0c09000d
00000009
010e0009
00160000
02000407
0a000003
0c000000
00001808
00000202
03000500
00210000
00141c02
00000000
00000000
01070005
00000800
060b000a
00000000
00070100
00180b00
0000050a
0f00000b
00000000
0000172a
0200001b
00000001
00000004
0013080e
0a000703
14000305
00090000
00000002
14080009
00000000
00040500
00120600
00000500
08000000
00000000
00000a14
0902010b
00000006
00180000
000e000a
00050a05
0300000d
01000000
00030202
0a000000
0d000002
01000000
03000008
08010000
00080002
00020700
03040000
01000600
07060300
00000100
01050005
00030700
02000005
00000005
01010006
00000000
03000000
03000000
01000505
01030000
00030400
02020000
00030000
00020500
06000500
00000100
02030001
00020500
01000006
00000003
00000004
00000000
02000000
04000000
02000504
01050000
00030000
01030000
00040002
00000600
04000400
00000000
02020001
02030300
03000004
00000005
00000004
00000000
00000000
01000000
02000503
00030000
00040000
03010000
00040003
00000900
05000400
00010000
01030001
05010406
02000006
01000009
05000003
00000100
0a000200
05000000
08000809
02020300
02080301
01040300
00060000
01050400
06000000
00040000
02000004
01050900
0000030b
00000102
00030000
01000800
08000000
03000003
01000703
04050000
000f0000
02060008
06040002
00010701
07000300
00000101
050b0001
00010401
00000005
00000004
00000003
00000000
01000000
04000002
04000505
03040000
00040001
01070000
00040003
01000500
02000500
00000100
02020002
00020500
02000005
00000004
00000003
00000000
02000000
03000001
04000605
03040000
00040000
01060000
00040000
00000500
02000600
00000100
02020000
00030400
00000007
00000003
00000002
00000000
03000000
03000001
05000504
05050000
01060000
02050300
00060000
00050400
03010500
00000100
01020001
06070001
00010000
0507000a
04000a00
000e0000
0000000d
00000a0b
0306030b
00080000
08050001
00000000
00000000
060b0006
00000000
02000000
00000009
04000000
0400081c
04030000
00000600
0b000005
0a000000
00000502
00000000
00000000
06030000
03000003
0708000a
000b0007
00000000
00050000
00000100
00050502
03000011
00000101
03010007
00000000
04000000
03000006
05000306
03070000
00050100
01070001
04030000
00020500
00050400
00000100
03030403
00050500
02000006
00000002
00010003
00000000
04000000
03000000
02000504
01040000
00040000
01070001
02030001
00000700
03010500
00000200
02050000
00020803
0000000a
00000309
00000002
00000000
06000000
02000007
03000807
0f040000
00020000
03060200
00030000
00010400
02010a00
00000400
03040000
00000000
01060000
00000219
00000704
0f000200
01000005
000f0803
00000006
07000303
00000001
07050002
000b0c05
0001000a
02000600
00030704
00001200
00000400
00040015
00000400
00070606
09000000
02010000
00070300
01000b06
01060500
01000202
05050006
0f090108
0a010111
000a0100
00000008
00091101
00000400
0200000b
00000303
00030004
00000000
07000000
03000001
04000305
06060100
02050202
03080100
07040000
00030200
00070700
00000301
02030102
0c000008
00020003
01060010
00000000
00060001
05000a12
000d020c
040a000b
03000000
0a010000
00070000
02020403
04060000
00000c00
00140000
00001200
0e000007
02000600
000a0000
0004020e
090d0003
00000b05
000c0100
00100c06
00000006
0c000000
00000001
00080a30
00010009
00000400
00000000
0005180d
00020502
01000012
00000000
00060005
00000000
09000000
03000000
00000004
0b050000
00030102
01030003
04020009
00010600
03080300
00000000
00050000
00050701
00000006
00000003
00000002
00000000
03000000
03000002
03000505
00060000
00030001
01050000
00020000
00000500
03010600
00000100
02030001
00060700
02000004
00000004
00000002
00000000
03000000
04000002
03000605
01050000
00030000
00050000
00020000
00000400
03010600
00000200
02030001
00040500
02000005
00000005
00000002
00000000
03000000
04000001
05000606
03040000
00040002
02070000
00040000
00000200
02040500
00000000
03020000
06020000
00000006
060a000b
00000000
00000003
07000104
00050012
04000404
06070008
03050000
00080400
03010000
06070900
00000d00
00140000
00020000
06000001
00001000
000c0007
00000400
0005000d
00001000
00060213
000b0000
00000000
1100000b
00000000
00000811
000f150f
00000509
00260002
00000005
00000000
07000400
00000000
00000000
0003000f
00000400
00030000
00080200
00000005
09000019
00000000
00000d11
00070021
00000001
000b0002
00000200
12000000
00000800
00060000
00000401
000d000a
00000200
000b0000
000c0000
00000007
0a000000
00000000
00000a05
02030012
00000806
00090000
00120a00
10000700
00000500
000e000f
00000000
07050002
00000300
00020000
06002000
00000702
0a0a0003
00000300
00000222
11060002
00000800
00000000
00080b00
00010600
00070000
0b010008
00000700
040a0005
020f000f
000a0505
0004000a
00000a00
07060007
00000003
0e000001
10000000
00000002
06000200
0000010e
01000000
00000300
01130000
14000000
1000000e
13000108
000d0003
00160000
00010007
0c000006
00000000
00001300
0000190d
0000000a
003c0000
00110400
00001300
00000000
00040300
05000100
0810000b
00000000
00050307
00110500
00000009
0f000018
00000000
00001016
0d000014
00000004
00000000
00130009
00020d00
0d000004
00090000
01000000
0d000009
00000000
00010000
000d1100
00000a00
08000006
0000000a
00030a14
0c010910
00000001
00180000
000d0000
00050902
04000013
01000000
00010001
02000000
0e000000
02000200
04000205
0d040000
00060200
00020300
09050000
00000500
02060500
00000100
01000001
00040700
03000005
00000004
00000002
00000000
03000000
02000000
02000404
00050000
00030000
02030000
00010000
00000700
05000600
00000100
02040000
00040600
02000005
00000004
00000003
00000000
02000000
03000001
02000404
02040000
00040000
01030000
00030001
00000600
03000500
00000000
01030001
00030500
03000004
00000005
00010002
00000000
00000000
03000000
03000403
01040000
00040000
02020000
00030000
00000800
02000500
00000001
01020002
02020405
03000006
0100000a
04000000
00000300
09000100
05000000
08000807
03000300
00090300
02050400
00050000
01020500
04000000
00050000
02010003
02050900
0000030c
00000103
00030000
01000500
08000100
04000004
02000703
03050000
010f0000
02060006
07040002
00000701
05000200
00000101
060c0000
00040500
00000006
00000004
00000002
00000000
02000000
02000000
05000603
02040000
00040000
00060000
00040002
00000700
02000500
00000000
03020000
00020601
00000004
00000004
00000002
00000000
02000000
03000001
04000504
03040000
00030001
00060000
00030002
00000700
03000500
00000300
01010000
00020500
00000008
00000005
00000002
00000000
07000000
02000001
05000804
07040000
00040000
03050100
00040001
00040600
03000500
00000200
01020001
01000300
00060300
00050012
02000800
05070000
0502000f
00001205
0406000e
00090200
06010004
00000600
00000000
0b090000
00000003
03000000
00000003
110a0003
02020f00
02000100
00000b04
0a050001
00030301
00001400
0008040d
00000002
08050002
00080000
0b000202
000b000a
00000002
0d050000
00000700
02000102
0000011d
00010200
00010207
00000000
04000000
01000003
03000906
03060000
05010300
01040002
07020007
00000200
00070100
00000000
00000302
00040601
01000005
00000001
00020003
00000000
03000000
03000001
02000405
01060000
00060001
01050001
03030000
00000500
03040600
00000100
03030001
00070603
0000010c
00000214
00000300
00000300
06000000
01030015
02000900
0f070000
00030000
03020000
00040000
00050500
01000900
00000500
00030000
00180000
000e0000
0002001f
00000600
020d050a
0013000d
00120921
00040000
00090906
08000000
00000004
00030c00
0100000b
08001306
00051400
00000000
000b0c00
0b07000f
00000000
00050504
00050007
00120100
00050100
04001005
00000a00
01090100
00000000
15090000
0a040014
000a0408
00000000
00000100
00000601
0800000f
00000000
00040003
00000000
0a000000
04000000
03000804
01060100
04090500
04050500
0b040001
00060600
00070200
00000100
03030002
0b000002
00000604
0d110005
02000000
00000000
0c000f12
00000008
05060000
00050000
0b090000
00000100
05000000
05080400
00030402
001a0000
00000000
13000600
01000e00
05100000
00000000
0b000002
00001300
00000000
00111000
00000000
10070001
00000002
0000011a
00000f06
00000001
00060000
00000000
00010b00
00000010
00000000
00030000
00000000
0b000000
02000000
00000003
0a050000
02030403
01020005
04010009
01000500
05070500
00000100
01040000
00040800
01000004
00000003
00000003
00000000
03000000
04000001
03000606
01050000
00030001
01040000
00030000
00000400
04010600
00000200
02020001
00030600
01000004
00000005
00000003
00000000
02000000
04000002
04000505
01050000
00020002
02060000
00030000
00000300
02010600
00000100
02020001
00040600
01000006
00000006
00000002
00000000
04000000
04000001
05000606
02050000
00040002
01070000
00050000
00000200
03050600
00000100
02020000
05000000
00000004
0a0c000c
00000000
00000101
09000005
0306000e
03000405
07040109
01070000
00050700
05000000
04030d00
00010300
001a0000
00030001
00000000
00000a00
020c0014
00000000
0205000d
00001500
00000000
000e0000
00000000
11000013
00000300
0b000400
00021814
00000007
002b0000
00050002
00000000
06000200
00050001
00000000
00000310
00000a00
00080000
000a0000
00000000
05000000
00000b00
0d000c00
00001e12
0000000a
000c0000
00030000
06000000
00000000
00080100
08000000
0900000a
00001003
000a0000
000f0200
00000003
08000012
00000d00
00000600
03001113
00000000
00130000
000d0000
01001100
00070000
080e0012
01000000
0a070406
06000b03
00000a04
00001d00
00000a01
090c0005
00000a00
02000007
18080700
00000000
00000500
000d0000
00040d00
000a0300
0b000000
00020900
0009070c
0a000010
000a0914
00000000
00000400
06070006
0d000008
03000000
08040001
00000001
040a0600
00000404
000f0100
0d090000
070c0c00
00000900
0906000b
0309000e
000f0809
000c0003
00130a00
0b000007
04000003
0b000c00
00000511
00000000
00110000
000f001b
00000a00
00110000
01000508
00000600
0d030406
000f0000
000b0400
00070807
00090e0d
0a000009
08000009
01000c00
0600000e
00000005
00000000
00130411
00000f05
020a0002
00000000
00010500
03040007
000a0000
00010500
00041601
00000e06
0500000a
00000004
04000401
0200000b
00000000
00000000
000a000b
00030b03
0200000f
00000002
00000001
00000000
0e000000
03000200
03000305
07050000
000a0202
01030000
06040001
00000500
03010500
00000100
01000000
00060701
03000004
00000005
00000002
00000000
03000000
03000002
03000605
00050000
00030001
02040000
00020000
00000500
03000700
00000100
02030001
00060600
02000005
00000003
00010002
00000000
02000000
02000000
02000403
00040000
00030000
01030000
00030000
00000700
03000500
00000100
01030000
00030500
04000004
00000005
00010002
00000000
01000000
04000000
03000404
01030000
00030000
02020000
00030000
00000600
03000500
00000000
01020001
02020304
02000005
0100000a
04000000
00000100
08000100
05000001
08000707
03010400
01090300
03040400
00050000
01010400
04000100
00040000
02010003
02040800
0000030c
00000104
00020000
02000500
07000100
05000003
02000603
03040000
000f0000
03070006
08040002
00000701
05000200
00000001
040c0000
01020500
00000005
00000104
00000003
00000000
03000000
03000002
04000506
09040000
00040000
00070000
00080003
03000700
02030800
00000600
03020001
00010500
00020003
0002010b
00000501
09000000
05000100
01000004
05000905
07000000
00010002
07010000
000a0205
00000200
02020700
00000b00
00000400
00030300
0000000a
00000005
00000103
00000000
06000000
01000004
06000404
08050000
01050000
03050200
00070002
00030200
02020500
00000100
01000101
000a0000
010a0000
03080014
02000700
06110000
0306000f
00010f0d
070c0009
00040b00
03020000
00000000
00010200
07080000
00000007
00001900
00010203
0b170000
08041400
00060000
00000507
05070004
020c0b00
00001000
09090402
00000503
04020000
00000005
0c0c0600
010b000b
0000091d
0e001200
00000000
06000001
02000b10
00020000
00020400
02000000
07000000
00000002
02000506
03050000
04030200
00040004
0c03000a
00010100
00080300
00000000
00000201
00020701
00000003
00000001
00020003
00000000
03000000
03000000
01000405
01070000
00060101
02050001
06030000
00000400
02050600
00000200
02020000
00020501
00000008
00000010
00000201
00000000
09000000
00000011
01000700
030d0000
02060000
03000000
00060001
00090700
04000b00
00000000
00010000
00000b0d
000e0000
01000013
09000600
00040006
05170210
07000b28
09040009
00110300
0e000012
00000000
00000700
02000000
00000600
0b000000
00000202
00001100
10040001
00000000
00000302
00000007
000f0100
06000000
05001501
00000400
04060110
00000007
0b070100
01000001
00000000
0b000000
00000200
00050903
0a000010
00000000
00050001
00000000
0b000000
03000000
01000b01
03080000
030a0900
02040303
0b050000
00070400
03060000
00000100
00030100
020d0003
00000901
0c110009
18000000
00000000
0900090c
0000000f
040d0400
000f0000
070b0002
00000500
03000000
00070001
00000001
00271700
00010000
00070d00
0a000600
0a120000
00000000
07060008
00000904
00000000
00110100
00000300
10080001
00000000
00080314
00010019
00000000
00010d00
00030900
00000802
00000016
00000000
00010000
00000002
0a000000
04000000
01000404
08070000
01040500
00000004
0b0b0009
00000500
04060500
00000000
00050100
00050700
03000004
00000003
00000003
00000000
04000000
04000001
04000506
01050000
00030001
01050000
00030001
00000500
02000600
00000200
02020001
00060700
01000004
00000004
00000003
00000000
04000000
04000001
04000605
01050000
00020001
01060000
00030000
00000500
03010500
00000200
02030001
00030600
00000006
00000006
00000002
00000000
04000000
04000002
05000605
04040000
00040002
02070000
00040000
00000200
02050500
00000100
03010000
04030000
00010001
080b0013
00000000
00000002
06000409
0009000b
04000008
05070104
02060000
02000600
00000200
08010402
00000700
00130000
00000000
00000000
00000300
0001040d
00000000
0000000d
00001200
00050000
00060000
00000000
0e00002b
04000100
06000604
0000061b
00000003
001f0006
00000004
00000000
0e000000
000a0a00
00000000
070e220f
00000a00
00030b00
00080300
00000e0e
04000000
00001b04
03000800
0d00270d
0000000d
001a000f
00000000
0a000500
00000000
040e0000
08000000
0c00000b
00001100
00030000
000e0500
00000008
09000003
00000300
00000d0d
00001403
0000000b
001a0001
000a0000
00011000
00090000
050a000a
00000000
040c0005
00000a07
0000050b
00001400
00000705
08090000
00000500
0300010c
1e0a0000
00000104
00000000
000a0200
00001300
00050000
0a000000
00020500
0004000e
12000006
00070005
00000000
00000700
070e0009
12000302
06000000
03080002
00000000
001e0000
00000000
00000f00
05040000
01000019
04000401
02080009
000c0005
00100709
000b0c00
00001207
09000016
0400110f
00000b2a
0b03050d
00000006
000a0003
00090e1a
00000801
000d0000
0700000c
00000401
000c0607
00120006
0b050901
00100706
06001112
0a000006
00000003
03000b00
04000005
00000001
00000002
000e0e18
00001002
01000005
01000000
00000300
00060008
060d0000
02020200
00050f00
00000904
04040008
00000004
0300010b
0000000c
00000000
00000000
000d070c
00040902
03000009
00000002
00020002
00000000
0f000000
04000001
02000505
07050000
00090201
01030002
01020000
00000700
05000600
00000100
02020001
00040700
02000005
00000003
00000002
00000000
03000000
05000002
04000506
00050000
00030002
02030000
00020000
00000500
03020700
00000100
02020002
00050600
04000004
00000003
00000002
00000000
02000000
04000000
03000305
01040000
00030000
02030000
00020000
00000700
03020500
00000000
01020000
01020400
03000005
00000004
00000003
00000000
01000000
03000000
02000503
01030000
00030000
03030000
00030000
00000600
03000300
00000000
01030001
01020304
02000006
01000008
04000001
00000000
09000200
05000001
09000608
03010400
01070400
02040500
00060000
02010300
05000100
00030000
02000003
02060900
0000030b
00000104
00030000
02000400
07000100
02000003
03000603
02060000
000e0000
02070007
07040000
00000702
05000200
00000102
040c0000
01020500
00000006
00000005
02000002
00000000
03000000
01000004
03000308
08040000
00040000
04060000
03040000
03000600
03000600
00000500
01020000
05000700
01030001
0303020a
00030400
0e000003
00000000
04080001
00000405
0f010000
01000001
0a070700
00000203
000f0200
00040000
00040000
00000000
06020001
0000001c
00060000
06000202
00000002
09000000
00000003
06000303
07060000
01000000
00010000
0001000a
03050200
00000100
00000000
00001604
00040010
02060001
0e08000c
07000500
00170001
0e03000a
00000018
000b0009
05100a03
09000000
03000200
00000400
06090200
00000200
00001000
000a0013
000d0200
11020000
05040000
00000503
00080007
000f0100
00000e00
090d0a01
00000c00
0a050016
00000000
00070900
0a0e000d
00000a13
03000000
000e0008
040a0502
06010819
03030000
00000501
06000002
0f000001
00000b04
01020008
00000000
02060000
00010007
0e0e0005
06080006
00010000
00000000
00000201
00050a05
00000001
00000101
06030005
00000000
05000000
02000002
01000706
02050000
00000702
02060002
03030003
00000200
01030500
00000201
02040203
00040700
00000002
01000004
00000005
00000000
07000000
0000000a
04000804
000b0000
04050000
05040100
05060002
00070600
02000100
00000100
00020107
000a0001
00020000
09000009
02000c00
040b0004
030f0006
00090717
00160008
000a0300
06000005
00000203
00000700
01000000
01000002
00020200
0009000e
000b0f02
07040000
00000000
00000704
00050006
00120001
01060000
06090e01
00000b05
0601000a
00000011
09020500
02000006
00000103
00000000
000e000c
00010c00
0a000011
03000000
00040002
00000001
0e000000
05000000
00000404
03070000
010a0500
02010104
0a060000
00020500
04040000
00000100
00000002
00030509
00000003
03090009
11000001
00000100
0a000007
0000001b
04070001
000f0000
050a000a
00000100
04000000
01050000
0000000d
00150600
00010005
06000511
05000500
01100001
00000000
0b000008
00000a03
00030000
00171300
0000000b
0b0f0019
00000a00
00000323
0000130c
00000601
000e0000
00020000
00000b02
01000011
00030000
00010000
00000002
08000000
07000000
00000706
08060000
040d0601
02010000
00050028
04000400
03070100
00000100
00000005
00040701
02000004
00000004
00000003
00000000
03000000
05000001
03000606
01050000
00020002
02050000
00020000
00000400
03010600
00000100
03020001
00030601
01000006
00000004
00000003
00000000
03000000
05000001
03000605
01050000
00020002
03070000
00020000
00000200
04030600
00000000
03030001
00030600
01000007
00000005
00000003
00000000
03000000
04000002
05000705
04040000
01030002
03080000
00030000
00020200
01050600
00000000
04020000
05000000
00000001
06060010
00000000
00000005
06000706
000a000d
01000002
01000000
07020000
04000000
00000200
0a040701
00000700
00160000
00000000
14000000
00000400
00060000
0a000000
0005000c
00000600
000d0900
000b0000
00000006
0e00000e
00000200
04000500
00052811
0000000b
00200000
00010000
01000011
00030300
04080000
00090000
0215230c
00000000
00040d00
00090d00
04020011
00000000
00000305
00000e01
0c000400
00000103
00000009
00000000
08000e0d
00000100
0c0e0004
00000000
0800000c
00000d00
00080000
000a0a00
00060006
08080002
00000e00
00000e06
00010d00
00000200
00140000
000b0000
00001000
00100000
04010011
02000300
01030001
00030707
00000a07
01000004
03000801
090b0007
00000900
00000001
1d080000
000b0001
06000700
00000000
00030f00
00080000
07050012
03040500
02000509
0e000006
000c0004
00000002
02090c00
06050003
0d000809
00000100
00050108
0e000000
00030300
0001080b
00020300
010e0000
04020016
00000300
000c0207
00100000
0f060a01
010d0005
0000140f
06000006
00000006
00000f00
0a02100d
00000004
00080700
0008020d
00001000
00080000
06060000
00000100
00090009
020c0003
09040f04
00120a01
0000080d
0600000b
00000002
07000c00
0400000f
00000006
000d0100
0014060e
00001705
00000005
00040000
00000200
06000007
0a000000
00040100
00060d02
0c000000
0207000d
0200050d
0000001c
0000000b
04000000
00000000
000e0003
00040900
02000006
00000003
00010002
00000000
09000000
04000002
03000405
07050000
00090001
00030000
01030000
00000900
06000600
00000100
02020001
00030801
01000004
00000003
00000002
00000000
02000000
04000002
04000506
01050000
00030101
00030000
00030000
00000500
03000700
00000100
02010001
00060500
05000003
00000003
00000002
00000000
02000000
03000001
03000504
01050000
00030000
02020000
01020000
00000900
02000600
00000100
01030000
00040600
02000005
00000003
00010003
00000000
01000000
02000000
02000503
00030000
00040000
02030000
00030000
00000700
03000400
00000100
01030002
01020303
03000006
0100000a
04000000
00000300
09000100
05000000
07000508
02010300
00070400
02040500
00060000
01020500
05000200
00050000
01010002
01080a01
00000210
00000101
00030000
01000400
08000100
04000002
01000704
03060000
000e0000
03070006
06030002
00000603
05000100
00000201
050c0000
01020500
00000008
00010308
00000000
00000003
0700000c
02000007
01000304
0f020000
04000000
04020000
00010000
010a0400
08001200
00000700
03021402
14000000
02000000
000a0509
00000e07
03130107
01000000
00030b00
00000012
00000000
09000000
00000300
0000001c
001b0001
00000000
00000000
00002200
13000000
00000226
00060000
00000c00
04050002
04000000
00000000
01010609
01000000
08000001
00000002
0402000e
000e000d
00000000
00000000
00000800
00040008
01000012
08000009
07000400
020b0100
13000000
00020012
00070005
0c0d0500
07000000
04000007
00000000
000b0600
00000003
00001600
00090410
00000300
09050000
07030001
03000404
000c000c
000e0007
0000000d
010a0a00
00001002
0b000013
00000007
00000900
04090004
0e00040a
00000100
00110010
010a1900
06000018
00010000
00000100
01040006
10010000
00000b00
00040c01
03000000
00050000
00000004
0d0a0007
140c000d
07000200
00000000
00000000
00070802
00000008
00000003
00010005
00000000
09000000
02000001
01000606
01050000
00040701
03020001
00030000
00010400
0a000600
00000300
04020002
00080600
01000004
01000002
00000005
00000000
0a000000
03000008
04000606
050a0000
02060001
05030100
00030000
01060500
05000500
00000200
03020006
00060007
00030000
0900000b
05000500
00060004
0a09000d
00000016
0d0c0000
00110700
06000008
02000000
00000000
02040000
00000500
00050000
00000009
00051807
06080000
03000000
00050400
00000005
000a0603
0c000000
09061200
0000050d
07020009
00000003
01020300
08000000
00080700
07000000
00060308
00011000
0d000011
01000003
00030001
00000003
13000000
00000000
00000004
01030000
00090200
05000001
08070000
00010400
09000200
00000300
00000001
00000500
00000006
05030008
06000002
00000000
08000005
04020014
02000105
08060100
06030000
02020200
00010000
00030000
04000500
00110600
01040205
0f001000
00000e00
00180000
0f000000
08000004
00000d07
00030000
00111200
00000004
08020000
00000000
00000a20
02000e06
00000000
00250000
000d0000
00001400
00000009
00000000
00010000
00000002
09000000
04000000
00000706
08080000
04050800
01010002
01010012
07000200
05060200
00000300
00000004
00040702
01000004
00000004
00000003
00000000
03000000
04000002
04000606
01060000
00030001
02070000
00030000
00000400
04020600
00000100
02020001
00040501
02000004
00000004
00000003
00000000
03000000
04000003
04000607
01050000
00030002
02080000
00030000
00000400
01020500
00000100
02030001
00040603
0000000a
02000004
01000004
00000000
0a000000
03000002
05000805
06040000
01050002
02090200
00030000
02040300
01030500
00000200
02020000
070a0000
00000000
06010006
05000000
0000000e
0e000813
00120114
00000000
00000000
03040000
00000100
00000500
0b041708
0c00020a
003a0600
00000000
0a0c0000
00000000
00000a00
0d000004
00000016
00001600
00100000
00000000
00000005
00000000
00000300
00000602
00023305
1300000b
001c0c00
000a0000
06090000
00000000
05000e00
00000002
00000013
00001700
00110000
00000000
03000007
00000a00
05000000
00000907
00013204
1700000c
000b1000
000d0000
010d1100
00000302
01060203
07060004
00000013
00001800
000a0000
00002000
00000007
02000600
00000f00
00010916
030a2e0e
0b00000c
00070e00
00120000
00000800
000f0002
0a000005
0e000300
00040b07
1504000d
00000a09
00000002
00000400
03050003
00000600
0001000a
1b090000
00000006
08000600
00000000
00000000
00020300
04000008
00000900
02040a0e
00000001
000d000b
00000004
00000505
0400000c
14000b00
00011028
0003000a
00000100
00000000
00001b16
00000b02
00070800
00000800
00000701
01121207
000f0000
06081700
000b0103
00000109
01000004
04000704
00001016
1204000e
00000009
07000000
00040218
00001c07
00030000
00070600
00010300
01030208
000a0000
00060b00
00080a00
00000006
0000000c
05000a05
0000070f
03000007
00000013
00090000
00000000
0005180b
01000004
00000000
01020000
03000003
08000000
04020000
03000b05
0c000000
00080004
07000404
00020008
00010500
07000400
00000100
01020000
00030700
02000005
00000004
00000004
00000000
02000000
04000001
02000506
02050000
00030202
02050000
00040000
00000500
04000600
00000200
02020001
00030701
01000006
00000003
00000003
00000000
02000000
05000002
03000605
00050000
00030101
01040000
00040000
00000600
04000700
00000100
02020001
00060700
03000004
00000004
00000003
00000000
03000000
03000001
03000505
00050000
00030000
02020000
00020000
00000700
03000600
00000200
01020001
00040600
02000005
00000003
00000002
00000000
02000000
02000000
02000503
00040000
00030000
03040000
00020000
00000700
02000300
00000100
01030001
03050304
03000007
02000009
05000000
00000300
0a000100
03000000
07000608
03010200
00080400
02050300
00050000
01020600
05000100
00070000
02000001
01040c00
00000011
00020108
00050000
00000300
0c000000
03000008
00000802
0c050000
010e0002
03060205
05040000
00030102
03000700
00000601
070c0000
0e00000a
00000000
00180018
00000000
00000002
03000900
00060003
00040000
0200000a
09030001
00000000
00000400
000d0700
00001000
000e0000
00061e00
12000009
00000c05
040d0000
00000b09
060d0001
00000f00
00010000
00020d04
00000000
11090006
00000900
00000032
060b0e04
00010000
00000000
00070a05
0a000000
01000c19
04020000
00000c0b
07050004
00000000
00000100
00060001
00000000
09000000
00080003
060a000d
06130005
00000000
00000000
00000200
00060000
0000001c
0400000c
01000700
00060807
06000000
00030024
03000000
050c0700
06000004
0a000408
0600000a
000c0000
09000e00
00080700
00070609
00051300
0d000000
02000001
0d000500
00090412
00000014
00000006
03050000
00001204
0a00000c
00000000
00000000
08120000
06001106
00000000
00010000
02001a07
00000010
00070700
10050500
00000208
07000000
00020f01
00000004
06000000
00050a00
07000103
00000001
040c0000
0d000100
00000200
00000000
00040700
01000008
00000004
00010003
00000000
05000000
04000002
02000405
01040000
00040201
01030000
00020000
00010800
09000600
00000100
02030201
00080700
01000005
00000004
00000006
00000000
07000000
03000001
03000606
01090000
00080001
02040100
00030000
00060600
09000500
00000100
02020005
0000030b
00020000
06000301
19000806
00000002
0d000005
00000015
08000008
000c0000
0105000c
07000400
00000000
00090200
01000000
01040300
00000010
00001c07
00050000
00000600
1d070800
00000007
00020000
08020005
00001102
00000000
0000000d
0a000708
00040000
04020000
0a000000
0d000000
0000000e
00061300
05000006
00000002
00010002
00000004
08000000
06000000
03000206
09030000
00060301
08010006
00030000
00010900
0c010300
00000100
03020001
050b0502
00000007
000d0502
1d000004
00000000
14000000
01000007
07000305
001c0000
04060001
00000000
00000000
00030000
09010000
001a0000
05010002
160f280a
00000007
00180c00
37000000
0b000002
01000000
00020000
000e1200
000a0000
05000002
00000d05
00000001
0b070f00
0d000000
002a0300
000d0000
00021600
00000008
00000804
00000000
00000000
05000000
05000001
03000604
06020000
02020501
01010005
00000000
06040800
0a010500
00000700
010c0300
00040901
01000004
00000004
00000004
00000000
03000000
05000001
04000607
02050000
00030001
00050000
00040002
00000500
04000600
00000300
02010002
00070701
02000004
00000003
00000003
00000000
04000000
04000002
04000507
02050000
00030001
01050000
00020000
00000300
04010500
00000200
03020002
000a0701
01000007
00000002
00000005
00000000
06000000
03000004
04000506
03080000
00070000
01050000
00030000
00050500
0a000400
00000100
03010003
0016021e
00000000
00010b04
11030200
0000000f
0a000007
00050022
00000000
00160000
07040011
01000400
00000000
07061c07
07000400
0019000b
00000009
001d0b26
00000000
00001100
0e050100
00000012
00000a00
00000008
00000000
00080002
05000313
0a000000
00000000
0000290d
00000000
0000001e
00000000
001a0c26
00000000
00001200
0a020000
00000012
00000d00
00000004
00000000
00080003
06000616
0e000000
00000000
00002709
00000000
00000121
00000000
001a1924
00000000
00001000
0f100000
00000012
00000600
00000000
00002600
000b0304
0401001e
0f000600
00000000
01092517
00000000
00000012
00000000
0009070a
0a04000a
08000000
17000000
00090605
15000000
05000304
03000003
01110000
02090000
0a000000
00000000
0c070600
04000005
00110000
00000008
08101805
00000500
01120b00
1e000000
0000000b
0b000600
00080000
00050000
00090000
05000002
00000d00
00000b21
00073200
01000008
00300000
00040000
040e1e10
00020000
00060b00
15000605
000f0505
00000000
00040d00
00000008
09000000
01000002
00000000
00000233
11070000
0d00000e
05000000
00000000
00071b08
00000000
02000600
0e060700
03000003
00000000
06020000
02000705
08030000
0004010b
0b040807
00000000
00050000
0b000000
00000000
00020000
00070e04
02000003
00000101
00030003
02000000
0a000000
04000002
06000307
08020000
00060001
01050001
00030001
00000300
07000400
00000000
05040002
00050702
01000005
00000003
00000003
00000000
03000000
03000001
04000506
01040000
00030101
02060000
00040000
00000600
03000600
00000000
03020001
00030800
00000006
00000002
00000003
00000000
02000000
04000002
03000605
02050000
00030001
01050000
00040001
00000500
04000600
00000200
02020001
00040600
03000005
00000003
00000003
00000000
02000000
04000002
03000505
01050000
00030101
01020000
00010000
00000500
03020700
00000100
02020002
01050500
04000005
00000003
00000003
00000000
01000000
02000000
02000503
00030000
00030000
02030000
00040001
00000700
03000400
00000000
01020000
02040303
05000007
02000009
05000001
00000000
0a000100
05000000
07000708
02010200
00080300
00050300
00060000
01020500
05000200
00070200
03000003
00040b00
00000010
0203000e
00010000
00000200
13000000
0000000b
00000700
07060100
05100001
00060002
05050000
00050000
00000600
00020200
06090000
0c000002
00000f00
08120015
01000000
01000000
00001c04
00060003
00070000
0000000c
0a0e0000
00000200
00000401
03021500
00000900
001e0000
00060000
0a000e00
03021000
07030000
00000000
04090001
00001300
00000000
00040a00
00000105
0e0e0001
00000a00
04000005
1006050c
00000001
00000300
00000002
1000000b
00021500
06090000
00000900
07050202
07000700
00001600
05050002
00000000
09010000
00000005
0b000400
08160008
0000000a
0a000200
00000000
08000000
00000f00
04000303
00000600
0900030a
00000001
0000031e
07000000
00000b00
0d000009
08000407
06000108
000e0003
00000b00
00040c00
00000000
00000301
02070000
01000100
02000400
00000811
00000016
00020511
00000000
00000d04
0e000013
05000000
00000000
00000200
00000000
0000000c
00000000
00130000
1008001c
00000300
000f020d
00000010
01000000
00090000
00001300
00000800
00000406
0d000000
0c0e0003
000a1109
0f000000
00000103
00040900
00030600
02000018
00000203
01000006
00000000
07000000
03000003
02000506
01050000
00020501
04040000
07070005
00010500
04010600
00000002
02020102
00040600
01000005
00000004
00000005
00000000
04000000
04000001
04000807
02060000
00030001
01050000
00040000
00000900
06010600
00000200
02020003
00030705
01000004
00000400
04000108
00000000
0b000000
05000000
01000308
01100000
01040005
01030600
05040000
00050b00
0d010300
00000200
01010008
00040f09
01000006
00000906
08000106
00000000
05000000
05000000
02000808
04090000
00010206
08020404
00020000
00040a00
0c000500
00000000
00020004
00050a01
01000005
00000305
00020004
00000000
07000000
09000001
03000406
06050000
00050101
01040001
00030000
00000a00
08010600
00000200
03030002
00060600
01000005
00010704
00000004
00000000
0c000000
05000001
03000507
020e0000
00020001
02040000
01020000
00010400
0e020500
00000000
03030002
03060a01
00000005
00020905
02000003
00000000
09000000
01000001
03000704
000d0000
00020002
02050000
00010000
01040700
0c000400
00000000
03070001
00060901
01000005
00000305
00000002
00000000
07000000
04000003
04000506
01040000
00040001
01040000
00030000
02000600
06000700
00000200
03070001
00050700
01000005
00000004
00000004
00000000
03000000
04000002
03000506
01040000
00020001
02040000
00030000
00000400
04000600
00000300
02020002
00030700
01000005
00000003
00000004
00000000
03000000
04000001
03000506
01040000
00030001
02060000
00040001
00000400
04000500
00000100
03020002
00060701
00000006
00000104
00000005
00000000
05000000
04000002
04000706
01060000
00040001
00060000
00050000
00010800
06010600
00000100
02010003
00030605
03000005
00000803
00000007
00000000
0b000000
0a000001
04000506
010a0000
0303000a
05040000
04020000
00050b00
06000400
00000100
02010006
00010a0a
00000008
00000a03
00000005
00000000
0b000000
12000000
04000403
02070000
0201010c
06020200
00030000
01010e00
09000200
00000001
02010004
00000c0a
00000005
00000a00
00000007
00000000
0b000000
13000000
00000202
03090000
0200070c
07000400
00070100
00000e00
09000100
00000302
00000006
0000100a
00000009
00000701
00000009
00000000
04000000
0c000000
00000b06
040a0000
0201010d
06000000
000c0301
01020f00
08000300
00000600
00000300
000c0805
04000009
00010600
02020007
00000000
0f000004
0c000000
00000408
02140000
01060601
00000000
00080000
00030c00
0c000300
00000300
01020306
00130e06
01000004
00061405
06000004
00000000
12000002
00000001
03000404
00140000
02010101
02050500
02020000
00011600
09000500
00090302
01030000
00020a04
01000009
00000c04
00000206
00000000
0b000000
07000004
02000609
04030000
00000203
07030000
00030000
01030400
13000400
00000300
04030002
00040701
0100000c
00000606
0302000a
00000000
06000000
07000000
00000606
02040000
00020102
04020000
01060000
00040600
0d010300
00000300
02060003
00030500
01000007
00000203
00000005
00000000
04000000
04000002
04000405
02040000
00030001
02050000
03040000
00010300
05020500
00000100
03030301
00050901
0200000d
00000101
00000201
00000000
06000000
01000006
03000a04
07030000
00010000
06020002
00050001
00020700
04000700
00000503
01000000
00000200
0000000f
00000207
00030104
00000002
04000007
00000000
01000403
01000200
00000000
07000000
060f0000
00020600
10000700
00000700
00010a00
00000500
01000012
00000102
00030007
00000000
04000000
03000001
02000605
02040000
00010501
02000000
070a0001
00010300
02000600
00000100
02020603
00040500
03000003
00000005
00000002
00000000
02000000
02000000
02000503
00030000
00030000
02020000
00030003
00000800
03000500
00020000
00030000
02020404
05000007
0200000a
04000000
00000100
09000100
04000000
07000607
02010200
00080400
01040200
00050000
00010500
05000100
00060100
01010003
00090c06
0000000d
02080000
04020100
00000000
13000000
00000009
07000900
010d0000
04130000
00050102
04040000
00040001
05020000
00040000
060a0000
09090000
00001100
050d0004
15000000
04000005
00001c01
00000003
070c0000
00000000
0a070000
00000400
00000407
07070c09
00000010
00230b00
00000000
00000305
01010800
07060000
00000000
02021406
00000d03
00000e00
00040300
00000700
0a070006
00001100
0a000000
0b07000a
0000000b
00000000
00000100
00000200
00010b00
0f080000
07001000
090d0203
00000004
00000b08
00060001
00000000
03000000
00000008
00000000
030a0008
00000007
01000000
00000101
00000000
00000000
0a000000
00000c00
06000008
00000000
0000000e
01040000
00000300
0c00000e
00000005
01000103
0009000b
00000000
00000000
00000000
00000607
00060000
0b000000
07000000
00030009
00000108
07000008
06070100
0002080c
0800000f
03000001
03000800
04000000
00000007
00000007
00040003
00060b09
13080001
06000000
01060000
0000000a
00010007
03000009
02001400
000c0c09
07030017
04000000
07000100
00010d09
00000000
0000000e
00010003
00010701
0b000021
00000003
00000001
00000002
0e000000
02000002
01000206
01040000
00040200
07030003
0a090001
00010900
04010400
00000000
01020001
00030600
00000005
00000004
00000003
00000000
02000000
03000002
02000506
01050000
00020001
01050000
00040000
00000500
04000600
00000200
02020001
00030700
01000006
00000005
00000003
00000000
03000000
04000001
03000506
01050000
00020101
01050000
00030001
00000500
05000600
00000200
02020001
00040700
02000004
00000004
00000003
00000000
02000000
04000001
04000506
01050000
00030001
01040000
00030001
00000500
03000600
00000200
03010001
00030700
01000006
00000003
00000003
00000000
03000000
04000002
03000506
01050000
00030101
01040000
00040000
00000500
04000600
00000200
02020001
00030600
01000004
00000004
00000004
00000000
04000000
05000001
03000606
01050000
00030102
02060000
00030000
00000400
04010600
00000200
03030001
00040600
01000004
00000003
00000003
00000000
03000000
04000002
04000506
01050000
00030002
02070000
00030000
00000400
03010600
00000200
02030001
00030700
01000005
00000004
00000002
00000000
03000000
04000002
04000606
01060000
00030001
01050000
00040001
00000400
02000600
00000100
02020001
00050601
02000004
00000004
00000002
00000000
03000000
04000002
03000507
01050000
00030001
02060000
00020001
00000500
02020600
00000100
02030002
00050700
01000004
00000004
00000003
00000000
03000000
04000002
04000606
02050000
00030001
02060000
00030000
00000500
03020500
00000100
03030001
00040700
01000005
00000004
00000003
00000000
04000000
04000002
04000606
01040000
00030001
01060000
00030001
00000300
02020600
00000200
03020001
00040600
03000006
00000004
00000003
00000000
04000000
04000002
04000505
01040000
00030001
01060000
00030000
00000400
03000600
00000200
03030001
00020501
0000000f
02000506
00000000
00000000
0c000000
0000001d
00000c00
0e000000
01010000
05010701
00090100
02010a00
12001200
00001106
01030000
000b0000
00050000
00000a12
00000002
0000000a
02000204
0008000a
00000000
07000000
05000000
03000000
001d0600
00030d03
1b001900
00002300
00000a00
000d0000
00080004
0000080d
00020608
0000000a
01040500
000f0000
00000400
04000100
03000000
07000000
001c0906
00010706
0d000800
00001e05
00001200
000a0000
0d030017
00000300
0006010c
0000000d
02010301
00020000
00001900
00000600
02000000
06000000
091b0208
00050a0e
05000800
00000e06
00020d00
00010605
05000021
00000301
0402000a
01000001
0d000000
02000002
00000708
05020000
00000702
07060003
0b090006
01010300
02000300
00000302
00050404
00000500
0104000f
0000010d
00010400
00000705
0b000008
00050009
01000800
12000300
00000000
0d060006
00070001
000f0000
09000b00
00000e00
00050600
00000000
010e000e
00000c00
0000001d
0002110c
0200000e
00070c00
00000002
00000400
00000002
00000000
000f0409
00130006
01000a00
00000008
00002103
06000000
00000312
00010500
0000020c
02000506
00000000
00000c00
00001502
00000200
00000002
02000001
070a0108
00110005
00000000
00000004
00002000
00000000
00020011
05000019
00000600
00000201
0b000000
00020015
00000005
10040500
01000000
0f000002
05020002
00050300
00000c00
00000705
00010102
00000200
010c0005
0000000c
000a0606
00010005
00080009
00050012
0000060d
00000c00
04000010
05000002
02010001
0000040a
06020b00
00000608
00020a06
00000500
03000016
00000000
00060009
00000004
07000000
00000000
00000b01
00060200
00000402
04010000
080a0001
00000605
00010200
00000003
00040800
00040500
04000004
00000005
00000002
00000000
02000000
03000001
02000404
01050000
00040002
02030000
00030000
00000700
02030500
00000100
01020001
02020505
04000006
02000008
04000000
00000000
0a000100
06000000
06000607
02000000
00080300
01020000
00070000
00010600
03000300
00060000
01000003
00040d04
0000010a
00010003
03030200
01000500
10000000
00000004
08000700
020c0000
020f0002
02040005
01060000
00020300
0b000000
00000000
070b0001
00010011
05010000
020f0004
0d000700
00000604
07000905
00000408
040a0000
000c0000
08030009
00000000
00000200
020d0007
0000000b
000f0000
00000000
00000100
0b030c00
08110000
01000801
09042305
00000000
00001900
05080400
00000202
04080000
00000c00
08060400
060e0002
00000009
00000000
00000000
00000800
05010404
10070000
0e001001
09030005
07000000
000a0104
00000006
00000000
04000002
0d000004
0b000000
00090005
00000000
00000000
0000000c
00000003
00030000
10020000
0100090b
11050705
09000003
00050500
00090000
00000004
09030008
00020208
00000400
03090006
00000007
00060000
00060b08
00000003
04040000
0e000000
05000609
00000005
01040000
0300000a
0c060100
00070a03
0800000f
0400000a
00000808
00000000
00000000
00000008
0004000c
00020b05
04080000
08000000
04050000
01000105
00080107
0a000200
08050c04
00080a0f
0704000b
00000000
08000300
09000000
00000000
05000000
04000005
00000a00
0c00000e
00000000
00030101
01000003
0b000000
00000000
00000706
01040000
00060203
03040002
0c040001
00010500
00050400
00000100
00020100
00030701
0400000c
00000402
00000002
00000000
09000000
03000005
02000704
09050000
00010001
04050000
00060002
00000600
03000500
00000802
02020001
00000200
0401000a
00001202
0100000a
00000001
02000009
03000001
00000004
08040000
00000501
02000000
04100200
00030600
05000100
00000703
00020801
00000400
00000007
00001000
0000000e
00000001
00000300
03000000
00000204
0f040000
00000501
00010001
02120400
00040400
01000200
00001105
00020900
00000400
0000000b
00001100
0000000b
00000002
01000001
04000001
00000303
09050000
00000401
00010001
06100300
00040400
02000300
00000807
00020901
00010500
00000009
00001001
00010009
00000001
03000001
04000001
00000504
0b060000
00000201
02030000
070e0100
02050500
02000300
00000907
01030b01
00020700
0000000d
00000502
03020004
00000000
07000000
03000003
03000705
04050000
00010601
01050004
08080000
01020300
01030500
00000204
03030804
00040700
01000004
00000003
00000003
00000000
04000000
04000001
04000505
01040000
00030002
01050000
00030000
00000400
03000500
00000100
02020001
00030600
02000004
00000004
00000003
00000000
03000000
04000002
04000507
01050000
00030001
01060000
00030000
00000400
03000600
00000200
02010001
00030600
01000003
00000004
00000004
00000000
03000000
03000001
04000507
02050000
00020001
01060000
00040000
00000400
03010500
00000300
02020001
00040700
02000004
00000003
00000004
00000000
03000000
04000001
04000505
01040000
00030002
01060000
00040001
00000400
03000500
00000200
03030001
00040700
01000005
00000004
00000003
00000000
04000000
03000001
04000605
02050000
00030001
00050000
00030000
00000400
03000600
00000100
03020000
00020608
00030005
05000017
02000400
00000003
11000000
00000028
02000700
09090000
04070004
0f000300
03000000
06070500
00001d00
00050706
00010002
00000603
000d0000
06000012
06000200
00010009
0001030c
04000022
0f080000
00030807
0a080018
00000000
00000200
06000000
00001903
0000000c
01000000
00000000
030b0000
00000001
00000002
0000010c
00070802
11000005
01040000
000b0a07
0900000a
01000000
00000600
00000000
00000900
04000017
00030700
00000400
0c090000
00000000
00090101
00000110
00050002
0f020309
02021800
00020e0c
0c000015
02000000
09000400
04010511
00000000
03000010
00090a09
00000806
0900002b
00000000
00000100
00000009
0f000000
0002040b
00000601
07040000
00000000
09000402
12090000
00040501
00000300
00000100
00050002
00000000
00050100
00000020
00000300
00050a08
00000018
00000015
04000000
09091500
08010009
0a000007
00000000
00090e00
11000900
00030700
00030500
00050000
05090000
000c0000
01000119
00191412
00000013
00040f00
000e0000
00000f07
04000000
00000000
00000409
00180306
0000000f
000e0508
00030000
00001c02
0000000a
00090000
000e0016
09130d11
00000000
00070f00
00062200
00001105
00000000
00000000
06000009
0018000e
00000006
00000002
00010000
00050100
00090009
0700001b
00000300
00000203
0c020002
00040014
00000000
10040e04
03010004
0a000000
08000007
00030504
00000900
00020a00
0002000c
00000700
000d0000
07000000
00030900
04030409
000a0007
00070305
00060200
00000c06
05000009
0c000005
00000303
03000004
0000000d
00000800
00050310
00011109
0700000d
00000000
00050101
00000007
09020000
02000000
01000c02
06000300
0003040a
01000200
04050000
00000405
00000000
00000000
00030000
00050700
05000005
00000003
00000002
00000000
03000000
03000000
04000505
03040000
00040100
02020000
00060000
02000700
03000500
00000100
02020000
02000503
03000001
0200000c
00000000
00000000
07000200
06050000
04000304
06010000
00090000
00000000
00080000
00020600
00000500
00050700
00000001
00040b00
0000000b
00000003
00020300
00000600
0f000000
00000001
0a000405
00010000
000d0000
01000005
000b0000
00020300
0a000000
00000101
050b0000
05040007
0a000204
070b0008
09000204
07000501
0c000000
00020105
0d050003
00150000
04030000
00020300
01020200
06000000
00000005
010e0000
00000104
00040000
04050400
01080004
00000305
0c101709
00000100
00010f06
0d0e0000
00001005
08000000
00000001
00040d00
080b0003
0000091e
00000a00
00050000
00040100
0a020300
0d000000
00000205
05001707
06090900
000c1309
00090008
00000e03
0104000a
05000500
0d050700
0203000d
0000000c
00000300
00000211
01010209
06020001
0c030000
01000309
10070103
0e000006
00080502
00080300
00000109
08030003
05030404
05000600
080c000d
00000003
00020000
0008010b
00000000
01030005
0d000000
0700060a
05000003
00000000
00000007
0d040000
00000900
0a00000c
02000009
0000050b
00090000
00000000
00010004
00000008
00070601
02080000
07000000
04030202
00000106
00040405
04000000
0d030a00
00080909
02040006
00000001
05000200
05000000
00000000
07000300
01000000
000a0600
09000017
03000000
00040103
00000006
0d000000
00000100
00000806
00030000
00060100
04030001
0c060003
00000700
01030300
00000100
00040102
00020202
00040003
0000010d
00000300
00000000
05000001
00020018
01000007
09050100
02040001
07040002
00030002
00040300
00000800
00000a02
00000001
00050000
070d0000
00000003
00000717
00110006
0009010b
000a020d
0006000e
00000900
03000000
00000000
00060600
00030509
00000000
0000120a
00020f09
00000000
000b0000
00000400
0000041b
00120005
00100100
00090000
0006000e
00000800
03000000
00000002
00050f00
0001000e
00000000
00001613
0008100b
00000000
00090000
00000100
0000091c
000d0006
000f0100
000b0000
0001000a
00000400
02000000
00000001
000a0800
00030210
00000000
0000070c
00091204
00000000
000b0000
00000200
0004021a
00090006
00070000
00090000
0000020d
00000200
02000007
00000000
00060300
0008020e
00000000
00000a0e
000a1306
00000a00
00000017
00000000
00080008
00000005
07010000
00000000
01001f02
05030100
00000807
00000000
0b090000
0007040e
00010300
00000001
00071000
00030700
01000005
00000004
00000004
00000000
05000000
04000001
04000506
01040000
00030001
02050000
00030000
00000400
03000600
00000300
03020002
00040700
02000004
00000003
00000004
00000000
05000000
04000001
04000506
02040000
00030001
02050000
00040000
00000400
04000600
00000300
04030002
00040702
01000003
00000003
00000004
00000000
05000000
03000002
04000506
02040000
00020002
02050000
00030001
00000500
03000600
00000201
03030002
00050701
01000004
00000002
00000005
00000000
05000000
03000000
03000505
02040000
00020002
02040000
00040001
00000500
04000500
00000200
03030001
00030700
01000005
00000004
00000004
00000000
04000000
04000002
04000606
02040000
00030001
01050000
00040000
00000400
04000500
00000200
03030001
00040709
00000007
0400000a
00000000
00000000
14000000
00000013
03000a00
06090001
020b0000
0c000300
00000000
020a0900
03000d00
00020300
00020003
00000203
02000000
09000003
06000100
0000000c
0000030a
08000019
11060000
00000b02
090c000b
00000000
00000200
00000000
00001100
00000300
02040000
00000000
0e000000
0600000b
00000001
000c000c
00060202
0f000600
001b0000
00000c04
0c000007
00000000
01000b00
09090000
00000000
00000003
00100b0b
00000200
00020000
06000000
00000604
000f0012
000d0000
05000a02
001a0f00
00000d08
0a000009
0000000a
04000f00
0900000a
00000003
00000007
00150011
000b0500
0e00001e
00000000
00000000
00000610
12000000
00010000
00001400
0d000400
00000000
00000400
0f0c0000
0011030c
00000000
00000200
000a0400
00000000
000a0300
050a0023
00000100
01121006
0002000f
00000c18
02050001
00001100
0a00000a
00000002
00000100
03180800
00000a02
00010400
00030a00
000b0f00
08060000
03080000
03000000
00170410
00080003
00020600
00130400
00000b0d
08000003
00000000
03000b04
040f0003
00000010
00010000
00150207
00001d08
00000003
00000000
000b0100
00080011
10000000
00010000
00001600
07000502
03060004
0b000000
00000003
00070004
03000000
00000000
00130000
00010100
00100000
06000017
08010400
00070103
0e05000c
00040213
02080002
00060d06
06090007
0800000b
00000000
03030600
01000509
00001000
0004060d
00031a04
01090000
06000000
090c0100
01000009
000c0003
00030000
00070b00
00050f06
0502000f
03000b03
02000500
00000003
00000003
00000000
0006000f
0002120a
08000003
00000002
00000001
00000002
08000000
05000400
03000406
07000000
00050408
04000800
00020000
00000600
03000200
00000000
00000000
00060600
04000004
00000002
00010003
00000000
03000000
04000001
04000305
06040000
00050100
00010000
01070000
03000400
04000800
00000700
02010002
00000400
02000000
00040012
00000000
02000000
07000500
01060001
00000203
04000800
040b0001
04000400
00080004
00030000
00000500
00000b00
00000000
00000300
04020015
01040000
00000301
05000200
0d000400
00000000
02000204
00000000
060b0004
05000003
000c0507
00050000
04000000
00000100
000a0e00
02040007
05010006
02050005
08000006
02010000
11000500
00000001
0c000006
08070000
03050000
01040200
000a0200
07030000
00000000
00040000
03000005
0001000b
000a0000
05010002
0e000000
09180b07
0b00000b
00000611
060b0000
00000e00
0a000004
00000500
00000b0d
030d0006
0000000c
00000000
00030103
00001209
00060000
0c010000
05000000
000a1409
0b070100
00091909
020b0703
00000509
0208000d
00000000
04000500
13030003
00000013
00000000
00000008
00000000
07020000
08070000
0000060e
10050000
08010300
010b0600
00060903
0000020a
06020005
0b010106
00000b11
0405000a
00000000
00030000
000b070e
03000004
00000005
0c000000
00000904
06050003
09000003
00000003
07060200
00000200
08000006
04000008
0000050f
060a0009
00000007
00000000
00010004
00000101
00050000
09000000
09000405
00000004
00010002
00000004
0b000600
00090806
04040007
02000002
0200010a
02000000
00000000
06000000
01010000
000b0700
0807001b
03000000
00040200
00000006
0b010000
00000000
00000a03
00060500
01050008
02000001
0c080000
00000600
00000000
00000000
00010000
00000005
00030009
0500000d
00000100
00010000
09000001
00000013
05000405
050a0600
06040002
08030003
05040001
02050100
00000200
00020300
04040106
00000003
0c080000
09000000
00000703
06160009
00080018
04000e0a
00150008
00000900
0d000006
00000000
00001101
00060000
00000000
00000004
000f000c
0000000c
00000000
00050000
00000703
00180008
000c0004
0d000e02
00150008
0000060b
0b000004
00000000
00001303
04010003
00000000
0100000b
000d000f
0000000d
00000000
00070100
00000405
03140407
000d0009
13001100
00170302
00000a0d
0b000007
00080000
00001100
00040004
00000000
0000000f
0016030d
00000002
00030000
00060100
00000406
0010000a
00010000
00030d00
000b0200
00060908
07000005
00000001
00000a0c
00040003
00000503
00000010
000f0902
00000e05
02040012
00000400
00050202
00000009
0c040000
00000000
00002502
09000200
00080506
01000000
09000000
00010700
00000100
00000000
00030000
00040701
02000005
00000004
00000003
00000000
04000000
04000001
03000406
01050000
00030001
02050000
00020000
00000500
04010600
00000100
03020002
00040600
01000004
00000004
00000004
00000000
04000000
04000002
04000506
02040000
00030002
02060000
00030001
00000300
05010500
00000201
04030003
00040600
02000005
00000003
00000004
00000000
04000000
03000001
03000505
01040000
00020001
01050000
00040000
00000400
04000500
00000100
03030001
00050600
01000004
00000004
00000004
00000000
04000000
03000002
03000506
01040000
00020002
01050000
00030000
00000300
03000500
00000100
02020002
00040700
01000005
00000004
00000003
00000000
04000000
04000001
03000606
01040000
00030001
02060000
00040000
00000400
03010500
00000100
03030001
00050704
00000004
0300000b
00000001
00000000
11000000
00000013
01000800
020b0000
020a0000
0c000000
00030000
000a0900
04000d00
00000400
00020001
00000006
01000000
04000004
06000400
0000010c
0000010c
0200001d
10050200
00000a00
0c0b000e
07000000
00000000
00010000
00000e00
00000400
00020000
00000000
17030000
09090003
00000001
001d0a0f
00030003
00000700
00220200
00000b00
0d000000
00000001
00000b00
0d0c0000
00000003
00000000
000e0200
00000000
00000000
03000000
00000404
001d0211
000a0000
00000409
061f0a00
00000b0a
0800000c
0000000d
08000c00
09020000
00000c05
00000003
0019000c
00000d00
0e000014
00020000
00000002
00000711
0a000000
00000900
00001800
00000c00
04040010
00000600
070e0000
06150203
00000000
00000000
00080300
0000000d
00080c00
0a110017
00000300
03151004
000f0005
0000191c
000c0000
00000a00
06080004
00000000
01000c00
07120000
00000302
00060000
0000010e
00001e0a
00030000
03000000
06070402
000e000d
00110003
0b020000
000d1600
00010e09
02000012
04000800
00000e00
03000009
00000004
00020010
000f0013
00091c15
00000003
01000004
00040000
00000008
10000000
00020000
00001100
08010001
000d0002
0b000400
00000000
00040a05
0a000000
00000000
00100000
00070d09
00070000
0400000d
100f0700
00060509
0a00000a
0003001b
01030000
00040c01
0003000d
0600010b
00000301
02030000
0a00010c
00090a00
0000000c
00001e13
02000000
02000000
040c0000
0400000b
05040000
00000200
00001002
00000e08
0000000a
09000a00
00000101
01000100
00000003
00000000
00000009
00040d04
04000006
00000002
00020004
00000000
06000000
06000200
04000206
06030000
00070301
03010001
00050002
00000700
04000400
00000000
01000003
01010901
01000001
01030001
01040003
00000000
03000000
04020000
05000105
08020000
00060100
00000003
00060000
03000300
02000600
00020900
02000000
00000700
00000000
020a0017
00000100
0c000000
00000900
00060002
00000004
00030900
0508000a
05000900
00020001
00020000
03000000
00030000
00000100
0a000000
0600021f
020d0000
00000004
12000002
00000800
00000000
01020000
00000100
0e010007
03040001
03090714
00090007
00000000
000d0000
00110800
02040304
01000012
03060000
0501020a
08000200
0b000000
00000000
05000406
06040300
000e0000
07000400
000c0400
02030000
08010000
00000000
00000003
00130b0a
00080000
02000000
21000701
04090e01
0f000000
00000c03
080c0000
00090000
000a0001
02000000
00000003
060f0000
00000011
000d0000
00000000
000c1a0d
00080000
09010000
18040600
00050005
15000000
00090b00
00020101
00090002
00010001
0c000502
0000020d
0a020002
08000005
00090000
00000000
00120505
000a0000
08040008
0c000100
0d040005
07000000
000b010c
00050500
00030406
08000000
08000f01
0000080d
0603070a
00000402
00180200
000d0005
0000100a
01060000
07000000
02000800
02040005
11000003
00020500
00020400
00000b00
020a0006
08000002
00000000
0c04000f
00000001
00030000
00010000
00010307
000b0000
09000000
07000302
00000203
0f000401
06000009
0d000104
00040603
02020004
03000005
00000005
05000000
00000000
07000200
00000003
00050b00
08090006
04000000
02070302
00000005
04000004
00000001
02000a01
00040800
02030007
03000000
0c070000
01000004
00020000
01000100
00010200
00000401
02030014
0700000d
02030000
00030000
0e000000
00020011
04000202
05070300
06050000
07000004
05070002
01080300
00000000
00000400
0303000b
00000000
06070000
0c060006
06000805
010e0308
00000018
00000807
001d0003
00000900
08000007
00000008
00000800
00050002
00000000
00030400
00100009
00000000
00000000
060d0000
00000b05
060f0007
00000004
00000c00
001c0005
00000a02
05000000
0000000c
05000c01
02030007
00000002
00000001
0017070f
01000000
00000800
02100000
00000800
07100207
00000000
00021300
001f0000
00000403
07000000
0000000d
05000d00
00020007
01000004
00020400
001c0308
00000d00
00000600
000f0000
00000800
05090107
00000003
00000a00
00180700
00000d05
05000009
00000013
02000908
07010003
00000d0a
00000200
00160000
00001103
01000010
01000000
00010400
00000006
0e000000
01000000
00001303
00010000
000b0205
04000000
08040002
00000700
08010100
00000000
00000000
00040600
03000005
00000004
00000003
00000000
03000000
04000001
03000506
00050000
00030002
02060000
00030000
00000400
04010600
00000100
02030000
00040601
01000003
00000004
00000003
00000000
03000000
04000002
03000506
02060000
00030002
02070000
00020000
00000400
03020600
00000100
03040001
00030600
01000005
00000003
00000003
00000000
03000000
04000001
03000606
02050000
00020001
02070000
00030000
00000400
04010600
00000000
03030001
00040600
01000005
00000003
00000003
00000000
04000000
03000001
03000506
01040000
00020001
02060000
00030000
00000500
03000500
00000000
02030001
00040700
00000004
00000003
00000004
00000000
03000000
04000001
04000606
02050000
00020001
01060000
00040000
00000400
03010500
00000200
03030001
00040600
00000002
04000008
00000003
00000000
0e000000
02000011
03000604
020e0000
03060000
0a040000
00040000
03070700
04000400
00000200
01030006
00000006
00020000
05000009
04000300
00020009
0a00000d
0000001e
0f040000
000a0b00
1007000f
08000203
00000000
00050000
00000500
00020200
00050002
00000000
17000000
07040004
08000000
001b080e
00000004
00000f00
00230100
00000b00
0b000005
00000000
00000c00
0d090000
00000000
00000000
00150401
00000000
00000000
0a030000
00000500
001b030d
00100000
0300090d
0b200000
0000060a
0a00000b
00000010
0b000e00
02040001
00000d03
00000001
001a0003
000c0300
1c000008
00000000
00000501
00000f12
0c010000
00000a00
06000c00
00010b00
09010014
00000000
00170200
04130000
00000000
00000000
00000000
0001131a
00090714
04000000
2d000700
03130e0a
15120003
00001d1a
02060000
00050700
04000007
00000203
00030800
0b0f0000
00000010
02050900
00000005
00002a1a
00010000
00000000
1b050200
0306020c
000b0000
00030200
00001106
08000a05
0000000c
00000e00
00000100
01020002
07000007
00000000
00000008
00070f05
00000003
00000002
00050003
00000002
05000000
04000000
02000304
09070000
000b0004
04000000
00030000
00020a00
0e010100
00000000
00020003
00000f13
00000002
00000a02
10060504
00000001
08000000
0600000e
00000004
000d0000
03000015
07000b00
04000000
01020800
09000000
00050000
0000000a
00021512
02000000
01000305
07020007
00000004
08000000
08000000
02001206
04020000
0006000c
0c000201
00000000
00010c00
08000000
00000000
00010002
00020700
02000008
00000000
02010006
02000000
06000100
03000000
06000106
02010000
00040202
02000000
00090001
01000000
01000400
00000301
01000005
01000900
02000001
03070009
01040000
00000000
01000000
00090000
00000005
0b030000
02050100
01000001
00060000
02000000
00000400
00010700
00000000
00000a04
00000000
030c0019
00000400
13000000
01000202
000d0000
00000608
00000900
0a0d0008
060a0a00
00000006
00030002
0c000002
00020000
00080400
0c000007
00010400
0b050000
00000000
12000003
09000300
00020005
00050000
000e0004
0d040005
050d0400
1400070e
00020004
00050000
00120000
00040000
03060002
01000021
01050000
00000008
07000203
02000200
02000000
04000104
07000300
04090000
02020400
0009040e
00050000
040e0000
00000000
02000000
03010908
00000007
00000000
0f000807
00000000
06000100
06000000
03000005
01070000
010b0003
03020200
00040001
05030500
09000000
00000000
00000007
00060f04
00000006
00000003
0f00050b
00000000
0a000000
06000000
03000305
06000000
00040002
06000100
00020000
00050600
0f000000
00000000
00000003
00070c0b
00080002
00000000
1e00060c
00000000
0c000000
01000018
00000008
000a0000
0105000c
03001000
00000000
09090301
0c000004
00000000
00000013
00041907
000a0000
02000000
1b000703
00000004
08000000
00000600
00000803
00000000
000a000c
09000b05
00000002
050a0809
13000000
00000000
00000000
0004030b
00070000
0a000000
11000504
00000100
13000000
02000009
0b000007
01040000
00030006
09000200
00000000
04060000
04000000
00000100
0000000f
0004170c
000a0000
06000000
140c0100
00000004
00030100
00010308
01000904
00000100
0000000d
03000801
00020000
05000006
01010002
03000001
0000000f
00060a00
0305000b
0400001e
00050100
00000002
0b000000
00030011
04000400
0c040700
02020000
0d000106
01030000
00070200
03000700
00000700
00010000
00040000
080f0000
0601000e
00000405
00100808
000c0011
00030004
03160000
00090e03
07000000
00000005
00000f00
01050000
00000008
00020a00
00020001
000d0000
00040200
01060000
0600030b
05060408
00080000
00040300
101c0000
00000705
02000000
00000003
05000b02
00000000
00000005
00030000
00150009
00000300
00000000
00060000
05000301
07090508
00000007
00030100
001a0000
00000609
04000001
0000000f
01000a06
04030003
0000000a
00060001
001d0005
00001000
00050000
00000100
00000000
00010006
00030005
01000000
020a0f00
0000150d
04030009
00000009
04000300
0e020000
00000801
01000000
00160000
00041402
02010009
02000000
00030100
00000005
0c000000
01000300
00000604
02020000
000f0000
03020000
0a030000
00000500
08000400
00000100
00000000
00050701
02000004
00000004
00000004
00000000
05000000
03000001
03000506
02050000
00020102
01060000
00040000
00000500
04000600
00000200
04030001
00040701
01000004
00000004
00000003
00000000
04000000
04000003
04000506
02050000
00030002
01060000
00030001
00000400
03000600
00000100
04020001
00040701
01000003
00000003
00000003
00000000
03000000
04000002
04000605
02050000
00020002
01060000
00040001
00000400
03010600
00000200
03030000
00040700
02000003
00000004
00000003
00000000
03000000
04000001
04000605
01050000
00030102
01060000
00030000
00000500
03000600
00000200
03020000
00050700
01000005
00000003
00000004
00000000
04000000
03000001
04000506
02040000
00030001
01060000
00030000
00000500
03000600
00000100
03020001
00050701
01000004
04000004
00000003
00000000
0c000000
03000007
03000705
08090000
01080001
06050300
00030000
04070600
03000600
00000200
03030007
00000006
00010000
0a000006
01000300
00000007
0f01000d
0000001a
12000000
00080b00
0e0b0012
07000104
00000200
04060000
00000b00
00040400
00020001
00020000
0c030000
04070004
07000000
0014080e
00000204
02001400
00210000
00020a00
0a02000b
00000000
00000700
130c0000
0000000c
00000000
000b0400
00000000
08000000
0c020000
00000702
001d000f
00110001
00000001
06240000
0000080c
0b000000
00000010
05000e00
07060006
00000609
00000000
00140006
000d0600
18020000
00000000
000e0001
00000011
00050000
01000009
0c001100
00070803
0b040014
01000005
09000400
00060000
00000600
00000000
00030000
00001014
0e000029
01000600
1200090b
00000107
27000000
00000400
00000003
000a0000
00000508
04000500
10040000
000a0d00
0a000000
00000000
00000004
000c1712
02000003
0000050a
0c00000b
00000003
02000000
03000000
01000905
06050000
00060202
01000000
00000000
00070600
0a000500
00000000
00000000
00060800
01000004
00000005
00030003
00000000
04000000
05000001
03000504
01040000
00070001
00020000
00030000
00000a00
07000600
00000100
01050001
00030800
00000004
00000002
00000004
00000000
02000000
05000001
03000406
01040000
00030101
01020000
00040000
00000400
05000500
00000300
01010004
00030703
01000004
00000001
00020004
00000000
06000000
06000000
03000405
02050000
00050100
05000000
00040000
00000200
05000400
00000200
01010005
01010502
02000002
02010000
03010006
05000000
04000300
01000000
04000106
02000000
00040001
07000001
000a0101
03000000
00000000
00010200
00000006
00010a00
00000005
0309001a
00080000
01010000
01000000
000a0000
00000000
0b060400
03030000
04000002
00020000
00030000
00000000
00000a00
00010401
00070d0e
04000000
0a110012
01000000
10000300
04000704
000c0300
04000008
05020600
08180007
000e1200
00000001
00000003
01000000
00020000
000a0000
0e000000
00040300
0b060000
00010004
0d000005
0b000300
00080005
00000000
00150007
0d010000
02080400
16000c00
00030009
00000000
000f0000
00050300
0c000000
0300001b
00030000
0000000e
15000003
00000800
03000000
07000600
05000000
0c000004
02010000
000d0f16
02000000
00030000
00000000
00000000
03030300
0000000f
00000003
00000008
00000400
07000300
03000000
06000204
07000000
00040000
01040000
00090100
03000300
02000000
00000000
01000003
02050500
01000006
00000004
00000005
00000000
05000000
05000000
05000507
03000000
00030000
01040000
00050002
01000500
05000100
00000100
03000002
02050600
01000006
00000003
00000109
00000000
08000000
08000000
05000306
03060000
00030000
01030000
00030001
01030900
0c000300
00000100
03000006
01030a00
00000005
00000004
0500010c
00000000
06000000
06000001
05000505
04010000
00060000
03020000
00050002
00060800
0c000400
00000100
03020002
00020608
00000004
02000000
09000105
00000000
08000000
05000003
04000406
00070000
00070003
04010500
00020000
01020700
09000000
00000100
0102000b
00031106
00000003
02000503
0d000505
00000000
04000000
03000000
00000605
04060000
00010006
09010a03
00000000
01020700
0a000100
00000000
0001000c
00060103
00070000
02000416
09000301
00000001
0a000002
00010021
03000005
0c0e0600
0205000b
0b000a03
00010000
01030300
04000500
00070000
0000000f
00000516
0a0d0000
07000500
14000300
00100008
04190006
08020315
02090008
000a0907
0700000c
07000401
00001203
01000005
00000000
01000602
00010017
000c0511
000a0000
00000000
01000400
0007000c
00110304
0403000a
10040000
00000a0a
05000003
03000000
03000d02
01000000
00000001
00000205
00000009
000c0200
070a0000
00000102
00000209
0006000a
00110200
00070200
000b0200
0000110c
04000003
01000008
03000b00
01000008
00000003
00000b07
000f0207
00001100
000b0003
00000000
00030200
000e000a
00080006
05000000
02031400
0000150d
05000003
00000000
08000200
0f000005
00000200
02000300
000d0000
00001301
0100000b
02000001
00020000
00000005
0c000000
02000000
00000103
02030000
000c0101
04010000
0c040000
00000600
09000500
00000000
00000200
00040501
01000006
00000104
00000004
00000000
04000000
04000001
03000505
01050000
00020102
03070000
00040000
00000400
04010600
00000100
03030201
00050600
03000005
00000103
00000003
00000000
04000000
04000001
03000606
01050000
00030002
02060000
00030000
00000400
03010600
00000200
04040001
00010600
01000005
00000004
00000004
00000000
03000000
05000001
03000506
01050000
00020003
04080000
01030000
00000400
04020500
00000101
03040101
00030600
01000004
00000105
00000003
00000000
03000000
05000002
03000507
01050000
00020003
04090000
01030000
00000300
03010600
00000101
04040201
00030600
01000005
00000103
00000004
00000000
04000000
05000001
03000506
02040000
00030002
02070000
00040000
00000400
04010600
00000101
03040100
00030500
01000006
01000004
00000004
00000000
09000000
04000004
03000905
05070000
01070002
03070000
00030000
01060700
04000500
00000100
02030003
00000008
00000000
0b00000c
02000100
00000004
1000000d
00000016
10000000
00060800
0d0c0013
0a000000
00000002
02090500
00000d00
00040000
00010000
00080104
08030000
03030000
08000006
000f040c
00000108
08000100
0c170300
000e0e03
0b0e000e
00000000
00000500
0d070000
00000011
00000300
0a080400
000c0000
16000000
0c000000
09000505
001b0f0d
00000000
00000300
00230000
00000904
08000000
0000000a
00000d00
0a130000
0000000f
00000000
00170003
00000500
0d000000
03000000
00060102
00000014
00040102
0000000d
0b020e00
00080803
0c000016
0000000c
0b000803
00010000
00001400
00000000
00090000
00040800
1600001b
00000000
00000002
0000000d
0e000000
00000500
00000d03
00000000
00040400
03000000
0b070001
00060b00
00000100
00000000
00000001
00040800
02000004
00000004
00000003
00000000
03000000
04000001
03000605
01050000
00020000
01020000
00030001
00000300
05000600
00000100
01010001
00050801
02000004
00000004
00000004
00000000
04000000
03000000
03000405
02040000
00020000
01030000
00030000
00000400
05000500
00000300
01010004
00020801
01000004
00000003
00000005
00000000
03000000
06000000
03000406
02030000
00030200
02010000
00030000
00000300
05000500
00000201
02010004
00030703
01000004
00000000
00010004
00000000
01000000
05000000
02000304
00060000
00060100
02000000
02050001
00000500
04000300
00000000
01000003
00040606
00000002
02050000
03050203
00000000
00000000
01040002
00000202
09060000
00080000
06000000
02000000
00000000
00000000
00010200
00000006
00060a00
00000000
0411001d
00000000
0b000000
00000000
000d0000
00000303
06030300
07000003
03040800
00000000
00030000
00000000
00000000
00090201
02040c09
07020000
0b0d0004
02000000
0d000300
0b000806
010a0400
06010107
0c000b06
05170004
050d1200
00040200
04000004
02050004
00000000
00080000
0a000003
00030600
0c090000
00000000
11000002
08000300
00030004
00080009
000d000b
0a000004
00080303
10000800
0102000c
00000000
000e0000
00090000
0e000005
0300000a
0b050000
0000000f
16000005
00000600
00000000
04030000
00000000
0f000000
00030400
0c0c101b
00000003
00000000
00070000
00000000
04000100
0300001a
00000000
00000013
06000300
07000700
03000000
0c000601
07000000
00000200
00010000
00120712
03000200
00000000
00000000
00000000
03060501
01000006
00000004
00000005
00000000
04000000
03000000
06000404
04010000
00030000
00030000
00050000
01000400
04000200
00000000
02000002
02050500
00000006
00000004
00000004
00000000
05000000
04000000
04000305
03010000
00030000
00030000
00040001
01000600
05000300
00000100
03000002
02040601
01000005
00000004
00000004
00000000
04000000
03000000
04000403
02010000
00020000
01040000
00030003
00000700
05000400
00000100
03010002
00060702
01000005
00000004
00000004
00000000
05000000
04000002
06000507
02030000
00030001
00030000
00040002
02000400
05000500
00000200
04000003
00060903
01000009
00000204
00000003
00000000
08000000
03000008
03000805
0b040000
00020000
07020000
00040000
00010600
04000800
00000900
03020002
00000400
00060000
0000050d
00000100
00001807
0b000009
00030300
01000000
06000400
00000008
07000500
00010000
000e0500
04000300
00050700
00010e02
08000316
00080000
00000900
0805070b
0e001b05
0e000004
00021404
00000000
000b0006
0000000a
04000a02
00000104
030a0500
02000000
00000003
00001009
00000319
00080000
04000800
09000a01
00050007
060c0000
0000000c
08040000
0006090b
05000009
03000006
00000500
05060000
00000001
02000109
00000006
00050007
0a0b0000
07000000
0000010a
000a0009
00140001
05010003
03120000
00060e0a
0a000006
00000005
03000700
05000000
00000108
00000007
020c000e
00041708
00070002
00000000
00000400
0006000b
000c0000
03000a00
00061001
00000b06
0804000b
00000000
08000000
12030006
00000007
00000000
00040002
00051202
0500000a
02000004
00020001
00000002
10000000
02000000
00000004
02030000
000d0502
03020105
05010003
00010500
08020500
00000200
03010000
00080802
01000003
00000103
00000005
00000000
05000000
03000001
03000607
03050000
00030202
02070000
00030001
00000400
05000600
00000101
05040003
00070802
02000004
00000102
00000004
00000000
06000000
03000002
05000606
04050000
00020102
01070000
00030001
01000400
03010600
00000200
04020001
00070801
02000002
00000003
02000004
00000000
05000000
03000002
05000506
04050000
00020102
01090100
00030000
02000500
03000600
00000400
04030001
000a0a02
01000001
00000102
03010003
00000000
05000000
02000002
04000506
04050000
00020002
00090301
00030001
01000400
04000700
00000301
04040001
00070802
01000003
00000102
01010004
00000000
04000000
02000001
04000605
03050000
00020002
00070000
00030001
01000400
04000600
00000200
04040001
00080801
01000005
00000002
00000004
00000000
07000000
02000002
03000c06
03080000
00060002
00070100
00030000
02040a00
05000600
00000200
04030003
00000206
00000000
0800000b
08000200
00000003
1300000c
0000001d
0d020000
00090401
080b000d
09000302
00000001
030a0b00
00001000
00030600
00010000
00000000
0a010000
0a000000
01000000
0000000c
00000607
11000000
0b040000
000b0b0a
0a070005
01000000
03000800
00000000
00000b00
00000303
0c060500
00150300
07040000
01010000
08000005
0016020e
0000030c
09000000
02160100
000d0f06
0c000006
00000000
00000800
0d0d0000
0000000c
0000020a
00090900
00000000
00030000
02000000
03040000
0000000f
00000002
00000004
01070400
00030f07
08000019
00000000
00000800
00050000
0000110b
00000000
00100200
00070700
14000026
00000000
00060001
0000000f
17000000
00000200
00001702
00000600
01050607
02000000
090c0000
00030800
00000000
00000000
00020000
00040802
02000004
00000004
00000003
00000000
07000000
03000001
03000405
01030000
00020102
02000000
00020000
00000400
05000500
00000201
02010003
00040701
02000005
00000002
00000005
00000000
03000000
03000000
03000404
00020000
00020101
03000000
00030000
00000400
06000500
00000300
01010003
00040702
02000005
00000003
00000005
00000000
02000000
05000000
02000404
00030000
00030200
02000000
00030002
00000600
04000300
00000000
02010004
02050701
00000004
00000003
00010004
00000000
00000000
05000000
02000404
03040000
00050100
02000000
00040000
01000500
04000300
00000000
02010004
01000500
00000001
00050018
00050000
00000000
00000000
06090003
00000100
0f030000
06040000
02000000
03030200
00030000
00000300
00000600
00000b00
00000b03
00000000
00160016
00000000
0e000001
00000400
000d0000
00000400
06000402
06040004
070a0c00
00000204
00010005
00000000
00030000
000a0600
03050200
00040000
05050012
00000100
0c030400
05000906
00080500
0202030c
15000d06
03080000
00060e00
00020103
04020004
00000001
00010000
00000300
070f0007
02080d00
11070000
00020001
0e030307
0b000301
00070001
00080102
00090306
080a0002
0602060b
15000300
0608000b
00000001
000c0000
00070002
0c000003
00000000
13030000
00000006
12000004
0a000100
00060000
00010000
00150000
0f000000
02010a00
1c000e00
00000004
00000000
000b0000
00070004
0c000000
02000015
00010000
00000215
14000101
00000600
00000000
09000600
05000000
0a000000
00000000
00151118
01000000
00000000
00000000
00000000
03040300
00000014
00000002
0000000d
00000000
05000700
01000000
06000204
02010000
00030100
00030000
00110200
02000300
02000000
00000000
01000002
02060400
01000007
00000004
00000005
00000000
05000000
02000000
04000305
02010000
00030000
01020000
00040000
01000400
04000200
00000200
03000002
01050500
00000005
00000005
00000004
00000000
03000000
03000000
03000405
02010000
00030000
01050000
00040000
00000500
04000300
00000200
03010003
00010600
00000005
00000005
00000005
00000000
04000000
04000003
05000408
03020000
00030001
03050000
00050004
01000200
04000300
00000300
03000004
00000601
0000000e
00000011
00000000
00000002
08000000
00020014
00000a00
0e020000
00010000
0b000000
00040001
00080300
01000a00
00000c01
00000000
000e0000
040f0000
0000001d
00000800
00090f07
0001000a
00060315
02020004
00000704
03000000
07000000
00000600
00060006
06000e00
00001100
00000801
00160000
000c0000
00000000
0004020b
000e1e0a
00000200
00081200
05080000
00000c06
03000005
00000000
06000600
000c0207
01000b0d
00070902
00000000
00000000
030b0000
07000000
00030403
00051707
00000802
00000d02
030a0200
00000703
08000008
00000000
01000600
00100500
00000900
03000000
00000900
00000002
07040000
09000000
00000000
000c030b
00070006
05000008
05060000
00001204
0d000003
00000007
07000402
08030000
00000400
00000000
00040102
00091500
00060007
02000000
02000200
0007000b
00070000
00000800
00051100
00001005
050d0003
00000000
07070000
10020003
00000004
01000000
00020003
00020b00
01000011
01000004
00040002
00000000
0e000000
05000001
00000205
00040000
000d0302
03040002
08050000
00000500
09010600
00000000
02020002
00030700
01000005
00000003
00000003
00000000
04000000
04000001
03000505
02050000
00020002
02060000
00040001
00000400
05000500
00000200
04030002
00040600
02000006
00000005
00000004
00000000
04000000
03000002
04000406
01040000
00020101
01050000
00030001
00000600
05000600
00000200
03010000
00040700
02000005
00000003
00000004
00000000
05000000
03000001
03000506
01050000
00020101
02040000
00030001
00000300
06000500
00000200
04020002
00030800
01000005
00000003
00000004
00000000
04000000
04000001
03000506
01040000
00010102
02050000
00030000
00000400
06000600
00000100
03020001
00050701
01000005
00000004
00000004
00000000
03000000
04000001
04000506
01040000
00020101
01050000
00030000
00000400
05000600
00000100
03020000
00050700
00000004
00000004
00000003
00000000
06000000
04000002
04000705
01080000
00050000
01040000
00040000
00020900
05000600
00000300
03020001
00000102
00020000
0500000b
00000500
00000002
11000007
00000020
0c000100
000b0801
060a000c
0a000000
00000000
02090b00
00001000
00030500
00020002
00000003
0b060000
0b000002
00000200
0003050e
0603060e
0c000201
0a0b0000
00000b05
0903000b
01000000
00000d00
0d000000
00000500
00000003
00050407
00010201
00060000
0b000000
00000501
0007000d
01100005
0c000002
060c0000
00070c07
09000004
05000010
00000e00
04000000
00000200
0000000d
0011050e
00000000
02040000
06000000
00000200
000c020e
00080000
00000000
00100600
00030d0e
0b000006
00000006
00000b00
02000000
00000000
00000000
000f000c
00000d00
0d000026
00000000
00090001
00000012
16030000
00000200
00001c00
00000a00
05040011
03000000
0e080000
00040804
00000000
00000000
000a0000
00050701
01000013
00000004
00000003
00000000
0b000000
05000002
03000406
01030000
00020300
02010000
00050002
00010400
05000600
00000100
03010003
00030601
02000004
00000003
00000004
00000000
03000000
04000000
01000404
00030000
00030002
03000000
00020000
00000600
04000300
00000000
01020003
01050700
01000005
00000003
00000005
00000000
02000000
04000000
02000404
01030000
00030200
02010000
00030000
00000600
04000200
00000100
02020004
01030601
00000005
0003000c
00000003
00000000
03000100
05000001
02000303
0f030000
00030000
01000000
00060300
01000600
04000700
00001100
02010003
05000e00
00000000
0016001c
00000000
0c000000
00000000
000e0002
00000100
09050000
07000001
02000300
01000300
00020003
00000000
00050400
00000800
00000b11
00050000
04110004
00000000
0e000000
03000000
000b0200
00000004
04000002
080c0004
000d0f00
00000100
00040003
00050000
00000000
00050000
05000010
01080400
05050010
00000600
07090a00
0008070c
00041402
04090611
00000900
08010006
00040b00
00030309
030f0006
00000405
02000000
00000000
02090309
08080a00
0b000200
03050100
03090008
0c020808
00000513
02050002
000c040a
080c000a
0000030a
0b000200
0803000c
00000c08
05040100
07000100
0b000004
07000000
14010000
00000005
12000005
06000000
00060000
00050002
00170004
09000000
08000c00
1b000900
0001020b
00000000
000c0000
00080003
0a000007
00000003
0d060000
0000020c
14000005
00000200
00010000
00030000
000d0000
0f000000
01030900
17010f13
00000001
00000000
000b0000
00000000
04000000
00000017
00000000
00000216
0b000002
05000500
00000000
08000200
01000000
00000100
00000000
00180c14
04030001
00000000
00000000
00000400
04050300
0000000c
00000003
00000008
00000000
05000300
02000000
04000304
02010000
00030300
01020000
00080001
00000300
04000100
00000000
02000004
02060501
00000007
00000005
00000004
00000000
05000000
03000000
05000404
03020000
00030000
01040000
00040000
00000500
03000200
00000200
02000002
01040501
00000005
00000003
00000004
00000000
04000000
03000001
04000307
03010000
00030000
02030000
00030002
01000400
04000300
00000200
04010005
00020600
00000003
00000016
00000200
00000000
06000000
00000014
05000800
07060100
05050000
06000000
00040001
00090400
02000c00
00000600
00020004
0000000b
020f0000
06000011
00000600
00040607
0011000f
01000618
08070005
000e0707
09000013
03000000
09000900
02000001
00000405
00000000
0000000c
0001000b
070d0000
03000000
0801070f
00050307
02100000
00000000
07050200
00010602
0400000a
01000000
00000e00
02030000
00000008
00000106
0000000d
00100000
06090000
00020000
0a000816
00060d0c
02060a00
00001b00
070c0300
00000503
02000000
00000000
00040800
000d000a
00000015
00030b04
00000002
00020000
02020000
09070000
09000012
000a040a
000b0005
00000a02
090e0000
00000e00
09000000
00000008
02000f00
0006000b
0000050b
00000f00
00040000
00080e00
070a0005
07000000
00020200
0001000f
000a0000
00000300
01041200
00000900
02080003
01000000
0e050100
0500000b
00000006
00000500
00040009
00040902
0a00001e
00000003
00030002
00000002
17000000
02000000
01000204
01040000
000a0401
03010001
0e080000
00020500
06000500
00000000
02010001
00050803
02000005
00000003
00000004
00000000
04000000
04000001
04000506
02030000
00030001
01050000
00030001
00000400
04000600
00000200
03020002
00040701
01000004
00000003
00000004
00000000
04000000
04000002
05000506
02030000
00030101
00040000
00030001
00000400
04000600
00000200
03010001
00040701
02000005
00000002
00000005
00000000
05000000
04000002
04000505
02050000
00030201
00040000
00020001
00000400
03000600
00000100
04010002
00040802
02000004
00000003
00000004
00000000
04000000
04000001
03000505
03030000
00020101
01040000
00030001
00000600
04000600
00000100
03010002
00040802
01000005
00000002
00000004
00000000
05000000
03000001
04000605
02040000
00020001
00030000
00040002
00000500
05000600
00000200
03010002
00060701
00000004
00000003
00000004
00000000
05000000
03000002
04000705
02060000
00040001
01030000
00040000
00000600
05000600
00000300
03010001
00000102
00000000
04000009
05000400
00000003
10000002
00000022
0d000200
020b0702
07090008
08000304
00000000
04070600
00000e00
00070700
00030005
00030400
0b020000
0c020000
05000200
03090c0c
03000010
00000e02
00180500
00040b07
09030012
00000000
00000c00
08030000
00000007
00000000
000b0205
00000303
00000000
0a000000
00000400
0002000c
00050200
08000000
0f0e0000
00000f0b
0900000a
01000011
00000907
00000000
00000502
00000000
000d0000
00020002
0d070000
05000001
03000000
000c040c
02070006
06000200
00140000
00060d0f
0a000000
00000005
02000a00
0a010000
00000003
00000000
0011010b
00050a00
0d000011
00000000
00050001
00000011
04060000
00000100
00001000
00000d00
06000016
00000000
0a030000
00050200
00000000
00000000
00060200
00030701
0200001c
00000003
00000004
00000000
13000000
04000000
02000405
00030000
00050500
02000000
08070001
00000500
04000400
00000000
01010003
01050701
02000004
00000003
00000004
00000000
03000000
04000000
02000406
03020000
00020100
03020000
00020000
00000600
04000200
00000100
01020003
02040500
00000006
00000101
00000003
00000000
03000300
03000000
02000205
0a030000
00010000
03000000
00090200
01000600
04000500
00000a00
01020104
02010300
00000000
0011021d
00000000
09030000
04000200
020a0002
00000302
0e040000
03000000
00000000
00080b00
00020400
00000600
00000f00
00000900
00001509
00000000
01160019
00000000
0d000001
00000000
000c0000
00000500
07070003
050a0005
050d1600
00000602
00000004
00050001
00000000
00080000
0b000500
00010900
05080007
00000300
0c000000
04000000
00080400
00000002
11000005
0a0b0000
000b0d00
00010200
030a0002
00060000
00000000
00030000
0a0a0505
09031100
09060007
01001000
0c050500
00040504
00001400
0e080b0b
16000400
05080001
000a0902
01000400
06070004
00000009
08000000
00000000
0000060c
01060b00
09000200
00000900
04000000
13030c03
0003080c
05040004
00070006
0809000b
00000003
08030500
0a010002
0000080a
05050400
03000000
1500000e
08001000
0a0a0000
01000200
0c010002
06000000
00080400
00030108
00060000
0a000000
01000302
06000c00
00040005
00000000
00000000
00000000
0e000005
00000000
0e000000
00000007
0e000005
02000003
00040000
03050000
001b0001
11000000
00030b00
1d000c00
00000004
00020000
00090000
00000003
0f000007
00000019
06050000
00000219
12000006
00000200
00000000
07000200
00000000
12000002
08000000
00140f19
00030000
00000000
00010000
00010000
04000000
0200001f
00000000
00000017
07000000
03000700
01000000
06000003
04000000
00000200
00000000
00150403
01060300
00000000
00000000
00000003
02070500
00000008
00000004
00000006
00000000
05000000
03000000
05000304
03010000
00030000
00020000
00050000
00000500
05000200
00000200
03000004
02070701
00000007
00000004
01000005
00000000
05000000
03000000
04000504
02010000
00020000
01020000
00040000
00000500
06000200
00000100
03010003
00060007
00030005
00000019
0a000404
00000000
0a000000
00000015
0b000003
06030100
02040000
08000200
00050000
05060000
05000000
00000400
0000000a
000a0012
04130200
09000004
1c000407
00080205
000c0409
00000513
14070009
01040504
05000000
00000003
0b000a00
08000000
0000000a
05000300
0000000b
000f0008
050e0000
05000500
0404050b
00000008
00110800
05000200
0c050003
00110506
09000003
07000000
12000d00
00000000
0000000a
07000408
00000004
00030009
02130000
00000700
00000913
01070008
08110000
05050600
00050105
00080506
0b00000a
07000000
09001000
02000000
00000000
0000000d
00060012
00000005
01130000
07000500
02000513
03090009
030e0000
00030300
01090302
00000707
08000007
0000000a
00001000
04000001
00000005
00000006
00070015
000a0c00
03080000
06000000
0202080b
0003000c
000e0100
00000005
03021f00
00000507
06000017
00000000
01010600
0000000f
00000000
00000000
00040011
00021000
0c00001b
02000002
00000001
00000006
17000000
01000400
01000005
04040000
00070600
01000000
0e090000
00000500
07000500
00000200
00000002
00050801
02000006
00000003
00000004
00000000
04000000
04000001
05000505
01040000
00020000
01020000
00050000
00000500
05000500
00000300
02000000
00050801
02000004
00000004
00000004
00000000
04000000
04000001
04000506
02030000
00020100
01030000
00040000
00000400
04000500
00000400
03020002
00050801
00000006
00000003
00000004
00000000
04000000
05000001
05000605
01040000
00020001
00040000
00040000
00000400
04000500
00000300
03010002
00050800
02000005
00000003
00000005
00000000
04000000
03000001
05000406
01040000
00020100
00020000
00040000
00000600
05000500
00000400
02000001
00040700
01000004
00000004
00000005
00000000
04000000
04000001
04000506
01030000
00020101
01030000
00040000
00000500
05000500
00000300
02010001
00050700
01000004
00000004
00000004
00000000
05000000
03000002
04000605
01030000
00030000
01030000
00040000
00000500
05000500
00000300
02010002
00000405
00000000
0300000a
03000200
00000001
0e000000
0000001e
0c000200
040b0101
07070006
06000002
00000000
04050400
01000c00
00080400
00030006
000a0000
0b030000
04000002
08000000
0006050f
00000115
00000215
07180e00
000a0d09
0b030012
03000000
00000900
01010000
00000403
00000800
00060000
00000000
07020000
09000000
02000104
0004000a
07060204
0e000000
0c140000
0000100e
0b000009
0000000a
00000c06
00000000
00000008
00000400
00160004
000a0000
0a090000
00000001
04000004
000c000f
000c0004
00000000
04150000
00050e0c
07000000
00000006
01000a00
0a000000
0000040e
00000804
00100509
00051900
0b000002
00000000
0a040100
00040012
00080000
00000000
00001a00
00000f04
0800000b
00000000
06020000
00000003
00000000
06000000
0007000b
00040c00
0f00001c
00000003
00000004
00000003
16000000
03000400
02000303
00020000
000c0500
05000000
07090000
00000a00
06000400
00000000
02010002
00060502
03000005
00000004
00000005
00000000
05000000
04000000
02000308
06030000
00020100
06030000
00040000
00000500
05000300
00000100
02020004
04030000
00000002
020d0211
00000003
09000000
00000200
00070000
0000000a
0e000000
02000000
01000000
00080a00
01010300
00000200
00000f00
00000504
01001408
00000000
0017001b
00010000
0d000002
00000000
000f0000
00000600
00060000
05000006
01050a00
00000b04
00030004
00000000
00000000
000c0b00
00000f09
00000000
000c0311
00000000
0b000000
00000100
000c0000
00000100
1400000a
02030004
060b1400
00000500
01080003
00030100
00000000
000b0000
0f000605
02050a00
0004061b
01000500
02000100
00000300
00000d00
02000008
08000000
06060000
00090600
00000000
0c0d000a
00010804
08000000
00000000
07020709
07041000
0a030100
02000202
06000700
00010701
04000e00
08070509
13000507
05090901
000d0700
0a000102
01030003
00000005
09000800
02000100
13000006
00021000
05000300
00000902
0c000000
0e030400
00050503
00010001
00060001
09030002
03050002
04000304
01060309
00000000
060a0000
00000000
0d03000c
00000e00
02000500
00000d0b
09010002
02000d00
00000200
05000000
05070000
08000000
00000200
00000506
00040004
00000000
00000400
00000000
07080000
06000000
0f060000
0000030c
0f000002
06000303
00060000
01010303
00190005
0a000000
01000300
1a000800
0000000c
00000000
00080000
00000002
11000011
00000000
0c000000
00000006
10000005
00000300
00030000
00020000
001b0002
11000000
02070700
21000a01
00050304
00070000
000c0000
00010000
04000000
0000001b
00040000
00000018
12000003
00000200
00000000
03000000
00000000
0f000000
02000000
00160d1a
00060000
00000000
00000000
00030100
03000201
0000001a
00000001
00000010
03000000
04000400
03000000
03000204
03010000
00020000
01000000
00170303
00040200
03000100
00000000
02000104
03040400
00000006
00000005
00000006
00000000
04000000
05000000
05000405
03010000
00030100
02020000
00050000
00000200
04000200
00000200
03000005
04050102
00000002
00000000
0200040c
00000000
0e000000
07000002
04000307
00030000
00050000
07010000
00060001
00070900
0f000000
00000100
0200000a
01000516
02000004
00000000
1f000d0e
00000003
12000000
0400000d
10000005
01030000
00000001
09000000
00000002
06060100
13000001
01000000
0000000d
00040820
05090000
04000400
1700070d
00090005
0c0a0000
0400000d
0d040005
00050200
00000002
0a000000
00000900
00000000
01000004
0b000001
00000013
00140920
020e0000
02000400
1500050f
000c0005
06100000
04000006
0b0b0006
0000000b
05000001
01000000
00000c02
02030000
0000000e
09000005
00000010
00150212
050d0000
07000000
0c000412
000f0007
00110000
00000202
050b0007
0001090a
09000000
00000000
06001201
03040000
0000000a
04000107
0002000e
00041704
000c0000
04000000
04070306
010e000a
00140000
07000100
000a1d06
0000090a
0a000005
00000000
00000c00
0000000b
00000001
01000000
00090013
00001601
01000015
00000002
00000001
00000005
13000000
00000000
00000103
0c010000
00070001
02000000
07060001
00000300
07000400
00000000
00000001
00030701
00000004
00000004
00000006
00000000
05000000
04000000
04000506
02020000
00020000
02000000
00040002
00000100
05000500
00000300
02000003
00060801
02000005
00000004
00000005
00000000
05000000
05000000
05000506
01030000
00020100
02010000
00040002
00000200
05000500
00000300
03000003
00050801
01000004
00000003
00000005
00000000
05000000
05000001
04000506
03020000
00020100
02020000
00040002
00000200
05000600
00000400
03010003
00050701
02000006
00000003
00000006
00000000
05000000
05000000
04000406
01030000
00020100
02010000
00040003
00000200
05000500
00000400
03010004
00050802
01000004
00000003
00000005
00000000
05000000
05000000
04000407
02030000
00020100
02020000
00040001
00000200
05000500
00000100
03010004
00040701
01000004
00000004
00000005
00000000
07000000
05000000
03000406
02030000
00030000
02020000
00030001
00000300
05000400
00000200
03010003
00000402
00000002
0600000d
00000400
00000001
12000000
00000016
07000900
04070001
04060000
0f000001
00000000
01060400
04000c00
00000400
00040006
00070c05
05050000
07000000
09030005
00050013
00010011
02000015
0e110800
00101208
0b060010
03000000
00000900
00000000
00000700
00000605
0005000a
000c1b16
05040000
00000000
10040001
00080014
04080000
04000000
00100000
00000d0d
0100000a
04000000
00000900
06000000
0100000a
00000308
000c0014
00001c1d
00050000
00000a00
110a0100
00080112
01050000
08000008
00000000
00060502
01000011
0b000400
00000400
05000000
00000000
0000000a
00070012
00002417
06000000
00000c01
15080100
00000012
00000000
06060100
00001900
00090000
0001001a
10000b00
00000000
00001200
06000000
00000000
00000014
00040e01
0f000006
00000104
00000004
00000001
09000000
0b000100
02000304
0a010000
000b0000
04000000
00030000
00000c00
06000200
00000000
02000001
00000300
00000004
000b0116
00000001
05000000
04000400
06040000
00000303
0c010000
01000000
00000000
00070c00
00000400
00000200
00000e00
00000500
00000b00
00000000
0213001d
00000000
0f040005
00000000
000e0000
00000000
09060000
09000000
04000000
00001000
00020008
00000000
00000900
000c0500
05000d04
00000000
00170405
00000000
0f000006
00000000
000b0000
00000000
12020006
05000002
02061200
00000504
00060003
00010000
00000000
000b0800
00000600
00060000
0006001e
00000000
04010000
00010000
000a0000
00000107
19000401
05000003
00000a00
00000300
050a0010
00000801
00000100
00030100
02000703
07080400
04040205
00000200
02000000
00030800
00001100
0504020a
0b000005
02090306
00080300
01000002
0405000b
00010005
05000000
00000000
02050303
03020b00
08020300
00000204
04000400
00000802
01000900
03080807
08000405
00070400
00080303
0b000101
01000306
00000205
04010601
03000000
0d080603
04041400
04070700
09000704
12000400
11020800
00000701
0c090006
000b0007
05090002
00030303
05000103
0005000e
0000010b
090f0b00
05040000
0b050902
00021000
05060405
07000701
09000800
00010700
0001080d
07040202
000a0601
09060008
01040900
07000300
00010008
00000004
03060700
00000000
000f0910
030b0000
0c000600
05060201
03000204
01050405
0302060b
0a0a010b
00090e0d
0a030011
02060201
11000700
0000000b
00000001
0a0c0309
00000004
0d0c0107
0a030000
07000500
03000003
11000102
06000900
00040400
06090005
001f0107
0c010006
00070800
23000900
00000710
00000003
00120000
00060000
14000010
0000000a
040d0000
0102000f
1b000004
00000200
00030004
00060000
00190004
12000008
060f0900
1a001124
0005090c
00000000
00200000
000e0000
04000000
0603001f
00020000
00010015
0f000001
00000800
00000000
02000008
00000600
0800000b
00070000
04150915
00040009
00000000
00000000
00010001
06000200
07000014
00010706
01000007
02000000
01000900
06000000
01000104
03030000
03000900
000a0000
050a0201
00000305
03000000
02000206
05050903
04000200
0200000b
00010606
02000007
01000000
02000600
05000000
00000004
03020000
03000200
000a0000
00090100
00000301
06000000
04000406
06050c03
02000000
0301000a
00010606
0000000b
00000000
09000600
09000000
00000006
00010200
03000605
01090000
000a0001
00030701
0d000000
06000307
01040e06
02000200
0301000b
00000801
0500000d
00000000
11000400
09000000
00000009
01030000
03000805
01070000
000a0002
00030503
11000000
05000009
0004110d
03000206
00000003
00000b00
1200010e
00030001
10000000
01000004
00000009
01040000
04000206
02020000
00040201
00020502
0d000000
05000006
00020f12
0000040a
04030000
00000c00
1400040e
010c0004
05080000
02040009
0000000a
00090002
01000009
02000000
00000802
00000000
0b000000
06040005
00030b14
00001d0b
00050000
00000c00
12050605
09110006
00080000
06090004
0002110b
00070107
0100000c
02000006
00000502
03000003
07000000
04030002
00060016
00001000
0300000b
00030807
00020005
04000002
05000200
02000000
00000006
05010100
02000506
00080003
000a0002
00000402
0a000000
05000404
01051200
00000300
0401000a
00020506
01000006
00000000
02000500
04000000
00000107
00010200
03000505
00090000
000a0102
00000201
04000000
07000508
04051103
00000400
0301000a
00010506
00000005
00000000
02000500
05000000
00000106
00010200
03000405
00080000
00090101
00000101
03000000
06000408
04050e02
00000400
0301000a
00020506
00000006
00000000
02000500
05000000
00000207
00010300
03000505
00090000
00090101
00000201
04000000
06000408
04050f03
01000500
0301000b
00010505
00000006
02000000
02000500
05000000
00000107
00010200
03000505
00090000
000a0002
00000201
04000000
06000307
05050f02
00000500
0301000b
00010506
01000006
00000000
02000500
05000000
00000207
01020200
03000605
00090000
000b0003
00000100
04000000
07000407
05051103
00000400
0301000a
00010506
01000006
00000000
03000500
05000000
00000107
01020200
03000504
00090000
000b0103
00000100
03000000
06000507
05051003
00000300
00000003
00010e08
07040009
00000003
05000300
0000001e
00000004
00110302
0701000d
0c040000
07080000
00090203
05000200
090a0307
00050f0a
00001a10
01030000
00001600
120a0700
02000010
00030002
0b070226
00000004
00100207
0700002e
0c000600
00000002
00000000
01000000
00000001
0000031c
00001907
00000000
00001100
0b000007
0100000c
05000000
0c070000
00000002
00010000
02000116
0b000000
00020000
00000e00
0a000000
00000009
0003120a
00001200
01000002
00001106
0800000a
00000004
0a000100
0e080000
00000104
00020000
0300040c
08020000
00070000
00010800
0c000000
04000009
00041104
00000d00
05000004
00010806
00000007
00000000
04000300
0c060000
00000505
04010100
03000509
08070000
00090002
00000d00
06000000
05000009
00050f00
00000200
0300000c
0001080a
00010004
00000000
01000400
08040002
00000007
07060000
04000304
02070000
00080300
00000203
03000000
04010506
01060e01
09070000
00060000
000e051b
00000000
0f010002
00010000
00100003
0000000b
09110000
08000004
04030000
00021100
02010010
00000000
000f1000
00070a00
0d060e06
00000000
00170617
02000200
140a0002
00000000
00100500
0004010c
00080003
0a000004
01070d00
00001700
000c0010
00000000
000c0000
00140000
14050a06
00040000
0017060f
00000600
10040000
00000000
000e0505
00040012
05000007
07000004
02100002
00000a0e
00070010
00000000
00000400
000f0000
02000d0f
00090000
0009001a
05000000
0d050000
00060300
00040d00
0806050e
00000405
0907000e
00090401
00000405
07070013
0000090c
08000000
00090200
04060905
0a040700
04090200
0b000003
01000400
01010801
00000700
07040006
03000001
010e000a
00030003
00000007
05030606
00000008
06020900
04000000
03080b05
04030800
07060405
0b000006
00000500
02000800
00000301
07060909
08000303
000b0400
00060306
06000004
03020606
01000407
06010e01
06030100
