00020004
00040000
00020100
06000100
0f0f0700
09060000
00000600
00000600
050f0802
16000006
000d0e0f
10170000
00000000
03000000
020e0100
08010402
000c0018
04000000
000a0010
02000000
00000009
000a0804
000d0509
0e000805
001c0b00
000b0600
000b0403
08000309
0a000000
0c000008
00000000
00000000
00000000
00080000
04000000
00000000
11090000
0b080002
0000000a
00000000
0008120a
00000000
00000905
0d0e0003
000c0000
00000004
000c0000
00000000
06000018
000d0000
000b0008
05000000
00030013
00090002
0008000e
03000d08
0009040b
000e0000
040f0000
0e000004
00000000
00000004
00000000
0d000000
00030000
02030000
05040200
00000000
1a0a0500
0f0b0002
0000000f
00000507
07021706
07020002
00050a07
090e0003
05000000
00000009
00100f00
03020000
0d06010f
00160000
000d0004
0d060202
000b0415
000c000c
000d0007
06051011
0006090e
000a0000
0a140800
0e000606
07000500
01050100
00050000
11000003
00040005
00030101
07040000
00000000
1c0a0500
120c0200
0000000b
00000508
07041408
05050000
00060707
0b0a0002
06000000
0000000b
01100f00
06030002
11050211
00130400
00080006
0f090103
000a0317
000d000b
000f0003
04040f0f
00080b0f
00080000
0c160b00
0d000503
0a000a00
00070500
00040000
0b000000
00050003
00040103
09000000
00000000
1c0d0400
100d0000
00000007
00000508
03040f09
05050000
00050607
0a070003
04000000
0000000e
03111000
07040002
0e060012
000d0200
00070000
0f0b0003
000b0417
000d000a
000f0002
03050f10
0008080b
00070000
0c170900
0d000303
0a000b00
00050600
00020000
06000000
00060002
00050008
06000000
00000000
1b0b0500
0e0a0000
00000008
0000040a
04030d08
05060000
00020a07
07080002
06000000
0000000f
010e0c00
04030000
0c030013
000b0000
00050300
0f0d0004
000a0216
000a0008
00120002
02021114
000a070b
00090000
0b180600
0d000001
07000e00
00050900
00000000
06000000
00060005
0104000b
04000000
00000000
1b090700
0c090000
00000007
0000050a
04050909
05080000
00010c05
06060100
06000000
0100000f
010e0b00
04050000
0b01000e
000b0100
00060400
100c0007
000a0315
000a000a
00140000
01030f14
0009070b
00080000
0d190900
0c020000
07001000
00070a00
00000000
06000000
00080006
0001000b
04000000
00000000
1a0b0800
0b080000
0000000b
00000809
04040907
02090000
00050e04
060a0100
05000000
0000000c
010d0a00
02030000
0a02000e
000c0200
00060100
110b0206
000d0613
0009000a
00110001
00041013
0007080c
00080000
0f180b00
0d020000
07000e00
00070b00
00040000
04000000
00060003
0004000e
04000000
00000000
1a0a0900
09070100
0000000c
00000c0b
04000d06
05080000
00071103
05090003
04000000
0000000b
000e0c00
00020000
0d00000e
000c0600
00070400
13090207
000d0816
000a0009
00110002
01040f12
00090b0e
00060000
11170b00
0b020100
05000d00
00090b00
00070000
05000000
00070103
0003020e
08000000
00000000
180b0500
08050200
00000009
00000f0e
02010a02
05070000
00061005
07060303
03020000
0000000a
000a0c00
00020000
0e02000f
000a0900
00080006
13080606
000b0916
000d000b
000d0000
03070c10
00060a10
00050000
11170b00
0b000000
08000b02
00090a00
000b0000
07000000
00080103
0103020c
09000000
00000000
160c0500
0b040300
00000008
00000e0e
03040a00
08070100
00061107
08080501
06030000
0000000a
01080c00
00000000
0f03000e
000a0900
00070005
12080605
000b0915
000d0009
000d0001
03060e11
0003070c
00050000
0f140b00
0a000004
0a000900
000b0800
020e0000
07000000
00060104
00040109
06000000
00000000
170c0600
0d060300
00000007
00000a0b
02030b03
0a090000
00041207
07090302
08030000
0000000c
01090f00
00030000
0c030010
00090600
00080001
130a0203
000b0717
000c0007
00100001
02050f13
0005050b
00060000
0f150a00
0d000107
09000c00
00090700
00080000
09000000
00060103
00030209
05010000
00000000
170d0600
11080000
00000006
00000609
03050e05
080a0000
00051107
05090201
08030000
0000000a
01091100
00040001
0e030011
00080100
00080000
100c0103
000c0616
000b000a
00130000
03051212
0006050b
00090000
0d170900
0e010205
08000d00
00070500
00050000
09000000
00060002
00000006
03030000
00000000
170b0700
13080000
00000007
00000508
04051206
080a0000
00061106
06090102
07040000
0100000b
010a0f00
00020001
0f020012
000d0200
00070100
100b0002
000d0317
000c000b
00160003
02041212
0007070d
000a0000
0d190900
0f000105
09000c00
00050700
00060000
0a000000
00070102
00010205
05040000
00000000
180b0700
12090000
00000008
00000607
04051407
060a0000
00061005
06070102
05020000
0200000c
010d1000
00020001
0f030012
000e0400
00050200
110c0004
000e0318
000d000a
00160003
02051011
0005060c
000b0000
0d180b00
0f000004
09000a00
00050600
00070000
0a000000
00060002
00020206
05030000
00000000
180d0600
12090000
00000008
00000608
05041107
070c0000
00051005
06080002
04020000
0200000d
000d1100
00020000
0f030011
000e0200
00060100
100c0105
000e0418
000d0009
00140003
03041112
0005060a
000a0000
0e180a00
0f000005
08000b00
00060400
00050000
0a000000
00090003
00000205
03040000
00000000
170f0600
15090000
00000009
00000408
05051008
070c0000
00061106
07080100
06040000
0100000d
000d1100
01030000
0f020010
000e0000
00060000
100d0105
000f0315
000b000a
00140002
02041213
0006070b
00080000
0e1a0b00
0e000105
09000e00
00050600
00040000
08000000
000b0004
00010005
01040000
00000000
170d0600
140a0000
00000009
00000308
05031109
040c0000
00061005
06080002
06050000
0000000e
000c1100
00050000
11020010
00110000
00050000
110c0002
000d0215
00080009
00160004
00011414
0006080d
00070000
0e190a00
0d000008
08000d00
00020a00
00030000
09000000
00060001
00050007
02020000
00000000
18090600
13090100
00000006
0000060c
0400120a
030b0000
00061103
06040205
05040000
0000000d
000a1100
00060000
1102000f
00120700
00050007
120b0202
00090414
000b000a
00170208
00001416
00040a0d
00070000
10170800
0b010007
07000c00
00040c00
03050000
0a000000
00030102
00040407
09000000
00000000
170b0500
15050300
00000008
0000080e
03000f05
05090000
00091102
06070707
05040000
00000008
000a1100
00060001
0e03000d
000e0a00
00060009
11080805
00090616
000e000a
000d0007
03061016
00000b0d
00050000
0f130a00
0d040204
09000700
00080600
050a0000
0c000000
00070104
00030302
09000000
00000000
160e0700
1b010500
0000010b
0000040f
04011000
080a0300
00071205
080a0908
07040000
00000007
000a1100
00040001
0e03000f
000d0c00
00070007
10060808
000a0418
020e0008
00070005
04080d16
00000c0e
00010000
0d110f00
0f050200
0a000500
00080300
030d0000
0d000000
000a0004
02050003
08000000
00000000
190b0600
1b030300
0000000a
0000000e
02000f00
0d0b0000
00060d04
060c0708
09030000
0000000b
000c1000
00030000
0f01000d
000e0a00
00060006
0f060208
000d0119
070d0008
00090003
04090815
0007070e
00000000
0e141000
10020200
07000900
00050200
000c0000
0d000000
00080006
02040008
03000001
00000000
1b0b0300
17070100
00000008
00000011
00000f04
0b090000
00020905
05090400
05020000
00000012
000b0f00
00010000
1100000c
000f0a00
00060203
11090005
000d0018
060f000a
000f0005
02070514
000d070f
00040000
0f180e00
12070200
07000e00
00070900
000a0000
09000000
00070003
0407000a
03000000
00000000
1b0d0400
13090100
00000007
00000010
00020e07
0a090000
00050a02
020c0100
05000000
00000011
00090e00
00030000
0d03000c
000b0100
00050300
100a0007
000d0016
010e000b
000e0000
03080513
000e0608
00060000
0d1a0a00
11050200
05000d00
00050a00
00060000
08000000
00040001
0407000a
01000000
00000000
1a0b0700
100a0000
00000007
00000210
0001100b
07090000
00050c05
020c0000
03000000
02000010
000a0c00
03030000
0b04000e
000d0200
00060400
130d0005
000a0017
000d000a
00110000
04050d14
000b0808
00090000
091b0900
0e060000
04000f00
00070a00
00010000
07000000
00040003
01050009
03000000
00000000
1b0a0800
11090000
00000008
0000030e
01011209
03080000
00050c07
070a0001
05000000
0100000f
000c0b00
04010000
0b030011
000d0200
00070100
120e0005
00070017
000d000a
00130000
03030f13
0008090d
000c0000
091b0800
0d050101
06001000
00060800
00020000
0b000000
00050004
01060106
06000000
00000000
1b0a0700
13090000
00000008
0000030c
02031308
02080000
00040b07
0a070001
06000000
00000010
000d0d00
05000000
0d040013
000f0500
00050201
120d0002
00080218
000d000b
00130001
02021012
0008090d
000c0000
0a1b0a00
0e020103
07000e00
00050800
00030000
0a000000
00040101
00040006
06000000
00000000
1a0b0700
12070000
00000007
0000040d
04021008
03070000
00040907
08070000
04000000
0000000f
010e0d00
04010000
0c050013
000e0300
00050000
100d0204
00090115
000f000b
00120002
03031114
0008090c
000b0000
0d1b0800
0d050102
06000c00
00060700
00040000
0b000000
00040002
00000304
07000000
00000000
19080500
14070000
00000203
0000020b
03020f04
09080000
00060c06
09090100
04000000
0100000a
010d0f00
05000001
0e050010
000f0400
00080002
100c0706
000a0116
000f000a
00150001
04041014
00070c0c
000b0000
0b1b0a00
0d050301
08000900
00090400
00020000
09000000
00040000
00000404
04000300
00000000
15090500
13050200
00000205
00000007
02010c00
0c060000
00071407
0a0c0100
03000000
02000005
020f1000
06000000
09040010
030e0000
08080004
0e0a0808
000c0013
000e000f
00170000
05030e12
000a0c0d
00070000
09150800
0d040403
08000100
00060400
00080000
03000000
00020000
00000200
02000000
00040000
110b0000
11000200
00000006
00000000
00070400
0a010000
03020b00
100d0000
04030000
09000000
04120d00
06000000
01000010
0a080000
00050002
0d030000
0005000f
000d0009
00170000
02000504
000f0919
00020000
0c180204
07000000
01000000
00000100
00000000
00000000
00000000
05030904
06000000
00080700
0b1a0300
09050006
00000019
00000700
0605060a
10030000
02060b04
09100800
00050000
09030001
07051801
0c090601
08100015
01110000
020c0900
00000502
030b000b
000c0413
00080007
05010e04
0b0a0514
00000000
150e0a00
10060502
00000001
00090400
03000000
00000000
00000000
00000000
00030000
07000614
00000000
00000000
00000000
07000000
030e0000
07000009
0007000a
00120200
00000000
00000c00
02000000
0a060509
0012000d
08000000
00030000
00010000
00000300
00040000
000b0000
09000100
00240000
0d060302
00000106
00000000
02000b00
0000040d
00000000
00000000
00000000
00000000
05050000
0000000f
00000000
00010000
00000000
07000001
00020a00
00000000
00000000
00000001
00070000
00000402
00000000
00000000
0000000a
08000000
00040000
00000000
00000000
00060000
00020009
04000700
0a050000
0a010000
00000000
0f000006
00000400
00000002
0000000d
08000000
00000001
01000000
040b0000
0000000d
04070000
00050000
00000004
07000100
06000d00
00010203
00000004
00000007
04000000
00010003
00000a00
00000000
000a0101
08050000
000e0300
00010000
00000600
07090002
00080004
05000d06
08050003
03000000
00000200
0e00000b
04000000
00000100
00000005
0a080000
00000001
00000000
060b0000
0000000c
06080000
00050000
00000000
0a000000
02010a00
00040202
00000005
00000201
04000000
00000003
00000c00
00000003
00080000
0a050000
000c0000
00060002
00010500
0c0b0002
000c0003
05000b02
06070000
00000000
00000500
0c000007
08000000
02010200
00000002
080c0000
00000000
00000000
05050000
0000000a
070a0000
00060000
00000000
0b000000
00040400
00020000
00000006
00000602
00000000
00000004
03000f00
00000002
000b0002
0b040000
000b0000
00060000
00040400
100c0001
000b0000
05040901
00070000
00000000
00000600
0f000006
09000000
06000500
00000001
000f0000
00000000
00000000
03040000
00000004
030c0000
00040000
00000000
03000400
00020700
00020000
00000005
00000305
00010000
00000005
03000d00
00000000
00070001
09010000
00090100
00030000
00030700
090a0001
000d0002
02000b03
02050000
00000000
00000300
11000002
05000000
03000600
00000000
00080000
00000300
00000000
05040000
00000000
030d0000
00010000
00000000
01000700
01010400
00050100
00000003
00000302
00010000
00010004
01000c00
00000000
00060000
0a000000
00080000
00030000
00060b00
0b080000
000b0000
00010c04
07080002
00000000
01000700
12000003
06000000
02000600
00000001
00040000
00000602
00000000
06020000
00000000
030b0000
00010000
00000000
01000a00
01030200
00080300
00000005
00000402
02020000
00000004
01000d00
00000000
00060000
09000000
00070000
00020000
00060c00
08070000
000a0000
00010d07
08070002
00000000
03000a00
11000005
07000000
01010600
00000000
00030000
00000400
00030000
02000000
00000000
010e0000
00000000
00000000
00000d00
01000700
00050400
00000006
00000206
05050000
00000003
00000b00
00000000
00030000
08030000
00070000
00020000
00050d00
04050000
000d0001
00000f09
07070001
00000000
02000800
0e00000b
07000000
00000400
00000000
03020000
00000200
00060000
02000000
00000003
000d0000
00000000
00000000
00000a00
02000800
00050400
00000009
00000505
03070000
00000000
00000b00
00000000
00070000
04000000
000b0000
00020000
00050a00
04080000
000c0002
00001007
04070000
00000000
00000700
0c000010
0b000000
02000400
00000000
03000000
00000100
00070000
03010000
00000007
00100000
00010000
00000000
00000400
03020600
00040800
01000008
00000805
05070000
00000000
00000b00
00000000
000a0000
01000000
000a0000
00010000
00050900
06080000
000b0001
01011007
04050000
00000000
00000800
10000011
0d000000
00000400
00000000
01000000
00000000
00040000
02030000
00000008
00100000
00020000
00000000
00020000
01030600
00060400
02000008
00000706
05070000
00000000
00000e00
00000002
00090000
03000000
000a0000
00000000
00060700
08090000
00090003
01011208
06080000
00000000
00010600
11000010
0c000000
00000100
00000000
03000000
00000000
00000000
04040100
00000007
010d0000
00020000
00000000
03010000
00030800
00050500
02000006
00000606
02080000
00000001
00000f00
00000002
00070000
06010000
000a0000
00000000
00050600
070b0000
00090001
03050e07
09070000
00000000
00000600
1200000e
0a000000
00000100
00000000
04030000
00000000
00000000
03050000
00000004
01080000
00010000
00000000
03020000
00010c00
00030400
00000005
00000305
00080000
00000002
00000d00
00000001
00050000
0a030000
00080000
00020000
00020700
080c0000
00090000
06060c07
09060000
00000000
00000600
1200000d
05000000
00000100
00000000
08000000
00000000
00000000
04030200
00000004
00060000
00010000
00000000
03000000
00000e00
00030000
00000001
00000704
00060000
00000003
00000d00
00000000
00050000
08030000
00070000
00040000
00010700
090c0000
00080000
09090906
0a050000
00000000
00000500
1100000e
03000000
00000200
00000000
07000000
00000000
00000000
03030200
00000005
00050000
00000000
00000000
03020000
00000c00
00050000
00000002
00000604
00060000
00000002
00000f00
00000000
00070000
09030000
000a0000
00030000
00000500
080d0000
00070000
07090907
0b050000
00000000
00000400
1300000d
03000000
00000000
00000000
07000000
00000000
00000000
04020200
00000005
00080000
00020000
00000000
04040000
00010b00
00050000
00000004
00000202
00070000
00000002
00001100
00000000
00070000
0a030000
000c0000
00040000
00010600
070c0000
00090000
03060906
0b040000
00000000
00000800
1400000b
06000000
00000200
00000000
05020000
00000000
00000000
02030000
00000003
000e0000
00030000
00000000
02010000
00020d00
00040100
00000003
00000205
02090000
00010002
00001300
00000002
00080000
07000000
000a0000
00020000
00040700
050a0001
00080000
02030c07
08040000
00000000
00010800
1200000a
08000000
00000500
00000000
04000000
00000000
00000000
00000000
00000005
000d0000
00020000
00000000
00000000
00001000
00040000
00000001
0000060b
00080000
00020002
00001000
00000002
00080000
02000000
00060000
00030000
00050700
06060001
000b0006
03021209
07050000
00000000
00010500
0f00000e
08000000
00000400
00000000
07000000
00000000
00050000
01010000
00000008
010c0000
00000000
00000000
00000000
03010c00
00050200
00010003
00000608
00060000
00000000
00000e00
00000004
000c0000
00020000
00070000
00030000
00030400
070a0000
000d0005
03041409
07070000
00000000
00010700
11000011
0c000000
00000000
00000000
06000000
00000000
00080000
03050000
00000007
010f0000
0b000000
00000000
00000000
03040900
00070100
00020006
00000609
03050000
00000002
00000d00
00000005
000c0000
05070000
00090000
00000000
00010000
070a0000
000d0002
0303130b
09070002
00000000
00030b00
1300000d
0d000000
01000000
00000000
06000000
00000009
000b0000
06030000
00000002
000e0000
15000000
00000000
00000000
04020c00
00080000
00020003
0000080f
01050000
00000005
00000c00
00000003
00080000
0b030000
000c0000
00000000
00030000
0b0a0000
000b0001
0504130e
09060003
00000000
00000d00
1300000a
09000000
00000000
00000000
07000000
0000020a
01050000
05000000
00000001
010b0000
13000000
00000000
00000000
01000f00
00090000
00000002
00000c0e
00060000
00000006
00000f00
00000000
00030000
0b000000
000c0000
00050000
000a0000
10090000
00090005
0405100e
08080001
00000000
00000f00
14000008
06000000
00000200
00000000
040b0000
00000005
02040000
06000600
00000001
020b0000
0c000000
00000000
02000000
00000900
020a0100
00000003
00000c08
00030000
00020006
00000f00
00000000
00070000
0a000000
000b0000
00020002
000a0000
110c0000
00070002
0406080a
07090000
00000000
00000c00
15000008
03000000
00000200
00000003
020e0000
00000001
00000000
00000300
00000006
040c0000
03000000
00000000
04000000
00000600
00090000
00000005
00000904
00000000
00000006
00000f00
00000000
00070000
06000000
00090300
00010001
00040000
0d0d0000
00060001
02040409
08060000
00000000
00000700
15000003
02000000
01000300
00000000
02100000
00000000
00030000
00000000
00000006
060b0000
00030000
00000000
06000003
00000900
00060000
00000005
00000304
01000000
00000007
00000e00
00000000
00080000
04030000
000a0500
00040001
00000200
060c0001
000a0000
02020906
07040000
00000000
00020300
12010003
03000000
00000600
00000000
030d0000
00000001
00030000
02050000
00000008
060a0000
00030000
00000000
06000001
00010900
00050000
00000006
00000104
00000000
00000109
00000d00
01000000
00090000
08030000
00080000
00060000
00000400
060b0001
000e0000
03000b05
08060000
00000000
00020300
10010006
06000000
02000600
00000000
050c0000
00000200
00000000
02020000
0000000a
050a0000
00020000
00000000
05000000
02020900
00060000
00000005
00000305
02000000
00000006
00000c00
00000001
000b0001
0b040000
00080000
00050000
00000200
070d0000
000d0000
03000c07
050c0000
00000000
00020300
0f000007
06000000
03000400
00000000
070c0000
00000100
00000000
01070100
0000000d
04060000
01030000
00000000
05000001
02040b00
00040200
00000005
00000102
00000000
00000003
00000c00
00000005
000b0000
0a0a0000
000b0000
00050000
00000300
070f0000
00110000
03000c07
020e0000
00000000
00020700
0e00000b
07000000
00000500
00000000
030b0000
00000000
00000000
01070100
00000010
00030000
05030000
00000000
02050000
01000800
00020300
00010003
00000001
01000000
00000000
00000e00
00000006
00060002
10080000
010a0000
00050000
00000100
0b0d0000
00150000
03000507
02140002
00000000
00020400
0b010008
05000000
00000700
00000009
000a0000
00000000
00000000
04040000
00010014
00000000
09000000
00000000
08040000
00030400
00010000
00000000
00000000
00000000
00000600
01000902
00000005
00040006
20050000
000d0000
00030000
00000000
0e0e0000
00170000
05000000
001c000c
05000000
00000002
04000003
02000000
00000800
0000000e
00000000
00000000
02000000
060c0800
000a000f
00060000
03000900
00000012
10090000
0e0c0600
06090000
07050000
00000900
00030000
02020100
0a001607
000e0804
001c010d
12090000
00100000
00000200
04010000
0f0e0007
00030002
0d040000
1019000a
00000009
02000000
11000602
00000009
000a0700
04000102
000a0000
00000000
04000000
00090008
0d00080e
07060400
00040000
00010000
0a000000
060b0000
10000012
000a0003
00180202
00000000
03000500
09020000
18040008
000b0012
04000000
00000000
00030000
00000209
00000000
000c0003
07020902
00110000
0d0b1105
00000006
00000900
0d000e04
00000a0c
00000000
01000000
00000006
04000000
070c0007
00000004
08000000
00050000
00000000
0b00000a
08000002
00000003
00000000
00050006
05020000
00000000
08050000
0e000000
00000015
00000000
00000300
00000000
00000200
00020000
0000000e
00040900
07000000
0a0d0600
08000000
0a000400
05000e01
00000506
00000108
10000000
00000308
04000000
06110000
00000004
0a060000
00030003
00000007
09000206
0e000404
0400060c
00020504
0008000b
06000000
00010000
05060500
0c000000
00040106
00010300
000a0700
00010100
00030802
0a090505
00010007
00000a07
0c000004
06090800
0a050300
0d040600
0c000a00
020b0603
00000201
11000001
00000009
00000000
04110001
00000006
0d040000
00040003
00000001
08000000
0b000000
0900040f
00040506
00030206
09000000
00000000
07040700
12000003
06040407
00050800
000c0500
00050603
00080001
100b0208
00030009
00040805
09000004
03030401
09030500
10070900
0c030800
010b0203
00000500
0a000001
01000004
04000000
060f0000
00000004
11060000
00050201
00000004
0a000200
02000001
06000005
00070306
00010202
00000000
00000000
09060900
11000001
0508000b
02050902
000b0900
00060203
000c0200
130d0005
00040002
00080601
02010000
01000105
0a040900
10000b00
08000303
00090603
00030300
01000000
00000004
02000004
0b0d0000
00000001
0a070200
00040000
00000002
01000900
05000000
07000107
00020405
0200030b
02000000
00000000
0b090900
05000000
0304000d
06020500
000a0703
01010000
000d0702
080c0003
00030007
00000803
04000000
00010100
0b010700
0f000500
08000204
000a0302
00000202
05000000
00000005
00000004
0d0f0000
00000001
0a070100
00040000
00000202
00000d00
08000000
0700020a
00000505
04000409
06000000
00000000
07060900
01000000
0205000b
00040500
000b0102
00020100
000c0805
070c0000
00010006
00000806
0a000000
00020000
0b030600
10020206
08000500
000c0000
00000202
06000000
00000003
00000000
0a0e0000
00000003
09060000
00050000
00000102
01000a00
06010200
07000309
00000307
02000706
06000000
00000000
0b030900
00000001
00050007
01050400
000b0303
00000000
000b060a
070d0001
00040005
00020609
08010000
00010000
09060700
0e010007
09000600
000b0000
00000100
09000000
00000001
01000003
060d0000
00000006
06050000
00060000
00000006
03000900
09000300
0a000007
00000006
00000709
05020000
00000002
0a020a00
03000000
00060002
01050300
000d0801
00000001
00090707
0a0c0000
00050004
0002040a
0a030000
00010000
07060a00
0e000004
07000500
02070100
00000000
08000000
00000000
00000000
06140200
00000007
05050000
00090000
00000004
09020700
0e010300
09000304
00000008
00000306
03010000
00000000
09000c00
02000001
04050000
03020100
000d0200
00000004
000d0609
0c0b0001
00050004
01090009
09000000
00010000
08080b02
0c030100
09000000
01040202
00000000
0d000000
00000000
00000000
06160200
00000003
08090000
000c0000
00000000
0e030500
0f020000
08000207
00000007
00000005
01020001
00000000
08011000
07000000
08060000
00020400
000c0200
00000106
00110608
100a0005
00050005
00130008
03000001
00020000
0a070c08
10000500
0a000000
02010405
00000300
08000000
00000001
00000000
04140300
00000000
08080000
000a0400
00000000
0f000100
0a040000
04000604
00000006
0001000b
00020004
00000000
07010f00
06000000
06030000
00020600
000a0502
00000703
000f0608
0e0b0008
00010002
01130007
00010000
02050000
08090e05
12000700
08000004
01000505
00000300
08000000
00000004
04000000
09120200
00000000
09030000
00050000
00000000
10000000
01000600
05000c02
00040001
00060311
00020000
00000000
07020800
00000000
02010000
00010603
00060401
00000503
00080808
0a0a0003
00000006
09120107
02000000
020a0000
03070d07
0e000600
04000105
00020305
00000003
0e000000
00000000
06000000
09100400
00000000
09000000
03000000
00000000
0a000005
01000800
07000705
00040000
0008090c
00020000
00000000
03050600
00000000
04040003
02000901
00030500
00000203
0004040c
0f0d0004
00000007
0f140409
06000000
000b0000
00030607
10020900
00000402
000a0002
00000003
11000000
00000000
01000000
070c0401
00000200
0c000000
03000000
00000000
0a000007
00000300
08000001
00000000
00070a07
00020000
00000000
00010600
00000000
03030004
00000b02
00020b00
00000203
00030008
0f0f0000
00000000
12110009
06010000
000c0000
00030408
0e000900
00000500
000b0000
00000002
0b000000
00000000
00000003
050d0100
00000200
0a000000
00000000
00000000
09000006
00000100
08000003
00000000
00080b09
00030002
00030000
00000800
00000000
04030003
00010a00
00050f00
00000303
00010006
0d130000
00000000
130d0209
0b030000
000c0000
01050205
0e000a00
00000303
000c0000
00000001
06000000
00000000
01000001
060f0400
00000000
08000000
00000000
00000000
0f000001
01000500
07000007
00000000
00060706
01010000
00000000
01000900
00000000
06030200
00020700
00070a00
00000000
00050209
0d140003
00000000
100f0007
0b040000
000d0000
03050505
0d050d00
00000002
00040001
00000000
0d000000
00000000
05000001
07130a00
00000200
07040000
00030000
00000000
13000001
07000700
0b00010a
00000000
00030406
00010000
00000002
04000d00
00000000
06050001
00070a00
00090805
00000001
000c0111
10140005
00000001
0e130008
08030002
00090000
02060d07
10040e00
05000001
00000008
00000000
0d000000
00000001
05000002
05100800
00000000
09080000
00050000
00000000
0f000000
0a000500
0b000007
00000000
0002010a
00030004
00000003
04000e00
03000000
05020000
00040202
00070400
00000101
000b000a
13120004
00000000
0a1a0008
08000000
00060000
06070c0b
16030c00
03000000
00010008
00000000
0f000000
00000005
05000002
040e0702
00010000
07090000
02070000
00000000
0f000000
0b000700
0b000105
00000003
00050305
00020002
00000004
03000e00
05010000
06040100
00060005
00060600
00000104
000c0007
12100004
00000000
04160009
0a000000
00040000
060b0c0b
13070804
04000200
00000503
00000000
10000000
0000000b
00000003
020d0202
00000304
08060000
03060000
00000004
0d000000
0d000400
0a000001
00000308
00030305
01050003
01000005
04001000
08000000
04060000
00060000
00091100
00010003
000f0006
0f0e0400
00040000
000a0409
09000000
00000000
07120d09
13050100
03000200
03000500
00000000
0a000000
0001000b
02000002
02080000
06000003
08050000
07040000
00000003
05000000
09000200
08000001
00030708
0004040d
03060001
00000004
03001000
02000000
03080000
00000200
000b0b00
00040002
000c0002
0a0d0100
00080002
00030508
09000002
00000000
080f0b07
12000001
05000300
00000600
00000000
09000000
0001000f
02000002
030b0000
02000000
09060200
15000001
00000003
00000000
07050300
07000003
00031008
0003070a
03040000
00000002
03020900
00000001
00040000
00000700
000f0600
00070000
00080002
070e0000
00090007
00000c0b
0d020000
00000000
0b0e0d01
1201000a
07000a00
02020000
01000100
09000000
0001000f
02000000
09090000
00020000
0a050500
1a000000
00000006
00000000
07030100
05020005
00020e05
03030a0a
00020001
00010000
01000900
00000002
00030000
05000400
00100003
00060000
00080008
0d100000
00060003
01000c0e
0c000002
00000000
0c091000
13000001
05000500
00030000
01000205
0a000000
0004000e
03000000
08050305
00030000
0b090100
14000000
00000007
00000001
07020001
0702000c
00000a05
02040f0d
02000001
00020000
03000b00
00000000
00000000
05000700
000e0309
00000400
000c0005
0e0e0000
00000006
0000040e
0b000000
00000000
0c040e00
12000000
06000200
00060001
00000204
09000000
0002000a
05000000
0408010b
00000003
0d090000
06000100
00000005
02000006
02000003
0e01000b
00000707
00030c0c
00000000
00010003
04000b00
09000000
00020001
00000600
000d0b01
00000200
00080001
0f0e0004
00000007
0001000a
0a000000
00000000
0c030900
13010500
05000501
00070002
00000200
08000000
00000005
05000000
050a0204
00000007
10090000
01040100
00000003
09000008
04000103
0d000009
00000506
00020608
04000000
00000003
05000d00
10000000
00080005
00020703
000b0c00
04020402
00060104
0e0e0407
00000003
00000107
09000000
00000000
0b090500
12070700
06000900
03060201
00000400
09000000
00000005
04000000
050e0300
00000008
10070000
00060201
00000001
06000008
07000200
0b00020a
00010305
00010409
05000000
00000003
07020d00
13000001
020a0205
00040700
00080800
03040300
00030005
080e0507
00020003
00020808
08000000
01030100
06080300
100a0600
07010b00
01080300
00000300
0c000000
00000304
03000000
040d0000
00000008
11080000
02060005
00000000
0600000b
06000100
08000308
00010103
00030405
02000000
00000001
08030800
13000005
0309020c
03080a00
00070600
06060300
00020007
090e0809
00050002
00020608
04030000
00050000
05090500
0d080700
0b000e00
02080700
01000300
0b000000
00000204
00000000
01100000
04000008
0e050000
08070103
00000000
0700000d
07000000
0f000705
00010101
00080304
05000000
01000000
07040600
11000006
0207050b
08060700
00070100
02060100
00000004
090c0406
000b0001
00050207
02050000
00050000
07090301
090a0403
0d000c00
02050b00
00000302
0a000000
00000000
00000000
010e0000
0400000b
09030000
0a020002
00000006
08030006
00000200
0c000206
00000000
000c0001
00000000
05000000
04080000
0b000008
00060410
13000100
00090000
00050000
00010007
0c090003
000e0004
00010300
000f0005
04010000
02060004
09060401
0b000800
00000f00
00000303
02000000
00000001
06000400
04140600
0004000c
07050000
10030604
0000000c
10060600
0e080701
16000004
010a0300
00110a00
00030000
04000200
0d010000
0b09090c
04150616
0e060400
000f0000
00000901
0106010b
0c0b000a
000c000b
08070000
0e160404
02000206
09000000
11000c06
0100000a
02050d00
03000c00
00040000
00000000
08000002
000b0007
0c000508
09070800
00050000
00020000
07000001
060c0000
0f000011
000d0104
00150204
00000000
00000300
0a050000
17030006
000c000f
05000000
00000000
00040000
00000608
00030001
000d0003
07010a02
00110000
0a0a0f05
01000105
01000800
0d000b07
00060b0c
00000000
00000000
00000004
04000000
090b0003
00000003
07000000
00040000
00000000
05000008
04000000
00000404
00000000
00050008
03000000
00000000
06050000
0c000000
00000013
01000000
00000200
00000000
00000401
01040000
0000000e
00050900
07000000
020d0400
08000000
09000100
05000801
00000606
00000008
10000000
00000007
04000000
050d0000
03000004
05030000
00060000
0000000a
0c000300
09000000
0600010a
00000500
000c0007
08000000
00050000
04050500
11000000
00000002
00000000
00070100
00000000
00060504
090a0200
00000002
000a0306
04000003
030c0200
09030606
06020300
0a000103
00000305
00000003
0e000000
0000000a
00000000
00110000
04000000
00000000
00000000
00000006
08000000
10000000
02000007
00080100
00040003
07000001
00000000
00070400
16000000
03000300
00000000
000d0006
00000005
00110003
0a040003
00050004
000e0305
03000004
00050006
000b0902
05000600
06000103
04060004
00000002
0b000000
00000002
06000000
090d0000
03000000
03000000
00000000
00000009
12000300
05000600
01000001
00070000
04000001
00000000
00000000
06080300
0e000000
01000100
00000003
0009000b
00000006
00130104
11050000
00030001
000f0600
03010000
06000000
04070704
01000300
00000100
08060506
00000000
04000000
00000007
00000001
0d0a0000
01000005
05040000
00060000
00000007
09000900
07000000
0b000007
00000103
00050409
00000000
00000000
0f0b0500
06000000
02020007
09000100
00090503
00000006
000c0407
060b0000
00030009
00080200
09000000
00000000
08020800
07000000
04000000
05020307
00000001
09000000
00000000
00000001
060e0000
00000006
06050000
000a0000
00000000
08000900
11000000
08000009
00000008
00000405
05000000
00000000
0a020a00
07000000
00080004
00060000
000d0601
01000001
000b0507
07090002
00040001
00060108
05000000
00020000
08060800
0b010200
07000000
01030005
00000000
09000000
00000000
00000000
05160000
00000001
08050000
00090000
00000000
0d000900
0c010600
00000307
00000005
00020003
00000000
00000000
0a050900
02000000
02060001
00020400
000a0303
00000004
000f0609
0b080007
00040003
02110205
00020000
00080000
06080906
0e000400
05000000
02000407
00000000
05000000
00000003
02000006
06190000
00000000
0c040000
00070000
00000000
0c000b00
0a000500
00000003
00010002
0006000a
00000001
00000000
08030700
00000000
00010000
00050a00
000a0300
00000300
000c0608
0b070006
00010000
03110305
000d0000
000e0000
05090b03
0d000500
0000000a
0002020c
00000000
04000000
00000006
00000002
08200000
00000000
09030000
00030300
00000005
0a000f00
03000d00
00000502
00090000
000d0409
00000000
00020000
05000700
00000000
01000000
00020e00
000b0008
00000100
000d030b
090a0008
00040000
08100005
02080001
00100000
04080d03
0b000500
0000000e
0006050a
000a0000
09000000
0000000a
02000000
051e0000
00000000
07000000
00010100
00000006
00000c00
07000d00
00000209
000a0300
020b0807
00000000
00010002
02000500
00000000
00000004
00031300
00080012
00010000
00100303
0d0a0001
00090002
050b0007
000a0000
000e0000
06020f00
07000700
0000000f
00020305
00100200
0a000000
0301000f
03000000
011b0000
00000000
06030000
00010400
01000003
00000800
07000400
00000008
000a0700
03080a05
00000000
00000007
01000500
00000001
00000001
00021600
000a051f
00080000
00100004
03090000
000a0000
04050007
000f0000
000b0000
07090e03
05000501
0300000d
00000a08
00140300
06000000
0005000d
04000000
04190000
00000000
05040300
03000500
00000000
00000000
03030000
00020304
000c0b00
040c070a
00000000
00000007
04000000
00000002
00000000
00000600
000b000f
00050000
00070004
00070000
00070000
0601000b
00010000
00060000
050b0c04
00000201
00000906
00020a0a
00080000
09000000
0000000d
00000000
06150000
00000000
04020800
0e000000
00000000
00000000
04000000
00000605
000d0a00
030a0c0e
00000000
00000005
02000000
00000000
00000000
00000000
00090009
00000000
00040002
00060000
00010004
0600080c
03000000
00030000
05090806
00000400
00000e00
00060203
00050000
0d000000
0000000b
00000001
080f0000
00000500
04000300
14000000
00000000
00000000
02000001
00020001
00050a00
04081007
02030000
00000004
00000000
00000000
00000000
00000200
00090707
00000000
00030001
000b0000
00010000
0400050d
00000000
00000000
09080508
00000600
00000e00
00080000
00070000
09000000
00000009
00000000
080e0000
00000400
03000000
10000000
00000000
00000000
00000000
00030008
00010500
0308120c
06050000
00080005
01000000
00000000
00000000
00000000
000c0904
00000000
00020000
000e0000
00000000
0700060c
01000000
00000000
08080306
00000700
00000b01
00080000
000c0000
05000000
00000006
00000002
090f0000
00000000
04000000
11000000
00000000
00000000
03000000
0001010b
00060600
020a120a
03010000
00010006
03000000
00000000
00000000
00030200
000b0405
00020000
00070000
000e0000
00030000
0a00080b
03000000
00020000
06040506
00020700
00000703
00060001
000a0000
08000001
0000000d
04000000
07170200
00000000
05000200
14000000
00000000
00000000
09000500
00010006
000b0100
000a1109
00000000
00000007
00000100
00000000
00000000
00040900
000d060c
00060000
000e0002
040f0000
00050000
0b03050a
01030001
00040000
04070a07
00000900
00000405
00030005
000e0000
08000000
00010012
03000000
06180500
00000000
02000000
15000200
00000000
00000000
0c000100
02000005
00070000
00091011
00000000
00000003
00000600
00000000
00000000
00021200
000d0410
00030500
00130000
0e0d0000
00040000
0a0c0008
00000001
00000000
070a0e08
05020700
00000004
00020202
000f0300
09000000
0003000c
03000000
06190405
00000000
02000000
15000200
00000000
0a000000
0d000000
07030007
00070000
00070c16
00000001
00000000
01000800
00000000
00020000
02001200
0009000b
00000700
000f0003
160e0001
00030000
0a110006
00070000
00020000
05070f0a
07020900
00000003
00000002
000e0200
0a000000
0200000c
05000000
02170805
00000200
05000000
13010000
00000000
11000000
0c000100
0a020002
00000000
0000060c
00080003
00000000
03000600
00000000
00020004
00071104
00080305
00000200
000e0007
160e0000
00020000
07160006
03080000
00070000
01071207
0e040a00
00000005
00000301
00050000
0c030000
0002000a
07000000
01100402
00000000
03010000
0f040000
00000000
11000000
09000000
07000008
00000003
00000806
00060003
00000005
03000900
00000000
00010000
00030602
00070800
00000000
000d0006
110e0001
00000000
04140004
01010000
00060000
05091108
14030901
00000000
00000901
00000000
0c000000
00000004
02000004
000b0405
00000100
04040000
07070100
00000000
0a000000
08000000
07000007
00000008
0000040a
00080005
00000006
01000e00
00000000
05060000
00000000
00040a00
00000001
000e0006
0d0f0600
00000000
020f0007
06010000
00020000
07100c09
18050503
00000000
00000700
00000000
0b000000
0000000c
00000002
04080003
00000102
06010000
0d030000
00000000
07000000
07000000
07000001
00000309
0000010a
00090005
00000003
00000c00
01000000
04040000
00010200
00070600
00000002
000d0006
0d0f0600
00000000
000d0209
07030000
00000000
06150c07
15020000
00000100
00000400
00000000
08000000
00000009
04000000
04090002
03010002
08000000
15000001
00000002
02000000
07020600
07000003
00000e09
0004050c
00050003
00000002
00000b00
00000001
00040000
00000800
00100501
00050001
00090007
07100000
00020004
0405080a
09080000
00000000
06100c03
13000004
04000400
00000102
00000000
05000000
0003000b
05000000
070a0105
00010002
0a030000
12000000
0000000b
00000003
06010600
08000006
00000f06
0009090e
00020002
00010001
01020700
02000000
00000000
05000800
00110006
00050004
000a0008
0c0d0000
00000002
0101040b
0d020001
00000000
09060d00
11000000
07000300
00010003
00000105
08000000
00000006
06000000
08070405
00060003
0b090000
0b010200
0000000c
06000002
07010203
0f01000e
00000805
01060a0b
01000000
00050001
04000900
09000000
00040000
02010400
000e0602
00000201
000b0008
100e0002
00000006
0102000b
0b000000
00000000
0d010a00
12000400
04000000
04030006
00000301
0a000000
00000002
00000000
05090404
00030004
0e0a0000
05030400
00000006
08000008
0c000004
0d00000b
00040205
00020408
02000000
00000001
05000c00
12000000
02060300
00050100
00080500
00000404
000a0006
0f0e0108
00000003
00040408
06000000
00000000
0c080800
12060800
07000300
03070104
00000000
0b010000
00000001
03000000
050a0003
00000005
0f090000
02060200
00000004
09000006
04000305
09000006
00000005
0001020b
00000000
00000000
06020b00
13000001
06050006
01050700
00060a00
02050204
000a0004
0a0f0306
00000003
00060605
00010000
00000000
08070501
11000700
08000702
02090500
00000100
05000000
00000004
00000000
030d0000
04000005
0c070000
03080100
00000002
0600000c
03000000
0c000504
00010105
00050307
05000000
00000000
07020800
12000005
0605040b
08050a00
00050600
04050000
00020005
040f0206
00070003
00040205
01010000
00060000
05070200
0b0a0401
0a000a02
00040b00
00000500
0a000000
00000000
00000000
000c0000
0500000a
0c040000
05050001
00000003
0400000b
00000200
09000606
00010000
000a0302
01000000
02000000
03060400
0d000005
0005040f
0e000300
00060300
00070000
00000003
04090004
000b0002
00000405
000e0000
01040000
03070003
06080201
0a000802
00000900
00000300
03000000
00000002
05000100
00100000
0500000e
0c060000
0b060008
00000005
0c030905
0d060600
16000004
000a0001
00100a02
00050000
05000000
0a000000
1006060d
040d0715
0d060000
000f0100
00000100
0003000f
050a0505
000c000e
05010200
0d140501
05000203
09000000
0d050608
05000708
04000a05
02000c00
04000000
00000000
0c000003
00070003
0b00040b
08060800
00070000
00010000
02000300
02080001
13000010
00080004
00130104
00000000
00010100
0c080000
19030003
000c000e
07000000
00000000
00050000
00010a04
00050002
000b0004
05020903
000f0000
06080c03
03000304
00000200
0b000807
0001090b
00000000
00000000
00000004
00000001
09050000
00000002
08030000
00070000
00000000
02000000
05010000
00000206
00000000
00050005
09000000
00020000
06010000
10000000
0000000b
00000000
00000300
00000000
00050200
02050000
0000000d
00050a00
05000001
000c0000
0a000000
06020000
05000004
00000607
00000005
08000000
00000000
04000000
090c0000
00000001
00060100
00000400
00000003
11000600
02000000
07000403
00020000
00100000
0b000000
00050000
00080604
15000000
01000000
00000000
04010000
00000000
00150600
03010002
00000002
0009030a
00000005
0e0c0000
08010703
00000700
09000007
0300000b
00000008
06000000
00050002
00000000
00140500
06000000
00050000
00000000
00000502
0b030000
16000000
00000000
000c0000
100c0000
08010004
00000000
000c000e
19000700
00000000
00000000
000d0005
00000004
00190300
00000002
000d0000
00000702
09000005
04060000
00180409
00000000
00000000
0d0b0000
00000000
01000000
00000001
06000000
00100300
09000000
00000000
00000300
00000512
15040000
04000000
00030004
00070000
0a030000
00000001
00000000
00000003
10000000
00000000
04000000
000f0000
00000006
00180000
0a000000
00090000
00001100
07020004
07040000
000d020a
00000000
00000000
0c070701
00000000
00010000
00000008
01000000
080f0000
00000000
00020000
00070000
00000006
0d000400
06000500
01000009
00000000
00070104
00000000
00000003
0d010400
04000000
0000000a
01020000
00070001
00000000
00110003
07040001
00000000
00070300
03070000
00090000
05040704
05000400
00000006
00000612
00000000
00000000
00000002
01000007
08170000
00000000
06020000
00070000
00000000
05001000
08000900
00000004
00020000
00040006
00000000
00000000
07030400
00000000
00010002
00030b00
00090404
00000000
00100808
05050004
00040001
010f0303
000b0000
000f0000
03040902
09000300
0100000a
00050409
00010000
04000000
0000000b
03000000
081a0000
00000000
07000000
00010000
00000003
00001100
04000900
00000007
00070100
03080000
00000000
0000000a
03000100
00000000
00000000
00011200
00070011
00020000
00130602
03040000
000b0002
03050008
020d0000
00110000
05040b04
03000101
00000008
00070805
00090000
05000000
00000010
00000000
08120000
00000000
05050200
00000000
00000200
00001300
03000000
00030004
00070300
0d0d0000
00000000
00020010
00000000
00000000
00000000
00000d00
000a010b
00050000
000e0204
00010000
000a0001
0200000b
040e0000
00070000
080b0b03
00000007
00000904
00070b01
00070000
03000000
00020011
00040000
060b0000
00000000
07030700
00000000
00000408
00001300
00000002
00060708
00050600
0f180001
04000000
00020011
02000000
00000003
00000000
00000100
00080105
00050001
00080007
00030000
000e0000
03000312
07090000
00000000
0b100d02
0000000a
00001200
00090a00
00050000
07000000
00010012
000d0000
07030000
00000002
07000a00
00000000
0000030a
00000a00
0001000b
000a0107
00040000
0d120004
09000000
00000012
03030200
01030005
00000000
00000000
00080b00
000b0004
00010000
00050000
00110000
02000a10
04100000
00000000
0b0c0c03
0000000d
00001200
00070700
00000000
02000000
0001040c
000d0002
06000000
0200000d
0a000500
00020002
00000005
00000800
00050210
00080007
00000202
120e0200
08020000
00000011
02020600
03010107
03000000
00000000
000b1300
00110006
00030004
00020000
00130001
00000d0c
05150000
00000000
07110e04
0000000a
00001900
00000a02
00000000
05000000
00050609
03120001
06020000
0200000e
0b020500
00040002
00000001
00000300
01080012
00090905
00000503
110c0203
0d000000
0000000c
04000300
04020005
02000000
00000000
00091000
020c0004
00040008
00010000
00110001
0000080f
050f0000
00000000
050f0b03
00000004
02001a00
00000e00
00000000
06000000
0005020b
00140000
03040000
0000020b
07030600
03000000
00000002
00000200
0305000e
00050704
00010408
0d090405
0f000000
0000000a
03020500
01000000
02000000
00000000
00070d00
00050003
00050002
00000000
00100000
00000c0c
0a010000
00000000
05110906
04000000
05001100
00000800
00000003
08000000
0002000a
00140002
02040000
00000211
05020100
05000000
00000000
00000000
0104000b
00040000
00000309
0d090804
0f000000
00000005
00010800
00000002
01000000
00000000
00060700
00030008
00030002
00020000
00110005
0000100b
0b000002
00000000
030a0908
06000002
06000c00
03000100
00000007
0a000000
00020009
00110003
02000000
00000314
05030000
05000000
00000000
00000000
02070008
00030005
00000009
10060802
14020000
00000004
01000900
00000001
00000000
00010000
000a0900
00010008
00020003
00060000
00120000
00000e0b
08000001
00000000
02090708
06000004
0c000e00
00000000
00000003
0a000000
0001000c
00120002
05000000
0000000c
06000200
08020000
00000000
00000000
00090006
00040105
00020106
0d080602
10000000
00000006
04000700
00000000
00000000
00000000
00090900
00040007
00030000
00030000
00140000
00000e0e
0b020002
00000000
060b0608
01040003
08000f00
00000400
00000000
0e000000
0004000e
00140000
04000000
00010008
0a000900
0f010005
00000000
00000000
01040009
00080005
00020200
0c070000
0b000000
0000000a
02050200
05000001
01000000
00020000
000b0a00
0008010c
00060001
00040000
00130000
00000b12
050a0001
00000000
0a10070e
00030003
01001000
00000502
00000000
06000001
00010011
00150001
00000000
00000003
09000400
1d000006
00000003
00000000
06000001
00070509
00020500
14010300
04000000
00000009
00060201
00000000
02000000
00000000
000c0700
000a000e
00020000
00040000
000f0003
00000410
00110001
00000000
0b0f090f
000a000c
00000600
00000400
00030000
0d000000
06090026
000b0000
03000000
02000000
07000000
24000000
00000200
00000000
08000007
000a0006
000b1100
0e0c0600
00000000
00000005
00000000
00000000
00000000
00000000
00050007
00050300
00040000
05020000
00090000
0800000c
000e0000
00000000
110d0f16
00000000
00000000
00000c00
00050300
04000000
0711001f
00000005
05000000
03000000
05000000
1e000000
00000000
00000000
00000004
00030000
00000a00
00150d10
00050000
00000009
00000000
00000000
00000000
00000000
00090005
00000600
00060000
0a000000
000a0000
0d010006
00070000
00000000
0c120714
00000000
00000000
00000800
00050000
06000000
040f0011
00000005
05010000
02000000
00000000
1e000100
00000000
00000000
00000000
00010000
00000400
0012110c
00040000
0000000a
00000200
00000000
00000000
02000000
000e000b
00000000
000e0008
0b080000
000b0000
10090001
05020000
00000000
070d080f
00000000
00000000
00000c02
00090000
09020000
00050009
0a000008
04080004
00000000
00000000
23000400
00000000
0c000000
08000000
00000005
00000000
0008070f
00000000
00000001
00000002
00000000
00000000
03000200
00070010
00000000
00190003
09090000
00030000
0b110002
00080000
00000000
0308090c
00050000
00000001
00000a06
00020000
0e000000
00080012
00000005
000a0008
00000300
00000000
18000300
00000000
0a000000
1d000000
0200000f
00000000
00000006
00070006
00000000
00020200
00000000
00000000
00000000
00010003
00000000
001a0000
0b100000
00000000
00140001
00090001
00000000
040f0f0a
03060000
00000000
04000608
00000000
09000000
05100011
00000000
0003000e
04000000
00010000
09010200
00000000
06000000
09000000
00000000
00000009
00000115
000a000c
00000000
01000500
03000000
00010000
00000000
000a0b00
00000000
00110000
03100900
00000000
000b0302
000e0000
00010000
0d120905
0e000000
00000000
01000704
00000000
00000000
000b000e
03000007
070a0007
03000001
04000000
0a000000
00000000
08000000
00040000
04000000
00000808
000f0016
000a000a
00030000
04000500
05000000
00000000
00000000
00110500
00020009
000c0005
060d0100
0000000a
000e0707
05080000
00000000
0a110704
0e010003
00000000
00000102
00000002
00000000
00000006
0d000000
08090200
01010000
03000100
0d000000
00000005
0b000000
00030200
0c000102
00000d00
00100409
02000003
000a0000
01010700
07000000
00010000
01000002
060a0001
00000006
000d0009
060b0000
00000006
050f000f
08010000
01000000
02050600
0d000000
01000008
00000004
0000000a
0d000000
00000007
04000000
040b0403
00070000
00000000
0d000000
00000010
09000000
12000000
10000009
00080400
01080600
00040001
00000000
00030500
0c000000
00000300
00000000
00060007
00000002
00170000
0e070000
00010005
000b010d
09000000
00000000
000a0b03
04050900
00000000
02040000
00000005
10010000
00000001
04000000
030b0506
00010000
07030000
04010600
0000000a
12000000
00000000
0a000004
00000200
00010300
00000000
00000000
04000d00
12000001
05010100
04020002
00080209
00000006
00160000
0d100000
00020000
00080800
04000200
00000000
060b0304
08000b00
00000005
00030403
00000000
00070000
00000007
01000002
030c0004
04000005
0b070000
00080100
00000006
09000006
00000300
0b000002
00000304
0008020f
00000000
00000000
0a000900
10000005
0503040a
0a040600
00040b00
03040001
00050002
00120006
00070001
00040300
02020000
02060000
05090300
0b060000
06000505
00000c01
00000200
07000000
00000103
00000000
02090000
0400000a
0d050000
05070002
00000000
0400000b
00000200
0a000704
00000000
00080507
02000000
00000000
02040300
0f000003
03040210
0b000400
00020400
00060000
00000003
00080002
00090001
00000308
02090000
02070000
04060203
09070001
0c000901
00000b00
00000100
05000000
00000001
05000000
010f0000
0600000c
10080000
0b080007
00000003
0c000909
0c030300
13000005
00080002
00100905
01020000
03000100
08000000
14040509
05080b14
0e080000
000c0000
00030000
0000000b
06070304
000d0008
02010405
110f0000
06030201
0b000400
0d0a0103
06010b05
01040b08
03000800
0a000000
01000000
00000008
00090001
09000306
0c080900
00090000
00040000
07000800
080c0000
0a00000e
000e0002
00130000
01000000
00000100
10050000
1c060001
000d000e
00000000
00000000
00010000
00080900
00010002
000b0000
00000503
00130000
050b070e
0b000800
00000400
0a00000f
00000612
00000000
00000000
00000005
04000000
12090000
00000000
07050000
00050000
00000004
02000c00
01030000
00000700
00000000
04070007
04000000
00000000
00020000
04000000
00000005
00000000
00000004
00000000
00110d00
01000000
00000009
00000900
05000000
010b0000
08040900
04000000
06000011
0000060a
0000000b
04000000
00000000
00000000
10010000
00000000
00030000
00000300
00000008
06000c00
00000000
06000a06
00000700
04190002
1d000000
000f0000
000d080a
00000000
00000000
02000000
09000007
00000000
000b0800
06000000
00080010
00000008
0300000a
10010000
02000b00
00060000
00000004
00080000
0003000e
15000001
00000000
00000000
00000000
14000005
00010000
00000500
00000700
000a0000
04000000
000b0000
000b0800
190a0000
21000100
00000000
0002001d
14001000
00000500
00000004
00090000
02000e01
08000000
02000001
0f1c0001
00000005
03000905
0000000b
000a0006
000f0000
00000400
020c0000
00000000
00050100
00000000
13000000
00000000
13000000
00000100
00000900
00000810
00090000
00000000
000b0000
000f0000
13000000
00000000
00000002
00000010
01000900
00000000
12000002
00060000
00000001
00020200
14000007
00150000
00000000
08150000
0000000b
00020000
00000000
00000000
00040b00
00000000
00000000
0000000c
04000000
0d050000
00000000
00020300
00000000
0000020e
00000800
00000600
01000005
00000000
0a080001
00000000
0000000e
05000005
00000000
00000000
05030d00
0002010c
00000000
00130000
00010000
000b0002
00000000
030f0000
01090000
04070c00
00000100
00000007
00000e02
00010000
01000000
0000000f
00000002
0a0c0000
00000000
06000000
00000000
00000302
00001704
00000000
00000005
00020000
070e0001
06000000
0001000f
04010100
00000000
00000000
00000500
00060000
00040000
00080101
00010000
000f0001
00000009
060b0000
00050000
0a070b04
00000008
00000a02
000c0802
00050000
06000000
00000210
00070000
0b030000
00000007
09000200
00000000
00000506
00001500
00000004
00070309
00000101
09130006
0f000000
00000013
03040100
00000002
00000000
00000000
00070400
000c0003
00040000
00000000
00130003
0000060e
09100000
00020000
05070801
0000000b
00001500
00080a00
00000000
07000000
00000608
00030000
09000000
00000013
07000200
00000000
00000202
00000d00
0001000c
00070607
00000003
070c0408
0d000000
0000000f
01000000
00000006
00000000
00000100
00070a00
000f0006
00000001
01000000
00120002
0000080a
080e0000
00000000
00040800
05000007
00001800
00040a03
00000000
04000000
00000406
020a0000
04010000
00000014
07010100
00020000
00000000
00000900
02020005
00030806
00020004
02070506
0d000000
0000000a
06000400
00000007
00030000
01000000
000a0d00
000c0003
00010000
06000000
00100000
00000509
0b0a0000
00000000
00040600
08020004
04001200
00030800
00000000
05000000
00000204
00040000
03060000
00000014
0a020100
00050001
00000000
00000100
07020001
00020404
0000000a
00000402
08000000
00000007
07000a00
00000003
000b0000
00030600
000c0e00
000a0002
00020001
0a080200
000d0005
00000607
09060000
00010000
03080601
0d020005
0c000e00
05040300
00000200
04000000
00000002
00000000
06090000
00030011
0a050200
00040000
00000000
03000500
05060000
02000002
0002000a
00010401
07000000
00000006
08000b00
05000005
000a0000
04010500
000d0e00
00080200
00020100
07070202
000d0001
00000606
09040000
00020000
08060802
10000002
0d000a00
0a060100
00000100
06000000
00000607
00000000
07110000
0000000c
0b090400
00050000
00000000
03000200
05080000
00010603
0004010a
00000305
07000000
00000004
08000700
09000002
00060000
06020300
000b0600
00050100
00030504
06080003
000c0004
0000070b
0a000000
00040000
09050a01
10000004
13000700
08060500
00000301
0a000003
00000206
00000000
06110000
0000000a
0b0a0100
00050000
00000000
02000100
05030000
01010605
0002000a
0001060a
07000000
00000002
05000900
0a000000
01050000
04050000
000a0700
00030000
00050301
05080001
00080006
0000070a
0a000000
00030000
08050803
12000003
0f000300
01050200
00000100
0a000000
00000008
00000000
05110000
0000000c
0b090000
00040000
00000000
00000000
05030000
00000402
00000009
00010607
04000000
00000000
03000a00
0b000000
00060003
04060200
000a0600
00030000
00040101
050a0000
00060006
00000809
0c000000
00040000
0a050803
12000006
0c000200
00060000
00000003
0a000000
00000009
00000000
060f0000
0000000c
090a0000
00050000
00000000
00000000
05050000
00010205
00000009
01030506
04000000
00000000
04000b00
0a000000
00050001
04050000
000b0700
00030000
00020001
060c0000
00070003
00000608
0b000000
00040000
0b060905
11000006
0e000300
00070000
00000005
0a000001
00000207
00000000
05100000
0000000e
07090000
00060000
00000000
00000000
04060000
00000305
0000000a
01030507
04000000
00000003
04000c00
0a000000
00080000
06040000
000b0800
00040000
00020101
060c0101
00080003
00000709
0b030000
00040000
0a080806
10000005
0d000600
03060200
00000004
0b000001
00000004
04000000
000b0000
00020010
07000100
00060002
00000000
01000000
06030000
00000007
00000009
02000101
0b000000
00000002
02000800
0c000000
00060000
00000000
00110600
00050400
00030000
030b0500
000d0001
00000708
020c0005
00040000
040a000f
0d03000a
09000200
05010700
00000005
05000000
0000000e
00020000
00060000
00000009
0b000000
00010000
00000000
00000000
08000000
00000307
00080002
05000f00
13000000
00000001
000b0007
0b000002
00040000
05000000
00050000
00060700
00000000
00000000
00040000
00000000
000e000d
01000000
01050012
02100015
00080000
00000500
00000200
0a000000
0c00002b
00070000
00040000
00000000
06000000
0f000000
00002000
00000000
0000000f
000d0000
00050000
0e001b00
00000000
00000000
00000000
0100000e
00000000
00000300
00000000
00060000
03000000
00000000
00000000
00000400
00000000
00000000
010c0004
0001000c
00160000
05000900
00000600
00000000
120c100f
00020000
00000000
00000000
09000000
28000000
00002100
00000000
0003001b
000a0000
00000000
0e0b190d
000a000a
00000000
00000000
00000005
00000000
00000200
01000000
00030100
00000000
00000200
00000000
0000000e
001a0000
00000000
0e0e000b
00000007
00000900
00000000
00000000
00000007
050f0e18
00030010
00000000
00000000
02000000
29000001
00000000
00000000
000a0000
00000000
00000100
00011201
010a000f
00030000
00000300
00000000
00000000
00000000
00050300
00020300
00000000
00040000
00050000
00000105
071d0000
00000000
150c0009
0000000a
00000000
00000600
00000000
00000002
0103001b
00180018
00000000
00000000
00000000
2b000000
00000000
00000000
00010000
00000000
00000b00
09001506
0c01000c
00130008
00000000
08000300
00000000
00000000
00110000
00050000
00000000
000a0000
00120000
00000008
06190005
00010000
05190004
00000000
00000000
00000a03
00000000
00000000
00000016
0002000e
00080000
0a000000
00000000
26000000
11000000
00000000
0c000000
0000000a
00091000
0e000100
01000900
00000001
00000000
0f000000
00000000
01000000
0009000c
000e0000
00120000
00080000
000c0000
00000002
00090000
00000000
01190900
00000000
00000000
00000200
00000700
000a1300
1719001b
00000000
000f0000
0a000000
00000000
23010000
11000800
00000000
11020012
00000004
00000000
0b000000
0000010b
00000000
00000000
0b000000
00000000
00000000
00060016
000c0000
001a0000
00000000
00000000
00000000
00000000
00000000
15110c06
00000000
00000000
01000b07
00000700
00110900
21330023
00000000
0005000e
00000000
00000000
13000000
00000000
00000000
020a0009
00090000
00000001
00000126
00000017
00020000
00000000
02000000
00000000
00000000
00020400
00000500
00070000
00000000
00000001
00040000
00000000
00000000
15000512
00000002
00000000
02000000
00000000
00000000
1623000d
0000000d
00000005
00000000
00000000
05000000
00000000
0c000000
00050000
00030000
00000f00
001e0b1a
00000014
00100000
00000700
0c000000
00000000
00000006
0c000000
00000000
000c0000
00000000
00000008
0007000a
06000000
07000000
03000011
00000000
00000000
00000001
00000000
0a000000
00080007
00000003
00150300
03000000
00000000
09000000
00000009
0a000000
04000000
01000000
00081600
001c0600
0201000b
00000000
0004000b
1a000000
00000000
00000006
06050000
0000000a
00100000
00000000
010a0008
0000000b
12000000
04000000
0014010c
00090000
00000000
06030000
00000000
09000000
00020004
00000000
0009030b
01000000
00000000
12000400
00000020
10000000
00000000
04010003
00020c00
07030000
00060008
00000000
00000a00
16000000
00000200
00000002
000b000b
00000005
00240000
0a000000
00070000
00000d00
0e020000
07000000
00140300
00000000
00000000
02000000
00020000
00090000
00020009
00000002
000c000c
05000000
05000000
07020000
0000000e
0e000000
00000000
0e000006
00000200
0008030f
00030000
00000001
07000800
10000001
07000001
08000000
00040600
00050000
00150000
00080000
00060000
00010700
05010000
01060000
090b0305
02000000
00000004
00000a06
00000000
03000000
00000001
02000001
02060000
0600000a
09000000
00050000
00000000
0900000b
00000200
07000000
00000000
0007070f
00000000
00000000
02020400
0e000000
06010009
0b000400
00000400
00070000
00070002
00070000
00060003
00040103
01000000
00070000
02080008
08030003
09000403
00000a00
00000000
07000000
00000004
02000003
02100000
0600000c
0e050000
09080005
00000000
0b00080a
0e000200
12000003
00080002
000c0b0a
02030000
02000000
04000000
14030307
03080a11
0d050200
000a0000
00050000
00000007
03050103
000b0008
00050507
130a0000
02040100
09010100
0d0d0008
03020b02
00060803
02000600
0b000000
08030000
05000004
05090001
09000000
0c080a00
00090600
00070000
01001200
04080000
01000009
00180000
02100000
05000000
00000902
0d0a0000
10000000
000e000b
00030c00
0000000b
00030000
02111406
00020002
00120007
00000102
00190000
0309040c
09000e00
00000100
0600001a
00090c0c
000b0000
00000000
00000007
0a000000
13050000
00000000
00040000
00050000
00000005
00000c00
00000000
00000300
00000000
060d0005
08000000
00000003
01050000
00000000
00000008
00000000
04000001
00000000
000a1300
00000000
00060008
00000000
0f000000
00000000
01000f00
00000000
00000000
00040c00
00000008
02000000
00000005
00000000
08000000
00000009
000d0000
00000000
00000010
00000600
01000009
08040400
00001400
0014000b
1a000000
00140003
00090b0d
00000000
00000000
00000000
02000000
00010003
00000200
04000000
00070008
0000000e
09000007
01000000
02000500
00080000
00000000
00000200
0100000c
0c000000
00000000
00000000
00000000
13000003
00070006
00000000
00000000
00100000
0001000c
00100000
00110a00
07000000
11000000
00000800
00000018
0a080700
00000700
00000000
00080000
08000400
00000204
0000000b
0d180007
0000000c
00000300
00000017
00000400
00000000
00000e09
00030900
00000300
00000007
00000000
17000000
04000000
10000003
00000000
00000000
00000007
00020000
0000000a
00090100
000a0000
00000000
00000000
00000404
00050007
00000103
00000000
15000011
00010000
00000000
00000300
0a000001
00130000
00000000
070e0000
00000009
00000600
00000000
00000901
00061000
00000002
00000005
0000000b
00000000
0d000000
0000000a
00000400
00000000
00000008
00000800
00000007
00000005
00000000
04100002
0f000000
0000000a
05070000
00000000
00000006
02000000
00010000
00040000
00000000
00000000
00100005
00000500
060b0000
00000000
00030a00
00000006
00000f00
00010a04
00000001
09000000
00000407
00050000
07040000
01000012
05020000
00050000
00000003
00000f00
03000007
00010608
00000004
01080409
0f010000
0000000a
09000300
00000004
00040001
00000000
00090c00
000d0005
00000100
03010000
000d0003
00000706
05050001
00000000
00000700
05010003
02001600
00050900
00000000
03000000
0000020a
00030000
080d0000
00000012
0a030000
00050000
00000000
01000800
08000000
00010606
00000009
00000407
0d000000
00000007
0a000700
00000003
00090001
00000300
000b0d00
000c0003
00030200
06020000
000b0006
00000a06
0a000000
00010000
00060500
0a010005
09001300
00080500
00000200
07000000
00000007
00000000
08130000
0000000e
0c030100
00070000
00000000
05000100
08030000
01010603
00020008
00000505
09000000
00000003
07000800
04000003
00090001
00000400
000c0a00
00090201
00040300
04070001
00090005
00000b06
09000000
00040000
03080200
0f010003
0b000e00
000b0200
00000400
0a000000
00000006
01000001
07150000
00000007
0e030100
00050001
00000000
04000002
09030000
05000905
00040107
00000307
05000000
00000001
07000a00
08000000
00080004
03030600
000b0a00
01060100
00050102
040c0004
00060004
00000a08
0c000000
00070000
080a0500
0e020204
0b000a00
000b0100
00000400
0d000000
00000006
00000000
09130000
00000007
0f060000
00060003
00000000
06000005
06010101
04000408
00020205
00010506
03000000
00000000
07010900
0c000000
01050009
04050800
000a0900
02050300
00060106
070f0005
00030007
00020608
0a000000
00080000
0a070800
10010903
0c000a00
000a0000
00000500
0b000000
00000004
02000000
08140200
00000006
0e060100
00060004
00000002
06000303
08010200
0600030a
00020206
02020405
03000000
01000000
08000a00
0c000000
03070008
04070900
000b0a04
04040300
00060207
08110005
00030005
00020609
09000000
00090000
0b050a00
11010a04
0c000800
000a0002
00000600
0a000000
00000007
01000000
0a160200
00000106
0e070200
00070005
00000002
07000204
08030200
0800040a
00020406
02020407
04000000
00000000
09010b00
0c000002
0407000b
03060a00
000c0802
04030400
0006030a
08100005
00000006
00020408
08000000
00070000
0b060b01
13010b03
0c000a00
00080003
00000800
0b000000
00000005
02000000
08160100
00000006
0e060200
00070005
00000000
05000101
09030200
0800050a
00020307
01020609
05000000
00000000
09020d00
0c000001
01070009
04060700
000d0903
03030500
00050308
060e0002
00020008
00010608
07000000
00060000
0c060801
12000a05
0b000900
00090003
01000900
0c000000
00000006
00000000
07160000
00000007
0e050100
00070004
00000000
05000001
09020201
0500030b
00010207
00000709
06000000
00000000
08020a00
0d000001
00070009
04050900
000b0a02
02040400
00040207
070d0103
00010008
00010607
09000000
00080000
0c060600
10010804
0a000900
00090102
01000800
0b000000
00000007
01000000
09130000
00000006
0e050200
00060005
00000000
07000102
06030102
0500030a
00010307
01010407
05000000
00000000
08000900
0f000001
02060009
02060900
000b0802
03030500
00030207
080e0105
00010006
00010508
0a000000
01090100
0c070800
10010903
0b000a00
00080203
01000700
0b000000
00000208
03000000
08130000
00000007
0e070200
00070005
00000001
08000003
08040003
0700040a
00030508
02030107
04000000
00000000
08000a00
10000000
01060009
02050800
000b0703
04050400
00030306
080f0306
00020006
00000509
0a000000
04090100
0a070900
10030803
0c000800
00090302
00000700
0b000000
00000000
08000008
040c0000
00010009
0f000000
00080007
00000000
0c000000
09010002
0300000a
00010108
03000104
08000000
00050000
060a0600
16000000
00020006
00000200
00130404
04040500
00040403
010b0400
00050005
00000705
01010005
060d0503
09060006
0d050008
0a000703
00060a09
00000208
06000004
00000000
00000008
00000000
0000000a
07000000
00060002
00000000
00000000
04000000
00000112
00070001
10000b01
17000000
00000000
0314000d
1c000004
00001400
07000000
000c0000
00010300
00000000
00000000
00000002
00000000
00000013
17000102
07000001
00150006
00060500
00000e07
00000000
0b000000
03000000
00000000
07000000
00000709
02090006
00000006
00003100
00000000
00000012
00010000
000c0000
1f000800
00000000
00000000
000e0006
0f000018
00000700
00000000
00000000
00000000
0f00000c
00000000
00000000
00000000
00000000
00000000
0f0d0000
00130000
00150900
00000000
07000000
00000000
0d0e1500
00000000
07000000
00000006
00070000
1d000003
00002b00
00000000
00000026
00000000
00000000
1c000200
00000000
06000000
05050000
00000016
00000000
03000100
00000000
00000000
0a000000
00000700
00000000
00000000
00000000
00000000
28200000
00000005
00071100
06000000
00000000
00000000
092d2000
00110000
07000000
00000000
02000000
28000303
00000000
00000000
00170016
00000000
0000000b
17050d00
05030000
00130008
0b000001
00000000
00000000
00000400
00000a00
00010000
0e000000
00060600
00000000
00000000
00000000
00000000
281d0700
00000000
00000d00
13000000
03000000
00000000
0a1a3000
00160000
00000000
00000002
01000000
1d000001
00000000
00000000
001b0007
00000000
00000000
19002113
0f00000c
0038000b
0a000000
12000004
00000000
00000000
00000000
00010000
09000000
00000a00
00000000
0000080d
00000005
00000000
0c1b0f00
00000000
00000a00
10000000
01000000
00000000
00000200
00000000
00000002
00000000
00000000
1e000000
0b0a0000
00000000
00000000
00050016
00250000
26000c13
12000e00
00000004
0000000a
19000700
00000000
00000000
00000000
03070000
00000000
00000000
00110000
0000000d
000c0000
00000000
00081200
00000000
000f0000
00000000
00030500
00001300
1e000000
01000000
00000000
14000000
00030000
1d000000
31011100
02000000
00000006
00050000
000d0000
23000000
00000600
00000005
00050002
00000e09
00000000
12002100
00030019
05100000
00000000
00000000
0a000604
00000000
000c0000
02000000
03001200
00000000
00000000
0000100f
00090800
000c1f00
4d150040
04000000
00000000
23000000
00000c00
17000000
00000000
00000000
0023000f
001a0000
00000000
19000000
00020000
00000000
00000000
00000900
00000000
0400140d
00000000
00000000
00000000
00000000
09000000
00000000
00000000
00000000
0d000d00
00000000
00000000
00000900
00000000
00000000
3540001b
00000000
00000000
00010000
00000000
0f000000
00000000
00000000
0027001a
001e0000
00000000
0d000023
0000000f
00200000
00000000
00000100
00000000
00000001
00010000
00000000
00000000
00000000
0b000000
0000000f
05000000
00000001
09000204
00000000
00000000
00000007
00000000
0e000000
06160000
00000000
00030008
07000000
00000000
00000000
00000000
00050000
00050000
001a0000
00101500
0b170018
0200000c
00010000
00000013
15000000
00000000
00000004
05060000
00001b00
00000000
00000000
11000000
0000000b
09000000
0000000e
00050012
00000000
00000000
00000000
00000000
00000005
00000000
1b000000
00080000
01000000
00000000
0c000000
00000007
07050000
00000000
00100000
000b0900
0b110000
00000000
00000900
00040011
00000000
00000000
05000010
07040000
00000001
00070004
10000000
02100000
00000000
1c000000
02000000
00050700
00000000
00000000
04000000
00000000
07000500
00040008
00000000
000e0010
00000000
00000000
27000000
00000010
0e000000
09000000
0908000c
00000000
00000300
000c0000
00000001
00000000
00000000
00000000
0402000c
00000000
00000000
001b0000
07000000
00070000
00080000
10000000
00030000
00090d03
00000000
00000000
00000500
00090000
18000000
00000006
00000000
0001000c
03000000
04000000
05030000
00000000
10000001
00000000
07000002
00000000
00000903
00000005
03000001
00000600
05000000
04040007
00000005
00000600
00050000
000e0000
00010000
00000000
00040000
00000000
00040000
000d030d
0e000000
00000003
00000700
00000000
00000000
00000007
0100000b
000d0000
06000007
0b000000
02080005
00000000
0a00000a
07000000
11000000
00060000
000a0c13
00070000
02000000
00000000
11010004
0303080e
0c020100
00080300
00060004
00030006
00010102
00090004
00050806
13070000
00050000
06040200
10130002
00010701
00060a03
01000300
08000000
03000a02
0c000000
0b000002
0400000d
07000300
00060000
00000202
00001100
00000801
0b000007
000d0007
00120007
06000000
00000a0c
0a110000
0b000003
00100011
00060400
00000000
030c0000
03001706
00000001
00190007
00000506
00100000
00000a00
00000e00
0200000d
06000d08
00090c04
03000000
00000000
00000006
03000000
0c000000
0000000b
00000000
00070000
00000004
00000000
04000003
00000100
00000000
00080004
11000000
00000008
00010000
00000000
00000010
00000000
00000000
00080000
00000700
00000000
00060004
00000600
0e070000
00000000
00030700
06000008
00000500
00000800
00000003
00000000
00000000
00000000
00000000
00000001
000d0000
00000000
0000000d
00000000
03000009
13000b00
00001000
00050002
16000000
00120000
00061108
00000300
00000000
00000000
02030000
00040000
00080000
06000000
00010005
0001070a
07000001
00000000
00070000
00000000
00000000
00000500
00000004
01000000
00000001
00000000
00000000
0a000000
00080000
00000000
00000001
00090000
05000000
00000000
000a0500
00000000
03010000
00000000
00000107
09000000
00000700
00000000
00010000
00000000
00081010
00000001
0918000e
0000000c
09000000
0000000f
00020300
00000000
0000020f
00000800
00000000
00000006
00000003
11000000
01000000
06000002
00000000
00000000
00000009
00000000
00000000
04000000
00000000
00040000
00000000
00000000
00010000
00000001
00000000
13000011
04030000
00000001
00000c00
07000000
00090000
00030000
15000000
02000006
00000800
00000000
03000800
00050b01
0000000c
06000001
00000003
00000000
08090000
0000000a
04030000
00020000
00000000
01000600
09000000
00000005
00000001
000a0700
10000000
00000000
0b020300
00000000
01050011
01000100
00080100
000a0000
00000500
00000000
00050005
00000800
0e000003
00000000
01020303
05040000
02000c00
00060403
0000000a
0d000000
00000006
02000002
07130000
0000000a
0a070100
00060000
00000000
03000401
08010000
05000607
00020109
00000203
08000000
00000002
0a000a00
04000001
02060006
01020500
000a0a00
00060000
00040304
050a0203
00080004
00000a05
08000003
00040000
04060601
0c000203
0b000800
00080200
00000400
0c000000
00000008
00000000
09140000
00000006
0d090000
00060003
00000000
05000104
08040000
0500060b
00030108
02010405
07000000
00000000
09010a00
09000001
0106000a
04050600
000a0900
02050200
00050207
050c0305
00050005
00000706
07000000
00050000
07090801
10030402
0e000900
010a0100
00000700
0e000000
00000106
01000000
07130000
00000005
0d080100
00060003
00000000
03000002
06030001
0400030b
00030206
02010708
06000000
00000000
08010b00
0b000002
00070006
04040700
000a0800
03040300
00040207
060d0505
00030005
00010807
07000000
00060000
09070801
12000302
0c000a00
01090100
01000700
0c000000
00000104
02000000
07140000
00000006
0e070100
00060002
00000000
04000002
08020101
0400030a
00020205
0000080a
06000000
00000000
06000900
0c000001
00070006
03040800
000a0900
01030200
00030205
050d0504
00040007
00000907
0a000000
00060000
09070700
11020301
0a000b00
01090100
01000600
0d000000
00000106
01000000
07130000
00000006
0e050200
00070003
00000000
06000102
07020001
05000409
00030207
0000060a
05000000
00000000
07000a00
0c000002
02070007
04060800
00090900
02050400
00040204
080e0405
00040005
00010807
09000000
00070000
0a070800
11030501
0c000a00
00090100
00000800
0c000000
00000108
01000000
07130000
00000007
10060200
00070004
00000000
07000204
08010000
06000509
00040306
00020509
04000000
00000000
09010a00
0b000002
01070009
03060700
000a0900
02060300
00040306
080f0305
00030007
00040709
09000000
01080000
09060a00
10030603
0d000b00
010a0002
00000700
0c000000
00000005
02000000
08130000
00000004
0f090300
00080004
00000000
08000305
08010201
0800040b
00040206
00040408
04000000
00000000
09010a00
0c000001
0207000a
02080800
000a0800
04040300
00040409
080f0507
00020006
00040608
07000000
01080100
0a050902
10010803
0c000900
010b0103
00000600
0b000000
00000004
02000000
09130000
00000006
0f0a0300
00080004
00000000
06000204
08020201
0600020a
00030108
03030407
03000000
00000000
09030c00
0c000001
02070009
02080800
000a0802
05040500
0003030a
06100608
00030005
00030608
07000000
00080000
0b070801
10020703
0d000800
030a0200
01000600
0d000000
00000104
00000000
09140000
00000007
0f090200
00080005
00000000
05000404
07010200
0400040c
00030207
0100060a
05000000
00000000
09020b00
0b000001
01060109
03060800
000a0700
02030400
00020308
060e0507
00020006
00000507
06000000
00080000
0b060700
0f010501
0d000800
03080200
01000700
0b000000
00000103
02000000
0a120000
00000007
0f070200
00070005
00000000
07000405
06010200
0400040b
00030308
0202050a
05000000
00000000
09000a00
0c000002
0007000a
02050b00
00090600
04040400
00020308
080e0307
00020008
00010508
06000000
00090000
0b040700
10020501
0e000800
02090300
01000600
0b000000
00000206
05000000
07130000
00000007
10070300
00070005
00000000
07000105
07030102
06000409
00040708
03030309
06000000
00000000
09010a00
0d000001
0007000b
01040a00
000b0600
05050300
00020407
080e0406
00030006
00010509
09000000
030a0100
0a060700
10030602
0c000901
02090501
01000600
0c000000
00000000
0a00000d
030d0000
01000006
11000200
00060007
00000000
0a000004
09000000
0100000a
00000107
00000004
04000000
00050000
040b0600
17000000
00040007
03000500
00160601
03060100
00050806
03090405
00040006
00000a04
02000003
040d0502
0c060005
1108000a
0b000503
020b090c
0000000a
0d000008
00000000
0000000c
00040000
00000005
05000000
00060000
01000200
00000000
05000000
0000001c
01000000
0000060c
09000105
00000000
000c0001
1f000000
00002400
12000000
00120000
00070b00
00050300
00000000
00000002
00000100
0000000d
0b020900
09000000
0c1c0000
00000000
00031004
02000001
19000001
00000000
00000000
15000000
00000602
00020000
00000000
00003500
0c000000
00000000
0000001d
0a000000
00000000
00000500
0e000000
04040000
0e000001
00011700
11000005
00000000
00000000
00000000
00000007
00000000
00000000
00000000
00000000
00000000
00190000
000b0000
00000000
04000000
04000000
00001000
00000800
03000000
000d0500
000e0000
00000000
00002300
0f000000
0000000b
00000000
00000000
11000000
00000000
17000000
0e060000
00030005
00000000
00000000
00000000
00000000
00000002
07020700
00000000
00000000
00000000
00000000
02000000
00000000
0d000000
0a000000
05000000
00000000
000a0000
00120b00
00000000
00090000
00040000
08000008
00000000
10000000
000e0000
00000006
00000012
1b000000
04090000
06170000
23000000
06000000
00000000
00000000
00010000
01000000
06000000
00051600
00000000
00000000
00000000
00000000
0d000300
00000000
1c000000
04000000
09000000
00000000
000d2900
0a0a0a00
00000000
00040001
00030100
07020009
00000000
09000000
00240000
00000000
000d0000
19000700
00000000
00300000
28000000
1e000000
00000000
00000000
00000000
00000000
0a000000
00000000
00000000
00000019
00000000
00000000
00000f00
05000000
13000000
05000000
0b000000
00000000
04000000
00000000
00000000
00000000
03000000
001c0000
0c030000
00000000
02000000
0000000c
00230000
0900060e
00000207
00000015
07020000
29000500
00000000
0d000000
00000000
00000300
00050000
00000000
00160000
00000031
00000000
0a000007
00001300
00000000
00000000
00000700
03000000
00000d00
12000000
00010000
00000000
00000000
02010000
010a0000
120b0f00
00000000
00001300
00000000
00100000
00000000
00000701
00000039
001b0010
00001600
00000000
1e000005
00050000
00050000
00000001
00000000
0000000a
00000000
000d0000
00000005
00000500
0000000a
00000000
00000238
00100000
00001400
0f000000
00000000
00000000
00000000
000c0d2d
10000002
000a0400
00000000
00060000
00000000
00000000
05000000
00000000
0005002f
00000004
00000f09
00000000
00000000
00150001
00000000
00000020
00000000
04000000
04000000
00000000
00000000
00000000
0000000c
00000000
00001b58
000a0000
00001300
191c0000
00000000
00000000
08000000
00072619
0e000000
00070000
00000000
00460005
00070000
00000000
22000000
00000000
002b0000
00000000
0007000d
00000000
00000000
00070000
00000000
03000006
00000000
12000000
00000000
00000000
00000004
00000000
00000000
00000000
0000002d
00031700
00000000
1c2c0000
07000000
00000000
0c000000
00000306
00000000
00010000
00000000
001c0016
00270000
001d0000
1f000021
00000000
00000000
00000000
00000000
00000000
00000000
15000000
00000d00
00000000
00000000
12000000
00000013
00000000
00000019
00000000
00000000
00000000
00000000
00000500
00000007
00000000
1a000000
00000000
00000000
00000000
0a000000
00010000
00000000
00000009
00110700
00120000
04020010
00000000
00000003
0012000c
00000000
00000000
08000000
1f000000
00000000
00000011
00000000
040c0000
00000000
1a000000
00000000
00010102
00000000
00000000
00000000
00000002
04000000
0000000a
00000000
00000000
05000000
00000000
3d000000
00000000
00000000
03000000
000b0000
00000000
00090000
00020000
00000005
0010000c
00000000
00000000
01000000
00000000
00000000
00000005
00000000
0011000b
000a0002
0b000000
00000000
0015000a
000e0000
00000000
00000600
00000000
21000000
00030001
04000000
0000000d
05000000
00000000
35000000
00000000
0b000000
01000000
00000005
00000000
00000f00
00000001
00000005
00000101
00000000
00000000
00000006
00000000
00000000
00120000
00000000
000a0000
00020007
00000000
00000000
000b040d
00020000
00000000
00000d00
00000000
0e000000
00000001
00000011
00000013
07000000
06000000
0a070004
00000000
11000004
01000000
0d000000
00000000
00000e14
000b0008
05000003
00000000
0c000301
03000006
0b010009
00010900
000a0004
000b0000
00000000
00070000
00000002
0e060000
00000002
06060107
0d0e0000
00000008
00000502
00000000
08000000
00000601
0d000003
06050001
02000010
06090300
00060000
00000000
05000800
08010300
1200000d
000c0005
000b0704
01000000
00000403
0c080400
0f000002
00160013
00000000
00000000
000b0000
01010d00
00000006
00070006
03000901
000f0000
01000800
00000700
0400000c
0b000a00
00010205
00000000
00000000
00000005
00000000
0c020000
0000000b
01030000
00000000
00000000
06000008
0a000000
00000400
00000000
00000200
11000000
00000000
02040000
00000000
0000000e
00000000
00000000
00060000
00000000
01000000
00040009
00001200
05000000
00000200
00090000
07060000
05000400
00000000
0000000c
07000000
00000000
00000000
00070000
00000000
00000000
00000000
00040000
04000000
07000000
04000002
00000b00
000b0000
25000000
00030000
000e1202
00000100
00000000
00000000
00000000
00000000
000b0100
07000000
00100014
00000908
00000000
00000000
00000000
04010000
00000001
00000001
0000000b
00000000
00000007
0b000001
00000000
1e000000
00000000
00000000
00000006
00060000
06000000
00000000
00000c00
00000000
0c080000
00000002
00000701
00000500
0000060e
00081517
00000000
01010000
000a100e
00000001
0520001a
00000010
0f000000
00020001
00000400
00060005
00000013
000a1400
00000000
03000000
0000000c
0c000000
040a0000
11000000
00000000
00000000
0000000f
0000010a
00000000
02000400
00000000
00000000
00000000
00000001
00000700
00000000
00000007
0d00041c
01020000
00010000
00040d02
0300000a
00040000
00020000
21000000
03070001
07000900
06000000
00000000
00070a00
00020002
18000000
00000005
00000000
0b100000
00000004
0a0a0000
00050000
00000000
00000505
05000000
06000609
00000005
01040403
0d000000
00000000
0a050b00
03000000
02040010
05040100
00090000
00020000
00030605
00060001
00000005
00060900
0f000000
00030100
07090701
0b070301
08000700
00090000
00000103
13000000
00000006
00000000
08130000
00000008
0d080000
00060003
00000000
03000004
07000000
0600040b
00010206
02010307
07000000
00000000
08030b00
0d000000
01060008
01050400
000a0600
00040000
00050106
050e0003
00030005
00020707
06000000
01080000
0a070602
0f020602
09000900
00090001
00000300
0c000000
00000004
01000000
08130000
00000007
0d080000
00070004
00000001
05000003
07000200
0700030b
00020206
02010308
05000000
00000000
08020b00
0d000000
03070009
01040800
00090a00
03050200
00070207
050d0306
00010006
00010605
06000000
00070000
0a060702
10030604
0b000a00
00090200
00000500
0b000000
00000105
02000000
0a120000
00000007
0d080100
00050004
00000000
04000003
06020001
0700030a
00030107
03000405
04000000
00000000
08020900
0c000001
03040007
04040700
00090800
02040300
00060208
040d0406
00010004
00010508
07000000
00060000
0b060901
11000404
0d000a00
02070100
01000500
0b000000
00000104
01000000
09110000
00000007
0d0a0000
00060003
00000001
03000202
07000203
0600030b
00020108
02000408
05000000
00000000
07010a00
0d000000
03050007
03050500
00090a00
01030400
00050207
050e0306
00010006
00000609
08000000
00050000
0a060901
12000404
0c000900
03070000
00000600
0b000000
00000006
01000000
09120000
00000008
0e090000
00070003
00000001
06000202
08010202
0600010a
0002020a
02000507
06000000
00000000
07000b00
0d000000
02060008
04060700
00090a00
03040500
00040208
060e0205
00020007
00010609
09000000
00060000
0b050a00
12020505
0b000900
01080000
01000700
0b000000
00000107
01000000
08140000
00000009
0e090100
00080005
00000000
06000102
08020301
0600040a
00030209
02000509
06000000
00000000
08010a00
0d000002
02060009
03060700
00090a00
03050600
00030309
060d0306
00020007
00020709
07000000
00060000
0a060900
11020705
0c000a00
03080002
01000800
0c000000
00000005
01000000
08130000
00000009
0e060100
00070004
00000000
05000102
08000202
0700030a
00010109
0300040a
06000000
00000000
09010900
0c000002
03060009
02060800
000b0a01
02030400
00040207
060e0206
00030007
00010709
07000000
00070000
09050800
0f010705
0a000a00
00080003
00000600
0b000000
00000004
01000000
08110000
00000009
0d070000
00070004
00000000
05000103
07000202
0600040a
00030108
05000207
05000000
00000000
07000a00
0c000001
0405000b
01060700
00090802
02040200
00050105
060e0107
00010005
00010507
05000000
00070000
0a060902
0f010902
0b000800
00060200
00000400
0b000000
00000005
01000000
08130000
00000009
0e080000
00070004
00000002
06000403
06000202
0700030c
00010208
04010209
05000000
00000000
09030a00
0c000000
0206000c
01060700
00080800
02040000
00050205
040e0305
00020005
00020608
03000000
01060000
09050700
0f000703
0b000700
00070200
00000400
0a000000
00000006
02000000
08120000
00000008
0d090000
00070002
00000002
04000304
07010203
0400020c
00020307
03010408
06000000
00000001
09000800
0d000001
0106000b
00060700
00080700
03040000
00030207
050c0305
00020006
00020709
06000000
00080000
09040500
0f020603
0c000900
00070400
00000500
0d000000
00000209
03000000
08120000
00000008
0f080200
00070001
00000004
05000105
06020204
0700030b
00010508
0104040a
05000000
00000001
08020900
0d000000
0005000a
00040800
00080600
03030000
00030407
060c0205
00030006
0004080a
07000000
01090200
09070600
0f030602
0d000a00
01080600
00000400
0c000000
00000000
0a000010
02100000
01000008
0f000100
00090003
00000000
08000003
0c000000
0600000b
00000305
00000005
05000000
00070000
040b0700
15000000
00030207
02000300
00160800
04040200
00080706
030e0005
00070005
00000b05
02010005
050d0701
0e0a0000
140b000a
08000604
000f090b
0000000b
0c000007
00000000
0000000a
00050000
00000004
08000000
00040000
05000000
00000000
00000000
00000018
00020000
00000809
09000000
00000000
00090000
18000000
00002902
09000000
00100000
000a0a00
00050000
00000000
00000000
00000400
0000000b
08080900
04040000
0f230000
00000500
00090600
02000001
14000000
00000200
00000000
1d010000
00000000
01000000
00000000
00002d00
08000000
00000004
0000000f
04070000
00000000
00000500
0f000000
04000000
01000000
00000808
19000001
00000000
00000000
00010000
09000000
04000000
00000000
00000000
02000a00
00000000
02110000
00150000
00000000
03000000
00000000
00000500
00000100
00000000
000e0000
00000000
00000000
00001400
00000000
00000009
00000000
00000000
00000000
00000001
28000000
08020000
00000000
06000000
00000000
00000000
00000000
00000000
02180300
04000000
00080000
00000000
00000000
00000000
08000000
00040000
00000000
01000000
00000000
00000000
00001200
00000000
00080000
00000000
0000000a
00000000
02000000
00000000
00000000
00000007
00000000
0000000a
1e180000
12000000
00000000
00000000
00000000
00000a00
00000000
00000000
00170700
00000000
00000000
00000000
000e0000
00000000
08000000
03000000
00000000
05000000
00000000
00000700
0e001300
00000000
00110000
00000000
00000000
00000000
06000000
00040000
00000200
000f0000
00000300
00000000
002f0000
1d000000
0b000000
00000000
00000000
00000000
00000000
00000000
00000000
00000000
00000017
00000000
05000000
00000000
11000000
0000000d
00000000
07000000
00000000
04000000
09000000
000d0200
00000000
00000000
00100000
11000000
00000000
11000000
06030000
001d0000
00000000
00000b00
0000030b
08180000
21000a00
00020000
00000000
00000013
11000000
01100300
00000000
000d0006
00000031
00000000
0f000e05
00070600
000c0001
000d0000
0000000b
00000905
00000800
01000000
00120000
000a0016
00000007
00000000
000e0000
00000600
00000000
0b000000
05000000
00050000
0000000b
00001703
0000001c
00160012
05001b00
000a0000
07000000
00040000
001f0000
00020000
00000000
00000000
00000000
00020000
00000000
00000012
00040008
00000600
00000036
00000005
00000100
02000000
000b0000
00020000
0000000a
00000000
00120000
00130000
00000000
07000000
00000000
00000000
00000002
00000010
0500001d
00000006
00001b01
000c0000
00000000
00140000
00000000
00000000
00000000
00000000
00000000
00000000
00000000
00000014
00000007
00000e00
00000121
00070000
00001000
09000000
00000800
00000000
00040000
00051432
00000003
20150000
00000000
00351400
00000000
000d0000
00000000
00000000
001a001d
00000000
00000c15
00140000
00000000
00050000
00000000
00000023
00000000
0e000000
00000000
00000000
0000000f
00000000
00002100
00000500
0000033b
00030700
00000a00
00140000
1c000000
00000000
12000000
00001b16
09000000
18100000
00000000
00170000
000d1e00
00140000
08000000
00000300
00000008
00000000
00000002
00000000
00000006
2b000000
00000000
00001625
00000000
0f00000c
00000020
09000000
0000000f
00000000
00000000
00000000
000f001f
00000000
10000000
00000000
18000000
0000000e
0b000005
00000000
00000000
00000000
00000000
00000009
00050600
00010000
00000001
00000000
00000008
00070006
00000000
00000000
0c000004
22000000
00000002
00000000
00000000
00000000
0000000b
15000000
00000001
0005000b
00000000
00000400
00010003
00000007
00000000
00000009
00000000
03000000
03000004
00000000
29000000
00000000
00000000
00000000
04000000
00000300
000f0000
00000000
00000009
001c070e
00000005
00000000
01000000
00050000
00000004
00000000
00000000
000c0002
00000000
1c000000
00000000
00180018
000a0000
00000400
00000000
00000013
09000000
0003000d
02000000
00000000
0a000000
00000000
55000000
00020000
00000000
00000002
00050000
00000000
00001000
00030000
000a0002
0000000b
00000000
00000000
00000000
00000000
00000000
00020000
00000000
00200003
00000007
0e000000
00000000
00090012
00020000
00000000
00000300
00000000
14000000
00000001
03000003
00000014
0a000000
00000000
32020000
00000001
08000000
08000007
0202000b
00010000
0000120a
00090003
0007000d
00000008
00000100
00000a00
000b0005
00010600
000f0000
04120000
00000000
00130000
00000100
0d000000
00000000
0c020804
08050000
0000000d
00000f00
00080000
01020000
00000000
0c000004
010e0506
0600070b
07090700
00060000
00000000
05000000
09040000
11000010
000a0003
00080709
00000000
00010200
0c080500
14000000
00110011
02000000
00040000
00040000
00040501
00050000
00030006
03010c00
00030000
02000a00
00000300
05000102
0c000200
00010208
00000000
02000000
00000006
00000000
090c0004
00000004
07040000
00020000
00000000
05000004
06000000
00000200
00000000
00000204
07000000
00000000
05060000
04000000
00000013
08000000
00000000
00010000
00040000
00060000
0000000e
00020d00
07000000
00050500
00050001
0a030000
03000900
00000000
0000000d
0a000000
00030015
00000001
00060008
00000000
03000000
00000000
00000000
00000002
0b000807
00000000
00000900
0000000a
10000000
0000000b
00160901
00000000
00000000
01000000
00000000
00000000
00010600
07000001
0011000b
00000e06
02000000
00000000
05000100
0900000b
00010500
00000002
00000004
00000000
00000015
00000000
00000000
0b000000
00000000
00000000
00000004
00040002
03000511
00000000
00000000
00000000
00080000
00000015
00000800
00080400
00000103
00020000
00000000
00050000
00000b0e
0800000d
000d001a
00000509
0d000000
00010000
09000000
03000029
0000060d
00000c01
00000000
00000000
0000000e
04000000
09050000
09000000
00020000
00020000
00000008
0000000e
0000000c
0b000703
00000000
00000000
00000000
0000000d
00000800
00000000
07000000
00000002
00020000
00060000
00010402
0600000e
00000002
00030000
15000000
00030000
00060900
0801000b
00000200
00001100
00000000
0c000000
00000004
00000000
070f0000
02000007
06090000
00030000
00000001
03000006
07000000
0a000607
00000003
00040405
07000000
00000000
06020c00
08000000
01050008
00020000
00080200
00030000
00080204
01080005
00000006
00050801
08000000
00010000
070c0506
0b040002
0a000200
00060100
00000000
11000000
00000005
00000000
09110000
00000009
0d070000
00060002
00000003
06000004
07000500
0800000a
00000406
00050208
03000000
00000000
08030800
0f000000
03030005
03020500
00090600
00050300
00090005
040e0003
00030007
00050804
06000000
01060000
090a0807
0f000104
0a000500
01070002
00000300
09000000
00000002
01000000
08110000
00000007
0b070100
00070003
00000000
05000002
06000401
0700020a
00010307
0000020b
03000000
00000000
07010c00
0e000000
02050009
02050400
000b0c00
01040300
00070306
060d0406
00030007
00000904
06000000
00070100
0b050702
12000603
0b000500
02070000
00000500
09000000
00000003
01000000
0a120000
00000006
0c080100
00070003
00000000
07000001
0a010301
05000109
00020108
00000307
06000000
00000000
07010a00
0d000000
01050009
03050500
00090800
01050300
00060207
060d0206
00020006
00020707
07000000
01080100
0b060901
12010503
0c000600
03080002
00000500
0b000000
00000006
01000000
08120000
00000006
0c080100
00070002
00000000
06000201
09010102
0500020b
00000208
01000308
05000000
00000000
09020a00
0d000000
0006000a
03060500
000a0900
00030200
00030206
060c0205
00010006
00020607
07000000
01070000
0b050800
11010503
0b000600
02070003
00000600
0b000000
00000005
00000000
08110000
00000006
0c080000
00070002
00000000
06000203
08020302
0400020a
00000208
02000209
05000000
00000001
09000a00
0d000001
0005000a
02070700
000a0801
03030300
00010308
060d0306
00030007
00010608
08000000
00080000
0b060800
10030403
0a000700
04080103
00000600
0c000000
00000105
02000000
07110000
00000008
0b090200
00070003
00000000
06000103
08020303
0700030b
00020209
03020308
06000000
00000001
0a010b00
0e000002
01070009
01070500
00080800
04030300
0001020a
050c0608
00040005
00010608
06000000
00070000
0b060900
0f020502
0c000700
06060202
00000500
0c000000
0000000a
00000000
05100000
00000006
0d080100
00060002
00000000
05000003
08010103
0600020b
00010208
01000308
06000000
00000000
09030900
0e000000
0004000a
01040400
00090800
02020100
00030106
040b0405
00050006
00030608
05000000
01080100
0b070800
0e030303
0c000600
04070101
00000300
0c000000
0000000b
00000000
07100000
00000006
0d060000
00060002
00000000
06000000
07020001
0500030b
00010309
0100040a
06000000
00000000
08010800
0e000000
0204000b
00040600
00090700
01040000
00060103
060a0004
00040007
00030607
04000000
01080100
09050701
0f000402
0c000400
01080302
00000400
0a000000
00000008
01000001
07120000
00000006
0d070000
00070000
00000000
06000101
07010201
06000209
00010308
01000309
05000000
00000000
0a030900
0e000000
0006000d
01050600
00090800
04050000
00050205
050b0002
00040006
00030707
05000000
01080100
08050600
0f010603
0b000600
00090303
00000400
0b000000
0000000b
01000000
06130000
00000006
0e090100
00070000
00000000
04000202
07010001
0400030a
00010307
00000407
06000000
00000001
0a020900
0e000001
0105000c
00030600
00060600
02040000
00050205
060b0006
00020006
00030607
06000000
000b0200
09060500
0f030702
0d000600
00070300
00000500
0b000000
00000209
04000000
06110000
00000006
0d0b0200
00070000
00000003
05000203
06030104
06000409
00020407
01020207
04000000
00000002
08010a00
10000000
00050009
00020600
00070500
02030000
00060306
070b0207
00010006
0004080a
07000000
01090200
09090700
10040502
0d000500
00070500
00000400
09000000
00000000
0a00000f
000c0000
00000006
13010200
00090002
00000003
0e000003
0d000000
0600000c
00000404
00000002
04000000
000b0001
020e0a00
1a000000
00030005
03000100
001a0b03
03040501
00080403
040b0209
00070006
00000b05
00050003
060c0404
0d0b0001
110f0006
0a000408
080c090d
0000000d
0c000009
00000000
00000000
00000000
00000000
0d000000
00000000
03000000
09000000
10000000
00000f1f
00070000
00000807
0b000400
00000000
000a0004
1c000000
00002d06
08000000
000c0000
00060f00
00000000
0000000f
00000000
00000000
0000000a
0b000f00
00000000
0b250000
00000000
00000003
00000900
18000000
06000400
00000000
09000000
00000000
0d000000
00000000
00003300
12000000
00000000
0000000a
00090000
00000f00
00001600
16000400
00030000
01000800
00061417
0d000003
00000000
00000000
00000000
07000004
06000000
0d000000
00000000
00000000
00000000
001a0000
00070000
00000000
00000700
00000000
12000700
00000000
00000000
00090000
0e000000
00000000
00001700
00000000
00000000
00000000
00000000
00000000
00000000
2900000a
00000000
00000900
000a0001
00000000
00001400
00000000
00000000
070e1a00
07000000
13070000
00000000
00000000
00000000
07000000
00050000
00000000
00000100
00000000
02000900
00001200
00000000
00030000
0a000000
00000000
00000000
00000000
000f0000
00000000
00000000
00000000
00040000
2624000f
00000000
00000200
00000000
00000000
00000b00
00000000
00000000
00191c00
00000000
0c000000
00000000
00000000
00000000
0d000000
00000004
00000000
09000000
00000000
08000400
1f000c03
00000000
000d0000
16000000
00000000
00000000
00000000
00090000
04000900
000e0000
00000800
00000001
08290005
06000000
00000700
00000000
00000000
00000000
00000000
00000200
00000002
00000000
00000019
00000000
0e000000
00000000
1b000000
0000001b
00000000
0c000000
00000000
08000002
0b000000
001e0000
00040000
0d000000
00030000
0f000000
08000000
1b000000
00030000
00110000
00000000
00000c00
00000000
0a130007
1b001500
00000000
00000005
00000000
07020000
05000600
00000000
00090203
00000020
00000000
14000705
00000000
00000000
000c0000
04000003
0a001800
00000600
0f000013
00000000
001e0000
0c000000
00000000
00010000
15000b00
00000000
2a000000
00090000
00060000
0c000000
00001000
00000000
001c0007
07001e00
00000000
02000000
00040000
000c0000
00000000
00000000
05000600
00000000
00000000
0a000000
0f040000
00000000
00000000
00000005
00000800
00000000
280f0005
00000000
00240000
11000000
00000000
0001000c
17001700
00000000
00000000
00110000
00000006
1b000002
00000005
00070000
00000001
02001902
00000000
00000000
00120000
00000000
00000000
00000000
09000900
00000000
00000000
00000000
170b0000
00000000
00000000
08000017
00002200
00000200
121e0000
00000c00
000a0000
09000002
00000701
00000000
14100000
00000000
00160000
00000011
00160000
00000020
0000000a
000b0013
00000000
00000211
00000000
00000000
00000000
00000000
00000b03
00000000
0b000800
00000002
00000000
0000040a
00000200
00000d05
00000500
00000014
00001300
00000c00
00000000
1a000000
00000300
00000007
00000012
00000000
0d000000
00000000
00030000
00000700
02150000
00000004
0000000e
00000008
00000000
00000000
00000000
0000000d
1d000000
00000200
00001407
00000015
0000001d
00000014
00000000
00000005
00000000
00000011
00000c00
000b0000
00000000
00000000
00000005
17000000
00000000
12000000
00000000
00000300
00000000
00010001
06000000
00000000
00000000
00000000
00000503
00000005
00030c05
00000000
00000000
09000017
1a000000
00080000
00080000
08000000
0008000c
0000000f
11000000
00000004
000a0000
02000009
00000900
00050d00
00000003
01000000
00000010
00000000
00000000
04000400
00060000
15000000
00000000
00000000
00000000
00000000
00000100
07000000
00000000
0000000d
00070c0e
00000001
00000000
03000000
04070000
00000000
00000000
00000000
00080000
00000000
1d000000
00000000
00120023
00000000
00000f00
00000800
00000014
07000000
0005000b
00000000
00000000
00000000
00000200
43000000
00060000
00000000
00000000
00000000
00000000
05030000
03000000
000d0005
00040214
00000300
00000000
04000000
00050000
00000000
00000000
00000000
00190000
0000000b
12000000
00000000
0015001e
00000004
00000000
00000000
00000019
06000000
00000000
04000000
00000001
0b000000
00000000
43000500
01010000
00000000
0405000f
000c0010
00000b00
0a000a00
00060000
0008000d
00000513
00000500
00000900
06150000
000a0004
000e0000
0e0a0000
03000000
002e0011
00000a05
1f000000
00000000
09080402
04000000
0000000f
000d1e00
07000000
04000d00
00000000
0d000007
010c0008
0700060b
070a0a00
00040000
00000000
01000000
06050000
10000311
000a0004
000c0409
00000000
00020000
0b080300
16010000
000c000f
05000000
00010000
00040000
00020402
00050002
00060005
03020d01
00000000
04020e00
00010503
04000100
0d000400
00030209
00000000
06000000
00000006
00000000
0d0c0007
00000005
06030000
01050000
00000000
05000005
06000000
00000205
00000000
00000105
0a000000
00000000
06040000
0b000000
00000013
04000000
00000500
00010000
00030000
02090000
0000000f
00030c00
08000000
00060600
04030001
0e030102
03000700
00000000
00000007
0e000000
0000000e
00000000
02000000
00000002
05030000
00010000
00000001
0000000a
0200000b
01000001
00000200
00000006
05000000
00040004
000c0b00
0a060000
00000000
00050000
00020400
00070000
00030100
06060007
00000000
00000d05
09000000
00000000
0809080c
11000008
01000700
00000900
01000000
00000000
0000000d
00000000
00000001
03000000
00000000
00000000
00000000
00000000
00000004
00000008
00000800
00000001
00000000
0006000a
00000507
0e000000
00000000
00000000
00000000
00050000
00000404
04000003
0000000a
00010b08
05000000
00000000
09030702
02020004
00000709
00000006
00000007
01000000
00000008
01000004
00080100
07070000
00000000
00000000
00000005
0a000000
0e000000
09000002
00030000
00000000
00020000
00020008
0000090a
10000200
00000000
00000000
00070000
00040000
000e0000
0300000a
00090001
00040d00
0c000000
02090000
00150903
00000000
00000000
01000009
00000001
0a070000
00000000
04000000
040f0000
04040000
00010000
00000000
0000000a
12000000
06000700
03000503
00030000
00000000
00000000
00000000
03000900
10000000
00000000
01000000
000a0000
00000002
00140000
00010004
00030000
00091200
05000000
08080000
000e0411
00000500
00000000
06020305
00000000
08000000
00000003
00000000
0c100000
00000008
0b010000
00030001
00000006
0d000000
01000903
07000009
00000102
000a0006
00000000
00000000
0b050700
11000000
03000006
06040300
00060303
00030104
00080002
010c0002
00060006
00050502
07000000
070a0000
070d0b0a
0a040400
07010400
02060306
00000200
07000000
00000002
01000000
08110000
00000008
0c060000
00070005
00000000
08000003
06020205
0400010b
00000107
02010207
04000000
00000000
09020a00
0f000000
0206000b
03080400
000a0c02
01030500
00030206
07110305
00030007
00000603
03000000
01080000
09040702
11000901
09000300
01090003
00000600
08000000
00000003
02000000
08120000
00000008
0b040000
00080001
00000002
07000101
07010501
0600010c
00000006
01020309
06000000
00000000
09010b00
0d000000
01060009
02070500
00090a02
02020300
00010206
060f0005
00030006
00010606
05000000
020a0000
08040703
0e000803
08000400
00080103
00000400
0b000000
00000004
03000000
08120000
00000009
0a040100
00060001
00000001
05000004
05000502
0400020b
00000007
02010207
05000000
00000001
08030900
0c000001
00060008
00060600
00070300
02020000
00000209
080f0005
00010006
00040606
06000000
010b0000
07060601
0d030603
08000600
00050402
00000300
0c000000
00000004
02000000
070e0000
00000008
0c050000
00060001
00000002
07000004
05000403
0500000b
00000104
01010106
04000000
00000001
08020700
0f000001
00060009
00030500
00080600
02010000
00010007
060f0306
00000004
00050407
04000000
000a0000
09090303
0e030601
07000400
00060401
00000100
0a000000
00000006
07000000
030e0000
00000006
0b020100
000a0000
00000000
0a000000
05000000
0700010a
00000003
00000204
04000000
00030001
0b010400
14000000
00070105
01030100
00060700
00000000
0006000a
050d0604
00030002
000a020a
01000000
020c0000
07060608
08050300
05000000
00000902
00000000
0c000000
00000010
00000004
02110000
00010000
07060000
00080000
00000000
06000000
17000000
0000000f
00000007
00000000
01000100
00000000
06010200
16000000
00060a00
00020000
00050100
00000000
000a0004
090d0204
00000001
0015040a
00000000
000b0001
0b070c09
090b0a00
01000000
0000080c
00000000
10000000
010a0013
00000000
06130000
00010000
0e060000
00080200
00000200
09010200
0f070000
00000005
00070005
0001000c
00000004
00000000
03000000
17000002
00060000
00000000
000a0003
00000000
00120005
0b0c0000
00000000
00170600
00000000
000a000a
0a110b0b
0c000a00
06000002
00040c0f
00000200
01000000
00060004
06000000
0c0e0005
00000007
0d030000
00070000
00000000
09000000
00000000
04000906
00000007
00070014
00000000
00000000
0f060400
12000000
00020005
04000000
00060200
00000003
000a0004
03090000
0000000c
00120a00
00000000
01040200
08050400
0c000302
05000100
00010705
00000000
06000000
00000009
00000000
08100000
00000007
0d070000
00080001
00000000
05000002
08000104
07000008
00000206
0002040c
03000000
00000001
09040a00
0e000001
0205000c
02030800
00090600
03030100
00070006
020c0005
00040008
00040706
04000000
00080100
09080400
0d030303
0b000300
00070700
00000600
08000000
00000109
04000000
08120200
00000108
0e080100
00070002
00000003
06000002
07040003
06000409
00010406
03010307
02000000
00000002
09030b00
0f000000
00060008
00030700
00090400
03030000
00060305
080c0005
00020005
0001060a
09000000
04080100
08080700
0f050602
0d000400
00060501
00000501
09000000
00000000
08000012
040c0100
0001000a
15070000
00080001
00000002
0a000000
0a000002
06010008
0001050a
00000000
07000000
000b0000
030e0d00
18000000
00000704
07000100
00140a06
00040700
00070300
02020004
00040006
00000c09
01050009
06070501
0c090000
0e10000a
0a000304
0702000f
0000000f
0a000009
04000000
00000000
000b0000
00060000
16000000
00090000
0c000600
0f000000
0d000000
000b0014
090e0000
00000100
10000800
00000000
000e0000
11000000
00002404
0f000006
0010000c
00031500
00000000
00000006
03000000
00000000
0000000d
02000f05
03000000
00190000
00000000
00000201
00000800
0c000000
1c000008
00000600
00190000
001a2300
09000000
00000000
00003000
0f000000
00000000
001a0005
0e020000
00000c00
00001a00
10000000
000e0000
00000300
00050a0a
0d000204
00000000
00000003
00000000
00000000
00000000
04040000
00000000
00000002
00000000
00000000
00000000
00000000
00001300
00000000
18000000
00001600
000d0000
00212100
1c000000
04010000
00000700
08000000
00000001
00100000
00000000
00000200
00090500
21000008
00010000
00000000
00070000
00000200
00000000
0000000f
00000000
00000500
00000000
0a250000
00000000
00000000
00000000
00000000
00000000
00000000
00001400
00000000
03000000
00002200
00000000
00160100
14000000
00000000
00000000
06000000
00180000
00000000
00000000
00000100
00110000
11270005
00000000
00000000
00010000
00000000
00000000
00000000
00000000
00000000
00000000
001d0000
00000000
00000000
00000000
04000000
00000000
00000000
00000900
00000000
0f000000
0c000a00
00060000
00100000
15000000
000d0000
03000000
08000800
00160000
06000600
00060000
00001707
00030002
032b0001
01000000
00000000
00000000
00000000
00000000
00000000
00000700
00000000
00000900
0000000d
00000000
00000000
00000000
03000000
00000007
00000000
00000e00
00000000
00000000
0e000000
00170000
00000000
13060000
00100000
10000400
00000000
09000000
00000500
00020000
00000000
00000007
02000004
000f0005
28000100
00000000
00000000
00000000
11020d00
0f000104
0000000b
00000100
00000021
00000000
0e000e03
0c000000
0003000b
00080000
07000003
0f001d00
00000d00
10000000
00000000
00030000
11000000
00000000
00000000
25001e00
00000000
2c000000
00000000
00000000
0b000000
00001702
00000000
00000000
0600100e
00000500
11000000
00010000
00020000
00000000
00000000
12001000
00000000
00000000
09000d03
1b000000
00000000
00000000
00000000
00001f00
00000900
23140000
00000000
000b0000
21000000
00000a10
00190006
1d001400
00000000
00030000
000b0000
00000000
1c000000
00000300
00000000
00000000
00000c15
00000000
00000000
00040000
00000000
00000000
00000000
15001500
00000000
00000000
00000800
00000000
00000e00
00000000
0000000d
00002c00
00000b00
11260000
16000900
00000000
1f000000
00000b0c
00150000
1d000000
00000000
00110000
00060000
00150000
0b000008
00000000
00000000
00000000
00000000
00080000
00000000
00000000
0d000000
08000800
00000000
0d001400
00000005
00000000
00001a00
00000000
00000710
00010000
0000000a
00001700
00000800
00080000
1c000000
00000702
00000000
00070006
000a0000
00000000
00000006
00000016
00000000
040e0000
00000011
00000000
00000007
001d0000
00000000
00000000
00000000
1f000000
0c0c0200
00000f00
0000000d
00000000
00000011
01000000
00000000
00000000
0a00001f
00000500
00000000
00000000
00000000
0000070f
00000000
00000000
07000000
01000000
00000100
00000000
00010010
0000000a
02030000
00000000
00000000
00000001
00000008
00010c09
00000000
00000000
0c000000
0c000000
000a0000
00000000
0b000000
00090009
00000007
0c000000
00000000
0a030000
0c040017
00000a00
00001000
00000005
01000000
00000010
01000000
02050000
06000003
00010000
06040000
00000000
00000000
05030004
02000a02
00000000
04000800
06000000
00020006
00000d0c
00000000
00020000
05000000
00030000
00040000
00000000
01040000
000a0000
00000003
13000000
00000000
03020608
0900000b
00000500
00001000
00000006
09000000
00000009
00000000
00000000
00000011
000c0000
14000000
00000000
00000000
02080000
00000300
00000000
0a010000
06000000
000c0007
00030b0c
00000002
00090000
00000000
000e0000
00000000
00000000
00000000
000a0000
0000000f
0e030000
00000000
0015001b
04000003
00001000
00000200
0000000e
03000000
00000002
04000000
00000000
04000006
00000200
2f000100
00000000
00000000
00140505
00070007
00061800
00040400
00080000
0000000c
0000080c
04000405
000e0b01
08080000
00130000
000c0000
09000005
0a000000
002a0019
0400070f
23160000
00000000
070f0007
06000013
0000080a
000a1200
07000000
03000800
00000002
0d000007
000c0007
08000609
080a0800
00040000
00000000
02000000
08050000
12000310
000a0005
000d0409
00000000
00020000
0b080400
18010000
000b000e
06000000
00020000
00040000
00020400
00050004
00070004
03010d01
00030000
05020d00
00020504
04000100
0c000300
00020209
00000000
06000000
00000006
00000000
0c0c0006
00000007
09040000
00050000
00000000
05000003
07000000
00000108
00000001
00000107
09000000
00000000
07040000
0e000000
00000015
04000000
00000200
00000000
00020000
01070000
0000000f
00020a00
06000000
00060300
05020000
0b020100
05010600
00000001
00000107
0f000000
00000005
00000000
080f0000
0000000a
0a050000
00030003
00000000
04000001
06010003
03000008
00000005
04010105
06000000
00000000
04030a00
0c000000
00020005
00050100
00070600
00020000
00020004
050d0001
00020002
00000906
06000000
00050000
06090705
10010503
0b000500
00070002
00000103
06000000
00000002
07000007
01170000
0000000b
00040400
00000000
00000000
02000000
08000000
03000006
00000700
04010300
15000000
00040004
000d0602
0b000000
00000000
02000000
00000002
00000000
000b0101
03010000
000a0009
00000007
0200000b
09070000
00000600
02020400
04060000
00000003
00000004
0c000000
00060024
00000000
001b0000
06060005
00020000
00000000
00000100
00000000
23000000
00000002
00000700
16000000
18010002
00000000
00050a09
21000a00
00000000
00000000
000c0000
00000300
000e0000
00000001
000f0000
00000003
0800000a
00000000
00210708
000b0000
03000100
00050000
00000700
05010000
00050012
05000000
001b0004
0c070000
00000000
00000400
00000010
02000000
02000000
00070105
00110000
0e000000
00000006
00000001
00000701
11000400
00000000
07000000
00090000
00000000
00180000
0100000a
00070000
00000b00
02000000
05020000
001e050f
00000300
00000000
00080500
00000000
00000000
0000000a
00000000
0510000f
00000007
04000000
00000000
00000008
09000000
00000102
09000009
00000100
000e0011
00000001
00000003
05040000
11000000
00000007
09020300
00010000
00000005
000d0000
01010000
00000004
00000401
06030000
08050000
020c0708
02060500
02000300
00020705
00000000
05000000
00000002
01000000
030e0000
00000007
0d000000
00080006
00000001
0b000003
03000001
03000007
00000003
00030108
00000000
00000000
09040500
0f000002
0005000d
00010a00
00080a01
01030000
0002000a
05110602
00020001
00080102
00010000
020a0000
05050207
0d010600
07000101
00060604
00000201
05000000
00000006
0c000009
00120000
00000006
0b000000
00040000
00000000
09000000
08000000
09000511
00000007
00000404
00000000
00000000
09040300
10000000
00030305
01000000
00050900
00000000
00090002
070e0604
00000003
05110006
02010000
000c0000
08000109
0d05020d
02000000
00000606
00000000
13000000
000c0026
00000001
00100000
00020002
0a030000
00000000
00000000
00000000
20080000
0000000d
0000000a
00000000
00000005
00000000
00000000
1a000000
00000000
00000000
00080000
00000005
000c0000
0c110001
00000000
001c0304
00000000
000e0007
0e0f0807
0b000800
02000000
0000000b
00000700
11000000
000a0009
03000000
01080006
00000003
0d000000
00030000
00000000
09000100
03000000
00000202
00040005
00070010
00000001
00000000
02000000
1b000000
00000000
00000000
00080000
00000006
00100001
050d0101
00000001
001d0f00
00000000
00050000
0510000a
0b000200
03000000
0000000b
00000000
00000000
00000000
1200000e
00070000
0000000d
07000000
00060000
00000000
11000000
00000000
03000000
00000000
00000401
00000000
00040001
0d0d0000
1d000000
00000000
02000000
00030000
0000000d
000a0001
00080105
00000004
000e0002
00020000
07090000
00070003
05080003
00010000
0700000d
00000004
08000000
00000021
00000000
001f0000
00000000
00000000
00030000
00000100
06000000
30000000
00020008
000b0000
08000000
01000100
00000000
04070000
15000000
00000d00
00020000
0001000f
00000100
00070000
0000000d
00000000
00000006
00000000
08050000
0015070b
00220100
00020000
04000003
00000200
13050c00
1b110019
00000000
00220000
04080000
00000000
000f0000
05001900
0f000000
0c0f0004
00110000
000f0300
10010001
00000000
00000000
00000000
17000100
02000000
00020300
000a001e
00000000
001b0000
07000003
01000000
00000400
00000000
02040008
01301625
00000600
00000000
01000800
00001200
000b0a00
000f0000
10000007
090f0000
00000001
0e000000
00090000
00000000
0a000000
00000000
00000707
00000002
00070019
00000000
00020003
0f000400
12000000
00000000
05000000
0c040000
00030000
000e0000
01060004
00000000
00060c00
01000000
00000000
04020a05
10000500
00020000
00000006
00000000
00000000
00000004
02000001
080e0000
00000004
0e060000
00060002
00000001
05000002
08000102
06000007
00020002
0003060d
03000000
00000001
08030700
0c000001
0106000e
02030900
00080900
01040000
00050006
020c0004
00050006
00040904
00000000
00090100
09080301
0f030400
0a000300
00040705
00000600
0b000000
00000106
06000000
080f0000
00000007
0c060300
00050002
00000000
06000003
06030002
06000309
00010406
04000309
03000000
00000002
09030a00
0f000000
00070009
00040900
00090500
03040000
00030207
090d0004
00040004
00010608
08000000
04090000
09070700
0e060301
0b000600
00070703
00000501
0a000000
00000000
02000008
060d0000
00000004
12040000
00060001
00000002
0d000002
00000000
04000008
00000609
00000008
08000001
000b0000
000c0900
1a000000
00000503
09000000
00190000
02070900
00070100
04000003
00000007
0000070a
00030003
08030603
0a080005
110a0009
0a000303
0700000b
00000013
0c00000c
00000000
00000000
00140000
00000000
0a000000
00020000
04001100
04000000
04000000
0001001b
030f0000
00001004
19000000
00000000
00140005
0e000003
00001e00
1400000a
0020000a
00000e00
00000000
00000004
00000001
00000000
00000000
15000800
02000000
00090000
00000000
00000014
00000900
0f000000
08000000
00000700
002a0000
00010000
00000000
00000000
00002c00
00000000
06000000
00170000
23050000
00002400
00000900
13000000
00150001
00060f23
00071500
0000060e
00030000
0000001a
01000000
00000000
00000400
00000000
00000000
00000000
00000000
00000000
00000000
00000000
00002a00
00000000
06000000
00001800
00380000
00060000
0a000000
00030000
00000900
07000000
00010000
00110000
16000000
00001a00
00000500
12000000
00030000
0000002a
00030000
00000904
000a0000
0000001e
00000000
00000000
00000e00
00000000
00000000
00000000
00000000
00001000
00000000
00000000
00073200
00070000
000e0000
00001d00
00200000
00000000
08000000
00000000
060c0000
14000000
08240000
00000000
0d000000
00001301
00100000
001a0000
00000000
00000813
00000000
00000000
00190004
00000000
00000000
00000000
00001400
05000000
00020000
00000000
00000000
00000000
00000000
00000000
00001200
00230300
0a000000
02001400
00110300
00000004
03000000
00000000
09000000
0b001700
00130000
00000800
0f110000
0000240a
000e0000
00200000
09000000
0000000f
00000000
00000000
00000000
00000000
00000400
00000000
00001200
00000000
00000000
11000000
00000000
00000000
00000006
0000000f
00000400
00110000
00000000
00000000
04101600
0000000c
11100000
001d0000
03000b00
0f000000
05000000
00000400
00160000
00000200
00000000
05000000
00110000
0a000000
00000000
00000000
00000000
07062900
00000000
05000000
00000000
00000013
00000000
13001400
01000000
10000000
0f0d0000
16000003
12002400
00001100
11000000
00000000
00080000
0b000000
02040000
001b000a
30001700
01000000
31000000
00000009
00130000
00000000
00001c00
05000000
00000000
00000416
00061100
00001201
00000000
00000000
00000000
00000000
1f000c00
00000000
00000000
0d000500
00000000
00000000
00000000
00000000
00002800
00001600
28000000
00000600
00000000
1b000000
0000000e
00300009
1e000000
07000000
00070000
00080000
00000000
03000000
00000300
09000004
00000000
00000617
00000000
0000130c
00000000
00000000
00000000
00000000
1b000e00
00000000
00000000
00000000
00000000
00000500
00000000
00000002
00083200
00001000
05080000
1b000700
00000000
1e000000
0600130d
00200001
25000000
00000000
001b0000
00090000
001b0000
00000005
00000000
00000003
00030000
00000005
00120000
00000000
1a000000
15010000
00001100
00000000
14000b00
00000014
00000000
03041200
00000000
00000004
00050000
0300000d
00001000
00000500
00000000
18000000
00000505
06000003
08000000
000d0000
00000000
00000008
00000012
00000f00
00050000
0000000d
00000000
00000006
00220000
00000000
00000004
07000000
28000000
00170000
00000e00
00000000
00000004
00000008
0a000000
00000000
00000000
0a000008
00000b00
00000006
00000000
03000000
0000000c
00000001
01000000
01000000
0c090000
00010100
00000000
00000009
05000007
08000001
00000200
0000040a
00000000
00000003
00040400
01000000
00000004
04000000
03020400
000c0000
00000004
03050004
00050009
00000502
0d000000
00030000
060b0000
0f0a0009
08000302
00000500
00000305
04000000
00000001
00000000
030d0000
00000002
0c080300
00070000
00000000
03000101
04010000
08000707
00020003
00000400
07010000
00010000
07000b00
03000000
05060006
0d090000
00050400
00050000
00000102
02060003
00070008
00010506
09000000
00050000
07050600
10030005
06000300
00070b00
01000200
0c000000
00000005
00000000
00050000
0000000d
030a0000
00090001
00000000
00000003
01000400
00000d00
00000000
00000a0a
09000000
000b0001
00040a00
03000000
00090004
03020000
00060300
00000000
00000002
00040000
00080000
0000060b
05050000
00000000
0009020b
0a000001
07000e00
00000e00
01000300
08000000
00000005
03000000
00030000
06000007
050b0000
15010000
00000000
00000004
090a0301
06000002
000a0e00
00010a0d
00090000
00000005
00000704
0d000604
0011030d
03020100
00150000
000f0000
04000104
09000000
000b0014
00000d0e
1b1b0300
00000001
0b050200
0e080015
00000e04
08060200
05000200
02000200
00000002
0c000005
000c0007
0a00060b
080a0800
00040000
00000000
02000001
08070000
11000211
000b0005
000b040a
00000000
00020000
0b080200
17000000
000c000f
04000000
00030000
00050000
00000400
00050003
00060004
02010c01
00040000
06020c00
01020604
04000101
0d000500
00020409
00000000
05000000
00000006
00000000
0c0d0006
00000007
0b020000
00050002
00000000
07000006
04000000
00000108
00000001
00000009
06000000
00000000
07040000
10000000
00000017
04000200
00040500
00000000
00010000
01070000
0000000e
00030900
06000000
00050300
05030000
0c040200
04000700
00000003
00000307
0f000000
00000006
02000000
08100000
00000006
0b050000
00030005
00000003
06000003
07020001
0500010b
00020405
02020006
04000000
00000000
03040900
0e000000
00030008
02010600
000a0700
03040400
00040205
0a0d0005
00020004
00000806
08000000
03050200
08040806
10020500
0a000600
00080000
00000402
08000000
00000000
03000001
00030000
0100000e
05000500
00000000
00010000
04000000
07000006
07000006
00000500
0000010c
1a000000
00160003
0011030c
10000000
00000000
0a000000
00000000
00000000
00020005
04000000
00090007
00000301
00000013
10000400
0a000700
02030001
07050000
00000000
00000000
0e000000
00010009
00000000
00000100
19000000
00040000
00000006
01000a00
00000000
0b030008
0007000a
010b0000
21000000
18000000
00000000
000b0622
23000700
07000000
00080000
00000000
04000000
0b00000a
00000005
12000000
00000002
00000405
00000000
000c1900
00090000
14000600
01080000
00001200
0900000c
000b0107
03000000
00090805
23000000
00000000
0c000300
06000502
02000000
0007000a
00130000
00150000
24000000
00000007
00000002
0001000e
14000603
00000000
10000000
00010000
00000000
03000009
02000000
090b0000
00000600
00000000
04060004
001c1000
00000000
02000a00
03110000
00000000
0000000d
00000001
03000000
0106002b
04000000
00000000
05000000
00000009
0f000000
00000601
03000002
00000000
00000013
00000000
00000007
00080000
11000000
00000000
12010000
00000500
00000000
000e0000
00000000
00000003
00001100
0b000000
0d090000
000b0204
08000700
00000400
00000000
00000000
02000000
00000003
0100000b
00080004
00000009
0c000000
00040006
00000004
0d000001
03000003
06000005
00000000
00000007
00000000
00000002
040c0100
12000000
0000000b
00000300
00040b00
02080000
000a0001
00100602
00070000
00060c00
00040000
000c0000
0109000a
0a080005
03000000
00040908
00000003
01000000
0000000c
06000023
00070000
00000000
06000200
00000002
00030000
00000000
14000000
0000001a
00000400
00000c00
13000000
00000000
080e0000
10000000
00000000
02000000
00010700
00000000
00070000
00080000
00000009
00010500
000a0004
050b0000
0a000000
0814000d
00040000
0000000e
00000400
22000000
00110054
00000000
00080000
05000000
06000000
0000000c
20010e00
00000000
2d120001
0000000e
00010000
14000300
0a000008
00000000
00000000
25000000
00000000
00000e00
00070017
00000400
0a01000b
000e0000
00000000
00001100
00000500
00120000
0a2c0800
00110000
16000c00
00060015
04002e00
09000000
00220009
0a000000
00060001
00000000
0d000000
00000000
0e000200
00000000
00060000
00070900
00050000
1111000d
00001004
00000000
00000000
20000001
00000000
00000000
0d10000d
00000000
00030003
00010000
00000000
00002400
01000000
00000000
00270600
00000000
17000700
000d000b
04000900
00000000
00000000
0d000007
00000003
0000000a
02000000
01000000
00000000
00000000
00000003
00020000
00000000
00080c10
05000f00
00060000
04180000
1a000000
00000000
13000000
00030000
0000000d
00000000
00000000
00000005
00000005
00020000
12000000
00000000
00080000
01000000
0000000a
00000010
03000000
00000009
00000000
00000000
00000002
00000000
00000010
00001200
02000000
1a000000
00210004
00141100
21000000
1b000000
00000000
010a0003
14001000
00001100
00040000
00000000
00000006
00000000
00000000
0b000000
00000001
00000000
13000001
00000001
00210000
000f0000
07000000
00000100
000f0500
2e000a01
00000000
000f0000
24010000
00000700
000e0021
09001700
10000000
00200010
00430000
001e1500
33000000
00090000
00000000
00000000
12000d06
00000000
000d0e00
000b0000
09020002
00000000
00000000
15000000
00000000
06000000
0c00000b
001e181b
00000100
00000000
09001500
00001300
00160300
00000000
10020000
10070000
00000000
02000a00
01110000
00000000
09000000
00000006
00020c11
00000500
0a000017
00000000
0001000c
06020000
0e000000
00040000
16000000
18080000
00110200
00050000
00000000
00000000
00000000
0b000000
0f000000
0000130b
00000504
00000000
00000001
00020000
00000000
00000007
01000005
090c0000
00000003
0d060000
01050000
00000006
03000001
06000001
00000009
00000000
0003070b
03000000
00020004
07060200
0b000000
0004000b
04000500
00070800
00050000
00040004
000b0004
00040005
00000a03
03000000
00080000
060a0204
06080200
05000500
00040505
00000300
0e000000
00000108
05000000
070f0000
00000009
0d080300
00060001
00000000
05000004
06030003
0600040a
00010405
03010407
03000000
00000003
09040800
10000000
0007000b
00040700
00080600
04060000
00040205
080c0006
00040005
00010708
08000000
030a0300
08090600
0e060500
0b000800
00070700
00000401
0a000000
00000000
04000000
090e0200
00000000
11060000
00070000
00000000
09000006
00000000
07000709
00000008
00000302
07000002
00100000
00080700
11000000
00030902
04000100
00160000
06040500
00030000
00000000
00000004
00000c0f
00000004
03000c00
070a0006
100c0609
08000205
01000407
00000113
05000000
00000000
00000000
00060000
00000000
100c0000
00050000
00020500
00000000
06000000
0000001c
00050000
00000801
12000000
0d000000
000d0000
1000000c
00002600
0e000007
00090000
00000000
00000000
00000000
00000000
00000000
00000011
13001900
0d000000
0000000d
00000000
00000003
00000700
07000200
07000000
00000e00
00000000
04000600
00000000
00090015
00052900
00000000
03000000
00150009
150a0000
01000500
00000000
21000000
00070000
0f000330
00102100
00000207
00000000
00000008
04000000
00000000
0e000000
00000000
00000000
00000700
00000000
00001500
00000000
00000000
00003000
00000400
02000000
00001000
00000000
00000007
05000000
00170014
00050200
04000000
00000000
000e0000
0c000000
02000000
00000000
23000000
00010000
00000137
000d0000
00000509
00000000
00000000
00000000
00000000
01000000
00000000
00000000
00000000
00000000
0000240c
00000000
00000000
00044400
00111100
05000000
00000e00
00000000
09000013
09000000
00160006
000e0000
00000000
08140000
00000003
00000000
00000000
00090000
020a0000
00000000
0000101f
00080000
00000306
00010000
00030000
00000500
00000000
00000500
00000000
00000000
00000001
00000000
00001100
00000000
00000000
00001f00
000a0c00
0d000000
00000100
00050000
08000017
02001a00
00080000
0a000000
00000e00
00140000
00001103
0d1e0000
00000105
00000000
00080000
0b000007
0604000d
00000000
00000008
00000000
00000000
00000800
00000000
00000000
00000000
00000000
19000003
00000000
00000000
00000001
00000003
00000000
02000200
00000000
00000000
040f0500
00000007
14000000
00200000
0a080900
00000000
05000000
00000b0e
00130000
00000b00
00000000
00000000
00190000
0b000900
00000000
0e00000e
00000003
00041d00
00000000
0a000000
00000009
00000000
00000000
15001700
00000000
000a0000
00140000
0500000d
10002200
07000d00
0c000000
00000b00
00000000
06000000
0302000e
00210000
3e111100
00000000
01000000
00010000
00060000
01000000
00001c00
08000012
00000000
00001425
00000f00
00000e00
00030000
00000000
0000001c
00000000
24001400
00000000
00000000
00000800
00000000
00000000
00000000
0000002c
00001d00
00000900
0b000000
00001800
00000000
15000000
0300110f
00330000
250e0000
00000000
00170000
00000000
00000000
05000000
00000c00
02000015
00000000
0000101b
00000000
00001200
00050000
00000000
0000000f
00000000
11000a00
00010000
00000000
00000800
00000000
00000100
00000000
00000041
000c1700
00000000
00080000
20000100
00000000
12000000
08021207
00200000
23030000
00000000
001b0000
00001b00
00100000
00000012
00000000
0000000b
00000000
03000000
00000000
00000000
24000000
05000000
0000150d
00000000
0e000900
00000012
00000000
03002400
00000100
00000000
00001000
00060025
00000400
00000000
00000000
14000000
0600000f
01000007
08000400
000c0000
00000000
0000000b
0000000c
00000d00
00000000
00000013
00000700
00000005
001b0000
0e000000
0002000b
0e000001
20000000
000d0300
00000500
00000000
00000008
0000060b
0a040000
00001100
00000000
0600000a
00001400
000c0011
00000013
11000000
0000000a
00000006
050a0002
00000007
0c040000
00010000
00000000
00000004
06000000
03000003
00000001
00000b04
08000000
00000000
03080300
09000002
00010010
05050600
00050a00
000c0000
00010003
000b0000
00090003
00000900
09000000
00080000
02080001
0b090001
07000600
00080403
00000705
0c000000
00000003
00000000
06130000
00000007
0e070000
00080104
00000000
02000204
02040000
04000707
00020006
05000508
05000000
00000000
0b010a00
0d000005
0308030f
080a0800
00080501
05050100
00010108
010b0004
00070004
00000408
04000000
00060000
09060600
0f050503
0b000800
00090603
00000800
0f000000
00000004
01000000
090c0000
0000000d
0a090000
00080002
00000000
03000002
00020000
00000901
00020000
00010a08
04000000
00080000
03020400
08000002
0404000c
05060500
00040100
00030000
00020305
00090000
00040000
0000040a
05000000
00060100
03040700
0e000004
0d000500
00010800
01000400
09000000
00000002
02000003
030e0000
0600000c
0a0c0000
04080000
00000300
00000a07
0e040002
10000305
00090100
00060c0f
04040000
00000000
03000600
0f020101
010a080d
09090000
000d0000
00040500
02020003
09040003
0007000d
00000c0b
16070200
00000000
0a030700
15100006
08000400
000f0300
04000500
0a000000
00000000
0c000004
000c0007
0800050c
07080800
00070000
00000000
06000003
06080000
11000212
000a0004
000d0509
00000000
00020000
0b090000
16000001
000a000d
05000000
00030000
00020000
00000403
00030002
00040004
04010a01
00040000
05030c00
00020506
04000000
0e000400
00030308
00000000
03000000
00000004
00000000
060d0002
00000007
09000000
00060000
00000000
0a000003
02000000
00000009
00000001
00000208
01000000
00000000
07050000
10000000
00000011
02000000
00050600
00000000
00000000
05060400
0000000d
00080600
07000000
01050400
07010002
0b020000
00000400
00000104
00000003
0d000000
0000000e
03000003
070d0000
00010005
07030000
00010001
00000001
05000000
0c010000
0000000a
00030003
00030404
01000000
00000000
00010400
0d000000
00010100
00000000
000a0300
02000000
00020104
100c0307
00000002
00060602
0c000000
02050500
0a060804
11040600
05000100
00080004
00000200
08000000
00000000
0400000b
00060000
01000003
05000100
00000000
00000000
06000000
00000002
0600020a
00000000
0002000e
05000000
00180000
000a0000
0e000000
00000000
11000000
00080000
00000000
00040007
10030000
00000001
00030a00
0000000a
09000a00
07030500
0c080009
04000000
00080004
00000000
12000000
00000000
00000000
00000200
08000000
00000001
00000300
00030500
00000000
0a000004
00000018
000b0100
00000000
00000001
00000100
00000011
13000000
00000000
00000000
00000000
0c001200
08000003
09000004
16000006
00000000
00000f00
00000100
07000c00
00140000
13000000
00270000
02001300
12000016
001a0000
05000000
00031200
14000000
0000000b
1d000f00
03060500
000d0000
000f0000
000e0000
000f0000
08000000
0000000f
00000000
0000000f
17000000
00000000
0000000c
00100000
06001f07
0500000e
00000014
16000000
00000000
00000000
00080907
03270000
00000000
1c001200
00310000
02000800
00000020
00030000
0a000000
00020032
00000000
00000000
0d000000
00000001
04000000
00000000
000c0000
00000000
0000000a
00000700
00000000
00000000
12000000
00000000
15000007
14040e00
00000000
00090000
00000003
00000000
00001400
10000000
0b000000
04040000
00000000
00000000
00010000
00000004
00000000
00000000
05000013
0300000e
00000006
0a000000
00000000
00000003
0c000000
02000003
00000004
00000000
00000108
00000000
00000003
020b0100
16000000
00000003
07000000
00030c00
00040002
000a0000
000a0000
000a0000
00000f00
00010003
05060000
0907000b
04050000
00000100
0003090c
00000009
00000000
00000000
0000001a
00000000
00000000
01000300
00000000
00050000
00000000
0e000000
00000013
00000000
02000f0e
28000000
00000000
0b1c0000
0e000000
00000d00
0a000000
00000200
00000000
00000000
00000000
0009000b
00000100
00000020
18040000
0a000000
001d0001
00060c00
00010013
00000000
18000000
00001e00
00000100
11000000
00000000
01060002
00000042
09041c00
00000000
04050008
00010016
00050000
33000000
18000003
1000040d
00000000
1b000009
2b000000
00002900
00000000
0d050600
30000021
000a1000
11000000
00000000
0000011e
00000008
02221400
001f0000
1b002e00
08070000
1c002900
00000000
000e3700
1d000000
0d000000
00000000
09000000
0000001c
00040000
00000000
0018000a
00020000
00150000
29040000
0000090c
07000000
00000300
1d000004
02000000
00000400
15000000
001a0401
1d000003
00000200
00020200
00000d0b
01000000
0e000000
00230e00
06000000
15001600
000a0000
1c000700
00000000
00000000
07000005
00000008
00000004
00000000
04000000
000b0000
00000000
00000003
02001200
00000000
05091418
05001b02
000f0000
001c0000
15000000
00000000
25000000
00080000
0005000c
00000000
00000000
00020006
00000a11
00000000
21000000
00000000
00000002
00000000
00000a00
00000028
15000000
00000000
00000000
00000000
00000010
00000000
00000002
00090300
00000000
00000000
0017000d
00010000
06000700
26000b00
00000000
0007000a
13000b12
00001d01
01000508
00000000
0000000b
00000004
00000000
0c000015
00000000
00000000
00000000
00000005
00230000
00020000
02002a0a
00000000
11020000
1b000000
00000400
00000000
19000003
00003b11
00000012
00000900
00000000
001f0001
00370000
00150000
18000000
00001400
00000003
00000001
0a00071b
00040000
0000140c
00000000
00000006
00000014
00000000
13000000
00000000
00000000
00000016
00000800
00000000
00000000
07001a22
00000000
00020000
00000000
17080009
0c050007
00000000
00002100
00070000
00000000
00000000
00000005
00000c04
00000000
0000000f
00000000
00000004
08090000
05000000
00060000
15000000
230a0000
00000000
00000000
00000000
00000000
00000000
0e020000
0e000100
00000d09
00000002
00000000
0000001c
00000006
00000000
00000005
00000006
0a090002
00000002
09050000
00050000
00000002
03000000
07000002
00000006
00000000
0000060e
03000000
00000001
05050100
0e000000
0000000a
07000200
00090800
00050000
00040003
00080002
00020004
00000901
08000000
00050000
050a0306
05090000
01000400
00020307
00000402
0d000000
00000107
06000000
070c0000
00000007
0d080300
00050000
00000000
05000004
04020003
06000309
00010406
00000306
02000000
00000004
09030a00
12000000
00060009
00020900
00080800
03060000
00060405
080d0005
00030005
00010609
09000000
01090100
08070500
0f060400
0b000600
00080700
00000402
08000000
00000000
0600000a
060b0000
00000006
14060000
000a0001
00000000
07000006
00000000
04000609
00000009
00000603
06000003
000f0001
00090600
19000000
00020504
07000000
00140200
04070400
00020000
00000000
00000003
00000810
00000006
04000b00
07040007
120e010a
0a000400
0100070c
00000012
0f000003
04000000
00000000
00010000
00000001
14150000
000f0000
00040a00
00000000
03000000
00000222
00000000
00000909
10000a00
18010000
00070000
1800000d
00033100
14000001
000b0000
00000000
00000000
00000000
00000000
00000000
00000006
10001600
09000000
000b0000
00000000
00030d0c
00001500
1c000000
08000000
00001300
00000000
00000000
000e0002
00120000
000f2600
00000000
00000000
001b000c
08110000
00000200
00001000
25000006
00010003
09000032
03182000
00090006
00000000
0000000b
00000000
00000019
16000000
0c000000
00000000
00002407
00000000
00000e00
00000000
00010000
00003c00
00000000
00020000
00000300
00000000
00000000
16000000
07150000
00000400
00000000
00100000
0e030000
0a000000
01000000
00000a00
17000000
00000000
00000021
00190000
00000009
00000000
00000000
02000000
00000000
07000000
08000000
00000000
00000500
00000000
00001c02
00000000
00000000
00003f00
00001500
0a000000
00000800
00000000
00000006
13000000
00110000
000a0000
00000000
00210000
00010000
00020000
0b000000
00050000
00070000
00000000
01000219
00070000
00000001
00000000
00000000
00000d00
00000000
11000000
00000005
00000000
00030612
00000000
00001000
00000000
0c000020
00001600
00001800
06000000
05000000
00000000
0000000b
05001800
00090000
02000000
00000000
00040000
00001c00
00230000
0000000c
00000000
00020000
00000001
0c000000
00000000
00000006
00000000
00000000
04000900
00000000
00000000
00000000
00000000
0c000c15
00000000
00000000
0002000a
0100001c
00000800
06000100
00000000
00000000
00000000
00000000
19000000
00140000
03101300
00000000
0f000000
00000010
00020000
0000040b
00000f12
00000000
00100000
20000f00
0c000000
0d000008
00000000
00001300
02000000
00000000
00000006
00000005
00000000
0d001e18
00000000
00080000
00100000
07000019
10002100
00000900
0f000000
00000600
00000000
00000000
19000000
00210000
120d0d00
00000000
00000000
00000000
00100000
00000000
00000f0c
02000008
00000000
00000e04
00000000
00000400
00000000
00000000
00000009
00000000
04001c00
00000000
00000000
0000070a
00000000
00000000
00000700
0000000b
00001800
00002f00
00000000
00001a00
07001000
00000000
18000000
00200000
04020000
00000000
00080000
00000000
00010000
03000000
00000c02
04000006
00000000
00000f00
03000000
00000400
000a0005
00000000
080b0000
00000000
00000b00
00000000
00000000
00000d00
00000000
00000100
00000600
00000031
00050d00
00001300
00090000
27000500
12000b00
00000000
0e020500
00190000
00000000
00000000
000d0000
00002400
001b0000
0000000f
00000005
00000000
00010200
00000000
00000000
00000000
26000000
000c0100
0e120f00
00000000
00000900
00000308
00000000
03001300
00000000
00000006
16000c00
0009000d
00000200
00000000
00010000
0d000009
04050007
00000005
0f000100
000e0000
00000000
00000011
03000001
0d001000
00000000
00000018
00000700
00000005
091d0000
0e000000
00000006
17000000
1e000000
000b0500
00070300
00000000
00000009
00000d15
01000000
02001100
00000000
0700000a
0b001400
000c000c
00000017
10000000
00000205
00000001
080a0008
00000005
0c080000
00020000
00000000
01000003
07000000
01000007
00000003
01010b03
09000000
00000002
06040600
0e000003
0004000f
06050b00
00010500
00050000
00020005
010c0003
00060003
00000802
06000000
00090300
04070000
09090100
06000d00
00060400
00000602
0e000000
00000503
01000000
08130000
00000008
0f080000
00090102
00000000
03000505
05010000
07000506
00010006
01000408
03000000
00000001
0b040a00
10000005
0409010e
050a0b00
00050600
08060100
00030307
020d0007
00070004
00000709
04000000
00060000
0a090600
0e060402
0c000900
00090600
00000700
0c000000
00000004
01000000
090d0000
0000000b
0a080000
00090000
00000000
05000202
04000000
03000a00
00030000
00000a0b
06000000
00060000
05020500
0a000002
0506020a
04050400
00040200
01040000
00030403
01090000
00050002
0000040a
04000000
00060400
03050600
0e030001
0e000400
00040900
00000400
09000000
00000000
03000003
05100000
0700000a
0c0c0000
05090001
00000402
05000c08
10010000
13000305
000a0301
00090c0e
06030000
01000000
04000600
10040103
040a080e
080a0500
000b0100
00060700
01060006
0c070206
0007000e
00000c0a
14070200
00000002
0b030800
16130004
0a020701
00100500
04000400
0b000000
00010000
0d000004
000d0008
0900040b
07080b00
00050000
00000000
05000000
07080000
12000113
000c0003
000d0507
00000000
00020000
0d090000
16010003
000b000a
05000000
00030000
00020000
00010705
00040003
00060005
04030903
00020000
03050d00
00000606
05000200
0d000500
00050509
00000000
04000001
00000000
00000000
04090000
00000006
07000000
00030000
00000000
06000000
06000000
0000000a
00000001
00000001
06000000
00000000
07070000
0e000000
0000000e
01000000
00040000
00000000
00050000
05040000
0000000c
00060300
01000000
00060000
09000300
0d040000
00000000
00000005
00000004
04000000
00000019
00000004
060d0000
05060000
00080000
00000000
00000305
04000000
15020000
00000005
00040101
02000000
01000001
00000000
00000000
0a000000
00000400
00000000
000d0007
00000403
000f0400
09050006
00000000
00080000
0d000000
00050000
020f0d08
13050000
00000000
000a0404
00000001
02000000
00000000
04000003
00080000
03040000
00000000
00000000
00000300
02000000
0b000002
08000800
00050000
0000001d
03000005
00100000
000b0000
00000000
00000000
0f000000
00060000
00000000
00130405
0c000000
00000000
00000000
00000005
0c000700
020a0601
05070000
00000000
00020005
00000009
0a000000
00000000
00000000
00000000
00000000
00040000
00000004
00000900
00000000
0b000019
00000011
00000000
0000000b
04000008
00000800
000a0006
04000000
00000300
00000100
00000000
16000400
11000004
11000000
0e00000d
00000000
00001b19
00000000
07000c00
00250000
17020000
00110000
03001300
10000000
011c2200
00000c00
00000000
00000000
0008000c
19000a14
00020900
001a0000
00110012
000e0000
00120000
19000000
00000019
00000400
0000000c
15000000
00000000
00000202
00130000
20002500
1000000f
0000241b
19000000
00000000
00000a06
0000021c
00170e00
00000000
3b001e00
0b160000
06001200
0000000d
00090000
16000000
00000023
00000000
00000800
1a000500
00000000
000c0000
00000000
000f0f00
000b0000
00060006
00000608
00000000
00040000
09000000
00000000
16000000
1f050000
00000000
00000000
00000005
00060000
00000405
00000000
06000000
00000000
00000000
03000000
00100000
00000009
00000000
00000000
0c000016
06040016
00000000
0b000000
01000000
00000003
0e000000
00000000
00000004
00000000
00000004
00000000
00000000
010d0000
13000000
00000006
14000606
000b0303
00020004
00060000
06050000
00010000
00000500
010a0002
0a020000
0b060208
02070000
00000101
00010913
00000014
05000000
00000000
00000005
0b000000
00000005
03000500
00000000
00000100
00000000
0d000000
0000001b
0b010000
0000001c
12000400
00040000
07190000
04000000
00001200
20000003
00000000
00000000
00000000
00000000
00000008
00000100
0000001e
16000000
07000000
001c0000
00010000
00020011
02000000
1f000000
00000a00
00002100
17000000
00070405
00010000
00000020
00081500
0a000000
0d000000
00000020
25000000
10000000
01000000
07000003
00000000
09000000
26000300
00000d00
00000000
00001500
26010000
04150b04
0a000012
00000000
00000000
00000306
00000000
1e140000
14000000
27060000
25001300
00000000
00071d00
22000f00
08000100
00140001
040c0000
00000007
00010000
04000000
00130000
00000000
06120000
0f000000
00000009
07000000
00000200
0d000000
07000000
00000900
05000000
00000300
1b000000
00180e00
00000100
00000012
00000000
0000060c
00000500
29000000
2a000000
00010000
24000000
00000000
00090000
11000006
0001001a
00000000
00000000
0b000000
00080000
00000007
00000000
07002200
00000000
00000e0f
00000f0c
000a0000
00190000
04000000
00000000
23000000
00040000
00000000
00000100
00000000
00000000
00001b18
00000000
08001200
00080000
00000004
02000000
00000d0a
00000029
11000000
03000000
00000000
00000000
00000000
00000000
05000000
00080000
00000000
00000000
00030011
00000000
00000b03
06000300
00000009
00070004
00000009
00001014
01050600
00000000
00000000
00000001
00000029
07000015
00000000
00000000
00000000
00000000
00180000
00000000
00002d0e
00000000
0d000000
18000007
00000000
00050000
18000000
00001a00
00040000
0c000500
00000000
00170005
001b0000
001c0000
00000000
00000c00
06000001
00000000
00000011
00130005
00041705
00000000
00000000
00000000
00000025
1a000000
00060000
00000000
00002a16
00000500
00000000
00000000
00071706
00001000
00000000
01000000
10000000
000e000e
00000000
07001000
000c0000
00000000
00000000
0000000c
03000100
00000000
00000018
00000000
00000005
00120000
05000000
000e0000
00000000
28000000
00000000
00000000
00000005
00000000
00000b00
02000000
09001100
00010a0d
01000004
00000000
00000006
00000002
00000000
00000004
0000000b
09080000
00000004
0f040000
00050000
00000001
03000002
09000005
00000003
00000000
0200080c
01000000
00000005
03080400
0b000000
0000000c
00000100
00060e00
01030000
00000002
02060003
00000000
00000d04
09000000
00000100
020d0a07
090e0400
00000c00
0004000d
00000502
0a000000
00000106
06000000
080c0000
00000008
0b050000
00040000
00000000
04000003
04010003
07000108
00000507
00000207
01000000
00000004
08030900
0e000000
00070009
00020700
00090700
03060000
00050304
070d0004
00020004
00020809
09000000
00090200
07080400
0f040203
0b000600
00060501
00000203
06000000
00000000
04000009
070c0000
00000005
13050000
00080002
00000000
04000003
01000000
03000308
00000003
00000507
05000000
00100001
00080500
1b000000
00021000
06000002
00110400
02070500
00010000
00000000
00000003
00000510
00000003
04000800
0c030001
140f0008
09000404
0000080d
00000012
10000001
00000000
00000000
0b070000
00000000
10130000
000e0000
0b040900
00000100
00000000
0000001e
00040000
0000040f
10000000
1b000000
00030000
14000015
00013600
12000505
00000000
00050a00
00000000
00000000
00000000
00000000
00000009
07001802
0c000000
0d0e0300
00000000
00000600
00002500
19000000
00000000
00002200
03000000
00000000
08110000
001d0000
04181f00
00000000
00000000
000b0000
0c1c0000
00000000
00000500
23000000
00070000
00000032
1a180f05
00000612
00000000
00001207
02000000
00000013
13000000
17000000
00000000
0000140e
00000000
00002b00
00000000
00000000
00003d00
00060600
00000000
00000e00
00000000
00000000
19080002
00140000
000c0800
05000000
00100000
0c000000
00000000
00000000
00000000
20000a00
00000000
00000016
000f0000
00000013
00000000
00000000
0e000000
00000000
0b000000
09000000
00000000
00000002
00000000
00002900
00000000
00000000
000b4100
00002300
06000000
08000f00
00000000
00000002
13000000
000a0003
030a0000
00000100
00230000
00000005
00000000
00000000
00000000
0d050000
00000000
0000001c
00090000
00000003
00000000
00000000
00001600
00000000
0e000000
00000000
00000000
00141213
00000000
00001802
00040003
00000024
00090a00
00001a00
03000000
03000000
00000000
00000003
07000a00
000d0000
00000000
00000000
00000000
00001100
001a0000
0000000b
00000000
00030000
00000000
06000000
00050000
00000003
00000000
00000300
04002100
00000001
00000000
00000000
00000000
0f002217
00000000
00000000
00000003
0000000a
06000000
00000800
00000000
00000000
00000300
0a000000
12000005
000a0000
0a081400
00000000
0c000000
0000000a
0a040000
00000000
00001b00
00000003
00170000
07000800
01000000
0a00110a
00000000
00000000
00001200
00000000
00000001
00000000
00000000
00001b07
03000000
000d0000
00000000
00000000
11000900
00000400
10000000
00000800
00000000
06000000
19000000
00170000
01000000
00000600
00000000
00000000
00000000
00000000
00001200
00000000
00000000
00000000
13000000
00000b13
00000000
00000000
1b000200
00000000
00001f00
00000000
00000000
00000200
00000000
00000000
00000000
08000013
03001200
00050800
00000000
04001d00
00000000
00000005
1e000000
002c0009
00000000
00000400
0a060000
00000000
000b0000
00000000
00000000
0d000000
00000000
00000500
14000000
00070001
00080000
001d0000
12000a00
00050000
03001600
00000000
00000000
00000608
00000000
00000006
0e000000
00020005
00051400
00000200
09000000
2f000200
00050000
0c000002
15000000
001d0000
00000000
00000000
000e0000
00002000
001e0000
00000003
00000000
05000000
00010000
00000000
02040000
00000000
24000000
00150000
06001000
00010000
00000d00
00000009
00000000
0c000e00
00000b00
0400000b
0c000000
00080000
01000100
00000000
00000004
0a00000d
030d0000
00000009
14000000
000d0000
00000000
0000000e
00000000
0c001702
00000000
00000011
00000000
00000002
061c0000
06000000
0000000a
13000000
1c020000
000b0100
00030600
00000004
00000005
00051316
00000000
04000f00
00020000
09050005
0c010c00
0605000a
0000000f
15000000
00000104
00000000
0a0b0003
00000004
0d080000
00020000
00000000
01000203
05000000
01000008
00000005
01000903
09000000
00000000
07040900
0f000001
00070010
06030800
00040300
00070000
00050003
030b0005
00040005
00000802
07000000
00070200
07050000
0c080101
08000b00
02070100
00000502
0f000000
00000605
00000000
08100000
00000007
100a0200
00080003
00000100
06000406
06020000
08000406
00020005
00000605
02000000
00000000
0b040a00
12000005
0208010f
05090a00
00050500
06070400
00050307
020e0207
00080004
0001080a
04000000
00070000
09080500
0f040500
0d000800
04090500
00000800
0b000000
00000006
01000000
070d0000
0000000a
0a080000
00080000
00000000
05000203
04000000
03000900
00040001
00000c0b
05000000
00040000
06030600
0d000002
0307010a
06060500
00050300
01030000
00030204
010b0000
00070003
0000060b
01000000
00070300
03070400
0e030002
0e000200
00040900
00000500
09000000
00000003
03000005
06100000
06000008
0c0c0000
07090000
00000303
06000a06
0f000001
11000204
00090501
00080b10
06040000
00000000
04010800
0f050102
010b080f
0a090400
000d0100
00060800
02050003
0b070205
0007000f
00020d0b
140a0300
00000002
0a020800
16120009
08020602
000e0400
05000400
0a000000
00000000
1300000e
000c0008
0a000007
06010a00
00070000
00000000
07000000
05030000
11000011
000c0700
000d0306
01000000
00000000
0c0d0100
1a000002
000b0008
05000000
00020000
00030000
00040706
00010004
000c0004
00040604
00040000
04070300
0301040c
02020000
0c000202
0001070b
00000000
05000000
00000000
00000009
00070000
00000000
00000000
00000000
00000000
06000000
09000000
00000002
00000600
00000002
0a000200
00010000
00110006
0e000000
00000003
00000000
00000000
00000000
00070000
00000000
00000009
00020000
00050000
05030000
06000700
000a0000
00000000
0000000c
00000017
0d000000
04050014
00000001
00100000
150b0000
00000000
00000000
06000e02
09000000
25030000
00040000
00060900
04070000
070e0004
00000000
0000000c
11000f00
00000100
00000000
00110013
00000000
00180000
00000000
000d0000
00000000
05000000
04030000
001a150f
00000000
00000000
0b010012
00000000
010c0000
00000000
07000000
00140000
1d020000
00000000
00000000
00000005
07000000
0a000000
00000000
00120000
00000011
00000000
00130000
00070000
00000000
00000000
0e000005
00140000
00000000
001b0000
00000000
00050000
00000900
00000009
08000000
0011010f
00000000
00000000
00040005
00000000
07000000
00000000
00000000
00000000
00000000
000c0000
00000008
00000900
00000000
03000006
00000019
00000000
0000001a
00000000
00000000
000c0000
00000000
01000b00
00160000
00000000
08000000
18040000
0d000000
0000001e
00000000
00000b11
00000000
03000000
00200004
0b000000
04020000
02000000
08000000
000d1e00
00001d00
00000000
00000000
00360013
0e000015
00000000
00000000
0019000e
00000000
140f0000
16000000
00000008
00000000
00001300
06000000
00000000
00000f00
00000000
14000000
2900000f
0000011a
14000000
00000000
00000b00
00000928
00001900
00000000
51000000
1d000000
05001300
00000000
00110300
29000000
00000017
00000000
00000100
0c000000
00000000
000b0000
00000000
00001100
00150000
00000015
0000000f
00000100
000d0000
00000000
00000000
08000000
2a000000
00000000
00000000
00000004
00020000
00000a1c
00000000
01000000
00000000
00000000
14000300
00060000
04000000
01000000
00000002
0300001a
060f0015
00000000
0e000000
0e000000
00000000
06000000
05000000
00000000
00000000
00000c05
00000305
00000000
00180000
0b000000
00000005
18000306
000b0005
00050004
00010001
04010000
00000005
00000900
0c120000
00000000
000e0000
00100002
00000d00
00020212
0000001e
0b000001
00000000
00000007
02060000
00000000
10000000
0a030000
00030000
00000001
0c000000
0000001d
00000000
00000e17
05000000
00140001
00100000
00000000
00000000
1a000000
00180004
00010000
00000000
00010000
00000000
00000000
0000000f
10000000
00050000
001c0003
00010100
0005010b
0000000b
19000000
03000000
00000c00
00001700
00000000
0b000000
00020000
0e000000
00000000
02000000
0000002e
10030000
00000000
00000000
00000008
00000700
03000700
20040903
000d1d00
00000006
00010100
13050000
020f0000
12000017
01000000
00000500
00001400
00000000
06100000
040a0001
000c0000
0d001b00
00000000
08000000
1c000b00
0b001c00
00000000
16000000
00030000
03000000
01000000
00050000
00000000
07170000
00000000
00000000
01000200
00001200
00000000
04000000
00001b00
00000000
06000000
16010000
00170000
03000000
00000000
00000000
00061705
00000400
12000000
2200000d
00010000
0f000000
00000000
00090000
1200000a
0001000f
00000000
0a000000
08050000
00030000
0000000c
00000000
00002600
00010000
00000618
00000d09
00140000
06260000
01000000
00000000
1b000000
000d0000
00000000
00020500
00000000
00000000
00001a1d
00000001
05001100
01040000
00030003
08000300
00001002
00000028
0e000000
00000000
00000000
00000000
00000000
000f0000
04000000
03050000
00000000
00000000
00000012
00000000
0000070b
00000400
0000000f
000d0000
00010002
00001513
00001207
00020000
00000000
00000000
0000001c
03000018
00000000
00030000
00000006
0b000000
001c0002
00000000
00002205
00000200
00000600
19000000
05000e00
00000000
1b0d0000
0000211d
09050000
13000200
0b000000
002e0000
001c0000
001d0000
00000000
00000500
07000004
00000000
00000011
000c0007
00003115
00000000
00000000
07000000
00000017
1e000000
080c0000
00000000
0000151e
00000000
00000500
00000000
00001a03
00000c00
001c0000
0f000000
1b000000
03050000
03080000
07001d00
000a0000
00000000
01000000
0000000b
00080800
00000000
00000013
00000000
02000009
00110000
00000000
00010000
08000005
2c000000
00000000
00000a00
00000000
00000000
00000000
08090000
09000300
00000004
03000000
00010000
0000000c
0000000a
0e000000
00000005
00000009
0a090001
00000203
0d010000
00030000
00000000
03000000
0a000009
00000009
00000000
05000609
01000000
00010005
00070000
0e000000
0003000a
03000000
00080900
01000400
00000107
03010006
00000000
00000507
10030000
00000300
00060c0b
060e0200
00000700
0005000b
00000209
14000000
0000010a
04000000
07090000
00010005
0b080100
00030000
00000001
06000000
06010003
06000109
00010206
01000105
02000000
00010002
06040a00
0f000000
00050007
00000200
00070300
01040000
00040005
060d0004
00010002
00020908
07000000
02090000
060b0400
0d060300
0a000300
00060300
00000003
05000000
00000000
02000005
0a080000
00000000
1b090000
00060000
00000002
0a000002
05000000
0300070e
00020000
0000090b
0c000000
00120000
000b0900
1c000000
00001301
0a000004
00110000
00080908
00000000
00000000
00000008
0000030f
00000007
09001200
07050000
13100508
0d00000b
07000509
00000b07
1e000005
00000000
00000700
02050000
00000000
1a100000
00070000
01020400
01000900
08000000
0000002f
00140000
00001708
1f000100
0a000000
00030000
0000001d
00002505
1e000b14
00000000
000c1200
00000000
00000000
06000005
00000000
00000000
00000d05
00000000
00170100
00000000
00000000
03003d00
11001100
00000000
00000a00
00000000
00000000
16000000
00180000
00061d00
00000300
00000000
00000000
08030000
00000a00
00000700
14000000
00000000
00000026
00160c00
04001222
00000000
00030505
00000c00
00000000
0e000000
0b000000
00000000
00000000
00000000
00001900
00000000
00000000
000a4800
00000e00
00000000
00000000
00000000
00000000
0700001c
0016000c
00130000
00000000
00030000
00000000
00000000
00000000
00000000
08000000
00000000
00000009
000c0000
0000001a
00000000
00000000
0000080d
00000000
0a000000
02000000
00000000
00000000
00000000
00000002
00000000
00000000
00144500
00001100
00000000
0f000000
00000000
00000000
06000015
000d0000
00070000
00000000
001c0000
00000000
00030000
00000005
00000000
00130000
00000000
00000013
00080000
00000008
00000000
00000000
00001d01
00000000
11000000
00000000
00000000
00040008
00000000
00000000
00000001
00000000
020a0700
06000d00
00000000
04000000
00000000
00000002
07000000
00000000
00000000
00000000
00000000
00001b00
00060000
00000000
00000701
00000000
00000008
0b000000
00040000
0000000c
00000000
00001800
02002300
03000019
0000000b
00000000
0b000000
05000416
00000000
00020000
00000000
00000012
10000300
1b000900
06000000
00000900
00000000
0d000000
1c000000
00050000
00071b00
00000000
1b000000
00000003
00040000
00000000
00001a0c
03000000
00040003
00000700
09000b00
00000325
00040000
00000000
000c0200
00000004
00000000
00000000
00000000
01000728
0c000000
0c0e0000
00000000
000d001c
05001200
00000800
00000000
00001200
00000100
0c000000
2c000000
00210000
00000500
01001c00
00000000
00000000
03060000
00000000
00000200
00020000
00000003
00000000
27000000
000d0016
00000000
00000000
27080000
00000000
0a001600
00140000
00000000
00000008
00000000
00000000
00000000
000c000e
01091e00
00000300
01000000
1a002100
00000000
13000000
30000000
00290000
0e0a0000
0a001300
00080000
00000000
000d0000
00000000
00000000
08020004
00000000
00000000
09000000
00070811
00010000
00000000
11001d00
00000000
16000900
0f1a0000
00000000
0000080f
00000000
00000003
00000000
001a000e
00251400
00000000
0c000000
33000000
000b0100
17000000
1f000000
00110000
0e000000
00000000
00020000
000d2100
00080000
0000000a
00000000
0000000d
00080000
00000000
00050002
04000000
1f000000
00000000
00002600
00000000
00000900
0b080212
00000000
00000700
00000000
00000003
00000000
000c000b
00000000
120c0000
00000004
07000008
0b100000
01000006
15070000
000d0000
00000000
0000000b
04000000
09001601
00000000
0000000e
00000000
00000003
05120100
05000000
0001000d
0c000000
0e070000
000a0500
00060900
00000007
00000000
00020a10
06000000
00000500
00070000
080a0000
03000a00
00050008
0000000d
14000000
00000005
00000000
0a100000
00000002
0d070000
00040000
00000000
04000302
06000000
01000406
00000007
00000a04
05000000
00000000
08020c00
0e000001
0008000e
06020700
00060400
00070100
00050002
020a0003
00010005
00010803
08000000
00040100
06070000
0e040300
08000800
00070000
00000502
0f000000
00000303
00000000
07110000
00000006
10090100
00070004
00000000
05000305
07020000
07000406
00000005
02000704
03000000
00000000
0b020c00
10000005
0309020e
040a0c00
00050500
06060300
00030309
020f0106
00060004
0001080a
05000000
00060000
07080600
0f030700
0b000b00
01080400
01000800
0b000000
00000005
03000000
060c0000
00000009
0b090000
00070001
00000000
05000004
03010000
00000900
00050002
00000b08
05000000
00040000
05030600
0b000003
0507000b
06070600
00040100
01050000
00020304
000b0000
00070000
0000050b
01000000
00060200
01080700
0f020001
0f000500
02040b00
01000600
0a000000
00000004
03000005
05100000
05000007
0d0b0000
08070000
00000303
06000906
10000101
11000206
00090600
00070b0f
09040000
00000000
03020800
0f050001
000a0a0f
0a090400
000d0000
00060700
01030003
09050205
00090011
00010d0b
130b0200
00000001
09010500
15120009
06010501
000d0500
04000500
0b000000
00000000
1c00001c
000c0005
0d000007
00030000
00010000
00000000
09000000
00000005
1200000c
00080002
00060000
00000000
01000001
07160100
1a010000
00070008
04000000
00010500
00090000
000c0900
0000010b
00070000
00060901
00000001
00030000
0002000e
00000008
03000000
0000070d
00000000
00000000
0005001d
00000003
00160000
00000000
00000000
00000000
00000400
02000000
1b000000
00000000
00000000
00000000
00000000
00040000
0011000d
08000e00
00000000
00000000
00000000
00000000
00000000
00000000
00000000
00000000
00000000
00000000
00020107
00030000
00000000
01000000
00000000
00000000
1b150020
00000000
00210000
21050000
00000000
00000000
00001400
11000000
0e0f0000
00290000
00080a00
0f000000
000f0003
00000000
00000014
13001b00
00000000
00000000
000e0000
00000600
00000000
00000005
02000000
00000000
02000000
12000000
0019152b
0000000c
00000000
05020000
00000800
00000000
000e0000
00000000
00130000
2c000000
00000000
00000000
00080000
00000000
00000000
00070000
00090000
00000000
0000000c
0003000d
0000040e
0d000300
00000000
03000000
00160000
00040000
000a0000
0000000d
00060000
00000800
00000000
00000000
00200015
00000013
00000000
000a0000
00000000
07000000
00000000
00000000
00000005
02000000
00000000
00000000
00040000
00000000
00000000
00000020
00000000
00000013
00000009
0000000a
00000e04
04000b00
07000b00
080b0000
00000000
00100000
090a0000
00000000
00000807
00000100
00000006
00000000
00000000
00100000
00000000
00000000
00000000
00000000
08000800
00001300
06000000
00000000
000f0000
00040000
0a000000
00000000
000f0000
00000000
290c0000
00000000
00000000
00000000
00002d00
00000a00
07000000
00001700
00000000
190a0000
310c0000
0000000c
0b000a00
00000000
00000000
0000000c
00001a00
00000000
10000005
00000000
00000200
00000000
00000c00
29000000
00000000
08000000
00000000
00000000
00000000
00000000
00000002
00000800
00000000
00000013
00000011
00000000
00130e00
00000000
00000000
03000005
2f000000
00000000
00021600
0000000b
00000000
0000062b
00000000
00000000
00000000
00000000
09000000
00090000
00000003
04000001
00000001
0000000c
03000004
09000000
0a000000
01000000
00000000
00000004
07000000
00000001
00000000
00001007
00000005
00000000
00090200
00000000
00000001
15000005
00000000
0006000a
00000300
00000000
00000000
00000d03
0c000000
00000000
00070000
00130000
00001200
07050004
0000001b
0f000001
00000000
00000008
00030000
00000000
0e000000
13000000
00000000
00000009
00000400
00000f0d
00020000
00000c1a
0c000009
000f0001
00070200
02000000
00000900
15000000
00150000
00000000
00000000
02000000
00030001
00000c00
0000000c
08000000
01120000
00200000
00000000
00000800
0000000b
16000000
00000100
00000900
00000000
00000000
14000000
00000000
00090000
02000000
00001700
00000029
00000000
00000100
02000000
00000017
00000900
00000600
1a00061d
00001801
00000000
00020000
0d0a0000
1803000a
08000030
02000000
00000000
00000008
00000000
00170000
00080007
00070200
08000100
00000000
00002300
33001900
18000600
0c000000
190f0000
00060000
00000000
0c000000
00050000
00000000
02020000
00000000
00000000
0200000e
00001800
00000000
1000000f
00003605
00000000
0b090400
180e0000
05140006
06000000
000b0004
00000000
00000011
00001100
2d000000
0000000f
00080000
12000000
00000000
00000a00
10000008
03000000
06000000
0a080000
00070000
00000000
0000001f
09000000
0e002500
00000000
0000060b
01000006
000e0000
03160300
00000000
00000000
1a000000
000b0000
00000000
00001500
00000001
00000000
00001415
00000000
09000000
00020000
10000000
08000000
00000900
0400002e
16000000
03000000
00000000
00000000
00000000
000b0000
00000000
020b0000
00000000
00000600
0000001d
00000000
0000111a
33000000
00000009
000a0000
00000000
0000031c
00001c0b
001a0000
00000000
00000000
00000000
03000023
00000001
00000000
00000000
00000000
02120000
00000000
0000290b
00000008
00001300
1a000000
23000300
00000b00
2f000000
00001f0d
000a0000
16010000
00000000
001f0000
00070000
00150000
00000000
00000000
0000000f
00000000
00000019
00090022
00004a34
00000000
00000003
03000e25
00000000
1d00000f
00170000
00000000
00110016
00000000
00000000
00000000
00004e1e
00000000
00100400
00000000
0e000005
08160a00
11000000
02002600
000f0000
00000000
00000000
00050000
00000900
00000000
00000000
00000000
00040000
09050000
00000000
00010008
09000019
1c000000
00000000
00000b00
00000000
00000000
00080000
19050000
06010000
00000000
01000000
00000000
00000423
0000001b
30000000
00000005
00000006
08130000
02000000
0d000000
00040000
00000000
03000000
06000000
00000509
00000000
00000806
01000000
00030000
06050000
08000000
00010010
07000100
000f0000
00030203
00000400
05000000
00000004
00010703
16000000
01010400
02040305
020d0000
00000c00
000a000b
00000010
15000000
00000006
04000000
090d0200
00000105
0e050300
00010000
00000000
05000004
09020000
01000309
00020602
04000403
04000000
00000000
05050b00
08000000
0006000a
01010500
00090000
01050000
00050102
070d0002
00040002
00000a0a
06000000
00070100
030a0200
0c090800
09000900
000a0301
00000009
09000000
00010000
00000007
0a090000
00000000
19000000
05080000
000b000c
05000009
09000300
0000030a
000a0000
00001416
0d000001
00000000
00170b07
06000000
00000002
0e000006
000b0002
000b0e00
00000000
00000000
00000004
00000900
00000010
03001000
06010002
050c0007
02000207
02010108
00000614
22000313
04000000
00000000
00000001
00000000
0c000000
00000000
00141209
00000000
00001700
00000018
00120000
0000310b
19000000
00000005
00130004
0000001d
00001708
08001b11
00000000
00070000
05000406
00000000
00000006
0a000000
00000000
00000000
00000000
00110000
00000000
00001100
06002500
19000500
08000000
00000000
00000000
00000000
0e000000
00000000
000f2600
00000020
00000a09
00000000
02000000
00002b00
00000600
08000013
00000000
0000002b
00000007
00002d22
00000000
00000000
06000012
00000000
00000000
29050000
00000000
00000000
00000000
00000000
00000000
00000000
000e2100
00000000
00000000
00000000
00000000
00000000
00000009
0000000c
00110000
00000034
00001000
00000000
00000000
00001b00
00000000
0900001a
00000000
00000016
000c0000
00002801
00000600
00000000
00000016
00000000
00000000
23010000
00000000
00000000
00000000
00000000
00000000
00000000
00131100
00000000
00000000
1b000000
00000000
00000000
0300000e
00000000
00030000
00000017
00040000
00000000
00010000
00001715
00000000
031d0020
00000000
00000022
00060000
00001700
00000000
00000000
0a002106
00000000
00000000
03000000
00000000
00000000
00000000
00000000
00000000
00000000
05000800
05000000
00000000
00000000
00000000
00000000
11000000
00000000
00000000
0000001d
10000000
00000000
00080000
0000070d
18000000
00000001
00020007
00000000
00020005
00000507
00000000
00000700
00001000
00000007
0000001b
00000003
00000000
00000005
00000000
00000000
00000000
00000000
130b1a00
03001100
1e000000
00000800
00000000
11000000
21000000
00050000
00001b05
1c000000
12000000
00020000
000b0000
00000000
00000d00
00000000
00000000
00000000
1f00001f
00033433
00000000
00000000
03000a00
00000000
01000108
00000000
00000000
0100001c
00000000
03060000
00000000
00000000
02252c00
00001300
13000000
00000d00
00000000
0e000000
28000000
001c0000
00090000
14001200
00000000
00000000
04040000
00000000
00000000
00020711
00000000
00000000
29000006
00091225
00000300
04000200
08002400
0c000000
16000000
000c0000
00000000
0000000b
00000000
00000000
00000000
000a0000
02443400
00000000
00000000
26001600
00001300
00000000
2300000c
00040000
08020000
00000500
00070000
00000003
05060000
00000000
00000000
00000020
00000b00
00000000
00040000
00000318
00050000
00000200
0300310c
00000016
0d000000
1312000b
00000000
00000000
00000000
00000009
00000000
00170008
02300900
00000000
00000000
1e000006
08041500
09000003
19010a00
00040000
00000000
00000014
01020000
0e031d00
00000000
00000009
00000002
00000010
00000000
00000000
00070004
01000000
17030000
00000000
00001d02
0000000b
00000000
05000013
07000000
00010000
00000000
00050007
00000e00
00100011
00000000
10000000
00000005
01000002
0b110000
02000002
14060400
000c0000
00000000
00000008
07000000
0c000f04
00000003
00000406
03000000
00000002
0e080200
02000000
0003000e
02000000
040e0200
000a0400
000a0300
05010003
00000000
00030707
0d000000
00020600
010a0000
0e0c0000
04000d00
000b0005
00000007
0a000000
00000001
02000000
07120000
00000003
0e080000
00070000
00000000
05000402
06000100
03000607
00000008
00000407
05000000
00000002
09010c00
0f000001
0108000a
03030600
00070800
02060100
00040204
030c0006
00010005
00040803
06000000
00050000
06050000
10040501
06000900
00080000
00000300
0e000000
00000302
00000100
08100000
00000007
10090000
00070003
00000000
04000207
07000001
06000309
00000006
00000507
04000000
00000000
0a030b00
10000004
0508030d
03080a00
00040500
05060300
00030307
020d010a
00040004
00020708
06000000
00050000
08070500
0f060402
0a000c00
02070400
00000700
0d000000
00000106
05000000
070d0000
00000009
0c0a0000
01090000
00000000
06000004
03000000
03000900
00060001
00000d0a
05000000
00040000
05020500
0c000003
03060009
03040600
00020000
00050000
00010202
00090001
00070000
0000060c
01000000
00060500
020a0500
0c020002
0f000700
02040b00
01000500
0b000000
00000000
03000005
03100000
0400000a
0c0b0000
06080001
00000400
03000909
0e000100
12000106
00080300
00060d13
09030000
00000000
02030500
10040003
00080b0e
0a090300
000b0000
00060500
00000007
07040206
000a0010
00000d0b
13080000
00000000
09020100
13140008
06000801
000b0800
04000600
0c000000
00000000
1800001a
00000000
01000006
000b0000
00000000
00000000
00000000
00000000
0a00000f
000d0000
00000200
0c000000
00050000
021c0000
1b000000
00000002
11000000
00010000
00090000
00080100
00000000
00040004
00000200
00000000
03000700
0000000a
00030013
00000000
00000302
00000000
00000000
05000027
00000000
00070000
00000009
00040000
00000000
00002200
00000900
080f0000
00160000
00000000
1f000000
14000000
00090000
000b0011
0b000d00
00000600
00000000
00000000
00000000
00000000
00000000
04000000
00000000
00000000
00000000
00000021
00040000
00000000
00000300
00000000
00000000
180e0004
00000000
00040000
27000109
00000607
00000003
02001d00
00000000
00280000
003c0100
00040000
38000000
00000000
00040000
00000032
0d001b0b
00000000
00030000
00070000
00000100
01000003
00000007
17000000
00000000
00000000
06000002
00001708
00000000
00000000
090e0000
01000400
00000000
00090000
00000000
00000000
35000000
00000000
15000000
02110000
00000000
00060000
00130004
00000000
23000000
00000007
00000000
000c0030
11000900
00000000
18000000
00130000
04000a00
00000000
00000006
0d000000
00000000
00000004
03000000
00000005
00000000
00000000
09240000
00000000
00000011
00000000
00000000
00000021
01000000
00000000
00000000
00000000
00000000
00000000
0000001d
00010000
03000002
00000007
00000003
00040110
12000e00
08000f00
18000003
00000000
00000000
05000000
00000000
00000800
00000000
00000007
0e000000
06000000
000a0000
00000000
00000000
07000000
00000000
0b001600
00000000
14000006
00000000
00050001
00000000
00000200
00000000
00000005
00000000
14020000
00000000
00000004
00000404
00001400
0a001600
00000000
00000500
00000000
0f000000
2e0a0000
00000006
00000c00
00000000
00000000
00000a02
00000900
00000013
00000000
00000000
06000100
00000000
00000015
0b000008
00000000
00000000
00000000
00000000
00000000
00000000
02000002
00000000
00060000
00000e14
000d0018
00000002
00001300
00000000
00000000
00000000
15000000
00000300
00000000
00000011
00000000
0000041c
00000000
00000000
01010000
0000000d
00000000
00030000
00000000
00000000
00000005
00000011
00000002
00000000
06000000
00000000
00000000
00000013
00000000
03000000
00000000
00000f13
00000006
00000000
00000000
02000000
00000000
08000000
04000000
00040004
00090000
00000001
00000006
00000008
08000000
00000000
000e0000
00020007
00000000
00030300
00000000
05000000
00000000
00000000
02120000
00000000
0f000000
09050000
00000000
00000010
03000800
00000004
00040000
00000a17
00000004
00000002
00080600
00000000
00000000
0f000000
00150000
00040000
00070000
00020000
00080000
00001900
0400000d
00000000
07170000
01110000
01000300
00000600
00000005
0b000000
00000000
00000500
03000002
00000000
0d000000
00010000
00040000
00000000
00001f00
0000000b
0a000000
00000e19
00000001
00000015
000f0600
00000000
11030018
00000800
00000000
00090000
081b0000
0d01000b
00000027
07030d00
00000000
00000000
00000000
1300000a
00000007
00010800
05000000
00000000
00000000
1e000f0f
10001f00
00000000
0a000000
00060000
00000000
00000001
00001600
00000000
06000000
00000a00
00000003
00000010
00000f00
00000000
0908000a
00001801
00000003
00000000
04170800
00110000
00000011
081f0104
00000000
00000000
00000000
33000028
00000015
00000300
04000000
00050000
00000000
06000010
000e0000
00000000
0c080000
00130000
00000000
0000002b
0e000000
0a001000
00020000
00000500
00000006
00070007
02030100
00000000
00000000
08000000
00000000
00000000
000b1400
00000000
00000000
00081b16
00000000
00000800
0a010000
0b040000
03000500
00000d01
00000018
07000000
06000000
00000000
00000011
00000000
00000000
00110000
000c0000
00000003
00001700
00000000
00000000
00000e17
1f000000
0000002c
00190000
00000000
0000000c
00000000
00010000
00000000
00080d03
00000000
0002000c
00001609
00030000
00000000
00000000
02000014
00001200
00002827
00000004
00000000
00000000
0a000009
00000000
09000000
00000e00
000e0000
0f0e0000
00000000
00001400
00000000
00000000
00000000
00070000
00000036
00000002
0002000f
0000000f
00000006
00000000
00000000
00000023
00000005
0b040018
00000000
00050000
001c0000
00000000
00000031
00001f09
00003e44
00000000
05000000
00000000
01000016
06040100
05000000
00001400
00140000
00000000
0000001d
00000006
00001500
00000000
00000000
00020000
00060014
00000002
00000000
00000004
00000004
00000000
00000000
00000000
00000000
00000000
000a0000
14000000
000f0800
00000000
000d0002
00001600
0004202e
0000000d
17000000
0000010c
00000003
070c0000
01000000
0a060000
00040000
00000000
00000003
04000000
00000b0a
00000003
00000407
04000000
00000001
0b010700
09000000
0000000b
00000300
000b0000
00030300
00060200
0a040000
00000003
00010a06
11000000
00010200
050a0000
050e0000
04001100
000d0302
00000006
0d000000
00000106
03000000
080e0000
00000002
0e060300
00020000
00000000
02000005
07020001
01000509
00000707
00000406
04000000
00000001
06030a00
0a000000
00070007
00010800
000a0300
04060100
00070202
050c0003
00010003
0000080b
06000000
00040200
06090402
0d030300
09000d00
00090700
00000006
0a000000
03060000
00000000
040d0002
00000000
17000000
0a120000
0003000d
00000014
04001300
00000004
000e0000
00000b18
00000000
0000000c
00170d01
03000000
07000000
09000000
000c0000
000c0700
00040700
00000000
00000000
01001300
00000022
00000c00
18060010
00070007
05001800
000d0f09
0000000a
12000007
00000000
00000000
00000008
00000000
10000000
050a0000
00151200
00000000
00002700
00000003
14110000
0000231f
00000000
00000027
00230005
0000001c
17000200
00000000
00000000
00030000
11000008
00000000
00000007
11000500
00000000
00000000
0c000000
00010000
00001c00
00000500
03000000
01000000
00000000
00000000
03000000
00000004
12010000
00030000
00100b00
00000006
00003e00
00000000
0c000000
00002700
00000000
11000035
00000000
00010032
12000000
00000000
00000000
00000000
1d000003
00000000
00000000
29000000
00000000
00000000
00000000
00001005
00000500
00000000
00060000
00000000
00000000
00001100
00000000
0000000e
0f010000
00000000
00190000
00000009
00002a00
07000000
0a000000
00002800
00030000
19000034
06000000
00000027
1b0e0000
00000000
00000000
00000000
12000000
00000000
00000000
2b000000
00000000
00000000
00000000
00001000
00000000
00000000
001a0000
00000000
00000000
13000513
07000000
00000004
13030001
00000000
000d0000
00000027
00000b00
0a000700
01010000
00003500
00000000
09210021
00000000
00000019
050b0000
00000000
00000000
00000000
12000600
00000000
00000000
1e000804
00000000
00000000
00000000
00000002
00000000
00000000
00000000
00000000
00000000
00000000
00000000
00000000
12000001
000b0000
000f0000
00000032
07002000
03000000
000c0000
0000281c
00000000
00000024
00010004
00000000
00000000
0b000000
00000000
00000000
00000700
00000000
00000000
05000111
00000000
00000000
03000000
00000012
00000000
0000000e
020b0000
00000000
0f000000
00000000
00000000
0c000000
0b000019
00000000
000c0000
00000008
00003c00
00080000
01020000
00000a00
00080500
0000002f
00010000
0000000f
00000011
00001417
00000000
00000000
00000d26
00000000
0000000d
0c0d0000
00000000
00000000
00000000
0000001f
00000000
00000d40
00190000
00000400
0b000000
04000000
00000e00
09000004
04000014
00000000
000a0000
00000009
00001200
00090000
00000000
00000100
00180000
0000002b
00000000
00000000
00000009
0000000f
000d0000
00000000
00001818
04000000
02000002
18020000
00000000
00000000
00000000
00000036
00000000
0000003f
002d0000
00000000
00000000
1900060b
00001400
00000011
0b00000c
00000000
00000000
00000000
03000600
00000b05
09000000
00000000
000a0000
00010013
00000000
00000000
000c0004
00000000
00150000
00000000
00001a09
0100000e
00000000
0c070009
05000000
00000000
00000000
0007002c
00000a00
00030018
000a0000
00000000
00000000
0700000a
00070900
04000008
0e000000
00020000
00000000
0000000c
0c000000
13000800
00010000
00000000
00000000
00000004
05000000
00000000
000e0002
00000000
000d0000
00000000
00060300
00010002
00000000
0000050d
08030000
00000000
00090000
07110002
00001000
00060005
00000001
08000000
0000000e
00000006
020e0000
00000006
0c000000
00040000
00000000
00000002
03000000
0d000c06
00000704
00000a03
07000000
00000000
0c060200
07000000
00020003
02000000
000a0400
00020002
00070001
06090401
00000007
00050405
05000000
00010000
020d0001
0a090003
07000b00
00050100
00000000
0b000000
0000000a
00000008
050a0000
00000004
0a040000
00020000
00000000
00000000
09000000
07000506
00000000
00000d07
04010000
00000000
04000700
10000000
00010000
01000000
00060000
00000000
000a0005
0b090003
00000004
00060001
06000000
00010000
06080300
07030000
06000000
00000002
00000000
0e000000
00000000
00000005
040a0000
00000005
0e090000
00060000
00000000
06000001
04000000
0a000005
00000200
00030b0d
02020000
00000000
05000600
11000001
02040006
02000400
00060000
03040204
000b0003
04090006
00000006
00060003
02000000
00010000
090a0301
0b000001
09000400
00020703
00000400
08000000
00010006
04000200
040a0000
0200000b
0e0a0000
00080000
00000000
05000003
01020000
05000700
00060000
00020d0c
00000000
00030000
03020500
10000001
03050007
04010600
00020000
02060000
00010003
00090000
00060000
0000020a
02000000
00050300
010a0602
0d000004
0d000700
05000d00
01000600
0b000000
00000001
02000004
020e0000
0400000a
0d0d0000
07080002
00000500
00000909
0c000002
11000305
00090300
00060e14
07020000
00000000
01040400
13020002
00060a0d
0a080100
000a0000
00050600
00010006
07000207
000b000f
00000e0d
13050000
00000000
0b030200
13130007
08010a00
000b0700
04000500
0c000000
00000000
00000009
04000000
0000000c
00080000
00000000
00080600
00000000
00000000
08000112
00010000
0002070e
20000300
00010000
021d0005
14000000
00001400
1e000004
00000000
00000001
00000000
00000000
00000013
00000002
00000000
0e000000
00000004
000c0000
00000000
00010c00
00000001
1a000006
02000000
00000300
00000000
09000011
00000a01
00000015
000c2400
00000000
00030000
001f0000
00000000
17000000
1f000300
00000000
00000019
06040d19
00002009
00001902
00000000
0000001c
01000009
00000003
0d000007
00000000
00000000
00000015
0000000b
00160000
00000000
00001400
00000200
0f000100
00000000
00000000
00000000
0e000000
00002e09
06000001
000d0600
000a0000
00300000
001a0300
01130000
1a000000
00001300
06000000
00000024
0004181c
000d0000
00000701
0a000000
00000000
0100000a
0000000a
0a000000
00000000
0d000000
0a000020
00000000
00000000
00000000
00180200
00000b00
0a000000
00000000
00000000
00110000
1a000000
00000900
14000000
00100000
00110000
000c0000
000b0000
08000000
0c000000
00000d19
00000000
0011001e
0b000600
00000000
0500000a
001c0000
00001f00
00000000
00000009
08000000
00000000
04000b0d
00000007
02000000
00000000
00000000
00220000
00000d05
0000001f
00000000
00000000
00030012
00000000
00000000
03000700
02030000
0b000000
00000000
00020018
1a000000
0000000a
00000005
00000000
00070215
03000700
00001300
23000015
00000000
00000100
06070000
00000009
00001000
00000000
00000002
09000000
07000000
00000000
00000000
00000000
0d000100
00000000
06010000
00000000
1b00010c
00000000
0102000b
00040400
00001400
1e000000
0000000c
00000000
16000000
02000000
00000000
00000004
04060106
05001200
00000000
00011704
00000000
00000000
32000000
00000002
00001100
00000000
00000000
00000000
01000000
00000000
00000000
00000000
0e000d00
00000000
060f0f07
03000000
00000000
00000000
020d0000
00000000
00000000
00000000
00070024
00000000
00000000
06001800
00000005
00000005
00000200
03000500
00000000
00000000
0d000000
00000000
13000000
00000000
00000d00
00002513
00000000
00000000
00210000
00000000
13000000
00000000
06000800
00000000
00000000
04000000
00000008
00000000
06000000
00010000
00000000
00000008
0000000e
00000400
00000000
00001b28
00000005
00000003
02000000
01000000
00000000
00000000
0a000000
00010000
00000000
00030000
0005000a
00001412
00000000
00000000
00120000
00000000
01000000
00000600
00000000
00000000
00000000
00000001
01080002
00000000
0f010000
000b0000
00000000
0000000d
03000001
00000000
00000000
00000a10
00000000
00000002
000a0000
05000000
00000004
06000000
000a0600
00060000
00080000
00080005
00010000
00001005
05020002
00000000
02160008
0b0c0000
00000500
00000c00
00000002
04000000
00000000
02000000
03030800
00000000
0a000000
00010000
00000000
00000000
00000e00
00000006
00000000
0000110d
00000000
00000009
00100600
00000200
00070008
00000000
000e0200
00100000
00110300
00030002
0008000f
09001e00
02000000
00000000
00000000
0c000012
00000d01
00030200
00000005
00050000
00000000
0700000f
05041f00
00000001
09000000
00000000
00000000
00000000
03000a00
00000000
02000000
00001600
00000000
00000007
00000800
00000000
00050000
00000000
00060000
00100000
000c0500
000b0000
00010011
0f001900
04000000
00000000
00000000
17030014
0000050d
00040004
00000007
000a0000
00000000
0000000a
010c0100
00000000
0b020000
00100000
00000000
00000013
00000000
07001000
00000000
00000600
00000000
00060008
0a000700
00000000
00030000
00000000
00060000
00090000
000c0600
00040005
00000000
00001b0d
0e000000
00000000
00110000
0b100000
00000f00
00031300
00000008
01000000
00000000
00000000
00000007
00000000
07000000
00090000
00050000
00000006
00000200
01000000
00000000
00000617
02000000
0000001d
00120000
01000000
00020000
00000000
00030000
00070000
000a0501
00000009
00000001
00001f0c
0f000000
00000000
00110007
0806000a
00003000
00011d0e
00000010
00000600
00000000
00000004
00000106
00000007
07010400
00000000
00080000
00000001
00000403
00000004
00000000
00000000
00000000
00000022
00000004
03000000
00000000
00000000
00000000
000b0000
00000005
00000001
00000010
00001600
0f040000
000c0000
04040000
0009000d
0000350a
00000611
0000000e
00000000
00000000
00000007
0a020000
00000005
0a031000
000b0000
00000000
0000000a
00000002
0c000a06
00000000
00000000
00000002
00000010
06000003
00000000
01000000
00000000
00000500
00080300
00040000
03000008
00000009
00000800
13000000
00100000
040d0000
08120000
00001400
00060e00
00000003
0e000000
00000007
00000000
090e0000
00000005
0a0c0000
00060000
00000300
00000202
03010002
04000d09
00000006
0000010b
04000000
00000004
0a040b00
0a000000
01020008
00020300
00060801
02030300
00070202
0b090206
00000006
00000b05
0a000000
00020000
050b0200
0c080004
09000b00
02090300
00000300
0a000000
00000107
05000000
070d0000
00000003
0c090100
00050000
00000000
03000004
03030003
02000408
0001010a
01000408
02000000
00000004
09010900
0d000000
01080008
00030400
00090700
03070000
00030204
060c0006
00010003
00020908
06000000
00060200
08070500
0f010003
09000800
02060500
00000000
0a000000
00000000
00000000
020d0000
0000000c
0d040000
000f0000
00000003
00000004
04000b00
0900040c
00000002
00000116
00000000
00000009
00110a00
07000000
00040000
09000000
001a0e00
00080500
00070000
00080009
00000002
03000f00
0000000b
00000000
020b000a
0e090002
08001400
00040a00
00000005
10000001
00000000
00000000
00000000
0000021d
07000000
000d0000
00090300
00000000
01000600
0600001b
12000000
00000318
00000000
0000000d
00140200
00070001
00160000
00000000
00130000
00050405
00180000
0000000a
00000009
09000d00
00000000
00000000
0005000a
0a080000
00001800
00000100
00000000
00020000
00000000
00080400
00030000
0000002c
05000000
000d0000
000e0000
00000000
00000d00
12000000
06000000
00001b00
00000000
00000006
00020000
00000002
00170000
00000000
00040000
00000514
00190000
00000000
0000000d
1e000a00
00000000
00000000
00000001
09030001
00000300
00000000
00040000
00000000
00000000
000c1807
00000000
00020029
08000000
00080000
00170000
00000000
01000000
15000004
00000000
00002d00
00000000
00000000
03000000
00000000
00150000
00000000
000b0000
0000040f
00130000
00070000
00000000
21010400
00000000
00000000
00000000
00000005
00000000
00000000
00150000
00000000
00000000
0500011d
00000100
00000001
00000000
00040000
000e0000
00000000
11080000
0a000000
00000000
00003200
00000003
00110000
00000000
00000000
00080000
00000000
00070000
00000000
00120000
00000000
00000000
0d000000
00000000
00000000
00070000
00040000
00000000
00000000
00000000
00000000
00000000
00000003
00000000
00000000
03000000
0d090000
00120000
00000002
00000000
0b000000
00000000
00001c17
00000007
00000007
00000000
00000000
00000000
00000000
00000000
00000000
00000300
00000000
00000000
0c020811
00000000
00000000
00100001
00000000
00001000
0000080c
00000000
00000000
00000000
0000000d
0000000c
00000015
02000003
00000000
00130000
00000000
00000000
00000000
00000000
00000b18
00000002
0000001c
00000000
00000008
00000000
00000000
00000000
0000000a
00000023
0000000a
00000014
02000100
00000000
00000000
0000000d
00000016
00002900
00000d24
00000000
00000000
00000000
0000001a
00000000
00000000
0000000f
00000000
00000000
00000000
00000000
00000900
00000000
00000c00
00010000
00000011
00000008
00000000
00000000
00000000
00000000
00000000
00000000
04000000
00000003
02070000
10000000
00000000
00000000
0019001b
00000000
00000019
0000000c
06000000
00040023
00000013
00000000
01030000
03000000
00000000
00000000
00000000
17000000
08000000
00000000
00000000
000d000e
00000003
00000c00
00000700
00000000
00000000
000e0000
00060000
001a0000
08000000
00000000
00071100
15010000
00000000
00180000
00030000
00000000
0000000f
00000001
08000000
0200000e
02000020
000d0000
13000000
0b000000
00000000
00000000
00020000
00000000
04000000
00030200
00000508
000e0005
00010000
02000900
0f000000
00000000
00000002
00090000
00070002
001a0400
00000000
00030000
00031100
0a000000
01000000
00120002
00030000
00000000
00000104
00000000
0a000000
00000017
0000001d
00090000
0a000001
08000000
00000000
00000000
00000000
09000000
0000000b
00000000
00001100
00000009
00000000
0a080000
21000000
00000000
04000000
00000000
0000000e
00130000
00090000
0000000c
00101500
0000000e
00020000
00030006
020f000d
00030000
00000009
00000000
0f000000
00010033
00000005
0e0c0001
00000000
0a090000
00000000
00000700
00000000
11000002
00000002
00030000
04001001
00010211
00000000
00000500
22000000
00000000
00000000
00010001
00000000
080e0005
000d0300
00000000
00091d00
00000007
00000000
031c0c01
06000000
15000000
00000301
00000300
00000000
00000006
02000000
05090000
00000000
0d060000
00050000
00000000
00000000
00000000
00000500
00000000
00100e21
00030207
00000000
0b000900
13000000
00000000
00000000
00070002
00020000
000a0004
00040000
00000005
00001006
00000000
00000000
06110300
03000000
09000000
00030a05
00000200
00000000
00010003
03000206
07090000
00000008
0c0a0000
00070001
00000000
07000005
00000000
01000200
00030000
00060e0f
00000000
00030000
03020100
10000000
02000008
04030600
00010000
03040000
00020007
00080000
00050002
0000010a
04000000
00040600
01090400
0b030001
0b000400
05000e07
00000500
0a000000
00000000
03000003
030f0000
03000006
0d0d0000
08070001
00000400
02000a07
0b000002
11000405
00080100
00060e13
05020000
00000000
01040400
10000002
01060b0e
0b0a0400
000a0100
00040500
00010005
07000105
0009000d
00000c0e
14040000
00000000
0c010300
13140006
07010500
000d0600
02000600
0b000000
05000000
00000003
020d0005
00000000
00150000
00000000
000b0000
00000000
00000200
1000090b
00060000
0009051f
0a000001
00050004
00190000
0d000000
00060903
1d000000
00000000
00000000
00000300
00000002
0000000a
00000700
00000000
00001100
00000000
00030000
00000000
00021307
00000007
25000000
00000000
00000400
00000000
00000000
00000400
00000000
00110000
00000000
00000000
00150000
00000000
00000000
07000000
00000004
0000000e
021f0014
00022118
00000006
00000000
00000000
00000006
0000002c
0d000022
00010000
00000000
00000712
00000000
00000000
00000000
00011000
00000000
0d000000
00000000
00000000
00000000
00000000
00000c00
00000000
00030000
000f0000
00100000
14010000
0a0c0000
00000000
00000504
00001600
00000007
00120b05
00160000
00000010
00000000
00000000
0f00000c
0000001b
0a000000
00000000
00000d00
00000c1d
00000000
00000000
00000000
00090000
00000e00
00000100
00000000
0c000000
00000000
05000000
00000000
00000100
05000000
001e0000
00000000
06020000
05030000
00000004
0000050d
00000000
00170000
00000800
00000000
0000000b
000a0000
05000d00
00000000
0100002b
09000014
00000000
00002800
0000000d
07000000
0000000a
12000004
00080000
01001800
0000000c
00000000
00000000
00000006
00000000
00000000
0d000d00
0d000700
10000000
03000200
01010009
1d0e0000
00000005
00000b05
00000000
0010020f
00000e00
00010f00
1d000014
00030000
00000000
00000000
00000017
00000b00
00000000
00000200
0b000300
00000000
00000000
00000000
00000000
09000a00
00000000
06000000
00001300
16002a00
00081f00
0a000001
0a141f00
02000000
37000000
00000400
00000000
1c000000
16000000
00000000
00000002
15030801
00001400
18160000
001a1807
00000000
0c000000
14060000
000c0008
00000e00
00000000
00000000
00000001
00000000
0d000500
07030000
00000000
0f000d00
00000000
06020000
12000e00
0e000200
00000008
11110e01
0b120403
00000000
16000000
00240001
00000000
090f0000
1c000100
00000000
01000000
14000200
0e00000c
00000000
00021000
19000000
00000000
27000000
00090000
00000c00
00000011
00000000
00000000
00020000
0c000000
17000000
00000000
0f000000
00030000
00000000
11000000
0001000e
00000001
00000000
03060000
00000000
00000000
00000018
00000000
00000000
0a00191c
00000604
00060005
0d000000
0b000000
00000000
16000000
15000000
00000000
00000000
00060000
000d0000
00001c21
00000000
08000000
00000000
0a000000
08000000
00000100
0600000d
00000000
00000003
00000005
0405000f
00000002
03000000
00010000
00000000
02000000
04000002
00000000
00000000
00001213
04000001
00000001
03100000
05000000
00000000
0a010000
00000000
00000000
00040000
010a0000
00010007
00000405
04040003
03060000
01060002
06160005
00000000
00000300
00000009
0d000000
00000001
00000002
03070001
00000001
03000000
00000000
00000000
00000000
01000000
07000000
00000000
00000907
00000000
00000001
000c0700
00000000
00000000
00000103
00030700
00000005
00090000
11060000
00000000
0c090001
080b0000
00000000
04040202
04000002
00000000
00050000
0000000e
04000000
00000000
0000000a
03070000
00000000
00000000
00000000
00000000
00000000
00000000
02000000
00000000
00000804
00040000
00000000
00000b00
00000000
00000000
00000005
00050000
00020009
00090700
10090000
00000000
0e070000
12030000
00000000
08040005
06010000
00000000
00040000
00000010
06000000
00000000
00000009
020e0000
00000000
02000000
00000000
00000000
00000000
00000000
09000000
00000000
00000505
00000000
00000001
03000a00
00000000
00000000
00000004
00020600
00000006
000c0700
13080000
00000000
0d0d0000
12060000
00000000
05040004
05020000
00000000
00030000
00000009
09000000
00000004
00000007
00080000
00000000
00000000
00000000
00000000
00000000
00000000
04000000
00000001
0002030a
00000000
00000006
00000800
0a000000
00000000
00000000
00060400
00000000
000a0300
090b0000
00000000
050a0000
0f050001
00030000
030a0207
04000000
00000101
00000202
00000009
05000000
00000002
02000009
05080001
00000004
05030000
00000000
00000000
00000002
00000300
00000004
00000001
00010208
00000000
00000006
01000900
0f000000
00000002
00000000
00080000
00060000
00070001
03090001
00000002
01050200
0b000000
00020000
05090005
06020000
00000603
00000700
00000006
09000000
00000004
00000003
0b0c0000
00000005
0d070000
00050000
00000000
02000003
00000100
00000107
00000002
00000008
00000000
00000004
08000700
0f000000
00010005
03000300
00050300
00050000
00060001
050a0005
00020005
00010204
0a000000
00060000
07090100
0c070001
05000500
00050500
00000005
0c000000
00000104
03000000
08100000
00000007
0d080200
00060000
00000000
04000004
05020002
05000609
00000007
02000406
02000000
00000003
09050a00
10000000
0006000a
00050600
00080700
02050100
00060204
080d0006
00020006
00000809
09000000
00060100
07060400
0f050301
0b000700
00090300
00000201
0a000000
00000006
06000000
080f0000
00000007
0d090200
00040000
00000000
04000003
06020003
04000308
00000108
03000305
01000000
00000003
09030900
10000000
00080008
00040500
000b0800
02060000
00050203
080e0005
00030003
00000708
07000000
03050000
09060400
0f030300
0a000700
00070301
00000102
0a000000
00000006
02000000
06110000
00000207
0c0a0000
00050000
00000000
01000000
04000001
0300030b
00000008
00000508
03000000
00000001
06040800
0c000000
00050006
02020200
000d0900
00030300
00060101
070c0003
00000005
00000704
05000000
00010000
05080200
12040100
07000700
00050300
00000107
0a000000
00000000
05000007
000e0000
00000004
0d000000
00060000
00000000
04000000
04000000
0000010a
01020004
00000800
04000000
00000000
05110400
0c000000
00060000
00000000
00180002
02030500
00060300
00080000
00040005
02000d00
00000002
00050000
00080009
0c030008
00000500
000c0602
00000019
00000000
00000001
0400001c
000c0000
00000003
02000000
00000000
00000000
00000000
06000000
00000008
00020000
00002f00
05000100
00000000
04150006
00000000
00040000
00000000
00000000
00000000
00000000
00010000
00000007
02001900
0003001b
00000000
00000000
000e0008
00020200
00000000
0000000f
00000000
00000015
00000002
090e0000
00000000
00030000
00000000
00001a00
00000000
00000012
00000000
00000000
06002500
00000011
00000000
0a040000
00000000
00000000
00000000
00000000
00000000
03000000
00020000
00000000
00001600
00000001
00000000
08110000
00040000
00080900
00000000
01000001
00000000
07040517
00000000
0f100000
00000000
00030000
00000200
00002200
00000000
000e0005
00050000
00000003
0f000f00
00010027
00000000
07000600
00000000
00000000
00000000
00050000
00000400
0d000000
00020000
00000000
00001000
00000000
00000000
22240000
00000000
00000000
00000000
0a000300
00000000
06220f17
00000000
06120000
00000000
00000000
00000000
00000000
00000000
00180000
00000000
00000000
02001616
00020015
00080000
02000000
05000000
00000000
00000000
00000000
00000000
16000000
00000000
00000000
00001f03
00000000
00000000
041f0000
00000000
02000300
00000000
02000000
00000000
00000000
00000010
0000001c
0000000a
00000000
00000000
00020000
00000000
00000003
00000000
00000000
0000202a
00000014
00000000
00000000
11000000
00000000
00000000
00000000
00040000
00060000
00000000
00010010
00001c09
00020000
00000000
00070000
00000024
00000000
00000000
00000000
00000000
00000026
0000001e
00000000
00000000
00000000
00000000
00000000
00000000
04000000
00000000
00030000
00001300
00000010
00000000
0001000b
06000300
00000000
02000000
00000000
00010000
000d0000
00000000
00000000
00000300
0000000c
00000000
02000000
00300001
00010000
00000000
00000000
00000000
20140048
00000000
001f0000
03030000
06000000
00000008
00001e00
00000000
0e090014
00050000
00000000
10000000
0015001f
00000000
00000a06
15051800
00000000
00000000
000e0001
00000000
112c0000
00000000
00000000
00000600
07000000
00000000
05320a00
00000000
00000000
00000000
00001700
00000000
211b0000
0c000012
001f0000
10000000
06000000
00000000
00000000
00000000
00000000
00000000
00000000
03000013
000f0015
00140000
00000100
14010200
00000000
00000008
00170000
00020000
002c0300
00000000
00000000
00001e01
10000000
00000000
000a0000
00000000
00000000
00000000
00000000
00000000
00020002
00000015
04010000
01000000
02000000
00000000
00000000
00000000
0a000000
00000015
00000000
10000900
0000000a
00000000
06060000
1b000000
02000000
13000000
00000000
00000c00
00220000
00040000
00000007
00000c00
0c00001a
00000300
0b000200
00150000
08060000
00000002
07000000
07000000
0912001c
00000700
1f000000
00070000
0f140000
0008000b
02002200
00000000
0a100007
00000000
02080000
2a000000
0000000e
00000000
00000c00
1f000000
15000000
00070b00
00030007
00000500
2a1f0000
00140905
04000800
00000000
00000005
0000000a
0d271800
14000000
2a000000
00070000
0e001c00
00000000
07130500
15000000
08070000
00010000
0b0a0000
00020400
00000000
00000000
0006000b
00000600
00010000
1a030917
00000009
00070000
0f000a00
0d000000
00000000
0d000000
14000000
00020000
06100002
00030000
00000200
00001410
00000000
04000000
050b0800
07000000
17000000
00030200
07000200
01000000
00030000
08000006
070b0004
00000009
0e080000
00050000
00000000
02000006
00000000
08000605
00000000
000d1415
00000000
00090000
06030200
0d000000
00000006
0a000400
03000000
00040000
00050005
00090000
00060003
00000110
05000000
00020500
00000000
08010001
0b000600
00030708
00000205
0d000000
00000003
01000007
02120000
01000007
0c0d0000
00070004
00000300
02000b07
0c000000
10000402
00070002
00060e0f
01000000
00000000
03040400
12000001
00050a0b
0c070100
000c0200
00070900
00010004
09030405
000a0007
01010c0b
18030000
00000000
0c010000
14120006
06010700
000f0200
03000800
0b000000
04000000
03000000
00080000
00000000
001b0000
04000000
00020000
00000005
00000200
1800110d
000a0000
00040117
09000003
000d0008
00150100
02010000
00130100
15000000
00100000
00000000
00040400
00000012
00000007
00000d00
00000001
00000800
070b0003
00020000
00000000
00001805
01000000
18000000
00000000
00000000
00000000
00000000
00100000
0f000000
00060000
00000000
00000000
00000005
03000000
00000000
01000006
00000000
00080000
00110002
00021106
00000000
00000000
00000000
00000008
00000016
0c000025
000b0000
00000000
00000000
00000000
00120000
00000000
00000000
00000100
00000000
00060000
00000000
00000000
00000000
0000081f
0a000000
00000000
000a0000
00070000
0b000000
0d000000
00000000
0000000f
00002c00
00000003
001f0c00
00100000
00000012
00000000
06000000
0800000f
0000000c
0a000000
00010000
00000d00
00001319
03000000
00000000
00000000
00000004
00001500
00000003
01050000
0a000000
00000000
00000000
0e000000
03000200
00000000
000d0000
07000000
00000005
02040000
00000000
00000214
00000000
00100000
00001100
00000000
0000000e
000f0004
06000100
00000000
0000000e
00000004
00000903
00002300
0000010e
00000000
00000000
0f000000
00000000
03001100
00000000
08010000
00000000
00020009
06000000
09000000
0b000d00
17000900
00000000
03000000
00000000
12010000
0000000b
00000e07
00000000
00130103
00000a00
00000000
0a000007
000e0007
0f000000
00090000
00000009
00000802
00000000
00000f00
00000001
00000000
00020000
00000000
00000000
00001300
00000000
0b000000
00001900
06001313
00050001
1a000000
0b0e0e00
02000000
17000000
00000800
00000009
06000000
00000000
00000400
02000000
07001000
00010c00
06120001
07120608
00080000
0f000000
00090000
080e0004
00000d03
00000000
00000000
00000003
00000000
0d000b00
00090000
00000000
02000000
00010000
00000000
0f001f00
1b003300
00080006
13060300
16180c00
00000000
0e000000
00180000
0c000000
0e140000
00000000
00000000
08000100
11000f00
08070000
00110000
00000b00
15000000
0c000a00
150d0000
000f0005
00000100
0000000b
00000000
00000900
00000500
1f000000
0b000000
00000000
08000000
00040000
00000000
16000000
0003010b
00000000
0a000b00
030b0000
00000000
00000000
01000002
0a000100
00020000
00000b01
00000606
00010000
0e120000
0e000000
00000000
13000000
0d000000
00000300
00080000
00080000
00030000
00000c1c
00000000
05000200
00000000
0f000000
00000000
00070000
00000011
02000000
00000012
00000017
00030016
00000000
02000000
00000000
00000200
00000000
0f000004
00000001
00000000
00001706
00000705
00000000
05150000
0b000000
00000000
0e000000
00000000
00000000
00080000
030b0000
00000005
00071802
030d0008
04060000
00000001
021f0005
00020000
00000009
00000007
1c000000
01000027
0000000c
0908000b
00000300
04000000
00000000
00011700
00000000
20000014
00000000
00000000
00000201
00060c0f
00000000
02180400
05010000
00000000
00010002
00000000
00000000
00170006
1b0f0000
00000000
00142605
00120005
00000000
0f0f0c00
000e0000
00000200
0000000c
00000000
0f000000
031a001e
00000012
06060005
00000100
03000000
00000000
00010d00
00040900
13000005
00000000
00000000
00050009
00140e19
00000000
02050900
00040000
00000000
0000000e
000f0300
00000000
01230007
14160200
00000000
00171f04
07120000
00000000
1a0c0800
00000000
04000000
00000012
03000000
07000000
0020001c
00000015
0607000a
00000600
03000000
00000000
00030000
00001200
04000000
00000000
00000000
000b0005
00130c14
00000000
07000a00
00010000
00000000
00000011
000f0100
00000000
001f0404
060f0000
00000000
00191a06
06100000
00000000
14000400
00000000
00000000
0000000e
00000000
03000000
001c0028
00000014
02060004
00000100
07000000
00000000
00000000
00030000
05000000
00000003
00000000
00090003
00110815
00080000
01000b00
14010000
00000000
00000006
00170000
00000000
02190000
00110200
00000000
000c1401
04050000
00000000
0a0c0300
00000000
05000004
00000015
00000000
00000000
0009000f
12000011
02080000
00000000
06000000
00000000
00000000
02000000
00000000
00000908
00010000
000f0a15
00000303
00090000
0a000600
12000000
00000000
00000000
000d0000
000a0000
000e0000
00050000
00000001
00051400
04050000
00000000
00060000
00000000
03000003
0000050a
00000000
00000000
00000003
0000000c
090d0000
00000009
0d060000
00040000
00000000
07000008
01000000
02000105
00000200
000c0511
00000000
00000000
0b070100
13000000
00000007
06000000
00060000
0009000a
00070009
00110100
0000000f
00060606
0b000000
00050500
01050000
08090003
08000503
0504030a
00000009
0d000000
00000206
04000000
080f0000
00000005
0e070400
00050000
00000000
03000103
06000001
05000409
00000407
0000060a
01000000
00000001
09050900
0f000000
0007000b
01030600
00090500
02050300
00050204
0a0d0006
00000005
00030509
09000000
02050200
07040300
0e050500
08000900
00080201
00000204
0a000000
00000109
02000001
080e0000
00000004
0e070200
00040001
00000000
03000104
07000001
04000309
00000407
01000507
01000000
00000001
08030900
0e000000
0006000b
00030800
000a0700
02060300
00050103
0b0c0005
00000005
00020608
08000000
01050000
09050400
0f050600
09000800
00090300
00000403
0b000000
00000209
03000001
08100000
00000002
0e090100
00040000
00000000
05000004
04000000
0700030a
00010409
00000409
01000000
00000002
08020a00
0f000000
0006000b
00010900
000c0800
03040200
00060205
0a0c0104
00010005
00020608
08000000
00040000
09040400
0f040600
0a000803
01090400
00000302
0a000000
00030000
0b000014
06030000
01000000
0f000500
00060006
00000000
08000000
08000000
00000009
0009000c
07000003
0f000000
00000000
050f0600
0f000000
00000003
00000000
001b0003
07060a00
00030704
00050001
000a0000
00000a00
00010019
060a0505
0b020002
0f070007
07000a00
000b090d
00000012
07000007
00000000
02000010
0f000000
00000012
00000000
00000000
00000900
00000000
00000000
00000011
0d020000
13001800
21000300
00000000
0020000d
0f000000
00000c00
0f000000
00000000
00050000
03080000
00000000
0000000b
00000000
00000028
13000000
06000000
00230000
00000000
00000000
0100000b
0c000000
00000900
00000000
29000000
00030a14
000e0000
00000011
00004a00
05000000
0000000b
00000000
09000000
39000100
04000200
00000000
05110002
13000007
00000e00
01000c00
00000000
00000000
1c010000
00000000
00000000
00000000
00000000
08000000
15000000
001c0000
00110000
03000000
0f000000
00000000
10001400
00001500
15000000
001e2008
00100000
00000927
00002c00
00000000
00040014
00000000
01000000
53000000
00010000
0d000000
0c000000
0800000c
0b000000
00000b00
00000000
00000000
1a000000
000b0300
00000600
00000000
00000000
00000000
21070000
00000000
06000000
0f000000
14000700
00000000
08260000
00000a00
0d000000
00080000
000b0000
05000013
00000000
00000000
00270000
00000000
000b0000
2e000000
00060009
07140000
02000000
08000007
00000000
00000000
00000000
00000000
30100000
00020000
00000900
00000006
00000000
00000000
010a0700
00000000
2a000000
00000000
06000400
00000000
00080000
0b000010
0000000f
00000000
00000000
00000000
000a0000
00000000
0000000c
00000000
00000000
05001318
00000413
00090000
04030000
1c000000
00000000
19000000
00000000
00050000
00100000
00000000
00000000
00001617
00000000
03000000
01000000
00000010
06000000
00000000
00000004
00000000
01000000
00000000
00000000
00000000
00000000
0000000d
00001000
00000000
0500000d
00000000
0b090000
0d000000
0d000004
00000000
00070015
13000800
00000000
00000000
00000000
00000000
130d0000
00000000
00000000
00000000
00000007
10000000
12000000
002a0000
00000000
00000000
00000000
00000000
1c100000
00000100
00000000
04000000
0000002d
00000033
00002700
00000000
000f0017
00000000
06000000
43000000
00080003
00001600
00000111
11051b00
00000000
002c0b00
00080000
11000000
3d050024
00000000
0e000000
00000000
00000000
00000009
0b1f1500
00000000
16000000
09000000
00003400
00000300
17150000
2400000c
00000000
0d000000
00000022
00000009
00030000
00000000
00000000
00000b00
00020000
1f000007
00020007
00240000
00000000
00000000
00000000
24000000
000b0000
00000000
0b01051c
00000000
00000000
0000000d
00000000
00000000
00000000
00000009
00000000
00000000
00000000
08000300
00000000
00000000
0b000000
00000000
0a000000
000b0000
00000000
00000000
0f000000
00000029
00000000
0f00000f
00000000
00000000
00000002
0a000000
0d000000
2c000000
00010000
00001300
0f0f0000
00000000
00000900
00000000
00000001
06000605
0a000500
000f0000
07000000
00000000
0f000000
02000000
12000400
1b001000
24000000
00000000
10070000
0016060e
05002000
14000000
000f0000
00000000
11080000
32000000
00000000
01001000
00001001
02000c00
2d050000
00122f00
00080010
0d090000
35190000
00150008
02001700
00000000
00000c00
00000017
00001a00
1b000000
27000000
00080000
1c002000
00010000
04050100
20000000
09010000
00000000
0b0a0300
00060700
00000000
01000000
00060000
0c000b00
00000000
1b000009
00000000
00080000
08090800
00000000
00050000
1f000500
27030000
00060000
050a0300
00040000
00000600
0000001d
00000000
0c000000
00000000
0f000000
14000000
000d0000
0a00000a
0c000000
00000000
09000009
00070000
00000006
0d060000
00010000
00000000
00000004
02000000
0e000606
00000000
000a160b
00000001
000c0000
07020200
0a000000
00000000
11000300
02020400
00040000
00080300
00070000
00060000
00000418
07000000
00000000
04000000
06060003
07000700
00070305
0000000a
08000000
02000009
00000009
010d0000
00000006
060d0000
00030208
00000900
00001300
0d020000
0b000502
00090008
000b0f0b
00000002
00000000
03000400
14000003
00040d03
08010000
00110500
00031001
00030503
0d040407
00080000
00000806
1e020100
00000604
10040601
11110000
06000903
000f0303
03000a00
07000000
06040001
03000000
000e0007
01000000
00130000
04020000
00000600
00000000
0c000100
1700070c
00100000
000d091c
08000006
000b0001
000e0800
04000000
00100000
0a000000
00120000
00000000
00090000
03000000
00000003
00000a01
00000000
02000a01
000f0607
05050000
03000000
00001204
00000001
08000000
00000000
00000000
00000000
00000000
00080000
0f000000
00000000
00000000
00000200
00000000
06000700
00000010
08000000
00000000
000e0000
00000000
00030e04
00000000
00000000
00000000
0000000b
0a000000
06000023
000a0000
00000000
00000000
02000000
00230002
00050000
00000000
00000003
00000000
06000000
00000000
00000000
02000000
0003073a
13000508
00080000
00120000
03000005
00000000
05000000
00000000
00000004
00032800
0000000b
00130000
00040100
0000000e
00000000
16000000
1300001f
00000009
16000000
00000000
00001600
0000001e
02000000
000c0000
04000011
00000000
00002700
00000700
060a0d00
1a000000
00000000
00000000
14000002
00000500
00090000
00020000
06000000
00000000
05000000
00000000
00000004
00000e00
00020000
00000000
13000000
00000019
00000000
00000000
05000000
00000000
00000000
0000000b
00001000
00000012
00000000
00000000
00090000
00000000
05001d00
00000b00
0b080000
00000000
00000000
16000000
12000000
12000700
18000000
00000000
03000000
00000000
02040000
00000004
00000907
00000000
000b0000
00000900
00000000
00000005
000e0000
0e080000
00000000
00000000
00000e00
00000000
00000600
00000010
00010000
00000000
00000000
00000000
00001300
00000a00
02000000
00000f00
00000514
00000000
16000000
14050000
02000000
0e000000
00000000
00000001
02000000
00000008
00000600
00000000
00030105
00000800
00020001
07060006
00000000
09010000
00000000
0b000003
00000b08
00000000
00000000
00000000
00000000
05000002
000c0000
00000000
02000300
00000000
03000100
05001700
0d001f02
000e0004
16020000
1f0c0300
00000000
10000000
00120000
10000000
00080000
00000000
00000000
08000300
0b000c00
08080000
000e0000
00000000
01000000
0f000900
0e030000
0b0e000c
03000000
000e0004
00000000
02001702
00001d00
1f000000
08110007
00000000
09000000
00000000
00000000
17000006
0000000e
00000004
0b000400
0a050000
00000000
00000000
08000004
0f000000
000c0000
00000602
00000a06
00000001
0b130200
11000000
00010000
00000000
00000001
00000000
00000000
00030000
00030000
00000f0f
00000000
00000700
00030000
09000005
00030500
00000602
00000000
00000000
00000000
0000000f
0000000f
00000003
00000100
0b000000
00000800
00000000
19000002
00000000
00060000
0c001209
0c000604
00000000
011d0001
0b000000
04000000
0d000000
00000000
00000000
00090000
00000000
00000005
00000000
0005001b
12000000
09010000
002a0007
00060000
00000006
03000000
17000000
03050001
00000000
05000004
000a0000
00080000
04000419
00003100
00000000
23000023
00000000
00000000
21000000
00000014
00000000
00140400
03000000
15000000
00220000
00000400
00000000
191b0000
0d0b0300
01000000
00000200
0000150e
00000000
1a1f1d00
00070000
00040000
09000000
09001300
00000200
082a0000
000b0000
00020000
000f0000
00000000
05000917
00011d00
00000800
06000011
00000000
00000000
1f000000
00140018
00000000
00000e00
00000000
16000000
000d0000
00032000
00050000
172a0000
020f0300
00000000
00000d00
00000802
00000000
29091600
00000000
05000000
00000000
08000400
00000a00
023c0300
000a0000
00080000
000c0000
00000000
04000306
00000600
00000f00
02000002
00000000
00000000
10000006
0013001c
00010000
00001000
00000000
09000000
00000000
00091a00
00080000
12250000
00050000
00000000
00000900
00000000
00000000
29041000
00000004
08000000
00000000
02000000
00000800
133f0005
00000000
01020002
000a0000
00010000
00000009
00000000
00000000
00120000
00000000
00000000
1b000007
001e001c
00240000
00001600
05000000
01000000
00000000
00160c04
00100000
17230000
00050100
00000000
00001601
00000000
00000000
16161500
00000000
07000000
00000000
00000b00
00000200
041a0000
1b000000
07060000
02000000
00000000
00000000
00000000
00000000
00000000
0000120f
00030000
0b000b24
00010003
00150006
0a000d00
0d000000
00000000
03000000
06040000
000f0000
02100000
00000000
00000000
0000280b
03000000
00000000
00000100
00000004
00000000
00000000
00000000
00000000
00000003
01000003
070c0001
0000000a
0e080000
00030002
00000000
0200000c
0a000006
02020005
00000000
030a0c17
00000000
00000003
0c020200
12000000
00000009
0a000000
00000000
00080807
000b0006
00110000
0003000c
00000a0d
0c000000
00020d00
00050000
04010006
0d000801
0201000d
00000011
11000000
00000109
02000001
070d0000
00000005
0d090300
00040000
00000000
02000203
09000003
07000309
00000409
0100050a
04000000
00000001
08050900
0c000000
0006000c
00050500
00090500
02040000
00050001
080b0003
00010005
00040809
09000000
00050200
0a050300
0f070402
09000900
00080200
00000103
0b000000
0000000c
01000000
070e0000
00000004
0e090100
00040000
00000000
04000100
06000003
05000308
00000308
02000609
03000000
00000002
09030800
0c000000
0006000c
00050700
000a0600
01050000
00040001
080c0002
00000005
00050709
07000000
00020100
0a050400
0f050703
09000900
00070201
00000301
0b000000
0000010a
03000002
07100000
00000005
0e0b0100
00050000
00000000
04000002
06020103
0600030a
00000309
02000509
02000000
00000003
09030900
0e000000
0006000b
00040900
000b0901
03050000
00060105
080d0003
00020004
00030a09
07000000
00040100
09050500
0f030703
0a000903
00070403
00000400
09000000
00020000
0b000014
040b0000
02000007
12000100
000b0004
00000000
06000005
09000000
00000609
00010007
0000010f
02000000
00020000
00100600
0f000000
00000108
03000000
00200705
050a0800
00040600
00070106
00090004
00001100
0000000e
00040604
070d0005
11060007
09000b03
000c0907
0000000e
0c00000a
00000000
00000005
0a060000
00000015
01000000
00060000
00000000
00000000
05000000
00000022
0f000000
00001a1d
09000002
00000000
00180005
0f000000
00021604
12000000
001d0000
000e0400
00030000
00000000
00000006
00000900
0100000c
02000000
00000000
06290000
00000500
00000100
0000000a
0f000000
00000000
00000000
20000000
00000011
00000000
000a0001
04001c00
20000000
00000000
0000000b
16000000
00000200
00000c00
00000000
0c090000
12000300
000c0e08
110a0600
00000000
00000000
0b020000
02000000
0000000a
00000000
00000000
06000000
00000000
03220000
00140000
00000000
04000000
00000000
0a000000
00001a00
00000000
0000000b
00000000
0030050c
11000000
19000000
13000002
00000000
00000000
0b000000
00000400
00000000
0d051200
05000d00
000a0000
002b0000
00000000
10000000
03000000
00030000
1b000000
00000000
00001800
02000900
00000000
00000d00
10040000
00000000
00000400
00000000
01130000
00001600
00000000
00000000
00000000
00230013
09000000
07000000
040e0000
00000000
00140000
0c000000
00000004
02050000
00002100
05000000
07000000
00040000
00000000
13000000
230f0000
00000000
10000700
00000000
00000400
00060500
00000000
00000000
2a000000
00000000
00000c00
00000000
00050000
0f00000e
00000000
00000000
00000000
00070000
00090000
00000000
00000000
00000100
00050000
00000019
00000013
000e0000
001b0000
0c000000
00000000
2c000000
00000000
00070000
00080000
00000000
00000000
00001c10
00000000
12000600
00000000
00000000
00000000
00000000
00000000
00000000
00000000
00000000
00000006
00000000
00000000
00000000
00001800
0d000000
16000008
0000000c
0c000000
0000000e
00000000
00000000
0006000b
03000200
00000000
00290000
00000000
00000000
21050000
00000000
00000003
00000000
00000000
03000000
00000000
00160000
00000000
00000000
00000700
00000000
00000000
00000000
00000000
00000004
00030037
0013000d
00010c00
10000000
00000000
00000000
00000000
14000000
00000000
00000000
00000d00
00001100
00000002
00381b00
00000000
1e000000
3a000005
00000000
11000000
00000000
00000000
00000016
00000000
00000005
36000000
00090000
00000c00
00000000
00000000
2f000012
00000000
00000001
00000036
00010000
00020000
00000000
00000000
00001200
00120000
00000009
00000000
00160000
00000002
00000000
00000000
0c000000
00000000
00000000
02001800
00000000
00000000
0000000f
00000000
00000000
00000000
00000008
0a000006
00000000
00000000
1b000000
00000000
00000000
04000000
00000000
0b000000
001b0000
00000000
00000000
05000000
00000029
00000000
00000002
00000000
00000000
00000004
00000000
20000004
0e000000
00000000
00000300
1f040600
05000001
00000709
00000000
00000200
00000008
00000000
001f0000
0300000a
00000000
12000500
00000000
11000e00
2d001300
17000000
00000000
14090000
00140004
00001200
12000300
00070000
00000000
0a090000
13000000
00000000
00000e00
00001400
00001000
22140008
00032605
00000000
06050000
30190800
090c0005
00001b00
00000000
00000000
00000019
00001600
16000003
14000000
00140000
14000900
00000000
00000000
1d000000
02050c00
0000000a
110c0100
00090300
00000000
00000016
09040000
22001200
00040000
00000506
00000000
00080001
04110800
00000000
00130000
09000300
27030000
00000307
000d0c00
00040000
00000202
0000001d
00000000
00000004
00000000
0c000001
09000000
000f0000
0301000b
0b010000
00000000
0200000c
00050000
0000000e
0e090000
00000100
00000000
00000700
00000000
0e000200
00000009
00000900
00000000
00060000
09090200
05000000
00000003
13000000
01001400
00020000
00060600
03040000
00030000
00000011
0a000000
00000000
0c010000
0c0a0000
00000000
00030001
00000007
01000000
0a00010d
00000201
070b0000
00000008
00110000
00030307
00001600
00002200
0e090000
0e060707
000f0014
030c0a05
00000001
00000000
05000000
1400000b
09060f04
04040500
000e0103
02000d02
07060a02
0e00030a
00050000
00000001
1e010500
00001009
14050e00
130b0000
03000204
06130a00
05000700
00000000
13150513
00000000
000d0016
06000000
00150000
11050000
00000700
00000000
1a0a0000
0d070007
00190205
00010a12
00000008
00010000
00010000
08000000
000e0000
00000000
00000000
00000000
00050000
00000000
00000000
00000108
00000000
0000080b
00180914
0a010000
00000000
00001900
00000000
00000000
00000000
00000000
0000000d
00000000
00000000
07000000
00000000
00000000
00001200
00000000
00020900
00000034
00000005
00000000
000e0000
00000000
00000002
0a000000
00000000
00000000
00000000
01000000
00000015
00000000
00000000
01000000
00000000
010d0000
00080000
00000000
00000000
00000000
00000000
00000000
00000000
01000000
000a0022
0e000000
00050000
120e0000
00002c00
00000000
0e0e0000
00000000
00000000
00031400
00000009
00000000
0003070f
001e0f09
00000000
11000000
22000013
08000005
12000026
000c0000
00000000
00000017
00000000
00060000
00000012
00000000
000a1800
00000500
00000100
31000000
00000000
00000000
10010032
00000000
00070000
03000000
0d000000
00000000
1a050000
00000000
00000000
00050600
00000100
00000000
00010003
0a000026
00000000
0a000000
0a000a05
00000001
00000001
001b0018
00000000
00000011
00000000
0000000f
00060005
00000000
041f2300
06000a00
13000006
05000000
00000000
1f000000
1e040000
0f050000
20000000
00000000
17160000
00050001
00110000
00000000
00000102
00000000
00000000
00000502
00040000
00001114
0008000b
08010000
00000600
00000000
00000f00
00000007
00000000
00000019
00000000
00000000
00000000
00000000
00072300
00000d00
0a080000
05000100
00040000
12000000
14000000
11050000
0b000000
06000000
00000000
00050800
04090000
0000001a
00000700
00000000
0006000a
00000500
00010000
0a000006
0c040000
08080000
00000d00
00000009
00000a00
00000000
00000000
00000001
00000000
00000000
00000005
00000000
07001400
00000000
02000000
01001100
0f000e03
00130000
1b110000
2b020500
00000000
18000000
00110000
0f010000
06030000
00000000
00000000
05000405
06000300
04080000
000e0004
04011200
00000000
12000a00
12000004
16070312
00000001
00090000
00000000
0500070b
00001c00
18050000
0b0b0006
02000000
0e000600
00020000
01050a00
12000000
00000007
00000000
15030800
12070200
00000000
00000000
07070000
03000000
000d0000
00000000
00000c05
00030000
090e0000
1c000000
00000000
05000001
00010000
00000000
04010000
00000000
00000000
00000a0d
00000001
07000306
09080e00
0f000000
09010000
00000700
0a000000
03000000
00000000
00000000
0000000a
00000012
00000000
01030004
00000f00
00000000
0d000000
0000000b
02000000
0e000a26
0b000e00
00000000
00120000
11000000
0c000000
13000000
00000000
00000000
00050000
00000000
00000510
00000000
00000807
1f000000
01000000
00260000
00030000
00000000
08000000
16000000
07000000
00000700
00000000
0d00000d
00030003
00070035
00043000
00000000
0700000b
00000000
01000000
32000000
00000900
00000000
00040400
0c000300
16000300
00330000
00000000
03000000
1b000000
0a040000
16001004
00000000
00002000
04000000
00001300
00120000
040c0000
1c000000
05001700
00000000
13000000
00110f00
00000000
0d000016
0000000d
0010003c
000f1500
00000000
00000000
00000000
00000000
38000000
00150000
00000000
00001000
00000000
0e000000
001a0000
00000200
01090000
0f000000
00060000
11001700
00000000
00001500
02000000
00000c00
00000300
02000000
1b000000
00000700
00000000
0a090000
00190b00
00000000
13000009
00000007
000f0028
00090000
00000800
00050000
00000003
00000000
32000000
00120000
00010000
00000900
00000000
00000000
00120000
00010b00
00080000
0b000000
00000000
12001600
00000000
00000000
00000000
08000e00
00001000
00000000
0a000000
00000000
00000000
1e260000
05001600
00000000
0a00000a
00000007
0008001f
01020000
00000000
002f0000
00000002
00050000
3e000000
001f0000
04180100
00000a00
00000000
00000000
00060000
00100000
0f120000
20000000
00000000
0b000a00
00000000
00000000
00000000
00001f00
00000600
06000000
09000000
00000700
00000000
03060000
2b000000
0f000000
00000010
00000600
00000000
00000000
00000000
00040000
00002915
000b0000
15000013
00040000
00120000
0b000200
00000000
00000000
28000000
1a000000
000f0000
02000000
00000000
00000000
00000e11
00000000
04000000
00000100
00000000
00000000
00000000
00000000
04000000
0000000f
00000004
04090002
00000009
11040000
00070000
00000000
0500000b
0a000006
0900000a
00000000
02000c12
00000000
00000004
0c030100
0b000000
00000009
14000000
00000004
00070d00
000b0000
020e0000
00000006
00000617
09000000
04060b00
01090000
07020002
0c000900
0502000e
00000511
0d000000
00000008
01000000
050d0000
00000006
0b080000
00050000
00000000
03000002
06000204
04000108
00000309
01000409
04000000
00000001
08030900
0d000000
0006000b
00040400
00090700
00040000
00050001
050b0002
00030004
00010b07
07000000
00050000
09070200
0e040301
08000600
00070200
00000001
0a000000
00000006
02000000
070e0000
00000006
0b080000
00060000
00000000
03000000
06000503
05000309
0000030a
0200040b
05000000
00000002
09020a00
0c000000
0007000b
00040600
000a0700
02040100
00060004
060b0002
00020004
00010a07
05000000
00040000
08060300
0f020403
07000700
01050200
00000300
09000000
00000008
04000000
08100000
00000007
0d080200
00060000
00000000
04000001
05020302
06000309
00010409
03000508
03000000
00000002
09030a00
0d000000
0106000a
00030900
000a0800
02060100
00080006
080d0003
00030007
00010809
06000000
00050000
07070400
10030603
0b000701
03060201
00000400
09000000
00010000
0f00000c
050c0000
05000006
0e000100
00080000
00000000
05000002
09000000
00000509
00000007
00000407
03000000
00000000
050a0800
0d000000
00040003
03000100
00180303
05090400
00060701
000b0002
00080004
00000f02
00000008
00060601
08090002
0e040006
06000600
020b0805
0000000d
0a000005
00000000
02000005
000d0000
0000000b
00000000
00040000
00000000
00000000
08000000
00000417
03000000
0000150e
07000005
00000000
00150001
12000000
00011600
0b000000
00190000
000b0300
00010000
00000001
00010002
00000a00
0000001b
00000000
000b0000
04270000
00000000
00000800
0000000b
0f000000
00000300
00000000
0f040000
00000001
00040000
05070000
00000c00
23000000
00000000
0000000d
0c000000
00000a00
00000a09
00000000
05080000
16000703
00031207
19050a00
00000000
00000000
0a0c0000
03000000
0000000f
00000000
00000000
00000200
00000000
00240000
00120000
00000000
04000000
00000000
07000000
00000200
00000000
00000005
00000000
002e0000
09000000
09000000
07000011
00000000
00000000
00000000
00000e03
00000000
00001700
06000f00
00000000
00350000
00000000
19000000
04000000
00000000
1f000000
00000000
00001100
00001500
00000000
00000000
05050000
00070000
00001000
00000000
00000000
00001500
00000000
00000000
00000003
00220000
00000000
0f000000
00060000
00000000
000d0000
09000000
00000000
00000000
00002c00
00000b00
00000000
000d0000
00000000
2b0b0000
19010000
00000000
1b000000
00000000
00000000
001f2000
00000000
00000000
1f000000
00000000
00000700
00000000
000e0a00
00000000
00000001
00000000
00000000
00000000
000b0000
00000000
00000000
00000700
000e0000
00000017
00000011
00040000
001e0200
05000000
00000000
0c000000
00000000
00000000
00000000
00000000
00000000
00000604
00000000
0f000900
00000000
00000000
00000000
00000000
00000000
00000000
00000000
00000000
00000009
00000000
0000000c
00000000
00080b00
0d000000
00000000
00000008
07010000
00000019
00000000
00001600
00000005
00000700
0c000003
001d0330
00000000
00000000
2b050000
00000000
0d000034
00000000
00000000
00000009
00000000
00160000
00000000
00170000
02001900
00000000
00000000
2f000800
00000000
00000000
08000013
000c0000
000e0000
14000b00
00000000
00000000
00000000
00000000
00000000
0000000d
00001900
00000a00
15000003
000c2d2b
00000000
07000000
380a0900
00000000
0a000000
0a1c0002
00000000
0000001f
00000000
00000000
19000001
00300000
061f0000
00000000
00000000
1700000e
00000000
06000000
07000002
00110000
00000000
00000026
0e000000
0b001b00
00020000
00000007
00000000
00030008
00120000
00000000
00000000
0a000000
00000000
00000000
00012100
00000000
00000000
0500090f
00000000
00000000
00000000
00020000
00000002
00120000
00070002
23000000
00000000
08000000
08000000
00000000
09000000
00150000
00000000
01000000
00000e00
00000012
00000000
0000040b
00000000
0000080b
000b0300
00000000
2205001d
000c1500
00000000
00010000
24130b00
0000000c
00000014
0e000000
00000000
00000005
00000000
00160002
00000004
000c0a00
0c000000
00000000
00000300
30000c00
1c000f00
00000000
12030000
00130000
00000000
1b000002
00000000
10000000
02000000
00000f00
00000000
00000f0c
02000c00
00000400
0b220012
00002409
00000000
01000000
2f090600
00060000
00000f00
15110007
01000000
00000006
00000000
11000015
00000000
000e0000
0b0b0000
00000000
00000000
12000007
00091300
0000000b
15080000
00110200
00000000
01000119
0e000000
21011100
00000000
00000900
00000000
00050004
0d090a00
00000000
00120002
00000500
1a070000
00040506
000b0c00
02050004
00020004
00060020
02000000
00000008
00000000
10020004
06000900
00080000
00090007
06000000
00000000
0000000c
00010000
00000007
04080000
00000000
00000000
00001300
00000000
05000000
00000019
00000000
00000000
00040000
0a090000
05000000
00000807
0c000000
00071200
00000002
00040300
0e000400
00060000
00000009
06060000
00000006
0f020000
12040000
00000006
00020000
00000000
00000000
07000004
00000800
0b100000
04090004
00150000
00000401
0c001e00
00002e00
0d0c0000
0b0a0507
00130021
0b100300
00000000
00000000
01000001
0c000112
050b0b04
00010000
000e0008
02000803
0c090c09
0c000011
00060000
00000000
1b070800
0004150b
0c041200
13000000
00000005
06161200
05000000
00040000
1211000c
00000000
0008000d
17000000
00060801
1d000000
13010700
00000000
181b0004
0019000f
00170409
0e040100
00000000
06000000
00060000
04000109
00150000
00010000
00000005
00000000
00000000
00000000
030b0300
00000005
00000000
00000806
0014100d
00000000
00000000
00031e00
00000000
00000000
09010000
00000000
00000022
00000000
00000000
0c040000
00000000
00000000
00000d11
00020000
00000400
0000002d
00000006
0000000c
000a0000
00000300
00000000
04000000
00030000
00000000
00000000
00000000
00000000
00000000
00000000
00000000
000f000c
08000000
00000000
00000300
00000000
00000000
00000000
08000000
00000603
00000001
02000022
02030000
00000000
0002000d
00003400
00000000
01060000
0000001d
00000000
00000312
00000500
00000000
00010005
00000000
00000000
00000000
0c000c1b
05000012
0200001b
00080000
00000000
00000000
00000000
00000022
00000001
00000100
03000000
00000000
00000000
0f000000
00001d00
00000000
0a00002b
00000000
000a0000
00000010
0f002900
00000000
11040000
00000000
00000000
00040014
00000a00
00000000
00020000
00000113
00000000
01000000
03000315
00000009
00000019
00040008
00000000
00000004
00000000
00100022
0000000a
00000017
011f0000
02000a00
03000000
04000000
00000000
20000000
1e00000c
00000003
20090000
00000000
00071500
0002000a
00010000
00000000
00000100
0000001b
00000600
0000020c
13060013
00003007
00050015
05000000
14000912
00000006
05050a1c
0000000a
00030000
00000023
00000000
00130000
0000120d
0001190f
061b0f00
00001900
00000000
24000000
03000000
2f000000
1b000002
00000000
05060000
00000000
00010000
00001400
050b0000
00000403
00000a00
0000000e
0000000a
00000100
02060004
09002415
00020000
060f0000
16000d0b
00000010
00000600
00000000
00000000
00000015
00000000
040d0000
0000000e
00000a00
12180f00
09000000
00000000
00000800
15000700
08060000
1f0b0000
22000400
0000000a
16000000
09020600
0e000001
06000000
00000100
06000800
00000407
00000606
00000000
01100010
09082708
00030000
06000800
170c0106
1c040014
00000018
00150000
00000000
0a00001c
00000800
191a0000
0004000e
00070000
150c0a04
0c000000
03000200
2a000002
00000000
0a040000
1f060100
060d0e00
00000000
09000000
05070000
04000002
00060000
00000000
00000504
000b0002
06000300
07000000
0c080007
06002a0e
00060000
01000000
15140002
07070008
00000000
00040008
00000000
0400001c
04000a00
2a060000
0a00000d
000a1b00
11000900
00000000
00000000
00000006
00000000
05000000
00000000
00060000
00000000
00000000
07000000
00000010
00000000
00000a1c
00001308
00080000
00000000
02000000
00000000
27000001
00000000
00000000
00040000
00000000
00000300
00001000
00000000
11000000
00000000
121d0000
00000000
00000000
0d000000
17000000
00000000
00000000
00000000
08000000
00000002
00150004
0a001100
00000000
04000013
00000000
00000000
00000000
00001500
00000000
00000200
00000300
00000000
00210000
00000000
0b000000
0a000000
0d000000
2300020d
00000000
00001100
00000e00
00000400
00100001
0c0d0000
00000000
00000b00
00000000
08000000
00000100
000e0000
09000011
0000000b
00240005
0a000300
00000000
0000000a
00000000
00000000
00000000
00001400
00000000
00000d00
00000000
00000000
000b0000
00000000
16000000
00000000
00000000
22000000
00000000
00000400
00060000
00000000
00000000
13000000
00000000
00000300
0000000e
0a000000
00020500
00000000
0c00000f
0000001b
002e0001
0f000000
00000000
00000000
00000000
00020000
00000000
00000400
00000000
00001100
00000000
00000000
00010000
00000000
1a000000
00000000
00000000
28000700
00000000
00000000
001a0000
00000000
00000400
07000005
00000000
00000200
00000000
0e000000
1a001800
00000000
00000015
00001525
001b0008
09000000
00000000
00170000
00000c00
00160000
0f000000
00070000
00000400
00000900
00000000
00000000
00000000
00000000
27000000
08000700
00000000
1b000000
00000000
00000000
00130d00
00001a00
00000000
1800000f
00000001
00000000
00000000
00000000
2b000000
130c0000
00000013
00041200
00070000
00000000
00000000
00000000
0000290a
000f0000
00000012
00000000
00040000
0d130000
07000000
00000000
19000000
1c000000
00000000
00000200
00000000
00000002
00000512
00000000
04000100
00000000
00000000
00000200
00090000
00000006
10000000
0000000e
00000006
000e0006
00000007
11050000
00070000
00000000
03000007
0a000000
0600000a
00000001
00000a0b
02000000
00000002
0a090100
08000000
0001000f
0b000400
00020000
00010300
00070000
000c0000
0000000a
00010913
0b000000
020b0a00
040d0000
070b0000
0d000a00
06020207
0000030f
12000000
00000008
02000000
070f0000
00000004
0d070100
00040000
00000000
04000004
05010001
03000209
00000208
02000404
02000000
00000003
08020900
0e000000
0007000d
00030500
00080500
02050000
00050002
070c0005
00040003
00010808
07000000
02070000
07060000
0d070600
07000400
00080200
00000203
0a000000
00000009
04000000
070e0000
00000004
0e090200
00050000
00000000
04000004
05010203
03000209
00000408
03000306
01000000
00000003
09020b00
0f000000
0006000d
00040500
000a0800
03060000
00040003
060c0005
00040003
00000b08
06000000
02060000
08060300
0e040500
08000502
00080200
00000302
0b000000
0000020a
04000000
08100000
00000004
0e080300
00050000
00000000
04000004
05020204
0400030b
00020506
02010509
02000000
00000003
0a030a00
0f000000
0006000a
00040600
00090700
04060100
00040205
070d0005
00050006
00000a0a
07000000
01070100
08060400
0e040501
0b000601
02070201
00000502
0b000000
00000000
0a000008
060e0000
02000004
11000100
00080000
00000000
03000005
09000100
00000308
00000008
00000208
03000000
00010000
05090900
0e000000
00040004
05000000
00150100
04060400
00040505
040d0005
00050006
00000e05
02010008
02070500
080a0000
0d030003
07000400
02080306
0000000d
0b000006
00000000
02000005
00090000
00000004
08000000
00070000
00000000
00000000
05000000
00000015
03000001
00000a11
05000001
00010000
00170101
15000000
00001900
0b000000
00210000
00090000
00010000
00000006
00030000
00000500
0000001d
07000000
00110000
03200000
00000000
00000a00
00000012
0b000000
00000100
00000000
0e000000
00000000
00030000
0e080000
05000900
22000000
00000000
00000016
15010000
00000800
00000500
00000000
00070000
14000900
00081a09
180b0800
00000000
00000000
0a100000
00000000
00000010
00000000
00000000
00000d00
00000000
00270000
000f0000
05020000
07000000
00000000
0b000100
00000000
00000000
00000001
0004000e
002a0000
0b000000
04000000
00000015
00000000
00000000
00000000
00000802
00000000
00001900
03000b00
00000000
003a0000
00000000
16000000
05000000
00000000
27000000
00000000
00000a00
00001900
00000000
00000000
0e020000
000e0000
00000b00
00000000
00030000
02001b00
00000000
00000000
00000011
00250000
00080000
12000000
00000000
00000000
00050000
00000000
00000000
00000000
00022b00
00000700
00000000
00060000
00000000
2c0c0200
10000000
00000000
27000000
00000000
00000000
001e2d00
00000000
00000000
22000000
00000000
00000400
00000000
06201300
00000000
03000013
00000000
00000000
04000000
00000000
00000000
00030000
00000000
021f0000
00000005
00000006
00000600
00280000
00000000
00000000
03000000
00000000
00000000
08000000
00000000
00000000
00000400
00000000
00012300
00000000
00000000
13000000
00000000
00000000
00000000
00000000
09000000
00000017
00000000
00000014
00000000
00080000
00000000
00000906
00000000
02030000
00000343
0000050c
00001a1d
000f0000
00000000
00000003
00000007
00000000
00000000
14010000
00000005
02000041
0600040c
00000000
00000000
00000000
0000003a
00000000
00110000
09000500
00000000
00000000
2b00010d
00001a00
0000000b
08000009
000a0000
00060000
00000007
00000400
00000000
00000000
00000000
00030000
00000a16
00000a00
00000000
000f0009
00001219
00000000
00000000
25060000
00000000
00000006
2016000a
00000000
00000000
00000000
00000043
00000000
001e0002
071c0000
00000000
00000000
0d000011
000a0000
00000009
10000000
001e0000
00000000
0000002f
0b000400
13001900
00090000
00000000
00000000
00080008
02000600
00000000
000b0000
03000000
00130000
00010800
00111b00
0000000b
00030000
0d001c18
00000000
00000000
00000000
000c0008
00000500
00100000
000b0000
14000000
00000000
05000000
07040000
0000000e
07000002
000f0000
00000000
00000000
00001200
01000007
0b000000
00000f0f
00000000
00000010
020f0500
00000000
0215000a
00000000
00070000
00050000
131f0800
00000001
00000014
18001100
04080000
00000000
00000000
08000019
00000000
00140000
05000000
00040000
00000000
18000702
0d082300
00000015
05080007
000c0000
00000000
0c000001
0f001100
0f000000
00000000
00001600
00030000
0000000e
05000300
00000000
00230000
00000000
00050000
00000009
150b0000
03090000
00000502
1710080f
0c050000
00000000
00000000
150c0015
00000000
00080000
04000000
00050000
00000004
0500000e
00080500
0000000b
0d060000
000c0100
00000000
00000200
05000000
16040305
00000503
00000600
00000200
00010001
11090e00
00000000
000c0000
01000700
0b070c00
00000307
00160700
11050c01
00040002
00060a1b
03080000
0000000a
0a040000
18070003
02000002
00060700
01000000
00000000
00000000
00000006
00000000
00000005
00020000
00000002
00010300
00001e00
00000000
00000000
00000020
00030000
00000000
00040000
09040000
00000000
00000c04
07000300
00070c00
03000000
00020700
0a000000
000c0000
00000003
020a0300
00000005
06000300
0f000000
00000011
00010101
00000000
00000000
02000000
00000800
071d0000
0103000b
000c0000
00000905
18001d00
00002e00
0c070000
050d020b
0011002a
051c0000
00000000
00000000
00000003
00000a16
00120007
00000000
0015000b
0f000405
0700110c
00000010
000b0200
01000000
1e080e00
020e1608
000e1100
06000000
00000000
011d1702
02000000
00000300
03060001
00000000
00000000
0f000000
00000608
29000000
1e000000
00000000
101a0000
00120018
001f0e0d
02080000
00000300
09000000
00090000
00000915
00190000
00000000
00000000
00000000
00000008
00000000
06090400
05000002
00010000
00020a08
0002090b
00000000
00000000
00051609
00000200
00000000
04000000
00000000
0000003b
07000000
00000000
06000000
00000000
00000000
00020023
00040000
00000000
00000011
00000000
00000000
00040000
00000000
00000000
00000001
00000000
00000000
00000000
00000000
00000000
00000000
07000000
00000000
0008001a
14000000
00000000
00001c00
00000000
00000000
00050000
00000000
00000018
00000002
00000002
00000000
00000000
00000012
00000004
00000000
00000400
00000629
00000000
00000004
00070000
00000000
00000000
00000000
00000000
00000000
0000000a
05000006
00000007
00000e01
15000000
00000000
00000000
0f000017
00000300
00000200
05000000
00000000
00000000
00000000
00000000
00000006
09000002
02060000
00000008
0000001b
0f002c00
10000000
05050000
0000030b
00000000
00000013
00010d00
00000000
00050000
00000000
00120000
00000000
00000500
08000006
0000000b
00001b02
01000000
00000003
02000000
0c0e001c
00002000
00000510
04030000
00000800
00000000
03000000
00000100
0000000c
14000000
00100000
00050000
00000000
00002700
04000000
10070000
00001200
00000000
0000001e
00001000
00000003
1c0d0006
00000200
00060000
001c0000
0e0b1200
00000008
0006001f
00000f00
00110000
00000007
00000000
1000002d
00001f00
00000600
09040000
00000900
00000000
1a000007
07001300
02000002
0e000000
000b0000
00000000
0000000f
08002000
0c000000
06030000
00001700
00000005
00010011
00000a00
00000000
0e0b0000
00000302
00040000
001c0000
0d050b00
00000011
00000007
00010905
00000000
00000006
00000000
170c0022
00000000
00000c00
0e000000
00000000
00000000
00000000
03050700
00000000
14000000
07080000
00000010
00000008
0c002400
0a000000
06020000
00000c01
01000000
0000000b
00091a00
00000000
1a11000c
000b1100
00080000
00090000
13170700
1005000e
00020419
00040f06
00010000
00000016
01000000
1a170013
00000005
00070000
10010000
00000000
00000000
22000015
02000300
05020000
11000000
000f0000
00010005
08000000
03000a00
06000000
05000000
00000600
00000003
00070007
00031102
00000000
130e0002
02001901
00070000
03050000
111d0400
030c000a
00000402
00010003
00020000
0000000f
05000000
2d0b002e
0000000a
000a1b00
0b000000
00000000
00000000
0000000b
00000000
00000000
04000000
00080000
00000000
0000000a
0c000000
00000514
00010000
00000800
05000608
00020000
00000000
00000000
00000000
21000000
00000000
00000000
000a0000
07000000
00000100
00000b00
00000000
08000000
06000000
0d300000
00000000
00010500
0d000000
15000000
00000f00
00000000
00000000
01000000
01080004
00130005
00001e00
00000000
0000000a
00000000
00000000
00000000
00000708
00000d00
00000900
00000500
02000304
00231c00
00000000
13000000
1f020000
1c000000
23000100
00000000
00000b00
00000000
04000a00
00270000
0f000000
000f0000
07001500
00000000
00001900
00000000
00000000
02000000
07000007
00140000
07000900
00000010
00000012
00000000
00000000
00000000
00001305
00000400
00000d00
00000000
00000000
00011800
00000000
20000000
00000000
0a000000
1f000200
00070002
00000100
00090000
16000e00
00000000
16000000
000d0000
001b0600
00000000
0c001100
00000000
00000000
00000000
01070a0d
00260000
14000000
00000209
0001000d
00000000
00000000
00000000
00000a04
00010000
00000f00
05000000
00000000
00000900
00000000
28000000
00000000
00000000
23000a00
00000000
00000100
00190700
0c001400
00000000
1c000022
00000005
000e0a00
00000000
03000100
20000800
25000000
00000000
02160a0c
00180000
00000000
05000100
00110000
00001500
00190000
00000000
00000000
00001100
0c000300
08000000
00000000
00000000
01010000
28000000
14021200
00000000
14000000
00000000
00000000
030a1f00
00002400
00000000
24000010
00000007
00030000
00000000
00000000
20000000
140e0000
00000013
000b0b00
00060000
00000000
0000000d
0d000000
03002203
00000000
00000014
00000304
00000000
12270000
0b000000
00000000
08000000
20000000
02000000
00020d00
00000000
0000000b
00000b11
01000000
00000900
00000100
00000000
09000300
00050000
0000000e
12000000
0000000a
00000005
010b0007
00000008
0d050000
00020000
00000000
00000006
06000000
06000009
00000002
00000d0d
03000000
00000001
090c0500
09000000
00020010
08000200
00040000
00020000
00050000
000a0000
0000000c
0000080a
0b000000
00070000
070a0000
050d0002
06000800
02060201
0000000c
10000000
00000008
02000000
070e0000
00000006
0c040000
00050000
00000000
04000003
06000202
04000009
00000206
01000409
02000000
00000004
08030700
0e000000
0006000a
00020600
00070600
02040000
00030003
050a0002
00020004
00030708
07000000
00070100
08050000
0b070702
05000700
00070500
00000103
07000000
00000005
04000000
070d0000
00000007
0c060000
00060000
00000000
05000002
06000203
04000108
00000208
03000206
00000000
00000004
09030900
0f000000
0007000c
00010400
00070900
02040000
00040103
060b0003
00000003
00020708
05000000
00060000
08050100
0c030802
04000500
00050400
00000003
09000000
00000107
02000000
090e0000
00000007
0c070000
00060000
00000000
04000004
06000304
0500010a
00000308
03000307
02000000
00000004
09030900
0f000000
0006000a
00030500
00060700
02030000
00030105
040b0004
00010003
00020809
06000000
00060000
08060200
0c050701
06000700
00050400
00000102
09000000
00000003
06000004
050e0000
00000003
0d020000
00070000
00000000
04000006
06000300
00000408
00000109
00000309
00000000
00050002
03060900
0d000000
00030006
00000100
000e0400
03040000
00030203
040e0003
00010003
00001008
02010004
00060500
070b0000
0e040004
05000700
04060102
00000009
09000000
00000000
06000004
00090000
00000004
0a000000
01060000
00000000
00000000
00000000
00000513
00000004
00000813
00000000
000c0000
00120701
14000200
00001a00
0b000000
00230000
000e0000
00000000
00000001
00030000
00000900
0000001b
06000600
00120000
05190001
00000100
00000600
00000010
0b000000
00000000
00000000
11000500
00000004
00000000
12010000
00000000
18000000
00000000
0000001b
13070000
00000e00
00000400
00000003
00060700
0f000900
00081a0b
23000300
00000000
00090000
030b0000
02000000
00000011
00000000
00000000
00000c00
00000000
00280000
00100000
00000000
04000000
00000000
0c000900
00000000
00000000
00000002
000b000f
021f0000
08000000
00000000
00000018
00000000
00000000
00000000
00000807
00000000
00002500
00000700
00000000
00300000
00000000
10000000
00000000
00000000
24000000
00000000
00000a00
00001000
00000000
00000000
03070000
00060000
00000700
00000000
05000000
00001600
00000000
00000000
00000000
002b0000
09050000
00000000
00000000
00000000
04000000
00000000
00000000
00000000
00003d00
00000e00
00000000
001a0000
00000000
3b0d1200
06000000
00000000
26000000
00000000
00000000
00161b00
00000000
00000000
0c000000
00000000
00000800
00000000
0b180a00
0a000700
11000002
00000000
00000000
0b000000
00000000
00000000
000c0000
00000000
050a0000
00000000
00000000
00000000
00180000
00000000
00000000
00000000
00000000
00000000
0c070000
00000000
00000000
00000000
00000000
00011100
00000000
00000000
18070000
00000000
05000000
00000000
00000400
1e000000
00000026
00000002
00000010
00000000
00030000
00000000
0000002d
00000000
00000000
00002035
00000000
0000000b
00180000
00000200
00020000
00000000
00000000
00000000
11000000
00000000
00020018
00003116
01000000
00000000
00000000
0000002b
00000200
00000000
0a000000
00000000
00000000
0c000017
00001403
0000001b
00000014
00000000
00000000
00000001
0c000000
0a020000
00000000
00001000
00000001
0000000d
00000000
00000000
00110000
00000000
00000800
00000000
0b000000
00020000
00000014
0600130c
13020000
00000000
00000000
001e0024
00000903
00040009
05000001
00000000
00000001
02000003
00130000
00000010
0f000400
000f0000
00000000
0004000a
03000000
15011808
00000000
00000600
00000000
00000001
0b000e00
00000000
00110000
06000000
00180b00
00040100
00080700
0908000c
00050000
0600160d
0e0b0000
00000000
000a0000
06110000
01001200
00090700
00000006
0b000000
00000000
03000000
09101b00
00000018
0a000000
00050100
00000000
00000100
0a000000
00000007
04000000
00001006
00000000
00000002
06040e00
00000000
00190005
00000400
001c0400
00080000
01140300
09090000
0000000a
06000d00
08090000
00000000
00020000
1100000a
00001400
000c0000
0000000f
00070000
00000000
02000002
05151d00
00040011
0a000500
01020800
00000000
00000000
06000200
0b000500
00070000
00000d00
00000000
00040000
0b001100
00000000
00150000
00000700
00150000
00030509
00100000
110d0002
00040006
08000604
0e080000
00000000
00020000
1b120001
00000400
00050000
0000000f
00000000
01000002
0000000e
000b0200
04010003
05000000
00020400
00000000
00000300
00000000
0d000001
00000412
00000000
00000000
00000000
100d0900
00000000
00070007
0c001200
0307180c
00000000
00170600
0f080300
000c0006
00000110
020e0000
00000000
14000200
18050009
0000000b
00040600
00000000
00010000
00000000
00000000
00000000
00000008
00000000
00000000
00000600
00002400
00000000
00010002
00000026
000a0002
00000000
00080000
01000000
00000000
00000d00
00000000
00000000
00000000
00000300
01000000
00100000
00000009
00010900
000a0005
00000b00
13000000
00000014
0002050a
00000000
00000000
01000000
03000100
07150000
08000016
00030500
00000c0c
18002100
00002800
00070000
050e030a
0011072f
06290000
00000000
00000000
00000003
00001419
00150000
00000000
00150000
12070804
07000b00
0000000b
000c0100
00000001
1b170e00
09121316
000d1200
00000000
00000300
00221300
02000000
00000501
01140000
00000000
000d0000
00030000
00040000
3a000000
19010600
00000000
231e0000
070e0018
00271d15
090e0000
00000800
0d000000
000a0000
0100071a
001b0000
00000000
000b0000
00000000
00000009
00000000
00000300
03000004
00030000
17000d0b
050a070e
00010100
00060300
00001101
01000500
00000200
09130008
00000000
0000003d
00000000
00000600
20000000
02000500
00000000
000f0014
00180000
0000030b
00000000
00000301
00000000
00040000
00000000
00000000
00000000
00000000
00000000
00000000
00000000
00000000
00000000
0c000000
000a0004
0004050c
14000000
00000000
00001600
00000000
00000000
000b000e
00000000
00000024
00000000
00000000
00010000
00000000
02000000
00000012
00050000
00000900
00000429
00000005
00000000
00000000
00000000
00020000
00000001
0e001100
00000000
00000000
00000000
00000000
00000501
1b000000
00000000
0006080c
26000000
00000000
00000000
05000500
00000000
00050004
00000003
00050002
03000009
11000000
00080000
00000007
00000010
02000000
04000000
00000100
00000b11
02000000
00000000
00040b00
00010000
00020000
00000000
00100d00
00060000
00020000
0a0d0006
00000000
00001204
13000000
00000000
000a0000
1f03000a
02000b00
00000000
02000203
06000100
00000000
02000000
01001400
00000007
0a000000
00010000
00000007
00000000
03000500
08000003
00000000
0000120e
00000000
00000001
00041500
000d0000
000c0003
00000000
00160600
00130000
03100c00
03000002
0000000a
03001803
0b000000
00000000
00000000
17000015
00000a00
00000000
01000006
00040000
00000000
07000004
02031700
00000007
09000000
00080000
00000000
0000000c
08000b00
00000500
03000000
00001200
00000000
000a0000
00001600
00030000
00090000
00000000
00140000
00140000
04080600
06060003
0000000d
03001500
10000000
00000000
00010000
170d0012
00000200
00000000
00000007
00000000
02000000
00000000
00040000
02000000
12000000
000e0000
00000000
0000000a
02001000
0a000000
00000000
00000e02
00000000
00000003
00091600
00000000
04110003
00000000
00140000
000e0000
090c0600
0f080008
00070010
00001d03
09070000
00000001
00000000
15110016
00000600
00090200
03000000
00000500
00000000
0d000024
01000800
00000000
13000000
000f0000
0000000a
00000002
07000a00
02000000
01000000
00000e00
00000000
00060007
00071400
00000000
030d0300
00000000
00100100
00150005
03130300
00050000
0009050a
04001600
000c0009
00000000
03000000
1b160021
0000000c
00000206
00000008
00100300
00000000
00000004
0f000000
00000000
0f000000
00100000
00000600
00000000
0d000000
00000400
02130000
00000006
00000300
00000005
0003040c
00000000
1b000100
17000000
00000000
00060000
071a0000
04000000
00000500
0c000000
00000000
00000002
00000000
05300000
00000000
00000000
03000000
00000000
00000200
00000000
03000000
00000000
08020000
070c0006
00001c00
07000000
00000000
00000000
000a0000
03000000
0000000a
08000510
00000b00
00000f00
2e000000
000b0000
00000000
00000000
24110000
15040000
07000317
1d0a0000
00000000
00000000
00000000
0108000a
00000000
00070000
12000000
00000000
00001100
00000000
00000000
00000000
0b0e0000
090f0009
00000000
0000000b
00000000
00000000
00000000
00000000
0000000f
09000104
00000500
00000000
08000000
02000400
00000000
00000000
0a000000
01070000
04000900
0d180600
00000000
00000000
01000000
0000000a
00120000
00000000
14190000
00000000
00011000
00000800
00000000
00000000
14080300
00200100
00000000
04000100
00000005
00000000
00000000
00000000
00000012
01040800
0c001100
07000400
03000000
00100f00
00000000
13000000
1a040000
000f0000
10001000
00030000
00000000
000c0101
0a001100
00000000
2500001b
00000000
08180200
00000000
000e0400
2d000600
1f000000
00000000
09040000
00180000
00000000
14000d00
00050000
00001500
001f0000
00000001
00000201
00031300
14000100
0c000000
00010000
00090100
0f000100
19000000
26051400
00000000
00000000
00000a00
00000000
0b001e00
00001400
00000000
1d00000c
000e0000
0a050000
00000000
00000000
1b000000
000e0000
00000009
06080000
00070000
00000000
00000013
10000001
0c001e05
00000000
00000111
00000b00
00000000
10290000
0a000000
00000008
0c000000
21000000
00000000
00011400
00000000
00000007
0001121a
02000000
01000a00
00000000
00000000
0b000300
00090000
02000010
17000000
00000007
00000003
01060003
00000003
0e080000
00010000
00000000
00000004
03000000
02000006
00000005
00000a06
06000000
00000001
070c0300
05000000
00010015
02000300
00040000
00010000
00000000
00070000
00000006
00030907
0a000000
00060000
020c0000
060e0000
03000800
03070401
0000000c
11000000
00000006
05000001
070c0000
00000001
0d040200
00020000
00000000
05000004
03000200
0100030d
00000006
00000409
03000000
00000003
07010600
0a000000
0006000b
00010700
00080400
01040000
00020104
07080006
00020002
00010708
06000000
01090000
05050000
0c060600
05000601
00080300
00000105
0a000000
00000005
03000001
070e0000
00000002
0f040300
00030000
00000000
08000003
07000202
0200000a
00000005
00000206
02000000
00000002
08040700
0b000000
0007000d
00020800
00080800
00030000
00040003
070a0004
00010005
01040707
05020000
010a0000
06040000
0d050900
04000204
00070201
00000107
0b000000
00000007
04000001
080f0000
00000000
0f070100
00030000
00000000
06000205
07000102
0200010a
00000005
00000104
02000000
00000002
0a030800
0a000000
0005000d
00030a00
00080602
01030200
00050306
050a0006
00010005
00040609
07000000
020a0000
07040000
0e080900
07000405
00080501
00000205
0c000000
00000007
06000002
050c0000
00000000
0d070200
00030000
00000000
06000006
04020000
0000030a
00000007
00000104
02000000
00030002
06020800
09000000
0002000b
00000700
00080600
02050000
00020302
030b0005
00020003
00010c07
03000000
00090000
08080000
0f040400
06000501
01070300
00000007
0d000000
00000000
0c000008
000d0000
00000000
0b000000
00050000
00000000
04000000
00000000
00000610
00000000
0000070e
00000000
000a0000
000f0900
0f000000
00001403
08000000
00230000
000f0000
00000000
00000002
00070000
00000d00
0000001b
04000400
000e0000
08140000
00000000
00000600
00000011
12000000
00000000
00000000
0e020300
00000000
00000000
0b000000
00000000
14000000
00000000
00000020
13020000
00001301
00000000
00000000
00070501
09000700
000b220d
26000500
00000000
000c0000
02050000
01000000
00000010
00000000
00000000
00000300
00000000
002d0000
000b0000
00000000
02000000
00000000
09001100
00000000
00000000
00000000
0025000b
05110000
00000c00
00000000
00000018
00000000
00000000
00000000
00000000
00000000
00002000
00000a00
0000000c
002b0000
00000000
0f000000
00000000
06000000
12000000
00000000
00000000
00000f00
00000000
00060000
00140000
00000000
00000000
00000000
0d000000
05000200
00000000
00000000
00020014
00280000
0e000000
00000000
00000003
00000000
00000000
00000000
00000000
00000700
00004500
00001600
00000000
002f0000
00000000
47020000
00000000
00000000
1d000000
00000000
00000000
00040b00
00000000
00000007
0000000f
00000000
00000e00
00000000
0e000200
0a001a00
19000000
00000000
00010000
0f0b0000
00000000
0c000000
00160000
00000000
110c0000
00000000
00000000
00000000
00001400
00000000
00000000
00000000
00000000
1a000000
0e0a0000
00000008
00000000
00000000
00000000
00020600
00000000
00000000
04010000
00000000
01000000
00000000
01060000
1a000000
0000001b
00000002
00000000
07010000
00000000
00000000
0000000f
00000000
00000000
00001d1a
00000000
00000002
040f0000
03000000
00030000
00000000
14000000
00010000
05000000
00000000
00010004
00001923
00000000
00000000
00000000
01000004
02010300
00000000
00000007
00000000
00000005
0000000f
0005001b
00000013
0a000000
00000000
00000000
00000000
02000000
00000000
00000000
00001a18
00020000
00000005
00000000
00000000
00000000
05000000
00000400
00070500
00000000
00080000
0008000d
0000030d
1a000000
00000000
00080000
0811000c
02000500
00030000
0000051b
06000000
00000008
00000001
08120000
00010007
10060900
00050000
00000000
00000700
01000000
0c000b07
00040005
00000504
03000000
00000000
0e000b00
00000000
02080005
07040300
00070600
02030000
00060102
0e070507
00060003
0004070b
0d000000
00000000
06060500
0e070001
0d000700
000d0600
00000000
0f000000
00000108
00000001
06110000
00000003
0e090000
00060000
00000100
02000803
05000000
08000803
00000107
00000707
05000000
00000000
08030b00
04000000
0706000b
04060700
000c0500
03040100
00070203
100d0002
00040005
00070508
07020000
00000000
08040800
12030003
0a000600
000d0100
00000200
08000000
00000000
03000007
00100000
05000005
0c020000
00050004
00000003
05000300
02000000
0d000204
00000408
00020402
00000000
00050001
08071000
06000000
050a020b
05040d00
00130a00
05020001
000d0507
130f0002
000c0000
0002040a
03100000
00000000
0b040602
12050009
02000700
00050400
00000000
00000000
00000002
00000014
00020000
03000001
00000000
00000002
00000000
00001000
05000000
00000002
0000001d
00040000
00000000
00030000
07060000
04000000
00031107
07000900
00091300
02000000
000d0600
0c060000
000f0000
0000000b
010e0000
00000000
16020800
1000000d
0000000d
00010306
00000000
00000000
00000005
00000000
00010000
0a000004
00000000
00000000
05000b00
00003000
00000000
00060005
00000020
00120003
00000000
000a0000
00000000
00000008
00000700
00000000
00000000
00000000
00000a00
00000000
000b0000
0000000d
03000700
000f0807
00000b00
11000000
01000014
00030d04
00000000
00000000
00000000
06000200
03150000
0600000b
00000602
00000209
0d001600
00002300
000e0000
03050603
00140c26
002b0000
00000000
0c000000
00000002
00001717
00180000
00000800
00150000
100c0d06
04001000
0300000c
00050000
02000004
1e191000
0a11171a
00071100
08000000
00000b00
00190d00
00000000
00000702
02010000
00000000
00080000
0b040000
00020a00
3c00010b
28120e00
00000000
1d0c0000
0210001b
002f2113
15140000
00000a00
0a000000
00090008
0900111d
001d0e00
04000000
00120000
09000000
00000015
00000000
07000500
00000001
00010000
1500030b
00030e11
00000600
000d1600
040b0500
02000c00
00001300
010a0005
00000000
00000021
00000000
00001000
39000000
1b000200
00000000
001a0000
001b0000
00001116
09000000
00001000
00000000
07030000
0000000b
00000000
0c000000
00000000
00000000
00000002
00000000
00000000
00000000
05000000
000e0006
00000f00
03000200
00000000
05000c05
00000000
00000000
030f000c
00000000
0000003f
00000000
00000300
12000000
00000000
03000000
000d0020
00130000
00000b10
00000020
00050008
00000000
00000000
00000000
00000000
00000002
0c001000
00000000
00000000
00000300
00000000
00000000
1a000000
00070000
02000f0e
2c000000
00000000
00000208
03000000
00000000
000c0009
0000000d
00050019
00000002
0c010000
00040000
00000000
07000000
00000004
06000000
00000c06
00030c20
01040001
00000000
00000200
0a000000
00000000
01050004
0c030e01
07000003
00000000
05070700
00000000
0001000b
17000000
00000000
07030900
22000000
00030500
00010000
03000200
06000000
0005000d
00000007
000c0003
01000005
0e080000
00060100
00000004
03000001
04000000
06000000
00000505
0000050f
05030000
00000000
00020b00
07000002
00000004
00040200
00060400
00020000
00020101
09080000
00000001
00020308
0d000000
00020000
08080900
17000005
0a000400
00050400
01000200
07000000
0003000b
00000000
03130000
00000008
0a080000
00070000
00000000
00000000
07000000
00000804
00000005
0000080c
02000000
00020000
02000b00
05000003
00010004
00040000
000d0100
00000000
00030304
0b0a0000
00010002
00010b06
0d000000
00000000
07080502
11000009
07000600
00060200
00000101
0b000000
00000006
04000006
000c0000
02000006
0b000000
00070000
00000000
01000000
07000000
01000007
00000000
00000a07
01000000
00000000
02050b00
01000000
00070004
00000000
00110000
00020000
000c0701
0c0b0000
00000006
00021002
05040000
00000000
00060006
14050010
00000800
000c0200
00000003
01000000
00000001
0900002c
000a0000
06000006
0d000000
00090000
00000000
00000000
0a000000
00000000
00000000
00001502
00000007
00030000
000b0500
08000000
00030800
04000000
000e0800
00140000
00110600
00050000
00000004
00001e00
000c0011
00000000
07000000
111d001a
00000001
00010000
00000000
01000000
00000001
00000000
040a0000
00000000
14000000
00030000
00001900
00000000
0f000000
00000008
00060000
00000309
00000001
00001200
00040005
00000200
00000b00
05000000
000d0004
000a0000
0a210000
00000000
00000000
00001800
00090000
00000000
00000000
0030000d
00020000
00000007
00000f00
00000000
15000000
00000000
000f0100
00000000
21000000
00000500
00000c00
00000000
00000000
00010000
07000000
00000004
0000100a
00002600
00000000
00002000
00110000
00000006
00200000
00000000
1c190000
00000000
00000008
09000300
07000300
00000000
00000000
00000022
00000000
00000006
09001600
00000000
00000000
00001000
00000000
00000005
14000000
15000902
00000000
00000000
00000000
00000000
00000000
00000000
0000080c
09000600
00000000
00000300
000a0000
0a000000
00030000
00000000
0a030000
00080000
00000000
04000000
00000000
00000000
00000000
00020005
00000000
0a000000
0f050000
00000000
00000100
00001900
00000000
00000012
15020000
00190c19
00030000
0d000000
00050000
08000000
00060000
07000000
00000000
06060400
06001300
00000000
13040000
001c0000
00000000
00000000
28000000
00190000
07000f00
00000000
00000600
0000010a
00001200
00000000
20000013
1d000000
150e0000
00000000
00000300
2c000400
00000000
00000010
02020000
00160201
00000000
00000200
00060000
04001500
00250000
00000000
00000001
00000d00
03000f00
05000000
00060000
00000000
0f000000
07000000
22001700
00000000
00000000
0000000b
00000000
00001600
00001300
00000000
14000006
02140000
15000000
00000000
00000000
12000005
00050000
00000012
03060000
00040000
00000000
0000000c
0c000000
12001705
00000000
0000000f
00000900
00000000
02200500
06000000
00000000
13000000
1b000000
00000005
00020e00
00000002
00000006
00000c1d
02000000
00000700
00040000
00000005
07000800
00080000
0200000b
15000000
00000008
00000003
01060005
00000008
0d070000
00000000
00000000
00000003
02000000
00000002
00000106
00000a06
09000000
00000002
06090400
07000000
00000012
01000100
00030100
00030000
00030000
00070000
00000004
00030806
09000000
00040000
020e0000
07100002
01000a00
00040500
00000008
0c000000
0000000b
04000005
080d0000
00000005
0f050100
00020000
00000000
00000005
07000003
0200040b
00020406
0100060a
03000000
00000004
07020600
0c000000
00040007
00000300
00070600
00030000
00050001
05080001
00020002
0000080a
06000000
00040000
06050100
0a040700
05000c00
00060400
00000005
08000000
0000000d
01000003
060e0000
00000005
0f030100
00040000
00000000
00000104
08000004
03000007
00000505
02000708
04000000
00000004
08040700
0c000000
00050009
00020500
00080600
00030000
00060000
070b0001
00040003
00000909
06000000
00060100
07060000
09040900
06000c03
00070601
00000008
06000000
0000000c
02000003
06100000
00000005
0e040000
00040000
00000000
00000203
05000004
02000109
00000606
03000507
04000000
00000005
09030800
09000000
0004000a
00020800
00090501
01040000
00060000
060a0001
00030003
00000709
07020000
00060000
06060100
0a050901
04000c03
00060701
00000006
07000000
00000008
06000004
07100000
00000104
0e050000
00030000
00000000
01000007
02030002
0000060a
00000207
03000504
03000000
00000005
06000800
0a000000
00030008
00000800
00090603
03080000
00050300
020b0002
00020002
00000a07
04000000
00060000
06080000
0a020600
06000b00
00070700
00000008
06000000
00000000
1000000e
00120000
00000003
10000000
00080000
00000000
00000000
00000000
00000a0f
00000000
00000909
00000003
00080000
000d0a00
11000000
00000f00
0c000000
00250000
020e0000
00000200
00000001
00080000
00001000
00000017
00000600
000e0000
060f0001
00000300
00000a00
00000017
10000000
00000000
00000000
12060000
00000002
00000000
05000000
00000100
04000000
00000000
00000025
0c000000
00001f01
00000100
00000000
000d0000
12000200
00102f05
20000000
00000000
00080000
00000000
00000003
0000000c
00000000
00000000
00000b00
00000000
00290000
000a0000
00000000
04000000
03000000
03000700
00000000
00000000
00000000
001e0000
120d0000
00000c00
0e000000
0000001e
00000000
00020000
00000000
00000000
00000000
01000900
00001400
000b0504
04130000
00000000
01000000
01000000
10000000
05000000
00080000
00000000
00001300
00000000
000a0000
001a0000
00000000
00000000
00000000
08000600
00000000
00000000
00000000
00220419
06240000
00000000
00000000
00000011
00000000
00000000
00000000
00000000
00000000
04002000
00001200
00000000
00240000
00000000
27000000
01000000
00000000
10000000
00000000
00000000
00001100
06000000
00000000
08000011
00000000
00000000
00000000
0d0e0000
03001a00
17000000
00000000
000e0000
13190000
00000000
0a000000
001a0000
00000000
11090000
00000000
00020000
00030000
04001a00
05000300
00000000
00000000
00000000
1d000000
1a130000
00000000
00000000
00000000
00000000
00012400
00000000
00000001
1f000002
00000000
00000000
00000000
00100000
1f000000
0000001d
00000000
00040600
0b0b0000
00000000
00000000
00000004
00000800
000c0000
0000101f
00000004
00010000
100f0000
10000000
00000000
00000000
15000000
00000000
05030000
00000000
00000002
0000181f
00000000
00001800
00000000
00000000
13050000
00000000
00000000
00000000
00000008
0000000f
00040020
0000000a
0c000000
00050004
00000000
00000005
0800000c
04000000
00000000
00001926
00040002
00000000
00100000
10000000
00000008
09000400
06000002
05070000
00080004
000b0000
00020011
0000081a
09000000
00090800
000f0000
030b0012
0d000500
03060002
0000070b
0d000000
0001040a
00000004
070d0000
00000004
120c0000
00050001
00000000
02000400
06000000
07000201
00020205
0000090c
03010000
00000000
08050800
06000003
0604000d
04060900
00050000
05070000
00080006
0b0a0002
00040000
0008070c
06000000
00000000
08070900
12030006
0c000600
00090400
00000600
09000000
00000101
01000005
04120000
03000004
0d070000
00080000
00000001
05000600
02000000
0c000606
00000206
0000080d
03000000
00000000
0a060d00
04000002
04080009
03070a00
000d0b00
05040000
0008070a
0e0c0101
00060004
00050609
02040000
00000000
09010500
12020007
08000600
000d0200
00000300
03000000
00000000
05000017
00100000
03000007
06020000
00050004
00000000
08000700
06000000
09000004
00000011
00020100
00000000
00070000
0a0a0800
06020000
00080b09
03010900
00111900
06000002
000e0600
0f090900
00060000
00080208
03090000
00000000
10000300
11030009
00000002
00000401
00000000
00000000
0000000a
00000004
00040000
02020000
00000000
00000000
00000400
01002800
07000100
00070000
00000022
000d0000
00000000
00020000
06000000
00000000
00001300
00000000
00090300
00000000
00070700
0d000000
000e0000
0000000b
0c020000
00020000
0a040900
10000000
0000000e
000a0304
00000000
00000000
00000000
00000000
000b0000
05000000
00000b00
00000000
0e001100
00002d00
00000000
000e0004
00000029
00210000
00000000
00070000
00000000
00000411
00010700
00000000
00000000
00000000
00000c00
00000000
00050000
00000009
06000000
00150403
00000f00
02000000
00000005
00150401
00000000
00000200
00000000
0c000000
030c0100
0e000000
00000900
00000111
04000e00
00001d00
0e0a0000
02040403
00180208
00230000
00000000
0b000000
00000006
0801190c
00170000
00000500
000f0000
0e0f0600
11030a00
04000004
00000000
00000000
20171300
0a101412
000f1300
01060000
00000b00
001c0000
00000200
00000b00
00000000
00000000
00000000
0b000000
07000d00
39000010
1b140f00
00000000
05000000
050b0021
001f0b05
0c130100
00000b00
0c000800
00080008
0d001619
00221800
01000600
000e0000
14000000
0000000c
00000000
03000300
00000004
000a0000
0f00000c
00000607
00050000
00112100
060f0000
00000f00
00001000
00000000
00000000
0000000b
00000000
00000800
51000003
20000a00
00000000
001a0000
00060000
0001080d
0d010000
00001f00
04000000
010a0000
00000417
00030000
09000000
00010000
00000000
0000000a
00000000
00000100
00000000
00100000
04080007
00000c00
00000000
00060500
04000608
00000100
00000000
0615000f
00000000
0000003f
00000000
00000c00
30000000
05000000
00000000
0021001d
00170000
00000519
0a000000
00000401
00000000
07000000
00000000
00000000
06000000
08000000
00000000
00000000
00000000
00000000
00000000
13000000
000c0000
00001409
1f000000
00000000
05000c14
00000100
00000000
0016000c
00000000
00000033
00000000
00000000
08030000
00000000
06000000
00000019
00060000
0000110f
0000082f
0003000c
00000000
00000000
06000000
00000000
03000000
0e041600
02000105
00020000
00000700
00000000
00000003
17000000
00000000
08000f0b
2a000000
00000000
00000003
03000000
00000000
000b000a
00000011
0007000c
00000006
11060000
00040300
00000001
06000003
00000000
11000000
00010c03
000b0818
04050000
00000000
00000b00
0a000000
01000000
00040108
06050b02
05000005
00040006
090a0600
00010000
0005010a
0d000000
00000000
08050900
1a050001
07020700
01060200
01000400
07000001
0003000b
02000004
040e0000
04000009
0f080100
00060101
00000002
06000002
08000000
09000305
00040507
0001050e
04000000
00010000
04010a00
08000003
02030007
02060700
000c0400
01000000
00050209
0d0c0102
00020002
00060309
0c000000
00040000
07050a00
15050006
0e000900
03080500
00000400
0d000000
00000000
09000012
00060000
05000005
0e000000
00040004
00000000
08000000
0e000000
04000009
00020006
00000205
08000000
00000000
000d0900
0d000000
00020006
00000500
00150304
03040600
000e0700
0a0a0403
00040003
00000900
00000008
00030001
0d050003
1808000f
08000200
00100507
00000005
03000000
00000000
00000025
00000000
00000004
05000300
00000000
00000000
00000000
0e000001
0000000a
00000000
00001403
16000002
00000000
01120003
0a000000
00001200
08000000
00000000
00000100
00080000
00000000
00020000
00000900
0000001b
03000000
0e000000
0322000e
00000000
00070000
00000000
0c000000
00000300
00000000
0e000000
00000006
09090000
0000000f
00002f00
00000200
0e00001c
00000000
00050000
0b000900
04000001
00000f00
00040000
05000000
00001100
00090000
00000000
00000000
1c030018
00000000
00000000
00000000
00000809
01000000
0d0e0000
00320000
1e071800
00000000
14001e00
00000000
0b0e0600
05000000
00000000
00000000
16000029
00001712
00002400
00060000
0000001a
00000000
00000000
04000000
00000b01
00003b00
00000000
00000800
00000000
00010400
00070000
00000000
1205001b
00000000
00000000
00000000
00000c00
00000000
0c190000
00000001
1e000f00
00000000
12122b00
00000000
11000000
06000000
00000000
00000000
15000005
00001200
00080000
00000000
00000000
00000001
05000000
00000000
00000f07
00002700
00000100
00000700
000e0000
00080017
00090100
00000000
04000000
00000000
00000000
00000000
00000000
00000000
00000000
00000000
00000000
00000000
0b160e00
00000000
0b000000
00001400
00000000
00000006
1c000000
00070c05
00080000
13000000
00040000
00000000
00000000
00000000
00000300
00031100
00001000
00000800
00080000
001c0016
00000000
07000000
23060600
03070000
0f000000
00060000
00000000
00000019
00000000
00000000
0c00000e
07020000
10070400
00000000
00070000
25000000
00000000
0000000e
02000002
00080000
00000000
00000000
000c0000
00000d00
00210000
00000000
00000000
00000a00
01000d00
01000000
00000000
00000001
12000000
0a000000
1d001800
00000004
00000000
00000106
00000000
00001a00
00000a00
00000000
23000000
000e0000
0d000000
01000000
00000000
0c000006
00000011
00000010
07000000
00020000
00000000
0000000a
00000000
18001100
00000000
00000417
00000a00
00000000
011d0500
03000000
00000005
0e000000
1d000000
00000003
00050100
00000001
0000000e
00000c16
00000000
00000900
00060000
01000003
0d000100
02070000
00000008
0c000000
00000005
00000008
0005000e
00000005
0f080000
00000000
00000000
01000003
03000000
01000000
00000106
00000b09
05000000
00000000
04090000
09000000
00000014
00000200
00000500
00040000
00020000
00070000
00010002
00000701
0b000000
00060000
010d0001
09110000
02000700
01060401
00000005
09000000
0000030c
04000002
050e0000
00000003
0f070300
00020000
00000000
01000004
06010000
02000709
00020509
00000609
05000000
00000002
07040800
0b000000
00040009
00000400
00080200
00040000
00060200
08050004
00030002
00000908
09000000
00030000
06060200
0e050000
09000b00
02090300
00000104
0c000000
0001060c
02000001
040b0002
00000003
10060100
00010000
00000000
03000202
06000102
04000308
00000409
0000070c
07000000
00000003
09050900
0c000000
0005000a
00000700
00070600
00040000
00070100
09060005
00050003
00000a08
09000000
00030100
07060200
0c040100
08000b00
03080400
00000103
08000000
0000040c
02000004
040d0000
00000003
10090100
00020000
00000000
04000300
06000001
05000408
00020509
0000060a
06000000
00000003
08040900
0a000000
00050009
00000800
00090a00
00060000
00060000
07070004
00030003
00000808
08010000
00030000
06050100
0b060200
08000c01
02060300
00000202
08000000
00000207
07000003
050f0000
00000004
10090200
00030000
00000000
03000005
04020000
0300070a
0002010a
00000706
06000000
00000003
07020a00
0a000000
00060007
00000800
00090800
02090000
00060400
05090006
00030005
00010807
07000000
00040000
07040100
0c050200
0a000b00
00080500
00000104
0a000000
00000000
0e000013
00110000
00000001
15000000
00090000
00000000
00000003
03000000
0000090c
00000005
00000704
02000006
00070000
000f0700
16000000
00000a00
08000000
00270000
040c0300
00010300
00010006
00070000
00000b00
0000001c
03000400
0a120000
0b100000
00000400
00000c00
00000017
13000002
00000000
00000000
13070000
00000000
04000000
00000000
00000400
04000000
07000000
00000127
0e010000
00001b0a
03000200
00000000
000f0002
1b000000
00042a03
1a000000
00000000
00050000
00070000
00000000
0000000e
00000000
00000006
00000600
00000000
002a0000
000a0000
00000000
04000000
08000000
0b000000
00001400
00000000
00070000
01000000
00120000
00000d00
15000000
0000000d
00000000
02000000
00000000
00000a03
00000000
06000000
11001800
00090d00
03170000
00000000
00000000
01000000
00000000
09000000
00040000
00000000
0000070b
00000000
000b0000
00180000
04000000
00000400
00000000
07000000
00001300
00000000
00000002
000d0000
00230600
00000000
06000000
00000003
00000000
00060000
00000000
00000000
00000000
0d001400
00001000
00010000
001e0000
00000000
07000100
00000000
00000000
11000200
00000000
00000000
00000b00
05000000
00000000
0d000000
00000000
01000000
00000000
090a0000
00001b00
10000000
00000000
00110100
0d230400
00000000
13000000
00170000
01000000
030a0000
07000000
00000000
00080000
0f001c00
00000900
00000000
00070200
00000000
1e000000
1f0d0000
00000000
05000200
00000000
00000000
00001000
00000d00
00000000
30000000
00000000
00000000
00000000
04140000
1c000000
0300000c
00000000
00050500
030d0000
00000000
00000000
00040000
00000000
001f0000
00000608
00000000
00000000
0d0b0000
0c000000
00000000
06000000
1b000000
00000000
100a0000
00000000
00000000
00001414
00000000
00001300
00000000
03000000
1a000000
00000000
00000000
00000000
00000005
0000000b
00080025
00000005
04000000
000a0000
00000000
00000004
06000010
06000000
00000000
0000172e
00000003
00000002
01120000
0e000000
00000006
09000000
0e000000
00010000
000d0000
00050000
00030017
00001722
05000000
00070500
000b0000
0702000c
13000300
01050000
0000060d
0a000000
00000001
0000000c
050b0000
00000005
11090000
00080001
00000000
08000000
06000000
0a000000
00000000
0000080b
01040000
00000000
04080500
06000003
0404000a
07070900
00050200
04050004
000b000b
080e0000
00060000
0009040b
04000000
00000000
030a0400
100c0009
0a000300
030a0000
00000500
06000000
00000000
08000010
00100000
00000004
06090000
00050000
00000005
07000300
01000000
0f000106
0000000a
00000708
00000000
00010000
0a090c00
03000000
02080006
06060500
000a1900
05000000
000e0707
0e0d0801
00010001
02090309
00000000
00000000
0f000200
15010008
04000000
00050300
00000000
00000000
00000002
0000001b
00000000
00000000
00000000
00000001
00010100
00001800
07000000
00000002
0000001f
00030002
00000000
00060000
02070000
00000000
00000800
00000000
000c2300
00000000
00100800
16000800
00020000
00060201
05000000
00050000
18000500
14000007
00000005
00020002
00000000
00000000
00000004
00000000
03070000
03020003
00000000
00000000
0f001900
00003e00
00000000
000b0002
0000002a
001b0000
00000000
00000000
00000000
00000006
00000900
00000000
00090000
00000000
00040c02
07000000
000b0000
00080008
11000000
000d0000
00020c02
0b000000
00000005
001f0a07
00000000
00000000
00000000
00000000
00090000
0200000e
00000e00
00000004
06051000
00001e00
00000000
000d0003
00000320
00300000
00000000
00090001
00000009
00001511
00000000
00000000
00000000
00000000
00000000
00000000
00050500
00000004
08010000
0c12000d
00000000
00000000
00000000
00270000
00000000
00000000
00000000
03020000
000b0200
0d000007
00000000
0000031a
00000c00
00000b00
07000000
000b0003
00120700
09120000
00000000
00000700
00000012
05021400
01040000
00100000
030e0000
06061300
0f000500
03000009
08000000
00000000
25001100
07101807
00050000
00000000
00000d00
0d280000
04000a00
00000000
00001000
03000000
00000000
00000000
010b080a
2e020408
00150700
0a000000
01000b00
0b020019
00240000
00090a00
00000000
03001100
000f000c
1100090d
00231700
00000400
00000000
19000000
0d000003
0000000f
0200000a
06000001
00070002
0c000311
00000000
00080000
000b1c00
00180000
06000300
00000300
00000000
00000000
00000008
00000000
00000000
4a000007
1b050600
00000000
00030000
00000000
00030404
00080000
00001200
04000007
000b0000
00001013
00020000
09000401
00000000
00000000
00000000
01000000
00030000
00000000
00100000
15000005
00000000
00000000
00131e00
00040000
00000000
00000a00
00080000
02000000
00000020
00000000
00000100
4d000000
21000000
00000000
001d0000
00140000
00001516
06000000
00000300
02000000
070a0000
0000000c
00000000
05000000
00000000
00000000
00000006
00000000
00000000
00000000
09000000
01120000
00001303
04000000
00000000
0b00050c
03000000
00000000
06120014
00000000
00000042
00020000
00000000
22000000
00000000
00000000
00100020
00120000
0000110f
0500000e
0005000a
00000000
00000000
00000000
00000000
05000000
05000000
00000000
00000000
00000000
00000000
00000000
1b000000
00020000
03041711
24000000
00000000
00000509
02000000
00000000
00120008
0000000c
00000025
00000000
04000000
06000000
00000000
04000000
00000006
0d000003
00001104
00050c29
000d0008
00000000
00000300
06000000
00000000
00000005
0b000b00
08000007
00040000
00000800
00000000
0000000b
12000000
00000000
0a010805
1f000000
00000000
00030000
02000000
00000000
0006000e
0000000e
020a0005
03000004
11050000
00030204
00000004
04000007
03000000
0f000000
00030c04
00060613
02050000
00000000
00010600
07000002
00000000
01040605
00080500
04020003
00050005
0a0b0000
00010000
0002010a
0d000000
00030000
09070700
17060000
0e000700
00080400
00000400
08000000
00000000
0a000017
03070000
0b000009
0d000200
00020001
00000000
06000000
0c000000
03000406
00070101
0000030d
0a000000
00020000
000f0600
05000000
00000004
05000701
0017000e
00030000
000b0a02
0d0b0000
00090006
00000601
0100000b
04060000
0d050000
150a000b
0b000300
000e0c03
00000008
0d000003
00000000
0000000c
0e000000
04000006
02000600
00000000
00000d00
00000005
08000000
00000714
04030000
01000813
1e000000
00000000
000f0006
00000000
08001900
17000001
00000000
00000000
00090000
0a000000
0000000b
00000000
00000019
10000000
0a000000
062e0000
07000000
000a0000
0c000000
26000000
00000500
00000400
13000000
00000000
0e000000
0000091a
00004200
0b00000c
00000006
0000000e
12060000
12000000
07000200
00000300
00000000
00000000
21000f00
00191601
00000000
00000000
22010006
1c000000
06000209
00000000
00000a00
00000000
0a000000
06330000
18000000
00090000
26050a00
00000000
00051f00
00000700
00000000
00000000
0c120010
0a001c1a
00001f00
0d000010
00000017
00000000
0c000000
05000000
00000b00
00000b00
00000600
00000000
03000000
03110700
00000000
03000000
1000001e
16000000
06000c00
00070000
00000a00
00000000
14000000
00000000
21000000
00000000
29110600
00000000
00110a00
00000000
00000000
00000000
0001002b
0a001900
00000000
00010000
04000002
00000000
00000000
0000000c
0000020d
00001000
00000b00
00000000
00000000
00120000
00000000
00000000
00000023
00000000
03000000
00160005
00000000
00000000
0c000000
0000000d
14000000
00000000
17060900
00000000
02180000
00000300
00000000
00000000
11000011
02060e00
00060000
0e000000
00000000
00000000
00000000
0000000a
00000201
00001400
00001300
00000000
00000000
001e0006
00000000
10000000
1c000000
03070000
0e000000
00210000
00000000
00000008
0a000000
0000000c
0f000002
00040000
17000300
00000000
00211200
20000000
03000000
00000000
05030001
000b0000
00000000
01000000
000c0000
00000000
00160000
00000000
00000400
00000500
04001200
09000000
09000000
00000205
0d000000
05000000
1f000600
0000000a
00000000
000b0004
00000000
00002004
00000200
06000000
2e000000
000f0000
16000000
00000000
00050300
14000009
0000001e
00000001
08000000
00000000
00000000
0000000b
00000004
0d000900
00000000
00000718
00001200
00000000
031e0200
0a000000
00000000
0e000000
1e000000
00000000
00000000
00000000
00000004
0000151a
00000000
02000500
00020000
08000000
15000500
00090000
0100000e
0f000000
00000006
0000000d
02060010
00000003
0d030000
00000000
00000000
03000004
04000002
00000000
00000001
00000d0c
01000000
00000000
000c0000
08000000
00000012
07040600
00000200
00020000
00030000
000b0000
00030003
00000704
0c000000
000a0000
040c0000
07130000
00000800
00060402
00000308
0d000000
00000009
02000004
09100000
00000003
0f090300
00030000
00000000
02000005
06000001
04000508
00010506
0100060a
06000000
00000001
07030800
0b000000
0004000a
02040600
000b0400
03040200
00060307
0b090003
00020003
00020608
0c000000
00030000
07060600
0f040300
09000b00
000a0200
00000204
0c000000
00000209
04000003
080e0000
00000003
10090300
00020000
00000000
03000003
04000002
03000307
00020208
02000708
05000000
00000002
09040800
0a000000
0007000c
02040600
000a0500
01050000
00060106
0c0a0002
00020004
00050609
0a000000
00010000
06050700
11020500
09000c00
000a0000
00000203
0c000000
0000000a
04000004
070f0000
00000004
10080200
00030000
00000000
02000004
06000002
04000308
00000407
02000807
04000000
00000002
0a050a00
0a000000
0006000b
02050700
00090500
02050000
00050204
080b0001
00040004
00030709
0a000000
00020000
07050500
0f030500
08000b00
00090000
00000302
0c000000
00000007
04000005
07110000
00000004
10090200
00050000
00000000
02000004
06010000
02000608
00010308
00000809
05000000
00000001
09030a00
0b000000
00060009
03040600
000b0600
03050000
00040404
080c0003
00010004
0001070a
0b000000
00020000
09060300
0e040400
08000c00
00090300
00000203
0b000000
00000000
0b000010
00180000
00000003
17000000
000e0000
00000000
05000002
08000000
0000060b
00000008
00000507
02000006
00080000
010f0500
15000000
00020b00
07000000
002a0000
04090700
00010501
00060004
00050000
00000c00
0200001c
03000600
0a120000
0e0c0000
05000902
04030b05
00000015
11000007
00000000
00000000
09050000
00000000
04000000
00020000
00000100
0a000000
07000000
00000127
0a010000
00001810
04000000
00000000
000d0000
13000000
00062907
1d000000
00000000
00060000
00070000
00000000
00000007
00000000
00000007
04000200
00000000
05250000
00090000
00000000
01000000
0a000000
14000000
00000100
00000000
00000000
00000000
00170000
11000e00
06000000
00000005
00000000
00000000
00000000
00000d00
00000000
01000000
0d001500
00051e02
00141100
00000000
0c000000
03000000
00000000
11000000
00000000
00000000
00001300
00000000
001f0000
00150000
00000000
00001200
00000000
17000000
00000800
00000000
00000000
0c000000
002d0100
00000000
0b000000
00000000
00000000
00000000
00000000
00000101
00000000
08000b00
00001c00
00060000
000c0000
00000000
0b000000
00000000
00050000
0f000500
00000000
00000000
00020f00
00000000
00000000
01050000
00000000
04000000
00000000
0f000000
00001600
00000000
00000000
01020700
002d0400
00000000
07000000
00110000
00000000
00030000
00000000
00000000
00030e00
16001300
00000e00
00000000
001a0a00
00020000
27000000
17000000
00080000
11000000
00000000
00000000
00041000
00001400
00000000
1e000003
00020000
02000100
00000000
0b110100
2a000000
15000000
00000000
00020300
000e0000
00000000
00000000
00120000
00000300
00220000
00000000
00000000
00090000
0e030500
04000000
00000000
00000000
1f000000
00000000
1b0b0000
00000000
00000000
00000008
00000000
00060b00
00000000
00000000
19000000
00000000
09000000
00000000
00000000
04000004
0006001d
00000003
02000000
00080000
00000000
00000003
00000008
04000400
00000000
0000142d
00000703
00000000
041b0000
02000000
00000000
19000000
18000000
00000100
00060000
00000000
00000012
0000192c
03000000
00040100
00070000
09000004
0d000000
00040000
01000015
10000000
00000000
00000014
00080005
00000006
0e060000
00020000
00000001
09000000
05000000
0b000000
00000003
00000c0f
00000000
00000000
010b0000
03000000
01010009
09080200
00000600
04000001
000a0004
030f0000
00030002
0006030e
03000000
00040000
06060002
0e15000b
00000000
00050003
00000001
05000000
00000000
00000019
00090000
00000000
000c0000
00000000
00000500
00000a00
0f000000
04000004
0000001e
00000000
00000000
00000000
04070100
03000000
00010100
00000000
000a2500
00000000
00140000
12040700
00030000
00060006
00000000
00070005
1e000400
17000300
00000002
00000006
00000000
00000000
01000008
00000002
00000000
00000000
00000000
00000001
04001a00
00003b00
00000000
00020003
00000028
00060005
00000000
00030000
00000000
00000000
00000d00
00000000
00070400
00000000
00100f00
0f000200
00050000
00000000
03000000
000b0000
13000b00
11000000
00000012
00140203
00000000
00000000
00000000
00000000
02030000
0d000007
00000100
00000006
17001d00
00003900
00000000
0007000a
0000002b
002b0000
00000000
00030000
00000000
00000711
00000000
00000000
000a0000
01000000
00001000
00000000
00070000
0100000a
11080100
00190601
00000b00
05000000
00000300
00290300
00000000
00000000
00000000
00000000
00000500
1000000f
00000b00
0000000c
00020200
00001300
00000000
00000900
00000000
00230000
00000000
00170000
00000010
00000801
00000000
00000000
00120000
00000000
00000900
00000000
00060300
00000000
0c080700
050d0001
00000000
00000000
00000500
00220000
00000000
00000000
00000000
06000000
00001300
0f000011
0000000f
0000080a
00000a00
00100014
08030000
00080001
01060800
03000000
00000000
00000700
00000012
00050c00
000d0000
00000000
00150000
09001b09
05000800
0f000005
13000000
01000000
30001c00
00080e03
00000000
00000000
0a000800
00250000
00000800
0000001e
00000300
0b000000
00000000
00000000
000b000d
1e000300
000d0a00
0d090000
10001d00
18060015
09270200
00000b07
00000000
00000100
0016000a
00000100
00161100
0000000c
000a0000
0f001000
02000000
09000008
09000014
100a0000
00000000
0100010d
00000000
00050003
00020100
00230000
05000000
00000000
00000000
00000000
0000000f
00000000
00000000
35000002
09050800
00000000
00001b00
080b0000
00000600
00000000
00000100
01000006
00070000
00000e0c
00020000
0c00000d
000e0000
00000000
00000000
0c000000
00000000
02000000
00050000
06000001
00000000
00000502
000e2200
00140000
00000000
00000000
00000000
00000000
00030008
00000000
00000800
50000005
1f060000
00000000
00120000
000a0007
000d1809
000a0000
00000800
15000001
06090001
0000051a
00040000
07000002
000c0000
00000000
0000000d
0a000000
00000000
0a000000
070a0000
15100000
0200090b
00000000
000a1d00
00000000
07000000
00000000
000d0009
02000000
0000002f
00000000
00000600
43000000
09000000
00000000
001a0011
00140000
00000611
0b000000
00000500
00000000
07040000
00000001
00000000
01000000
00000000
00000000
00000000
00000000
00000000
00000000
11000000
00070000
0005160e
11000000
00000000
08000605
01000000
00000000
00150009
00000000
0000003d
00000000
00000000
18000000
00000000
00000000
0004001f
000d0000
00000e0d
00000827
000a0011
00000000
00000000
00000000
00000000
00000000
04001000
00000002
00060000
00000000
00000000
00000002
16000000
00000000
09031012
22000000
00000000
00000000
00000000
00000000
000e000b
00000013
0002001a
00000000
06010000
00000000
00000000
05000000
00000000
0e000000
00000e05
00090e23
000b0006
00000000
00000600
02000000
02000000
01000003
07000a00
07000006
00070000
03020600
00000000
00020009
0f000000
00000000
09050806
1a030000
00000200
00020000
01000000
01000000
00070000
04000016
050d0000
0a000004
0f020000
00050000
00000002
01000008
09000300
01000000
000a0600
00000615
06000000
00000000
00090900
00000000
00000000
0d000103
000d0000
01020001
00060302
06090000
00020000
00000b06
07000005
00000301
0c090200
100e0000
0a000900
000a0700
00000005
0f000009
00000000
00000000
150b0000
02000003
06000000
01040000
00000800
00000008
0c001900
00000909
00140000
00000e2d
13000003
00000000
00100606
00000000
08000100
11000000
00130000
00000600
000d0000
0e000000
0000000d
00000000
00000009
00000000
00020000
00230000
03000200
00050000
0c000001
13000000
00000000
03000000
19001900
00000000
07000000
20000e0a
00001400
00000000
00001c00
00000000
05070000
00000100
0e000000
00001300
00001503
00000000
1a0b040c
00151606
00000000
00000b00
1b080000
2c080000
09000030
05000000
00000000
00000000
00000000
18220000
00060000
00040000
22120000
00000000
00000000
00000800
00000a00
00050000
13000000
2f001719
00000700
00000020
00001900
00000000
00000000
00000000
00000500
05000d00
00001200
00000000
0d070007
00031b00
00000000
00000000
1c000001
39190000
04000101
06190000
00000500
00000000
00000b00
1d020000
000a0000
00000000
253a0000
00000000
00080300
01000000
00000000
00000000
08080000
2300100a
00000000
00000028
00000000
00000000
00000000
00000000
00000400
00030300
00000d00
00000000
0e000000
00120c00
00000000
00000000
10060010
15060000
04000200
02030200
00000700
00000000
0c000000
00000000
18000000
00000000
19280000
00000000
00120000
05000d00
00000000
00000000
0c0b0007
0d000d01
00060000
06000002
00000000
00000001
00000000
00000000
00000400
000e1600
00001500
00000000
13000000
00181300
00000000
00000000
190b0000
0b140000
06000a00
00060b00
00000600
00000005
19000000
00000000
2100000a
00000000
1f130100
00000000
00200500
28001300
0b000000
00000000
08120000
00060000
00000000
03000001
00150000
00000000
040d0000
00000000
00000002
04010700
00001500
00000000
1d000000
00000d00
0a000000
00000000
1f150500
000d0000
00000b00
00050509
00000000
00000003
00000200
19000000
34000004
00000000
19000000
00000000
00100100
1d00000a
00000018
00000000
09000000
00000000
00000000
00000008
00000000
05001300
00000000
00000418
00000502
00040000
02170000
00000000
00000000
1a000000
26000000
00050000
000d0500
00000000
00000000
00001d22
00000000
00000700
00000000
13000000
1a000400
00000000
05000021
10000000
0000000d
0000000f
02070014
00000002
0b060000
00000000
00000000
00000000
0a000000
00000001
00000200
0000140c
05000003
00000000
000d0000
05000000
0000000f
08000800
00000000
00010000
00060000
040a0000
00020008
00010905
11000000
00080000
05080000
0a140000
04000d00
01050000
0000030f
10000000
0000020a
04000006
05100000
00000004
100a0300
00040000
00000000
01000304
07010000
07010708
00030607
01000a0a
06000000
00000000
09020900
09000000
00060008
00050800
000c0800
04040000
00060306
0e0b0404
00020003
00040809
0b000000
00000000
07070a00
12050100
0c000e00
000c0200
00000202
0a000000
0002000a
04000007
05100000
00000003
10090300
00030000
00000000
01000102
08000000
05000706
00030409
0000090a
05000000
00000000
09020900
08000000
00060009
03020400
000b0600
02030000
00060306
0d080003
00000002
00060709
0b000000
00000100
07040b00
11050100
0a000f00
000c0001
00000105
0d000000
00020109
03000006
070f0000
00000005
10090400
00040000
00000000
00000101
09000000
04010506
00010307
00000a0a
07000000
00000000
09030900
07000000
01060009
00040700
000a0600
02020000
00060306
0e090104
00010003
00060609
0a000000
00000000
08050a00
11030200
0a000e00
00090101
00000204
0b000000
00000005
04000007
06110000
00000005
100a0300
00040000
00000000
01000202
06000000
06000606
0004040a
0100090a
06000000
00000000
09030b00
07000000
02060008
01030900
000c0700
02030000
00070306
0c0b0103
00010002
00040608
0b000000
00000000
09060900
10050100
09000d00
000a0200
00000105
0b000000
00010000
0c000011
00130000
05000001
14000100
000f0001
00000000
05000004
08000000
00000709
00010109
0000040b
02000005
000a0000
010c0700
0e000000
00020a00
06000000
002a0000
06090700
00060704
00080204
00020000
00001000
03000013
00000604
09100001
100b0009
09000d04
050a0e04
0000000f
0d000004
00000000
00000000
06000000
00000000
09000000
00050000
00000000
06000000
02000000
00000526
0b020000
00001312
05000001
00000000
020c0000
08000200
00062500
1c000000
00060000
00050000
000b0000
00000000
00000002
00000000
00000001
02000400
00000000
00270000
00060000
00000000
00000003
00000000
13000400
00000300
00000000
00000000
06040001
00110000
0d000a00
07000000
00000008
00000000
00000000
00000000
00000100
00000000
09000000
00000f00
00090a10
00171f00
00000000
0b000000
13000000
03000000
15000005
00030000
00000000
00000a00
00000000
00190000
000f0000
00000000
00000200
00000000
1a000000
00000600
00000000
00000000
12001200
002e0000
02000000
0c000000
00000007
00000000
00010000
00000000
00000000
00000000
07001000
00000d00
00040003
001d2501
00000000
20000000
05040000
02000000
0d000500
000d0000
00000000
00040000
00000000
00000000
00000016
00000000
03020000
00000000
12000500
11000800
00000000
00000000
06030a00
00220000
00000000
13000000
00000000
00000000
00000000
00000000
00000000
00080700
14001d00
00000500
13080013
002b2c00
00000000
29000000
1e070100
00000000
0f000000
00170000
00000000
00000000
00000900
00000000
0e00000f
00000000
08110000
00000000
02011100
4b000500
1a000000
00000000
08090000
000f0000
00000000
02000000
00120000
06000000
00050000
00000000
00000000
00110000
04001800
00000000
08000001
00002a00
20000000
13000000
21040900
00000000
00000200
0003000e
00000000
00000000
00000200
10000000
07000000
00000000
0c000000
06000000
00000200
11000012
00000000
00000000
06020000
00080000
00000000
00000016
01000003
17000400
00000000
00000f0c
00000000
000d0000
06120300
00000000
00000000
19000000
19000000
00000000
00000200
00000000
00040000
0000092e
02000000
00000000
00000000
11000000
01000000
00000000
06000024
17000000
00000000
0000001a
00080000
00000006
00090000
00000000
00000500
00000000
13000000
00000000
00000015
00000708
03000000
00000000
00090000
03000000
00000003
01000000
00000f00
00000000
000f0000
03040000
00060000
0000050a
01000000
00060000
1a000004
110d0008
00000000
00000000
00000000
00000000
0100000d
0000000b
00020000
00000000
00000000
00000004
03001a00
00002800
0b000000
00070000
0000002a
00030000
00000000
00000000
00080000
00000000
00000c00
00000000
000d0600
00000000
00160600
10000500
000a0000
00030003
00000000
00080000
20040b01
0a000000
00000007
00060002
00000000
00000000
05000004
00000000
000c0000
03000000
00000000
0000000a
1a001e00
00004a00
00000000
000f0007
0000002b
00170003
00000000
00000000
00000000
00000008
00000200
00000000
00080000
00000000
00090a00
00000000
00090000
00000001
04000000
00150000
06000f00
00000000
0000000e
0024030b
00000000
00000000
00000000
00000000
03000000
0d000000
00001200
0000000a
0a000100
00003300
00000000
00060607
00000010
002d0000
00000000
060a0004
00000000
00001510
00020000
00000500
00050000
00000000
00001200
00000000
00060a00
00000002
1a150000
00190900
00000700
00000005
00001000
002c0004
00000000
00000000
00000000
00000000
00000600
14000009
00000900
00000000
00000000
000b0f08
00000000
00061900
00000000
000d0000
00000200
040c0000
00020009
00000500
00000000
00000000
04030000
00000000
00001000
00000000
00000000
00000005
16000a00
00050602
00000009
00000000
0d001900
00310000
00000000
01000008
00000d00
0e000000
00000000
0b000000
00000000
00000300
00000000
0025001d
0d030000
00090300
000e0d00
000c0000
00000a03
04000c00
0000000c
00050300
000a0000
00000000
000e0000
00001600
00000800
1800000c
0e000000
05000700
29001800
00041e11
00000000
00000000
13011a00
002a0000
00000700
00000026
00050002
00000000
00000500
00000000
00000000
14000000
000c1500
000d0000
1e020000
0d13000d
011b0d00
00000001
00000000
00000000
00180012
00000500
00171400
00000004
00150005
07000200
00000000
00000500
0d060016
01000000
00000000
00000607
00000002
00000000
00000000
07200400
00000000
00000000
00000003
00000000
0000000b
00000000
00000600
20000000
00030100
00000000
00000000
00150000
00000000
00000000
00000208
04000000
000e000b
00000804
000a0000
00000000
000d0000
00000000
00000000
03000000
00000000
00000000
00080000
00000000
00000000
00000000
00000d00
00000000
00000000
04000000
00000000
00000000
00000000
00000000
00000f00
48000006
12080000
00000000
00090000
00090018
00030100
040a0000
00000b00
15000006
00060000
0000071c
000c0000
0a000700
00110000
00000000
00000005
02000000
00000000
00000000
040c0000
11000000
00000706
00000000
00062600
00000000
0f000700
00000a00
00050000
00000000
0000000c
00010000
00000600
56000000
0d000000
00000000
01140000
000c0003
00020014
07000000
00002100
09000000
04090000
00000016
00070000
03000000
00020000
00000000
00000000
00000000
00000000
00000000
00020000
00080000
0000000e
00000000
00000000
00000000
00000000
00000000
09100020
00000000
00000036
00000000
00000000
33000000
00000000
03000000
02240023
00130000
0000000f
0c000000
00000004
00000000
00000000
00000002
00000000
01000000
00000000
00000000
00000000
00000000
00000000
00000000
0c000000
00000000
0000051d
12000000
00000000
00000a00
00000000
00000000
01150012
00000000
0000003f
00000000
00000000
0b000000
00000000
08000000
0000001d
00060000
00000012
0000052c
0007000c
00000000
00000000
09000000
00000000
00000000
0a001300
00000007
00000000
00000000
00000000
00000000
08000000
00000000
03000417
1d000000
00000000
00000000
00000000
00000000
000a0002
00000012
01010010
00000000
01000000
00030000
00000000
07000005
01000001
0c000000
00000800
00040324
00020006
00000000
00060100
02000000
00000000
00000002
03000b00
0000000a
00070001
00000300
00000000
0003050b
0c000000
00000000
05100010
13020000
00000000
01060a00
00000000
09000001
00060000
00000000
00010004
02000000
00000000
04040000
00000006
00000000
0c001e00
00000000
00000000
00000028
02000000
00000000
000e0000
00000000
00000000
00000000
00080000
00010000
000a0000
00000000
00000000
05021306
07000003
00000000
000d0011
090b000b
00000000
00001400
09000000
10000000
00000000
00000000
00000000
00000000
00000000
23000000
00000007
00000000
01003100
00000000
00000000
00000028
00000001
00000009
00070a00
00000000
000b0000
00000000
00000000
00000000
06000000
10000000
00000024
160e1100
00000000
00000000
00000000
0f0d0022
00000000
00000100
17000000
06000000
00000000
00000000
00000000
000e0000
00000000
3e000007
00000000
00000000
02003b00
00000000
00000000
00000000
00000000
00000410
00000200
00000000
03110000
00070000
00000000
00000000
13000000
190e0000
00000016
182a0000
00000000
00000002
00000000
000c0021
00000000
00000000
1a0e0000
00000000
00000000
00110000
00000000
00000000
01000000
36010c19
000b0000
00000000
00002b00
00000000
00000000
00000000
00000000
00001011
00000d00
00000000
0e0d0000
001d0000
00020000
00000000
0f000000
150c0000
00000000
160c0001
00000000
00000000
00000000
00000014
00000000
00000000
181c0000
00000300
00000000
00001200
00000000
00000000
0d000000
13100d1f
00170000
04000000
00001600
00000007
00000000
00000000
00000000
000f2009
00002000
00000000
1f030009
00281500
00160d00
07000000
1e000000
13240000
05000600
0b010000
00000200
00000002
00000500
06000000
00000005
00000000
14230000
00000300
00000000
35001300
01000d00
00000000
0b000000
000c0000
00070000
04000000
000e0000
00000003
06070000
00000000
00000300
06061002
00001b00
00000000
1d000000
00041800
03030d00
04090000
26150700
00100200
00000500
000f0000
00000000
00000000
00000e00
22000000
0b000008
00000000
0d060000
00000000
00000000
15000014
00000000
00000000
06000000
00060000
00000000
00000007
00000000
0a000f00
00000000
0000000e
00000500
00030000
01080200
00000000
00000000
1f000000
20000000
00010000
000e0f00
00000000
00000000
0003091d
00000000
01060000
00000000
12000000
09000000
00000000
0000001e
17000000
0000000a
0000000d
09020006
00000000
01040000
00000000
00000000
05000000
05000300
00000000
00000001
00000710
00010006
00000003
00090300
06000000
00000001
00000100
00000100
00000000
000a0600
04000000
00000005
000d0403
13000000
00040000
0b070006
050f0003
00000400
0b000300
0000000e
16000000
00020004
0000000a
09060000
00000700
05070000
00000000
00000000
07000200
02000403
07000001
00000009
0000000f
00050002
00000005
05010800
0b000000
00010000
00000300
00050d00
00000003
000a0505
09010000
00000000
0110020a
0a000000
00000000
0c050704
0d000009
02000300
08010600
00000000
0b000000
00020105
0000000a
08070000
00000700
05070000
00000000
00000000
06000200
05000403
08000001
00000009
0000000f
00070001
00000005
04010800
0b000000
01010000
00000000
00050b00
00000003
000a0504
07000101
00000000
020f0109
0a000000
00000000
0a070804
0c000007
02000200
08010600
00000001
0d000000
00020005
00000009
08060000
00000600
05060000
00000000
00000000
06000200
03000703
06000002
00000008
00000011
00050002
00000005
03010800
0b000000
02000000
00000000
00040a00
00000002
000b0404
08000001
00000000
0110020a
09000000
00000000
09070805
0c000006
01000000
09000600
00000002
0c000000
00000003
0000000e
08050000
00000600
05050000
00000000
00000000
08000100
02000802
07000001
00000007
00000012
00060000
00000005
02010900
0a000000
02010000
00000100
00050c00
00000002
000a0505
08010000
00000000
0211020a
0a000000
00000000
0a060806
0c010008
00000000
08000500
00000003
0d000000
00030000
03000016
03080000
04000000
0c000000
00070000
00000000
0c000002
08000000
00000207
00000004
0000000d
02000008
00020000
000d0600
0d000000
00000600
00000000
001d0000
00010005
000a0600
03000002
00010000
00070a01
00000010
00000000
0f0d0009
0c0b000c
00000000
0c040f04
00000015
17000000
00000000
00000000
06000000
00000000
08000000
00030000
00000000
1b000000
08000100
00000026
00000000
00000817
09000303
00000000
040b0000
0b000500
00031703
03000501
00100000
00000000
00140000
04000000
00000000
00000000
0000001e
03000000
01000000
07240000
00000000
00000e00
00000000
00000000
07000200
00000000
0c000000
00000000
08000000
00130000
00000000
25000000
00001000
00000000
00000000
00000000
00000700
00000314
10000000
00000400
1507001f
00244004
00000000
01000000
24180000
00000000
0a000000
03200000
00000000
00000000
00000000
00160000
00000000
00001600
01000000
00000000
00000a00
0e000000
00000000
00000000
13000000
002d0000
00000000
16000000
00000c04
00000000
00000000
00000000
00000000
00000021
0c001b00
00000200
09100006
001c2500
00000000
18000000
12060000
00000000
00000c00
0b2b0010
00000000
00000000
00000000
00000000
00000004
00000000
07150000
00000000
00000000
21000100
01000000
00000000
070d0000
00270000
00000000
17000000
00000500
00000000
00000000
00000000
00000000
00070022
01001600
00000000
11050008
00000500
00000000
05000000
1c121a00
00000000
00000100
1f2d0005
00000000
00000000
00000000
00000025
00000003
00000000
071b0000
00000000
00000000
2e00061f
12000000
00000000
05150000
00100000
00000000
03000004
03020000
1c000000
00000000
00000800
00000001
00160015
00000000
00000000
00000000
00000000
00000000
00000000
0d151400
00000000
00000500
17210519
00000000
00000000
00000000
0f00001f
00000000
00000000
02000000
03000000
00000000
06000028
00000000
00000000
00040000
000a0000
00000000
00000009
10000000
0e000600
00000000
00000400
00000000
00180000
01020000
00000000
00000000
04000000
01000000
00000000
00110800
00000000
00000000
00120a26
00000000
00000000
10000000
14000000
00000000
00000300
00000013
08000000
00000008
0000000a
00000000
00000000
00000000
00000000
00001100
00001300
1e000000
00000000
0000001a
00000000
06000000
00000000
00030000
00000000
00000e00
00000000
00000900
00000000
00050000
00000000
00040000
000d0000
00000000
000a0000
21000000
13010000
00000000
00000000
00000000
00000000
00000013
00000000
00030000
07000000
00000000
00000000
15002400
00003c00
00000000
000a0000
0000002a
00070000
00000000
00000000
00000000
00000014
00000900
00000000
00080000
00000000
00000000
00000000
000b0000
00100001
00000000
00150000
02000e00
00000000
00000000
000a0002
00000000
00000200
00000000
00000000
00080000
0f000000
00000d01
00000001
0d000c00
00003800
00000000
000b0006
0000001e
000e0000
00000000
00000000
00000000
00000917
00040000
00000000
00030000
00000000
00000000
00000000
00070000
00000000
00000000
00220000
00000800
00000200
00000000
00190000
00000000
00000000
00000000
00000000
0f000000
0a00000f
00000700
00000008
00000000
00002e00
00000000
00050a01
00000000
00070000
00000000
03050000
00000007
0000020f
00040000
00000000
00000000
00050200
00000800
00000000
00000000
00000100
12000100
000f0600
00000000
00000000
00000c00
00220000
01000000
00000000
00000900
00000000
00000000
06000007
00000000
00000000
00000600
000d0908
00000005
000d1f00
00000000
000a0003
00000800
02030000
00070002
00000000
00070000
00000000
01000000
00001004
00000b00
00000010
00000000
0000030d
0c000300
00000008
00000000
00000000
10000800
00250000
01000300
03000000
00000000
18000000
00000000
00000000
08000000
00000c00
00000000
00210016
00000000
090b0000
00051300
00030000
00000900
04000400
0001000a
000c0000
00150000
00070806
07070000
02001500
00000c05
16000513
07000004
00000100
1f020d00
0c000414
00000000
00040000
0b001e03
00190000
03000500
00000010
03000000
02000000
00000000
15000200
000f0b08
08000e04
040e0400
000a0000
070b1a01
12110006
00091c00
0200000d
00000400
07001312
000d000a
06100304
001e0710
0000100b
00190006
06000a00
00000b18
0f001f0e
0a1a0a0f
0c000006
02171205
00000006
01000000
03000007
00082512
0c191400
05071500
00080800
00000300
04000000
00000000
03000000
00050f04
1a00060d
030a0000
00000000
00083600
000b0000
04000e00
00000000
00000000
1900181f
00030010
00000206
081b0307
0000110d
00100000
00000000
00000011
10001903
00060a0b
15000000
12240119
00000003
00000000
0100000c
000c2219
0f0b0700
06170e09
00000d00
00000c00
10000700
010d0000
00000000
0d0b0700
38020722
0f180000
00000000
00183900
0f00010b
00060d00
000f0000
00000000
25001523
00010001
00000011
08190000
01001900
000d0000
00000700
11000000
0d000300
00000805
1200000b
0f250000
09000002
00010a00
0900050a
0024380e
010e0300
0f260e00
00001800
00010000
00000000
00060000
00030000
06000200
51000016
23170000
00000000
0d183700
000b0005
00091700
00070000
00000d00
21000030
00020000
00000020
00150009
0d001e00
000d0000
00000000
0000001a
00000000
00000600
1500000a
00280000
11000000
00000615
00000a00
00213b00
00091000
002c0503
00001100
0b070000
05000000
00100000
0b000000
00001807
5200000e
300c0000
00000000
00301500
001a0000
00001904
08000000
00000a00
0b000027
00060000
00000014
000a000d
06001c00
00010000
00000000
0000001d
00000000
000c0900
1f000000
060c0000
00010000
00020a0d
00000a00
00081401
00001b1d
00140400
00000100
0c100000
09000000
000a001d
0a000000
00001500
29000003
04080000
00000000
001d001b
00130001
00000b00
13000000
00040000
03070016
00000000
00000000
00000007
0e000901
1000040a
00000000
00000000
00000000
00020100
08000000
13000000
00000000
04000e0f
1d000900
0009000c
00000016
030c0a00
00040000
010f0406
00000005
00120015
00000500
000b0600
10001000
00000000
00000000
0a000014
0c0f0000
00000900
0303071b
00070000
04050005
00000300
05000000
00000000
07060000
0c001300
00000803
000a0300
05010000
000e0000
0000020b
0d040000
00000000
0b000a08
1a000303
050d0002
00080002
010a0200
00000003
05150016
00020005
000e0001
09000900
000c0000
09030e00
00010000
00000000
1007050d
0d090300
00000600
00050b10
00030000
00000002
05080a00
000c0000
01000000
00080000
000d0d00
00000000
00120000
00070000
000a0000
01000e0a
0e010009
00000000
05150a0e
1500000e
060c0100
00040d00
02000000
00000000
0b0d000f
00060000
00120000
03000206
00030000
0f020b00
00030000
00000000
13071009
060b0100
00000000
00001113
00030000
00000003
00021500
00060000
00090000
00000000
00130701
00010000
05120000
02010000
0008010b
08001e05
10000003
00000000
00120010
0f000015
000c0000
00000400
02000000
00000000
09000000
00140000
00120000
00000015
00000000
1f060e00
00050000
00000000
12001f00
07110000
00000000
00000d17
00040000
00000009
00001900
00000000
001b0000
00020000
00140f01
00000000
090c0000
0c000000
00080a14
12002706
0e000000
00000000
0000000c
0d09001f
000d0002
00000400
06050000
00000000
03000000
00200000
00050000
0000001a
010a0000
2c111100
00080000
00000000
0c002e00
07120000
00030000
00000012
00040000
00000011
00001900
00000000
021c0002
000e0000
00161300
00000200
06050000
13030000
00001013
1c001e02
01000000
00000000
00000005
060d0027
00080000
13000400
07100000
00000100
02000000
04001400
00000000
00000016
06090000
26180a02
00160000
00000000
00033500
060a0000
00040000
00000000
000c0000
0008071d
00001600
00000000
14110006
000e0000
00111700
00000000
12080600
150f0000
00001010
2c0d0c00
00000000
00000000
00000000
0d000039
03050012
0b000008
081d0000
00000000
00000000
24000a12
00000f00
00000000
06080000
01110200
00100000
00000000
09081500
12020001
00130000
00000000
000b0000
00000a1c
00001800
00000000
0d0b0000
00000000
00001500
000d0000
11111500
06080000
00001600
29090007
00000000
00000000
00000500
1600002f
00010015
000e0007
080a0000
00100000
01000015
08000015
00120000
00000000
070b0400
00100900
02000000
00000000
15020004
1d071600
00000000
00000001
00030000
0200000e
04001200
00000000
00000000
04000000
14020100
00030b00
00181100
03000006
00000400
01000a14
03000000
00000300
08040300
0d000005
08080006
00090009
00040002
01060000
0b050017
00000002
0a1c0000
07000900
05120100
00021100
00000a01
00001000
0c000607
170c0601
00000c00
01070510
00090000
03000008
10031600
05020000
02010008
00070100
00090d00
00001000
03150700
11040000
00050007
00000806
17030005
00000000
0e090900
100a050a
090d0004
0a100303
00040600
00040000
0b0d0515
00000006
091a0000
03020d01
06140500
06021201
01000204
00000f00
0d0a080a
190b0602
00030900
0009040e
000c0000
05000007
12001200
08090000
0203000a
000a0000
000a0c00
00000c00
02150600
10040201
00030003
0300040a
0e020006
00000000
10031100
1303050b
0e10000a
0a100309
00060700
00040000
0b0e0616
00000007
071b0000
03020f01
06150400
05021100
01000303
00000f00
0e0a060a
1a0b0500
00020901
0107030e
000c0000
05000007
11001200
09090000
02030009
000a0000
000a0d00
00000a00
01140500
0f040201
00040003
0200040b
0e010004
00000000
0e041000
1303050b
0d0f0009
09100308
00050700
00050000
0a0f0519
00000006
071b0000
03010e01
06130400
06021000
02000204
00000d00
0e0a050a
180c0601
00020700
0108030d
000b0000
05000007
11011100
09090000
00020009
00080000
00090c00
00000a00
00150600
0f030000
00050002
0200040b
0e020004
00000000
0d041000
1202040b
0b110009
090e0409
00040500
00060000
0b0d051b
00000009
061b0001
01020e01
07120200
06020f00
00000006
00000c00
0f08060c
180c0500
00010800
0009040f
000c0000
04010007
11001100
09080000
00020009
000a0000
00090f00
00000b00
00140600
0f030000
00040003
0100070b
0f010006
00000000
0d051000
1304050c
0910000a
070d040a
00040400
00060000
0b130106
00000012
04200000
09000000
0d090300
0a0c1000
05000000
00000000
15011106
0f0b0200
00030802
00000211
00030002
01000007
11051200
09050000
02000a08
00000000
00190800
00001700
00190800
08030000
00080004
03001105
0c0c0021
00000200
120c0501
120a000a
0a110008
05120c0f
00090004
00000104
0b070000
00000000
04190001
00000000
0f000000
00150900
01000000
07000000
08003400
0004000b
0c020000
00000018
00000000
00000018
0e120a00
00000400
1504150e
03000000
001b0000
00001200
002f0400
04000000
00030806
15000c00
0000001c
00000000
02080000
14120005
00070003
000b1603
00120000
00180000
00000000
0c000f00
0a0c0300
00000000
0e050000
00190000
00000000
17000000
00004407
00000000
0e000000
00000000
00000100
00000026
0b070000
00000b00
18140014
00000501
00000000
00000000
19480500
00000000
00001718
34100100
00000000
00000000
00000000
19000025
000f000b
00010c00
00120000
003e0000
00000000
13001000
000a0a00
0000000a
11160000
002b0600
00020000
07000000
12003214
16000000
00000000
00000000
00010000
00000028
09040800
00000500
00120000
00000000
00000b00
00000000
0d331000
00020000
00001600
251c1c16
00000000
00000000
00000000
11000026
000a000a
00000000
00140000
00280000
00000000
10000f02
00151900
00000023
09000000
001e1300
00050000
00000500
14001a00
2d020000
00000000
00000b00
00130000
00000014
10001600
00010400
00170000
00000000
00130c00
00000900
052c1600
00040000
00000700
20001f06
00000000
00000000
00000000
1000001c
00000009
00000000
00130000
00190000
00000000
08000b11
03222c00
00010011
07040100
000c1300
00030000
00000b00
17030700
23030c00
00080000
00001000
00140000
000d0009
19000c00
00090000
00100000
00000000
050c0900
00070008
01270e00
00030000
00000500
16001707
09000000
00000000
00010000
120e000e
0000000c
00040000
00070000
00160000
00000000
00000017
00230100
00020000
090b0600
000d0f00
080c0000
00001100
15001100
14090a00
00040000
00000009
00030000
070c0011
1b020800
00000000
00000000
0a000000
00001600
00000b00
001b0a00
02050000
00050005
0e000616
07040000
03000000
130b0000
10140001
000f0016
00180101
000b0001
000a0100
00000000
00000000
00100000
0d000000
00050000
00000d0f
2b0f2200
00003300
17001e00
00150006
00000c07
00030002
01000000
04000027
01000000
00000010
00001f00
02000f00
00000b03
00000200
00010900
09000200
05180310
0c00000b
03000800
00040900
0c000800
02160000
000c0917
002e0400
010d1500
00020b00
00000000
00000000
00100000
28000000
00001502
00000e1f
2f0e2500
00003200
09001300
00180004
00001b0b
00110000
00000000
05000037
00000000
0000121f
000a0400
00001e00
00000000
03000200
00000d07
00000000
001f1003
1800000a
11070b00
00120600
00001100
00000506
00031810
002c0204
011c1100
00031300
00000000
05000000
00050000
2e000009
00002100
0000171b
20080100
00002b00
0d030200
00140000
00000e00
00010000
00000000
1100002f
00000000
00001613
00070000
00001901
00000000
000b0200
00001700
00000000
00191700
0b000003
140f0e00
00120000
00000000
00000d09
00001416
00290000
001e0c00
00000b00
00000000
05000000
0d000000
14000009
00001100
00001b14
0b020000
00002100
0a030006
01140d07
07000200
00000004
00000000
1500001c
00000001
00000009
0d090000
00090e00
00000000
01172900
03002500
0c000002
00020b00
04000000
1b000c00
00000700
00000000
080a0f0e
00000603
001d0000
090b1d00
000e0000
04000800
10000000
00000000
03000004
01100302
00000f0b
00000100
000b0416
06060311
16171000
00000000
00000000
00000000
17000207
00020800
00140000
00170005
00070907
00000000
06001d08
00001d00
18000f1c
00000005
03000013
0e000d00
00000010
00000000
0800051b
100e0c00
000f0000
050d0a00
00050000
04000800
11000008
00000000
00000002
09120400
05000e0d
00000000
00100019
06000b04
22060500
00041000
00000009
00000005
09000b00
00050400
00200000
0115000f
000f020f
080d0600
0a001000
00001004
1e001019
03000005
03070007
15070e03
0000090b
06000300
0305081a
160b1514
050b0200
02050d00
00000005
