0102000b
03000000
00000609
04000500
00000e00
00000502
03000102
08000007
00020000
0a000b00
00090000
01000000
00030606
00040207
0c000001
07000003
04000005
05000003
00080000
01030001
00020900
00040600
0f00040d
06040004
04000000
00030208
01050300
0a070401
10000d00
00000000
00000000
00000906
00070800
00000403
05000000
0f000500
07010007
04000000
00000800
050b0008
00040000
0e030100
00040300
00070404
09000100
01000000
00000100
02070100
00010a01
00020000
00040000
030f0e00
04010004
00000c00
00000a00
00000000
00000000
04000009
05020200
00090002
11050000
00000000
02020200
0a000409
00020000
03000000
0004000d
07060500
00000800
00000000
05000300
03040004
00000500
00000600
0002000b
00000000
0000020a
00030200
00000504
07000001
02000009
0a020106
00090001
01030500
01000607
010f0000
0003040b
0c0b0006
00030404
00020405
0c000c01
00010104
0d000000
00000000
00030007
00020c07
00060c07
00000000
00000307
00000c08
00000000
00000104
00020500
0a060000
02070000
14010301
02080104
00040704
01030008
00020000
00000100
01000006
00070e00
00000000
00000000
000a0400
00000201
00000000
05000600
00000103
01040300
00040000
00020300
000f0403
00090000
00000000
00000501
0c000400
00000000
06040400
00060009
00060702
00000800
03000000
03000500
000a0004
03000b00
00000700
0002000a
00000000
00000304
00050000
00040509
03000000
0600040b
12060004
00020006
00000807
06040209
020a0300
0008020f
0b040002
00070404
02010807
10000b02
0000000a
0b000000
00000000
0002000a
00040909
00030d0b
00000100
01000207
00000905
00000500
00000006
04040500
08050000
05070100
13010400
05070205
00030306
00000003
02030000
00000000
00000011
00091000
00000000
07000000
00090900
00000b08
00000001
03000b00
00010506
02080000
00070000
000c0800
00100306
000d0000
00000003
06000402
0d000300
00000000
07030300
0009000a
00000406
04000a00
01000000
03000700
000b0000
05001400
00000800
0004000d
00020000
00000702
00080003
00010807
00000000
0900070f
0c090302
0000010a
03000809
03040009
00060400
00060710
0b000302
000b0200
03070405
0e000909
00000107
07000000
00010000
0002000b
00030c09
00000e0b
00000600
00000406
00000706
00000800
04000004
00030400
06010100
05030002
12010500
05000306
00010502
00000008
03040000
00000000
00020011
04020d00
00000000
05000000
00060900
00000b06
00040001
06030b00
01000807
030a0200
00050000
000c0800
000f0005
000c0000
00000000
06010400
0c000500
02040700
02010000
000a0009
00000602
05000a00
02000000
02000700
000c0000
03001601
00000a00
0002000d
00030001
00000a00
00080002
00000903
00000000
0d00070f
080a0000
0300010a
0500060b
00070209
00070100
00060311
0b030404
00060001
00060107
0900080b
00000105
09050000
00000000
0002000a
00060c05
00010f0d
00000500
00010205
00000504
00000a01
03000008
02030000
04000200
03010004
14010400
02010006
00000700
00000105
05040000
00000400
0000000c
01000b00
00000000
01000000
00030a00
00000704
00010300
04040900
01000705
020a0301
00010000
000a0600
000e0003
000e0000
00000000
05000100
08000201
03020400
05020100
000b0009
00020700
00000900
06000000
00000b00
000d0000
02001200
00000c00
0003000c
00010005
00000800
00000002
01000903
00000000
0f00020e
070b0000
0500010a
02000a09
0505000b
000c0000
00080110
0e010001
00090000
00000008
0a000809
00000204
0a070000
00000000
0004000d
00070a05
00050f0a
00000300
00060704
00000203
00000f00
02000005
02030000
00000004
00000000
13030000
00090009
00000000
03000200
09030000
00000700
00000007
01000900
00000000
01000000
00040700
00000707
00000002
00050500
02000707
00080406
00000000
00090401
00100003
00100000
00000000
00000100
07010900
00000300
07000300
000c0009
00070501
00000400
02000000
01000a00
000a0003
01031500
00000c00
00070006
00030505
00000600
04010000
00000406
01000000
0b00040e
0a080400
00000207
03010b09
0405020a
00070000
000b0a12
0b000000
000a0303
04020000
0e000806
00000205
09020000
00000000
0002000e
00070705
00030c09
00000400
00010a06
00000208
00000f02
06000003
02040000
01000300
05010301
14030000
03060009
00000400
00000006
07050100
00000800
00010008
00020901
00000000
01030000
00060200
00000406
00000001
00010300
01010606
000c0704
00000000
00060604
00100008
000f0000
00000000
02030000
0e000f00
00030100
06020200
000b000d
00060700
00000400
02000000
01000800
020e0101
03001005
01000d00
000c0007
00030204
00000500
00040000
00000609
00000000
0b00070c
08080000
0000010c
04020d09
04060409
00090000
000a0611
09000003
00080507
04040000
0d000803
00000309
05000000
00000000
00060008
04060a08
0004100a
00000300
00020909
00000405
00000f00
06000003
01080000
01000300
09040302
12020300
04050009
00000100
03000005
08080400
00000900
00000009
05070903
00000000
00050000
00070900
00000107
00000000
01000404
01000309
000b0206
00010000
00060402
000f0005
00130000
01000003
02000000
09000a00
00050000
04010200
0008000e
00030900
00000600
01000000
00000800
030b0000
04021506
00000d00
000d0009
00050403
00000500
00030000
0000070a
02000000
0d000910
0c080000
0000010b
04020a0b
02030508
00080000
000b0813
09000000
000a0305
03060000
0d000907
00000206
06000000
00000000
00020009
00060904
0002100b
00000400
00020906
00000303
00000d02
09000004
03050100
02000100
09040500
11000300
04040206
00000400
03000004
07060000
00000500
0000000a
05040c00
00000000
00040100
000a0900
00000008
00000000
03000301
0000040b
000a0406
00020000
000b0702
000f0004
00130000
00000000
05020000
0e020c00
00050100
05020200
0008000d
00060800
00000700
05000000
02000900
000e0000
06001404
00000c00
000c0008
00060203
00000800
00010000
00000a05
02000000
0f00060e
07090000
0500020a
06000a0c
0204060c
000e0000
000e0412
08020000
00070307
00010000
0c000b09
00000006
06000000
00010000
0003000a
000a0607
0001110b
00000300
00020708
00000102
00000f00
07000004
02030100
02000200
0a050402
14000200
01030207
00000300
02000207
08060100
00000800
0000000b
06040c00
00000000
01000200
00050a00
0000070a
00000002
03000800
0000070a
000b0306
00050000
000a0500
000f0003
00100000
00000000
06000000
0e040b00
00020400
08010000
0009000d
00070a03
00000400
04000000
02000c00
000a0000
07011005
00000b00
000d0002
00050402
00000800
00000000
00000706
06000000
0c00010e
05080003
0300010a
05000a0d
0404040c
00080000
00070410
0d040000
00060207
01000001
0d000c08
00000003
09070000
00000000
00040007
00070307
00000d08
00000200
01010a08
00000103
00000e00
06000003
00040000
03000000
08040300
15000100
01040106
00000000
03000002
08030100
00000500
0000000d
06050900
00000000
00000100
00010a00
00000308
00000002
02000402
00000508
020c0408
00050000
00070600
00100005
000d0000
00000001
01000201
10020b00
00020001
08020100
0008000c
000a0703
00000500
02000000
01000a00
000a0103
09001102
00000a00
000c0005
00060103
00000500
00000100
00000305
02000003
0900020e
0d070003
00000409
07000909
05050205
000c0000
00000811
0a010000
00090007
05050203
11000f07
00000104
06000000
01000000
00060004
00080a03
00000f07
00000300
04030a09
00000707
00000d01
07000008
00010000
05000000
06040300
14000100
00020007
00010101
01000005
050a0200
00000300
0000000d
02060c00
00000000
06000000
00070401
00000a07
00000000
06000500
02000905
000a0301
00030000
00070a00
00110008
000e0000
00000000
03000402
10000c01
00010001
04030100
0007000d
00060301
00000700
03000000
03000901
01090002
05001004
00000a00
000c0007
00040100
00000300
00000301
00000405
03000002
0700030e
10080002
00000209
04010a06
03010504
000d0100
0000070f
0d000000
00090205
05060804
11000d03
00000207
04020000
01000000
00060004
03070d05
00011005
00000600
03040807
00000805
00000c00
06000007
00030000
07020000
06050100
15000300
02020008
00000204
02010303
010d0000
00000300
00000008
05060e00
00000000
09000000
00060500
0000080a
00000002
04000900
04000905
00090202
00010000
00090b00
00100006
000e0000
00000000
05000600
0c000a01
00020004
02010100
000b000d
00060300
02000700
00000000
04000902
02070000
02000e02
00000700
00060007
00010100
00000301
00030402
00010608
03000003
0600030c
11080002
00030009
03000704
04060506
000b0200
0000060d
0f020000
00090503
01060704
0f001002
00000309
04020000
01000000
00020004
00040d05
00051003
00000600
03020906
00000c07
00000b00
05000007
00010300
07070000
04040100
15000400
04030009
00020103
01010207
000a0000
00000300
00000008
050a1100
00000000
02000000
00060700
00000609
00000001
05000a00
01000807
020b0002
00020000
000a0500
000e0003
000c0000
00000000
04000600
0e000902
00020109
00000000
000b000c
020a0200
00000900
00000000
00000800
00020000
00000600
00000600
00000108
00000000
00000407
00000103
00000606
00010003
05000006
0f030000
00050105
00000002
01090008
00110300
0001050b
0b080005
03070505
00020a06
0b000c01
0000010a
09000000
00000000
00020005
00000d00
00041101
00000500
05000606
04000909
01000a00
04000000
00030600
0b060000
03020000
17000200
05050004
00080105
00000003
00080000
00000100
00010006
04060e00
00080000
01000000
00040500
01000607
00000000
08000d00
01000409
00080200
00040000
00040400
000f0007
000b0000
00000000
04000900
09000a08
00020100
06000a08
0000010a
01080600
02000800
00000003
07000400
0a030000
00000300
00000800
00000501
00050a00
06000801
00010005
0003070e
01020003
05000105
0b030004
00040000
00000000
00070005
01090000
000d000d
03060002
02040202
00090903
18000603
02000606
0a000200
00010500
00000006
00000603
00050504
00000000
00000203
03000005
03000500
07030003
02030002
0e010009
01000000
11050000
09070004
00010507
00010000
00050000
00000200
01020005
000a0800
000c0000
05000000
00070900
00000207
00000000
02001100
00000009
02030000
03020400
02000105
00060007
050a0300
00000100
04010b00
04010200
0403000b
00060000
01040603
00030c0a
03000600
0002050e
00000500
0c000004
000e0000
02000100
00050002
02050000
0207040a
00000009
12030005
03040001
00000000
00000001
00000000
00080000
0000000a
000d0400
08000606
09000001
03020100
00050004
00160600
0e0a0401
07001300
04000000
00000000
00000001
00080300
00020705
06000400
06030000
00000008
04000000
00010600
0005000e
00030000
00010000
00000200
00050207
0f040000
00030100
04030000
00070000
00030003
00060000
00040000
010f0000
0c0d0000
00000b00
00000800
00000000
01000000
07000704
07040202
00000208
0a000000
01000501
04020000
00020605
0000040a
00010000
010e0200
030c0906
00050400
00000002
00000200
02000002
000c0000
00000500
0000000c
01000000
0f000212
00070004
00030900
06020000
00000000
00020705
0f030300
02060b00
00000307
00000008
00010600
040b1200
00000308
02010000
00070600
0000000a
05000001
01050000
02090309
00010000
000a0b01
00000402
00000b09
00000202
00000000
00020000
00020000
00000000
00040000
00000600
00050300
000a0609
01180009
02080300
0d000300
00000000
00040000
00070000
00000000
06000400
02020200
00010006
0a030200
02080000
00010300
00090000
00000000
00000907
00000000
02030a00
00020000
00000200
00010005
07020000
010d0000
00070801
05040100
00000000
00000000
00000005
000a0e00
00000900
0000000c
02000002
0200060b
00080000
00070705
000d0000
04000e08
00020000
0c000402
00040d00
00070007
05010000
000a0001
030a1800
0000050b
04020009
01040400
00000012
08000000
07030000
06000009
00010101
0006000e
00000000
08040c07
00000000
00000000
00000000
05030000
01000900
04000003
00000300
000b0500
0009050e
000b0000
05050800
06000200
00000103
00020300
01040400
09000000
0b000004
04000500
00060008
00030400
030b0008
01080000
00010000
00060000
0000090a
00060000
06000800
00050000
04000000
00010000
0b000100
02100000
00030704
0e000800
00000000
00000800
00000200
010d1b01
00020d00
0002000e
00060004
00050900
02060000
01000901
00060000
0a000811
00060200
0d000e01
03000e02
00040005
010a0000
00050209
06041100
00090001
08040005
04000200
00000210
01000000
06000002
0600000c
00070800
0006030f
00000401
02030f0a
00000000
00000900
05000000
00060000
00000f00
03000007
03000300
00040203
00010403
01000007
01050000
07000100
00000208
00000201
00040200
06060300
08020803
01000008
0506000a
04080800
030b020e
000a0000
00000000
000b0003
00010007
00080000
07000200
03050000
07000903
00000000
06000000
030e0100
00060303
0e020800
00000000
00000706
00000000
00171f06
00000c03
0005000b
00080004
00050600
06030800
00000400
00050000
0a000a0e
00060000
0a000a00
09000803
04020003
000a0000
00010106
09040c00
00080006
03040006
00020200
0000020f
06050000
0c000002
00000004
00070a00
0003010d
00000600
03000c0d
07000000
00000703
05000008
00020000
00000900
00000007
02000100
00020105
00010200
01000006
00040000
0b000000
00000006
00000302
00000000
05070000
0c000503
03000004
07020303
00090600
0207010d
00100001
00000000
00070000
00000008
00060000
00000100
01070000
03000507
00000000
08000000
060d0300
000e0400
0d060300
03000000
00000b06
00000000
00111806
00000c01
0009000a
00030104
00020700
06000e03
01000400
00030000
0800050f
00060000
04000900
06000b00
07020004
050a0000
00000001
05060600
000a0008
00030004
00030600
0000060c
08020003
0b000007
00000000
00060700
00040406
00000300
0a00080a
07000000
00000801
01000009
00000000
04000900
00000002
07000200
00020408
00040105
04050000
00080001
08000000
0000000a
00000301
00000000
04020000
0f050404
00000400
04000000
00080900
0102010d
00100001
00000000
00000000
0000000a
00000000
00020000
02070000
00000908
00000000
0b000000
000f0400
00130506
06000000
00000006
00000907
00000003
00111808
00000e00
0008000a
00000604
00000500
08000e00
00010300
00050000
0400090a
00060000
04000c00
03000804
02000007
00000006
00000506
06030600
000d0008
09070001
03030600
0000040e
09000001
04000006
00000003
00020300
00010908
00000400
00000d09
08000000
00000604
02040000
00010000
05000800
03000001
09000000
00050503
0006060a
04080006
00080001
0a000000
00000009
00000100
00000000
00010000
0c030506
00000000
00000000
00050200
01070507
00120300
00000000
00000204
0001010d
00000000
04040100
070d0000
07000e04
03010000
0b010000
00150000
020e0606
09030000
00030002
02000804
00000303
000e1508
00000e00
000a000c
03030504
00000400
04020f01
00000901
00080004
03000e09
00030000
07000a00
02000a04
00000004
08000100
0000000a
02050900
0009000b
09070000
03050500
00000413
06000009
02000005
00000000
00030100
00000a08
00000800
00000e0f
04000100
00000400
00050000
00020000
07000700
02000001
08000300
00040903
0006020a
07050007
00070002
09000800
00000005
00030106
00000000
00030000
0c000207
00000000
00000004
06040600
05090507
00150000
00000000
00000000
0500000a
00040000
01040200
090d0000
05000904
01020000
0a000000
00110000
010f0500
0b060000
00010005
00000a09
00000001
00131005
00000700
000e000b
05040905
00000300
03030d01
00000600
020e0000
04001109
00000002
01000c00
0300080b
00020002
03020000
00000408
000a0900
000a000c
05070000
01010900
0000010d
0b000005
06000000
00040000
00070000
00000607
00000b01
0000140d
00000000
00000103
03060003
00020000
08000800
01020000
05000100
00050703
00040105
07050003
00060000
08000100
00000005
00000000
00000000
00000000
0e000004
03000002
00030002
06040a00
04060606
00150300
00000000
00000100
0500000b
00020000
01010200
060d0000
04020c05
00030000
08000000
000e0000
000a0000
02080000
00000000
00000903
00000000
00091904
00000400
00110002
00090408
00000800
00000d00
00000600
000a0000
09000f04
00000003
03000b00
03000e02
00000000
02040000
00000106
00090a00
0007000d
04050000
00020300
0000000b
08000007
0a000000
00000001
00090000
0000010a
00000900
04001411
04000000
00000000
00070001
00020000
02000500
07000300
02000300
00000000
00020500
0403000a
01060202
09000000
00000003
00000000
00000000
0a000000
11000007
00000004
00070000
06080e00
07030409
00100700
00000000
00000500
0000000a
00000000
01000400
04120000
01010703
00000002
08040000
00110000
00090800
00000000
00050005
00000c06
00000100
00081600
00000600
00110000
000a0203
04040a00
00000b00
00020500
000b0000
10000505
00050000
02000f00
02000c0a
01000800
05000003
00000408
05020800
00010009
0c000000
01030000
0000000e
0c000000
0c000004
03000000
00030000
00000009
00000000
0d00100b
00000000
00000000
01010000
000b0000
01000200
08000200
05000300
00000000
00000000
0e010000
04060008
0b000000
00000000
00000000
00000000
08080100
12000005
03000004
00050000
03070f00
0502000b
000e0700
00010000
00000a00
08000006
00000000
06000000
00110000
01001007
00000007
09020000
00130100
00020a00
00000000
00080004
00000e00
00000003
05071800
00000500
000e0000
000a0005
00050900
00000802
00030400
00040006
0e00060c
00080000
0c000f00
01000b06
00000a06
04060006
00000404
00080000
00070008
0c050006
03060000
00000003
0c000004
0f000000
03030000
00000000
00000905
00000900
0500150a
00000003
00000000
04020000
00010000
06000000
0a000000
05000800
00000000
00000002
0c000008
0604000a
0f000000
00000003
00000000
00000000
0b0a0600
0800000f
01000408
00050000
020c1000
08000103
000d0701
00000002
00000900
04000205
00000000
06000300
01080000
03000e03
00000008
07030100
01090000
00040904
00000000
00070009
00000800
00000007
050b0800
00000300
02050000
01080008
00000500
00000200
00000500
00080000
04000305
00040000
06001404
04000e04
00000b02
01080001
00000008
09030700
00080306
09000002
01090300
00000008
0b000000
0b000000
000a0000
00000000
00000a03
00000200
00001c06
00000000
00000000
020a0000
00000000
02000200
05000000
00000600
00000000
00080009
0c000005
040e070a
08000500
00000700
06000005
00010000
09060105
01050011
0300060c
00000000
07081100
0b060306
000c0400
00000200
00090d00
00000504
00020000
0c000300
00010200
0e000d00
0000000a
04000000
000d0000
00050604
00010000
00010001
02000700
00000004
040d0c00
00000500
00010007
00090004
00000309
01000000
00040b06
00070001
00000c03
00010207
05000f02
02020a01
00000f06
02060001
00010904
070b0500
0006090d
08010003
06050000
00020008
02000000
0a010000
000f0002
05020000
00000605
00000500
00000d07
00000001
00000000
03050000
00000000
01000000
06030000
05000900
00030003
00040603
05050009
000f0600
09000500
00000300
030e0000
00000000
08020009
0300000c
0b000602
02030007
0a060600
090d0609
030e0300
00030000
00040a00
06000000
00020000
05020500
03000100
03000c00
00000007
00030000
000e0000
00080c00
00000000
00030002
00000500
00000000
000a0a00
00020500
00000007
01040000
0000070e
00000000
00050700
01060000
00000a06
02000000
01030d00
00000301
0003050a
030f0003
00060000
03110200
00070f0f
06020104
00000300
00000412
02000000
04000100
00090005
00010000
00060c01
00000200
02000b00
00000400
00000200
01000000
00000000
01020000
06050000
00000100
00070006
00080110
00030002
00100000
03000000
00000000
01080600
00090000
08000007
04000000
05010000
04010002
09040900
08010408
000f0200
00050000
00000900
00000002
00010000
00070300
04000100
04000601
00000005
09090803
02070100
00020200
00000000
00000005
07000504
08000000
00000000
00000c00
00000004
00060400
04000800
00020004
00000208
00090000
00000304
0b080001
00000300
00000003
00030000
000a0900
03040001
00080102
00090701
00070004
110b0300
0604060d
01000900
00000300
00000003
00040000
000a0b02
00000000
04000000
09000000
00000400
09000005
00060000
04000000
03010000
00000000
02030005
00000310
00060000
00080000
03010000
00050000
00020000
00090000
04000009
00020000
00060000
03000000
00021200
00000109
00050000
03000800
00000203
00000000
00040c00
000a0400
0a000400
00000101
0008000a
02000400
09030705
0000090b
0e030a00
0000030d
00000300
0d050002
00000000
00000300
00030001
00020000
0e050006
0000000f
1a01000a
00060000
05000001
00000000
06000000
00070002
00000009
000d0000
07010706
09000003
0c000000
020a0205
000f0300
0b070200
00000600
0c000000
00010303
00000000
00080000
01070304
07020000
06040000
00030107
00000000
00000c00
0000000a
00000000
00020200
00020000
00060000
06050000
00080000
02000400
00000600
00040004
00070000
0b010000
000d0000
0c060000
00020c00
00000900
00010007
00000000
01000d00
000a0000
0000040a
00000000
04000208
00000000
00000200
00000417
00000013
090d0700
000d0410
120d060a
00000004
00000000
00000000
00000000
04000e08
00000002
02000000
1c00001b
0c040006
00060000
0a000000
04000000
00030d0a
11000000
03040007
00000000
00000013
00030000
03000d00
07000008
00030000
00000103
00010900
00090000
080e0000
0403080a
00000000
00050000
00000101
05030308
11000005
00040000
00020000
00000002
00000600
00000000
04000400
00040000
00080000
001a0004
020a1400
0a000800
00000000
00000004
000f0000
03060000
0f000700
00000000
05000006
04000000
00090005
00000000
03080400
06060100
0000090d
03000000
00000400
00000000
01000000
00020010
02000011
07020500
00040305
190f0a07
00000007
00000000
00000005
00000000
05000a08
0000030a
08060300
0d00000d
00020300
01040000
07110000
08000b0a
00000009
04030000
06040000
040c0000
02000803
00000001
01000300
0100000e
05050001
00020a00
00000e09
00000000
0c050000
00000000
00000200
00090009
00000001
1407010b
10000008
00000304
00000005
00000100
05000c00
0a000005
0d000100
00060000
00150300
00130000
05031b00
09000200
00000008
02050507
00010000
08000000
13000904
0b000000
0a02000a
00000200
000e0010
000a0002
00000000
060c0500
0000060f
00020000
00000100
00050000
03000001
00020005
08010003
04050500
000b080a
1c020b03
00000000
05000000
00000003
00001004
00000b00
0003000a
00000702
00000502
05001000
00000100
000d0000
0800000f
00090000
030e0200
06000302
09040000
000b1001
00000108
0a000500
04000000
070b0000
00020c02
0000070a
00000000
05050000
00000001
00000400
0009000a
00000006
0c020609
09010300
00000900
00010000
00000200
04000f00
05000000
0c000700
00030006
000f0100
00030007
01060005
02020100
00000207
00020501
00000000
08070000
0e001007
00000004
03060003
00001200
0002000e
00100002
00000000
03110000
00000109
00030000
00000000
00060000
00000005
00000000
05040001
01020801
000d0b12
11000304
00000000
03000402
00000003
00001105
00000c00
0001000c
00000500
00000403
0d001200
00000000
000b0000
0a05030e
000c0209
030a0100
04000406
0d020007
00080900
00000005
08000400
00000701
06100001
00130f00
00000b0c
04000000
04030600
00000000
00010000
00030507
00000300
04000807
0d000102
00000705
00040000
00000000
04000700
02000000
0a000700
00040005
00090400
00030007
02060008
03080500
00020007
00050700
00000000
0b070000
10000d08
01000301
00010000
00001800
0001000a
00120006
00000000
070f0500
0200000c
00000000
00000000
000c0300
00000100
00000000
07080000
02000602
000b120e
0c000006
00000000
05000500
00000000
00000c00
00000605
00060008
02000000
00000303
10000e01
00060000
000a0001
0d05020c
030f020f
00070100
03000404
0d050006
000d0900
00000004
07030500
00000800
040f0000
00161100
03000c0c
04000000
00010904
00000000
00000000
00020305
00000000
0a000608
08000002
02000702
00040002
00000000
01000500
00000000
09000600
00050001
00050100
00010003
0404000b
00090300
00000008
000a0500
00000000
17010000
0e041002
02000e00
00000000
02001900
00000007
00130004
02000000
0e0d0600
05000108
00000000
00010000
000b0400
00000003
03000000
08050000
00000a04
000b150f
0c000002
00000001
05000600
00000002
00000f00
00000402
0005000a
06000000
00000008
0c000a00
00080000
000b0001
0d02070a
030f0303
04050200
01000407
09040108
00070806
00000506
03000700
01000c00
0a0d0000
01130f00
04010609
06000000
00000905
00000000
01000001
00000a06
00000200
02000805
04000008
03000703
00040000
00000000
02080600
03000000
08000800
00070200
00050206
00010005
05020008
00070100
0000000c
00080603
00000000
0f010004
0b030a01
02000600
00000000
04001500
00010000
000d0100
05030000
080d0501
0d00040b
00000000
00000000
01080500
04000705
00000000
09020000
00000400
03091710
0e000002
00010000
05000700
00000006
00000c05
00000500
00040008
06000000
00010005
05030902
00040000
01070007
0e010807
000a0008
03070300
03000509
02020209
01050601
00000007
06010900
01010c00
0a0c0000
00090a00
0401010b
09000000
00000404
00000001
03000001
00000706
00000a00
00000a08
01000004
03000404
00030000
00000000
020a0800
00000000
0a000900
000a0400
00060009
00000008
08010005
00020100
00000010
00050401
00000000
09050000
0a000001
00000000
00030000
06001300
02040000
030c0503
02030000
020d0400
0900070a
00000000
00000100
03070200
08000400
08000000
08000000
00000801
0003180d
0f000006
00000008
00000a01
00000008
00000003
00000000
0000000d
12000000
00000000
00030701
00030000
000f0202
09040a06
0003030e
00110600
01000012
01000007
02050600
00000404
01030c00
00040b01
04090000
000d0b09
0303000c
0c000000
00000500
00000000
03000000
00000000
00000d02
00001006
03000000
04000004
00080000
00000000
070f0200
00000000
0c000500
000f0300
00050000
00080000
03000000
01040000
0000000a
00020000
00000003
0b000000
0f000003
00000300
000b0000
08001a00
03000000
00120503
00010000
04080800
10000d09
00000000
00010600
000c0400
0b000100
1405000b
14000000
00000c00
00000f10
0a030005
00000007
00000103
00000501
00000700
00000000
03000305
10000000
00000004
00000e00
00080000
000c0001
09001000
00040412
00100100
00000000
0a000000
00000605
09000101
04051400
0000060a
04000008
000f0a07
00000005
13000000
03000700
02000001
00020000
00000004
00000200
10001510
15000009
04000002
00060000
00000000
0b010000
00000a00
12000800
00070300
00060000
00080010
04000203
06020000
0000030d
00000000
00000000
12000000
13000203
06000000
00140000
10002000
06000500
00100400
00000003
03001400
13001010
00000000
00010500
00200000
00000000
0b000705
12070000
00030400
00001013
00000000
00070017
00000003
00000900
00030d00
03000000
09040009
06000000
00000800
00001300
00070000
00180005
0a000000
00080000
00090100
00000300
00000000
02000000
0a000000
0e001100
00000009
0f000009
000e0900
00000007
21000000
06000001
00000000
00000000
0000000d
00000000
18001f09
15000000
00000000
00060000
00000000
14000000
03000000
17000300
00020800
05110000
0c000000
10000019
000a0000
00000001
00000000
00060006
000d0000
14000a0a
00000005
00070000
00001800
08000100
00130003
0004000b
00020900
0805100d
00000000
00000100
001e0b00
0500000b
0400001f
09030000
000d0400
00000800
06080010
00000009
00000800
00000300
00001300
00000000
030d0000
04000000
00000700
00000200
000d0000
000f0008
13000000
00010008
06020000
00000800
09000000
0a060004
05000500
00020900
0000000a
00000009
000a0200
00000000
13000000
18000000
00000000
00000000
00000009
0b000700
1b001700
0c000000
08000000
0a000b00
00000000
0c000500
00000000
12000f00
00000000
00000001
0a030000
11000000
02040000
00000000
00000016
00000000
03010000
0500000c
00000005
010f0000
00002100
00000000
000a0201
00000207
010b0300
09000b03
00000000
00030000
00140500
00000008
0003001a
00040006
06000400
00001500
00000003
08040012
00000400
00000405
00000000
00000000
1b100000
12000000
00000c00
00000000
00020000
000b0000
10000000
00000000
1d010200
00001400
07000900
0a000000
01000000
00000800
00070000
00000206
000c0000
00000000
06010000
12000007
00000004
00000000
00000a00
15030000
1e0c2200
0700000e
02050000
00130700
00000000
10001612
02001c00
0c000000
00000000
0804000d
0e000000
1a00050d
00000100
00001e00
01000016
00000000
0b0a0700
06110017
0200000f
0c000000
02002100
01000001
00000505
00000005
00160800
00000f02
00000000
11040000
00140011
06000000
00000016
00010807
0b000400
00000517
0000010c
00000004
01000010
0800000e
00030000
00000500
00000000
09000005
0200000f
02000000
00030300
060a0000
06000000
00000a06
07000000
00001000
02001800
02000000
04001203
06000d00
00020005
0b000000
00000000
00100000
0a000000
0a00000b
00080401
0c000000
00000000
00000000
03031c01
00000004
000b0001
001d0500
00000000
00000100
00000300
0a000600
00000000
00050000
08000000
1e001404
03000600
01010700
06000008
00000000
010a0000
00080010
00000001
00000000
02000b00
00180009
00070d00
00000200
00041700
08000f03
00000000
0e000000
000a0000
12000900
0000010a
00040000
050c0004
00000400
010b0000
00040000
00000000
0005000a
00000000
00020104
000b0000
0408090d
0e000f12
02000000
00000300
0a090000
00000804
00000012
05000000
00070d00
00001501
04000005
00020507
06040000
00000f15
09000003
00000a00
00000902
03000000
0a030700
000c0705
02000000
00000000
00000000
00001101
00000010
00060001
000c0b00
00040100
01000000
15040000
08000200
00000000
000c0400
04070003
0a130700
0f000400
00000000
03060000
00000000
0a000000
1200030f
0a000000
00090003
00000601
10120412
00110608
00030000
00001800
0a000700
00070002
07000000
00000000
08000000
00000105
020b0700
07080206
00000600
00000000
00000000
0400050c
10090002
00000000
00000400
00070000
00040800
0a010800
00000000
00000005
000e0000
00040203
00020000
06000000
00000500
07000308
01040100
00000005
0b010005
00000d09
000c0000
100c0c00
07000406
06000300
03000200
00030000
00040803
00070604
00000000
03000300
04000000
00000000
090a0005
00010001
00000000
0a070000
00000000
0000000c
00040206
00000000
00110100
09000100
00050700
00090003
00020000
08000000
01020000
00000000
00000000
00000f02
0000000c
00000000
00030500
00080300
00000000
000b0800
03010707
00000400
00000000
050a000c
05000506
0d020006
00080211
150c0100
00000a07
00000200
06070200
00000200
00000500
00020000
00000000
0c000804
0503000f
19000002
000f0000
0000000c
00000000
00020000
03070000
00000002
00060100
0b000905
02020004
09000000
01080009
00060202
0a040000
00000600
0a000000
00000000
00000000
00070000
00080305
01040000
0b000000
00000404
01000006
00000a00
00000400
00000000
00000000
02020003
00000000
00000000
00040c00
00090300
00000700
03070000
00030000
00000600
00010103
05080000
00001105
01000f00
00070008
00000000
00000804
00090000
0000000a
00010005
00000000
00010002
08000209
00050a13
00000220
0b000100
040a021c
150d0400
00000004
00000000
00050000
00000000
06000800
00000000
00080000
1400000c
11010006
01021000
03010000
00000006
00000d17
12001500
0000000c
00040900
00000011
00000000
00000002
02000002
02090000
00000005
00060006
00080000
07130000
0b030902
00010000
00000000
04000000
000d0003
15000000
00000500
00040000
00000000
00000000
00000406
00000000
000b0000
04000000
002f0004
00082100
00000b00
00000000
0a000006
000b0000
02000000
07000000
03000000
0f000510
00000000
000b001b
00030000
090a0f00
01041500
0300000d
00000500
00070000
00040000
00000500
04010311
0500010e
07000400
070a000d
120c0a01
00030106
00000000
00020000
00000300
08000b00
00000d0a
0b110900
0300000b
08060300
08030100
05170000
0100040a
00040000
01000000
0a07000f
00100000
00000b09
02050006
02000000
04000008
0e110000
00010000
05000a09
00000000
04060000
00000008
00000000
0000000b
02000002
0309030c
0c000005
00000800
00050002
03000000
00010500
08000401
00020500
05020000
04040400
000f0007
00012204
00000900
00000103
09010005
00030000
01000000
02000000
0f000000
0f00000b
00000300
00090013
000c0000
00000101
010c0d04
0004000c
00000000
00070000
00060000
0000000a
00070000
08050200
00000200
000d0b06
0a000004
00020100
09000000
00000000
00001000
00030900
0000000e
08020b00
00000309
10080b00
01060300
000c0000
0000090e
07080000
090c0600
03000108
08090308
050a0c02
00000006
01030300
05000d00
070e0100
00070200
0000040f
00000000
00080005
00000004
00000006
0000010a
00000306
00060608
00000301
00000b00
00040000
00000000
020d0a00
06010000
00000501
00030000
00050408
00000009
00050001
00080800
00000307
030d0400
00000000
0c000001
00010b00
00000500
00010001
04001500
03020008
000c0000
00040000
090a0201
0007000a
00000000
00040400
00030800
0000040c
00070000
06090000
00010500
000a0e0d
02000005
00000000
02000500
00000000
00001000
00050401
0000010c
09040800
00000309
14060c00
02080000
00040002
00020607
05060202
0b090800
03000508
070d060e
040a0700
00000007
00060600
03041a00
050e0503
00090700
0000040d
00000003
0009030b
00000007
00000006
00000507
00000403
00000604
00000102
00000a04
00040000
01000000
050e0800
01020000
00000206
00010000
00010500
0000040b
00040002
000d0800
01000008
040a0700
00000200
05020000
00040000
04000b00
00000000
00001600
02050005
00110000
02050003
03100000
0209000e
00000000
00020300
00060700
03000608
00060000
070a0000
00040200
000b0e0a
00000005
00040203
03000400
00040000
00050b00
00050108
0000000b
0c090800
00000607
12050b00
00090000
04030000
00000505
08050104
09060600
0500060b
030e070d
07090700
00000008
010d0800
04031500
010c0705
00040600
0000010b
00000000
0007060c
00000005
00000007
00000408
00000004
00000403
00000000
01000b02
00020000
03000000
040e0700
00030000
00000006
00000100
00000503
00000307
00040003
000b0600
00000007
04080602
00000100
00010002
00050000
03000b00
00000003
00001300
01070004
0a100000
03050003
01160002
080b000c
00000200
00040300
03030600
01000209
00060000
03070100
00040300
000c0e09
00000004
00040307
03000600
00020000
00060c00
00020208
0003000c
0d080800
00000607
0e040702
000c0000
05030000
00000603
06060300
0f090600
0400070a
040c0710
08070501
00000306
000c0800
04051600
020a0203
01050400
00000009
00000000
0006070a
00000005
00000007
00000a07
00000306
00000700
00000100
01000c02
00020000
02000000
040d0701
00030000
00000504
00000400
00000506
00000305
00020001
00060700
00000006
04080602
00000000
00010006
00010000
04010900
00010003
03001100
00090003
0c0d0000
01070002
00170006
060b000c
00000200
00010000
06000200
00000308
00050000
02060000
00010300
050d0f08
00000001
00020206
00000a00
00000000
00040e00
00000002
0002000c
0b020000
00020405
0a0a0706
000c0100
04010005
00000503
00030100
090b0800
04000707
020a090b
0b070802
00010005
000f0800
03081800
03070303
00000300
00000009
00000002
0007000a
00000008
0000000a
00000505
00000808
01000300
00000100
01000705
00000000
01050000
060f0700
00040000
02000301
01040400
00020208
00000307
00040000
00040700
0000000a
05050401
00000000
00030005
00000000
01000800
00050003
06000f00
00080002
0a0b0000
00070000
00110103
0108000a
00000100
00000000
04000000
04000706
00000204
00060000
00000700
00001201
00000000
0000000f
00000f00
00000100
00070000
02000000
00000011
11000000
00000000
010d0704
000c0000
00080b05
00000506
00030007
00130b04
04000001
0107030d
02080b0b
00000000
00130401
04021800
00070a04
00030c05
05030009
00000000
00000002
04020000
00000007
00010000
00001109
00000400
00000003
00000001
00000000
00110002
0c150000
00000000
00000101
010d0000
00000000
00100000
00000000
00010100
00000205
00000004
00000000
04030001
02000000
00000e00
00120000
0f001d00
04000000
00080000
00040000
000d0700
05050808
00000600
00070400
00000600
04000900
0010000a
18000000
00000d00
00000700
00000000
00000007
00000000
00000400
00000000
00000000
02001003
15000000
00020003
00000000
00150000
01000000
00000e00
04000400
00120900
00000000
0a080204
00000a0e
0b000000
05071600
00001805
00000001
00120906
0404000b
11000800
00000400
00000000
00030018
06000002
00050002
0f010312
01000000
07000000
00000000
00090300
0a140000
00000200
0a000909
00000400
00001100
0007001c
00000000
000f0000
00000816
00010008
01000002
05000011
00000000
01000a11
00150000
17002100
0e000000
00000500
000b0005
00060b00
05000a10
00000700
00030000
09070800
0000000a
00060000
22140000
00000000
00001802
00000000
0804000a
00000000
00000700
0c000000
00000001
11000009
11000000
0008000c
00000b00
00250000
00000002
010e0000
00000000
00250000
00000000
00000002
00000c00
11000000
00000000
00000d00
0800000a
001a0100
03000008
18000800
00000000
00000000
0000001e
19000005
020d0005
0f000f08
00000000
21000000
00000000
00090000
17140000
00000000
0b000001
00051900
00030000
07000000
00000013
001e0000
00020d16
00020000
01190801
0d14041d
00000000
00040020
00000000
00001800
00000000
00000000
0c0d0005
00130000
001b0400
00000000
00000000
00001400
0000001e
00000009
05050001
00000000
00000c00
00060011
0a000002
00000b00
00000d00
00000300
00010000
12000000
0a000000
00000600
00000006
001a0000
01040004
02000000
00000805
052a0000
00000000
14000000
09000001
08000900
00000000
00001500
00000509
00210000
000f0000
0c000000
17000000
00000000
00000004
00000000
190d0503
00070000
00050000
0d000016
05000205
00000000
0b080000
00000000
0e000000
00000000
02000000
05000000
00000000
00090000
0004070f
000e0018
00000000
11000004
00000000
00000817
03000000
00002100
00000000
00020000
00000000
04170000
05030000
00000000
000c0000
00000200
0e000006
0704002c
00000011
00000000
00001200
00100006
0e00000c
00000000
00000900
00000000
00000000
23000000
0e000000
00000700
00000e07
000d0000
000c0000
03000000
00050000
01250000
02000000
19001a00
11000e04
0a000000
06000000
00000000
00000000
001f0003
00000001
0b000100
1100000f
00000000
00000000
00000a00
2a1b0000
34140000
16000001
1a000000
00000f09
00000000
0e081000
00002400
0e000000
00000000
1400000e
00000000
00000c09
00030000
00003b0b
0000002d
09000000
0000000a
00240000
0004000b
17000000
06001600
00000000
00000100
00000004
00300000
00110400
00000102
000a0000
0e000b20
02000000
0b000a00
00000d09
00001400
0000031a
01000006
00000011
00000700
00000009
00000000
00000000
0f000000
17000000
00000006
0a000003
00160000
05000000
06000000
00031c19
27190300
00000000
00003a00
0d00000f
11001409
00000a00
00000000
00000000
00020000
00150000
0f011400
0700001b
00000200
11000005
00000000
0d150000
05050201
02000010
00010009
00190600
00000000
01000600
00002600
00000002
00080000
06000004
00000003
05000e06
00001100
00001904
0000001e
00000000
00000000
00080004
01000005
0b000003
01000000
001a0000
00001400
00000400
08011300
1a140007
00000100
04000000
00000000
0f000c00
03000b1b
00000000
00000002
00050010
001f0002
000d0006
02000000
00000009
00000000
00010000
00150200
16050803
1200020b
00000000
000b0400
12100000
0b000000
0000001c
13000000
00050500
00001d00
0700000f
06000b06
01000000
06000511
11000000
00000800
00000000
00040000
08000207
00110500
02000000
00000000
03000000
00001914
0d00000b
00000004
00130d00
00000000
00000000
13000000
00000000
00030400
01000200
04100000
07092100
0e000d03
00020000
11000007
00000000
00000000
0a000018
15000000
0700000a
00000001
101b000d
000b0800
00000105
00002300
18040200
00000004
0b020000
00000000
0a000004
04000913
01090900
07140005
00000300
000f0000
00020003
0b000400
13030000
00000100
00000400
00150000
00021000
13000500
00000000
00020000
00100000
0600000a
00000000
18000000
00000300
00000401
04000000
00000309
00010000
0700040d
030e0000
0f090800
02000003
01000000
04000300
00070200
00000400
00000100
06040000
00000f00
0e000004
03000000
02190003
00000000
04000000
0d030200
00000000
00000000
00000005
000a0000
000d1100
0b020500
00000500
06070003
01000400
0a000500
00000000
00000000
00060011
00000603
0207000c
00000000
00020500
00050700
00000200
00090200
00000700
00000000
05000000
02070005
04000706
06060401
0102020a
0c050105
00000900
00000000
0f000000
00000000
00000700
00050000
04040306
00040409
0d00070e
12000000
000a0000
00000008
00000004
01000000
030a0000
00000003
00070700
08000b07
03030008
06000400
05030209
00000000
13050100
01000900
00000000
00000000
00000000
000a0300
00010705
00020000
08000600
00000603
05010004
00000900
00060000
00000000
00020200
00040008
00080000
01030400
04020000
00040100
01000500
010a0300
00030000
00000200
00070100
01090002
00000f05
00000d00
00050001
00070000
0001020b
05000000
0000020d
00010001
00000400
00050000
03000709
00020616
00000212
0c000407
0a150618
0a000904
01000600
00000000
00000000
00010003
00000a00
00000606
0000000c
0000000f
0c0a0c04
00000b00
050a0002
0000020a
00000200
00000c00
110d0002
000c0001
00000909
00000506
0000000c
05000c08
0d080000
00000000
00000002
00000100
000b0000
03050401
00050000
00020000
09000104
0a070d06
03000d01
00000700
00030000
00000001
00050b00
00000007
00030c00
0000000b
060d0000
001a0009
03121300
00000600
00000000
03000102
08000000
00040000
00000100
00000000
06000308
00010b00
0210000c
00110000
00090000
00000b05
0000000f
03010000
07000000
00070000
00000500
00050314
0200000b
0b060200
070e0607
08060908
00010000
00000000
04000000
00050300
00000d00
00000b09
07000104
00000015
070d1000
00000c00
0c110000
00000b03
00080000
0e000000
0a0d0005
0008000a
00000606
00030004
04040900
05000206
0f100000
00000000
00000308
00040000
00070000
0000010c
00000003
00040308
04000408
0e061206
00000702
00000400
000d0000
00000003
020b0600
00000200
00000e00
00010009
000e0500
000b000a
060a1100
00000500
01000000
04060705
07000000
00000005
00000002
00000000
0102000a
01010700
09050004
000f0000
00090000
00000502
0001060c
00040000
00000300
00020000
0000000b
00040000
06020000
00010000
000e1002
04000108
00020202
04000000
00030000
00090200
00050901
0000000c
06030409
00000608
0a0d0402
00000700
07090000
00000e0a
01090000
0c030701
05040706
000c0d06
04080000
00000001
0a0e0800
01011301
05070106
02030000
0000060c
02050002
00030000
0000000b
0100000e
00040306
00000903
02000c05
00000000
00000800
00020000
00060000
05050c00
02000000
02000603
03070004
0008020a
00000009
020b0000
00000500
00000100
02080400
00000000
00010006
00000100
02000400
00020005
00010e00
04080006
040e0000
00070000
00120000
04020208
00050000
00000600
00000000
01000303
00000001
06010000
05060400
00060e03
00010203
00000000
01010500
00050000
00050400
000a0103
00020008
00030006
00000705
05030000
00010400
02050000
00000503
00070802
08030405
04000b04
0104050a
02050001
00000003
070e0400
00051200
06050001
01050000
00010508
00040002
00070600
0300000c
0c00000a
00030b03
00000a07
02000802
00000001
00000401
01080000
00000000
02000900
01000000
01000a05
04070100
000a0104
00000009
010a0000
00000a00
00000203
06020000
00000100
00030005
01000800
09000a00
01000008
05000700
00050009
03090100
00030004
00100001
03020006
00000000
04000400
00000300
0b000300
03000000
04000000
05030200
01041109
00010103
00070000
00000400
00020007
030e0600
00090001
0000000a
0404000b
00000905
03030100
00000700
05050000
04010306
00030607
0a070704
0600080d
04000809
06070006
00000302
0a120400
00001403
07000401
02040002
00060408
08040005
00080300
0200000c
0b010011
00000205
00000c04
03000b08
00000001
00020005
02060000
00030000
06050900
01000000
01000a03
05050000
00090300
01000009
01090001
00000500
00000606
05000000
00000000
06090003
01000500
0c000a00
02050002
08010e00
06080002
030a0800
00020103
00120303
0d000206
00000000
02000400
00000000
0e000200
04000000
06030000
07040101
03000906
00020608
00000000
04040300
03000003
030a0000
00050100
00000000
01020007
00000708
00000600
00060300
01000000
02000000
000a0706
14080000
05000f01
04000408
00000003
00000406
140a0900
00020b00
08020201
05060200
00080204
0a080000
00060800
0100000e
0c00000e
00000700
00000602
03001105
00000003
00040002
000b0000
00000004
02050301
00000200
02000e01
00000000
00100001
00060006
08050202
02000300
00000204
03000000
00000000
06040506
00000404
07000b00
00030002
09020400
07000001
030b0600
00000206
00180200
07010906
01000000
00000400
00030000
09000000
01000000
03040101
01070000
05020f05
00000006
00030000
00010901
00000006
05030000
00060602
00040000
0000000a
00030504
00000200
00060300
05050100
02000005
00060704
09090404
02000608
04000707
05090000
00000403
0e0f0500
00001600
09000305
00030600
00000503
0b090005
00060400
0000000c
0a000014
00000000
00000105
03000602
00000004
00070005
00050000
00020301
07030700
04020000
02000202
00050000
00100004
00000007
03090003
05000400
00000108
07000000
00020000
03070004
02000200
0d000a00
00030005
05000501
020b0003
080c0a00
00080400
00130200
0b000407
00000001
05000001
00000000
0f000200
03000502
00030006
06070600
00001000
00040003
00000015
00000900
00050000
000a0000
00000003
0000000a
00000008
00000100
00100005
00080100
00110002
00000005
0001070d
05070f0a
0b000205
01030010
0002000f
00000200
0813000b
06001200
07000b04
00000901
05060002
00010004
00000000
07000700
0700070e
00000000
0000110a
00000904
00000010
000b0000
00000200
00030009
090c0000
00000000
00000200
06090000
00060000
00110000
00020000
06000500
00000a00
04000002
00000000
00090002
02000004
06000b00
00150001
14011a00
00000600
000a0a00
00040a02
02100500
0d000700
02000300
00000000
00000000
0a000600
00060000
10040000
07000200
00000000
00000000
00000010
00000000
00020200
00000000
00000000
10000a00
01000000
00000000
00030000
00140100
00040000
00000800
05000500
05001200
00000000
0a050005
0000000a
03000000
03000e00
00000702
00000001
000b0000
001d0013
00000000
00000000
00000007
00000016
03000000
00000000
07000013
0000000a
00030000
00000000
0d030300
04060000
00000100
00000000
00000000
00001900
00120028
00000000
00130000
00001701
04000008
01000000
0012040e
00000000
0a000015
000f0000
08000c00
12000004
00030800
00010800
000f0100
00000109
00000900
00030000
00070400
00000007
00000000
2a2d0000
04000000
00000000
00000004
030b0000
00030000
000a0000
00000000
00040008
15000005
00000000
00030000
00000002
00250400
00050000
00020000
0b000000
00000000
00000000
08000000
0c010500
00000000
00000000
00001200
09000700
00150000
00000010
01000000
00000000
00000000
13000027
1d000004
09000000
05000303
00000000
18000000
00000000
070a0000
0d000000
00000000
00000000
00000f00
00000000
00000900
00000000
00160000
00061e08
00000000
0b080d00
08290403
00000000
0005002b
00000000
00000515
00000026
00020000
14010000
002a0000
0e0c0000
00000d0e
00000000
00001d00
0000000f
00000000
07060004
01000000
00000000
0003001d
03000002
000c0e00
00001b00
00000000
00080000
14000000
04000000
00000b00
00000000
00100400
0308000a
00000000
00001600
000d0400
00000300
1100000b
00050000
00000d00
00000800
00000700
00000a00
00160004
00150000
00000000
0d010000
00000300
0000000d
00000000
16000007
00000300
03000000
00000016
00000f00
03000000
00000000
00000000
00000000
09000000
0e000000
00000000
00000000
00000000
00180c00
00050000
06000000
00000000
00000000
1200000d
00000000
09001f00
0007000a
00000100
00000000
00130000
0f000000
00000904
00060000
00000400
06000000
05000010
000d000f
00000000
00001200
00000013
00000000
00000000
00001000
00000000
07000000
19000000
03000000
00000400
00000b0a
000a0000
00000000
00030000
09010000
000c0000
00000000
14001100
17000d07
02000000
00000f00
00000000
00001700
00220006
00000009
01000000
02000000
00000c00
0000000b
00000000
36150000
0c200000
09000000
19000000
00001600
00000000
00170000
00002600
00000000
06000000
12000017
00001300
00000008
00030000
00033b10
00000018
15000000
00000012
003c0000
00050608
10000000
0c001104
03000000
00020000
00000001
010a0000
00020000
0000150a
00130000
00001007
00000000
17000001
01001a08
00001300
00000004
00000000
00000008
00000500
00000500
00000000
06000000
15000000
0c000000
00000000
0b000000
000a0000
00000000
00000000
00041700
0b120700
02000000
0c002f00
02001100
00001811
00000000
00000000
00000000
00000000
00130000
03001b00
000d000f
00000c00
0200000a
00000000
06110000
000a0000
1000000b
0300000a
00000d00
0f000000
00000000
00002d00
00000007
00000000
1a000007
00000000
0000000b
00020000
00041d13
0600000a
04000000
00000004
000a0000
041b0007
0e000000
00000000
00130000
00000f00
00000100
0a060000
00100000
0a001911
07000000
00000007
0a000400
09001015
00000004
01000200
00080013
00200006
060e0009
0d000000
00000003
00000000
04000300
04081500
12040200
04000000
02000000
00020d00
130b0007
00000000
0000000d
1c000000
00050000
00000900
05000019
00000b07
00000000
0a000003
17010000
00020000
00000000
00000000
00100000
00080300
00000000
00000000
00000000
00001721
13000006
00000003
00030000
00000102
00070000
00000001
00000100
00000100
16000000
00120000
00000201
00010000
000b0000
04000005
00000000
00000000
02000006
0f000000
00000000
05000a10
141e0005
000b0500
00000701
00001c06
16000002
00000000
02010000
00000000
00000015
08000d1a
01030a07
03110000
00000000
07210000
0f000000
12000700
14010003
00000000
00001200
020f0b00
00000c00
13000000
00000300
00000a00
000d0000
05000509
00000000
18000000
00000004
00000004
00020000
00000009
00000000
06000609
01120000
0b070100
0a000000
00000000
06010800
06000500
00000000
00000400
00070000
00000b05
1f01000e
05000000
07100004
00000000
07000000
0b000200
00000000
00070000
08000006
00110000
00091000
00010000
00000000
05020002
02020004
04000a00
00000002
00000000
0000000f
00001605
00080009
03010000
00000400
000b0b00
00000000
000d0000
00000300
00000000
00000000
00000008
07000604
03080603
00040703
02050000
00020c03
00000000
11000000
00050000
00000200
00080000
04060502
00070306
06000409
10000400
05080005
00000005
00000200
07010000
050c0200
00000007
00060103
06060909
05050009
06000300
03040209
00000500
110a0600
00010801
00000000
00010000
00000000
00070800
01000b05
00000000
03000500
00000308
06000000
03040d00
0000000c
00010000
00000600
03070005
000d0205
06040000
00070000
00000300
04040301
020c0007
00020000
00040400
00060102
07090000
00000908
01000200
00050003
00030000
0006050a
03050005
00000609
0a000000
00000102
00000000
0200050a
00060017
02000010
01030602
0c120c05
00010705
00080800
00000000
03000005
00000300
00000800
00000209
00000000
0000000b
09100700
00000800
030c000e
0000000c
00010701
080a0700
070d0000
00020004
00000517
00010604
00050900
04000c05
13040000
00000902
01000904
00090004
00000000
000b0009
00040003
00000001
05000b0e
02030b06
00000b00
00000000
00050100
00040000
06040a00
00020000
07001300
05000000
001a0001
0912000c
040c0000
00000400
00000200
00060000
04000000
00080000
01020901
06000000
00080300
0b000e00
0a0b0004
000d0000
00100001
00000503
00030e0f
02000000
00000000
00010000
00000005
03051126
00000010
000c0e00
0a0b0401
000c050b
00000005
00000000
04000000
00030000
03000600
00000006
0f000000
1200001d
00060d04
00060700
0a09000c
00000e00
000e0000
0e060002
02050300
000a0005
0000001b
00050000
00001700
00000406
06020000
00000f00
00000f03
080c0002
00050201
0001000c
00040000
00000000
01000004
10081906
10000303
01080000
000e0300
00000005
0a000d00
06000100
07001300
00000000
001b0101
001b0004
18081700
00000903
00000000
0a070000
08050000
00010000
01000e00
00000000
06020006
04000900
03090000
00080000
00170000
00000000
00051b0d
00000000
00020700
00040000
00000004
02000608
05000005
00000800
00001400
0006000b
00080009
00000007
00000007
00130000
00030001
00000006
08000013
00000008
00120200
00010400
0a150002
00000b09
00000003
080f0608
07060908
00070f05
03000100
05000000
07160600
00021107
0d040002
000b0f00
00000d12
10130009
03000000
00000003
02000007
00000003
00000704
11001500
00000000
00040004
00050500
00080001
10051000
05000009
07000200
00020000
000f0002
01050001
06000300
00000b00
00000200
04010000
01000000
00120000
0a000005
0c000000
00090000
00001000
00080000
000c0306
00070001
000f0100
11000b05
00000000
07000600
00090000
14000000
0e000006
01000000
010d0a00
00001400
0009110f
00000000
00020200
00000006
00040000
00070000
00000000
0000000c
00000405
00000c00
00000b00
00010005
00000000
00130c01
07160009
01000c00
00000003
000d0506
10000300
170e1200
00000800
0d00000d
00150c06
00000200
14150000
00000000
00000018
09000002
00000000
07010b02
14002a04
01000001
00050000
00170900
00000006
05000300
00000001
01001301
00080000
0011000b
01030000
1a000002
00000400
00000000
06000000
0d000000
000c0502
04000f00
02000a0c
000d0000
14020d00
07000000
05000300
00000002
000a0000
0903100b
00000000
0f000701
000d0504
06000000
06000607
01010000
00070100
00001704
000a0010
0000000b
00000000
00000007
00240000
00080000
03000000
0b000013
00000302
00000c00
00090c00
000d0002
00000000
00050206
08190000
0e000d02
02000700
0004000c
02000d00
05151100
0000140d
0e000007
000d0b00
0007040b
18130001
04020000
0000000f
05000000
00000006
00000909
1400210d
00000000
000c0000
00160e00
000d0807
16010600
00000000
0d001100
00020000
000f0000
0304000c
11000000
00000100
00000000
01000000
08000000
00110000
01000003
16000e03
00090000
0c002104
08150000
00080c01
00040800
00120a00
1706140e
06000002
0f000800
00020000
11000000
01000009
05080807
06000500
00001a06
00000519
01000000
00000000
00000000
000f0000
00000004
07000000
0e000000
00000313
00000400
000f0000
00000000
00000000
00000209
24120000
00001a00
05000d00
0000000c
00000001
09081500
00000002
00000e00
030b0002
000f0005
140b0000
08060004
0000000d
07000000
00000000
00040000
24131514
00000009
00190000
00110900
000c000d
0a090305
00001e00
0c001300
00040000
001a0004
01220003
17001200
06000000
00000605
00000009
00000000
02020004
07050008
00001300
00020000
11000d02
05080000
00000a00
00000002
00180600
00001802
00000400
00000100
00000000
00000000
05000005
06060907
00070700
00001106
0000010e
000b0003
00000201
00000009
00020000
00010109
00000000
00000005
00010506
00000300
00090a00
07090000
00000000
00000000
14110000
00040400
01000400
0e050500
00000800
0b0b0200
00000c00
13000006
06010800
00000005
0507000a
03080000
00000003
02000001
00000000
02000000
0a090b07
0000000c
000b0000
00000300
00070006
0f050800
08000001
13030000
000c0000
001a0000
02040004
0a030004
08000500
0000000a
03000000
00050000
00000005
00000106
09030800
00000000
00000003
00130000
0a050f02
00090900
00110900
04050a09
04000000
01000006
00000000
0d000000
06000306
00000005
00080800
00000e00
00000005
00000013
00000100
00000100
000b0001
00010000
01000000
02000005
00000000
000b0002
00000300
00190006
00000005
00020612
110a0e06
11040204
02000000
000f000f
00000000
090e0010
0b001100
03000400
00000d00
010a000a
07050003
01000000
04000500
05000a04
00000000
0000110c
0000050b
00000017
00060000
00000200
00050010
11060000
00000000
00000300
020e0000
00060000
00070000
00000003
0a000000
00000402
00000000
00000000
000c0000
00000001
09001000
081b0001
0b000d00
06000100
030e0700
00000e04
030d0000
10000800
00000200
00000000
00000000
07000200
02000100
10000000
06000500
05000000
00000c00
00000008
00010000
00000500
000b0001
00000000
13000400
02000000
00000000
00000000
00000000
00080000
00000400
0d000000
0c080300
00000001
180b0600
00000005
0c000000
00000800
00000204
00000700
00000000
001a0017
0c000100
00000000
0000040a
05000104
09000000
00010000
14000012
0f00000c
00090000
00000000
0b01070f
09000000
00001803
00000100
00000000
02071600
0005001d
00000008
040f0000
00062102
00000000
00000000
00150505
00000000
0604000c
0a0d0000
01000003
15000000
00000200
00000000
00030000
00000000
00000000
00070000
00000000
00000000
00000000
23150100
07000000
0c000000
0000001a
000b0000
000a0006
00010010
00090000
00000000
11000000
03000000
00000100
00000000
00000000
00080000
000d0000
1d010000
000c0000
00000008
18001800
0b000700
12000000
00000006
00000000
00001600
00000000
0000000e
05000000
00000000
00000d00
11000011
1c000000
00140003
14000003
09000000
000b0000
00000100
11020017
0b000400
00001300
04060000
00000000
08210001
00000000
00000006
00100000
00282f08
00000000
09000300
001c0000
00000000
0005000e
0a000000
0000001a
00000025
00000000
00000000
00170000
07100000
00000007
00000000
00001b00
00060000
00000100
11000000
00000100
00000000
00020022
00000000
0010000a
00000f00
00090000
000b0000
0a000000
04000000
00000800
00000000
00000600
0b000000
00000000
0000200a
040b0000
00000000
09000000
00000000
00000a00
00080b00
00000000
00000600
00040000
00110000
0a00000d
02000000
00000c00
00000200
00000000
06100000
00000000
00000000
00000000
00001200
04001210
00050000
00000000
00000900
09000000
06000600
00000003
00000000
00000400
012f0c00
00000000
08000000
00000302
00000000
13000300
16080000
0d001000
00000009
00000a00
00000b00
04000000
0c000000
00000102
03040000
00000000
06000000
00000013
00130000
00000000
00000c00
0000000f
00000000
00070000
00000b00
00000000
000d0000
09000000
07000000
00000700
00000400
00000000
00000000
000a0000
0a000000
0e050000
00000007
19000300
10000003
15000000
00000500
00000000
00000900
00000000
00000000
01000000
02000000
00002100
0000000e
03000000
25280000
0e010000
00000000
17000000
0000120a
0000000c
00130000
00003600
00000000
02000000
0d040000
00000d00
0000000b
000d0000
000e3b08
00000001
18000700
00000e1b
002a0000
00000000
1f000000
0000000c
05000000
00000700
00000000
161c0000
00000000
00001d12
00180000
0000091c
00000000
06000000
00002800
00001700
00000200
00000005
00000000
00000100
01000400
00000000
00000000
0d000000
00000004
00000000
12000000
00000000
00000000
00000000
00002000
00010000
00000000
04000800
00001000
00002405
00000000
00000000
01000000
00000000
00070000
00000000
00000000
00001900
00000000
00000000
1c1d0000
00000000
00000006
0f000010
00000400
03000200
00010000
00001e00
00000000
03000000
0e000000
00000000
00000000
00000000
0002181c
00000000
0d000000
00000000
001c0000
11110000
06000000
00000005
000c0000
00000d00
00000505
09000001
00000000
00000310
07040000
00000015
04000000
0000000b
00090805
00000000
000e1308
00090009
00080000
08000000
00000000
00000005
03000000
02001a00
04000001
00000000
07000700
00000300
0a020007
00000000
0000000d
00000000
070b0000
00000400
0007051a
00000006
00000004
09000800
15060000
00000000
00000009
05000000
00000000
00070000
00000000
00000100
00000000
00000917
08000e03
06000000
00000000
00000004
00050000
00000000
00000800
00040000
0a000000
00010000
00000000
00000000
020b0007
00000000
05000000
01000000
00000000
01000200
00000300
07001e0b
191c0000
00130900
00040d00
0000170e
04000000
00000000
00050000
0b000000
00000008
09000616
00080d08
00090000
0300010a
00130000
00000200
0a000400
13000000
00000000
00001600
00030d01
00000800
05000002
00000c00
00000200
00030002
00000b03
00040001
06000000
03000007
0000020c
000e0103
00000008
00000407
04000900
02110100
0c0e0200
0c000000
05000000
00000300
04000000
00000000
00000401
00070000
00000406
12000008
06000200
0406000e
00000005
09070000
04000000
00000000
08060003
06000403
000a0000
00020d00
00000000
09000000
00070002
04000005
03000000
00000000
00000000
00000100
00002400
00030000
000b0000
000c0300
00071000
00030002
00040000
00050000
03000000
00000000
0000000c
05000201
07000803
00060a04
00050500
00050605
00000000
0f000003
000a0000
00000800
00090002
03070203
00050106
0000000a
0e000100
03060009
00000008
00000600
04090000
05080007
0000070b
00030406
07040b04
07090004
0a000000
06030205
00000400
0d0f0900
00000302
00000000
01010000
00000004
00010100
00000e01
07000000
00000200
00060409
02000000
02070b00
00030104
00020000
00010400
03050004
000b0002
09030000
03080000
00000500
00000100
04040008
00000000
00030100
00010002
080a0000
00040407
08000000
01040000
01000000
00030407
0209000a
00000909
0c000001
04000403
00000000
05000503
080b0019
05000009
00050801
00000d00
00000005
03000400
00000008
00000000
00000000
00000300
00000000
06000000
07000008
01180400
00090600
050a0013
0001000b
00000405
1f0b0800
0a0e0000
00000205
0000011c
01010100
040a1300
01001502
120e0000
00010b0e
01000800
011b0004
00000000
0001000f
0a00000c
00000800
00000e1c
00000c04
00000000
06000000
00000400
08000002
10040000
00000000
03000200
00000000
010e0000
041b0011
00000f00
00000b00
00000200
00010000
06000000
0f0e0307
00000901
13000000
030c0002
18000500
0a000000
00050000
000c0900
00050c00
08000f13
00000000
05010100
04030000
04000001
1e092600
00000007
00180d05
0100020b
0017000d
00000013
00000000
00000000
00000000
0b150000
06000000
1d000000
3300002d
00000000
001e1000
09050009
00000000
000d0800
1e0f0700
00000006
000a0310
0000042c
000c0000
000a1400
00000b00
00000003
00001200
00000800
0e07000e
02280008
00000304
00080008
00000200
00000000
02001200
17040000
0b000000
00000b00
0000000b
0f090000
00000000
06000302
000b0500
0406000a
00260000
05000e00
00161d00
0000010a
0e000000
0a330005
00000008
00000d00
00000001
1600000d
01000000
00000000
00000000
03080000
10000200
03001017
00001100
00000000
00000500
00000000
10001100
00000004
00000800
00001500
0003000c
000b001d
00000000
00000000
040f0000
04070000
00000100
0c000001
13000000
00000000
00070000
07280403
00000000
00000006
05140000
090e0000
00000100
00000700
08000c00
00180000
00001104
1a000502
00082300
00080e13
00100002
00000000
0000000e
02000000
00000000
00000e11
0b000000
01000000
020b0011
00000c00
00060205
0e020000
0c000000
15000000
00000000
000c0000
090a0000
00000100
00001500
00000000
09000000
04000000
00020000
0000000b
1a020000
03040000
06000600
02080000
000c0500
00020603
000d0700
0e060b09
00000005
07020300
00000000
17000000
160e0f00
00000000
000b1100
00032d00
09000020
0d000013
00070000
00002400
12000000
04140021
06000000
0b000000
00000005
00000200
001a0000
00000008
00000000
000e1000
1d360007
05000000
00130000
0005141d
1d000000
000f0900
00000a00
0000000c
00032e0e
00000000
17000400
00110000
00000000
04270000
00000000
04000000
18001214
0005000a
0c200000
00000000
00000010
00041700
00000000
0a001d1b
000d0000
00120002
04000000
09000009
00000900
00001e00
00000000
0a010b00
00000013
00000800
00001c1e
00080000
2c000000
00000000
00000000
10000000
000b0000
00001404
00000f00
00000000
00000000
00000000
0b001100
00060000
00000d00
00002600
0000001c
0e00001e
00000000
00001900
08000000
060a0010
14000000
0a000000
00000000
00000000
021b0000
00120001
00000000
00000000
07280000
00080000
02000200
00000021
00000b00
00110000
00000800
10000008
00021b00
00080003
0b0a0000
00000000
00000000
0c0a0000
00000000
00000008
12000d18
0000000f
001e0004
00000100
0000000c
1a080000
00000000
1000060f
00110000
00080002
0a000000
09000000
00030700
00000000
00000000
11000000
000a0010
00000000
1700110b
00000000
0c000100
00070000
00000b00
0b110200
000b0000
00090c11
09000002
00000000
00000500
20000000
16000000
0a00121a
00000000
06002b12
0000001a
08000000
00000000
00000100
00000000
07050013
12000000
17000000
00000014
00000000
002a0000
00000000
00000000
00050811
0e1c0000
01000000
00001800
0000001b
00000000
00000500
00000000
00000f00
000d0000
00150015
0f000000
0802000e
00000000
0a000000
00000000
07080000
42220026
00000002
000b0000
00000000
0001000a
00120000
00004b00
0b000000
00150000
0a0d0000
00230000
00002609
00000000
00001b1a
0000001d
00000f00
06000014
001c0000
00000000
00000000
10000000
03000000
00000300
05000000
141c1400
00030500
00001600
00010000
00000000
00000000
08000002
08070e03
00000e00
06001904
00000010
001c0000
00000000
00000000
00000000
0000000c
07000000
00000000
00000002
00000200
00100000
00100000
00000000
00000008
0b0c0000
040c0000
00000300
10040105
00000c00
050a0000
00000000
20000000
05000800
00000003
00000000
00000000
00000000
05000000
00000000
03000000
0b10000d
00000010
00080000
00000100
00050006
08050000
07000000
00000000
00070000
00130000
01000000
00000000
08000000
0000000f
08000009
00000800
00000004
000a0406
0d090000
00000001
00000003
00180000
03001200
00070806
00120403
00090007
08000000
00000000
00000000
10000003
00000104
03020002
00090200
00001600
00020007
0000001e
00000000
00000100
00020000
00050006
00000300
00000003
00000000
00080000
00050000
06170502
00000707
00000518
06051104
0f0a0007
08000000
00110012
00000200
02100010
0a001800
08000000
00000c00
010a0008
01000004
02000000
00050500
0b000003
00000000
00000b12
00000716
0000001b
000e0000
00000a00
0001000e
07000000
00000000
00000400
07090000
00000000
00080000
00000000
0a000000
00000000
00000000
00000000
01090000
00000008
0f000200
05130000
0c000f00
06000000
00080d00
00081306
03010000
05000800
03000500
02030002
00000000
0b000000
00040000
18000000
01000000
00000400
00000008
05000006
00000000
00000000
00000000
00000000
09000000
00000000
00000000
00000000
00040000
00000000
00030b00
1b000000
00000300
0000000d
28061d00
00000000
00000000
00000400
00000904
00000400
00000000
001d001b
04000300
00050000
00000c11
19000006
04000000
00130000
1200000e
0200000d
000c0000
00000500
06000908
00000003
00001a00
0000010a
00040000
00001a00
0008001b
00000000
00120000
000a1200
00000000
08000000
00020008
00000000
09000000
150c0000
0000000c
15000000
00000700
00000b00
10000000
07000000
00000800
02050000
00000400
00000000
03000000
281c0400
00000000
00000000
00000025
00050000
00020100
000d0010
00000000
00000000
11000000
00000000
00000400
00000000
00000000
00000000
001d0000
2f000000
06000000
00000010
24004100
18000000
0f000000
00000000
00000800
00001500
00000000
00000007
00000600
00000000
00002503
1f00001a
0e000000
001c0003
0b000004
1a000003
00100000
00000700
07000007
00000000
00001000
0005000f
00000000
080a0000
00000000
00000000
00100000
001a2600
00000000
0f1b0000
00000000
00000000
03000000
0a000000
0000001e
00000004
00000a00
00000d00
18000000
06000000
0000090f
04000000
00000e00
00100000
00000000
03000000
00000600
00000000
0005001c
00000006
001c0000
00010a0e
00000000
00010000
0c000000
00000000
00000a00
00000000
00000000
00000000
00000000
0d00290d
08000000
00000201
14000e09
00060000
00000300
00030000
00000002
00000100
00070000
000e0000
0500000d
00000000
00001002
0f000000
00000000
02120000
00000000
05000005
000f0000
00001200
00001806
00000000
00000900
00000500
01000000
06000400
00000005
00000000
00000600
00320500
00000000
10010000
00000500
00000000
13000900
11000000
0700000a
00000000
00001900
00001500
10000000
0b000000
00000201
140f0000
00000300
0b000000
00000000
001a0700
00000000
03000e00
00170007
00000000
00190000
00170800
00000000
00090000
13000000
00000000
00000500
00000000
00060000
00000000
00000000
0e000000
01080000
00000000
22000000
220a0000
14000000
00000000
00000000
00000600
00010000
00000000
00000000
000d0000
00001a0f
060b0000
09000000
192d0000
0a000000
00000000
00000000
0000151e
00000000
00000000
00002300
00130003
08000000
00000000
00001400
00000000
000b0000
00013502
00000000
1a0d0600
00000b06
00300000
00000400
10000000
0000001e
00000000
00001000
00000000
10120000
00000000
00001619
000c0000
00000024
000a0005
01000003
00002200
00041500
00000000
00150003
00000000
00050100
01000000
00040000
00000000
0c000700
00000000
00000000
10000000
00000000
00000000
00000000
07002700
00000000
07020000
0e000000
00000c00
02002400
00000000
00000000
0c000000
04000000
00040000
00000000
00040000
00001000
00000000
00000000
0d150003
00000000
00000003
00000011
10000004
05000a00
00000000
00001000
00010000
0c000000
07000000
00000000
00000000
00000000
00060015
00000000
09000000
00030000
00150000
16120000
05000000
00000006
000d0000
00001800
00000b00
010a0014
00000003
00000615
110c0000
00000015
00000003
00000003
000b0702
000f0000
01031402
00020008
00050000
0f000000
00000000
0002000a
00070000
00001600
07000004
00000402
06000700
00050100
0a090006
00000006
0000050d
03000003
0b120500
00000300
000c0118
00000000
0202000e
0e000800
0a020000
00000602
0000000d
04000000
00000000
00080000
00000000
00000000
00000101
0000051c
00060e05
00030000
00000000
01030003
00080000
00000000
00000300
04020000
00010000
00040100
00020000
01000000
0004000a
04000000
01000000
060c0004
00000500
07000200
00000200
0b001106
13190000
01080900
00040600
03080c0a
06000000
00000000
00060000
0b000000
00000002
0200040b
040a0c06
000c0200
00030500
00090000
00000000
06000400
14010000
00000000
00000b01
00000400
00060500
00010500
00000103
00000204
00030003
00000305
00050507
04000000
03000004
00000013
000d0001
00030004
00080508
02000c00
020a0200
0a0a0900
0b030204
05000000
00000600
00000000
00000000
00050a00
00030000
00000004
00000000
04000300
0504000f
00000006
06040000
00000000
00000000
04010104
00000803
00070000
00020000
00010000
07080003
00060003
00010000
06000001
00000000
00000000
00000705
00001b00
02020000
00070000
000e0800
00030502
00000005
00000a00
00080200
05000000
00000000
04000010
04000007
09000507
0000070c
020a0304
00040001
00000200
0d000002
000c0000
00060400
00050000
03060002
09000306
0000000d
05000601
000d000a
00000002
00000600
0a040100
0b000108
00000208
03000803
04001100
000d0000
05000000
04000000
00000000
0e080000
00000200
00000000
0e020000
02000000
00000000
03001002
03080800
00000000
00010009
01040100
00040f00
02000000
00000000
00000300
05000000
000b0000
08010000
06010e00
00000600
00000200
0001000b
02030000
04030200
00040000
0e0e0000
00110301
0d010100
02010000
00030000
00000303
000b0001
0000070d
07000002
0e000309
00080000
01000700
04050024
02000014
0c000a00
03000905
00010006
0300000b
00000000
00000000
00050000
00000107
01000000
00000000
1c000201
00120000
00080300
0008000d
00000002
00010200
20000803
100d0002
00000500
00000014
00000000
00001f00
00000c00
0b040000
000b000f
00060003
0a080000
02070000
00000004
03000000
00000300
0100020f
14051408
00000002
03000000
00010800
00000000
0d000200
00000700
02000000
02000000
07040000
0019000a
13001b06
00000000
00000000
00000001
0c000000
03010a08
00000300
0d000500
00050003
15000000
0a000005
00080000
000c0100
00060000
0f000409
00000002
00000000
03090003
03000001
0b002a00
00000303
00000d00
03000204
00000001
00000000
00000000
00000000
0b000000
09230012
0b000000
01020000
47000012
00000000
01121d00
0a000000
00000000
000c0200
3f002409
00000000
00010a02
0d000e00
00010000
00100202
00001000
00000000
00050000
00070000
07280000
021c0202
00000e00
0a24000e
00000000
00000000
00031700
00190000
01000000
00001100
00000015
00000104
00000004
00000009
00110e00
00000000
00030400
00000008
00000000
00001214
16000000
102b0000
0000151e
00000000
000e0012
0500000d
0000000b
00000000
00000000
1b050000
081b0000
00000006
05001800
00000000
00001000
00000000
0c001200
00000500
00000500
00001800
00080007
0005002a
00000003
00000000
0b040000
00040000
0a000500
02000000
20000000
00000000
000b0000
07280500
00000000
00000100
00030107
0b130000
00000000
00000104
09001100
000a0000
00001200
23000306
00060200
010d000c
00000000
04000000
00000000
00030000
00000000
00001711
00000400
000c000b
00000023
00000000
0007000a
00000000
00000000
00000000
00000000
0d000000
020c0000
00000300
00000000
00000000
14000000
00010007
00000000
00000000
22040000
00000000
20000000
06120000
00021000
00000d00
000c0100
0000000b
0000000d
04000000
00000500
1f000000
08030000
00000000
00060000
00002400
0000000b
0f000014
00190000
00000600
28000000
002f0012
12000000
00000000
00000000
00000000
00320000
0000000f
00000000
0600160b
1c022a15
0c000000
00030000
001e0108
02180000
05130003
00000900
00000000
0003110d
00060005
00000000
00200000
00000000
28290000
00000000
00000000
04000004
001f0000
00000200
00000000
00000000
00000000
00000015
00000016
00140000
0a000000
00000306
00000000
00030000
00001500
0b000000
07001b00
00000019
00000000
00002a2c
00000000
14000000
08000000
00000000
21001b00
0e360000
0c000000
00002b0c
00000000
00002300
00000000
00000a00
0f020000
12000700
00002f00
00000000
10000021
00000000
00091700
1c000000
001a0002
13000000
00000000
00000000
00000000
23250000
00000000
00000000
07000000
03000f00
00050000
00000000
00100014
00220200
00080002
00000000
0a000009
00000000
00000000
00000000
00000000
00000000
1b160000
01000000
00000000
0b000006
0000000e
00000000
00000000
00000600
00000000
00000008
00000017
00120000
0200000a
00000000
00000000
00110000
00000015
0e000000
1a001500
00000010
00000000
3100161f
00000000
02000000
00120000
00001b00
0d001b00
051a0000
00000000
0000091a
00000000
00002400
2d000000
1d000000
14001622
0e000000
05002909
00000000
00000007
00000000
00170000
00000000
00000000
17000000
00000000
00000000
00000000
000e0000
00000000
00000000
00000a12
00000f00
06000000
06000000
0000000b
00000006
0000000b
00000000
00000000
00080003
00200018
00000900
0b2c0000
09000000
1d000000
05000000
00040000
4b1d0029
00000000
00020500
00000000
00020000
00000000
00005f13
00000003
00210000
0a000000
003b0000
00002700
00000000
00001c37
26000029
04000a00
0000001f
00380000
07000000
14000000
00000000
00000000
00001a00
00001700
17262300
00000000
00002923
13000000
00000e00
00000000
0f000c00
0a050e02
08000700
03001b02
00000001
00230009
00000000
00020300
00000000
00000000
12000000
09000000
00000000
00000000
00060000
00000000
00000000
00000305
00000000
05090400
00000000
0700000f
01001300
000a0008
00000000
1f000000
05000100
00000000
00050007
010a0000
00000000
00000000
00000000
00000000
0d12021f
0000000f
00020000
00000000
00060004
00010000
00000700
00000000
06090000
00000000
00040002
00000100
05000200
00000020
1000000c
00000000
00000000
000c0000
16000000
01000000
08000009
001c0000
00002100
00000b05
000f0613
00000000
03000000
0b000000
00000000
00000000
07000600
0a000005
00000000
00001400
00000000
00000017
00000000
01000700
00000000
00090001
0c000900
01000006
00000000
080f0000
00000000
00070000
00000c06
00000207
02000f0a
0b100200
00030000
000e0013
00000100
000a000f
05000f00
0c000000
00000c08
03000004
0000000b
00000000
00000900
06000b07
00000000
00000211
00000c14
00000014
00010000
00000000
0005000a
01000000
0000000d
00000100
09130000
00020002
00070000
00000000
0d000006
00000004
0a000008
00000000
00000000
00000000
01000000
00010000
08000d04
05040200
000c1000
00011702
00020600
08000400
00080000
05000000
00000000
0e000000
03050400
0b000000
00000000
10000000
00000000
00000000
00000000
00150202
00000000
00000000
11000000
00000000
00000000
00090000
12000000
00000000
00021200
00000000
02001300
00000000
22121400
00000000
01000000
00000007
00000006
00000000
00000000
00090018
00001100
00000000
00001719
1c00000d
12000000
000d0000
11000016
18000000
00000000
00000000
00060000
00000000
0000212e
00000004
06080000
09001500
00000017
00000000
00010001
00041409
00000000
14000000
00000000
00000000
00000005
13000000
00000006
18000000
00000700
00000b00
14000000
00000000
00130408
0f060001
00000100
00000000
00000000
12070200
00000008
05000000
0000000e
000b0000
00000000
00210001
00000000
00000005
17000000
00000000
00000400
00000000
0e000000
00000000
000f0000
03000000
00000000
05000000
1d002800
12000000
13000000
00000004
00000000
00000000
00000000
00000005
00001400
00000000
00002702
1c000a0d
00000000
00170007
00000008
06000000
00000300
00000000
00000000
00000000
00000f13
00000003
0a000000
12000000
00000000
00000000
00050000
001b2200
00000000
141d0000
00000000
00000000
09000000
16000000
00000017
0000080f
00000d00
00000700
31000000
00000000
001f011d
0b000000
00000000
00030000
00000000
08000000
0500000c
00000000
00000810
00000000
00070000
001d0200
00000000
00000000
17000000
00000000
00000600
00000000
00000000
00000000
06000000
00000f00
0a000000
00061400
17000f00
09000000
0c000000
00000000
00000005
00000000
00000000
00000000
00000009
00020000
0a000d09
07000400
00000000
00110000
0000000c
0c000000
00000000
0b000000
00000600
00000000
00001909
00000000
06000000
09000600
0000000b
00000000
00000f00
00112000
00000000
17060000
00000b00
00100000
01000000
02000000
0000000b
0600000c
00001600
00001400
22000000
01000000
00100003
16000003
00000d00
00090000
00000000
0d100e00
07000000
00000900
05200011
00000000
001c0c00
00270c00
00000000
0009000c
12000000
00000000
00000300
00000000
0200010b
00000000
04000000
01000000
00000000
0000040a
23000e03
31130000
14000000
00000007
00000000
00000000
00000000
00000001
00000000
00020000
00001107
00150000
03000000
00250000
00000000
00000000
00000e00
09000d0e
00000000
00000000
00001e09
001d0003
0d0e0000
0a000000
00001100
00000000
00000300
00001e00
03000000
16150000
00000300
00220000
00000000
00000000
00000024
00000009
00001608
00000000
13040000
00000000
00181023
0600000e
0000011e
00120000
00000000
08001600
00081500
00000600
00070001
00030000
000b0300
0c000400
05090000
00060000
08001100
00000000
00000000
19000000
00000000
00000000
00000000
00002300
00000000
0a0b0003
09000008
00070012
00002300
0b000000
00000000
19000000
00000000
00020000
00000000
00000000
00000000
00000000
00000000
00120600
00000000
00000009
00000c14
15000006
09000702
00000000
00000a00
00040000
10020000
02000000
00000008
00000000
0c000006
00000012
01000000
02000000
000d0900
00020000
12060000
00000000
0900000a
04060200
00001c00
00000900
00070023
00000000
0002000a
0c020000
00000010
00000a04
00000400
03020600
000d0000
00030f00
00000009
00040000
0e000003
00030000
01020009
000b0000
00001100
00000004
00000404
0f000600
00010002
08050202
0000000a
0004010e
0900030b
0a0b0606
00000104
000d001a
00000000
06060009
0d000c00
03030a00
00000300
00000009
00000000
03030000
00010000
02000000
00000200
00000006
00000717
00080a00
00040400
03000000
04080004
00020000
01000000
00000500
0a080000
00000000
00030000
00060002
06000001
0000000b
09000000
00000000
070b0004
00000e00
08000500
00000002
03040c08
0f0f0a00
00090d00
00030c00
07100809
09000000
00090000
00000004
02000000
05000003
00000604
05020c06
060c0600
00000400
00080000
00000000
05000009
14040000
00000000
00000b02
00000000
00040200
00000a00
00020002
00000305
00050004
0003000a
00070800
04000000
05000005
0204000e
00090001
00050005
000f0205
04000d00
01080502
0e000700
08040601
05000000
00000b00
01000004
00000204
00030a00
00000001
00000003
03000000
00000300
0306000a
00020005
03010000
01000000
02000000
06030005
00030a00
00090007
00060000
02020600
01040000
01020000
00020000
08000500
02000800
00000300
01000507
04000e00
03050004
00060000
00060a00
00000003
00000008
00020902
00030000
02000001
04000000
0f0e0506
0200000e
00000e02
0000080d
00000106
01000006
00000003
08000000
000b0000
06050000
06000000
00000000
10000007
0005000b
050a0000
0013000d
00000000
00000b00
090d0000
01000000
00000900
00000111
00000e05
00061800
00000000
00020000
00000002
090c0000
07100500
00080000
0e000001
00000000
03000000
0400170d
0e0e0000
02000003
000e0000
00030000
00040e00
00000401
00001c00
08000b00
03000000
000d0000
08060005
04001d00
00000100
00000304
03000013
05020000
00030000
00040500
050d0000
0a1e0100
20000000
09000000
00000000
0a00030b
00050000
00001003
00000000
05000600
00050000
00000000
04020010
00000021
00001600
00000910
000b0010
00000013
00000000
00000000
00000000
000b010c
0e000000
08000000
27000010
00000000
001f0000
020c0000
00000000
00000001
120a0000
00000000
00000100
0000001e
00000000
00001200
00000a00
00000000
00000000
00000005
0e00000b
001b0300
00000000
00000000
00000000
03000000
2f070002
1700000d
0a0c0000
00000800
00000003
0a000001
00002100
0a000000
00000000
05040000
00150000
15002203
00090000
00000806
09000005
14040000
00000307
00000000
06010000
0f000007
00000002
00000006
000c0000
1d080000
12000000
02000400
00000500
00000000
00000000
02000000
00000e00
00000706
00001f00
00000000
00000003
00000000
00000000
00000000
13160000
00250015
00000000
00060014
24000000
00000000
000d1900
00040000
00000000
00000000
28001100
00000500
00000000
08001500
000c0000
000f0000
00000900
00000000
00000400
000c0000
05000000
00010004
05000000
00200004
08000000
00000000
04000400
00180000
00120000
00000400
0000001b
00000000
00000000
00000000
04001100
0f040000
00000000
00000017
00000000
00000621
21000000
150d0200
00000012
00000000
000f000a
00000012
0000000f
00000011
00080000
0a000201
00260000
05000004
00000e14
00000000
00000000
00080004
0a00020b
00001002
00000e00
00000d00
00050010
0006001d
00020004
00000000
0e0f0000
000a0000
06000400
00000000
00000000
00000000
00000500
00060000
00000000
00000300
1a000000
11150000
09000000
0008000f
0c001600
02050003
00000900
20000002
00000000
00000006
00000000
00000000
05000000
00000000
00000500
0000090a
0c001100
04060006
00080014
00000000
00000010
00000000
00000c00
00000507
09000b00
09000013
000a0000
0200000d
00000001
00000012
17000000
030f0000
00000000
00000000
12050000
00000000
1a040000
000f0000
000c0d06
00000f00
00050000
00000001
00000205
03000000
00000000
1e0f0000
00000000
00000000
09090200
00000600
0000000f
00000006
00140000
00000004
08000006
00180000
01020300
00000013
00000000
00000000
00000800
00000009
00000000
05000706
07002111
23170000
00000000
002a0400
00100000
0d070014
00000a00
00000000
00000d00
00010009
00000000
0c0e0000
00000000
00000000
00000000
00000300
0100000a
00170307
00000400
00000000
00000015
00000000
00000017
00000000
00000008
0d000000
00160009
00010000
0500001a
00000000
09000000
06000000
00000004
00000000
0000000e
00000000
00050008
0a04070c
00110f0c
0d001300
0c140000
00000000
00000a08
06000000
00001200
09000000
00000000
06000000
19000800
04000f00
00000005
03000003
00000200
0000060a
0c070003
00000000
00000600
0000000c
00000000
00000000
08000000
00000000
00000000
14020000
00000b0e
19210400
00000000
001f0400
01120000
0506001d
00000000
00000000
00000c00
00000000
00000000
04000000
00000000
03010000
03070200
00000901
0800000d
00000b02
00000d00
00000500
08030017
00000000
00000018
00000003
0000001a
0300000b
00000000
000a0000
16000014
00000015
00000000
13000000
00020000
00000000
12010013
00000000
030b0012
0300000a
00001b0c
00000500
00090000
00000000
00000301
0f000006
00000c00
1d000000
14000000
03000f08
16000000
05081412
00000000
00000000
00000000
00090012
000b000e
00000000
05000000
0000001c
00000000
00000000
00000000
00000000
00000000
14140100
00001000
2c150000
10000000
0000110b
0000000b
0000001c
00000000
00000000
00000d00
0000000b
00000900
0b180000
08000000
00000000
050b0000
06000000
3b000029
00000d00
00011300
02000300
0001001e
00000000
00002b19
00000000
00000013
0b060004
00150000
0015000a
0b000022
00000c1a
00000022
10000000
00000007
00240000
00000300
00000000
0005000f
09000300
00001717
00000300
16160c00
00000000
00070602
17000000
00000000
0d000900
04000000
00000700
09000900
0300120a
00000008
00120001
00000003
00000003
00070011
00000000
03000b00
00000000
00000000
01000400
00000000
00000000
00000000
02150406
00000000
101d0300
00000000
00120017
00000500
0801000c
03000000
15000000
00050000
00000005
00000001
03010000
00000000
00000000
00020000
00000007
1100001c
00000400
00000f00
00000000
00090013
00000000
00000800
00000200
0000000a
0200000b
00000005
00070000
0a000011
00020007
0200000f
00000000
00030006
000a0000
00000600
00000000
0d000007
16070e00
0002130e
07030000
040e010b
03000003
00090000
00000000
00000000
00000000
00000400
05000000
00050400
00001300
00000006
0000000f
00000000
00000500
00050001
00070004
0a000b04
02000001
00000000
0b080000
00000000
07000600
00000f0e
0000000a
08001302
0f0e0005
08050000
001d0012
00000000
010f0017
00000600
06000000
00000504
07000000
0000000f
00000000
00000000
00070000
00000000
00000012
00000a0b
00030000
00050200
00000000
0009000c
04000000
00000009
00000003
07080002
00000003
00080000
00000000
0f000011
00000002
00000000
00000000
03000400
00000004
00000000
00000000
01000709
00000500
00110c03
00090700
08110c00
0a000600
00050000
01010000
00000000
15000300
00000a00
00000000
04000002
02000000
00000100
00000000
00000007
0006080b
05000000
00000000
15000008
00000010
00000000
00000000
04000000
00000000
00000700
00000000
00001300
0d000000
36120000
000c0500
00000000
0000000d
00000003
07000000
0003050e
00010809
00001a00
000c0000
00000000
05060003
10000000
000a0000
1700001b
05000b00
00000200
01000000
00060004
00000000
00000d22
00000007
02000013
00000000
00000010
000d0000
00030013
00021800
00000000
13040000
00000000
00020000
0000050a
0a000000
00000803
12000f00
0003090a
00000000
18000000
00000002
00030009
04000000
00001100
0d000000
00000000
02000000
04000014
00000000
0000000a
00040000
00000013
00000012
00060000
00000000
15000000
00000017
00000000
00001200
00000000
00000001
00000000
00050000
00000000
0d0f0000
1e000000
00000000
0b000000
01000006
00000005
11000000
00000106
00000507
00000b00
00000000
00000d00
0f000000
00000000
0010020a
0000090b
04000100
00000000
00000600
00070000
00000000
0000000d
00000000
0000000c
05000000
00000000
00000000
00000015
00101100
00000100
16000000
00000000
01000500
04000004
00000000
0000000a
00002003
00100f28
00000000
19000000
02000000
00060007
10000000
00001700
08000000
07000000
0d000000
0800000a
00000100
030f160a
00000001
00000000
0000000a
030c0000
00000000
1d000000
0000002b
00000000
00000000
00000000
00000000
00000000
00000006
09000600
15020900
1e000900
00000004
1a000000
17000002
00000013
00000000
0000000b
00000000
00001500
00000000
0b000000
01000100
00000000
00160000
07000010
12000000
00000000
01000f00
00000000
00000000
00001931
00000000
00000005
16000000
00000003
00030000
0000030d
00002c00
00000000
19040000
00000100
00000000
01000000
00000400
00010003
0304170f
00000f11
00000000
21000000
00000000
00030004
18000000
00001000
14000000
06000000
0d000500
0a000000
06000000
0020070a
00000000
00150300
000b0003
07080000
00040000
08000000
00000021
00000600
00001600
00001300
00000000
00000000
00030000
04030000
06001000
1a001100
140e0000
19000000
06000002
00000002
00000000
00000008
00000000
00000000
00130000
14000800
000a0000
00020000
05160000
00000008
00000008
00000300
01000c00
00000000
00000000
00001616
00000000
0200001c
0e000000
00000000
00000000
00001112
00002d00
11000000
1b270000
00000300
00000000
00000000
00000000
00170010
00001e0f
00001b1c
00000000
03000000
00000000
0009001c
0e000000
00001007
00000000
0c000009
08000600
00070800
00000d00
00020501
00000000
00040000
08000000
08040000
000a0100
00000c00
00000012
02000200
0f000000
00000800
000a0002
00000000
00051301
00010005
04000f05
0b000501
000e001e
00001700
0d000000
00000005
1b000000
00060000
00000000
0b0b0000
00000000
00000001
00000000
00000000
10000b03
0d000800
0003000c
00000000
04000100
00000000
00000000
00000900
00001000
00000000
00000000
00000609
00000005
03000400
00000800
0a000000
08090000
00090c00
00000700
0e030200
00000000
100e0400
13090000
00031900
00080400
00000006
09000000
00000005
0e000000
00001106
00000a0e
05000000
08050600
00100000
00001104
00020010
00000000
07000000
00000002
03000000
000c0300
00000000
0000000b
0000080a
00000a00
00020b00
06010002
0000030a
00100407
0f00000b
0a020c05
07000006
00120016
00010000
030d0c00
00001206
06000000
01000004
00000002
0a040005
00040000
00000010
0200000c
09000000
00000002
03002013
00080400
00000000
03010000
00050304
00000000
06000000
00000c00
00030000
00050001
00010000
0c000002
00000000
00000000
0c000000
03000000
09050008
00000000
0e000906
00000000
02080700
08130c00
00080e00
00120500
000e0100
0e000600
00000000
05000006
00000700
11000205
00000201
05050d03
010f0200
00000800
00000000
00000100
04000008
11000003
00040000
00030600
00000000
00040203
00000c00
00000002
00000700
00030004
0100000c
00090c05
01000000
09000304
0600040c
00070003
00050301
00110700
06001600
09040004
11020600
09020800
0a000000
00000b00
01000006
00000008
01000601
00000000
0400080c
00000002
00000000
020c0007
00070006
06030100
03000402
05000000
05000002
00060700
00080009
00070000
00000300
00060001
02000000
00000000
04030302
06000200
00000402
04040201
00001500
030c0002
000c0000
00090900
00000302
0000000e
00000c0a
04000000
00000303
01000000
10100000
0800001f
00000a08
00000200
00000000
00000305
00000000
00000000
00000000
06000000
00000000
00030000
13000000
000f0000
08190000
01000013
00090000
00000d00
0d0c1600
08000000
00000d00
0000051c
00000006
00000000
00000000
00060000
00000000
000f0004
00131300
00100000
00000000
1a00000a
10000000
08000f0a
0c060000
02000001
00000000
00000000
000a0000
03040000
00002600
00000007
00000000
00000b00
02070015
00002e03
000c0000
00000c13
0d000003
15000400
00000009
00020400
0a0a0000
110e0c00
2a000000
12000003
00000000
1d000d03
15000800
00000000
00000d00
00000000
00000000
00000006
05000000
0e000021
00000e00
00000000
00020006
0000000b
00000000
00000000
00000000
18000000
00000000
08000000
17000000
00000000
031c0000
06000001
00090000
00080000
02050800
00000003
00000f00
08000012
00000000
00000000
00000309
00000200
00000000
00000000
001f0c12
00090000
00000500
1d020006
19000000
09000000
02040000
09000000
0e000000
00001500
00000008
0c040017
02001000
00000008
00000600
08000000
00000000
00001f00
00200100
00000508
1a000000
25030000
00000000
00020000
14070000
15000000
00000013
00000005
00060100
2a00000b
22000000
000b0000
01001200
00010000
00000000
00000000
00000000
10000702
00001100
00000000
0000000b
00000000
000f0000
00000000
19000000
00030000
00000000
00000000
03000000
00000000
000e0b00
0200000f
0f000000
19000000
00000809
00000000
00020000
06001300
16000000
00050000
00000000
00000000
00001200
00110004
00000000
00000000
00000000
00150000
1f010c00
00000000
00000000
00000000
09060000
0000060a
2100001d
00000001
00000000
00000e00
19001100
02000000
00000000
00000002
00000003
00000629
0f000000
0d090000
00000001
00000000
00070203
00000000
03000004
00000011
00000700
00000005
00080000
00000000
00000800
00000000
00000000
0000000e
00000000
0e010f00
00000d00
00000d00
0000000e
0005000a
0000000b
00000e00
1f080000
00060000
00000d00
00000000
00000000
00000000
000c0400
00000000
0c000000
04000600
00000006
000b0000
05000000
00090011
11000f00
00000000
00000000
11000001
00000e00
00000000
02000500
00000000
00000000
000a0000
14000000
00070000
04000000
00060000
01090003
00000000
12000c0f
00070000
00000000
00000f00
13000c00
00000000
00000000
00000000
00000002
0000082c
00000000
0b080000
00000009
00000800
06000001
00000000
03000000
00080000
00001705
00030000
03010000
00000002
06000200
00000000
00000000
1c0a0003
00000014
02000000
000d0800
00000c04
0008000f
000a0006
03000001
0e000003
04060000
00000000
00000e00
0000000e
00000000
00000e00
00000b00
00000003
09000000
00080a13
00000004
1a0c0b00
00000000
00250015
08000600
03000000
00000205
15000015
00000f01
06000004
00000000
11000000
00080000
00000000
00060000
00000701
00001613
0000000e
00000000
00000400
00000000
00000000
14000000
00000d00
06000000
080a0000
001e000a
03000000
0700001a
00000000
02000000
07090000
00000509
00000f08
09000000
00000000
01050200
13160404
00061c0f
0003110a
06000b00
00000400
00000000
09000000
00000500
16000000
05000000
00000009
0c050400
00001200
00000004
00060004
00000000
0000000f
06040500
00000000
00000000
0000000b
00000000
00000a00
00000400
00010500
08000002
011c0000
00001007
15000e00
00000000
001e0506
01040000
05001700
00000004
17000013
00000800
0200000b
00000002
10000000
01000000
00000000
00000007
02000008
06000b0b
00000e00
00000000
00000100
00000000
00000000
0f000300
00000800
02000000
09150004
00020000
020b0013
0c000022
00000000
000b0000
0e010000
00090300
00000200
00000006
00000000
00080005
11000404
0002181e
00130004
03000700
00000600
00000000
17000001
00001200
01000005
1200000d
00000809
09000000
00001a03
00000007
00000000
00000000
01000006
00040500
00000000
02000000
00000012
00000000
04000000
00000000
00000500
02000400
08110b00
00000e00
18050600
12000009
00120211
00001200
00000800
00000004
13000000
00150000
00070004
00000804
0d140000
00000001
00000000
00000000
08000800
04000c13
00000f04
00000000
06000200
00000000
00000000
00000600
00001d03
00000000
030b0007
000b0000
00070002
06000028
00000004
05070004
04010000
0000000a
002e0000
0c000904
00000000
000b0a00
05041300
00001517
040c0000
0a031500
00000000
00000000
0d000000
00001000
0b001200
05000000
00000005
00000600
00031104
00000003
00030006
00000000
00000000
00030004
00030000
01000000
00000000
00000002
14000800
00000b00
00000006
00000006
020b0403
00000200
0c090b00
00000005
00160018
00000000
00070600
08001009
0b000000
03000000
00000001
0000010b
0c0b0000
00000004
00000001
00000000
00000100
0000081d
00000a0a
00070400
00000000
00000005
00000000
00000000
00001203
0b000004
000a0802
0000000b
000a0000
02000316
00000000
09060000
00000000
00100009
00120002
01000001
00000000
0e000e08
10120d00
00061111
04110000
08000501
00000200
01000000
00000000
00000800
00000000
00000000
00000000
00040500
00001000
00000002
00000001
0000030a
02000000
00000000
00070000
00000001
00000008
00000000
07090b00
00000000
01000600
0000030c
00020009
00000807
0c060209
02020000
001b040d
00000100
030c0307
00000c00
0c000202
00000900
00000003
00070011
07000000
03000000
0000000a
00000000
00000702
00000a07
00020500
000b0000
00000600
00010008
00020000
00020000
00000001
0b100002
00070002
000a0100
00000000
0d00020d
00000003
00000100
00020000
00090201
00000007
00000000
00000000
06040f04
00000300
0010130e
000e0000
110e0d00
06000903
00000000
00050003
00000b00
11000a00
00000000
00000000
01000300
00000200
00000002
00000000
00000000
0a000006
00000000
00020000
00000d00
00000009
01000000
00000c00
00000000
00000000
00000500
00000b00
00000f00
0f010000
0900000b
00240d08
08000300
00080d03
00000000
0b000004
0015130a
00070209
00000600
00030000
00000000
00000000
00040000
00051000
00000d0d
0000130c
00020000
00000800
00050400
00170000
00000000
00000005
00030000
00000000
000a0012
00000000
06000004
00000000
00000000
07100007
00000007
00000000
0300050b
00010000
0e081000
0d000500
00060600
00000f00
09030100
00000500
00000000
00010000
00002400
00000000
00000000
0b030000
00000000
00000900
00000016
00000000
00000016
00000000
05000000
00000000
00000100
00000000
00000000
00002600
00000800
00000001
00000000
00100000
00000000
00080200
01000000
000d0015
0c000000
00001c00
00000507
0d000005
00000d00
00000003
1c000000
00000000
00000000
00000000
00000000
000f0002
0000130d
03000000
0f100000
00001200
00000000
07000000
00000000
00001300
00000000
00080000
00000000
1300000b
00000000
00030009
01000000
0c090003
00040000
00000b00
00000009
00000000
05000d00
06000000
0002030f
00220006
03000000
02001000
00000000
00000000
00031400
00000000
11000002
0a000500
00000000
00000b05
0000000b
00060000
00000000
0000000f
11060000
00000000
00000000
00000023
01000000
00000f00
00000500
00000000
00000000
00000000
0c120000
10070000
18000003
00000904
13000500
06071700
00000500
00000000
00000900
00000000
1e001100
00020000
00000000
00000000
00000005
00230001
0000160f
0c000000
090a0000
00021100
00000000
01000000
0b000000
00000500
00000000
10130000
00000000
1c000013
0000000e
00061900
00000000
0f1f0000
00000000
00060000
00000000
00000000
00080700
00000000
000d0a19
00190000
14000000
00001500
00000001
06000000
00000500
1b000000
0a000010
0302060d
00010000
00000000
0010001f
00000000
00000000
00000011
140a000f
04000000
00000000
00000010
18000d00
00000d00
00000c00
00000000
03000000
00080000
210d0000
0b000000
00001c00
07000012
1c000000
00001800
00000c00
00000000
00000008
00000007
1b070007
00040000
0000000a
00000000
00000000
100a0005
00001517
16000003
000d0000
00001800
00000000
00000000
00000800
00002800
00000000
120d0000
00000000
2c00000b
00000009
00002000
07000000
101a0000
00000000
00000000
00000000
00000000
170c1909
09000000
00000a27
001f0000
00000000
00001c00
00000003
0b000000
00000d00
00000000
00000010
07000011
06070d00
00000c00
000d0512
00000002
00000000
00000000
1b070000
00040006
00000000
00000005
08001200
00000700
00011000
00050010
01000000
000e0f07
1311000d
0a040000
00000c00
000e0516
0d000700
00040900
00001000
1100000a
00000000
00040008
1c0d0011
00050000
00000014
00000000
00000000
17001000
0c000c01
0b000016
001f0000
00000e00
00000007
00000000
00000a00
0a002201
00000800
00000000
00000004
26000010
00000000
00000000
05000000
03060000
00000000
0000000a
01000000
00000000
0e000900
04030000
0000080c
00221300
00001100
14002301
02000000
13000000
00000105
00000001
00000000
0b040600
00020f00
00002101
00020117
00000002
00000000
00000000
2c000000
000e000d
00000000
03000000
04000605
00000700
000d0c00
01000000
07000000
000e0600
1d100009
03000300
0300000a
001e021a
010d0000
00080f00
00000800
0000000a
00000900
00000000
1e0c0012
00070001
00000012
000d0005
0e000000
01000000
0000171b
0000000c
001e0000
00000000
0000000e
00000a00
05000000
0000110b
00100100
00080000
00000000
28000009
00000100
00000003
11000000
02000200
09000605
00000000
0c000702
00000003
03000500
04130000
00000802
001a0200
00000000
1100120b
00000200
01000000
0000050e
0e000003
00000100
06031101
000d0701
00000e03
00000000
00000000
05000011
10000000
00000000
00050606
00000000
00000500
02000600
00000000
00000b00
000b0009
03000002
00080a06
04010003
0a000000
0000000e
00060000
00030600
060e0d00
13001000
16000003
15000900
08010006
0d000000
00020405
04000000
02000002
00000001
00000000
05000c17
00000006
03050000
000c0100
00060007
02050000
00000400
0c0c0000
07000300
00090100
0a030000
0a000008
03000300
00000000
05000000
00000000
09080806
00000400
00000006
00000000
00001400
00100000
000a0000
00071200
00000405
0000050b
06000c03
03000000
00000400
06000000
00010000
08000019
0e000b0c
00000300
00000000
00000800
00000000
0a000000
00000000
00000000
00000000
00000000
05000000
00140000
03040000
00000012
00070900
00000200
02000b00
0c000000
00000000
00000005
0000000a
00000000
00000000
00060200
00000000
001a0002
000e0e00
00180000
00000000
13000005
02000000
04000b01
00000001
00000001
00000000
00000b00
03000000
00000000
00000b00
00000000
00000000
00000905
020a070c
00000b00
01080000
00000301
1a000000
14000100
00000a0c
00050000
02000000
06000e12
0b000003
15000002
00000100
16000a00
00030600
00000000
00000008
00000200
00000007
16000000
00000000
0a09001f
07000310
00000500
000c0006
00000000
00000000
00160005
00000000
05000000
00000000
00070000
10000600
00000000
04000c00
00000000
000b0000
00000000
0a000112
0000000a
00003400
19000000
1a000000
0000000f
00000008
00000000
00000000
00000000
00251907
01000000
0e000e00
1709000a
09000700
15000000
00000007
00000003
00090000
00002300
00000000
00000005
00000006
00000013
00000000
00000000
00002100
00000000
00000000
00001000
1a000000
21090000
00000000
00000000
1a000000
00000014
00000020
00000013
00000500
1f000d00
00010000
12000000
00000905
0d00000b
00000000
00000000
00000000
14130600
05010500
00000000
000f000f
00000000
00120000
00090010
00000000
00010000
00000000
00000000
00000e00
00000000
00001500
00000000
00000000
15001000
00000019
00000005
00000c00
06050000
1a000000
0a000000
00000000
00000000
00000600
0019000e
00000012
00000000
00000000
000f0000
18070000
16000000
00000000
05000000
00000000
00000e0e
34000004
00000005
00000700
00000000
10000a00
09000000
00090500
00000000
00000701
00001418
16000000
06000004
00000c00
00000000
06001000
00000002
01000017
00000019
00000f00
00000f00
00000000
09000000
00000408
0a000000
04000000
00020000
00000000
26111800
00140200
00001600
00000004
00020008
00110e00
0000050a
12000000
00140000
00000600
00000000
00000000
00000000
00120c00
00000000
00000000
1c001300
00090016
00030708
00000010
001b0000
021c1200
0b060000
00000000
00000000
00001c00
00000000
00000007
00000000
00000000
04000000
0e000000
01000000
00000003
00000000
00090000
00000008
2f001104
00000000
07000000
00000800
1a020d00
00000000
00130100
00000000
00000000
00020039
00000000
00040000
0c000a00
00000000
23001603
00000000
00000000
00000007
00001000
00000a01
00090000
0b000000
00000005
02000000
00000000
00010000
0000001b
00030400
0e170700
00001203
00060014
0007000c
00000000
00000000
09000000
0004000d
00000700
00000000
00000000
00000a00
00000700
0c000000
00000000
00041211
0400000c
14050000
00000000
00110a21
06050d00
00171a00
0000020f
0001000b
00001613
00000009
12000001
0b000700
00000006
00000000
00000002
0b010011
0000031f
00000000
0e0d0000
00000600
00000c03
03000000
0d000000
00001b00
0a000000
00060000
00100010
06000000
02000001
00010004
00000000
00080000
02000e12
00002a00
00000000
0000000c
1d000000
04140000
00000a00
00140b01
00000000
00001800
00000000
00000000
00000001
03000000
00000000
00050000
12120400
00001600
0000000e
00000000
00000001
00000000
0a000000
00030017
00000000
00000000
08000000
00002500
00071400
00000207
07000000
00110000
00030013
00000000
00000000
020b1910
07080000
00082100
00000000
0200001f
00000500
0000000d
27000000
00000009
00000000
00000000
00000000
0b02000f
00000500
00000000
23140000
00000303
00000002
17001b00
00000000
10001700
00000200
00150009
03000600
24000022
00000906
00000000
0b000000
040b0300
00000f12
00001b00
00000003
0000000f
00010000
00000000
00000624
00240007
00000000
0f001d00
00000000
00000000
00000907
00000000
0000000f
00000800
07051300
00000e04
0000000e
00000004
00000100
09000000
0e000000
0003000c
00000000
05000001
06000007
09001800
000b0500
00040000
01000300
00050e0b
13070000
060e0000
00000000
000c0f0e
0c001700
00001700
00000000
0d000011
07000002
00180000
23000000
04000006
00000000
00000000
00000000
08020b00
00001800
0000001b
0b0a001c
00060200
00000002
02000a00
00000000
04001000
000e0000
02040005
00000000
25000000
01000407
00000004
00000000
00000000
00000005
0007000e
00000d06
00000003
00020000
000b0200
00001404
000e0500
00060600
0e000d08
00000000
01000000
00000000
1b000d00
00000000
02020000
00020100
0000090a
00000006
00030001
04000004
0000000e
06000007
00070000
00000800
0600000d
00000302
13001100
00080a00
000f0004
00000502
0000000e
000f0000
0b0d0a00
00000004
00170008
00000000
020c0d07
0f001003
0700000a
00000400
0006000c
09000003
03080600
00000000
06000001
00000006
00000000
0000161a
00000007
00050000
00020000
00000007
040c0300
07000000
07000500
00080000
00070a02
04020006
03050003
00000600
00000000
07000003
00000000
0406000a
0003000e
01000a06
00000000
00000b00
0f140500
03100d02
00080a05
000a0500
02000600
03000300
03000000
00000200
01000000
00000000
00040000
00070200
02001003
00040008
00000000
00000401
00000000
00030001
01000005
00020006
00000006
00010000
00080800
00000000
02070700
0000000d
00000010
00060609
0a060204
00000400
010f0203
00000200
000d0408
05001400
0700000f
00000900
00000006
02080007
05000000
04010000
03000707
00000000
00000205
00000604
00000005
00060003
00000400
00020006
020e0000
00000000
00000000
020d0000
00020002
00090400
00030000
06000500
00000000
09000003
00000000
05090004
00000001
00000c00
00020003
0c060b00
07000000
020d0b02
000e0601
0b0b0700
0c000304
00000000
00030100
00000300
0b000500
00000000
00020000
00000c00
00000d00
00020006
0000000d
00000000
00000000
00030000
05020000
00000c00
01000000
00000000
00100000
00020000
000f0302
00000800
03000600
00091504
12030000
00000001
001a0a11
01001300
06090c01
00001301
00030012
00100a00
090b0007
0600000b
01000000
02000000
00000c00
000e0000
0000140c
00000008
0005000a
00000000
00000000
0c04000c
0b120000
00000000
00000b00
00010000
00000000
0010000c
00000000
00000000
00000006
00000000
00010000
0000000d
00000000
12001107
00050000
25010100
08000000
00020000
00000c04
04000000
0500000a
00000000
00020200
00000900
00000200
000c0000
12050000
00040000
00001300
00000000
00000000
00000000
00000000
01000000
00220006
00000000
08000000
00000007
00001000
00280c00
00000005
00000000
15000000
000a000c
00000000
00000000
00131014
11000000
00090a00
00002000
00000023
00000000
0000000f
12000000
00000000
00000000
00080007
0f000000
001c0000
00000009
00070000
2c000000
0000000b
00000007
0f210000
00000000
08000006
00001100
00000406
00000d00
00000000
000b0000
00000843
010b0000
010d0200
00000927
00001f00
00000018
0000001c
0c000000
0b000000
00000000
00100000
00000000
08000000
00000e00
00000000
11000300
000d0010
00000000
07000900
000b0a00
00001400
00000016
00000001
00000000
00000000
08000a00
00120016
00000000
00000000
15000009
00000300
001f0e00
00000000
0b000000
00000000
00090000
001c0000
00000008
000c0d0a
20002900
00020000
00001c00
02000003
00000f00
00000004
0d000000
00000000
00000000
0003000d
00000200
00270718
00000000
00000003
15000000
00000500
00000000
0d0b0000
00000000
00000012
00002300
0100000e
00001000
00000002
000a0000
00140422
04000000
061e0000
00000908
00050000
03000000
00000017
00000000
00000000
00000100
000a0400
000f0000
00000600
00000002
00000000
00000000
32090000
00000000
08000410
00050000
00002400
00360000
00000000
00000000
00000000
37000000
15150022
00000000
00000000
32000d00
00000000
001f0700
00000000
21020000
00000e23
230f0008
00000000
00003800
19000025
3d000000
00170800
00000000
00000010
00000004
00000019
00000001
05000001
13000000
180b0000
00000000
00130000
0000000a
06000000
00000000
00000b00
00000000
00000000
0000101f
00000039
000a2800
0f000000
000d0a00
00000000
00000000
00001f00
05000000
091d0600
00000016
00000000
00000000
00000049
22000000
05060009
00000000
05040a00
00040000
1b000000
00001f17
00000000
00000000
08170000
00000100
11000000
06001500
00001c00
002a0001
00000000
00070600
00000000
39000700
060c0013
00000000
00000000
00000000
00000000
03100000
00050000
1d000000
00000b00
0b000007
051d0000
00001d09
0b010014
2f000a00
00080000
00000600
11000012
00000100
00000021
00000001
00000000
00000000
000c0000
00000000
09081a00
00000001
00000019
00000004
00001206
00000000
00000000
00000d10
00000009
00073200
02000000
0000040a
00000000
00000600
00000000
13000000
0c000000
00000108
00000000
04000000
00000029
13000000
000a000a
00001300
00001500
00070000
000f0000
00001119
04000000
0000000e
04000000
00000000
1b000300
0e030e00
00001c00
00050000
00000004
000f0000
00000100
45000000
0014000a
00000100
00070000
00000000
00000000
031d0000
000a0000
0c000000
00000200
12020017
00000000
00000004
0c210a12
0d010000
000a0000
00000000
00000008
00000000
00000000
00000000
00000001
00000000
01180000
18050000
00050000
00000014
00000011
00000a00
00000000
00000000
00000000
0200000e
0000000d
001c1a00
00000000
00000000
00000000
00000200
0000080c
14000000
0c010f00
00000b03
00000000
24000907
0000000f
00000000
010a0000
00000600
00000b00
00010000
0005000b
00001f15
00000000
00000e19
00060009
00000600
08051500
000c0e00
00000f00
00000500
00050000
07000002
06000300
00000400
00030b00
00000400
00010700
00000400
02000400
00060200
01060001
00000002
00000400
09000002
02020007
00000002
00000005
00000b00
00000000
1e000000
1b100000
0f000000
02000005
03000000
00000000
07000000
00000000
00000000
00000000
0000001b
00000001
07000000
00000100
00060001
00070000
00000200
00100000
0f000600
00000000
07030000
00000005
0f090800
00000000
0a000000
02000000
08021403
00001700
00010007
01000000
00000602
000b0000
00000200
00000a00
00010312
00050000
00000600
00000300
00000000
09000000
00060707
0600000b
01031b05
00000204
00070000
00000400
0000000b
0e000401
00070000
00000a00
00190000
00000000
00000000
00070000
00000000
0000000e
00000b0e
00000100
00000000
0d090000
00000000
00000004
00000402
00000000
05000000
00000000
00001200
00090000
0e060000
00000000
00000200
00000000
00030d00
00000702
13000400
09000000
00000006
00000200
00000000
03010000
00001300
00000000
00000001
0c050700
08130000
00010005
11000000
00001200
0f000005
02000000
00001300
00000006
06060000
00000c10
00000003
01000000
00000012
00000006
00020800
01000000
00000003
00000000
00000018
2a000000
00000c00
00000011
1300000b
00000000
00160009
00000000
00000000
00000012
02050000
00000000
00000000
0000000a
00000900
00000000
00000a00
08000000
02000000
00000000
00000809
120b0000
00001a00
1a000000
18000000
00090013
00000000
00000000
00000c12
00000000
00000300
0b000000
0d030900
04060000
00080200
18000000
0000001a
00000000
00000000
00000500
00000008
00000000
00000935
00000000
00000004
19000000
00060000
00000000
00000000
00001800
0d000000
170a0000
00000000
00000000
00000000
0000001f
0000000d
00000011
00000013
00001100
00020000
04000000
000f000a
1700000c
0000000a
0f000000
00000000
07000500
0f090004
04000700
002c0001
01000000
00080300
000b000b
00000000
00000000
00000000
00000011
00001800
00000000
02000a00
00000000
00000000
00000b00
00000410
07000000
09000000
09030002
1d000000
0000000e
00000000
00000000
00000011
00000004
0000000c
000e0000
00000000
000c0000
03160200
1d0f0b00
1a00000c
10000016
00001000
08000100
00000006
00000000
01002022
00000000
00000008
16000000
00090000
00000000
01000200
00002900
05000000
0f000000
00000000
00000000
05001100
00000000
0200001a
0a00030b
0000080e
00001400
00000200
00000000
0014000c
15000004
0f000017
04000000
00000000
1f001100
23130000
00001d00
0015000d
00000008
00020000
0000060a
190c0000
000c0000
00000000
00000000
00000700
00000000
00001100
000c0000
00000000
00001000
00000d0a
0019000f
00000000
00170004
03060e00
000d000d
00000000
00000000
0000000a
00000000
00000014
07000000
0c000000
00000000
01090000
00020c00
05000014
00000000
00000000
00000005
0d000601
00000000
00000c0b
00000000
040b0100
07000000
00110000
00000000
02000000
00000010
05000000
05000000
13000800
00000000
1c00060b
00000003
13000009
00000004
00000900
00001000
00000200
00000000
00000010
1d00000f
00000000
04000200
00000202
00000000
11120000
0000200f
00020000
00000000
00000000
00000000
1a000100
002b002c
00000000
000d0000
00000000
00000000
001a1100
00000000
00000000
00000d00
11000207
09000003
00000000
0007001e
14000000
00121800
00000706
0000000f
05000007
00000006
00000000
10000000
01000000
00060000
00000011
03110000
0000001d
00000000
00000000
01000000
00000000
00030000
08000a00
00000012
04000500
03001900
0003001b
00000000
00040000
00000000
12000000
0c060300
00001e28
00001c00
03000012
0000002a
1e000000
15000000
00000900
00000500
000c0000
09000000
00001013
00000000
04000012
00000000
00000000
001a0000
00140000
00001800
00000000
00000000
00080300
00000000
00000000
00320039
00000000
00000000
00000200
0000181f
00381d00
00001f00
08000000
00010000
0a03001b
00000000
00000100
1b111800
0f000000
00010000
00001200
0000131e
00000000
0000001a
0b000000
0000000f
00000000
0004000c
07000000
12160000
00000000
00000000
2d000000
0000000d
00000000
00180000
00000e00
00000014
00001c00
01000018
00003f00
00000007
001a0000
00000f0a
24000000
11132407
00000917
00000a00
0000001a
00000044
00000000
00000000
00000400
00000000
001b0000
170a0000
00001b23
00000000
00000313
00000000
00000002
00001200
001a1d00
00000c00
00000000
00000000
00001100
00000000
09000000
00170017
00000000
0b000400
00000013
25000004
002b0200
00000200
00000000
00002100
10060007
00020000
00001100
00011c0b
0e002a00
00000000
00000b00
0000000e
00000000
00080000
17000000
00000015
00000000
00000000
05000000
0f120200
00000000
00000027
1400002d
00000000
00000000
01070000
00000800
00000014
030e0e00
07000000
00000500
00000000
00060000
00000917
08000000
00040f00
00000000
00000000
130c000e
00000033
00000000
000d0000
00001400
00000004
0005000a
09000004
0a000f16
00000000
00000006
18001800
00000000
05000600
03050300
00020a04
00050000
000b000d
10000008
00000012
0a020000
00040000
00001200
06000004
00000300
0f000000
00060300
0017020b
02000100
03000010
03050004
0c120600
0b000000
000f020f
00000003
09040009
16000f00
0a000403
00000800
000b000c
01000200
00030400
00040000
0b000401
00000003
00000001
00000921
00000110
00080000
00000000
02010007
02020000
0d000003
00000105
070a0700
01000800
0504000b
00000005
01000105
00000005
09000000
00000000
0d040009
0000000e
01000609
00000000
00000603
0b220000
000a0a00
00000a01
00010606
00000201
04000902
01000000
00000000
0e000000
00000002
00010004
00050300
03000d04
00010004
00020107
00000701
00030000
00060000
04000000
00040009
00000006
00050300
00050404
00040000
000b0601
0000000f
00050009
0503070d
0a000406
00030503
08080006
00000000
02060006
05001100
0900070e
00000800
00000005
00040004
05000000
06000000
0b00050b
00000400
00000107
03000304
00000004
00080000
00000100
00020006
04080000
00000000
00000003
060b0000
00030000
00050300
00080003
01000901
00000005
07000000
00000000
04060006
00000004
01000e00
00060004
0d030c03
07000101
000c0909
000a0205
0a080600
00000704
00000000
00040000
00000000
0a000500
00010107
00000000
02010d00
00000e00
00000000
00000022
00000000
01000000
00000000
01010000
00000606
00000000
01000000
001c0000
000b0000
070c070d
00000401
06000300
00002009
0c000000
00020000
000e0016
00000b00
05040000
00001004
08000018
00060300
0a0e0004
02000008
0a000000
04000000
06000c00
00000800
00001214
00000506
02030217
00000000
00000000
00000003
080b0000
00000000
00000100
03080200
00000000
04120006
00000000
08020601
00000001
08000000
00000000
0800030a
00000003
12020c0e
00010000
28060c00
03000000
00060500
00000700
01030600
00000105
00000002
06000000
00000000
10000d02
000b0000
04100000
00000000
00000000
00000000
00000000
00000000
00000000
00000000
00290009
00000000
00000000
01000000
00000000
00221200
0000000f
00000000
21000000
00001013
00000000
00000000
000e0406
09000000
00000000
00001a01
00001824
00000000
0016000a
00000000
1a000000
00000000
00000000
01000006
00230000
00040004
001a0000
22000000
0000001b
00000009
000f0000
000f0000
00000000
12001f00
00000f0a
00080e0b
00000000
00200000
00000a48
1b020000
021f0000
00000d10
00000000
00030023
00000027
0000001a
1d000000
00000400
00000400
00090000
07000000
0000191c
00000000
16000000
00080011
00000700
00120d00
00040000
00000000
00000006
00000000
00001600
00000000
01000000
0015000f
00000000
00000000
07000000
00000700
00221d00
00000000
00000000
09000000
0000000d
000c0000
00000019
000e1000
12001600
00000000
00001a00
0000160e
00000700
00000000
00000000
00000000
00000000
00050000
00000d00
00220721
00000000
00100000
16000000
0000000e
00000f02
00000000
000c0000
00000009
1a002000
00000025
00050900
00000000
001b0000
000b112f
29000000
00390000
00001000
00000000
0714001b
0000002b
0000001b
00000000
00001100
00000000
00240000
00000000
00001111
00000000
00000000
2d130000
00001d00
00000100
0c000000
00000000
00370000
00000000
00000000
00000004
3c050000
000a0008
00000000
00000018
1d000000
00000b00
00000500
00000000
00000000
00000318
04001308
2a020000
0000000d
14020800
28000000
00120000
00000000
00000000
00002411
000a0010
00000000
090a0000
0c000000
051b0000
00000000
000f0000
0000000c
00000d00
00000004
00000006
00000004
00000000
0000002f
00000010
14003300
1f000000
00190000
00000005
00000300
00001900
1e000000
0f340000
00000002
00000000
00010000
00000044
0e000000
0e120006
000b0800
00001400
00220000
00000000
00002838
04000000
0000001d
160a0000
00001a00
000b0100
10000a00
00000e00
00160000
00000000
000f0100
00000000
2d050005
00000000
00000c00
00000010
06000000
00001c00
00000000
00090000
00000000
00000000
00000008
171a0000
0000000b
080b0001
170f0400
00050006
00000000
0f00000d
00002700
00000016
00000300
03000000
00000000
00100000
00090000
00120508
0200000f
00001011
00000400
02000404
00000000
00060000
00010111
00020000
11002b15
00000000
00000005
00000000
00000106
00000500
23000000
010b0000
00000700
00000000
07000001
00000023
0d00000d
08010003
0015280c
00000700
000b0000
00000000
00000d23
01000000
00000021
00000000
00000000
0b090000
1c040600
00000800
00000000
00000000
00120000
000b0300
27030001
00050000
00001000
00010000
00000000
00000700
00000000
00070000
00000000
00000000
0000021a
07000503
00000000
031a1500
06000000
04000008
00000000
00000000
00001200
00000003
00000000
11000000
00000000
00070000
09140000
00090000
00000016
00001706
00000d00
07000005
00000004
00000000
0003000f
00000000
09001003
00000000
00000000
00000000
02010004
00000704
01000000
06050000
00000000
00000000
150b0003
00000006
00040005
12000000
00041a00
00000700
00000003
00000000
00001017
00000000
00001010
00000000
00000000
03071600
03090500
00000100
00000500
00000000
03000304
01000000
00000000
00001d00
05000000
00000600
05000400
00000800
00030000
05050001
00000015
00030100
07000001
0000000a
01000000
00000001
00000100
00000200
1f000000
00180000
08000000
00000000
06000000
0a000200
00000100
00000c00
00010000
00000000
0500000d
09000000
0c000000
04000000
00000002
00030006
00000200
00000000
0a000000
00000300
00070000
00000000
160e0000
00030000
03000000
00000002
00060901
00001100
00080002
01000000
0004050a
00000000
00000000
01000000
030a0203
00000000
00000900
00000700
00000006
00000000
02150000
0d000100
00021808
00000000
00000000
08000300
02000000
09000a00
00000000
00000f00
082b0000
00070000
00000500
00000900
00010000
00000016
00000011
00000000
00000600
00000015
07000000
00000007
00000010
00000000
090b0000
00050000
00040f00
00110000
13000200
00000000
00000600
00000000
00042400
00150000
10000000
08000000
0e000005
00000000
00000000
07000000
00001600
00000000
00000000
09000006
020f0000
00000007
0e140200
00120e00
04000017
00000000
00020f02
00000004
0b0b0000
02000300
0000000e
00000000
00070000
0300001b
050a0e00
00000002
00000007
00000000
10000015
04000000
00000500
00010a00
08120f00
00001000
00070017
000b0000
00000000
02000808
00000000
00000c00
06100000
00000011
00000300
00000300
00000000
09000400
00000000
00000000
00000100
15120000
00000000
0a000600
02000000
10000000
00000000
07000000
00002000
00000005
00000200
00000000
00150000
00000000
00000200
00030000
0000050c
00000c00
01000000
00000100
00000000
00000000
08060000
00000000
00000011
070e0006
080b0000
00000007
0800000e
00080d00
00080103
02000000
00000406
00060002
00000400
00000003
0000010a
00020000
00110b09
00000501
08000000
00000100
00000000
00000000
0000000a
19000000
00000000
00000001
0f180500
00001300
000d000f
00000000
00010600
00000300
02000003
00000000
00000000
0000001b
00000300
00001300
00000000
000a0000
00000100
00000200
00000205
1d0f0000
07000000
06150b00
09000a00
0100000d
00000001
10000000
00001300
00000005
00000000
01090000
00020000
00050000
00150300
040b0d00
04000010
0000210f
00000400
00000d00
00000000
00000000
00000007
00000000
00000024
00000000
00000000
00000000
0500001b
00000400
02040300
10000000
0000000e
000d0000
06001000
00000000
00040b0f
12000005
00150e16
00000800
0c000300
00000000
00000000
06000000
00000309
04000500
00000000
07000000
22180600
00001800
00120009
0000000c
00000100
00000000
1d070000
00000000
00000d00
00000013
00000000
00001300
00000000
00140000
00000003
00000300
00000e04
1e140007
05000001
001f0808
00000d00
00070511
00000000
06000000
00000801
00000002
00000000
02000000
0a030000
000b0000
00050b00
00000e00
0100001b
00001313
00010000
00000606
00000005
00000000
00000002
00000000
01000008
03000000
00100000
00000000
02000012
00000000
00000000
10000000
05000208
00000000
0e000000
00000000
18101508
0b000000
00100e10
00000d00
00020200
00000000
00000207
0d000001
0000000f
06000800
00020000
00050000
0c000000
00000d04
00160000
00000000
00050000
00000100
30000000
00190022
00000000
00000000
04000000
00000000
00030000
00000000
00000000
00000100
00000706
15000004
0000000d
000f0106
2a020000
05061400
00000000
0000051c
10000000
00090004
00000000
07000000
0000000a
090e0000
03000015
00150000
00000028
0000000b
00000000
04000000
00000002
00000000
00000000
00000011
02001800
03001d00
00000619
00000000
00000000
00000000
16000000
1b120000
00001402
00000000
0700000b
00000013
04090000
1b000100
00090600
00000c00
00100000
0000000c
00000c21
00000000
0000000e
03000000
00000000
002e0000
00000000
00000c00
00170000
00020000
00160c00
00130000
1e000000
002b0030
00000000
00000000
05000c00
00000011
00150d00
00000000
00000000
00000000
00000016
00000000
0000002f
1f061300
19000000
00000000
00000300
00002b1d
00080000
00000017
00000000
0a000000
00000000
0d090000
00000000
081d0000
00000000
00000000
05010000
00000216
00000000
00060000
00100000
000a0002
0b003500
00000013
00004900
00000000
00140000
00000700
14000000
0d0c1500
00000000
00000000
00050008
00000021
00000025
00000000
00031800
00000000
001a0000
00000000
0000173a
00000000
00000016
00000000
00001500
01001c00
00080800
00000e00
00180000
00000000
00000e00
00000000
0d000000
0011000c
00000000
00000300
00000000
16000000
000d0000
00000000
00000000
00002400
00000000
00000000
0000001d
00001500
10003400
00060000
00020700
00000901
00000b00
00090000
00000000
05000000
03000000
00000000
00000000
00180a02
00000000
00000000
00000025
02000003
00001000
00000000
00020000
00000500
0e001b00
00000000
00010700
00000000
000c0000
0000001b
0f000000
00000700
00000000
00000000
1328000b
00000027
00000002
00090000
00002000
00000201
0011000a
00000009
00000f29
04000000
09000006
09001100
0100000b
04020601
060a0000
03000e01
00050000
0005000b
09000007
04040003
00040008
00020000
00001400
01000003
00000000
07000000
00040000
070e050a
00000002
06000410
00000002
120f0b00
0b000001
000a011a
00000000
07000010
0e001405
0c070600
000a0b00
07010008
00000000
04000000
00000000
05000203
00000001
00000001
05000723
00000f0b
00070000
00000000
020e0008
00000000
09000005
00000600
0b010200
00000700
030c0204
00000005
04000003
00000000
03000000
00000000
110e000e
00001907
08030704
00000000
0900000a
0e200000
000b0b00
00000500
00090806
01000100
00000b03
02000000
00000000
0a000000
00000005
00000003
000a0200
03010900
00050003
00040006
00000606
00020100
01040000
04000002
00070007
00000004
00080100
00040505
00040000
00080502
00010013
0005000c
0402060a
09000204
00040004
070b0106
00000000
0504000a
02000e00
0701050a
00000a00
00000206
00080005
06000000
05010000
07000709
00010400
00000207
05000402
00030403
00050000
00000100
00050007
02060000
00000000
00000201
040b0000
00090000
00060600
00090004
05000905
00000002
08000002
00010000
02070005
00000202
01000d00
00030000
09040601
07000104
060b0a08
00090102
090a0600
02000302
00000000
00010000
00000000
06000200
0000030a
00000000
000b0e00
00000800
00020000
0000001b
00000503
01000200
00050000
00000000
00000402
00000000
02010000
00150000
00010000
050a0508
0000030a
00000100
0100190e
0c000000
00090000
000b0014
00000a06
08000007
01000d00
08000019
05020500
0c0f0000
09000004
02010000
00000002
00010a00
00001200
00000d08
06000a05
0203001c
00000000
00000000
0601000c
09050000
00000000
00000a00
090c0100
00080000
08110000
00000000
0d000803
00000001
02000000
00000000
08000005
0000000b
0d030f0c
00000000
17070800
06000300
000a0600
00020900
08040900
00000305
00000000
04030000
00000000
0f020b00
00030000
02070000
00000200
04000001
00000000
000b0000
00000000
00000013
00000000
00220007
00000100
00000000
02000000
00000000
00000d00
0000000b
00080000
0b000000
0000000f
00000000
00000000
00000000
07000003
00030000
00000e03
0000221b
0e000000
00180000
00000000
13000000
00000010
00000000
00000703
00150000
00010018
000b0000
00070000
00000010
0000001e
00000000
00000200
00000000
1e002100
00081216
00020017
00000000
00020000
00000326
0d000000
05250000
0000030b
00000000
02000021
00000024
0000000f
21000c00
00010000
00000b00
00000000
00000000
00000006
00000000
1a000000
00000000
00001700
00051d00
00060000
02000000
00000000
00000000
00000c16
00000000
00000000
0012000e
00060000
00000000
03000000
00000000
00002300
01000000
00000000
0c000000
00000017
00070000
00000004
000f0500
10000000
00000000
00000300
00001e00
00000200
00000000
0b000000
00000000
00000101
00000000
00001200
001e0b17
00000000
001b0000
08000000
00000010
00000c16
00000000
00210000
00000000
2a001d00
0009002f
00010200
00000003
00030000
00000a3b
19000000
04320000
00000f00
00000700
00000025
0000002b
00000020
00000000
00001300
00000000
00150000
08000000
00000104
00000000
22000000
140e0000
00000500
00000e00
00060900
00000000
00200006
00000000
00010000
0d000013
13000000
00000000
00010f00
0000000e
03000000
00000000
00000000
02000400
00000000
00001c0d
00000007
1e0b0000
00000000
00110009
11001000
00000000
00000000
12000000
00002400
0003000a
00000100
00000000
00000000
00030000
00010000
00000e05
00000312
09000500
0000000f
00000001
00000504
00060000
09130006
00000000
1a081800
03000000
0013000d
00000000
00000016
00070705
0f000000
04270000
00000004
00000900
05000009
00000d15
0e000400
171a0000
000b1100
00000200
00000000
00000300
0b000007
00000000
00000003
1a000000
00000a00
00000000
040a0b00
00000700
00080003
00040000
00000000
01020012
0000000e
00000000
00001400
0000000d
00000000
00001300
00000000
00090607
00000500
00000009
0000001d
0e0c0000
00000000
07150010
00000000
05000007
01000b0c
0b000002
00032200
00000019
00000000
04040000
00170000
00000000
00120000
00000200
00000925
10000b12
00000000
03000007
00000003
00060000
05150008
00000000
09000a0d
00000100
000a000a
00000000
0d00001f
00000000
0b000000
00020000
0404020e
00000600
0d000000
0000000d
00030f0c
14010000
00092309
00000900
00000600
00000700
00000000
00000000
00000406
00000000
00000000
000a0000
160a0700
02000800
00000000
00000000
00030000
0003000f
00000002
00000802
02000c00
00030000
00000700
00000200
00000000
00050a0d
00000000
00000000
00000111
06000011
00000000
00100e00
00000001
00000007
00000d01
03010000
00021500
0000000b
00000000
0f000000
00080000
00000000
00190000
00000700
00000015
01001501
00000000
0200000d
00000000
00000000
00080002
00000000
00000001
00030000
00000000
000c0000
1400000c
00020000
00000000
00030002
00150000
00000100
0f000006
00000e0c
000d0300
17000000
00071300
00000000
00000108
00000000
00000000
00000300
00000700
00000000
00000100
00001400
020a0000
00000000
00000700
00000000
07000111
0a000000
00000000
00001d00
00000000
00010700
11000c00
00000a05
00000000
000c0001
00000016
000e0000
00000000
00000019
00000000
00000a00
00000000
00000700
17040300
00110000
0d140000
00030000
12000000
13000500
05000200
00001b00
00040000
00030000
00020003
0d050000
12000000
0000020d
00000006
00000000
00000000
00090000
07000001
00000c00
00010000
00000000
150b0000
000a0000
00000001
00000005
00050d00
00000000
00070000
06000100
0009000f
00000000
00000000
09000000
06090900
00000000
00000700
00020400
00000005
00000006
13180100
00000500
00000406
00000700
00040000
06000000
0b000001
07001300
00000000
00000000
141e0000
00090100
00001100
00000000
10020000
00000015
00000000
00000000
00000f00
00000020
11031c00
00000000
00000004
00000000
000a0000
00000000
00040000
00090000
12000f00
00000004
00000900
00000000
00032800
00140000
00040000
08000000
0e000000
00000000
00000000
03000000
00001500
04000000
00070000
0000020d
00090000
00000000
041c0000
00041900
0002002b
01000000
00030904
00000000
080a0000
05000400
00000017
00000000
00000000
06000018
01000000
00010001
0000000b
00080000
220a0003
00000004
03000d00
00081500
03080800
00000f0a
00000009
001a0000
00000105
00001300
00000000
00000400
0d310000
00040b00
00000300
00000200
00000000
0c060000
00000004
00000000
02000900
000e050c
00000c00
02000000
0000010a
02000000
0000000c
0b000000
05000900
00000000
05000500
00000000
000f0000
00000000
00001600
00090001
00000100
00000000
05000000
00000000
00000000
00000000
20080400
00000000
00000000
000d0017
0e010003
00090000
13000006
00160400
050b0026
00000000
00131b0f
0003010c
00000000
03000004
00000006
00000000
00030b00
0000000d
07000a00
00000300
000a0000
00000000
0d000007
16000100
00000000
00000000
00230200
00000a00
00030011
000c0000
00000000
08000300
00010004
00000201
00130000
00050012
00000800
01000e00
00000300
02090701
00000a00
00000005
00000910
11130000
00000800
0a220001
04000f00
02000002
00000809
11000000
00000e00
00000002
03000000
03000000
00150000
00000100
00060300
00000800
00000a03
00000000
01000000
00000100
00000002
00000000
0d0f0002
00000600
0006000a
00000005
14150000
00090000
1100000f
01070000
0a010014
00000000
000f0010
000a0007
01000000
0000000d
01000000
13050008
03030a04
00000d00
04001500
06000f00
00030000
00000500
00000600
0e001400
04000005
00000000
00170a00
00000a00
00150015
00000005
00000000
07000400
00010000
00000000
00000900
0000000a
00000700
00020600
00000000
00000000
00001600
00000700
00000b0f
1a080000
00000000
001b0513
13001500
000a0100
0000010b
0d000009
00001b04
0000000a
00000200
07000000
00040000
00000000
000d0400
03001a07
00000811
0500000f
00000002
01000405
00000000
00000000
02010007
00001100
000a0000
02000000
00130509
00000000
0c000015
00000000
02000000
020b0000
00000002
000e0000
0e000000
00000002
23030600
0f000000
000a1300
00001700
00001300
00000d00
00000000
02000000
00000202
00000000
00010000
01000000
010d0500
00000900
00230304
00000000
000b0000
00000000
1b000000
00050000
00000000
00000000
05001000
00000000
00000000
00000000
08000600
000b0000
0c00001d
00000000
00001400
04000006
39000000
000f0c00
0000010d
00000022
00060500
0000001a
00000d00
00000200
00000013
00100000
0c000013
05010000
0000082f
03000005
00060000
00000000
00000000
00000000
13000001
00000000
03002700
00001d00
01001912
00000000
00000c07
00000000
07000000
13180000
00000005
00000500
05000000
00000013
00000009
18000100
00000307
00070000
00000000
00000207
00000014
08000000
00000000
00050000
00000000
0a0c0c00
00000000
00000e00
001d0000
00060000
00161800
00000000
28000000
00180008
00000000
00000000
08001000
00000000
00000002
00000000
08040000
00070000
0000002e
00000003
00000013
19000000
34000000
00110000
00000700
00000a0f
00090000
00000017
00000000
00000000
0000000d
00050000
0c000000
000a0000
00000005
00000000
000a0000
01000010
00000000
00000000
00000800
00140000
07003d00
06030000
00003300
00000001
00000000
00000300
1b000000
080d0300
00001200
00000000
00000000
00000010
0000001f
00000000
00001b1b
00070000
00010000
00000000
00050923
01000002
00000005
010a0000
00001500
02001b00
03000605
00000d05
00160000
00000000
00000103
07000000
1a040000
00070000
00000000
00000000
02000000
06000000
00000000
00010000
00000000
00002200
01000000
00030000
0000000e
000e0000
0e0d2f00
00110000
00000400
04000000
00000600
00050000
00000001
00000005
05000005
00030000
03000000
000f0a00
00000000
00000000
00020019
06000000
00001109
00000000
00000400
00000000
0d072c00
00000000
00030000
00000000
00000300
0000000a
11000000
00000000
00000d00
00000000
0d000002
0000000a
00000000
00070000
00001f00
00000b00
00000003
00000010
07000116
0f000000
00000010
10001003
02000008
00040803
010a0004
0000120b
00020004
00020000
08000009
07030002
00030008
00000000
00001300
00000000
00000003
05000200
00030100
0e0e0609
0000000b
01000410
05000005
13120800
01000000
00100017
00000002
0200000a
0e001202
14090000
00070b00
02000107
05000000
00050000
00020000
04000000
00000000
00000002
0400071f
0000070b
00080000
00000000
060a0009
00080000
06000002
00000600
08040000
00010200
02140002
00000000
00000305
00000000
05000002
00000000
0b0b0010
00001204
0c000200
00000000
04020202
101c0000
000b0f02
00000a00
080e0e04
05000400
00000201
00000001
00000000
00000000
00000003
00020005
000c0200
00000a01
00030006
00060004
01000604
00020402
00030000
02000101
00060005
00000003
00090301
00030609
00040000
00040505
00010014
0405000d
0300050a
07000007
00030004
070e0305
00000000
0601000c
02001000
07010807
00000d00
00010205
02000005
01010000
02030001
03000207
00000300
00000408
04000501
00000704
00090000
00000100
00030007
02080000
00000000
00000300
02070001
000b0000
00050703
02090005
04000707
00000003
07000002
00000000
01040004
01000103
02000d00
00030000
05030401
07000000
080a0d07
00090100
090a0900
05000403
00000000
00000000
00000100
06000100
00000105
03050003
000b0d00
00000b00
00000003
00000018
00000903
05000600
00070000
00000000
00000400
00000000
00000000
00150001
00050000
020d0607
0000000d
05000001
0100180f
09000000
00080000
00100013
00000805
0400000a
01000c00
07000113
00000200
0c0d0000
0a000001
00000000
00020000
04010b00
00001000
00000e07
04000a00
00020020
00050000
00000000
0800000a
080a0000
00000000
00000b00
08090000
00030000
030b0000
01000000
0c000302
0000000b
00000000
00000000
0d030008
04010009
0a001107
00030000
14080b00
02000300
000d0700
00060d00
07040e00
05000804
00000000
02030000
00000000
0f000b00
00000000
0e090000
00000400
0b000000
00000000
00040000
00000000
0000000f
00000000
00150000
00000000
00000000
00030000
00000000
00000200
00000001
000b0100
14000000
0000050a
00040000
00000000
00000000
02000007
00000002
00000900
00001519
0e000000
001c0006
01000000
00000000
0000001d
00070000
0a000a08
000d0000
1302001a
00000007
00130000
00000014
00000014
00000000
00000900
00000100
17001e00
00001811
00000524
00000000
00010000
00000828
0e000000
00000200
06000007
00000002
07000321
0000030d
0000000c
20000300
00000100
00000e00
00000000
00000000
00000001
00000003
14000000
00000000
00000000
02132000
00000000
03000500
00000000
00000000
00000713
00000007
03000000
00180000
00000000
00000000
00000d00
00000000
01001a00
00000000
01040000
0e010000
0000001a
00000000
00000900
0c0b0000
17000000
00020005
00000000
00001c00
00000000
00000000
00000000
00000000
0000000c
00000000
00001000
0023040c
00040000
000a0000
00100000
00000029
00000012
00000000
00060000
00000000
22152c00
00110027
00001600
00000000
00000000
00000443
16000000
00140100
00000b00
00000000
0000001e
0000002c
0000002a
00000000
00000d00
00030000
00010000
00000000
00040411
0100000c
20000000
06130000
00000400
00001400
000f0500
0000050a
000d0000
00000000
00000000
09000000
0c000000
000e0000
00000600
00000000
00000b00
00000000
00000500
00010300
00000000
00002a04
04000002
130d0000
00000005
00250009
11021f02
00000000
00000600
13000000
00000600
00020001
00000000
00000000
00000007
00100000
00000000
00061900
00000301
00000004
0000001b
05000000
01000c00
00060000
0e000201
00000300
11121900
01000000
000c000e
01000000
00000000
000a0017
10000000
00000000
05000009
00000000
0e000f10
00000a13
0d000000
0d220000
05000800
00001300
00000c08
01000503
0000060a
09000000
00000005
250c0800
00000000
00080000
10110000
0000160e
03040005
00080000
0c000000
02020008
000c000a
00010006
00001500
00120002
00001000
00001000
00000000
00110406
00000c00
0000000d
00000013
12060e00
00000100
091c0009
00000000
0100040c
0800180b
05020000
00001400
00000013
00000000
15020000
00170000
00000000
00050000
00000000
0000112b
00000012
00000000
00000000
00000001
00080000
00000009
00000400
00000000
00000700
090d0002
00000000
0b000000
000f0000
00000010
00000000
090d020e
00000600
12000000
00020010
000b0903
13140000
0d0b1000
00000800
00071000
01000500
00000100
00000000
00000000
00000000
00000000
000c0000
0b0d0200
08000f07
0c000600
00000000
00000000
00000a02
00000000
00001500
0c000000
00000000
04000d00
00000707
00000000
00050c12
00000006
00000000
00000403
0000000c
00000000
00030a00
00000009
00000e02
0a000c00
000a0000
00080100
07000009
00000000
11030000
000a000f
00000c00
00000000
00000400
0000000f
04000500
01000003
0000000d
00000000
00000000
00000200
000d0000
00000001
00090200
0a000000
00070000
1a010000
000c0400
00000007
00000000
00191900
00000000
07000004
0a050f0f
00090000
1b000000
02080600
00000000
000d0500
00000000
00000000
00000900
00000001
00000000
00000d00
00001200
00040300
00000000
00000900
00000000
0a00000a
12000600
00000000
00001c00
04000000
00001200
23000700
0d00000b
01000000
000c0000
0009000c
000d0000
00000000
0000001e
02000400
00000c00
00000000
00000202
0b000500
00010000
0c0f0000
00010000
08000000
11001201
00000500
00001b00
00000000
00080000
00000000
00070000
1d000002
0000000d
00000008
00000300
00000000
00130000
09000000
00010600
00000000
00030000
170f0000
00030000
00040003
00040007
000f0800
00000000
00050006
07000200
00000012
00000000
00000000
05000000
0d000000
00000000
00000700
00000700
00010000
00000003
0e1d0800
00020000
0000000a
00000b00
00070000
00000000
10000000
0d152900
00000000
06000200
19040000
00130000
00000d00
00000001
2e000005
04010011
00040000
00000000
00001e00
00000025
04011202
00000000
00000000
00000000
00060000
00000000
000c0000
00090000
00000f00
00000000
00000d00
00000000
00042100
00100000
00000000
00000000
00000000
06000000
00000100
00000000
00000400
00000004
00000000
0300030e
00040000
00000000
00210205
00000d00
00000021
0c000007
00050900
00050000
02030004
03000a00
0000001e
00000000
00060000
0d00001a
00000000
00000000
0008000e
03060000
27140000
00000006
0b000200
070f1a00
00000200
06002102
00000000
070e0000
00001000
000b1f00
00000000
00000a00
24300000
00121200
00000400
00000000
18000000
00020000
02000000
00000000
00000800
00000026
04000b00
00000000
05000004
00000000
0000001a
00000000
08110000
00000000
00001400
00000000
00000300
00010000
00003600
00160000
01000000
00000000
00000000
00000000
00000000
00000000
18000900
00000000
00080000
00000028
03000000
00000000
0a000000
00001a00
00000025
00000000
00041c00
00000000
00000007
00000000
00000019
00000000
00020f00
0000001a
00100000
00170000
001b000f
00000000
25150011
00000000
00000b00
00020100
00000700
0000190e
00000009
001b0000
00000700
00000c00
00070000
00000400
05360000
00150005
00000000
00000000
00000000
00000000
09000001
00000000
0700080b
00080e05
00001200
01000000
00000b03
00000000
0006000b
00000000
00000000
00000000
00000000
00000001
00010700
00000100
00001000
00000000
03000a00
00000000
00000000
000a0000
00000000
00000003
16000300
00000000
000b0000
0000000b
12090000
00010000
06000300
000b0000
10000023
00000000
000f1411
00000011
0000000b
00000000
04000000
00050002
00040b00
00000706
00121700
00000300
00160000
00000000
00000009
11002000
00000d06
00000000
00110a00
00001400
000f000a
0200000c
00000007
00000200
00030000
00000000
000c0200
000e0000
00000000
01150000
00000000
00000000
00001e00
00000000
00001712
1a0a0000
00070500
000e000c
02001600
02090000
0000131d
04000000
00000701
00000013
00000000
0b000000
00000000
00060000
00000800
00000e08
00000d09
00000000
0000000a
00000000
00000000
03000000
0d000014
00000000
00000000
03000000
04100011
00000000
04000010
00000000
09000000
00000000
00000401
00030300
0a000800
00000004
21000000
04000001
00081600
00001608
00060f00
00000004
00000000
08000000
00000003
18000d00
000a0200
01000000
081a0000
00001200
00190000
00000000
00030000
00030000
1a000000
000c000a
00000000
000d0000
00001100
00000000
00000a00
00000000
00001400
00000000
1a00081d
02000000
00000000
00000000
0f1c0000
001d0000
00000b1d
00000010
00000802
0000001d
00000800
00000400
00000000
14240000
0a000e21
00050000
00000021
00000000
00000000
04000000
00000000
02000000
1200002d
00000000
00002900
07001b00
00000009
00000000
00000b05
00000000
0d000000
0c010400
00000d11
00001a00
05000203
00000015
00000010
0c000000
00000100
00000001
00000000
00000000
00000020
00000000
00000009
001c0000
00000100
07050100
17080000
00001600
000d0000
00000000
000f2500
00150000
1c000800
0016001c
00000000
00000000
00001a00
00000004
09000900
00000000
00000000
00000000
04000033
00000007
00000000
0c060000
1b180000
00220007
00000a02
00000000
0000000c
00000011
00000000
00000000
00000000
00140000
18000000
12110300
00000000
00000000
00000200
0f000004
00000000
00000000
00000b12
00000000
10083600
00000004
00000f00
00000000
00000601
00000000
25000000
0f031400
00001808
00000000
00000000
00000019
00000020
00000005
00001b18
00030000
00000000
00000000
00150021
00000000
0000000d
002b0000
00000e00
00000d00
19000b00
00001800
00010000
00000000
00000d00
00020100
1f000000
00090007
00000000
00110000
00000000
00000000
07000a00
00000000
00000000
00002300
10000100
00070700
00000007
00170000
0c1e2700
000a0003
00010000
08000000
01000000
00000000
00000000
00030000
00000002
00220000
0a000000
00081800
00000000
00000004
00000a13
11000000
00000200
00000000
00000000
00000006
090a1e00
00000000
00000000
00000000
00000a00
00000000
1e000000
06040000
00001712
00000000
1500000b
00000000
00000000
00010000
00002600
00000c00
00000011
00000009
04030508
10000009
0500000e
03112800
01000404
00000000
03080000
0000170c
00000009
00090000
07000004
04060000
00000000
00030001
00001800
000d0000
00000000
0f000000
00000900
0a0c0000
00000009
00050906
0a000005
11180b09
00000000
00070012
00000000
04000009
0e001109
16040000
00010300
00000007
00000000
01000000
000a0000
04000000
00000000
00000300
03000a21
00000006
00000300
00000000
000c0000
00040000
00000000
00000000
08010000
00000400
000c0002
00000000
04000000
00000000
0e000005
00000000
04030213
00000c00
0a000000
00000000
00070001
10170000
00071500
01000e00
070e0e0e
03000000
00040000
00000005
00000000
00000000
00000201
00000000
000b0000
00000e03
00010009
000a0001
01000300
00070100
03050500
00020605
000a0006
00080002
00050100
08060306
00000000
00050003
01000717
01050205
07000a09
0600070f
00030305
01050402
00000002
0808000a
0000130a
06000605
00000300
00000002
00000001
03000000
01080005
03000003
00000000
00000806
08000a01
00000202
00000003
00000700
00010000
00040000
01000000
00000000
01000000
00090000
00030006
00050000
07000606
00000000
06000004
00000000
07000008
04000102
06001300
00010000
00080000
08000508
06071300
000a0000
080c0e00
08000000
00000000
02000003
00000400
08000300
00000c05
02000000
00140800
00001a00
00000000
00000010
00000300
03000300
000d0000
00000000
00000a00
00040003
00000000
04200005
00000000
00090000
00000c0d
00020200
00001508
0a060007
00080000
00060010
00000600
00090009
00000800
00000006
00000001
06000000
00000001
00000000
0d010003
00000600
00001b00
0000140a
02000800
00000016
00000000
00000200
00000000
00070000
00000009
00000600
04030000
00000000
00080000
00000000
13000603
00000003
00000000
00000000
0802030d
07000004
04000706
00010000
110b0001
07000400
000d0f00
00010e00
00061500
07000000
00000000
08000000
00000000
15000900
00060000
14000000
02000000
00001700
00000000
00000000
00000000
00200004
0b000000
00190002
00000000
00010000
00000000
00000000
03000500
00000000
06001300
0a000000
00001902
00040000
000c0000
000f0000
04000000
00070009
00000009
00000017
00000000
000b0012
00000000
00000000
00000027
000c0000
13000113
020b0200
19030015
00080002
00000000
09000027
00000000
00000000
0200112d
00000000
0d091000
00001705
00000422
00000000
00000000
00001a2e
06000000
00000000
03000012
00000000
00000b21
00000716
00000001
1900000a
00000500
00000800
000a0300
00000000
00130007
1a000003
01000005
01160000
00001000
120e1100
0f000000
00001e00
00000000
00030000
00001700
00200003
20000000
001f0002
00000000
00000001
00000000
00000000
23001900
00000000
0d000000
090c0000
0000000f
000b0000
00000006
0f150000
17000000
0012001c
00000000
0000000d
00000006
00000010
00000000
01000000
00000007
00150000
12000000
02181500
01000000
00130000
00000f00
01000034
00000000
00000000
00000025
00080006
23183300
00000008
00001500
00000000
00000000
0000104a
08000000
030d0300
00000100
00000000
00000019
00000037
0000001f
0000001f
00001d0a
00000000
000d0000
00030000
001d0619
1200001b
1f000004
00250000
00001700
02000400
0c0f0e00
00071509
00000000
00000000
00000300
0a010e00
210e0000
00160004
00000f00
00150000
00000000
00000000
00000000
00020000
0a000000
00002600
0000000b
130d0d00
0000000a
000d0009
07012900
00000000
00000000
16000000
00000100
00000000
00000000
09000000
03000000
00140000
00000300
00072a00
0000040b
00060009
0000040d
0e000000
00010000
00000000
0000000a
00000000
10051000
00000000
00000006
00000000
0e000000
00000021
03000000
00000000
00000302
00000000
1400060d
00000016
14070000
05120000
00011c00
00000d00
000e0714
00000009
00000305
0d000002
0000000e
0a0e1b00
00000000
00000000
0a0f0000
0000130b
15010100
00000000
11000000
00090d00
00000000
00000401
0d001100
00130000
00000000
00000000
00000000
000d0305
0f000100
00000001
0000000d
05001300
00000100
00000000
00000001
00001800
16000007
00090000
00010004
00000013
00000000
16000000
0c170000
00000100
00000004
00000000
02050631
00000003
00000000
00000e00
00010000
00000000
00000200
00000000
00000000
00001600
040c0000
00000000
1a000300
00050100
1200001f
00000000
000b1912
00000900
05000011
000a0211
000c0000
1a130000
000e0d00
00000100
04120200
03000000
000f0000
00000b00
00070000
00000000
00000900
00020000
02040400
05000d00
0e0b1000
03000000
03000200
000e1400
00000000
00001b00
0f000000
00050000
08000000
00000005
11000000
00020300
07000006
00000000
00000004
00000018
00000000
00000500
00000001
00000d00
0f000001
00000000
00100000
00000006
00000000
0b000000
00060005
00002000
00000000
00000000
00000007
00000000
00000000
0000090a
01000000
00000c00
00000000
002e0000
08000000
00000000
00000000
00000000
13050900
00000900
05000007
03030000
00062900
00000000
00000011
0400090c
0000000d
08000000
00000a00
00000000
00090000
00000000
000c0000
00000800
0008000a
00000000
00001c00
00000d00
000a0000
00000000
02000500
00000000
10000600
110c0400
00000000
18021901
04000000
000e1900
1e000000
1f000008
0c000000
00040000
00000000
00030800
00000000
00000024
00030500
00000a00
00000000
00000003
00000000
00030000
0e000000
00000400
00000000
09001409
00000500
00001300
00000000
00000000
00000000
00000000
06000005
00000000
00000000
00000000
0000000d
00150000
0c030000
00000000
00000000
00000000
05100800
00000000
00000003
0714000e
00040000
00000000
00090008
09000001
00000010
00000000
00000000
08000800
0a000000
00000000
00000f00
00090900
00080000
00000000
19050900
00030000
0c010011
06000601
00000000
00000000
0f000000
06081b00
00000001
0c000b00
13000000
00120000
0c001600
00000002
0f000000
0b04000f
00150b00
00040000
00001300
05000013
01000300
01000000
00000000
00000015
00000000
00000000
00160003
00020800
00040200
00000000
00000700
00000000
000a0500
00010000
00000010
00000000
00000900
06000000
00000000
00000003
00000011
00000004
00000009
04000200
00000100
00000000
00140003
07040500
00031c0c
0c010010
00040d00
00030000
00050000
00001500
00000319
00000700
00110000
15000000
0f000000
00000000
00090001
000c0000
22050300
00000004
27000000
0a091500
0d000000
12011800
00000004
0d00000e
13060e00
00021000
00000008
00000300
24090000
00000900
00001400
00000000
04000000
000b0300
000a0000
000e0000
00000e00
00000022
1a000400
08000700
0e000000
0000000e
00000000
00000000
02220008
00000000
00001d00
00000000
00000000
00000000
000a2a00
00160000
00000003
00000000
00001200
02000000
00000000
00000000
00000a00
0a00000c
0000000a
00000022
00000000
00000000
000c0000
00001b00
0013281d
00000003
00000601
000b0000
00050000
00000000
0000001d
00001400
000a0000
09000000
0c050000
00060000
0018000b
00090000
34000005
00000000
20000000
08001000
07000000
05010e14
01000000
0909000d
0a000f01
00000000
00000007
00000800
0c2b0000
00070f00
00000800
00000000
00000000
000d0100
00000000
000d0000
09001500
0300000e
08000800
03000000
09000000
00000004
01060000
00000000
00000000
00000000
00001300
00000704
00000000
00060000
00001b00
000f0000
15000000
00000000
00000d01
00000000
00000000
00000000
0b001800
00000000
00000003
04000016
01000000
00000000
00000000
00141703
00041e12
00000000
0003100e
0000000b
00030000
08000007
0e000006
00001800
14050002
06000000
031b0000
00030000
0014000b
00010000
1d000013
02001400
0e000e02
05000000
0b0d0500
00000a09
00000006
0201000e
0a000000
03000000
00000313
00000e00
001e0007
01070000
00000000
00100000
00000000
18090001
00000d00
00070002
02001907
11020000
00000000
0004000c
00050100
00000000
00000100
00000000
00000000
00010009
00000004
02000100
00020000
00000000
00001600
00000801
06000009
00000001
0000000c
00000000
00000200
00000000
02090000
00000000
00000004
05000200
0e040002
00000005
04000010
000f0004
06001c00
00000000
02000f04
00040009
00000000
0000010b
17000001
00000600
00100609
03000001
00001200
00000000
00000000
00000000
00000006
17000f00
00000700
05020000
0c140000
04000000
00020000
04000000
01060000
0000000a
02000d1f
000a0600
0000000c
00000000
00000b00
00000300
00000a00
00000200
00001500
00000000
05000b0e
1e000000
00000000
00000000
00270000
11001000
00000300
00000000
00000d04
00010012
00000000
00000000
00000000
00000000
00010e0f
00000000
00000126
00000300
02000000
05000000
00000000
00000000
0a130600
00000000
03001511
0b001000
05000000
00000000
0603000c
00000000
0c041f00
04000d05
00001300
00000000
00000000
0000000a
00000015
0c000400
00130111
00000000
00000000
01000000
00000010
00000000
00000105
0c000000
00000500
04000000
0b000000
0d000300
000e0000
00000000
000d2000
0000000a
1d00000e
00130009
00000000
00000014
03000f00
0000131b
00000500
00030000
00000000
00000000
07000018
0b000000
00000000
19000d00
0b2b0000
00110006
00000400
00000003
0000150d
0000000f
00000000
00000000
07000000
00140000
0c080200
00070000
0000000f
00000200
00001600
0d000000
00000000
00000000
000b0e00
00000006
0d00222c
06000012
00000000
00000000
00000000
00000000
17062100
06030c0d
00001b00
00000000
00000000
0000001b
0000001c
00000700
00120015
00000000
00000000
00000000
00050015
00000000
00000015
00040300
00000200
09000700
1b000200
03140100
00000000
08000000
00100600
00000000
1a0f001c
00050007
00000000
00080000
00000000
02000000
00000000
00180000
00000000
00000900
04000003
08000a00
00000001
00120b00
0e211a00
02020000
00000000
00000000
00000600
00020000
00000000
00000800
06000000
00190000
05010000
00070000
00000000
00000013
0002140a
0c000b00
00000004
00000000
00020300
0000080e
10001a0e
00000003
00000000
00000005
00000209
00000007
07001100
06130305
00001700
00000000
000a0000
00000000
030d0001
00000000
00040700
00000000
0005000f
00000001
0e080003
00000000
0500000d
00011000
0d000307
05000206
09080000
04000509
00000001
00010101
00000003
00000000
010a001f
000a0608
00000600
000a0200
01000600
0a000000
00000700
0c120002
00000000
000e0000
1a000404
1008050b
00000302
00070010
00030000
00000100
0a000000
00030000
00000000
00000006
00000000
04000500
00000000
00000000
00000000
00000000
01000015
00000003
00040800
03000000
00080000
00000000
00050200
03000109
11000600
00000500
03050000
0000010c
02000300
00010006
06000f05
00010000
07060614
00001306
00000000
00000003
01090000
080e0000
02090012
00000200
080a0008
06000100
01070000
00000000
00000000
06000000
0d000807
00000008
060c0100
0500030b
00000004
00000301
00000102
00000100
020c081e
00080a0b
000c0003
000a0100
06090d00
08000007
00000600
060b0003
0000030b
000f0000
13000e00
0700060c
00000400
08020000
02000004
06000000
00000700
00000302
00000000
00000000
00000003
03000700
00000600
00000000
00000000
00000000
09000005
00030005
00000307
00000200
00000000
01000200
00020100
0a000000
07000200
00050000
00000000
0300000a
04000900
00060007
04001306
00010000
0705080a
03000a0f
00030500
02090006
01070000
00010301
090b0013
02080000
03040200
08000000
09040000
00000200
00000000
04000100
0f00110b
01000009
00100900
00000b00
00000004
00000611
00000500
00000600
00100017
00020704
00070100
00040000
09000400
03100010
00000c00
04010004
00000c04
00120000
0f001300
12020007
00040000
0004000b
00000100
00000005
02000000
00000108
00000a00
00000000
00000004
05000000
00000000
00030800
00001200
00000002
0b000000
000a0007
00000005
0100040b
00000000
05000000
00040601
05000000
08000003
00000000
07020000
06000009
0f001000
00070007
00001600
00000000
0c060a08
04000015
00030002
00010000
070a0000
00000700
00110017
00000000
070a0200
06000400
03020000
00000200
00000000
0c000700
02000800
04000007
0b000200
07000000
00000a00
00000000
00050000
00000801
1c170017
0005000b
00000004
00000000
08000000
00020000
00000000
00000000
00001000
10020000
00001200
22000000
090f0000
04041000
10000000
00000010
00000000
00000913
00042600
00020006
00000000
06000000
00000000
001b0000
01040503
00030000
15000019
00080005
00000f00
0b00092e
01000006
00000000
000c0c1e
03000004
12000a0b
00000700
00000010
00000003
00001301
0000041b
000b1800
020b0000
00000000
0000000d
00000009
0000000d
000b0000
07001300
00070012
00000000
000d0000
00000000
000e000c
05000000
0000000b
1d030000
00000a00
0b0d1400
0d000000
05010000
00000000
00000000
000e0000
0000000d
2704001b
000d0003
00000000
00000008
00000100
00000303
00000800
00000000
00000000
1c0a0000
00000006
12000502
00000000
13081800
0e000000
00000013
00000000
00000913
00002d03
00000012
00000000
07000000
00000000
001a0000
06120000
000e0000
03000013
00021200
00001b00
11000d29
00000008
00000000
0020040c
00000000
2400252e
00070005
00000700
00010000
00000007
00000129
010c1c00
00140000
00000000
00000000
0000000d
0000001a
0007000a
00001511
00010a2b
00000000
00050000
00000000
000e0018
00000000
0c000009
00030000
00000300
06000400
10090800
03000008
00000000
00000000
00020000
0d000400
0a000023
00050000
00001300
00060000
03000000
00000000
00000400
00110601
00000000
04000f00
00000304
14000b0b
00000001
00020e09
00001f00
04000b00
00000000
07000000
00000e00
00000002
00000000
0c000000
00000000
00050000
00000000
00050000
0000000a
00000209
00000e02
15000d00
08000b00
00000000
00000600
00000000
1500090d
00000600
0706000b
00000000
02000c09
000c001d
00010f00
00140000
00071109
00001200
0004000b
00000007
17090000
07090200
00160306
00000000
000a0008
00000000
000b0003
00000000
00000000
00000a00
1f000000
00000000
04100000
07000014
14031700
08000000
1b000000
000b0400
00000009
00050c00
05000000
000a0400
0d000f00
00000000
00000500
090d0907
00000f00
000c0000
06000000
0c000220
04000000
00000a00
00000000
00000b00
03000007
00000000
00000000
00000005
00000000
19170200
00000f00
00000000
00000002
00000000
0e030023
14000000
00000c00
0c000600
00000000
00000000
0b002300
00070000
06000000
01001b00
00100000
00000400
00060700
00111300
0a001216
00020001
000e2008
00000802
00000004
0100020e
00000002
0c090f00
01100000
00000000
13160200
00000000
00110009
00130000
0000000f
00000004
15000900
00000000
0b0a0000
0a00000e
03001b00
1e010000
11000300
00100200
00000407
00050500
03000000
00000c00
0c000d00
1300000b
00000000
000d0000
00040000
00080000
03000000
0000001d
00000000
06000a00
00000000
00000000
00000601
00000000
000f0000
00000000
00000000
020c1500
00000f00
00010c00
00030000
00040000
06010009
02000000
00000b00
08000000
00000000
00000000
08000c07
00190000
00000000
00000000
00000000
00000000
00160000
00001500
0b001808
080c0000
00001300
00000000
000d0001
00000100
00020010
00000400
00060000
00000000
0b000000
00000000
000c0000
00160200
00000007
00000000
0d002400
00000808
040c0208
00000003
00000700
00000000
0b000900
13000000
00000017
14060404
05000500
00121001
18010300
2400000d
00000805
13030000
00040000
00100300
11000200
00000017
00000000
02000500
00000000
0000000b
00000900
00040000
06000000
00000200
001e000a
07001c03
0a000c00
00000000
00000000
04000000
00000000
00000000
00000d00
00010000
00000002
00000017
00000013
00050000
03000000
00010000
00000000
00000000
00060000
04010000
00000e0d
0a0a0011
00100b00
00000300
00160000
05000000
00000018
00000000
00000000
00000300
05000103
00000000
16000000
00100600
00000000
00000000
