17100000
141c5a24
00093700
00115500
18001620
00021315
00080f2d
00000005
00420000
132a061a
01092100
000c3f00
19081010
00000400
00070724
07190005
00400000
112a0616
060a1b00
000d3500
1409090d
00000600
00070522
091a0008
003c0200
0d280816
09071700
000e3100
1309080b
00000500
00090a22
0a1b0009
003b0000
0f270812
0a0d1400
000d2900
120b0206
00000500
020a0122
0d17000c
00350100
0a280b12
0a0a1300
000e2900
0f0c0207
00000700
0309061e
0b18000c
00340100
08260b11
0a0a1300
000e2500
0f0c0206
00000700
060a051d
0c18000b
00340200
06260f11
0d091200
000e2400
0f0c0003
00000600
080a071f
0d17000c
00380200
0629100f
0c0a1200
000f2100
0e0e0000
00000400
090b0621
0e16000f
00380000
062b1010
0d0c1300
000e2100
0e110000
00000400
0b0b0621
0f17000f
003a0000
082d0f11
0e0b1200
000f2200
0e100000
00000300
0b0c0621
0e180010
003a0200
082c0f11
0f0c1200
000f2000
0e110000
00000200
090c0322
0e180011
003b0100
082c0e10
0f0c1300
000f1f00
0e110000
00000200
0a0c0321
0e180011
003b0100
082d0e11
0f0c1300
000e1f00
0e110000
00000200
0a0c0321
0e180011
003b0000
082c1010
0f0c1100
000e2100
0f100000
00000100
0b0c0423
0e160010
003d0100
082e1111
0f0c1300
000f2000
0f110000
00000100
0b0c0423
0e170012
003c0000
082c0f10
0e0c1300
000e2000
0f110000
00000100
080d0423
0f170011
003c0000
082e0f10
0f0d1200
000e2100
0f110000
00000100
090c0423
0f170011
003c0000
082e1012
0f0c1200
000d2200
0e100000
00000000
0b0d0524
0e160011
003e0000
082c1112
0e0b1200
000d2100
0f0f0000
00000000
0c0d0425
0e170014
003c0000
09220e09
0b0c1400
00072200
0f110000
00000100
0f0c0424
10130013
00380000
09270f06
080d0f00
00082800
100d0001
00000100
0e0c0524
120e000c
003a0000
0832120b
060a0b00
00092a00
100e0000
00000100
100c0725
0f0d0007
00400000
08351710
090b0c00
00082b00
100f0000
00000303
110d0825
0e0f000b
00410000
0a341711
0b101100
000d2a00
10110000
00000300
0d0d0424
0c150010
00460000
0a341512
0a101500
000e2a00
110f0000
00000100
0b0e0428
0b1a000f
00450000
0b351113
0b131700
00102d00
120f0000
00000200
0a0d0328
0b1a000f
00460000
0c331116
0b0f1800
00122e00
120d0300
00000200
090c0526
0a1b000e
00490000
0b331115
0b101800
000f2c00
130e0300
00000000
090d0528
0c1b0010
00470000
0c331113
0a121600
000f2e00
130f0201
00000200
080c0627
0b1a000f
00470000
0b331015
090e1700
000e2d00
120e0300
00000000
060d0428
0c19000f
00480000
0b331113
0a111900
00102a00
12100000
00000000
060e0429
0d1a0013
00490000
0d341013
0a111900
00102900
12110000
00000000
050e0329
0c1a0013
00480000
0c341012
0a131900
00112b00
120f0000
00000000
060e0229
0b1a0011
00490000
0d351118
0c0e1900
00102b00
12120100
00000100
070e0629
0c1c0012
00460000
14370b0f
0c111700
00143100
12100001
00000200
040d0528
0c1b0012
003d0000
12360b0f
090d1300
000d2f00
12110302
00000400
070c0725
0c19000c
003d0000
11330e0d
060d0900
00023200
120d0101
00000400
120c0423
110e0004
003c0000
0e31120e
000d0900
00002b00
12120000
00000200
120c0524
14090005
003f0000
0b26120d
050d0e00
00002200
11100002
00000200
0f0c0226
1308000a
003c0000
0b200f12
0a0b1000
000b2400
110f0000
00000100
0f0c0225
110d000f
003d0000
0a280e0f
0d0c1200
000e2400
100c0000
00000000
0b0c0324
0f150012
003d0000
082c1011
0d0c1300
000c2200
0f120000
00000000
080d0425
0e170011
003d0000
092c0e11
0d0d1200
00102300
10100000
00000000
080d0425
0e180010
003d0000
0a2d0e0e
0d0f1300
000f2000
0f100000
00000000
070e0225
0e160012
003e0000
0a2e0e11
0e0e1300
000d2200
0f110000
00000100
070e0324
0e180012
003e0000
0a2d0e10
0d101100
000d1e00
0f100000
00000000
080f0426
10170013
003d0000
0a2c1011
0e101100
000d1e00
0f110000
00000100
090e0425
11170012
003d0000
0a2a1010
0d0d1300
00102100
0f110000
00000000
080d0424
0f160012
003d0000
092c1011
0b0d1400
000e2100
0f0f0000
00000100
080d0324
0e160010
003c0000
0c2c0d11
0c0f1400
000f2200
0f0f0000
00000100
070c0423
0e180012
003a0000
092b0e13
0d0c1300
000e2400
0f0f0000
00000400
080b0621
0d190010
003b0000
092b0e11
0c0b1200
000e2200
0f100000
00000300
070c0522
0f180011
003b0100
082c1011
0e0d1400
000f2100
0f100000
00000200
090c0323
0e170012
003b0000
082c0f12
0e0d1300
000f2300
0f100000
00000600
0b0b0722
0e180010
003c0000
092a1112
0a0b1400
000e2300
10100001
00000400
070b0421
0e170010
003a0000
0729110f
0a0e1500
000f2500
100d0001
00000400
090c0221
0d16000f
003b0000
042b1510
080f1500
00102800
110d0103
00000600
0c0b0121
0b17000b
003f0000
042d1511
060d1800
00122f00
120c0307
00000700
0f090522
0916000a
00440000
03341812
080c1c00
00153400
120b050b
00000400
11080425
061b000a
00470000
02361d13
080f2000
00153900
140b080d
00000400
10080126
041a0008
004d0000
00362517
010d2300
001a4300
16090d0f
00000400
1408062e
011b0004
005d0000
0d361f1e
02132200
00154200
18021104
00000000
1111053c
0522000c
00560000
434a1528
00244100
19183e00
1b0f0d05
00000702
00130043
05450020
01001300
00000513
00041b00
000e0026
00001921
00020327
00001008
00001211
05021000
0a06000b
08010001
0005040b
00001414
00000100
00000706
0b08040f
05031100
0808000d
0b060001
0006030b
00010d0f
00000500
00000906
0d0b060e
03041100
0805000b
0d030002
0007020c
00000e0c
00000401
00000607
0e0a0911
06040f00
03090008
0d050002
0008030c
00040708
00000603
00010407
0b090b11
03051000
050a000b
0e040003
0008020d
00060709
00000704
00010607
0c0a0b12
04040f00
0209000b
0e050000
0007050c
0006070a
00000903
01000706
0c0a0a10
02031000
000a0009
0e040001
000a050d
01020606
00000703
04040606
0a0a0c13
03030f00
000c0008
0e080001
000a070d
00040104
00000707
07050307
08090e14
04051000
000d0008
0f080000
0009070e
00050103
00000709
06070208
09080e16
03051000
000d0008
11090001
000a0610
00050101
00000707
04070207
0a090f16
02051000
010f0007
11080002
00090510
00070100
00000707
05070107
0a0a0f17
03040f00
01100007
11080001
00090810
00080000
00000806
05070007
0a091017
03040d00
010f0006
11080001
0009090f
00080000
00000607
05080008
0a090f17
03060f00
01100008
11080001
0007060d
00060000
00000507
05070109
09090e16
02050f00
020e0006
11080002
0009060f
00060002
00000606
04070108
0a081017
03060d00
010f0009
11080000
000a070d
00040002
00000607
05070109
0d090e17
05050d00
010f0007
10070000
00070d0c
00050003
00000806
0a080009
0c070d17
07040600
000a0907
0e090000
00041108
01060002
00000604
0b08010a
0c040d18
020d0000
00100600
0d0b0000
00001003
02060101
00000608
0a08000a
09020b15
050e0c00
0016090a
080a0000
00051200
03060303
0000060c
0507010c
01060210
000f0d00
0116000a
0d0a0000
00060f04
01070302
0000050b
0307000c
020a0716
010b1000
01150008
100a0001
00080a0c
01050402
00000309
0307040c
07080b17
03080e00
03160008
110a0000
00090a0f
00060202
00000508
0407000b
09080c18
03040e00
03130006
110c0101
00090b0f
00070304
00000507
03060009
08080b18
04050e00
02120009
120a0100
00080a0e
00080604
00000707
0304030b
0b0a0a16
03050f00
03110007
10060101
0007090f
00080603
00000606
0305030b
0b090a16
03071100
04110009
10070003
00080610
000a0704
00000205
0305070a
0c090c17
03061100
02110007
11090001
00090710
00090701
00000307
0306020a
0b090d19
02040e00
03120007
100a0000
00070a0e
00080504
00000406
04060209
09080d17
03040d00
03120006
0f090001
00070a0e
00090502
00000508
03060009
09090d18
04040f00
030f0007
0f0b0001
00070a0f
00080502
00000606
03070207
09090e19
03050e00
04110006
120b0201
00070a0f
00070402
00000406
0207000a
0a080e18
03050e00
03100008
11090002
0008080e
00090504
00000605
01060409
0a080c16
02051300
03130009
13090001
000b0b10
00080402
00000108
0508010b
0a080f1b
03071100
04140008
140b0103
00090a11
000a0402
00000008
0407010c
0a080e1c
04070f00
03130007
13090101
000d090f
00090703
00000506
0206040b
0b0c0c1a
040a0e00
04170007
100a0000
000b0a0e
00080602
00000506
0005000b
090b0a18
030a0e00
06180007
11090101
000d120e
00060804
00000705
0003050a
0b0c0816
050b0900
09150005
0d0a0100
000f1603
03070703
00000803
00060109
010f0217
040b0400
0c160006
040a0100
00091600
04060703
00000904
0006030a
06100012
00080000
0c0d0003
0d080104
00001600
03070603
00000802
09060109
0d000413
00020d00
0c080007
0e090006
00081407
04050303
00000905
08070108
0c060a18
03030d00
040d0006
10070007
0007080d
01060000
00000605
07070108
0e080e17
04050d00
030e0007
10080002
000a070d
00060000
00000506
04070009
09070d16
04040c00
03110007
10070100
0009090e
00070001
00000605
01070208
09090e16
03050e00
04110007
11080000
00080b0e
00090000
00000706
02080209
08090d17
04050d00
030f0007
100a0001
0008090c
00090000
00000706
02090108
08090e18
03040f00
020f0005
10090003
000a080e
00070000
00000607
04090009
08070e18
04040f00
03100007
11080101
00090510
00080000
00000708
04070007
09090f18
03050c00
020c0007
0f070000
0007060d
00070201
00000a04
02060308
0a090e15
02050e00
030c0006
0f070001
0007060e
00080300
00000605
01070508
0a090e16
03050d00
040e0007
0f080002
0008070d
00090100
00000806
02070008
09080e16
02040e00
020e0009
10070001
0008070f
00090101
00000a06
03070407
0a090f16
03051000
020d0008
10080002
0009040e
00070200
00000706
04070408
0a0a0f16
04041000
010d0006
10080101
0009040e
00070202
00000707
04070008
0a080f18
03030c00
000c0006
0d070100
0009050e
00070304
00000906
06040005
09080d15
04040e00
000c0307
09070001
0108060d
00060707
00000a07
07020204
060a0b12
03030f00
000a0007
08070000
000b040f
00010808
00000706
07010206
07080a10
02040e00
000d0207
0b050103
000c0510
00020b0e
00000406
0a000507
09070810
04040d00
000d0306
0a030100
000b0511
00010f10
00000407
0b000407
0807060f
01030c00
000c0a04
04030004
010d040e
00001115
00000108
11000604
0505030c
09010d00
000a0809
05050500
00110f10
00001810
00000307
12020b09
020e000e
06000000
331a0012
041c2400
140e1600
00011b09
0000090f
000f0012
00311a25
03001400
00000715
00041900
000e0026
0000131f
00000424
00000d08
00001312
03031200
0805000b
0b010002
0007010b
00001112
00000000
00000808
0f09070f
05031200
0906000c
0d020002
0007010b
00020c0f
00000300
00000507
0e0a0911
07041100
0709000b
0f020003
0008030c
0002090d
00000500
00000907
0d090910
05061000
030b000a
10030002
0008040d
00040607
00000506
00020408
0b090a12
04061100
050b0009
0f050002
0009040e
00050407
00000505
00020307
0b0a0d14
05050f00
0309000b
10050003
0008030c
00050507
00000603
00040608
0c0a0d12
02050f00
00080006
0d060003
0009080d
00040408
00000907
06020607
08090c0f
03040f00
000a0008
0f060000
000a070d
01010407
00000606
06040508
09090c11
04030f00
000b0008
0f050000
000a060e
00050204
00000705
04040306
090a0d13
04040d00
000c0006
0f080000
0009060f
00050101
00000705
04060207
0a080d14
03040f00
010f0007
11070001
00090710
00070100
00000806
06060107
0a090e17
02040d00
010f0007
11080001
0008080e
00070102
00000706
05070108
08090e16
03050f00
020e000a
11070001
000a070e
00060202
00000707
04060609
0b090c15
02041000
020e0009
12080001
000a080f
00060204
00000806
05060608
0e0c0e17
05040f00
010d0307
11090002
00080e0e
00060003
00000706
0b080008
0d081018
060b0100
000b0904
0e0a0000
00050f08
01060103
00000907
09060309
0b040e17
020d0900
00130909
07090000
00030f02
03030205
0000070a
0706010a
0300070c
000d0f00
0013010b
0d0a0100
00060f09
02070404
0000050a
0405020a
05090614
000b0f00
0115000d
10090002
0007060e
00070404
0000010a
0305040b
08080c17
05060e00
01110008
11070001
0008070d
00070304
00000408
0406020c
09070b17
03050d00
03120007
10070002
0009080e
00070504
00000307
0305040a
0a090a17
03050d00
02140007
11070000
00070a0e
00070406
00000307
0405020a
08070a16
03060d00
03120007
11080001
00080810
00070404
00000607
0505010a
0a070b17
02060d00
03130007
11070001
00090910
00070505
00000507
05040108
0b090916
02060e00
01120007
12060001
0008080f
00050504
00000106
0406030b
0a090917
03070e00
03100008
11090000
0009080e
00040402
00000407
0206020b
0a070a17
02060f00
04120007
12090001
00090a0f
00040503
00000306
0206030b
0b080b18
03050f00
03130009
13080002
00090a10
00060303
00000307
0306010b
0a080b18
03060e00
03130008
12080001
0008090f
00050404
00000408
0305020b
09090a17
04061000
03140009
12080000
000a0b11
00060604
00000506
02050409
0a090a17
03060f00
03140007
12070102
000b0a12
00070603
00000406
02050209
0b0a0a18
02070f00
04120008
10080000
00090810
00040503
00000207
0206010b
0a090b18
03050e00
04120007
11090002
0009080f
00070303
00000006
0007010c
0a080b19
04050d00
03140006
120a0100
00090c0f
00060304
00000508
0507000c
0a070b18
02050e00
05130008
13070103
00090e11
00080603
00000507
0407040b
0b090b1b
03040e00
05130008
130a0001
00080c10
00090504
00000607
0406030a
0b080b1a
02041100
04120008
12070002
0008090f
00090403
00000407
0206010b
0b090c1a
02051000
05120008
11090002
00080b10
00090503
00000406
0406000b
0c080b19
05060d00
04100008
11080002
000a060e
00090704
00000405
0204050a
0c090a16
02070e00
03120008
0f090001
000e090f
00060a04
00000406
0004030a
0a0c0b17
050b0d00
04140008
110c0000
000b090e
00070603
00000505
0004000b
090c0a18
03090a00
0c150006
0d090000
000d1404
02060703
00000801
0005030a
020e0517
01070000
0c0f0005
0a070005
00001101
03080604
00000603
0607020c
0b060313
00050900
0b050007
11070008
00091205
04070202
00000805
0a080309
0e050a17
03030f00
040d0005
10060006
000c090e
03070000
00000608
0808020a
0e070e18
02030d00
03120006
10080003
000c080e
00080100
00000706
03070008
0b0a0e19
03050c00
050f0007
10080000
0008090d
00080000
00000605
01080109
09080d17
02050e00
040e0006
11070002
0007080d
00090000
00000605
03070007
09080e17
03040f00
020e0007
10080101
0009060f
00070000
00000606
03070107
09091018
02050d00
020d0007
11080002
0007050e
00070000
00000604
04070008
0a090f17
02060d00
030e0008
10070001
0007060d
00080002
00000606
03070108
09080e16
03040e00
020d0007
10080002
0009070c
00050003
00000605
01070109
09090e16
05030d00
030d0008
10090000
0009070c
00070102
00000906
03070309
0a090e17
01040f00
030c0008
11070004
0007060d
00070301
00000605
04070107
0a080e16
03030f00
010a0006
0f090002
000a050e
00050003
00000605
02060007
0a071016
05020e00
000a0006
0d090001
000a070e
00040307
00000806
04040006
09070e13
04030f00
000c000a
0b070000
000a0610
00060808
00000a05
07000604
0a0b0911
01030f00
000c0108
0a060002
000c040e
00080807
00000606
07020206
080a0b11
03040f00
000b0008
0a050000
000b0510
00020a0c
00000707
09000506
0807090f
03040e00
000b0206
09060101
000a030e
00020c0f
00000508
0c000307
0806070f
04030e00
000b0906
07040104
000b040f
00010f16
00000207
11000405
0704040d
05030b00
000a0c0a
04000400
00100e0e
00001916
00000308
15000d07
030d0008
0b000000
32170013
011c2100
130e1800
00002107
0000060e
000f0012
0036171f
04001500
00010714
00041800
000e0126
0000111c
00000424
00010a07
00001412
04021100
0807000a
0c030003
0006040c
00000e11
00000200
00000406
0c0a070f
03021100
0807000c
0f040002
0006030c
0001090e
00000300
00000307
0d090911
06051200
050b0008
10040003
0009040e
0005060a
00000305
00010708
0b0a0b15
03051000
030c0009
11060001
0008060d
00050409
00000606
00020108
0a0a0d13
04041100
040c0008
10070002
0009060d
00060208
00000604
01020106
0c0a0d14
04060f00
040c000a
11070002
0007080b
00060308
00000605
01030307
0a0b0c11
03041000
000a000a
0f080004
000a030c
00040206
00000706
06030607
0b080c10
03050e00
000a0007
0d050000
000c030d
00060306
00000606
08030508
09090c13
04050d00
000d0007
0f040000
000a040e
00080204
00000607
06050609
09090c14
02050e00
010d0007
0f060000
0009060d
00060204
00000707
03050209
08080d14
04040e00
000d0008
10080001
0008060d
00050103
00000807
05060107
09090e15
03060d00
010c000a
11070001
0008060d
00040203
00000605
03050609
0b080c14
05060d00
010c0009
10090001
00080b0d
00070102
00000405
0607030b
0c070f17
06080500
000b0804
0f0b0000
00070f0a
01060103
00000708
08060309
0d050d17
020a0e00
0013090a
080a0000
00070e04
01040305
0000070a
0606000a
03040610
010c1100
0013000e
0e080001
00080b0c
01060505
0000040a
0405030b
07090a15
05060d00
02140008
10090000
0008080d
00080305
00000408
0505010b
08070b17
05050d00
01130008
0f060001
0007090f
00090505
00000408
04050409
0a080916
03050d00
01140008
11070002
00080910
00080405
00000307
0405020a
09080a18
03050c00
02140007
11070001
00070a0e
00080405
00000307
0505020a
08080a17
02060e00
04120009
13090002
00080a0e
00060404
00000307
0306020b
0a080b17
03070f00
03130009
13060002
00090810
00070405
00000206
0205020b
0b080b17
02060f00
02110007
12080002
00080910
00060404
00000308
0305030a
0a070b18
03051000
03140009
12080001
000a0812
00070604
00000507
04050209
0d0b0c18
03041000
02110008
11080001
00090811
00070605
00000505
03050207
0c0c0c17
03031100
03110007
100a0201
00090712
00090505
00000506
03050006
09090d17
03041100
03120008
120a0201
00090712
000a0504
00000506
04050106
0a0b0d18
03041000
03120007
11090201
00090812
00080504
00000506
03050207
0b0a0c18
03051000
03120008
12090002
000a0812
00050503
00000406
0206000a
0b090c1a
03051100
02100007
11090001
00090810
00040502
00000306
0206000b
0c090c18
04041000
030f0008
110a0002
00090711
00060503
00000306
0206000a
0c080d19
02041000
03110008
11070102
000a0812
00060605
00000506
04040209
0c0a0c17
02030f00
01110007
10090000
000a0a10
00030606
00000406
02060308
0a090c17
04030f00
03100009
100c0101
00090a11
00060504
00000506
01060409
0a080d19
02041100
02110009
11090101
000b0911
00050504
00000505
0207020c
0a090d1a
05060f00
04110009
12090000
0008070f
00050602
00000106
0007020c
0c080d19
04051000
04110007
12090101
000a0710
00040403
00000205
0007000c
0b070d19
03070f00
04130008
12090001
000a080f
00050503
00000307
0106020b
0a080d1a
04050d00
05110007
10090000
000a090e
00070403
00000205
0206010b
0b080b18
03060c00
05110008
10070003
0009080e
00090505
00000306
0205020b
0b070917
02050d00
05110008
11070000
0008080f
00080504
00000506
0305020a
0b080917
03050d00
04110007
11060002
000a080f
00070604
00000505
01040209
0b0c0a17
03080e00
06140007
110a0001
000b090d
00060502
00000406
0006000b
090b0a18
030a0900
08140006
0e0a0000
000e0d06
010a0401
00000302
0008010c
050d061a
02080000
0c0e0001
030c0100
00051500
05060103
00000605
0008000c
080a0211
02060d00
0b070007
0f0b0008
000a1309
03050201
00000605
05070209
0d040816
02050e00
050f0006
11070007
000d060e
01060100
00000705
09070208
0e090d1a
03040c00
04100006
11070101
0009090d
00080000
00000605
02070008
0a080d17
02040e00
040f0007
10080003
0008080e
00080000
00000706
03070107
0a090f18
02050f00
020f0007
10070001
0008060e
00070000
00000606
02070107
0a080e16
02040f00
04100008
10080001
0009050f
00090000
00000706
02080008
090a0f18
01040f00
050d0007
10070002
0007050d
00090103
00000606
01070308
0a090f19
05041000
010d0008
0f070003
000a030f
00090000
00000604
03060108
0a0a1016
03051000
050e0008
0f070002
0009080e
00080202
00000507
00070209
090a1017
04040f00
050d0009
100a0003
0009040e
00080105
00000805
03060306
0a070f16
04050d00
000c0007
0f060002
0009040e
00060306
00000605
05040407
0a090c13
03050f00
000d0007
0d050001
000b0610
00050808
00000907
06020707
09090c12
06040f00
000d0008
0d070103
000a0610
00080708
00000807
0a010206
080a0912
02040f00
000c0007
0b040003
000b030f
0005090c
00000707
0a000607
09090710
04030f00
000d0007
0a070000
000b050f
00040a0f
00000607
09000106
0807070f
01030d00
000c0907
07040206
000a040f
00030e12
00000607
10000605
0607040a
09020e00
000a0b08
03020301
0013040e
00001716
00000207
15001107
05090107
09000000
2b1b0013
00192100
14151e00
00002507
00000110
000d0010
003a1016
06001200
00050c14
00041500
00120124
00000f1b
00000624
00000b08
00001513
02031100
0908000c
0d010002
0006040c
00010d10
00000101
00000407
0d0a0710
08031100
0709000b
0e010002
0008030c
0003080f
00000300
00000607
0d090911
04041000
040b0008
10070002
0008060e
00040508
00000305
01030408
0c0a0c14
04050e00
040c000a
11040001
0008060d
0005040a
00000704
02020407
0b0a0b12
03061000
040d000a
11040002
0008060e
00060309
00000606
02020408
0b0a0a12
04050f00
060c000e
10020002
0007040b
00060308
00000505
00020408
0d0b0d13
04040e00
000a0204
0e040005
0007060a
00070208
00000706
07030505
09070d10
03030f00
000c0007
0e070001
000a050c
00050106
00000608
08040408
06090c11
02040f00
000c0006
0f080001
0009070d
00040203
00000407
05060109
07080e14
05050e00
000d0009
11080000
000a060f
00040103
00000706
05050208
09080e14
02060d00
000d000a
10050001
0008040c
00040203
00000606
04050408
0c0a0c14
03030b00
000a0507
0e080000
00080e0a
00060102
00000603
05060108
0b070e16
040a0800
0013080a
0a0b0000
00041004
01050004
0000060b
0607000a
04020d12
000a0f00
0012000c
0c090000
00070b0c
01070406
0000060a
0604040b
08080913
03041000
0112000a
12090000
0008080f
00070305
00000308
05050109
09080b16
04060e00
00120008
11050002
0008070f
00090405
00000408
06050409
09090b16
03050e00
00110007
10070001
0008080e
00050405
00000307
0404020a
08090a16
02050d00
01130007
11070001
00090b0f
00050406
00000408
0404010b
0a080916
03030d00
01130008
11080100
00090b10
00050505
00000507
04050108
090a0a16
02040f00
03100009
11090001
00090a0e
00040705
00000606
02040308
0b090915
03040f00
03110008
11070002
00090910
00060504
00000406
0305000a
0b080b17
02051000
04110009
12080002
00080910
00070403
00000206
0206000c
0b090c1a
03040d00
03110007
12090001
0007090f
00060405
00000406
02050109
0b080b18
03040e00
03120009
11090001
00090910
00060404
00000407
03060009
0b080c17
03050f00
03120008
11080102
00080811
00050505
00000307
01040009
0a080b16
05041000
04130008
11070100
00090813
00070604
00000506
01040008
0b090b17
04041000
03130008
12060101
000a0913
00090604
00000507
03050209
0b0b0b18
03030f00
03120008
11080201
00090912
00070504
00000506
02050108
0b090b18
04041200
03140007
11080202
00090814
00090604
00000607
02040007
0a0b0c18
02041000
03150008
12070202
00090813
000a0504
00000506
03040007
0a0c0c19
03031000
01110008
0f080100
00080710
00070604
00000406
01060209
0a0b0d17
03020e00
030f0008
0f0a0001
00080710
00050503
00000405
00050009
0c070d17
03040e00
020e0008
0f070002
0009060f
00040604
00000305
01050308
0b080b16
04041000
030f0008
11070001
00090811
00070603
00000105
0206010a
0b070d18
02040f00
03110007
11090101
00090812
00080505
00000508
03050209
0a090d18
03041000
02130007
100a0301
00090912
00070504
00000406
01060008
09090c18
04030e00
03130007
10090101
00080810
00050403
00000306
01050008
0a090d17
03030f00
03110007
100a0201
00080911
00060504
00000505
02050007
0a080d18
02030f00
03110007
10080200
00080911
00060605
00000406
02050107
09090c18
02020e00
02120008
10090002
000a0b10
00060505
00000505
0106000b
0a090b17
05040e00
05110007
10080000
000a090d
00060403
00000405
0006000c
09080b18
02060e00
06130008
10070000
0008090f
00080603
00000306
0105020b
0b090a18
02040d00
05110008
11080002
0007090e
00070503
00000305
0006010a
0b090b18
02050e00
040f0007
11080003
000b090e
00070305
00000406
0106000a
0a080b18
03070e00
04160007
110c0001
000c080d
00070405
00000405
00040109
090d0b18
03070c00
0b140005
0e0a0300
000f1409
00060605
00000604
0007010b
060f0618
07050000
0c0c0005
0b0b0005
00001703
03040402
00000900
0707000a
0b050410
00040e00
0c0b0006
11080008
000c1508
04070302
00000607
09070009
0b090c19
04030e00
050f0007
11080006
000c080e
00090000
00000605
04070008
0d090e19
03040f00
040f0007
11080002
0007080e
00080100
00000706
03070107
09090f18
03040f00
030d0007
10070002
0009060f
00070000
00000706
02080108
0a091017
05040f00
040d0007
11080002
0009060e
00060001
00000705
00070109
0b090f18
04041000
02100008
11070002
00090711
00080100
00000806
04070307
0a0a0f17
01040e00
04100008
12080001
0009050e
00070001
00000506
03070009
0a0a0f18
03041000
060d0008
10060003
0007070d
00070103
00000704
01050107
0a080e16
02040f00
000b0007
0f080004
0009040d
00070103
00000705
04060007
09090f15
05040f00
000d0007
0d070000
000a040f
00050408
00000707
07030307
09070d13
05040e00
000d0007
0d050100
000a0710
00050708
00000906
07010206
08090912
01030e00
000d0008
0c060004
00090710
0007080b
00000806
08010204
08080911
05030d00
000e0106
0a050000
000c060f
00020a0e
00000507
09000206
0807070f
03030e00
000f060a
09030005
00080810
00050e12
00000708
0e000605
0708030e
04030f00
000d0c06
08030006
000f010e
00011216
00000008
17000b08
04040209
05000000
201d0517
00132100
141a1f00
00002212
00000410
0006060e
00380a13
03001300
00050d13
00021400
00100025
0000101a
00000624
00000e07
00001213
02031100
0908000b
0e010003
0007040c
00010c0f
00000203
00000309
0d0d0712
05031000
060c0007
0e040001
00090a0c
0004070f
00000803
01000305
0b0b0911
02041000
020c000c
10070003
0007090d
0003070b
00000605
01020707
0a0b0913
04071100
030d0009
11040000
0009040e
00060508
00000604
02020408
0b0b0b13
02061200
050d000b
11050002
0008060d
00060307
00000506
01030208
0c0a0c15
04060e00
060b0008
10060002
0008070b
00070108
00000705
00020406
0b0a0c13
02050d00
010d0008
0e070003
00080709
01040208
00000706
06040506
080a0a11
03050e00
000b0007
0e050002
000b050d
01050207
00000407
09040409
07080b12
04051000
000d0008
10050001
0009070f
00050207
00000407
08040509
09090c14
07040f00
010d010a
10070000
000a080d
00070103
00000406
06060509
0c090d16
04090500
000f0703
0d090000
00060d09
00070103
0000050a
0506040b
0c050d14
000a1000
0011050b
0c070001
00060a09
01050106
0000020c
0606030d
06030913
05070e00
0113000a
10070000
0007090e
01060308
00000309
0604020a
08090a14
03050e00
02110008
11060001
0008080f
00070406
00000307
0504020a
0a090915
04060e00
01140009
13050001
000a0810
00080405
00000407
0604030a
0a0a0916
02071000
01120008
11070002
0009080f
00060403
00000208
0505030b
0a0a0a17
03040f00
0012000a
11070000
0009080f
00050506
00000507
04040409
0a090a16
03040f00
03120007
11080001
0008070f
00060405
00000307
0405010a
0a080b17
03040e00
03100009
10070001
00090710
00060706
00000605
04030207
0a0a0a15
02050f00
02110006
0f070002
0009090f
00060707
00000606
02030507
090a0a16
03040e00
0210000a
10090101
00070a0f
00040705
00000508
02040707
0b0a0a15
03051000
04100009
10070001
0008090e
00040705
00000305
00050109
0b090c18
04040e00
02100008
100a0001
0009080f
00050504
00000407
02050209
09080a17
03030e00
03110009
11090000
000a0910
00040705
00000505
03040208
0b090b17
02051100
03120009
12070102
00090712
00060704
00000306
02040208
0c0a0b17
03041000
03120008
11060002
000a0811
00050605
00000406
01040109
0c0a0c17
03041000
03110009
11070101
000a0812
00040604
00000406
01040109
0c0a0c17
03051000
03100009
12080001
000a0512
00050604
00000506
0305030a
0c080d17
03051000
04120008
12070001
000a0813
00060604
00000507
03040209
0d0b0d19
03051000
03120008
13060001
000a0812
00070604
00000507
0304010a
0d0b0c19
02031000
02110008
12070101
000b0711
00070604
00000506
03040208
0c0b0d17
03041000
03110009
12090101
00090711
00060604
00000506
03040208
0c090d17
02041000
02100008
10070001
00090611
00040604
00000405
03050108
0b090d17
03041000
010f0008
11070102
00090611
00040503
00000405
0206010a
0b080c18
03031000
03110008
100a0100
000b0712
00060404
00000507
03050009
0b090d18
04051100
03140009
13070101
000b0814
00090604
00000407
04040109
0d0a0c19
02041000
03150007
12080101
000a0912
000a0605
00000406
03050108
0c0c0c19
04040e00
03120009
11080102
00070712
00070604
00000406
01050208
0b0a0b17
03051000
03140007
10070202
00090913
00090605
00000507
04040007
0b0a0b18
02030e00
02130008
0f070102
000a0810
00060705
00000506
01040208
0a0a0a16
03030d00
02130009
10070001
00090b0f
00070604
00000506
02050009
0a090b17
02030e00
06100007
11090001
00090a11
00050505
00000406
0106000a
0c080b19
03040e00
04110007
11080001
00080a0f
00070505
00000405
0105000a
0a0a0a18
02050d00
05120007
12090101
0007090f
00070405
00000405
00050009
0a080a17
02050c00
05130009
11070001
0006080e
00080505
00000405
01040209
0b080a16
02051000
06100009
10070003
000e070e
00070505
00000406
01040209
0b0c0a17
04080f00
03120006
10080003
000f060e
00070604
00000505
0205010a
090e0b18
04080b00
0e120004
0b090100
00111603
02050703
00000802
0006000b
030f0717
01030a00
0d0a0006
0e090009
00051404
03050503
00000904
03070008
0d020816
03040e00
060b0008
10090005
000b0a0c
02050101
00000704
04070308
0d080c17
04041000
020f0007
10080005
0009050f
00080001
00000606
02080008
0a080f19
04040f00
050f0007
10070001
0008060f
00070000
00000706
01070108
0a090f16
03041000
03100006
11070002
00090610
00080001
00000806
04070006
0a0a1018
02030f00
030d0008
0f090001
0008070e
00070102
00000805
02070108
090b0e17
03040e00
050c0007
0f080001
0009040d
00070003
00000604
00060308
0a080f17
02050f00
020f0007
10070003
0008040e
00080104
00000505
06060207
09080e16
04061000
000f0106
0f060003
0009040f
00080207
00000608
09050309
09080d16
02030c00
000c0007
0c050000
0009040e
00050608
00000606
06010306
09080a10
04040e00
000d0006
0c050004
0009050f
0007080b
00000707
07000207
09070911
04030c00
000e0207
0b050003
000f040e
0002090d
00000508
0a000307
0708060e
04030c00
00110108
0a030100
000d0910
00060e12
00000609
09000408
0608030e
00030900
00100b07
06020006
000a070a
00070f17
00000108
15000406
0506000b
05000000
181d071a
00051f00
131b1900
00001e1a
00000510
0000150f
002e0310
01001200
00060e15
00051200
000f0423
01000e16
00000723
00010908
00001213
09031100
0706000d
0d040003
0006070c
01000c0e
00000400
00000406
0e0c0710
06050f00
030a000c
0e050003
0009030d
0003090e
00000603
01000707
0e0b0710
03051200
030c000c
0f010002
0009040f
00060a0b
00000405
01010907
0d0b0a13
04041000
020d0009
10040001
0008050e
00060407
00000406
01030308
0b0b0c14
03060f00
040c0009
11050001
0009060c
00050209
00000606
00030309
0a090c14
03070f00
080b000a
10050001
0008060c
00050309
00000506
00020208
0c0a0c13
05010e01
01080008
0e050004
0109040a
01050409
00000c01
06010403
0a0a0b10
03041000
000b0208
0d050003
000c040c
01030406
00000907
0b040808
09090c12
04050c00
000c040a
10070001
0008080d
00050107
00000507
0905040a
0a080d13
060a0c00
0012060a
0e060000
00070e09
00050207
0000070c
0705080d
05070b11
020a1000
0012000c
0e080001
0008090d
00070206
0000040c
0705040a
08080a13
02040f00
00100008
11070002
0008080f
00060207
00000207
0705000a
07070c17
05060c00
0111000a
12050000
0008070f
00070508
00000406
07030509
0a090a15
03060e00
01120009
11070001
0009080f
00070404
00000307
0605040a
0a090b17
02040f00
01120009
11080000
0008070f
00060505
00000507
05040309
09090b16
02040f00
02110007
11080003
00090710
00070403
00000307
0305020a
0a090c17
02041000
00100008
10070100
00090710
00060507
00000607
04040409
09090b15
03050f00
030f0007
10090001
0009080f
00040504
00000507
03050009
0b090b16
03051000
020e0009
10080002
00090710
00040807
00000605
02030508
0b090a15
03050f00
030f0009
11070001
000a060f
00060806
00000407
0204050b
0b0a0b16
02070f00
030f0009
13050000
0012040e
0a030906
0000040b
0704050c
150a0e16
02030f00
070e000d
10080003
000f060e
0d030606
00000308
0506000c
15061217
02060e00
020d0007
13070002
001d050e
13010706
00000309
0403030b
1e0a0f15
000c0b00
04000009
14070003
00110007
0b000a0b
00000306
0b05040c
27030e15
0a071000
0300010a
10050000
001c030b
0e000805
00000103
0805020d
22021214
07040f00
0600000c
14060202
000a0404
0700070c
00000308
0706000d
23050e15
00040d00
06000008
15050004
00180000
1400080b
00000400
0906000d
2d011114
01040d00
02000004
17090002
00190200
1700070b
00000300
0a05000e
2b001113
00050b00
03000006
13080000
00160400
1500070b
00000400
0904000e
27001012
00050b00
05000006
15070001
00120400
1500080c
00000400
0804000e
29000d12
00050b00
03000008
16070000
00170100
1600080a
00000200
0906000f
2b000e11
04020b00
02000006
15040000
021b0104
16000806
00000300
0b07000e
26001113
0c060d00
00000007
14060001
0113050a
0c000904
00000406
0807020d
1a040f17
000c0b00
03000005
13080001
00130007
0e000806
00000305
0b06030c
26001317
0d031000
0100000c
0d070300
02160510
0d000805
0000050d
0d050011
1a031414
07031000
070d000c
12070307
03260512
18010503
01000404
0805000b
21071117
0a080e00
06100008
12070000
00140811
0e010a06
00000406
0504000e
18091017
08041300
030f000a
12070102
02180711
0e030603
00000404
0006010a
160a1317
04051000
04110008
11090102
000b0912
00050605
00000707
03050009
0c090e19
02031000
0312000a
10070103
000a0911
00070905
00000706
01040409
0c0b0b16
03030f00
02120008
0f050102
000a0610
00060605
00000306
0204020a
0b0a0a18
04040d00
04100008
10080100
00090910
00050805
00000505
01040509
0b090916
03050d00
04100009
11060102
0008080f
00060804
00000405
0205030a
0c090816
04060f00
06120008
12080002
00080810
00090604
00000306
0106020b
0c080b1a
03060d00
06130008
13070001
00080810
00080605
00000506
0206050c
0d0a0a19
02050d00
0613000a
11060002
0007080f
00080605
00000405
0005030b
0b0a0918
02040e00
07110008
11070002
0007090f
00090405
00000406
03050109
0b070b18
03050f00
01100007
0f080002
0010060f
00060605
00000605
03040208
0c0d0b18
04060900
0a120006
0d090000
000f0e0b
00050605
00000602
0003000a
090d0817
04030100
0d0e0006
08080000
00071301
03050604
00000902
0006030a
090d0211
02021100
0a0b0007
1008000a
0009140b
03090402
00000806
05070107
0e0a0e1a
03050f00
040e0008
11090005
000b060d
00070000
00000606
03070008
0c0a0f18
04030f00
040f0009
10090002
0009070e
00070001
00000806
03070208
0a080f16
03050f00
050e000a
11050001
0009050f
00090301
00000706
02060409
0a0b0e18
03041000
050d0008
10080003
000a040e
00080101
00000705
02060106
0a091017
03030e00
020f0006
10060002
0009060f
00070003
00000705
05060307
0a080f16
04040e00
000e0106
10070003
0009070e
00080105
00000707
08050108
09080d15
02040c00
000d0007
0d060000
000b050e
00040508
00000808
07020306
08080b12
05040c00
000e0008
0d050000
0009070f
00060708
00000907
09010206
09090812
00040d00
000d0206
0a040005
000c020d
0007090d
00000807
0b010706
08090710
02040d00
00100308
0b020000
000f0510
00000e12
00000509
0b000709
0a09050e
07020a00
00110506
0a010004
020d090e
00050f18
00000308
0e00060a
0806010e
00000000
131f061b
00011a00
13111300
00011d1a
0000050f
0000160c
002c020f
03001200
00020c14
00041300
00110023
00000e16
00000620
00030a09
00001412
06060f00
0407000c
0c010001
0008060b
00030d0f
00000702
00000906
0c0b060d
06051000
0209000e
0d030002
0009030c
00050809
00000703
01000506
0c090a11
04051000
030d0008
0f050002
00080810
00070707
00000706
03020407
0a0b0a14
01050e00
030d000a
10040002
0008070e
00050408
00000605
03030407
0a0b0b13
03061100
050c000a
11060002
0007040d
00050208
00000506
01030108
0b090c14
07060e00
080b000c
12060001
0009050d
0007030a
00000703
00020508
0c0b0b13
08090e00
05080008
0f000005
0005030a
02080508
00000903
05030b08
0c0a0b12
04060c00
00090a04
09080003
000a0709
02050404
00000506
0b040807
0a070b0f
04081000
00100509
0a070000
000a090b
00030205
0000060d
0905040a
03050911
04060e00
0012000c
10080000
0009090e
00050105
0000040a
0705020a
06080c15
04060e00
00120009
11070000
0009080f
00070407
00000508
06030309
08090b15
02050d00
00130008
10080000
0007070e
00070205
00000408
05050009
08080a15
05060f00
00110008
10070001
0008070e
00060505
00000406
0405050a
09090a16
03040f00
02110007
10080002
00090710
00060403
00000307
0305000a
09080d16
02040e00
01100008
10060000
0009070f
00050506
00000506
03040208
0a090c16
02051000
03110008
10090002
0009090f
00050402
00000208
0306020a
09090c17
01071000
0610000a
14080001
000b0510
05050706
0000050c
0604010a
12090d17
01041100
060c000d
11070002
000e030f
0b020606
00000408
0204000a
19091116
00090a00
08000007
130a0000
000f0007
0f000909
00000907
0604020c
23050e16
03050700
0500050d
13050003
01190100
0f00080d
0000070a
0606000b
25040f15
0f040003
00000008
05070302
00000200
1400040d
00000900
04030409
21000b09
0b240000
01000004
020a0d00
000d0300
0d01070a
00000400
00060508
25000200
072b0000
02000000
00090003
00120000
0d130b0c
00000c0d
00030c02
1d000300
041e0c00
04140008
010a0d00
00110300
1013070c
00000709
0000060c
0d0c0011
00231400
031b0004
02071000
00000300
0e1e040b
0000050f
0a00090c
000b0010
05160c00
0212000a
080a0200
000d0000
06100405
00000404
03000308
010c0113
04300800
061c0009
090c0000
000c0500
0f1b0406
00000601
0101060d
000e0013
00320700
021f000d
0c0a0000
000c0a00
10210505
00000302
0901050c
000f0012
002e0900
021d000c
0d0c0000
000b0800
0f1f0606
00000403
0901060d
000e0013
002e0a00
041c000e
0e090000
000c0700
0f200707
00000500
0701080d
000e0013
002f0900
011c000d
0e0b0000
000b0700
0f210705
00000500
0701090c
00110013
002f0b00
0018000d
080e0000
00030300
0f170402
00000300
06020109
000e0011
03171000
0413000b
020a0d00
00110000
0a160509
00000205
00010108
0b0e0016
05220d00
04180000
020c1602
00080200
0d1e050a
00000703
00000308
050f0016
04200700
0012000a
000c1300
00020000
0d120507
00000504
00050008
15110008
0b280000
01000000
000b0204
00000000
0f17060d
00000600
02070308
23000300
070f0000
00000005
010d1900
00000000
0d05060a
00000500
0e05010f
27000301
03110500
0300000d
06080c08
00220400
14000913
00000b03
0804000b
20000715
09000b00
00000006
0d0a0002
03250004
16000708
00000400
0a04000b
20001215
09001300
0000000e
0b070104
0228060d
14000804
00000203
0805000c
1f021314
0b020f00
010c0009
0f090002
0525060f
14010706
00000505
0205000c
1b071217
0b031000
020d0007
0e080100
01150510
0b020805
00000404
00040509
10081315
03040f00
04100007
0f080001
000b0710
00020704
00000405
00050009
0b080c16
02040e00
05110006
10070200
000a0e10
00050604
00000405
00050109
0b090b18
03030d00
05110009
12090103
00070a0e
00060503
00000405
00060009
0a080a18
02051000
04120009
11090002
00080b0f
00060605
00000605
0006030a
090a0a18
03050f00
06130007
11080002
0008090f
00080405
00000506
0005020a
0a080b18
03040d00
04110008
10080001
00080a0e
00090503
00000505
01050008
0a090917
03050e00
050f0008
0e070002
0009060e
00070605
00000605
01040408
0a0a0b15
02070d00
060f000a
0f060001
000e060c
00070704
00000304
0004020b
090e0a18
08050500
0c100005
080b0000
000b1400
03030504
00000803
0006010c
070d0515
01030f00
0b080008
0f080007
00091009
02050504
00000a05
02070507
0b060a16
03041000
050d0006
10080006
000b070e
00070001
00000705
01070207
0b081017
01030f00
040d0009
11080000
0009060e
00060102
00000607
00070008
0b0a0f17
04020d00
040a0007
11080003
000a070d
00060101
00000703
00070107
0b090f15
03050c00
000d0004
0f080001
0009060d
00060002
00000707
05060107
09060e14
03040c00
000d0008
0e070001
000b080d
00070204
00000807
07050207
07080c13
03050e00
000d0007
0e080000
0008060d
00060507
00000807
07040108
08060a12
03050e00
000f0009
0d050000
000a050e
00050807
00000906
05010706
090b0911
02020d00
000d0106
0a070005
000b060f
0007080a
00000708
06020006
07080913
00021000
000b0405
07050001
000a050e
0002090e
00000707
0b000107
0605070e
05030d00
000b0505
07070001
000d050d
00000e12
00000009
09000109
0506050d
02000000
171b0019
02011900
11111100
00041a1a
0000060e
0000150e
002b0513
08001100
00080f11
00041200
00110120
00000a13
00000621
00030908
00001412
05050f00
0308000d
0d010000
0009020d
01030a0c
00000403
00000808
0d0b0910
06061000
010e0007
0f030002
0009060d
0008060a
00000407
04020409
09090b14
03050e00
020e000a
0f040000
0008060d
00060508
00000505
03020508
0a090912
01051100
040c000a
11060002
0008040e
00060409
00000506
00020407
0b0a0c13
04061100
050c000b
13060001
0009050d
00050407
00000504
00040409
0c0b0b14
03080d00
0708000b
13030001
000a010c
04000308
00000704
00040808
120b0e14
090e0200
00000001
0c060403
00120b01
0e000309
00000a02
05040108
0c050d0f
0b081403
000b0604
08070002
041d0a07
17020109
0600050c
0c030308
10040d0b
06040f00
0010030a
10060000
000d070f
00030308
0000030e
0b03030a
07080a11
03040e00
00110008
11060000
000a0710
00060305
00000309
08040309
09080a14
02060e00
00100007
12060001
000a070f
00060406
00000408
0704030a
0a0a0a15
03060f00
01110008
12070000
000a090f
00060506
00000606
0504040a
0b090b15
00041000
02100009
0f060101
00090710
00040606
00000606
02040407
090a0c15
02051000
020f0008
12080001
000a0610
00020505
0000040c
0406030a
0a0b0d17
02050f00
050d000e
13090001
000b050f
0c020608
00000609
04030109
1d0c0e15
07060900
0600030b
11070003
000a0406
0e000708
00000407
0206030b
1f081017
07000000
00000509
0b080000
00000000
1000050b
00000c00
0003020b
20000d10
08200000
01000403
00070100
00000500
0d0a0709
00000700
00040205
23000400
0d241500
00090303
000a0200
00000000
0b140609
00000a0f
0001050a
0b00010d
061f0f00
001b000a
010e0000
00090400
09190807
00000709
0101010a
000a0014
04291500
0115000a
090a0000
00070506
0b130609
0000030e
0402010b
030c0914
04111300
01180008
120c0001
000c070f
041c0605
0000030a
0205040c
0a0e0a16
01151200
0416000f
12090001
00080410
030f0404
0000000c
0306070d
090c0d18
03081100
03120009
12060001
00090510
010c0604
00000208
0105050b
0a090d18
02061000
02120009
12070001
00090610
00070303
00000207
0106000b
09080d18
02061000
03110008
12070002
000a0610
00070303
00000206
0106030a
0a090e18
04061000
02120008
13070001
00090510
00080303
00000306
0306020a
0a080e18
02040f00
02110007
11070001
00090710
00060405
00000506
04050209
09090c17
02041000
02120009
11080101
00090811
00070505
00000506
04040208
0a0a0c16
04051000
03120008
11070002
000a0611
00060505
00000505
03040208
0b0a0c16
01041000
02110007
11070001
00090812
00060505
00000506
03050209
0b0a0c17
02030f00
02100008
11080102
0009070f
00050304
00000405
0205000a
09090b16
03040f00
04110008
12090100
00090811
00050304
00000507
0105000a
0a080c16
03040f00
0410000a
10070101
000a0710
00090406
00000504
01030108
0a090b15
050e0f00
02100009
0e0a0001
0015070f
000a0605
00000405
00030008
0b0e0c16
03150f00
021c000d
0f0c0001
000b0710
06170605
00000506
02030109
0b180a17
05140e00
03170007
0e0b0000
0013040f
051b070b
00000505
01030108
0a140a16
0e120400
04150003
090f0000
00170600
0a1a080a
00000900
00000507
00100017
07250d00
0218000f
000e1000
000e0000
111a0d0d
00000901
00000207
00180010
0c100000
06000000
000a1800
00000000
0f1a0c12
00000c00
00010900
10150000
001d0000
00000000
00091604
00090000
11100d0b
00000800
0d030306
1f000300
02000200
00000304
030b0700
002d0000
1500070f
00000800
0b03000e
1d000813
09000e00
00000007
0a070000
0329010f
13000705
00000300
0c050009
1b001214
09041000
020d0208
0f070200
042b070e
12040707
00000404
0504000d
19091018
08040e00
05100009
10080100
00120a0f
06030605
00000405
0004010a
0f0a0d17
02040f00
050f0009
11060001
00080810
00040705
00000505
00050409
0b090b17
04030e00
050f0008
11080003
000a070f
00050404
00000406
00050109
0b070c19
03040e00
04100009
10070003
000a090f
00040605
00000605
02040208
0b0a0b17
03040d00
060e0008
0f080002
0007090e
00070504
00000405
00050109
0c080a17
01050e00
050d000a
0f080003
0007080c
00060505
00000305
00050309
0b090c16
05080f00
04100008
10090001
000f060e
00050506
00000305
01040109
0a0e0b17
04050d00
0c100006
0f080000
000c100a
01040504
00000703
0005020a
070d0917
03020c00
0c080008
0c080009
00050f08
02040403
00000801
01060108
0e050913
01031100
0808000a
0f060008
000a030c
01070103
00000605
00060008
0c090f17
03010d00
01070006
0e080004
000c050a
01030103
00000602
00060106
0a081013
04020d00
000b0007
0e0a0001
000c070e
01060002
00000606
05060008
07060e14
03050e00
000e0007
0e060001
000a070d
00080206
00000707
05050309
09090e14
04040e00
010e0007
0e070001
0008070e
00060307
00000407
04030309
09080b13
03060f00
000c0008
0d070001
0009050e
00060707
00000506
05020707
0a090a13
03040e00
000c0008
0c070002
000a050e
00060708
00000806
05010406
09080a13
00030e00
000c0206
0a050003
000b030f
00040a0f
00000607
0c000505
0607070f
01030e00
000c0407
09060001
000b0610
00000c13
00000409
0d000307
0607050d
02000000
17190018
03031a00
10111100
0000161a
0000070b
0000140e
002a0813
00001100
00091016
00041000
000e061e
00000912
00000520
00030a0a
00001313
06041000
000b0007
0c050000
0008060c
01030808
00000507
04010307
09080a10
03050e00
010f000a
11050001
0008080d
00050308
00000507
05020309
090a0914
03050e00
050e0008
10040001
0007050d
00050308
00000606
03030409
0a090a13
02051000
070d000e
12050002
0007050d
01040408
00000505
0003060a
100b0b13
02040f01
0704000e
11020002
0005010a
02030407
00000402
00040609
120b1111
0a050805
0f000418
09090b00
00030002
03070208
00000413
0007010a
1215140c
0c00003a
08000536
00062416
11110000
1e000510
07131707
00030009
32001b00
1c001727
00000101
00090a00
13540314
1c000108
00091118
06010006
22002106
06050d00
0010050a
0f030300
00110615
00040408
00000310
1003040a
06090912
03060e00
00110009
11060000
0009080f
00050305
00000309
08040409
09080a14
02050e00
0111000a
11060000
0009070f
00050406
00000608
06040409
0a0a0b15
02050f00
030d0009
10090002
0009050e
01020405
00000409
0405000a
0b090e15
00040b00
0504000b
11080000
00090409
0b000708
00000408
0204010c
1c0a0c14
0d020500
05000410
100a0000
00090200
0b000608
00000906
00050009
1e040b16
051c0000
00000407
01080000
00000300
0b06070c
00000800
00030301
20000400
071d1000
000c0000
000b0100
00020000
08110608
0000090d
00020509
0704000f
04201400
0117000a
040c0000
00040000
07130609
0000040a
01020308
000a0713
00161200
021b000a
110c0001
0008050e
040d0706
0000010c
0204040d
0b080b15
04091000
0214000a
12070001
0008060f
020a0304
0000010b
0305020c
0a090b17
03041000
04120007
11070001
00090713
00080505
00000607
04040209
0b0a0b17
03050f00
02130009
11060101
00080711
00080505
00000506
04040208
0a0b0b16
02041100
01100009
11050002
00090610
00040504
00000306
0206050a
0a090c17
03041100
03120008
14080002
000a0711
00050104
00000207
0206000a
0b090e18
03030f00
02110008
14080002
00090810
00040105
00000207
0206000a
0a080e17
03041000
03120008
13080002
00090811
00060103
00000206
0206000a
0a080e18
03041000
02120009
14080001
00090811
00050104
00000207
02060009
0a090e17
03030f00
02110008
13080001
00090711
00060102
00000306
0206000a
0a080e18
03041000
03110008
12080001
00080610
00070304
00000407
0306010a
0a080e17
02061100
030f0009
12060002
00090412
00070504
00000406
0206050a
0c0a0e18
03051000
030f0009
13070002
00090511
00070504
00000405
0106040a
0d090e17
04041000
020f0008
13060001
000a0611
00060505
00000406
0304020a
0b090d16
02051100
03110008
11060001
00090712
00080505
00000506
03040208
0b0a0c18
03051000
0312000a
12060001
00080612
00070504
00000506
03040308
0c0b0c17
03051000
030f0007
11060003
00090510
00060505
00000505
0205030a
0c0a0d17
03040f00
02100009
11060000
000a0611
00060505
00000406
02040309
0b0a0b16
04051000
02110009
11050001
00090610
00070605
00000706
02040608
0b0a0b16
04041000
03100008
0f080000
000a0711
00070504
00000406
02040107
0a080c18
04050b00
04110008
0e090000
0009090e
00070908
00000705
01020107
0b080916
03060e00
04100009
0c060001
0008090e
000b0b09
00000804
02000807
0b090714
05140d00
04170008
0f070001
0015070e
010b0c09
00000706
04000109
0a130415
02160e00
03150007
0d080003
0010090d
061d0b0d
00000804
03000207
08170314
05110a00
00140006
060c0000
00140000
0c1d0f0b
00000b00
00000907
00150014
00110000
000a0003
000a1200
00020000
0f190a0c
00000900
00040705
0317000a
000e0000
00000000
000b0300
00190000
0f090a0d
00000500
0404010d
17000300
03000700
00000008
050b0000
00270102
1400060a
00000600
0606000e
1b000d16
06001000
03000007
0b050300
042f060f
15000706
00000400
0404000c
1e051218
0c011100
030c0007
0e080201
0324090f
13030706
00000604
00050008
17071116
05050a00
040e0007
0d090000
00090a0f
00060706
00000705
01040208
0a080a15
01040f00
05100008
0c070002
0007080e
00070806
00000605
00030206
090a0915
03050f00
04100009
11080002
0009080f
00060505
00000404
0005010a
0b0a0b17
03060f00
07110008
11060001
0008060f
00080506
00000406
0105040c
0c080a18
02040f00
060e0008
10070001
000d060e
00060406
00000405
00040008
0b0b0c18
05050b00
0d0f0008
0e080000
000b0f09
00040706
00000703
00050308
090d0915
00000b00
0e09000a
0c080006
00030e06
02060405
00000805
00060008
0d090b13
04010f00
02060005
0c080009
000c030a
03050004
00000704
03050105
0a051014
05030e00
000a0105
0c070001
000d050c
03010104
00000606
05050208
07070e13
04030e00
000e0008
0f080001
000a070e
00060104
00000607
05060009
08080d15
03040e00
020e0007
0f070000
000a050e
00060207
00000507
05040108
09090b14
04040b00
000e0007
0f050001
0009060d
00060507
00000704
06030307
0a080a12
02050e00
000e0008
0f060003
0008060f
00060608
00000707
06020207
0b090913
02050e00
000b0107
0b040003
0008030e
00050a0f
00000607
0a010508
09060811
03040e00
000d0407
0a040003
000d0310
00010c12
00000407
0e000407
0806050d
01000000
171b0117
06021700
0f110f01
0003161a
0000060c
0000140e
002a0816
05001500
00060a0c
00031000
000f021f
00000813
00000422
00040b09
00001514
06061100
000d000a
11080000
0008090d
0004060e
00000707
03000608
080c090f
04071100
020d000a
10040002
0009060d
00030707
00000706
0203080a
0b0c0a13
00050f00
050a0011
11060001
0007050b
02010508
00000506
0002050a
110b0d13
05031100
07020011
12030004
000f0009
08000504
00000200
0008070b
160a1612
04081102
09010009
0d070002
000b0508
05070105
03000304
0008060b
0e051614
00050506
2100002d
03071000
07000400
0901000b
0200010d
00070009
14201411
22001f3e
1c000407
000e101e
30000000
10260014
0a191102
00000100
00002300
00000d25
00001b09
00060100
191c050a
090b0a0f
000a1431
15001605
00001d00
01040e00
000f0609
0e040300
000e0715
00030706
00000513
12030309
06090813
02050e00
000f000a
11060000
000b060e
02030406
0000040a
0904010a
0d0b0b14
00040d00
0306000a
11070000
000a040b
09000509
00000609
0304010a
1a080c15
08010000
02000308
0e080000
00000100
0b00030b
00000804
0304000b
1c030b12
06180d00
00060104
00080000
00000000
080b060b
00000906
00010404
16000300
091e1500
02150008
050d0001
00040000
050f0608
0000070c
04010209
000b0512
02161600
00100008
100c0000
0008080e
03090706
0000050f
0204010d
080a0c14
04051200
01110008
10090001
0008070f
01080105
0000040a
0405000b
09070c16
03040e00
0111000a
11070001
0008070f
00050506
00000506
04040509
0b0a0b14
03050f00
02100009
11070001
0009060e
00050405
00000106
0205020a
0a080c16
03041000
01120007
12070002
00090610
00060204
00000207
0205030a
0a080d16
03030f00
03110008
11090000
000a0712
00060405
00000607
03040209
0b090c16
03041000
03110008
11060101
00090812
00070505
00000606
02040207
0b0b0b17
00030f00
010f0008
10080002
0009070f
00040505
00000506
02060109
090a0d15
03020f00
02100008
13090101
000a0810
00030206
00000506
02050109
09080d16
03030f00
03100008
12080002
000a0711
00050307
00000506
03050208
09090c17
04041000
02110007
12090201
00090811
00070405
00000506
04050208
0a0a0c16
02030f00
02120008
11070101
000a0711
00070405
00000506
03040207
090a0c16
02031000
01100007
11090102
00090810
00050406
00000506
03050108
090a0d17
03031100
02100008
12080002
000a0810
00050204
00000406
0306000a
0a090e18
03031000
03100007
13080002
00090910
00050205
00000406
03060009
0b090d18
03040f00
02100007
12080002
00090810
00060103
00000206
0206000a
0a080d17
03040f00
01100008
12080002
0009060f
00060203
00000306
0306010a
0a080d17
04040f00
03100008
12070000
000a0612
00060504
00000505
02040208
0c090d17
02051000
0411000a
12050002
00090711
00060504
00000505
02050308
0b0b0c17
02031000
03100008
11070004
00080810
00060304
00000405
03060109
0b080d18
03041000
020e0008
10070002
0009070f
00050405
00000306
0305010a
0b080d17
03041100
020e0008
110a0001
00090810
00050404
00000206
0105010a
0b080d17
03080e00
050e000a
11090200
000b070f
00020607
00000511
0304000b
0a0a0d16
07030b00
030f000e
10090002
0021080e
11010809
00000904
05010209
17090b14
0b050d00
040e0009
0f060000
0013090f
0c040c09
00000a04
0302060e
10090913
04070e00
04110008
0f040000
0010080f
07060b08
00000806
0400070a
110a0813
03040e00
04120009
0e040001
000c090f
00070c0a
00000a06
02000907
0c0b0613
02040d00
010f0009
0e050001
0008070e
00060a08
00000705
03010507
0b0a0613
030b0d00
02130007
0f0a0001
00100a0e
000a0807
00000a06
03020307
09120818
010e0d00
0310000a
0d0c0002
000f090d
07190708
00000604
04020106
07140617
030d0b00
0311000c
000e1000
000f0200
0c1d090b
00000400
00040006
00160018
000b0000
0b00001a
000e1900
00000000
0b23080a
00000500
00050401
17050000
00000800
0000020b
000b0305
004f0000
22000711
0e140000
060b0013
2a000b12
0f001500
03000009
09040000
0a4b0710
27000b07
0c000600
05030013
29001015
0c010e00
040d0009
0e050000
011d0a12
0d040b0a
00000a03
0002060a
120a0f15
01030f00
04100008
11070004
00080910
00060804
00000405
01050109
0b0a0b18
04041000
0511000a
11090000
00090a0e
00040405
00000505
00050208
0a080b17
03040f00
070f0008
10060001
0009070e
00070406
00000405
0005000a
0b090c17
03040e00
090e000a
10050000
0008060d
00080607
00000604
00030208
0c0b0b16
01080700
10090013
0a080600
000d0604
0a01080a
00000813
0003020a
19160b17
05000707
03000005
08080006
041f0802
2300060c
09000c00
03040008
21000c0a
04001207
00060405
0a06000d
0015040b
0b000207
00000605
0b030206
0a060f10
05040f00
000a0108
0d080000
000c040f
02020204
00000408
09040209
08080d12
03061000
010e000a
0f080000
000a060e
00060306
00000506
04040409
090a0c14
04060f00
000e0007
0f050002
0008050d
00070407
00000506
0405030b
09080a15
03050e00
010f0007
0e060002
000a070f
00080606
00000607
04020207
09090a13
01030e00
010f0008
0d080003
0008050e
00060610
00000707
06020707
09070a13
01030f00
000e0407
0b040004
000c040e
00050b0f
00000407
0d000606
0708060e
02000000
181a0016
07051600
0d120e02
00011317
0000060d
0002110f
00290b15
02001100
000d1013
00041000
000f0520
00000712
00000421
06050a0c
00001415
04081000
020f000c
14000001
000a030e
0102080e
00000205
06000c0b
0e0c0810
02051100
08090012
11040002
0006020c
01020707
00000005
0005060b
100c0f13
0d040f06
08000011
0f020000
00040003
06000408
00000404
0004020a
1a0b1411
1119070a
00000000
08020005
00120000
0a050007
01000604
00080b06
1b00130a
07101105
0600000a
0e090103
00140005
05020005
0300030e
0108000b
0e041514
06000018
1e00001c
00041400
14160000
0c070010
0b090005
00050003
13231911
21001c19
0b001900
00061415
33000000
040b000e
060e1102
00000200
00091d00
01000a07
00001c0d
00010300
181a000a
01000b08
00070e2e
12001208
00000c00
00061000
0006030d
0b040200
000b0211
04000908
00000317
0d02050b
10080a11
09020100
0000020b
0b070000
00040300
0700050c
00000608
02050009
1706090f
08140e00
00050102
000b0000
00020000
06060409
00000807
00030406
14000704
04141200
00100008
0a090000
00050307
050a0507
0000050b
0502040a
03070812
030e1200
01120008
0f070000
0008060f
020a0607
0000050b
0403050a
08090a14
03040f00
02110008
11060002
00090711
00070306
00000508
03030209
0b0a0c15
03050d00
01110009
11050001
0008080f
00080406
00000406
04040509
0b0b0b15
03040e00
02130009
10080001
0008090f
00080205
00000607
03040108
08090b16
03050f00
01110009
11060001
0008060f
00070505
00000506
0405050a
0b0b0a16
02051000
030f0008
12050003
000a050f
00050305
00000207
0305020a
0b080c16
02051100
02110007
12080002
000a0810
00050104
00000207
0206010a
09080e17
04051000
020f0007
11090002
00090710
00060305
00000407
0205030a
0a080d17
03050f00
0210000a
12070001
000a0710
00050505
00000506
0205040a
0d0b0d16
02051000
020e0008
11060002
00090410
00050506
00000405
0205030a
0b090d16
03041000
010e0008
10070001
00080511
00060405
00000506
03050409
0b080d17
02040f00
020f0009
11070001
0009060f
00060506
00000507
02040309
0b0a0c16
04051000
02100008
12060003
000a0611
00050505
00000506
0305030a
0c0a0c16
03040f00
02100009
11070001
000a0611
00050505
00000506
02040309
0c090d16
02041000
02100008
10060002
000b0712
00080506
00000606
04030208
0b0a0c16
01040f00
010f0008
10060001
0008060f
00070505
00000405
03040308
090b0b15
02030f00
030f0008
10080001
0009070f
00060406
00000605
01040208
090a0d15
02030f00
010f0007
10070101
00090710
00050407
00000606
02050207
09090d15
04031000
000f0008
11080001
0009080f
00050303
00000306
03060009
09090d16
04041000
02100007
11080001
000a0610
00060404
00000507
03050109
0a080d17
02030f00
03110009
10070001
000a060f
00050505
00000506
00050209
0a0b0d17
02040e00
040e0008
10060001
0008060e
00050403
00000506
0105020a
0a080c16
03040f00
040f0008
10080002
0008050f
00050307
00000605
03050309
0b080c16
01051000
050e0008
11060002
00080610
00030506
00000407
03030208
0d090b15
01030f00
13060012
0f081000
0005030c
00090508
00000509
00050007
160b0f15
17000018
0300002d
000f080a
061e0000
09071d15
00002b00
00003100
1b060a00
04000710
0000001f
04010010
002e0001
0e001909
20001200
24092b0c
45000c06
04000d11
0000000f
09070005
00270005
0b00100e
1c001400
1c022b0c
44000d0e
04030d0d
0000000d
0e050000
00210208
0a000f11
02001301
0a01160b
28060b10
06040e00
01000009
0d020000
011b050d
0a000b07
00000401
0002050a
18060c11
05040d00
010a0009
0f060000
001a050d
07020805
00000605
0003070b
11090d12
04071000
040f0008
0f070000
0014060f
06050905
00000507
0104050c
0d0a0d16
02060f00
070e000b
10070002
000e060e
00070806
00000604
00030508
0c0d0b17
0c070300
12130013
05070400
160e0501
05170704
00000600
00090a08
0a280918
01000005
00000000
001d0000
00000000
1f000021
00180600
00090500
00000200
0c010000
00000000
00140000
000b1200
30000c0d
000e1010
0a041908
0b000000
00000400
01000005
07110002
00240100
1100060b
00000a08
0906030c
1600090d
06000f00
01000007
0f070009
0023090d
0a000707
00000600
0604030e
17040d16
06040e00
040d0008
0f070001
0018050e
05050506
00000404
0004040a
11080d15
03030f00
050e0009
10070001
0009070f
00050406
00000405
00040209
0b090c16
04040f00
0c0e000b
10070100
0008050e
00060505
00000404
00040109
0c0c0d17
00000021
2300001f
00071a0c
0e000000
081c0719
00100a0b
00060008
24271915
14000038
00000002
000c0a2f
05510000
16000712
01190a00
00020007
1b001f00
12001508
00000206
00060100
034b0712
1a00040a
01000605
09020307
0b001a07
03040f00
00080406
0d050000
0011050e
01000207
0000040a
0d020408
07060c0f
04040f00
000d0008
10070000
00110610
00030306
00000407
06040409
09090c14
05040f00
01100006
10080000
000b0910
00080206
00000706
05050009
08090c17
04040e00
01100008
0f070001
0008070f
00060607
00000707
04020407
09090a15
02040f00
010f0008
0e070004
0009070f
0007060d
00000507
06020608
0a080914
02050f00
000f0306
0d040004
00090410
00070910
00000708
0d000507
09080712
00000000
16190013
05081600
0d0f1201
00031412
0000040c
0003060a
002a0d13
02001100
000c1013
00051000
000e071e
0000060e
00000021
0206090c
00001417
01070d00
0804000f
0f030001
00040107
01000509
00000106
0004070b
0c0a0c0f
0d040e0a
0a000011
0a030000
00040002
0a00040b
01000307
00040309
18081410
131a0907
00070301
01060000
000a0700
07090007
00000113
06050a0c
09001405
03210e00
0c15000a
15060000
00080903
051a0001
00000013
090a0610
070a0a19
03080304
1e0c0010
0c080500
00000b00
05160010
0000060f
0009000e
100e0e16
0a00000e
1d00000c
00060009
110c0000
0f00001a
05160a00
00020600
15060e00
0e001b14
06001d00
0005161b
31010100
080f010f
090d1002
03000d00
0d100f00
00000004
0000200c
00000000
13180100
05000908
00070a2e
1101140a
00000a00
050d0900
00000605
00060000
000e0103
0808060b
00000704
05010306
0a00070a
03131100
000f0005
09060000
00060307
0409060a
0000070b
0602060a
01070912
020e1200
00110007
10080000
0009070d
010a0307
0000040b
0603030a
07090913
04060e00
00110007
11060002
000a070f
00080306
00000308
0504030a
09080b15
03050f00
0114000a
11060000
0009080f
00070406
00000508
05030309
090a0b15
03060f00
02120009
12050002
0008050f
00070405
00000407
0405040b
0b0a0b16
04050f00
02130008
11070000
00090911
00080306
00000608
04040208
090a0a16
03051000
03140009
12060002
00080812
00090505
00000607
03040207
0a0b0b16
00040f00
02110008
11070002
00090710
00070405
00000507
0205020a
090c0c16
03041000
030f0007
10080102
00080710
00080306
00000506
02040208
09090d16
03041000
03110008
11080102
00090810
00070306
00000407
03040107
090a0c15
03030f00
010f0007
11070001
00090810
00070306
00000505
03050108
09090c15
03030f00
01100009
10080101
00080710
00050306
00000505
03050009
09090c15
04041000
020f0008
10080002
0009060f
00060406
00000405
03040208
090a0d16
03030f00
0210000b
11090101
00080910
00040405
00000507
03040208
0a090c15
04041000
030e0008
12070002
000a060f
00050407
00000406
01040408
0b090c15
03051000
030f0008
11080003
0009080f
00050506
00000407
01050609
0b0a0c16
05041000
03100009
11080001
0008070f
00050307
00000507
02060409
0a090d16
04030f00
02110008
11090000
000a0811
00060405
00000607
03040108
0a090d16
03051000
03110008
11060001
00090611
00070505
00000506
03040207
0a0b0c16
05041000
0212000a
11060101
00080711
00090504
00000606
04050408
0b0b0c17
03050f00
04110009
10060002
00080511
00070507
00000505
03050409
0d080b17
03040f00
020f0009
10070101
0009050f
00070504
00000405
02050308
0b0b0c16
02020f00
020e0008
10080002
0009060f
00050304
00000506
02060109
0a080d16
06020f00
020e0008
0f080000
0008060f
00060406
00000605
01040508
0a0a0d15
02040f00
040d0008
10080002
0008060f
00050403
00000405
01060008
0b090d17
03050f00
050c0009
11070001
0009040f
00060303
00000404
01050108
0d080d16
04051000
060c000b
10050001
0009020f
00080506
00000704
00050308
0d0a0e17
04040d00
1709000c
0b0d1000
0007000c
00070605
00000807
00030507
0d0c1016
2a000c0f
0300053d
04000000
0f000000
0812280a
00002400
00184c03
0c2e0000
000a1f00
04000012
0014000b
00000000
0b190f00
35000000
132f0d1b
31000533
00091100
03000005
001a0015
00020000
05130800
35000000
222f1c1d
4100062d
00030006
06000314
00070010
00190000
070a1400
31000a00
2027351c
46000719
0001000a
0100000d
0000000c
001e0000
0b001107
35001100
191a221c
4000070a
00000007
0200000e
05000011
00210000
0a000e0c
2c000f00
1a0a270f
41000b0a
08000907
0100010d
07050000
0032020a
0e001108
1a000e00
1003290b
34000e11
07000f00
0906000a
0e040100
00350616
0f060c06
08000901
00030f0c
22080e1a
04030b00
0b0a0014
0c060500
0515040a
02050702
00000902
000b0607
0a190e19
15080000
0b00010a
00120008
01130000
0e06001a
0e060501
000a130c
0a0b0915
000d0000
00000910
000e0000
0a030200
1d001316
010b1432
0805230d
03000000
18000000
02000002
00100000
00201000
26000f09
00001800
0002000a
00000000
00120000
0f000009
00260d03
00002c00
1700071a
000c241e
00060007
0e00080e
1600141f
00000004
002b000e
00241a00
1900060e
00001a00
0305000a
17000e15
13011004
050a0008
101d0000
0119080f
0a050405
00000303
0005000d
0d080d16
06020f00
0d0d000a
0f070200
0007070f
02070406
00000505
00040008
0c0d0e18
0000000f
28000017
00071c00
14000000
030f0518
000e0906
00010301
03261717
06002333
0b002200
00080b32
14000000
07360613
01160702
00000b00
04161c03
0e001519
00000e00
00060001
08420013
0b00020a
0607010d
0802040c
00001a06
10041301
0009060c
0c040200
001a0619
0a060308
00000407
0a050509
07080d13
01050f00
000a0007
0e060004
000f010f
00050306
00000308
09060609
0c060e13
06050f00
000e0007
10060000
000e0410
00040306
00000606
0704030a
0a0a0e14
04050e00
000e0008
0f050000
000a060f
00070505
00000507
0204040a
090a0c14
02050f00
020f0008
0f060002
0008060e
00060607
00000507
04030308
09080a14
02030f00
01100108
0d070002
0009070f
0007080d
00000808
0a000305
0a090913
00000000
18190014
08041300
0c0f1104
00061316
0000090c
00000f0b
00290b16
00001300
000a0e1a
00020f00
000d051d
0100060f
00000123
00070d0e
00001418
0f050f07
07000011
0e080001
000a0002
0503040a
00000401
0005050b
15091111
121e0604
00070000
00060000
00000300
0509000b
0000020e
02040b0a
0c000f00
001b0f00
0113000a
10040000
00060807
05090004
00000017
0b070a0f
06060a14
02050b00
05110008
130a0000
00080c08
01060002
00000309
050a020d
08080d18
0c0d0900
1b110007
110b0000
00110b06
01150007
00000205
0009000d
05160b1d
04110000
2f150006
00050002
08091800
0b210312
040c0000
00060a0d
001f011c
1a00110f
14002401
00050d18
2b000c00
050c0012
08111104
06001300
0b0e0900
00051000
00001f04
00020000
050b0e00
08000707
00070839
19021609
00000203
01091000
00100008
09060000
0009080d
02090507
00000610
1002050b
05080610
02060e00
00120008
11050000
0009060f
00090306
0000040b
0803040a
08090a13
02050f00
00110008
11060001
0008070f
00060207
00000508
07040209
09090b14
02050e00
010f0009
11060002
0009050f
00070406
00000306
04040409
0a0a0b15
03050f00
01100009
11060000
000a070f
00070407
00000506
05030508
0a0a0b14
03050f00
02100008
12080002
0008080f
00050505
00000307
0405050a
0a0a0c17
04040f00
03120008
12070100
00090712
00070406
00000607
04030108
0a0a0c16
03051000
03130008
12060101
00090712
00080505
00000606
03030107
0b0b0b17
02041000
03120008
12050002
00080712
00090505
00000606
03030206
0a0b0b16
04051000
03120008
11060001
00080712
00080406
00000606
03030108
0a0b0b17
02051000
03130008
12060002
00090712
00080405
00000606
03040107
0a0b0b17
03051000
03130008
12060001
00090712
00080405
00000607
05030107
0a0b0b17
03040f00
02120009
11060001
00090711
00090506
00000606
03040208
0a0b0c16
03040e00
010e0008
10070002
0008060e
00050406
00000406
0305030a
0b080b15
03051100
010e000a
10050001
0008060f
00040506
00000505
0205050a
0b090b14
03051000
02100009
10050002
00080610
00070405
00000207
0205050a
0b080d17
02051000
03110007
11090002
0008080f
00060404
00000307
0305030b
0b080c18
03050e00
02110007
12090001
0008080f
00070306
00000406
0305040a
0c090b17
03050f00
03130008
11070100
00090711
00080405
00000607
04030307
0a0b0b16
03051000
03120008
12060001
00090811
00080505
00000607
03040107
0a0b0b17
04041100
03130008
12070201
00090911
00080505
00000706
04050307
0a0c0b16
04041000
03110008
120b0001
00090810
00070504
00000707
03050308
0b0a0d17
02040d00
020e0006
10070001
0007080e
00060504
00000505
03050208
0b0a0c16
03031000
03100007
0f080002
0008070f
00070504
00000506
02040207
0a090c16
04051000
030f0008
10080000
00090710
00060504
00000506
01050207
0b0a0b16
03040f00
060d0009
11080001
0007070e
00060404
00000505
01050209
0b0a0b16
03041000
040d0008
11070002
0008070f
00050503
00000504
01060308
0b0a0d16
02041000
090d0008
11080001
0007050f
00080101
00000505
00070009
0d090e19
18020c00
130d0033
0c090d00
02050409
000f0401
00000b03
0007060b
10190f19
30020f06
0300093f
08000000
0b000000
06162100
0c001900
03236308
15230a0f
02071e00
02000000
000d0000
00000000
05070000
0d000000
192f0011
0000082b
000a1800
03000100
00100000
00000000
02100000
0e000000
182b000c
0000062d
00091a00
04000000
00180005
00000000
01180000
15000004
1b2d0010
00000631
00091800
03000300
00160006
00000000
02140000
24000000
1a2c0012
0d000a2d
00031b00
02000502
001b0015
00000000
021c0000
2f000001
162d0420
2c000b31
00021200
02000911
00170013
00000000
03210900
34000000
162b1b18
3e000d24
00000200
01000002
0009001c
00470008
07000804
2e000800
0d251d17
3900190e
03000701
1b000022
02020000
07190612
06000907
0a000b16
000a0908
1410161b
06000009
00000500
00120017
03220000
11000000
06040600
000f000d
0e00140d
1a000000
00001e00
00140500
041f0000
0e000221
07131902
00090a0c
00000600
00120800
00000000
00080000
00000200
1e001e1c
000f1140
0000210a
00000000
55000034
11000023
003d0b00
15051400
25002a34
000f5104
00001c00
0a000000
1d110030
0300000f
000f0d15
00001c00
15005828
1e003700
0f004e15
1f100000
03000a15
00000005
00180003
001e1e00
12004132
13002200
0b005001
1d000004
1400120a
0e00000b
02170402
051f0f04
0b010c03
00000202
0203000a
0d0c0b17
04000014
2a000015
000d1c00
13000300
05000615
000b0e06
00020502
02231613
04002012
0a001700
00030a2a
13010000
0417040c
000c0b00
09000a00
0e131002
0000001e
00002200
0003000c
11190000
100a050b
090e0114
14050b06
00090d00
00031010
0000020c
0d020100
00220000
1b000610
0a150e25
19030513
38000e11
0e000c17
00000703
08060000
0956020c
20000205
060e0c00
11050009
2c00150f
11021203
000a0209
0e060400
04220317
17000208
00000605
07030309
0f061014
04030e00
000e0008
10050000
000f0510
00040306
00000406
05040409
0a090d15
04030d00
03110007
0f080001
000a070f
00070407
00000707
05030108
08080b14
04050e00
02100009
0e060003
0008050e
0006090d
00000806
07000707
0a0a0713
00000000
18190013
08041500
0b0e1004
00051016
0000090a
0001110c
00260c15
0b000200
00000b13
00060a00
000d0010
0400020b
00000010
000a0a0e
02001812
10120907
000c0305
02050002
000e0600
03060009
00000213
09050b0e
0500120a
00171100
02140009
11070002
00050908
020c0006
00000011
09070f10
06040e16
02050d00
02110007
140a0000
00060a0c
01070006
0000020b
0706000d
07060e14
04070e00
030f0009
14080000
0008090b
00070005
00000406
05060409
090a0c14
03060c00
0f0d0009
11070000
0007080a
00090002
00000305
0007010b
0b0a0f18
08040000
2e10000a
03070800
08081100
000d000b
00000204
00070008
051b0d19
15000013
13002c00
0003001c
2e110900
0a000314
03170f00
00031400
02000e00
00001100
00080308
00070700
001f130c
0b000405
0000092f
10050608
0000060d
01050f00
000f040b
0b040000
000b040f
00040507
0000050e
0f02080a
07090912
02041000
00110008
11050001
000b0710
00040306
00000408
07030209
080a0c14
05040f00
000f0009
11060001
000a0610
00050306
00000507
05040409
09090c15
02040e00
01100007
11080000
0009090f
00060405
00000508
05040309
09080b16
04050e00
01110009
11080001
0007070e
00070406
00000507
0504040a
09090b15
03051000
01100007
11080001
0009070e
00050405
00000207
03050409
09080c16
05041000
02110009
11080000
000a0711
00050505
00000606
03030509
0b0a0c15
03040f00
03110008
12060001
000a0711
00050506
00000606
02040309
0c0b0c16
03041000
03120008
12060101
000a0812
00080405
00000606
03030107
0b0b0b17
03040f00
03130008
12060101
000a0712
00080405
00000606
02030107
0b0b0c16
03041000
03120008
12060101
000a0812
00080405
00000606
02030108
0b0b0c16
03051000
03120008
13060002
00090712
00070505
00000606
03040208
0b0b0b16
02040e00
02100008
11050001
00090710
00060506
00000505
02040208
0a0b0c15
01051000
02110008
10060002
00090711
00060406
00000306
03040109
0a0a0b16
02051100
01100008
10060101
00090710
00050306
00000506
03050309
090a0c16
02031000
01100008
11090101
00090811
00050105
00000407
02060009
09090e17
03030f00
02100008
12080001
000a080f
00040305
00000406
03040109
0a090c16
03050f00
02100007
12070001
0008080f
00050304
00000507
0204010a
0a090c16
05041000
0311000a
13060001
000a0711
00060505
00000606
0405040a
0d0a0c16
03050f00
03110009
13050002
000a0612
00060505
00000506
0405040a
0d0a0c16
03050e00
0312000a
12050001
000a0812
00060505
00000505
03040409
0c0b0c16
03050e00
020f0008
10090000
0008060f
00050503
00000505
00050209
0b090b15
04041000
030f0009
10070001
00090710
00070504
00000605
01040507
0a0a0c15
06060f00
04100008
11070002
00080510
00060503
00000407
0206030a
0b0a0c18
04050f00
030f000a
11060001
0009080f
00060506
00000506
03040309
0b0a0c15
05060e00
050e0009
12080000
0009040e
00050503
00000505
01060309
0c0b0d16
03050f00
040e0009
12060001
0007050f
00070504
00000704
01060509
0c0a0c16
03040e00
080e0008
11090001
0008050f
00060200
00000604
00070007
0b090f18
0d020900
100f001e
09061200
06040a09
00080902
00001206
00051d09
0a270e19
27001200
00000024
00020300
00001200
0b050800
06000000
002d2008
0c1b0b1b
08061e00
01000000
000f0003
00000000
07040000
0d000000
1630000c
00000929
00081800
02000000
000e0000
00000000
01070000
0b000000
192b0009
0000082a
00091700
01000000
000d0000
00000000
01070000
0a000001
192b000a
00000728
00091700
01000100
000f0000
00000000
01060000
0a000000
192b000a
00000728
000a1900
02000200
000d0001
00000000
02080000
0b000001
172c000c
00000628
00081a00
02000300
00130007
00000000
01150000
10000004
1b2b000e
0000062f
00041100
00000b00
003a001b
0d090000
02160000
18000019
152d000e
00001030
00000007
26000010
00170c00
0b0f0000
04000404
00020125
000c0c01
030e1317
00000001
00000600
0013000e
120b0000
18000001
0c010000
000d0500
00000f00
010d0000
0000110e
00190000
00180900
1300000c
0100000b
000a0015
00000001
271f0000
05000008
00140000
00000000
22050725
00121400
0001000e
13000000
3750002b
25000009
00000000
08000000
181c604d
0f1e4c00
0000a218
10000000
00150500
0000020e
00000016
05003200
19006332
06000004
00006036
14180000
32000000
07000000
003b0008
05000000
1200233a
32000d10
00133a35
14000000
03000009
01000006
00000000
00181b00
12003630
10002800
00003503
16000000
0e00001d
2b000014
00170002
160d2500
10002920
00061e00
00000000
0a150f08
0c022219
0f001d00
00050837
12000600
0a10050c
000c0a02
0d000d00
16130e04
11000003
00002906
00000000
09000600
1900050a
041c0e00
08031404
00090000
1a56000b
000d1900
00090000
00000000
1c25060d
00200722
00000906
05000000
0023000b
16000000
00130100
00000600
1d450a19
00110916
03001207
02080000
1000110b
00000005
00070005
014e0215
1700040e
00080200
05040009
19000e16
0a031600
000a0109
0e060001
000e0516
0e020307
00000307
07040209
08050e16
07030f00
010e0008
0f070000
000e070f
00050506
00000606
04030409
0a090b14
03030f00
020f0008
0f060002
0009050e
0006070d
00000506
05020309
0a090a14
00000000
17180012
08071300
0b0d0e03
00070f12
0000060a
00030b0b
00260d15
0d000c04
0006170c
00080600
000a0413
0100030c
00000323
0a08120e
0000160f
00110e00
00120009
10080002
00070908
01090006
00000011
0a070e10
05050b16
04040e00
02110008
120d0002
00070a0b
00040007
0000000a
0407000d
06060e15
04050e00
0310000b
13080000
0008070c
00040009
00000208
0204020a
09070c14
07050f00
030f000b
13070000
0008080c
00060004
00000405
0206030a
0a0b0b15
03050e00
0d0d0007
12090000
00080a0b
00070006
00000505
0007000a
0b090e17
01040100
26100026
05091100
01060b00
0308010d
00000808
00050009
0d220c16
11000015
18001000
00030914
39000e00
0f000413
041c1100
00041900
00000900
00091800
000f0e0e
00020104
000e020a
08010806
00010640
19040a0b
0100050d
01070e00
00100408
0f040000
000b0810
00050407
0000030e
1103060a
07090913
03050f00
00110008
11050000
00090510
00060407
00000609
08030609
09090b14
03040f00
000f0009
10050001
00090610
00050406
00000407
05040408
09090b14
05050e00
010e000a
11060001
0009050e
00030306
00000607
04040409
0b080b14
02050f00
010e0007
10060001
000a070e
00050505
00000505
03040509
0b080c14
04041000
02100008
10060102
00090610
00080407
00000606
02040207
090a0c14
04031000
0110000a
11060001
0008060f
00060306
00000505
0205020a
0a090d15
04051000
020e0007
10070002
0009050f
00060305
00000307
0106010a
0b080d17
03050f00
02100009
11070000
000a0711
00050506
00000607
02040409
0b0a0d15
02051000
0211000a
12050002
00090610
00060505
00000606
0205040a
0c0b0c15
03050f00
03110009
12050001
000a0511
00060405
00000506
0305030a
0d090c16
03050f00
03100009
13060002
000a0611
00060505
00000605
0205050a
0d0b0d16
03050e00
02110007
11050000
00090610
00060407
00000506
03030309
0b090c15
03041000
02110009
11060001
000a0810
00080506
00000606
04040308
0b0b0c16
03040f00
02100008
12060001
000a0611
00080506
00000506
04040308
0a0a0b15
02041000
03110008
11060001
000a0611
00080505
00000606
04030307
0b0a0c16
02030f00
02100008
11060001
00090611
00080505
00000606
03040207
0a0a0c15
01040f00
010e0008
10080002
0009070e
00050406
00000506
03040308
0b090c16
04051000
010e0008
12060001
0009060f
00050404
00000306
0305050a
0a080d16
03040f00
030f0008
12070001
000a060f
00060203
00000406
0306010a
0a080d17
02040d00
020d0007
10080001
0008050e
00040405
00000305
0105030a
0b080c17
03051000
020f0007
10060001
0009070e
00060303
00000306
02050109
0a080d16
03041000
02100008
11070002
0009050f
00080504
00000507
0206070a
0b090d18
02041000
030d0006
100b0002
0008070e
00060503
00000306
00070109
0a0a0e16
02040f00
020c0008
11080000
0009070f
00040506
00000606
00040309
0c0b0e15
06050e00
030d0007
10090001
0008070e
00060303
00000604
00050307
0a080d14
03040f00
040d0008
10080000
0009080e
00050303
00000706
00060107
0b090d16
03060f00
080b0008
10090000
0009070d
00040200
00000605
00070008
0b0a0d18
18020200
150d002e
02070b00
0d0a0d00
03060500
00000a09
00071509
0d220f18
2e091500
0000001e
00000006
01040f00
10000800
09100000
052e2607
10071316
080c2200
01000000
000f0008
00000000
07060000
0d000002
182e000a
00000b29
01091800
00000200
000e0000
00000000
01080000
0b000002
1a2c000a
00000829
010a1500
03000100
000e0000
04000000
04070000
12000000
1b2c000a
0900102c
01091700
02000800
000e0003
00070000
04060000
19000001
182b000e
0400092b
00081a00
00000100
000e0001
00020000
04070000
0b000000
182b000a
00000b28
00091b00
03000200
00110001
00000000
00070000
0b000006
192b000c
00000729
00041000
00000a00
0036001a
12110300
01020000
14000013
122c000a
00000d2b
09000004
2300000b
001a0800
07230503
06090004
0000072c
000c090a
000d0d19
10000009
05000700
0006000f
13000900
1201010d
02090700
000e0d00
00000000
03091200
0001020c
00080000
002c0006
0a060000
00000022
0b0e0716
00000616
0a351000
04190009
0f140000
00030300
091d0000
00000009
03090316
00090a1b
152f1100
19120009
0d120004
00160100
042e2311
07000007
0009382d
000d0b20
14280000
16010000
000e0000
00013a00
11213f34
04020609
0002491d
00080011
00090031
1f000000
002d0209
00004100
17002a48
00043700
00000a00
00000000
3400003e
0700001d
00200008
01001000
18001722
09000700
0007161b
0e020000
0e00000b
28000007
001e0000
0c062900
1c003533
1b032700
00004301
0d0c0000
0d000914
19001509
0000082e
1f061400
16102b07
030c0400
00000a00
09010000
082b0f00
000f310d
00080000
000b0d00
0d0f060a
0009022d
1c00130c
00000000
02341300
0022030a
0e0d0000
000b0b0c
0c150306
00000436
1703080d
04090712
0b0e0200
211b0804
080a0000
00240b03
05370414
00000209
0002040f
0022031c
06000000
21000000
000d000a
030c1200
112d0d1c
000c0600
03040b00
05100000
12001600
00000309
05060003
00400612
12070507
02000201
0304010c
13020e18
04040f00
000c000a
0d050401
000b040f
03060308
00000506
06040308
09050e14
04050f00
010e0007
0e060001
000c050f
0005040a
00000307
03030109
09070c14
03000000
181b0010
0a081400
0d0e1105
00080e11
0000090b
0003090c
00240e18
01001000
000d160e
00090e00
000c0a1b
00000105
00000027
0b0e1213
0000131d
03040d00
01100009
130b0002
00080a0d
00060007
0000030a
0806000c
07070c14
03051000
040f000a
12080002
0008070e
00050108
00000207
0204010a
0a080b14
04050e00
040f0008
12060002
0009060d
0006010a
00000505
0304040a
0b080c15
05050f00
020e000a
12040000
0008080e
00050306
00000405
03040509
0a0c0a14
02040d00
0f0c0009
11090000
0007070b
00070006
00000606
0007000a
0a090d16
0000000a
2f02001b
00050e00
24020600
09000411
0308030d
00030008
12241216
3e000023
00000300
0009000a
3f021200
10000916
091f120d
00011800
00001300
00061600
0013040e
0e080604
000c0d11
060e0606
0000053b
1a04030e
02050810
02070e00
0013030a
0e040000
000a060e
00070308
0000040e
10030509
08090912
03040e00
000e0007
10060000
00090610
00060206
00000606
07030409
09080b13
01050f00
000f0008
10050001
000a050f
00070406
00000507
05030208
090a0c14
03040f00
000e0007
0f060001
000a050f
00070406
00000505
04040306
08090c13
03050f00
02130008
11080000
00090710
00070206
00000507
04050108
08080d15
03051000
03130008
12060002
00090711
00080405
00000507
03030208
0a0a0b16
03050f00
01100009
10050001
00090610
00070506
00000506
03050609
0a0b0c15
02051200
02100008
12070002
0008070f
00070303
00000108
0206020b
09090d18
03050f00
02100009
12070002
0008040e
00070305
00000306
0205050a
0c090d17
02041100
02100007
11070001
00090610
00070303
00000307
0206030a
0b080e17
02041100
02110007
12080002
00090610
00080103
00000207
0206010a
09090f18
04041000
010f0009
11070001
00090610
00060205
00000406
02060409
0a090e17
03041000
02100008
11070002
0008060f
00080304
00000207
0306020a
0a080e19
03050f00
020f0009
12070001
000a0410
00070505
00000406
0305040a
0d0a0d17
02040f00
030f0007
11070002
0008050f
00080504
00000306
03050409
0b090c17
03040f00
020e0008
12070002
0009050f
00070405
00000405
0205030a
0c090d16
03040e00
020e000a
11050001
0008050f
00070405
00000406
02040409
0b080c15
04050e00
000d0008
11060002
0007050f
00060304
00000405
03050409
0b080c15
02060d00
010d0008
10070000
0008040f
00060404
00000505
04050408
0b080c15
03040e00
040c0007
0f0b0001
0009050f
00050203
00000405
03070009
0c070e16
05040d00
010e0008
10080002
000a060d
00050306
00000604
02040408
0a090d16
02050f00
01100008
10070000
0009070e
00060304
00000606
0205030a
09070c15
01040e00
02100007
11080002
0008090f
00060404
00000407
03050109
0a090c16
02050e00
030e0008
11070002
0008070e
00050205
00000305
0306030a
0a090c16
05040d00
040f0008
11070000
0009050f
00080306
00000605
0405050a
0b080c16
03050e00
04100008
11050001
0008050f
00090401
00000505
02070408
0a0a0d17
02040f00
060f0007
10060002
0007050f
00080303
00000705
00070408
0b090d17
02040f00
080b0009
10070001
0007040e
00090401
00000604
00060408
0c0a0f17
15070300
0d0c052a
04070800
030e0200
02080b02
00000c03
0009190a
0c300e18
2d081900
0400002a
00000002
00080300
1f000600
03060000
002f2c05
00041006
090a2200
01000000
000e0003
00040000
0a060000
0f000003
1b2e000c
00000a29
00091700
01002100
0014000a
11000000
08010000
0e000003
232c0007
06000931
06000000
03004300
001a0000
01002600
23000000
02190000
222b040c
00000710
0c000200
00000800
0016001c
00004200
2f000000
0a160000
2e2c0e10
06000032
0c020a00
0f000700
00100008
04031300
34000000
1a000000
2c2e000c
14000828
06062700
05000b00
000d0014
09060000
090a0000
12000001
1b2e0009
0500082f
00000000
00001600
00360024
10090f00
05000000
12000022
002c000c
0000081d
00000404
1700002b
001b0b05
05060003
07000000
0000082e
00110903
0f0c100e
000d0001
00000000
00030012
0d020000
10000005
0e000a00
000f1209
00000c00
01001200
0008010b
000e0200
00160711
0d000000
05000021
0e0e0115
00000f16
02040f00
0713000a
160a0001
0008090f
00080000
00000009
000c0111
0a06121d
03051200
06100007
170b0003
0009060e
000b0000
00000005
010c000d
0b07131d
0e120f00
180f0604
16172a01
0011070d
00100000
00000215
000c001a
09101328
3d000000
1b00010d
001d0000
0f000000
1d00373e
00124600
00005500
1a000000
0027001d
03000205
00000006
00092800
26005943
000c2d00
10007406
07000000
20050006
2c00001f
001d0000
12000e00
21004030
0e0b2900
00006600
00100000
07000218
19001300
0000002e
20060d00
0f00300d
02120000
00011700
00000500
01000d00
0008160b
00010300
00100e0c
06000206
0200032a
1d020e0d
0000010d
03060c00
00130407
0f050000
000b080e
00060106
00000410
1204040a
05080912
040c0c00
00160108
10050000
0024060e
00070506
00000509
0a030409
08160819
0b0b0000
1a140804
02110000
09220800
05220812
00000d02
0002020a
002d0016
0000090e
00000000
000c000a
004e0000
1c000e1f
00120f00
00030a07
16000100
17001302
00000008
07070500
04610619
1f050207
00000405
0505000d
1f041218
05031000
010e000a
0e080602
000b060e
0504020a
00000406
06030009
0a060e14
05000000
191a0012
0b081400
0d101205
00070b12
0000080a
00030a0c
00240e18
02001100
000a100f
000b1300
000e0f1f
0000000c
00000124
030c030e
0000151b
05030e00
020f0009
130b0001
0008070e
00050007
00000307
04040109
09070c13
02061000
030e0008
12050001
000a050d
00040207
00000406
02030409
0b090b14
04051000
040f0008
13050002
0009050f
00070109
00000405
0205050a
0a080d15
03050e00
030e000b
11040000
0008070d
00050309
00000406
01030408
0a0a0b13
02040d00
1d0a001c
100b1800
0005070a
000c010a
00000412
0006000c
15200e15
08000024
2200002c
00030014
28000000
1900021b
0a260500
00010003
1f17150b
2b000021
00001709
00050005
2f0b0f00
12000d14
051c0e39
17011508
00000700
02051800
00110109
0e060202
000c080b
05050407
0000062d
0b03050d
05070912
02040c00
00110109
0f040000
0009070d
00050308
0000040a
0a03050a
08080913
03040e00
000f0009
10060000
0009090e
00030409
00000607
07030509
09090912
02050f00
02110009
12070000
000a070e
00060306
00000407
05030309
0a090a15
03051100
010f0009
11060003
000a050e
00050406
00000507
03040309
0a090c14
04040f00
02110008
12060000
000b0711
00060305
00000507
04040109
0b0a0c16
02040f00
03110009
12050002
00080711
00070406
00000506
02030108
0b0a0b16
02050f00
02100009
11050002
0009070f
00080407
00000506
04040407
0b0a0b15
04061100
01100008
12070001
00090910
00060405
00000307
0306060a
0a0a0d17
02041000
02100007
12070002
0009060f
00080104
00000307
02060209
09090e18
03031000
01100007
12070000
00090710
00070104
00000207
03060009
09080e17
02020f00
02120006
12080001
00090a10
00070105
00000607
03060008
09090e19
05040d00
02110006
11080100
0009090f
00060205
00000607
04050108
08090d16
02050e00
02120007
11090001
00090b0f
00060405
00000507
04050208
080a0c17
03050f00
02110007
11080001
0009090f
00060405
00000507
03050309
08090b16
03040e00
03110006
11090001
0009090f
00070305
00000507
03050209
09090b16
03050e00
02120008
11070002
0008090e
00080406
00000406
04040209
09090b16
05050d00
02120008
11070001
0008090e
00080403
00000406
0405050a
090a0b15
02050d00
02110007
10060001
0007070d
00070304
00000506
0405050a
09080b15
02050e00
030f0007
10080001
0007070d
00060302
00000605
04060409
0a080c15
02050d00
03100006
100b0001
0007080d
00070205
00000507
01060009
09080d15
05051000
02100009
11070002
0009060e
00070405
00000507
04050509
090a0c15
05040f00
01100008
11080000
0009090f
00060303
00000507
0405000a
09090c17
03060d00
02100008
11060001
0008060f
00070303
00000406
0406020a
0a080b17
03050c00
03100006
11050002
0006050e
00070304
00000505
04060309
0b080c16
04050e00
030f0007
11060000
0009060e
00060303
00000506
0306020b
0a090c18
03040e00
040f0007
120a0001
0008080e
00080200
00000507
01070109
0a090d19
02040b00
050f0008
11090001
0006080d
00070200
00000605
00080208
0a0a0d17
02060e00
0a100008
11080001
0007070e
000b0000
00000706
00070008
0b0a0d19
0f030500
0e0c0029
09050c00
02050702
030e0800
00000c07
000a1506
082d0d18
310a2400
00000023
0005000b
00000200
130c0500
05000000
0131250a
000b101e
010c1e00
03000700
000e0000
00000000
060e0000
0d000004
182d000b
0000082a
000e0000
00002300
00190006
00001b00
0e160000
0b000000
112c0508
00070015
190e0000
00000f00
001e0000
00000000
2d000000
111c0000
001f160a
00000000
00000000
00000000
00290000
00000000
36000100
19190000
00330014
00000000
100c0000
17000000
00200000
00002700
2e000000
101c0000
002e0008
00000300
00032a00
16001600
00120026
07000b00
2d110000
1800000c
152e0009
0900062e
0000000d
00000d00
0034002b
101e0000
00000000
14000328
002c0009
00000d1f
0700000c
17000028
000e1b05
0a000000
0d020003
010b071c
00100f00
111a140a
0d040005
00000800
000d0009
0d1a0300
14000000
0a000018
02110910
00000b00
00010b00
000d010d
000d0b00
000e0711
04000000
06000028
160d0015
01040e1c
05010300
09100009
13120000
00061708
1c040007
0000010f
020c0010
1f05121e
22001204
05000009
0f0f000b
03132207
21000007
00000400
040c000d
1400141b
160a0f00
13080622
13162005
02180c0d
04170000
0100000a
0e0c0012
141b1323
2a0d0000
00000d00
000c0006
1f000000
19073108
0c010d06
000d3d06
00000000
0000000f
1100002e
00100016
0d130000
200c2002
0d080014
001b0d15
00080c03
21000000
42000013
00200000
14260000
17003421
21020700
000a392a
00000f00
00000022
1c001d00
00000032
2c000300
0b041d18
011e0d00
00041200
00000c00
05001100
0008060d
00070600
0029080f
0e020005
0000022e
1803060d
00000610
02050d00
00130507
0e050000
000b080f
00040307
0000050d
1103040a
06090912
03030c00
00100008
0f060000
0009070f
00060406
00000508
08030209
07080914
03090b00
0f120a09
0e080000
0021060d
001c0806
00000607
0403040b
08230822
0b130000
22150a00
000c0000
002c0500
15360c25
001a1700
00000f0c
00250020
00000006
03000001
000a0003
015b0000
1c001217
00190e00
10000d05
2d000300
17001203
0100000a
04050304
054c0610
1c05040c
05000302
0102000d
1d010c19
05000000
1a190010
0c061700
0a101005
01080a13
0000070b
00020c0e
00220d18
04001300
000b0e11
00041400
000f0a23
00000610
00000223
00060c0b
00001318
03050f00
030e000a
12050002
0007060d
00050407
00000306
0204040a
0a0a0b14
02041100
040d0009
12060003
0009050f
00050207
00000405
02030209
0c0a0b15
02031100
030f0008
11070002
0009050e
00050007
00000306
02040009
0a080e16
04030e00
030f0009
12050001
0009060e
00040309
00000504
01030408
0b0a0c14
03050e00
21110014
10040000
001f070c
01180306
00000304
00030408
0b250a1a
22140012
35010000
000b0019
09003100
10190220
032b1300
0005110a
00120100
04331b00
0015140c
00040013
00000900
10100f11
040f0f4e
1c042d11
00000002
01061300
00130207
0b070001
00080609
030a0307
0000071e
0c03050d
03070911
03040f00
000f0009
0e060000
0008060d
00050405
0000030b
08040209
09070a14
03050e00
010e0009
0f060002
0008040e
00070508
00000506
06030609
0a090a13
01050e00
020e0009
10050000
0009050e
00060407
00000406
03030309
0b080a13
03031000
020e0008
10060004
0009050f
00060306
00000605
06040207
0a070d15
03040f00
00100007
10060000
000b0611
00060305
00000407
07040208
09080c15
03050f00
02130008
11060101
000a0711
00070306
00000508
03030108
0a0a0b16
03040f00
01120009
11050002
00090711
00070406
00000506
03040208
0a0b0b15
01040f00
010f0009
10080001
0008090e
00040306
00000506
03060309
0a0a0c16
04041100
01100007
11090002
0009080f
00050104
00000507
03060109
08080e17
04040f00
01120007
12090000
000a0a10
00060405
00000607
03040308
09090c16
04050e00
0212000a
12090001
00080910
00060505
00000607
04040608
0c0a0a15
02050f00
03100007
10070002
0009070f
00050504
00000606
04040308
0c090c15
02040f00
0210000a
11060101
0009060f
00060405
00000605
03040409
0a0a0c15
02040e00
020f000a
10060102
0008050e
00050405
00000406
0305040a
0b0a0b16
03040d00
03100009
12050001
000a070f
00040306
00000405
0305040a
0b070b15
03030f00
02100008
12040002
000a0710
00050407
00000405
0104020a
0b080b15
03040f00
01100008
11070001
0009080f
00050304
00000407
0306020b
0a090c17
02030e00
02100007
11090001
0009070e
00050103
00000406
0206000a
09080c18
03050e00
020f0007
11080002
0009080e
00050204
00000306
02060009
0a080c17
03040e00
03100009
11090001
0009070e
00050205
00000307
0206010b
0b080d17
03040e00
020f0007
11070001
0008070e
00060306
00000405
0305030a
0b080c16
05060e00
01100009
12070000
0009060f
00060504
00000506
0306050a
0a090b16
02051000
03100007
10080101
0009070f
00070300
00000708
03070208
0a090e19
03041000
02110008
10090001
0009070f
00070301
00000706
01070208
09090e18
02050f00
05100008
0f090000
0008070d
00070302
00000707
00070108
0a0a0e19
03051100
040f0008
10080001
0008070f
00060300
00000707
00070108
0a090e19
02050d00
05100009
10090000
0008060e
00060200
00000605
00080108
0a0a0f18
02030e00
090c0008
10090000
0009060e
00060100
00000604
00070007
0b090f18
17000300
0f040038
07031100
01010400
06070800
00000a04
000e1c06
15270e17
2e032000
0000040b
00050009
00000000
0b0f0500
0b010000
1230230c
00040f24
010a1c00
00000200
000f0000
00000000
03070000
0c000000
1b2e000b
00000929
000e1500
03000400
001e0008
00000000
05310000
16000001
1c2c000b
00020433
000a1b00
04000200
001f000b
00000000
0e3c0000
1d000000
1c2b0006
00050333
001e2800
03000000
00280003
00000000
0a360000
1c000006
112c000b
00001432
000d1600
00000000
00210000
00020000
0a2b0000
17000000
13280c0f
00001d24
25151f00
0e000a00
00180014
0d000400
070d0000
0e000007
00300007
00002029
00080011
14001004
00380024
0b130d00
02000002
0e000540
002a050a
00000f17
000b0003
0e000025
00070813
001b0100
0c000500
0200000f
00120d06
0923090e
13070a0a
00000000
000e0002
112d0a00
19000000
0e000013
0110040b
00000c02
06000800
09050315
000e1b00
01120705
02100000
0000001d
0d0d0013
0b131021
15000012
19000013
000e1600
150a0000
1909141c
00273c00
00061100
1e000600
2300000c
0700001c
00090017
002c1200
28002a00
000c1d04
001a371b
24000000
20000012
18000008
00200c00
0a160f00
2b000425
170f3700
0008000e
2d00020c
1b000007
04000a0e
00280000
09001b00
1d000600
000c1b00
00150000
00000000
05120000
0d00000a
00080016
23011400
25000d17
16070000
001b1e02
07000000
15000000
3300000d
00220105
0b060000
0a070007
08000017
000f0000
00001400
0500001f
2e001300
000d0035
26001d00
07140619
021f1100
00040d00
00001300
0f001600
00000907
00050203
0034081a
0b000303
0604021e
0f020910
01000f11
05050d00
00110709
0e050300
000d0811
01050207
0000030c
0f03020b
07080b12
04040e00
00110007
0f070000
0008080e
00070407
00000408
08030209
07090913
03040d00
00100009
0f050001
0008070e
00070506
00000607
0404050a
090a0a14
0c180d00
061a0105
0d0a0002
0027050d
0120060e
00000307
04030009
08220a1a
09100000
1a160702
00130000
00260700
102e0d14
00001000
00000c07
002f001a
05000401
00000000
00080002
00530500
2000111c
00110500
0000060a
14000000
12000102
1e0a0013
0b080300
0c4d1507
15000a13
0000050b
00030a12
0c150f21
03001200
00090f10
00041300
00100523
00000710
00000324
00060d0b
00001418
03041000
040d0008
11070002
0008080e
00050508
00000405
01040308
0a0b0b15
04041000
020e0008
11080002
0009070f
00050408
00000505
02030408
090a0b13
04041000
030f0009
11060002
0007070e
00050206
00000506
02050009
0a090c14
05041000
030e0009
10060001
0009050e
00050306
00000505
01030308
0a0a0c15
06070f00
0a110008
13070001
0016060e
00090207
00000704
00040309
0a100c17
10210e00
08120005
12050002
072a160c
000f030a
00000406
06020d09
0a1a0916
01151200
001a000d
110a0002
0008110c
04120207
0000061e
0b020b0a
070b0913
05050b00
000f0009
0f060001
0008070d
00050207
00000507
08040509
07080911
03050d00
00100008
0f060000
000b070f
00070307
00000408
08030309
09080a15
05060d00
01110008
10060001
0008080e
00070406
00000307
0404050a
0a090a14
03040e00
03110009
10070001
0008070e
00070306
00000508
02030209
090a0a15
03041000
030f0007
10050004
0008060e
00050306
00000505
04030307
0a080c14
04041000
00100009
0f060000
000c0510
00040405
00000408
0605020a
09090c15
02050f00
0210000a
12050001
000b0710
00060406
00000606
03040509
0c0a0c15
03051000
02100009
12050001
00090510
00060405
00000506
0304050a
0b090c15
02030f00
020e0009
10050001
0009050f
00060406
00000506
03030208
0a0a0c14
02031000
01100009
10060001
00080710
00060406
00000505
03050409
0a090c14
04040f00
010e0008
11070002
00090410
00060305
00000405
04050209
0b080c16
03050f00
020d0009
10070000
0009060e
00040405
00000405
0305020a
0b090c15
03041000
010c0008
10080002
000a070f
00050304
00000305
0105020a
0b080d16
03040f00
030d0009
10070002
0009050f
00060405
00000405
02050309
0c080d16
02030f00
020e0007
10090001
0009070e
00050406
00000605
02060408
090a0c15
05060f00
030c0008
10080101
0008040f
00060302
00000506
02050208
0b070d16
02040f00
010e0008
10060001
000a060f
00050404
00000605
02050409
0b090d16
02030f00
020e0008
10060001
0009050f
00050305
00000506
02050109
0a090d15
04040f00
020e0009
0f070200
00090610
00070505
00000704
04050406
0a0b0c15
03040e00
010f0007
10070002
0008060f
00060403
00000705
04050108
0a090c16
01030d00
010f0008
10060001
0009060f
00040304
00000505
04050309
0b070c16
04060f00
020e0009
11070000
000a050e
00050303
00000305
03050409
0a090c15
03050f00
010e0008
10070001
0009050f
00050301
00000507
02070209
0a080e18
03030f00
010d0008
10080000
000a070f
00050101
00000505
01070009
09090f18
03040f00
010d0006
10090003
0008080f
00060301
00000506
01080208
09070e16
02040c00
040e0008
100a0000
0008070e
00050101
00000607
00070108
0a090e18
03040f00
040c0008
0f080101
0009090e
00050201
00000606
00070008
0b080e18
03041100
040d0008
110a0001
0008060e
00050200
00000605
00070008
0a0a0e17
01040f00
090c0009
10080001
0008050f
00060201
00000605
00070007
0b091118
13010000
0f000a21
00021900
0f010400
09040c00
00000704
00101702
0a290c16
38002900
00000016
00030012
00000c00
17000200
0c010000
052f180c
01001121
01091c00
00000100
000e0000
00000000
03060000
0a000000
1b2d0009
00000927
000a1800
01000100
000e0000
00000000
01070000
0a000000
1c2d0009
00000729
000a1700
03000000
00110001
00000000
02050000
0c000000
1c2d0009
01000729
000a1800
03000100
00100000
00000000
01080000
0b000001
1a2b0008
00000829
000d1800
02000300
00100000
00000000
020a0000
0c000002
1a2c000c
0000082b
000a1800
01000f00
00160019
0b000000
010a0000
0c00000b
172d000b
0000092d
0000040c
2600000c
003b0d17
09120201
01000001
11000a2e
0d20000b
00061219
0e00000d
1600002c
00110028
0d000000
0a0a0300
00101300
00131500
041a1901
0e000023
00000300
001b0003
1b190800
13001114
06071f0e
010b2e04
00000b00
0e000400
00131700
000c1900
16110c06
05020000
05000020
0b0c0010
00120d1c
08000000
17000120
00161800
1f001500
17001913
003c3100
000a0d07
000f0000
0a000000
04000021
001a000f
02210500
2c003300
00181507
00213812
00000000
36000026
20000d00
002e000d
0d001300
130c172f
04142418
00003900
00001300
002b0000
19000027
00150000
00000000
24003e00
00000200
001f3a1a
00130000
32000015
18000000
000c0000
24001500
26000010
0f0a0000
000a0a09
00001000
00000000
2704000d
001c0500
08041500
0e000006
09000623
000b000e
00000308
1100000c
34000000
00050c1d
20001800
0a0b061b
00200b00
00051202
001a010e
12000614
00000300
00050022
164a0002
13000412
0518020e
0c02140e
00000f00
0c050f00
0010070b
0f060700
001e0919
08040306
0000041d
1203050c
07080a15
04060d00
00100007
0e050000
000a070f
00040507
00000608
0702030a
08090912
03030e00
00110007
0d060000
000a090d
00050506
00000608
03050209
070a0a15
03040d00
00110007
0d090002
00090b0d
0005040a
00000408
05040009
07070a14
07080f00
10150209
0e070000
0021050d
001d0d0a
00000407
02000109
08240720
0c070000
1d110200
00120008
0f1f0d00
103d0f1b
000b0c00
0003080e
00270020
06000503
1b000010
00080000
0b44170e
13001a15
00000600
0002040a
02000d06
03001300
000a0f13
00051300
00110723
00000711
00000324
00050b0b
00001417
05060f00
030d000a
11040002
0009050e
00050509
00000405
01020308
0b0a0913
02051000
010f000a
11040002
000a050f
00060408
00000505
04020507
0c0a0b14
03040f00
020f0008
11060001
0008070f
00050306
00000505
02030009
0b0a0c15
03060f00
030d0008
10050001
0008060e
00060307
00000606
02030209
0a090c14
03050e00
030e0008
12060001
0008060e
00050306
00000604
02040408
0b0a0b15
04050d00
03100008
12050001
0007080d
00070308
00000706
06030609
0a090a15
01050f00
010f0009
11050003
000a060e
00060307
00000407
07030409
0a090b13
03050d00
00100106
0f070001
0108060d
00060205
00000407
07050408
07090b13
02020f00
01100008
0d070000
000c0710
00030406
00000408
06040209
09080c14
03041000
01110009
11070001
0009080e
00040407
00000406
03040208
0b090c14
03040f00
040f000a
10060000
0009070f
00050406
00000506
02030209
0b0a0c14
01031000
060b0008
0f060005
0008040e
00030409
00000603
04030107
0b070d13
04030f00
000c0008
0e070000
000d0710
00020408
00000608
06050509
08090c15
03041000
010d000a
10070001
0009080f
00030306
00000406
0305010a
0b080d17
02041000
020d0006
11090002
0009090f
00050204
00000407
0205000a
09080d16
05051000
020e0009
11070001
0009050f
00070305
00000406
02050209
0b090d16
03030e00
020f0008
10050000
00090510
00070506
00000506
0205060a
0b0a0d16
02020f00
020e0008
0f080002
0009070e
00060303
00000605
03060208
09090d16
03040f00
020e0008
10060002
0008050f
00060405
00000604
03050408
0a090c15
03041000
020f0009
10040001
0008040f
00060304
00000706
03060508
0a090c17
03041100
02100008
0f080002
0009030f
00060203
00000507
03070109
0b090f19
04050e00
020e0009
10070001
0009030f
00060505
00000605
02050709
0c090d16
03050e00
030d0008
0f090001
0009050e
00060401
00000605
02060309
0b080e16
02040e00
020c0007
10080002
0009040e
00070304
00000504
02060108
0a070d15
05041100
010d0008
10080002
0009060e
00060204
00000506
03050008
09080e16
06050f00
010d0009
11060000
000a0510
00070504
00000606
03050409
0b0a0c17
03040f00
020e0007
0f070001
0008070e
00050403
00000606
01050507
0a090d15
03050f00
030d0008
10080001
0009050f
00070304
00000606
03070109
0b090c18
04050e00
030e0009
11040001
00080510
00070505
00000705
03050708
0c0a0c16
01050f00
020f0006
0e080002
0008060f
00090301
00000507
02060007
09090e17
02040e00
020f0007
10080001
000a080f
00040305
00000506
01060308
09080d16
03040f00
020f0009
11090002
000a080f
00060201
00000407
02070209
0b090e17
04040e00
040f0009
11080000
0009050f
00060200
00000606
00060208
0c090d17
03040e00
050e0008
10080001
0009050e
00070201
00000504
00070008
0b070e17
03051000
070d0007
11070001
0008080f
00070203
00000705
00060309
0c090e17
03040f00
0a0c0009
110b0001
0007080e
00050002
00000705
00070006
0c091018
1f000003
1400002e
00001a00
11040000
06090a00
00030a01
000d2702
0a2b0d13
2e002200
00000000
00300000
00044700
0a040100
0e140008
0a31050d
00001e26
00081a00
00000200
004f0000
00003f00
0f050000
0c00000b
1c2c0008
01000d2a
08071700
00000100
003a0004
00001800
0a020000
0d000000
1e2f0008
00000b2a
00091c00
04000200
0022000f
02010100
07050000
0a000005
192e0007
06000a2a
04091800
02000000
00110002
00000000
05070000
0f000008
1a2c000a
0100102a
01081800
00000300
000e0002
01080000
09070000
14000001
1a2c0009
0a000e2a
00071700
01001300
001d0019
0a000100
02060000
11000005
152d000c
00000c2b
00000003
22000029
003a1c12
08111000
05000000
10000830
111a0207
030a0a17
13000000
10000022
000a0014
0c000000
070d0900
0d000c00
00192001
0d100e0c
0000000a
00001609
00030017
22300000
0d020c00
1c040000
081f2a14
00000505
00001000
07001c1e
00121800
09240517
09000100
0e000446
22080019
12230c1c
5a000000
11000018
00160000
0a000000
2d001a12
02242400
00042d05
00000000
00080000
00000002
00230018
08130c00
3b003807
140d0b0b
00193312
07000000
0e000008
0a00000b
00290000
05100500
2000272c
1e12200b
00005a0d
1e000000
0e000005
04000920
00360000
00221f00
33003f0f
00081700
001c2200
00000500
0005001f
13000016
002e1610
08001c00
2500020b
0402000e
000e0900
00000700
17001203
16000004
00110004
041d0200
10000002
08000a10
000b030a
0000160f
210a0000
2b070000
00060600
181b2500
0614001a
001c0c00
00080e0a
0018061a
0020050c
0016120d
00030025
12002c00
0a12080c
0419004d
2207160a
00000000
00071400
0015010b
0f040000
00120610
04050305
00000333
1903070e
08070914
04050d00
00110007
10060000
000b060f
00060406
00000708
09030409
08090913
02040e00
000f0009
0f050002
0009060f
00050606
00000407
05040309
0a090916
01040d00
01110008
0e070001
0009070f
0005060c
00000407
05020308
09070a14
02061000
03120009
10040000
000a070f
0005080b
00000207
05000409
0b0a0714
1b060b00
18140a05
0a080100
0422090b
001d0a14
00000105
0000040d
04250619
00000000
25000005
000c0000
000d0000
1916171b
00020400
00040b04
001d0000
03001300
000a0e12
00031200
00110523
0000070f
00000222
0107090b
00001516
04041000
030d0008
10040001
0008060e
00050607
00000306
01030509
0b0b0a14
03031000
020e0008
10050001
0008060f
00060406
00000605
02030207
0a090c14
02040f00
020f0008
10050001
00090510
00060306
00000605
02030207
0a0b0c15
03050f00
040e0008
11060001
000a060d
00060206
00000407
02030009
0a090b15
03041000
020f0009
11060003
0007060d
00050207
00000504
01040209
0a090b14
04071100
010e0009
12050003
0009040d
00060307
00000306
0304060a
0a090d16
03061000
020e0008
10060002
0007040d
00050307
00000307
0404030a
09080e15
05030c00
000d0008
0e050001
0109050c
00030407
00000505
07030508
08090c11
010a0f00
040b0008
10060000
0219050f
0d020508
00000414
0e04000d
1a070f17
0f031200
010b000a
11060402
0217030f
0e040308
00000304
03030208
12081213
03051000
030c0009
0f060000
0009050e
00040406
00000505
03030308
0a0a0c14
03041000
07090008
0f070007
0006040e
00050309
00000602
03040307
0b060d15
02040e00
000c0108
0e050003
000d0410
00030508
00000507
08030709
0a080d11
04041100
020d000a
10050002
00090510
00030407
00000507
03040309
0a090d15
03051000
010c0009
10060001
0009050f
00050306
00000505
02030308
0a090e14
04040f00
000d0009
10080000
000a040f
00030404
00000506
02050408
0b090d14
05040f00
010c0008
0f070001
000a050f
00040304
00000504
01050308
0a080e15
03050e00
020c0008
0f050002
0008040e
00050304
00000405
02060509
0b080d16
03050f00
010d0008
10050001
0009060f
00070404
00000604
02050408
0b080d15
01041000
010c0007
10080001
0009060f
00060302
00000606
01070208
0a090f16
02040e00
010b0006
10090001
0009080e
00040202
00000605
02070107
09080e16
03030e00
010b0009
10090001
000b050e
00050202
00000605
02060107
0a080e15
03040e00
010d0007
10070001
000a070f
00040203
00000705
03060208
0a080e16
01050f00
020d0006
10080002
0008060e
00040203
00000606
02060007
0a080e17
06050f00
010e0009
10070001
000a060e
00050405
00000606
02050609
0a090d14
04050e00
020e0009
10070000
000b070f
00050302
00000607
03060109
0a090c16
02050f00
030e0007
0f070002
0009050d
00060305
00000505
0206060a
0a070c16
02040e00
020e0006
10080001
0008070f
00050402
00000406
03070208
09090d17
04041100
010e0007
10080000
0009080f
00060302
00000707
02060208
090a0d17
02041000
03100007
11090002
00090710
00090101
00000607
03070109
09090f1a
04040f00
030f000a
10090002
00090710
00070403
00000806
04060607
090a0d16
02040f00
010e0008
0e080002
0008080f
00070302
00000907
03060007
0a090e17
04041000
040e0009
10090002
000a0a10
00050200
00000706
01080009
0a0a0f19
04030e00
050d0007
10080001
0008050f
00060100
00000604
00070107
0a080f17
01030f00
070d0009
10080002
0009060e
00060101
00000506
00080009
0c080f1a
05030f00
0d0b000a
100a0601
0009070d
00060406
00000c05
00040006
0c0e0f18
17000000
1200001f
00091000
120a1600
06020904
00000a05
000d0d00
05250d14
2302001e
00000f00
0039150e
00047500
0f0d1129
000e5814
130d2600
00001100
05221426
01000000
00411f00
000a8500
0c093b1e
00004113
07012e00
00230000
001b1a23
00000000
00511d00
00087400
10003214
00003610
00181600
00240000
0000013a
00000000
00562900
00048500
10001709
00044106
00280000
00220200
06000025
00000000
00582a00
00008700
15000000
00023c15
082c0000
00030120
18000516
00000500
0050130c
03007f00
15000000
00051f14
222f0000
00000123
00000800
00001600
006f0031
0d026200
15000000
0900000e
122f0007
00000628
08000a0e
1500003b
00531e0e
090f0600
06000000
0d00092b
000e1900
00210d0e
15000000
1200051a
00070009
0f000400
08020300
11050000
001d0d00
07061605
05000000
00002400
0028000b
23050f00
0a080000
12000024
0226000f
00000a00
02000000
0200052f
00250000
000f0400
1c000700
0f010846
19091111
1a00030a
25250000
04001128
001b0000
00000000
20001014
000d0000
00090000
00010000
28000007
00000033
00020001
09000000
3b001600
22180000
00204513
0a000000
00000017
27000000
004e0004
00000000
28000a22
1c231f00
00120000
1b000000
14030025
00000003
000a0000
05170000
2a002c2c
00182300
00003300
00000000
0c100004
04000011
00070000
160e0000
19001b05
00000000
00090009
000b0200
09041500
02040005
0015010a
00080b03
0d030006
0f00061c
0006040a
0300090d
181b0c00
05150004
0f080000
08200e09
000c0007
00000507
0606060a
06130b1b
021e1100
001c010e
0f070004
0207150a
0416020a
00000422
1606120a
06070912
00040f00
0017000a
0e050001
000a0710
02090205
00000511
0f05060b
08070a14
04050f00
00120008
10070100
00090711
00080406
00000608
09040309
080a0b15
03050f00
00100008
0f060001
00090810
00060606
00000507
05040307
0a0a0c15
01020e00
00100008
0d090001
000a090e
0006050c
00000608
05020107
08090b14
03040f00
0311000b
10040003
0009080f
0003090b
00000406
0301040a
0c0a0712
04081000
02140309
10040002
0022080e
00080a0d
00000405
0200060a
0c1c0716
150b0000
291e000d
01100900
0f221100
0d230f10
00001004
00020f0f
00300020
03001200
000a1013
00041300
00100821
0000070f
00000423
01060a0a
00001416
03041000
030d0008
11060002
0008060d
00040609
00000305
01030508
0c0a0b14
04041100
030e0007
11070002
00090610
00060406
00000705
04030308
0b090c13
03041000
020e000a
11060001
00090510
00070306
00000606
03040208
0b0b0d15
04040e00
030c0008
10060001
0009050d
00040307
00000504
01030308
0b090c14
03040e00
020d0009
10050002
0008060d
00040307
00000505
02030407
0a090c13
03041000
020d0008
11050003
0008060e
00050206
00000306
04040109
0a080d15
05050f00
020e0007
11070002
0008050e
00050207
00000604
04030407
0a090d14
06090a00
100f0129
0e050800
0004060b
06070807
0000051b
0607040f
20160c13
2500002f
0000062f
0007150a
293b0000
1e00040c
030f150b
00050009
3a001f0b
21001805
02000110
000a0b00
0547091d
11050805
00000a12
00030007
0a00151b
02041100
040b0009
11070001
0009040e
00030306
00000406
02040109
0b090e14
04031000
05090008
0f080004
0008060d
00040309
00000701
00040606
0c080e12
03050f00
000b0007
0d070004
000c030d
00060307
00000407
07040408
07070d11
03040f00
010c0009
10060001
000b0510
00050406
00000507
04030208
0a090d14
05061100
010e000a
12060001
00090511
00060508
00000705
04030608
0b0a0d14
02050e00
020d0008
0f070001
0008060f
00070405
00000705
05040506
0a090d14
03041100
000c0008
0f060001
000a0410
00060303
00000605
04050207
0a090e15
04040f00
010b0009
10090001
0009040e
00040101
00000505
02060108
0a090f16
03031000
020d0008
10080001
0009040e
00050200
00000605
03070107
0a081018
02041000
020c0007
10070001
0009050f
00060203
00000605
03060208
0b080f17
03040f00
010b0007
10070001
0009040f
00050203
00000504
02060407
0b090e16
04051000
010b0008
0f060000
000a040f
00060301
00000606
02070408
0a080f17
03030f00
010c0007
0f090002
0009050e
00040101
00000605
03070007
0a080f16
02050f00
020b0008
11080001
0008040e
00040303
0000050a
05060209
0b0a0e17
03061000
020c0009
0f080002
0013020e
0b050303
00000407
03060409
11081216
07020f00
01090007
0f090000
000e050e
08020306
00000406
07070009
0c071215
0c010f00
010c0008
0f0a0000
021c0410
0b030303
00000504
00060109
12071115
07031000
010d0009
0f080201
000a040f
01060302
00000504
02070208
0b091017
02051000
030e0007
10060001
0008070f
00060304
00000606
02050409
0b090d16
03040f00
020e0007
110a0001
0008090f
00060302
00000605
03070108
0a090e17
03050f00
020f0007
10080000
0009060f
00060402
00000606
02060508
09090c16
04040f00
020e0008
10080001
0008070e
00060203
00000706
02060208
0a080d17
03061000
050f0009
11050001
000a0711
00080502
00000706
01070609
0b0b0d18
03050f00
040f0008
10080003
0008060f
00070101
00000706
00070007
0a091018
03021000
080d0008
100b0000
0008060e
00060101
00000505
00070008
0a090f18
02020e00
110d000a
0e0c0701
0107070d
00070508
00000806
00030005
09120e16
0f000014
1e00000d
000d1201
23000900
07060e14
00072003
00002800
00140b0a
1f070300
07000d10
001b090e
00170500
0900101a
00010f35
1407120e
00000000
10181100
08020215
12000000
022d0000
17103920
00001307
12002709
20110000
00180c00
0e000004
04000000
00110000
140c3c24
00001100
0a002405
13100003
041b0b00
02000000
00000000
00110600
08093c27
00001503
11002a04
10180000
082b0903
07000100
00000600
00181500
0e0c3e23
00002103
0d002e07
12300000
0029021d
02000710
00080500
07244700
15003c23
0000320f
00002e00
202c0000
021c1036
0000020f
00331c00
02206800
1a00391e
00003908
00004502
00200000
0113130d
1d00002f
001f1400
0b002200
09002600
0000033a
0004160c
0124060a
0f000003
0c000901
000c1215
21000000
07000200
06070000
001d0a00
00041a09
06000000
00001a1b
00110000
31000100
09000000
0f0b0010
00220407
00001900
01000700
05000008
00220007
000f0000
08000000
15010020
00170011
00001915
10000000
0a00050d
002c0000
04100900
2d000b19
05120e05
000a0003
00000007
3600001e
04000003
002d0003
14002c00
34001100
041f0000
00242301
00000000
0000001a
24000000
004e0011
02000000
32000f1b
06271a00
0016000c
00000700
00010023
0c000016
00000010
10000100
32003541
00223208
00004300
00000000
03050801
01000000
00060000
00310300
25002303
03000013
000a080a
00000300
09001200
0b030003
020e020b
02080508
05060007
0000071b
00060307
06001012
03050c00
00110007
10080000
0009080c
00080004
00000708
07060509
07090c14
02040c00
00110106
0f070001
0007080d
00070203
00000608
08060409
06080b13
02050e00
00110007
10090001
0009080f
00060105
0000050a
08060009
07060c15
03040f00
01110008
11070001
000c0611
00060405
00000508
07030208
0b0a0b16
04040d00
00100007
10070002
000c070f
00060406
00000507
06030207
09090b14
03040c00
00110008
0d080000
000a0910
00060a0c
00000908
08000506
090b0814
02040d00
020f000c
0d060002
0008080d
00020b0a
00000405
0302060a
0a0c0713
02030f00
01100007
0d060002
00090a0f
0005080c
00000606
03000209
090a0713
01000000
1f1d0012
0c091500
0b101404
00060d13
0000080c
0003090e
00260e1b
00001300
000a0f10
00041200
00100422
0000070f
00000423
00050c0a
00001418
04041000
030c0008
10040001
0007070c
00040509
00000205
00020408
0a0b0913
03041000
020c0007
10070001
0008040f
00030306
00000604
03040408
0b080c12
02041100
020d000a
10050001
000a050f
00060405
00000606
04040309
0b0b0d16
04041000
030e0009
10060001
0009040f
00070307
00000505
02030408
0a0a0c15
03041100
020e0008
11040003
0009040f
00060306
00000406
01040508
0a0a0d14
02051100
020e0007
11060002
0009040f
00060207
00000307
01040109
0a090e15
05030f00
030e000a
11060002
0009050e
00070308
00000705
02030507
090c0d13
00000000
350c0638
00060e00
05090000
0415070a
00000306
0005000b
0f230c17
0d000041
28001300
0008003a
2c000000
09280216
15210d00
00030f00
00002400
00002300
0000000a
00030f00
001f0020
08000a0a
00060d25
0701190d
01001110
03041000
040a0009
0f050001
0009000e
00060306
00000603
00040308
0d080e13
06050f00
030b0008
0f040002
000a010d
00050406
00000405
03040808
0c080e14
01051000
000c0006
0e060004
000b040e
00050208
00000907
08050307
09070f14
05051100
000b0009
10060000
000c050f
00030306
00000407
05040309
0a090d14
05051200
000c0008
11060002
0009050f
00050305
00000405
04050209
0a0a0e15
03040f00
020c0008
11070000
0009050d
00050303
00000506
03050509
0a090d16
03050f00
010d0008
11080001
0008060f
00060302
00000805
04050308
0a090e15
01051000
020c0007
10060001
0008060e
00070201
00000607
04070208
0a0a0f16
03041000
020c0007
10090001
0008060e
00060000
00000506
01070008
09081017
02041000
020b0007
0f080001
0009030e
00050101
00000704
01060108
0a081015
02040f00
010a0007
10060001
0009040e
00050102
00000704
02060207
0b080f16
04031000
010b0008
0f080001
000a050f
00070000
00000605
02070107
0a081016
03041000
020d0007
0f080001
00090510
00070202
00000606
02070307
0a091018
02050d00
0e0c0023
0c080a00
0005040d
00050304
00000711
00060008
17110f16
0b00000a
00000011
02080c09
03180000
0c000208
00000900
00060201
1e001402
0b000305
00000014
00080703
04100000
0c000409
00000401
0006000a
14011107
18000b11
0000000e
00030007
123b000c
0d00040d
09000700
00040706
1d001505
0b030f00
000b0109
0f080600
00190713
03030100
00000515
06070109
08081117
03030f00
020e0008
0f090001
000b080e
00040103
00000706
01070108
09081018
04040f00
010d0007
11080001
0009050f
00070201
00000505
02060209
0a090d16
03040d00
020d0007
0f070001
000b050f
00040302
00000605
02060408
0a080d15
03060e00
020e0008
0f070001
0008070e
00060303
00000606
02070209
0a080d16
05040e00
050f0007
10090000
00090710
00060200
00000606
00070009
0b090d18
02030f00
050e0009
10090003
0008060f
00080103
00000705
00080108
0a090f19
02030f00
070c0005
0f0a0002
0009080f
00050206
00000705
00060007
0b090f18
05030c00
120e000b
0f0c0700
0109090d
00080808
00000a06
00020005
0b120b16
21000000
1903000e
000a0500
17020c00
0206190f
00001500
00002b00
0010050d
13000000
00000037
000f0016
00220000
18000f0b
00061f08
06091e06
36000000
42000000
01000348
0000060a
1e2f0000
2c002d00
2d181b00
22293f16
68050000
00000000
0f000403
00070042
025f0000
17002d32
27021d00
0c234411
6800000c
00100a01
1200002f
00000300
00170000
1f002f26
00001017
06001d06
321d0000
00000000
00000731
0000000c
0a420000
29003012
1b270e00
03001c01
410a0000
18050000
00000100
00000000
1b2f0100
24002e20
10191403
00001600
13000000
0e161b00
02000011
02020001
00230007
1d002f19
00001521
06003507
151d0000
00081005
1d000020
00000a00
0c000000
04042200
00000a0d
00040a0a
091f1115
20000012
0d001600
00010f17
32000100
0d000100
0d100000
00170a00
00021e01
0c000000
00002816
00160000
18000e00
10000000
05080028
001e0003
00000e00
15000c00
04001100
00290910
06190000
13000006
0c140013
0017000c
00000c0c
0900002f
00000022
002c0000
14000700
21004844
00205300
00006400
00000000
00000019
00000020
001b0000
00130800
31005411
00161300
00113900
00000000
21000000
1100001a
005d0000
00000000
1f020400
22120000
001e0006
00000000
0b000016
3500000a
00150009
2e000000
1d274844
00194300
00004900
00050000
00000d00
0700000c
000d001b
00210b05
0e001a00
0003002a
00070412
00000b14
11011300
0c050008
050e000c
0506060b
05040004
00000902
00060206
07011312
02050f00
00100007
10080000
000a070e
00060003
00000609
07060209
08090d16
03050d00
00100007
11070002
0009070e
00070104
00000607
07060109
08090c16
02040c00
01100008
0f070000
0008080e
00050406
00000708
09040308
08070b14
02040f00
00100009
10060002
0009070f
00060505
00000307
05040209
0a0a0a14
04040e00
00100006
10080002
0008070f
00070306
00000408
07030208
09080b15
05040c00
0010000c
0e080000
000a0610
00060a0c
00000907
08000907
0b0b0913
00060d00
010f000a
0d010002
0009060e
00050c0a
00000605
03010909
0c0d0713
02030f00
030f0008
0d040001
0009080f
00050a0e
00000606
03000608
0a090611
00000000
1e1d0011
0c091400
0a0e1205
00051012
0000050d
0004060d
00280e1a
03001300
000b0e15
00051300
00100823
00000811
00000423
0006080a
00001517
06050f00
020c0008
12040002
0009050e
00030709
00000305
01020608
0b0b0912
03051000
030b0008
0f060002
0008050d
00040306
00000405
00030208
0a090c14
01041200
020c0009
10050001
0009050f
00050307
00000406
01040309
0a090d15
06041000
030d0008
11060002
0009050f
00060306
00000505
02030407
0a0a0d15
01041100
020e0009
12040003
0009050f
00050307
00000405
02040408
0a0a0e15
04041100
020f0008
12080002
0009060f
00060006
00000407
03040009
0a090f16
05050f00
030e000b
11050001
0007030f
00060408
00000606
02030609
0b0d0c14
00030000
2512001b
00031000
20110200
02050701
00000206
000a020b
06280d19
21000000
1f000f00
0014032d
27000b00
0d00000b
1b220000
00130901
00000c00
0c00170d
00000107
000b0000
0f400922
11000b18
00181f1e
0801190f
0000080d
08031300
050b000e
10050300
00120615
02070105
00000507
00050308
0d0a0e1c
02020f00
02090008
0f050004
0009020d
00040103
00000603
02060206
0c071014
04040e00
00090007
0e070002
0009020d
00050106
00000706
07050607
09070f13
01040f00
000a0008
0e040000
000b030f
00030407
00000605
08040608
0b080d13
03040f00
010c0008
10050000
0008050f
00060206
00000704
04040207
0a090d13
04050e00
010c0007
11050002
0009030e
00060202
00000604
05040507
0a090d15
03050e00
020c0008
10050000
0009030e
00080202
00000505
04060308
0b090e15
01071000
040b000b
10060002
040d030e
04050104
0000050b
0806020a
12091019
03040c05
0802001c
10080000
000a0d07
0e000408
00000808
0405000b
1c0a0f16
10001006
01000007
0f070011
0027010d
0e000100
00000600
00070008
1d061315
05030f00
01090007
0e070001
000f020e
05030002
00000903
03070208
0c081316
02041000
00090008
0f080001
000b040f
01050102
00000606
04060007
0a081115
02041000
01090008
10080100
000a060e
00060002
00000606
01070107
0b091115
03000400
1508001c
02071900
13050201
0206030a
00000607
00060008
08151117
06000007
00000001
00180004
08200300
18000212
00121300
00020000
00001200
0d000002
00000200
001b0000
04010700
2200030b
00050200
00020001
03000000
0e061c0f
00000300
000b0012
100b0800
21000205
00000121
0b040502
00000100
04061700
000b0008
0c0a0200
000d050f
04070101
0000051e
0e07010a
08071115
06020d00
000b0009
10090000
000c050e
00030203
00000605
05050508
0a071015
05050e00
020e0007
10060001
000a0510
00070400
00000506
04060308
0a090d17
03050f00
010e0008
10070002
0009040f
00080201
00000605
02070308
0a0a0e18
04040e00
020e0007
10080001
0009040f
00080103
00000706
02070208
0b080f17
04051000
030f0007
0f050001
000a0610
00080302
00000707
01060408
0b090f18
01030e00
050e0009
11090001
0007080e
00060102
00000606
00070009
0b090f18
04040e00
070a0008
0f090001
0007070d
00050105
00000604
00060008
0c060e17
02040d00
110a0009
0d090700
0008060c
00070808
00000a07
00010106
0d100a17
10000000
12000015
000e0b00
09040400
05001516
00031d01
00000c00
0113060a
1600004e
1400002e
00181105
03002600
140e2c25
00224500
19005500
00240000
2100000e
00002c00
00140001
0f001c00
2d003500
071a0000
00220402
00070000
00000039
24000000
006c001c
00002d00
3202002c
05364f0b
00300000
00000d00
0000002b
01000025
001f0102
0e000000
170a251b
00103000
08002200
260d0000
2a000000
00000000
002c0000
1b001e00
18002310
103a0e00
00060100
00000000
00000032
00000019
00332c08
00000000
2f001825
00293303
00000000
00000000
1900062b
00000009
00080100
073f0000
2300250f
00002300
00001009
2e000000
13000a06
1500001f
00001000
0b0e0400
08001100
00001118
000c1c0a
09151219
0d000000
04002600
00130013
36000100
0d000400
150a0000
001b1100
070a1102
0a000000
00000700
00170300
21001300
11000001
04241006
00110100
00000200
0a000000
00003200
00313116
03131700
13000000
000a0639
001a0015
00000400
00000029
1d000012
00170000
2a001900
1b00464b
001b5000
00001d00
00230000
00000000
0000001d
00130000
05000000
1d002a06
0d190000
00013502
00000000
3a000000
00001200
004b002e
12120600
20000700
1d0f300d
00270003
00000000
0400000e
17000900
00100000
27371900
2600331e
00084200
000f3901
00130000
00001600
0a000005
000a001e
00060603
1f001703
0404022b
0010030d
02000d0b
0b061300
040c0004
0f0b000b
0009050c
02080003
00000707
06070308
07051514
03040c00
000e0008
0f070000
0009060e
00070002
00000708
08060208
08070e14
04050d00
000e0008
10060002
0008060e
00070202
00000709
07070509
08080c17
03040d00
00100007
0f070000
0009040f
00070507
00000807
07040508
0a0a0c14
01030f00
000e0008
0e050001
000a070e
00050607
00000506
03030208
08090a13
04041000
00100007
0f070001
0009070f
00060306
00000407
06030008
09080a15
04030d00
0110000b
0c090000
0009080f
00050a08
00000806
06010708
0a0b0912
01031000
01100006
0e080004
0009080e
0006090a
00000606
04030108
09090a14
02050e00
03120008
0e090000
000a0810
0005090c
00000608
03000408
090a0713
00000000
1e1c0012
0c081200
0a0c1204
00061013
0000050a
0003070d
00270d19
05001200
000a0f11
00031100
000e0522
00000811
00000421
02040e0b
00001418
03060e00
050d0008
0f060002
0008080d
0006070a
00000905
02000608
0c0a0913
01030f00
020d0008
0e050001
0008080d
00040609
00000605
01030305
090a0b12
05020f00
020d0009
10070001
0008080e
00050307
00000505
02030108
09080c14
03041000
020d0009
11050002
0008040e
00050306
00000505
02040408
0b0a0d14
03031000
020d0008
11060002
0008060e
00060207
00000406
03040008
0a090d15
06051000
010d0008
12060001
0009070f
00050207
00000605
03030307
0a0a0d14
03051000
030c000a
10040001
000b050f
00080206
00000605
01030307
0c0d0d14
0d0c0700
170e0507
05051200
0a130f00
010a0607
00000601
00090a0a
02360915
1700000f
1c00000d
001e1026
27000800
17000305
11210000
00120000
00000f00
0100001b
00001502
000b0002
1b2a0000
12000e13
0816192b
0b00200a
00000800
0b031501
070a000a
0f060001
00270c11
1a070501
0000031c
0006000e
0b0a0d17
03020f00
040a0006
0e080006
0009060b
00050002
00000802
02060205
08061013
02040e00
000c0008
0e060001
000b040d
00060003
00000607
06050207
06080f13
02030e00
000c0007
0e070001
000a040e
00050105
00000507
06050108
07070f13
04050f00
010c0008
11050001
0009060e
00050204
00000506
03050609
0b090d14
03060f00
010b0008
10080002
0009050e
00040201
00000505
03060308
0a080d15
04040e00
0a0a0013
0f090e00
0008060c
00040103
0000060d
02070009
12150f16
0b000410
0700081c
0c0c0409
06010000
0a00000a
00000c03
00070009
19051611
09000002
06000711
000b0000
00010000
18000b12
04020c00
00030b02
15000400
01030b10
0000000b
00020016
012b0000
17000805
12000a00
01080e03
18001100
09000f04
00000204
09070100
002d0013
09060001
09000704
07080206
0c021d16
02041000
00090009
0f060000
000f030f
00030002
00000606
07060107
0a071416
04040e00
040b0008
10080000
000a050e
00070002
00000705
03070108
09090f16
0d000000
300f000d
00111a00
13090200
0117040f
00001207
00050009
06180e1b
13001a19
1c000004
0011101b
11020000
0c1b2c2c
00234800
00001300
00000b00
06050029
00000b00
001f0200
15100000
15154021
00144400
16002400
001e0000
0e000d06
00000000
0011000c
04191b00
18002902
00000e07
00011300
00000000
05041f00
000e0408
0e080803
00160710
06050903
00000619
0d05020a
08080d18
03040f00
000e0008
0e060000
000b050e
00050303
00000606
06060507
070a0c14
03041000
010d0008
0f080001
000a050f
00060200
00000608
03060308
09080e16
04040f00
01110006
10070000
00090711
00080100
00000706
03070208
09090f17
02050f00
02100009
11080001
00090510
00090200
00000508
02080109
0a090f19
02040f00
03100006
110a0001
00090710
00070100
00000608
02080009
09080f19
03040e00
050e000a
11070002
0008040f
00060202
00000604
00070208
0b090d17
04050d00
080d0008
10080001
0008040d
00070207
00000805
00050008
0c070d17
04040c00
190a000b
0d051000
0007040c
00070809
00000b0c
00010207
0c100b17
1a000000
17000018
000c0e0d
06150200
05050f14
000f1600
00000000
0d050807
1a030022
0500244a
00080300
11151c00
0c00572f
000c4a00
1300a100
155d0000
00000000
0f002b00
000e0006
00190000
31004800
0d150000
001b1704
00040000
1200040c
35000000
003b0000
0c272400
37001a42
11304e00
00081d00
00000000
09040018
14000906
00000000
1e022d00
1000512d
00074200
00004000
003b0000
06000000
00001104
00211400
22000f00
1900373a
01443700
00000d00
00050000
1b200322
0a000d00
001a000a
03061600
15154e39
0029330d
1e002400
000b0000
00101523
0000070d
00000000
0d001000
13005722
00002d20
04005b04
001b0000
05000d00
16000028
00031002
09000000
06000f00
00050019
00170906
09171f11
0000000a
00002400
00150026
2f000000
09020000
14090000
001b0000
02011914
09000000
00000000
00161300
280f0000
0800020b
0f091837
00080d15
00000900
04000001
0000050e
002a2c07
0e0a0000
0f001000
00070930
00090918
0000050c
39020012
17001703
00070000
17000000
38006343
191b5f00
00008e12
1a0f0000
00180010
05000000
00000000
00001200
3c004e15
003a0700
00002600
00000000
2d360000
00000200
00530d00
00002b00
2d001200
0f2a1000
00170e11
00000000
001c0002
0f00000c
0000000a
00000000
2f003a1e
12193100
00126209
00000000
01021802
10000005
000a000f
042e030d
19000207
17000410
0011001b
0c00160f
09031400
030e0005
0f0b010b
000a060e
01070001
00000607
05070208
08061315
03040d00
00100007
0f080001
0009040f
00080001
00000608
07070408
09080e16
04060e00
010f0007
0f080002
000a050f
00080101
00000609
07070308
09080f17
06050e00
010e0008
10080002
000a040f
00060305
00000607
04050408
0a080e15
03050e00
000e0007
0e070001
000a060e
00060507
00000606
04040308
09080c14
07050f00
00100007
0f070001
000a0a10
00060607
00000907
07020406
09090913
04050e00
01110009
0e070000
0009050f
00060a08
00000707
06010907
0a0b0813
02040e00
00100006
0d070003
0009080f
0005080a
00000408
04020008
09070913
04040e00
01110009
0e070000
000a0710
0004090c
00000407
04000207
0a0a0713
00000000
1d1c0012
0d061400
0a0d1204
00061014
0000060b
0002090d
01280d1a
04001200
000a0f0e
00041200
000f0722
0000080f
00000722
03040f0b
00001219
03051000
050e0008
10060002
0008050d
0006050a
00000605
01020308
0b0a0914
03051000
030d0009
0f040002
0008060f
0004050a
00000805
02010507
0b0a0a12
03061100
020c000a
0f050001
000a060f
00040709
00000805
02020707
0b0b0b12
03031100
020c0007
0f070003
0008070e
0004030a
00000906
02040107
0a090d14
05041100
010c0009
10070001
000a070f
00050307
00000705
02030406
0a0a0c14
05050f00
020d0009
11060001
0008050e
00060306
00000605
03040308
0b0a0c14
05061000
060c0008
11040101
0008050d
00060307
00000606
02040508
0b0b0c14
02050b00
1406001b
0d041501
030f0503
05030706
00000707
02040306
0e300b19
11000b1c
25000000
00200029
1a000c00
0e190009
05120600
00090000
00001b00
00001525
00001e0b
000c081f
0d000000
0b21090b
0d0f1012
06000e00
00001900
15000d1c
00000406
00020600
045a0f11
19000b08
000b1800
00040c0d
17001b0e
09031c06
08070009
0e070007
0019071c
0b040205
00000703
01060307
09061018
03030f00
000b0007
0e060001
000a040d
00040003
00000606
05060108
08081013
04030f00
000d0206
0e070003
000d040d
00050003
00000608
07060209
07080f14
03050e00
030c000a
10060001
000b060e
00060104
00000507
0406040a
0b090d15
04051000
02100008
12060002
0009040f
00080103
00000605
03050508
0a0a0e17
02040e00
100e0127
10072300
0006040e
00090504
0000060c
03060407
182f0e17
03000002
09001c1e
00090010
05000000
1700060b
0d0d1000
00071800
20000c00
15000000
02000031
00070000
00000000
21001104
2e0f0200
000e330b
2d000000
06000200
0b00001a
00110020
0f030000
20000c00
2d070500
001b1800
27001b00
00000f00
00000503
00110300
002b0016
06040000
0b000e20
0d0b0104
03001c18
01040e00
00090106
0d080000
000d020f
00050003
00000809
0b070206
08071414
04040e00
020b0007
0f080000
000b050f
00050001
00000605
03060107
09090f15
06010000
3112000b
000d1f00
160c0600
00090306
0000090b
00050009
0419101a
16001600
23000001
0010101e
17000300
040c2621
001d3000
00000800
06000b00
0000000f
00002800
00000207
15060000
14114423
00183a00
0e002c00
0e270000
01000e11
00000000
00010003
14220000
21002e09
000d2500
00031602
00000100
03031a00
000d000a
0e080600
00160417
05050502
0000051d
0906000e
08070f15
03050f00
000e0007
10070000
0008060f
00050304
00000706
06060408
08090d15
03060e00
010e0008
10080002
0008050e
00080200
00000507
04070308
0a090f16
03041000
020f0008
11070000
000b0610
00070100
00000407
03080109
0a091019
04031000
030e0008
11090002
000a080f
00090000
00000407
01090009
0a0a101a
03040e00
040e0008
10080001
0007050f
00070101
00000605
02070209
0b070e17
05050f00
040d0008
11080001
0008050f
00060200
00000704
01070207
0c090f18
01050f00
080d0009
10090001
0008040d
00060103
00000604
00070008
0c080f18
03040e00
160c0006
0d0c1100
000d050c
0005030b
00000909
00020006
0a100d17
16000000
17000004
000e0a00
0d000e00
08070e16
000f1a00
00000b00
00100000
210e000a
04000f25
00070000
14000e00
12015c32
00124300
03009900
00550000
00000000
12003200
002e0000
01000100
2f003d00
171f0003
002c000e
00030000
0d05060a
1e000000
00460018
00000100
2c092435
0a343700
00002200
00000000
04260000
04000355
00000000
090c0c00
10066620
00001c05
0f008c00
08480000
170a0000
00000000
0066001f
00001900
1800411b
18142400
00190011
00000000
001a0000
09000b00
000b0005
020c0000
0e03523a
000e3600
1d003c00
12120000
00141304
0000040b
00000001
04040200
0d005a18
00001e25
02016e10
00290000
16000003
1a00001f
00000702
10000000
07000d00
010a050a
00160500
021d1f10
00000014
00002400
000f0721
32001c00
0b000000
080e0100
001a0b00
0000190c
1a000000
00000936
00171300
21170000
0a000100
0d0a2436
000b2813
06000200
00000000
00001724
00000025
002d0000
0f001900
1c060700
001d2815
1b000800
071c0000
00001310
00250005
00070000
2c001a00
20090000
000f1604
00000000
00410000
0600003b
00190000
00070000
24001a05
12000024
00120c1b
27040000
05000000
0500001a
001a0007
07000000
1a000c00
21000000
001f1815
01001f00
0d000000
01000022
000c0002
130c0000
17000000
10090000
00210e0f
00001700
01000b03
0c000003
0029001a
0315000f
11000004
1a000029
00160203
00001806
08031500
000d0006
0f09010c
0009050e
00050002
00000607
06070208
06061313
03030e00
000f0007
10080001
0009050f
00060000
00000608
05070108
09080f16
03050d00
000e0007
10090000
0009070f
00060001
00000707
06070207
0a080f17
02050d00
010d0008
10080001
0009040e
00050205
00000506
04060409
0a080d16
04040e00
000d0008
0e060000
0008050e
00060306
00000508
04050509
09060d14
03040f00
01110007
0e070000
00090710
00070606
00000707
05020407
0a0a0b15
02040f00
0110000a
0e050002
0008060e
00050805
00000706
04040309
0a0a0915
02040d00
01100005
0d080002
0009070f
0006060c
00000707
06030008
0a060a15
03040e00
0012000b
0e060200
000a080f
00050a0d
00000608
04000507
090b0711
01000000
1f190012
0c071300
090d0f04
00041113
0000050a
0005090f
01280d19
02001300
000a0e0f
00021400
00100623
00000a11
00000821
03030f08
00001217
03040f00
040d0009
0f070001
0008080e
00060607
00000606
01020006
0a0a0a14
02051100
030c0009
10060003
0007060e
00060506
00000504
02030508
0c0a0b13
02061200
020c0008
10050002
0009030e
00060509
00000406
02040609
0c0a0c14
06041000
010e000a
11050002
00090610
00060308
00000705
04020407
0a0a0d13
03061100
010f0009
12030001
00090510
00070507
00000506
05020607
0b0b0b14
04041000
020e0009
11050001
0008060e
00060307
00000605
03040308
0b0b0c14
04051100
040d0008
11060003
000b050e
00070107
00000606
01030508
0b0e0d15
090c0500
1d0a002b
07041700
01040500
03080707
0000040c
0005050b
0a2f0813
15000816
2500000d
000a0417
08030000
1700000b
11160e00
00060600
11001200
0800000b
00000900
0003000e
05000b00
0d1e0104
0c0e0d00
15070b00
0b000c00
00000028
00002100
00080011
20160000
12220909
0a171000
03020900
00001800
0f001c09
0000000b
0c090608
0039031b
0e050306
00000819
0005020b
0a041615
05031100
00090106
0e060004
000d020d
01040003
00000607
06060208
08081112
05030f00
000b0007
0e050001
000b040e
00060003
00000607
08060208
07091013
05030f00
010c0009
0f070000
000a0510
00050102
00000606
05060208
08080e16
03041000
020e0008
12060001
00090510
00080100
00000606
03080308
0a0a0f17
13040d00
0f0c003f
10051e00
0107030c
000a0700
00000406
01091a0a
0e3c0f18
23000c00
06001939
00030023
06000000
0f090500
2b030000
002b1f01
1c000c18
190d0000
21002700
00230000
00000000
21080300
35000000
0f352f25
04070003
00001313
42000000
00250042
13000d00
2b1a0000
2b01090d
00250000
0000110c
00001105
00000200
0019020a
001c0016
03010000
07000b18
14100005
02001a18
01030c00
000a0306
0d0b0000
000e010f
00060003
00000a09
0e080307
07061415
04040f00
000b0007
0f060100
000c050f
00050003
00000707
06060307
090a0f15
1d000100
310f0009
000d1900
15120400
00080205
00000809
00060009
061a101b
1c000004
26000000
000c0e25
21000500
03062327
00203900
00001900
05000800
10000000
00003301
00000000
1e010700
0f0e381e
00152d00
00002d10
00160000
00100a02
00000000
0000000d
05080600
1a002f15
00162229
06013607
00000000
03031e00
000e0007
0e080302
00100411
07060801
00000428
1006010e
07070e15
03060e00
00100007
10060000
0009050f
00060302
00000507
08060609
08090d15
02050e00
010f0007
10080102
00090610
00080200
00000607
04080108
09081018
02040f00
010e0008
10090001
0009070e
00070000
00000407
03080209
09091017
03030e00
020f0007
11090001
0009080e
00050102
00000706
01080109
09080f18
04040e00
040d0008
10090000
0007060e
00060000
00000506
00080009
0a080f18
04040e00
050d0007
10090002
0008050f
00070100
00000606
00080108
0b080f17
04041000
070c0008
110b0002
0008060e
00070003
00000705
00070007
0b081017
05040c00
130c0008
0d0b1200
0008060c
0006040d
00000b0a
00010106
0c0a0c14
22000000
12000012
00170903
0d000200
07000f1d
000f1d00
00000b00
0b100000
260a000c
00001723
00060000
1b090000
0f006132
00084500
0d00a100
0a590000
00000000
1f003600
00430000
00000000
34003900
05230000
00210007
00090000
1400200d
14000013
0051061c
05091d00
36003a2f
00243916
00002600
00000000
05120b05
06000a13
00000005
000b1700
10004f24
00003100
0b005200
18450000
00000d01
0c000000
00360017
0f1c2d00
1e00441d
001a1813
02001300
00000000
00090000
00001806
00130700
00161800
25004826
000b2600
18003700
10090000
00112500
12000017
00000c01
000b0a00
25004d0d
00000420
0003470c
0512000c
17000008
19000015
00010007
15000000
07000100
0b080000
00160c00
00141b07
08000002
00001900
000d001c
26040000
0b000000
1a080000
031d250c
00000b05
14000004
0800002d
000c1700
0a1a2500
0d070200
05020639
00171709
0013001c
01000005
00001100
00350025
00002800
21120000
1600000d
002e0009
00000600
06090002
0f000000
0028000d
18000400
34000000
0c1c0000
00160000
00000500
0e000001
02000029
00060000
00190000
22000700
1e020017
00181a0a
15001400
00000010
0b000600
001b0014
04000100
1d000000
16000000
00210001
01001d00
11000000
0000000c
000e0000
1d230e00
19000000
17000000
001e0e07
00001200
0300180c
06000010
00230b13
000d1410
0d010003
0a000624
0a100402
0000090f
04060e00
000e0009
10070002
0009060e
00050002
00000608
07070209
08071214
04030f00
000e0006
10070001
0009060f
00060000
00000507
05070208
09081016
04050f00
000f0009
10070000
00090610
00080000
00000607
06070208
0a090f17
02040e00
000e0006
0f090003
0008050d
00090103
00000706
04070107
09090f17
03040d00
000d0006
0f060000
0009060e
00040204
00000507
06050409
08070c14
04050e00
00100009
0f070001
000a070f
00050706
00000807
07020508
0b0a0b15
01040f00
000f0009
0e050002
0009090f
00040706
00000706
05040608
0a0a0814
03030e00
01100007
0e090002
0009060f
0006070b
00000808
07020107
09070a15
01030e00
0111000b
0d020001
0009060f
00050c0e
00000606
04000608
0a0b0511
00000000
1f190012
0c0a1300
0a0e1305
00061110
0000060b
0005030e
00280f19
03001300
000a0d0e
00041500
000f0423
00000911
00000622
03040d09
00001317
03040d00
040c0008
0f040000
0007070d
00030709
00000904
03000206
0b0b0811
01020f00
030c000a
0d050003
0007070d
00040709
00000903
00020705
0b0a0b12
03041100
020e0008
11060002
000a0510
00050407
00000307
03030108
0a090c15
05050f00
020e000a
12040001
00090510
00060409
00000606
06020407
0c0c0b14
05040d00
010d0008
11040001
0007080e
00050306
00000704
04030308
0c0a0b14
02051100
020b000a
11050007
0009040d
00070205
00000506
03040309
0a090c14
03051000
050c0009
12060002
0009030e
00060307
00000605
02040808
0c0c0d15
02000300
250d0029
01040c00
05060300
03100708
00000306
0007010a
102d0a15
06000207
23000000
000c001c
00000000
1400000e
131c0700
00060400
08000a00
02021d14
08000503
00060316
00000000
09190000
090e0c09
0e060700
060e1506
0000001b
00002600
0009180e
23000000
0721040c
0d141300
09061900
00021806
07001c06
00000007
00060306
002b0616
12000601
0000061a
00050405
00001316
03031100
000a0305
0e050007
000b020e
01060004
00000706
0c050306
07081011
05030d00
000e0105
0c070000
010c040e
00060002
00000608
0a060207
05081013
04030f00
010e0008
0e060000
000b0710
00060103
00000708
05060209
08090e16
02040e00
010e0009
12070002
0007060e
00060100
00000605
03080209
0a0a0e16
16040e00
0d0b002b
10072401
060d070d
000d0400
00000405
00081e08
09411019
1d002204
0d000600
00120422
0c000700
07150000
04020500
00250600
00011c10
00011531
00001e00
00340004
000e0000
10300000
09091100
152d0000
000a2e07
25090e12
1d000000
00330027
19000200
0a020000
15030d05
00290000
00003419
00001000
00000500
00170011
01160012
04020000
07000d1f
16130005
01001617
01020c00
000b0405
0c0a0000
000d030e
00070000
0000090a
0e0a0007
05051515
01040e00
000c0006
0e070000
000a040f
00070003
00000707
08060307
09091014
1e060a00
230d000e
0b092100
0414020a
00080201
00000706
0005010f
08250e17
1a00000a
28000404
000c0922
27000300
0506212c
05184700
00003900
06020700
0000000c
00002919
00000001
241a0000
0c004015
00052e22
00005a0a
001e0000
0b001507
0000000e
00040004
1e2e0000
13001202
160a0500
00050e07
0e001500
03031100
000d0809
0e060700
001a0616
03070202
0000051c
0e06040c
08081117
04040f00
000e0007
10080100
000b0510
00060101
00000708
08070408
090a0f17
03030f00
010f0007
10080003
000a0710
00090100
00000607
03080008
09091019
02040f00
010f0008
10080003
0008050f
00080001
00000505
03070109
0a090f17
04050d00
030d0007
11060000
0009060e
00060203
00000505
03070209
0a070e16
04030f00
030d0007
10080001
0009070e
00060202
00000605
01070107
0a080e16
03040f00
060f0008
100a0001
000a080f
00070100
00000606
00070007
09090f18
02040f00
080d000a
11080002
0008060e
00070002
00000605
00060007
0c090f19
03020900
1c0e001a
090d0f00
00050607
0007040b
00000a0a
00020006
0b100d16
2f000400
0f00001d
00140204
0a090000
06020f16
000a2000
0e000000
15000500
18170001
0000253b
00000006
0a030000
0c0c5c20
00033900
1d006c00
0c420000
00130000
17001f00
00560000
00000000
41002900
0b230000
001f0001
00000000
0016332d
1500002f
00260016
001b0000
2b004440
000f4006
00004f23
26180000
00173600
00000618
00000015
000c0000
0b004524
32000000
0000422f
2a160000
3e000000
0d000000
00230c00
1d012600
1301293a
2b1f3800
09001202
00000000
00100016
00000a0a
0008000c
0a011400
170e5d33
00093600
26005d00
002c0000
000d1601
1b000013
00000803
00050000
11004600
0000001b
00062306
02150514
1f000017
12000818
00030011
0f000600
05000000
03060300
001b1000
01121902
08000000
00002a00
001e0007
26071500
09000000
15020023
0821000f
00000b00
08000013
11000413
001d1f00
0a131700
0510060b
02092d44
00072c11
001a0314
00000000
01000509
00580010
00001600
1e001b00
0b0e0700
002b0006
11000000
00000000
1300002d
00270000
00000000
29000000
14060000
001b1802
02000000
05001512
04000000
0014000b
03050000
15000000
21000000
001b000f
00001800
12000005
00000600
00230000
13000000
17000000
18040000
001a0006
00000e00
0a000000
05000003
001f0009
21000000
1d000000
1d0a0000
001a0502
00000800
05001514
00000007
001e0c05
03190815
0d000002
00040826
060a0708
00001617
03040e00
000d0006
0f070000
0009060e
00060000
00000508
06070208
07080f15
03040e00
000f0006
11070003
000a060f
00080001
00000607
07070307
07081017
04050f00
00100007
11080000
000a0610
00070000
00000608
07070108
08090f17
02050e00
010f0007
0f080003
00090510
00080101
00000606
03080308
09091018
01051000
020f0006
0e090002
000a060e
00070205
00000508
05070108
08070e17
04040f00
000f0007
0f080001
000a090f
00070507
00000607
07040108
09080d16
03050e00
01100008
0e080000
0009090f
00070606
00000808
05020207
080a0914
03030e00
00100007
0d080002
0009090f
00060609
00000607
06030007
08070a13
01040f00
0111000a
0d040003
0008080f
00050b0c
00000606
03000508
0a0b0712
00000000
1e1a0010
0c091300
0a0f1105
00071011
0000050b
0005070f
0227101b
06001000
000b0f0f
00061300
00110721
00000912
00000821
02030b07
00001416
04041100
040b000c
0d050003
0007050d
00040907
00000703
00020607
0c0c0912
02041000
030c0008
0f060001
0009060e
00050707
00000805
00010406
0a0a0a12
04041200
010e0007
10050003
0009060f
00070406
00000706
05020106
090a0c13
0f050c00
010e100b
0e080200
060a180c
01060208
00000a06
09030107
0c090c16
06000000
0d010d14
04070000
00001900
0600090a
00000a08
00040309
0506060b
03031900
070b0008
0f050010
0008070c
03060406
00000708
02030207
0b080c14
03050f00
030c000a
10070001
0009060d
00060308
00000805
01030608
0b0b0c14
04000000
20110020
03020800
0f0c0500
02090605
00010906
000a0b09
062f0a16
1d00000b
1a00000f
00030008
00000400
1c030200
2c190600
00140e13
15000800
2219000c
1e000d04
0000001a
00000000
18170200
2f101400
1f1a2719
2f000009
00000013
26003600
00010423
1b000400
0e2e0009
21171108
07061300
0d000b00
00002204
0000000a
00071300
001a0017
08000600
00040a24
04050b0a
00001411
06041101
000a0205
0e060006
010b030e
02040006
00000907
0c050505
09081010
04050f00
000d0406
0f070000
010d040f
00040002
00000608
0c060307
06091013
05040d00
000c0008
0f060000
000b0410
00040101
00000509
0507040a
09080e15
01050f00
020e0007
11060001
0009050e
00070200
00000605
02070508
0a0a0f17
0f030e00
110d0027
11081f00
0816070d
01100600
00000505
00071b09
093a0f17
1d000000
16000007
0013101a
0c002500
0f000000
0e0e0000
001e0000
1815141f
09040000
00001500
00180000
00002900
2e020000
170e0800
20200802
0a000e1d
02090000
05000f00
0029000d
12001b00
23000000
110a0c11
15280003
00001315
00001500
00000300
0018010c
0120030c
11020000
0f000a23
18190004
03001014
01040a00
000d0702
0c0a0000
000d050e
01070000
0000090b
0f0c0307
05041317
02040c00
000f0007
0e080000
000a050e
00080002
0000070a
09070208
070a0f16
02040c00
180c0019
0f062200
0807050c
00090402
0000080a
02060408
082d0d19
1f000001
1b000407
00140018
18001500
05041100
061d3d00
00082500
02001500
0000000b
00002f00
00150000
16000700
1c003200
00112500
051c3e08
000e0000
00000000
03000000
002f0003
170f1200
2b00030a
0b13050d
02110000
00000000
09033104
000f010c
0d0c150b
00110610
0e060001
00000528
1207000c
06080e15
04050f00
00100007
0f070000
000a050e
00060101
00000608
09080209
07090e15
03040e00
010f0006
10080000
000a0610
00070100
00000607
04080109
09070f17
02030e00
02100007
10070003
0009070f
00080000
00000605
03080108
09091018
05040e00
020d0008
12080001
0009050d
00060000
00000506
0208010b
09090f17
04060f00
030c0007
11070001
0008040f
00070200
00000606
03070409
0b080f16
02040f00
060d0008
10080001
00090510
00060200
00000705
02060108
0c0a0f17
02030f00
090c000b
100b0002
0008040e
00070202
00000604
00070107
0c0a1018
04000800
1c0c0011
04080700
020a0805
0009070d
00001706
00010004
0a130c18
24000000
10000000
001b0005
07000e00
090a0d14
00062400
14000000
00000200
1106041a
0600080a
00000e00
00173600
1502512b
00003e01
1b005000
033f0000
00000032
06000000
00a30c0e
001b5100
20002c18
000f3900
001c0000
000e0a00
00000f3b
0400002c
0043001d
00030000
21002631
05040005
00002e1a
190c0000
0c000007
00000600
00000003
00000700
1700003d
0f0d0000
00000113
13000000
47000001
00001b00
00360000
22000900
13000f31
24161100
0000130b
00000000
31050007
00000003
00090012
03000400
1e006434
00143400
00007403
05130000
001e1300
1e000009
00010804
00080200
0d004900
00000726
0005210b
090f0b19
1100001b
1400091b
00000d20
1b001200
0a000608
000e2300
00193900
0d101000
0000000b
00002607
001e000b
25181500
09000000
080a0039
101b0014
00001300
2a000400
1600010e
001b1200
05120000
08110012
03062628
00080013
00140c1d
0b220029
02000022
000c0000
00002900
16002c13
1d0b4b00
0014660f
0f250000
02000f0d
0c00003a
00150000
0d000000
19000000
1f000000
001c0004
00002206
0d00000a
03000800
000f0000
0f000400
13000000
1b030000
0018000a
00001900
00030007
00000000
00190002
06000000
1c000000
0f080005
00180001
00000003
1900000f
00000000
0034000c
1c1d0000
1d000000
16120600
00160000
00001100
02061c00
000c0008
00240506
00090609
0d040000
00000638
090a0308
04010e11
05040e00
00100007
10070000
0009060f
01060001
00000607
06070208
07080e15
04040f00
00100009
10080001
0009060f
00070000
00000708
06080108
07091016
05031000
000f0008
10070201
000a0610
00080000
00000707
05070207
080a1017
04030e00
010e0007
10080002
000a0610
00060000
00000706
03080007
09091117
03031000
020f0006
0e0a0001
000b050e
00050005
00000608
05070007
08081018
04040e00
000f0007
0e070100
000a090f
00050608
00000807
07020206
090a0b13
04050e00
0010000a
0e050101
000a060f
00040707
00000805
05020406
0a0b0913
04040d00
000f0007
0d070100
000a0810
00060708
00000808
06010407
09080813
00041000
02110009
0d040002
000a080e
00050b0d
00000707
03000608
0a0b0712
00000000
1d1a000f
0c0d1400
0a0d1304
00050e0f
0000050c
0006010d
0027111b
04001000
000b0f13
00021300
000d0420
00000b10
00000721
02040b09
00001315
01051100
030c000c
0d030003
0008050e
00040a08
00000705
00020907
0b0b0a14
04030f00
040c0009
0f050001
0007060d
00060509
00000704
02010506
0a0a0b12
04061000
010e050a
0f040203
040a050e
00050408
00000706
08020307
0c0a0a14
0b000000
00051d0e
00090201
0a051800
06000b0e
00000a00
07030407
06030a0e
04010f00
0d020021
00030002
00030102
0800120a
0000040c
00000707
040a0910
08031600
070d0008
0f060008
0017070d
07070504
00000503
00040107
13070c17
02040f00
030c000a
0f050001
0008050c
00060306
00000506
00040509
0b090d15
04030300
130c050b
01070700
060c0500
040b0407
00010706
000a0908
08340b15
35020000
08000004
00010000
00000200
24000000
19190000
001b0c0f
00000000
1f000000
26000000
002e0001
00000300
18000000
1801000f
00270115
0000000e
00000025
2f000600
001a021f
22000100
0b070006
0b170d00
00080300
00001600
05000a0c
00000604
00040007
0c2c0111
0d000206
030e1014
0304130b
06001204
07041107
00010407
0f050003
000e020d
07000007
00000805
11050506
0a061111
03040f00
00070506
0f050001
000e020e
02000003
00000707
11050207
0a071011
05030e00
00090208
0e070000
0011030e
03010001
00000607
09070209
0a0a1015
02021000
01090009
0f080003
0009040d
01030002
00000603
00080007
0a081115
0b040f00
0c100010
10081000
031b060d
00070601
00000705
01060d08
0a291018
09000004
14000011
001d1207
10001400
0c100600
00170000
00190002
0035070b
1c00000a
00000000
00130000
00001100
30000300
02251200
000f0b00
00000000
0b0c0402
18000006
00180013
14000200
33000000
1d0d0e00
001b0103
00000100
00000909
00000300
0017002b
0f220004
11060000
0a000d1f
0f150100
00001d06
01040c00
000c0705
0b0d0200
000f0610
01070000
00000a11
0f0b0106
03061415
02040c00
000c0008
0d090000
000b060e
00060002
0000080a
08070207
08091014
03080e00
140e000e
0e061700
0416050c
00070201
00000706
00060008
08280d1b
38120000
16000908
00050209
08000600
08111200
07081c00
00193610
04100409
00230000
00002200
005a0000
00000000
29002200
15091203
00143201
00000000
1d000d2c
00000000
003c0002
25010500
20003112
000b3b00
00003400
00000100
02032700
000e0109
10050307
001d0816
06061b01
00000427
0b07020a
07080d15
02040e00
00100007
11050000
00090610
00080003
00000508
0a070509
080a0e16
04030e00
02110007
10080000
0009070f
00090000
00000708
04070008
080a0f18
02030e00
01100007
10080003
0008080e
00070001
00000506
02080109
08091018
04050d00
030f0007
11080000
0008070e
00060000
00000307
0209010c
09080e18
04060e00
040f0006
110a0001
0008080d
00070000
00000405
0109000a
0a050f18
04030d00
050e0008
0f080000
0007060e
00080100
00000706
00070108
0a090e17
01041000
090e0008
100a0002
0006050e
00070002
00000606
00070007
0a090f18
09010900
140b0010
050a0700
06080305
0209080f
00001709
00020008
090e0e18
17000000
0c000000
001d0500
08071200
08001d27
00023700
00000000
02040600
0a000017
0800033c
00030000
0a000000
1f004d1f
000f3200
00004400
3c3c0000
00000000
00000b00
00000002
00140000
3b004331
1e2e0000
00053d04
2c000000
0011040e
00000110
0000001a
000a0400
24002f37
01020000
0000351d
00000000
0f181400
06000000
00110000
07000900
17000038
1b020007
07000820
00000000
45050000
00000000
00290000
0e052b00
10002a3a
0e081e0b
1f001b00
00000000
0a101300
00000006
00000000
00020000
0e004823
00002300
0000420a
00140000
000f2505
1e00001f
00030800
0a010300
0e022e00
05000222
000e000f
080f1d0f
0f00000c
0d001f10
0012001b
26000000
09050200
100b0400
001d2500
0c052202
00000700
00002d11
00110c00
130b1100
0a000000
0e00004f
13140011
00000800
18020200
0c000032
000d0a00
00070200
07000601
01000311
000e1a11
1e11060e
1a000002
0c000034
00000000
00000000
14000800
14000000
001c1c0b
19130e07
0f020810
0a000000
0019000c
11060000
14000000
14000000
001e0000
00001709
0000000a
00000000
000a0000
0e000000
12000000
170b000a
001a0a06
00000500
1900001d
00001800
00210000
0a060500
2100050a
0b213200
000e3200
00000100
1100001b
00000000
00240000
13001e00
20001d00
07151526
000e2109
00000300
03041808
010b000a
09150009
000a0408
0d040003
00000b30
0506040b
08020f0f
03040f00
000f0008
10060000
000c0510
00060001
0000070c
06060408
08080f15
03040f00
000f0008
10070002
000a060f
00070000
00000607
05080309
09091016
06041000
010f0008
11090102
00080511
00090001
00000707
04070109
0a0a1017
05030f00
00100007
10070001
000a0510
00090000
00000706
05070307
090a1015
02040e00
010d0006
0f0a0102
0009060e
00080105
00000807
06060007
09061016
04050e00
000d0008
0e060000
000a0510
00060607
00000807
06020408
0b090a13
02040c00
000d0008
0d060000
000a070e
00040807
00000604
04020707
0b0a0a12
04040d00
010f0008
0c060100
000a070f
00050706
00000607
04020307
09080814
00041000
030f0008
0f060003
0009050f
0004080e
00000506
03010309
0b090713
01000000
1d1b0011
0e091500
0a0f1405
00050e14
0000070b
00030d0e
03270e18
06001000
00091011
00061300
00120621
0000080d
00000520
0205080a
00001417
02040f00
030c0008
0d060002
0008080d
00040708
00000905
01020105
090b0a14
03050f00
020c000b
0f060002
0009050c
00060508
00000605
03010507
0c0a0912
06040f00
010c0406
0f040002
0609080c
00040509
00000605
03030406
0a0c0811
00020a00
00010f0b
020b0008
04090000
0409080e
00000d08
0e040500
00050c10
02040a0d
1100001f
00030e00
1f000100
16001415
00060e1e
0001040c
281e0a0e
20002509
00000008
00070a04
083c0521
1e000e07
01040d16
0003000c
21000c17
07040f02
020d0009
11060401
0009070d
04070107
00000906
04040408
0a090e14
020b0d00
100f041d
10040f00
0012070c
0317020a
00000705
00070507
0b390b19
44050001
0100001a
00000000
08000000
1a000500
0a0e0000
00171702
00100000
27010600
26000000
00340007
00000300
17000000
1500000a
002d000c
00000714
00000015
3a000000
0010001e
1c000000
0f0e000a
201c0c00
0015160d
0b000c03
00000019
00001703
00050023
1d2e0000
0d00000f
11180d12
03041303
00000e00
080a1502
00140202
0c060100
00160d10
0b0d0003
00000610
0f06040b
01070c11
030c0500
00130203
0c060001
00030b06
02110004
00000a0b
11050409
08070b0f
000e0a00
000a0004
09050000
000c0209
020f0104
00000909
0a060706
09020e0f
03070f00
030b0008
0f080002
000a050c
01090002
00000708
03060207
0a081014
05050d00
080a000d
0f080001
010f030a
000b0302
00000b04
03050807
0b1a0f14
160e0000
13000515
00171106
0c040c00
09070700
03070000
001d0f06
002e0611
09050000
00000027
000c0000
00000000
2c000900
17110800
001d2b07
00000000
0b001100
0f000000
00180004
0e000000
26020400
1c070200
00240005
03000b0c
00000400
00000000
00240026
11160000
03050000
11000b22
111f0301
00001810
01040e00
000d0504
0c090300
000e0314
01050000
00000913
11090107
05071415
01030e00
000d0006
0e090000
000a050e
00060001
00000709
08070107
08080f15
04030e00
0a0d000b
0f070500
000f050e
00070101
00000708
02060508
0a170f17
0a050000
12050000
01142400
02051d00
04090102
00010606
000b0b00
00130a10
1f001423
1b000001
00470316
0c002900
10002522
00173f00
04000a00
00000000
0e090333
00000900
0015000b
25000400
0b003d1d
00093400
06003700
001c0000
01022500
000d0209
0d050407
00190818
03031c00
00000426
0a06000a
07080d15
03030e00
000f0007
10080000
000b070f
00050100
00000608
08070308
08090e16
03030f00
010f0008
11080000
000a0711
00040100
00000607
03070108
0a090f17
03031000
010e0008
11080002
00090610
00070101
00000606
03080107
0a091018
01030e00
020c0007
10080001
0009060f
00030201
00000605
02070108
0a080f17
06040f00
030d0006
100a0001
0009070f
00070000
00000705
01070107
09081017
02041000
050d0008
10090000
0008060f
00060202
00000705
00070308
0a0a0f17
03021000
0a0c0008
110a0002
0008050e
00060004
00000605
00070008
0d091119
0301050c
1b020025
010a0f00
1b000200
030b060a
0000100b
00020b08
14160e17
21000000
0b000008
00110211
052d0000
0b002037
001a3600
00000700
0b011700
0200001d
1f001f16
0000000d
12002200
161d4b36
001e1c00
00004a00
003f0000
12000019
00000000
00370000
0e002800
2d000f30
00372b00
00000000
00000000
000d2a16
07000000
00000019
00004600
13002a3e
0008092f
29001812
00050001
400a1615
00000d00
002f050f
09004200
08000439
00000410
4200000c
00000000
40160d00
00000106
001e0000
07020500
03004434
00001510
32002500
05150000
000f1800
00000112
00000004
00010000
0a004d22
00001d00
13004607
07260000
01031409
19000016
00000201
09030200
06001c00
01000016
000e0006
07181c11
1000000e
05003100
000e0310
280b0a00
08050000
08100000
00170600
00041907
00010800
00000837
00121e00
00121300
08000000
0705004b
130f0b1b
0e000412
0b000000
0e00003d
05000000
00000000
17000a00
11080000
001c1913
2517000a
00000000
11000003
000c0000
00010000
1d000000
19050000
001f0006
05000600
0d000005
11000000
000f000a
0d000000
13000000
1b020000
00180003
01000303
0b0c0000
00001500
00200000
02002000
1f000000
17040000
00190004
00000002
04030001
00000000
00380017
11000000
2b000000
1a110200
00191d00
00000a00
03001200
0000000e
00220001
000e1200
1b000800
09000136
0010010b
00000202
07031a00
000d0006
0f0b0009
0109050d
06080001
00000414
05080309
06071015
04040f00
000e0007
0f070000
000a060f
00070000
00000507
05070209
09070f15
02060f00
000e0006
11080003
0009060f
00060001
00000608
06070309
09080f16
05051000
00100006
11070001
000a0611
00070000
00000708
06070107
09091017
03030e00
00100007
10070001
0009050f
00080000
00000607
05080208
080a1017
03040f00
010f0007
10090002
0009060f
00090005
00000707
06070008
09070f19
03040d00
000f0009
0e050002
0009070e
00050606
00000806
05040908
09090a12
03040e00
000f0007
0d050001
000a040f
00070607
00000708
06030508
08080b14
02030e00
01100007
0d070100
000a0910
00050707
00000807
05010206
080a0914
01041000
0310000a
0f050002
0008060f
00050909
00000505
04010409
0b0b0814
00000000
1d190012
0b0c1100
0a0e1404
00070e10
0000060a
0004060e
0226101b
04000f00
000a0f10
00051400
000e0722
0000090f
00000722
02040c09
00001215
03040f00
050c000b
0e040002
0008040d
00070808
00000804
00010505
0b0b0911
03050e00
020b0009
0f050001
0009060d
00050707
00000805
03020407
0a0b0912
05060e00
020c000c
10040002
0009050d
00050809
00000a03
04020b06
0c0b0810
03050800
06050f24
06081605
03000305
020d0b0e
00000617
0b04000c
1a1d0910
3a000038
1a000049
00031508
35000000
3000141b
072b0f00
00000307
34162000
0f001031
00000000
00070000
244a0416
21001218
13272117
00012208
00001700
07071600
020d0010
10060700
00140618
07080303
00000514
03050509
0a0a0f1b
050b0c00
100d010c
0f060a00
001b040c
01150207
00000503
01050508
0b280d18
02080000
0a000014
00000300
04000800
130c0301
000b0000
00141300
00280000
21000000
00000000
00230100
00011900
1a000000
0e060000
0026000b
00000008
000a0000
3a000000
0022000b
0a000700
13000000
1f000000
00240013
0000000f
00000a09
22000000
001b001b
30080000
190f000c
1f111107
000b1100
00000700
04071900
00120504
0f070b00
001f0a17
02070102
00000526
1105030b
02090e12
020a0d00
00130008
11060000
000a0a0e
00080001
0000060b
0a06040a
08090b15
04080c00
01140009
11060000
000a060e
000b0000
00000606
07070409
080a0e16
02060d00
03110008
11050002
0009070d
000a0001
00000707
04070209
09090d17
02080d00
03100008
10060002
000b060c
000a0001
00000705
02060509
090e0c17
1e070000
0c05002b
00011d00
0a050b00
03160600
01000300
001b1c06
04361617
00000000
00000000
0019001a
00010000
0d120000
11000600
00200000
00001219
0b071800
04000000
00190005
04000300
0e0e0000
0e000007
07240005
00001321
00030402
00000100
001f001e
13160000
030c0000
0d000c17
0d200000
0000161d
02050b00
00110606
0f0b0300
00160816
000b0000
00000c18
13080308
03071517
02060b00
00100007
0f080000
0006070d
00080000
0000080a
0a060307
09080d14
02070c00
070e0009
0f060000
000a050d
000a0102
00000706
03070208
0b0c0e15
0a060200
160c020a
04112801
06000800
02090104
00020812
00070208
070d0918
25001e00
20000008
00120d19
12010300
1300372b
001b3900
00000e00
08000000
00050008
00001000
0000000e
1f080400
0900471e
00002d00
09003b00
00240000
00042300
000b0208
0a040407
00150618
05071d01
00000427
0a06030b
06060c12
02040f00
000d0008
0e080000
0009040f
00090001
00000509
09070208
08080f16
04050f00
000c0008
0e080101
0009040f
00080001
00000605
05070108
09081015
04050f00
010c0008
0f080101
0009050f
00060100
00000606
02070207
0a081017
02030f00
010a0007
0f090001
000a030f
00040100
00000605
02080107
0b081116
02030f00
030a0007
0f080001
000a040f
00030200
00000605
01070107
0a091118
05021000
050a0008
10080000
000b040e
00060102
00000704
00060108
0c0a1017
03020f00
0a090009
11080000
0008040d
00070101
00000703
00060106
0c091117
1700000c
1d040010
00080c00
20091100
030d070e
00050b04
00011702
0a1a0e18
17000500
00000600
0028001b
00291600
0b091234
00223315
29061400
00000f00
021e0a00
0b000000
00000000
00193f00
090a4e31
00001e00
0d002e00
002c0000
0a1f1704
01000012
002d0001
01002200
14003d27
000a231e
22001900
000f0000
001b1700
03000002
00000000
00021d00
0b004833
00001119
24001c00
08170000
0d171300
02000003
00000002
00022300
0400452b
0000100a
2f001b00
0a120000
040f1400
00000500
00000001
00010400
02004422
00001601
1d001a00
0a190000
000b1b02
00000011
00000009
00000000
05004f1a
00001605
03005605
0b2e0000
01000d13
1c000013
00000003
0a000500
04030e03
04020004
000f0305
06191d13
10000019
00002f00
001a1016
2f050f00
07060000
0f170000
001e0d00
00061b00
02000000
00000b36
001e0000
040e1200
0e000000
0f08092b
0c0b0013
00160311
15000009
0a000000
00400000
05002d00
1b000000
000c0000
001f0000
00000c00
02000005
0a000000
00240006
00002500
22000000
160c0000
00200001
00000b00
00000000
09000c00
002b0002
01002200
38000000
200b0000
001b0002
00000a00
25000035
00003128
0028000b
12001400
26000004
0f192500
000b2b00
00000800
1420001d
00001400
00250000
12002100
16001209
0a14161c
00142b11
00001000
09121d02
00010009
0018000b
00080300
10070002
0e000633
1308060b
0300080a
04060f00
000d0006
10070002
000a060d
00070001
00000508
08070209
08061215
03050f00
00100007
11080000
000a0610
00070000
00000708
08070208
09090f16
03040c00
000e0007
11070002
0008060f
00060001
00000606
06070107
0a0a0e16
03051000
01100007
11070002
00090611
00080000
00000707
06070207
0a090f17
03040e00
00100006
10080100
000a070f
00060000
00000807
05070007
08091016
02040f00
000f0006
100a0003
0009070f
00090103
00000606
05060308
08090f17
04050d00
000f0007
0f060000
000a050e
00050404
00000607
05050608
09090c16
03040d00
000f0006
0d080000
000a090f
00070405
00000808
05040007
06070b15
04040c00
000f0009
0e090000
000a070e
00070907
00000907
06010706
0a0a0913
00051000
030e000a
0e060002
0008070f
00050a08
00000407
03020408
0c0a0814
00000000
1e190010
0c071300
0a0e1404
00050d14
00000809
00020a0b
01240e19
02001100
000a0e10
00051200
00100521
0000080b
00000722
0207070a
00001518
03040f00
040d0009
0f040001
0009090f
00070708
00000b04
02000505
0c0b0912
04090f00
070c000d
0d050601
0008070d
00060706
0000080d
02020407
0b0e0916
050a0f00
09010009
0c110000
04060408
1300060b
00001a18
0c020108
1a080c19
18000013
1d00002d
001a0000
104d0a00
171e0403
00001d00
00060003
121e0e17
2c0e0022
1d000000
00090000
12003200
112b050f
19270000
000e050a
00021000
00000012
00001000
0008000d
2d330000
150d0e0f
1c261019
00061900
00000000
05052400
020c0007
10070d01
00280621
0b070703
0000071e
0405010b
09090f19
05050b00
04100206
0f060000
0015070c
000a0204
00000805
03050407
08170e14
1f0a0004
11000230
00001400
17081000
14090603
0c140000
0012270c
09400013
35130000
07000000
00030006
00010000
20000000
2c1c0017
00291c16
00000009
00060000
1b000000
00260005
00000300
22000000
21000011
001f0014
07000b09
1d000b25
1c000000
002c0013
32110900
22000006
1a151200
000e0d00
00001500
02080c00
000e0c08
0b020700
001b0815
04080400
0000052c
19060a0b
03070813
03060d00
01100009
10080001
0008070d
00080000
0000060c
0b070509
09090e15
02030d00
000f0007
10070002
000b060d
00060001
00000707
05070108
09090f16
04040e00
030e0007
10070000
000c080d
00060001
00000606
02070009
09090f17
03030f00
040e0009
10080001
0009070d
00070001
00000705
00060308
0a0a0f15
24050300
1210001c
01001400
08171c00
030e0700
00000600
001b1c07
03310b17
0b001e00
0e00000a
00130015
05000400
080c0000
11000500
00211400
00000c14
0a0a1700
03000000
000b0000
00020000
050b0000
0d000005
13210305
05001622
00020100
00000b00
0023001a
1d130e00
04050000
0e000b0a
0e220000
00001722
00060a00
00100807
0d120400
00160916
02070000
00000a2d
1708050b
04071015
02060d00
000f0007
10080000
0008070d
00070000
00000609
07070209
08090d15
03060b00
0c0f000b
10080400
0008090c
000a0001
00000608
03070009
0a0d0d17
1d000000
26010009
001f1900
07000f00
0603001a
00122f0c
00050004
090f0c1b
27200404
11000000
001d001a
0d000b00
27004930
00264900
0e004000
19030000
05250006
00002b00
0000000b
15000800
2900541e
00093600
10005300
111d0000
000d2d00
000f0109
0c03000a
0018060e
17081b00
00000434
1206040d
06070a15
03050c00
00110008
10070000
0007070f
00080000
0000050a
07070209
080a0e15
03050f00
01110007
0f070000
00090610
00090000
00000707
06070207
08090f17
03041000
020f0007
10080101
00090510
000a0100
00000707
03070106
090a1018
03030d00
040b0007
0e080002
0008050d
00090102
00000705
01070207
0a0a1016
04020e00
030a0007
0e080000
000b050e
01070001
00000604
01070108
0a080f16
05040d00
040d0007
0f060000
0009040d
00070001
00000605
00060208
0a080e17
04040d00
0b0f0007
10080000
0009080d
000b0001
00000705
00070009
0a090e19
14050000
140e0025
03061000
06060d00
0113080b
00001703
00030209
091e0818
2b000005
0800001f
001f0005
00161500
11023536
170f4f00
29007b09
45000000
00170400
0400052b
16000006
002b0900
0e006026
11004100
2900890a
61160000
001f0500
04000220
1a000000
00290a00
0d006127
0e004500
2c008c07
5f190000
00200500
02000421
1a000000
00250b00
0d006226
0a004400
2e008c06
5d1a0000
001e0500
02000221
1d000001
00250a00
0c006125
09004500
30008a06
5e1b0000
001e0505
02000722
1d000008
002b0c00
0b005f24
11004300
2f009a07
601b0000
00171600
0900000b
00000008
0033120f
0d035a16
0e001911
07008c0c
35250012
00090006
2f17000c
00050100
00092000
0516020d
00000007
000d020d
001b0b1a
05000013
02002b00
00280a1c
2d001a00
0910000a
10140000
00111702
00000200
00000020
0c00002c
001c0000
000c0a00
1700202f
080d1a3c
06000909
12000000
15000031
0000002d
00220000
06002600
1300291c
00001f00
00001100
0f180000
00000039
00000000
00130037
000a0600
2c000f09
000d0000
00110000
13000a00
200b143f
04000038
00231100
1f010000
2e110000
0c0c0000
000d1900
00001f00
3100001e
00002100
001c0001
16022500
13000100
21100000
05191a0a
00001600
001d0600
000c260d
00180000
00001600
1206030c
0c000239
1f06170e
00000004
0d060c00
0712000c
080e0006
00020904
06080002
00000513
02070609
04040e12
04030f00
000e0005
10070005
0008060c
00070001
00000507
07080009
07060e15
02040e00
000e0007
10080002
0009050f
00060001
00000708
06070108
09080f16
02040d00
000e0008
0f070000
0008060d
00070001
00000706
04070208
08090e15
04041000
010d0006
11070001
000a0610
00060001
00000606
04070107
0a080f16
02041000
000f0008
10080002
00090411
00080000
00000607
06070207
090a1017
03030f00
00100007
10070001
000b050f
00080001
00000707
05070209
09091017
03030c00
00100009
0f0a0002
0009080e
00080202
00000706
06060109
09080d17
03040e00
000f0007
0d080001
000b060f
00050506
00000708
05020108
09090b14
02040e00
020f000a
0e070001
0009060e
00070706
00000606
03020307
080a0a15
02051100
040e0008
0f070001
000a070e
0006060a
00000507
03020008
0b090a15
02000000
1b1a0011
0b061400
0b0d1004
000a0e13
00000a0a
00030d0b
00250d19
03001000
000a0e0f
00081300
000f0521
00000508
00000521
0008060a
00001519
04040e00
040d000a
0e060000
0008050e
00060709
00000a04
01000604
0b0c0911
04050c00
130f0010
0c090d00
0007080d
0d070a0f
00000d16
02010308
1a110a17
3e000820
1100000e
001c0d00
0c000800
1a002020
00094800
00000000
1b000300
0506002f
00000005
000f2106
1b500100
0f073f1f
000d4f00
00002e00
000f0000
0b051000
1e000005
00091000
04242300
0e00110e
00000411
0005000b
001f0012
0500000d
29000000
00101417
34001a00
13010917
02281b00
00051700
00000000
0a001603
0000010c
00070800
004c0815
10060803
0000071d
0005020d
05030f1a
05050c00
000f000f
10060200
0009090b
00070204
00000909
0806050a
070e0d13
41030000
07040c60
08001000
00080500
09120e00
07000300
00323d17
154d0010
041c2000
0e000000
001f000a
00000000
13070000
2a000013
00331a26
00000027
0400002b
35000000
0034000d
13000000
0c080015
281d1005
001c1010
06000b24
3939002c
00003104
001d0005
27002c00
100a0208
07240f4b
19061507
00001600
010f1b00
00120010
0e050301
0009070d
07060401
00000643
1c06090f
08080c14
05050d00
010f0007
12080000
000a080e
00060002
00000707
06070208
09090d15
04060e00
01100007
11080001
0009060e
00090100
00000707
05060307
090a0d16
02060e00
03100008
11080001
0007060d
00070001
00000607
05070109
090a0f16
04060d00
04100007
10060001
0008070d
00080002
00000707
01070308
0a090e16
22010400
140e001f
05001800
070e1400
010c0400
00000904
000e1906
07300d16
17001a00
12000000
00110021
05002800
0d080000
0d070000
00230000
0500131f
02051000
04000f00
001b0004
11001d00
14080000
0e020005
16210007
08001326
00110000
00002a00
00310010
1b002f00
0f020000
0b000c3d
121f0005
00001606
000e1400
0012000f
0f120001
000a070b
05090001
0000083b
1606050b
09070b13
02050e00
000e0007
11060001
0009070d
00080002
00000607
08060409
09080c14
03050c00
09100007
10070000
000f060e
00080001
00000706
05070009
09100d18
1c030000
150b0805
00121100
03140300
05200b0c
030f1400
0002000e
00120a1c
1225000a
04000000
00010000
00000000
200b3b2d
00204b00
00003400
19000000
03450600
00000000
00000000
00000000
25073812
000f1b21
00004700
01000000
001c2800
000e0009
0e080701
0022090c
09051002
00000638
0806000f
07060b16
04030d00
00100007
10080001
00080a0c
00050204
00000b07
06070309
080a0c16
04040f00
010d0007
10090000
00090610
00050000
00000607
03080008
09090f17
02041000
010f0007
10070101
000a0610
00070000
00000706
02070007
0a091018
04040c00
04100008
0f080000
000a070f
000a0000
00000705
00070108
090a0f19
02040d00
040d0006
0c080002
000b070a
000a0101
00000607
02080108
08070d16
06040d00
030d0007
0f080001
0009080d
00080000
00000706
01070208
09090e17
04040c00
08100007
11080000
0009070d
00080000
00000605
00070009
0a090e18
27040400
0e120048
07010800
110c0c00
001f0800
00000702
000d2c0a
08360a19
25000000
0700022d
000f0000
00000000
0c091800
3e080000
002d392b
2b06050b
06100700
0a00001c
0029000c
00000700
0b1c3200
4c040000
002d3a32
45000823
00220300
09000b0c
002d000c
00000700
0b233500
48000000
0b2e4135
4800062b
00260d00
0800090e
002a0009
00000000
07253600
44000004
132d4434
42000f36
00280a00
08000810
002b0005
00000000
07263600
44000003
10304434
46000c36
00260400
06001412
0044001e
01000400
07243400
4b000001
08314435
45000c36
00081100
08000100
00440008
00210d06
07062600
3000052b
07162b1e
0b000c1a
00060000
2a13000e
09080400
00131301
030b0008
00000806
000e020c
0427091e
0c000000
0a000500
0015000d
2c002700
1000001c
0b0d0010
00140511
00000000
3c00000a
0800001d
001f0000
03000600
10001039
031c2d05
16000702
0f000000
181f0018
00000000
00000300
00001d00
13006430
00014500
25008c00
252d0000
0015063e
23000000
00100027
00001a00
1b113116
0c100700
0f091e05
15000600
1c0b0023
00002a00
00000008
1f002600
1700000b
17190800
130d2b08
0e000f00
102b0000
00005307
00290000
09002c00
12160000
040f083e
1a120306
00000300
03091000
00000008
04140000
00030500
0e000002
00000630
0807060e
02000309
02060e00
040e0006
0d080000
000b0809
03090002
00000709
00070409
07080c16
03050e00
030e0007
10070006
000b090b
00090000
00000506
07080209
0a070e15
02050f00
000d0007
10070001
000a050d
00050001
00000508
0508030a
0a080f16
02030e00
010c0008
0f080000
0009050c
00040003
00000606
03060108
09080e15
04041000
000d0008
10060002
000a050f
00060102
00000605
05070307
09070e16
03051000
00100007
12080002
000a0612
00080000
00000708
06070107
0a0a1017
03030e00
000f0008
11070001
000a0510
00070000
00000706
07080408
09091016
03050f00
000e0007
0e080002
000a070e
00080103
00000706
05070109
08070e17
02040e00
020e0007
0e050001
000a050f
00070507
00000707
04040208
0a080b13
04040e00
0110000b
0e070000
000c0911
00080707
00000807
05010606
0a0d0a14
03040f00
030e0009
0f040002
000a040f
00040809
00000405
03020208
0c0a0914
02000000
1c1a0010
0b071300
0b0e1105
00080d12
0000090b
00030a0c
00250e1a
01001000
00090e12
00081200
000f0820
0000060b
00000622
0007080b
00001518
08070f00
0b0d000f
0f050800
0009050e
00070a07
0000090f
00010808
0d100817
22000006
1c000315
00191600
0b000000
14000e26
0010391d
00010006
190e0814
48132d17
08000000
0015060b
0b000100
0f023f1e
00093604
00001100
07140000
0000001b
00000f03
00000011
1e000000
1004411f
00053600
00002f00
05250000
00000200
10000019
00050000
002c0700
0c001507
00000210
0006000a
00140701
0a000023
2b000000
00010014
2f000800
13000f18
192c1600
000a0e05
00001800
0d00151a
00000001
00070b13
005c0a15
1c001217
00242001
00031209
0a000f09
12021404
020b0416
0c060301
003e0f11
1a070304
00000507
0505070c
0d120b19
24021500
00000651
04001200
00090700
08160e00
00000000
003c4f15
054a081c
00082600
0d000000
00180006
0a000a00
07020000
10000005
01360014
0000032c
000d0000
19000000
00380026
121b1f00
04000005
1f00001a
00270d12
0000001f
02321b00
05190020
06110000
01051f00
0c0b0205
00000838
13040f08
0306080d
04041500
000d000b
0f080301
0009040e
03070101
00000611
06070309
0a070e14
04050e00
000e0007
10060001
000a050f
00070101
00000608
06070408
0a080e15
03060f00
010e0007
11070000
0009060f
00080100
00000707
05070108
0a090e16
02050f00
020f0007
11070002
0008070e
00080100
00000706
04070108
0a090d16
03050f00
02100008
11070001
000a060f
00070000
00000706
02070108
090a0f17
120b0d00
08110407
11070600
00290c0b
010b0300
00000705
00081408
082e0d19
1a180000
19000000
001c0001
00193f00
0f110000
000f0600
001f0007
0022000c
05320000
00111e00
002c000a
00003b00
13150000
000f0524
001b0000
00000000
002a1200
00190016
03310201
00002f00
0f0b0000
00000641
12120209
0001000d
03050c00
0016000a
0f090001
0008080b
03080000
00000614
0907010b
06080c15
03070e00
01100006
11070001
000a070e
00090000
00000608
07070209
08080d17
02070c00
03110007
11080000
0008070d
00090000
00000508
06070109
09090c16
18190b00
0d120404
0e0b0001
0018070b
001c0101
00000606
0006000b
05100b1b
28670200
121e000d
090a0000
000c0900
10322b09
02000101
04012e0b
00100015
01562100
021e0010
06070000
00070400
13202507
00000736
1002270a
040a0210
03061200
0112000a
10070202
0009060d
040a0502
00000714
0806040a
090a0a17
03080d00
0211000a
10030002
0007030e
000b0505
00000906
05060a09
0b090a16
03061000
02100007
10080100
0009060f
00090201
00000507
04070208
0a080f16
03030f00
010f0006
10080001
0009070f
00080000
00000706
02070007
09091017
02040b00
030e0008
0f080000
0007070d
00070000
00000606
02070109
09080f16
04050d00
030f0007
10080001
0009080d
000b0000
00000806
02070109
08080e18
02050e00
03100007
10070001
0009070d
00070100
00000607
03070208
09090c18
02050f00
04100007
10070001
0009080e
00080001
00000706
01070109
0a090e18
1d100c00
06140406
0f030600
082b170c
01140500
00000705
000c2408
072b0c18
0b15140a
031b0000
092b0400
00163d00
0c1e0000
00000115
00270000
001e0518
0020170c
00220000
0b2e0700
000c3b00
0a120000
0000001c
00240007
00130014
001f1509
03210000
0d330b00
000f3a00
0c0e0000
00000118
00260006
00150014
001d1401
02220300
0d300d00
000b3800
0d0e0000
00000218
00250003
00120014
001d1304
03220000
0d2d0a00
00103b00
0d0f0000
00000117
00270003
00130015
00191205
00230c00
074a0a0a
01103f00
0d120000
00000020
00280001
00130014
01161503
051d0016
063b0305
00021506
080b0000
00000740
07100009
00030c15
010b0b00
07150406
10090001
001f0b09
020b0002
00000907
02080508
06220c1b
081c0000
07120600
00150000
090d1d00
05160013
00000006
000f000a
00120013
2e3a0700
0d160009
000b0000
00000000
0726232a
0000180a
02004e16
00070008
00480f00
0716010f
00000000
00100000
0e2c5615
00000801
00007413
0f25000e
00481200
0c25000b
0c190001
00082600
0f242800
00000414
040d000c
000e0013
00480700
0628020c
0b120000
00063500
0f1b0000
00000317
0a0f1209
00120010
04340c00
001f0013
07130000
000b1600
0e0d0000
00000436
1109020b
000b0011
01100d00
0113000b
0d0b0000
000a0707
070d0000
00000612
0608060a
030a0a14
03060d00
05120008
100a0000
0009080c
000a0001
0000050a
0107010b
080a0d18
02030a00
060f0009
0e070005
00040a09
00090001
00000405
0008020a
090a0e16
03040f00
010e0007
10090006
000a040f
00080001
00000607
06070108
0a071017
03040d00
000d0008
10060001
0008040e
00070102
00000706
05060407
0a090e15
03040f00
000b0006
0e070001
0008060e
00050001
00000605
03070107
09070f15
04041000
000f0007
11080003
000a0711
00080000
00000707
06070007
0a091017
03050d00
00110007
10080000
000a060f
00080000
00000707
05080207
080b0f16
02040f00
00100006
10090002
0009060f
00080102
00000508
08070109
08090e18
04040b00
020f0005
0e0a0001
0009090d
00060305
00000806
04040008
08060c17
03030f00
010e000b
0d050001
000a0610
00060807
00000707
04020607
0b0a0915
01030f00
01110005
0e070001
00090b0e
00070709
00000806
04020006
080a0a15
02000000
1d1a0011
0b0a1200
090c1005
00090b11
0000080c
0004080c
00240f1b
03001000
000a0e10
00051100
000f0621
0000060a
00000620
00070a0a
00001319
06060e00
170f0009
0f0b1f02
0005070c
000a0508
00000916
00030507
0c150a1a
40001c08
18000005
001a0006
0b000000
0e002a23
000e3c00
00000c00
00000300
090b1800
0d00000e
00000005
00000a00
0800401c
00002705
00001b00
111a0000
0000121c
04001602
00000018
1c000000
09073f19
00022800
00003000
021d0000
00000000
12000717
00000500
001b0000
0c001a01
00000017
000a0b07
00100b07
31001f2c
26000000
001a0019
1b000000
0d0f000e
0f1b0c00
000b0000
00002500
07011034
00002500
0010001a
0f000000
0a281711
09212100
02001300
00101b00
1800140c
00000008
00020000
095a0b1c
13001207
000f1200
00030e08
08001514
2900120b
0000093e
02002200
00190e00
0a160b00
00000000
00373c14
0043091a
00002c00
05000300
00250010
12000100
0d000000
15000000
00340011
0100102a
00000011
00000633
004f001e
0e100800
0b000000
11001027
29231405
1c000b10
06000a02
07000005
0c04000a
0138060e
0e000d08
1f001606
2306270a
4a00101a
03050f02
05100007
0e060001
001a0718
06080408
00000b08
06070a07
12070f19
03050f00
00100008
10070001
000a0610
00080000
00000708
05070208
09090f17
02060f00
000e0009
11070002
000a050f
00080000
00000706
05070209
090a0f16
04041000
030d0008
11070001
000a060f
00060000
00000606
02060208
0a091016
03040e00
020e0008
11070001
0009060f
00060001
00000706
03070208
0b090f16
02050e00
050e0007
10070000
0009050e
00080000
00000606
01070208
0a0a0e17
091a0c00
04170007
10080001
021f150c
020b0001
00000705
05070409
09150e18
021a0e00
001c0011
10110001
01081c0d
04120000
00000815
0b070208
090c0c15
03070f00
0116000c
10080001
0009060f
03090001
00000710
08060309
09080e16
02050c00
000f0006
10060002
0008060c
00070001
00000606
05060208
08080d14
02040e00
000f0008
10070002
0009060d
00070000
00000607
06070108
0a080e17
03050c00
030f0007
11060000
0009070e
00070001
00000606
06070109
0a090d17
03050d00
030f0006
11080101
0009080d
00070002
00000806
02070008
09080d18
04040a00
00100007
0f080000
00080b0c
00060302
00000b05
03050207
09090c14
03060e00
020e0008
0e080002
0008080c
00070402
00000a06
03050607
090a0913
01050f00
01110008
0f080000
0008070e
00070400
00000608
03070409
08090e16
03040f00
02120007
11080002
0009070f
00080000
00000606
03080208
0a0a1019
04040e00
02120007
12080002
0009070f
00080000
00000706
03070107
090a1017
04040d00
010f0008
10080001
0008070e
00070000
00000707
04070108
08090f17
01050d00
020f0007
0f090001
0008060d
00070000
00000507
03080009
09090e17
04040f00
03100007
11070101
0009080e
00080000
00000608
01070109
0a090f18
03041100
030f0008
10080001
0008060e
00080100
00000705
00080207
090a1017
03041000
02100007
10080101
00090510
00080000
00000706
02070107
090a1018
02040f00
040f0007
10080002
000a080f
00080002
00000806
01070108
0a0a1017
03040d00
040f0005
10090001
00090e0b
00070100
00000606
00090108
080b0c16
03040e00
04120005
110b0001
0007100b
00080001
00000808
02080007
07090d16
03040f00
010e0005
100e0001
00080e0c
00070000
00000a07
030a0006
060b1016
02041100
000e0005
11100002
00080e0c
00070000
00000907
030b0006
06091117
02040e00
01110006
12110001
00090e0d
00070000
00000a08
040a0007
08091117
02040d00
00120007
110d0000
00080f0c
00080000
00000909
05090007
08090f17
04060d00
02100007
110b0000
00090a0e
00060000
00000707
04080008
08080d17
01060d00
02110008
11070002
00080a0c
00070001
00000706
03070309
09090d15
05090c00
01160006
120a0001
000b0a0b
00070000
00000407
0508000c
06090c18
040c0d00
0617000c
12070000
0009040e
010c0507
00000707
06060c0d
0b0b0b18
040b0d00
0411000a
11010000
0007050b
000a0b06
00000705
0305110b
0c0c0915
03070d00
05100007
12050003
0006090d
000a0501
00000606
02060309
0b0a0c16
02060e00
02100007
13060002
0007090d
00090001
00000606
06070209
0a090c16
02070d00
000f0008
11060002
0007060d
00080001
00000507
06070508
08080e15
02040f00
000e0006
10070002
0009060e
00060000
00000407
05080109
09080f16
02040e00
020d0007
11070000
000b050e
00050000
00000406
0307000a
09090f18
03040d00
060e0008
11080001
000b080b
00060001
00000505
0008020a
090b0f17
05031000
030d0008
10080005
000a060f
00070001
00000507
04080109
0b050f16
04040f00
010f0007
12080001
000a0611
00090001
00000907
05060307
090b1016
02050f00
010f0009
11070003
00080510
00080003
00000706
04070307
090a0f17
05040f00
000d0007
11070002
000a0611
00050101
00000606
06070407
0a080f15
03040f00
000f0007
11070000
000b0510
00060000
00000707
06080108
090a1017
03040f00
000f0005
0f090002
000a050f
00070001
00000407
0408000a
09081018
03040c00
02100007
0d090000
0008070d
00080407
00000707
06040207
080a0d16
02061000
020d0008
0d060001
0007080e
00050605
00000407
03030308
0a080a14
05060e00
01100007
0f070002
000b070f
0006080b
00000807
05030509
0a090a15
00000000
1c1c0010
0c081400
0a0e1305
00060e12
0000070d
0003080d
00250d19
03000f00
000a0f10
00041200
00100521
0000070a
00000521
00070a0b
00001418
0b020400
260c000e
03161f00
02050803
0115060c
0004100e
00030008
10160916
1a001d00
17000005
00100c12
0d000000
0800382e
00184200
00001000
0d020000
00031709
0b00000b
00000007
00010000
0b003f17
00002700
00001f00
15190000
05061712
0000190c
00000013
11050000
0609340c
00012000
00053a00
0d200000
00000000
00001100
00070200
182e0300
06001503
14030411
00100505
00041200
0f001318
2d000007
000b0021
19001400
06060212
001e1100
00011500
09001600
15010f1e
0500360d
00000022
19010400
0a2d0312
0c1d1002
0d011100
15191000
04000021
00003e0e
00010009
1c400100
0e15130e
1d1d170c
05022608
00000b00
1c00070b
0300014b
00001900
00120000
15001200
06000000
002c370b
0c320b10
00051a18
0e000100
00370016
0a000f00
09080000
10000000
012a0600
0000141b
18051d01
00000334
00250000
000a0000
0b0c0000
2a000000
062f1b08
1e001425
00020b00
00000300
003c0027
00310000
09130000
2f000a0a
1a350513
2b001421
03000f00
06000006
08090003
013e091b
07000309
15001306
0a061507
1f041619
04030e00
000d0009
10070200
0009060f
01060104
00000706
04070308
09081015
02040f00
010d0008
11070000
0009050f
00070000
00000707
05070107
090a0f16
02040f00
010e0006
10080001
000a050f
00070000
00000607
03070107
0a091017
03051000
010f0006
12080002
000a0510
00070000
00000706
05070007
09090f16
02050f00
01100007
12070000
000a0610
00080000
00000707
05070007
090a0f17
04050d00
020f0007
11060000
0008060e
00080000
00000705
04070208
08090e17
03060f00
010e0006
0f090001
0008060e
00090000
00000707
05080107
08090f16
02050f00
010f0007
11070002
0009050f
00080000
00000707
06070007
09090f17
02050f00
010f0007
10060001
0009060f
00070001
00000607
06070208
09090e16
02051100
00100007
10070002
00090510
00080000
00000608
04080008
090a0f17
03040e00
030f0007
10090000
0009060d
00050000
00000607
03070009
09090f17
05050d00
040f0007
10070100
0009070d
00090001
00000606
02070109
0a080e17
06070c00
010e0008
0f060000
0007040c
00090502
00000905
04060509
0a080c14
01071000
020f0007
0e060002
0009040f
00080501
00000607
02070709
0a090e18
03050f00
02110008
11070201
00090610
00080101
00000707
03070308
0a0a0e18
03040f00
01100006
10070202
000a060f
00080100
00000605
03070009
0a0a0f17
03040b00
010e0007
11070001
0008080d
00060001
00000606
0407030a
09070d16
02050f00
02100007
10080000
0009060f
00070100
00000609
04070208
09090e18
02040d00
010e0007
10080001
0008070d
00070001
00000706
03070007
090a0f17
03030f00
030c0007
10080001
000a050f
00040100
00000606
03070209
0a080f18
03041000
040d0007
11070002
00090610
00080100
00000605
02070208
0b091018
04041000
020f0007
11070102
00090610
00070000
00000707
03070007
0a0a1118
02030e00
030d0007
10090002
0009060e
00070002
00000606
01070107
0a091118
03040d00
040d0006
10080000
0009090d
00060102
00000706
02070108
09090d17
04050c00
030f0009
11090101
0007090c
00070202
00000906
03060408
0a080d17
01050d00
030d0007
0f070001
00070a0d
00070304
00000804
04050307
09080c14
03070e00
01110006
12080002
00080a0e
00070203
00000806
06060308
09090d15
02050c00
020f0007
10090001
00070b0d
00050303
00000805
04060608
090a0c15
04060f00
010f0008
11080000
0009080e
00080202
00000806
03060509
090a0d15
02050f00
010f0009
11070002
0009060f
00070200
00000707
04070308
0a090f17
03050c00
01100006
11070000
000a070d
00070001
00000605
03070409
09090f17
02060d00
010f0007
10070001
0008070d
00080000
00000508
05070109
08080d16
03050d00
03100007
11080000
000a070e
00080000
00000706
02070209
0a090e18
03060c00
04100007
11070000
0009070c
00080100
00000605
02070109
0a090d17
02050c00
04110007
12060001
0009080c
00080000
00000506
0107020a
0a080d17
03050c00
05100008
12070002
0008090c
00090000
00000506
0308030a
09090d17
02050e00
000d0007
13080003
000a060c
00060000
00000406
0409020a
0a080f16
01061000
010d0007
11080001
0009050e
00070000
00000508
04080309
0a081117
02040f00
010c0008
10080002
000a030d
00050000
00000605
04070208
0a081016
03030d00
050d0007
11090000
000c050d
01060001
00000405
0209020a
0b081018
05030d00
070e0007
10090004
00050b0c
000a0001
00000606
0208000a
09081017
05060f00
010d001d
1a080e04
0009050e
00070300
0000090d
0a07040b
0f1d0f16
0f040e00
01050028
16060006
022f0210
08000601
0e000a03
0d0b1211
2b061117
01050f00
080b0110
13060007
0022040e
0b070604
0e000f06
1207120c
26071018
03040e00
000d0006
10080100
00120713
06060207
00000907
07070608
0e081018
04040e00
00100006
10090000
000a060f
00070001
00000508
06070008
08080f18
06040c00
0210000c
0f0a0000
0009080e
00070708
00000b06
08040d08
0d0b0d17
04050f00
000d0008
0d070002
000a060e
00040906
00000706
02030307
0a090a13
03040d00
000f0006
0c080002
0008080e
00050509
00000608
05030207
09090a14
02000000
1a1c0011
0a081600
0b0e1504
00060c12
0000090a
0004080b
00240e1a
05000e00
00090d0f
00051000
0012041e
00000409
0000061d
0009070b
00001518
280b0a00
270b0006
06131300
03140609
00150706
00000809
00020011
0616071d
12000100
3700000e
00040013
0c000000
09183f2d
00163900
00002700
15000000
0a091c0d
0700040e
0000001d
07020000
060c3c13
000b2500
00003500
0e200000
060a0901
0000190d
0000000c
11000000
07022e00
1200050f
000f420b
0a240700
00000005
0000210d
001e1c0a
1b180000
0d000000
0f030025
0015000b
00000c00
06000010
1d000006
000a0004
24000b00
10000f11
03240d00
00030e00
04000e00
1f000000
08001320
00000012
1e001f00
1a120700
15180000
00121814
0f000000
00000004
11001916
00150703
22002000
12210d0b
271b1117
09122c0d
00000000
22000c00
00000024
00070700
00370600
12001200
030e0000
0032310a
000e111d
03071800
1a000000
0021000d
00000100
08140000
1b000001
0027110b
0000082b
0e001202
0f000600
00120000
03050300
06170000
0e010000
0e281100
00001212
13001200
00000d00
0033001f
00030000
08070000
1400000e
132d000a
00001223
00000000
00000000
0031001e
0b35010b
08000003
18001012
0b180803
07001404
03040f00
000c010a
11070600
00110613
02040103
00000615
06060108
09080f19
03040e00
010c0007
11080000
000a060e
00050002
00000607
04070107
0a080f16
05040f00
010d0008
11080001
000a070f
00070000
00000706
03070108
0a090f16
02050f00
010e0007
12070002
00090610
00060000
00000707
06070307
0a090f16
04050f00
010f0008
12070001
00090610
00060000
00000806
05070207
0b090f16
02040f00
010f0008
11080002
0009060f
00060001
00000706
03070008
0a090f16
04041000
01100007
11080001
0009070f
00070000
00000906
04070107
0a0a0e17
02040e00
010f0007
11070003
00090610
00060001
00000806
04070107
0a0a0f17
04040f00
000d0007
11080100
000a060f
00060001
00000606
04070108
09080e15
03050f00
00100006
12070101
00090710
00070000
00000807
07070107
0a090f17
01050f00
020d0007
10070000
0008050e
00060000
00000507
05070108
09080e16
04030e00
020d0006
10080000
0009060e
00060001
00000707
01070308
09080f17
04040e00
020e0007
0f080000
000a050f
00080100
00000706
02070109
090a0e18
03041000
010e0006
10080001
00090510
00070100
00000707
02070207
09090f17
02030f00
010e0006
10080001
00090611
00070000
00000706
03070007
0a091018
04031000
010f0007
10070003
00080611
00090000
00000706
03070107
090a1018
02030f00
000d0007
10080002
0009040d
00050001
00000606
03080008
09090f16
03030f00
010c0009
0f090100
000a070e
00050101
00000607
01070007
0a080f16
03040e00
010c0009
10080001
0009060f
00050101
00000604
01070209
0a090e16
01040d00
030d0008
0f070001
0008060e
00050102
00000704
01070208
09070d14
05050e00
020d0009
10070000
0008050f
00070000
00000605
01070108
0a081017
03041100
020f0007
10080001
00090610
00090000
00000706
02070007
090a1018
03020c00
030f0006
0f080101
0009060e
00080102
00000705
00070407
09091018
03050e00
020e0007
10070001
0008050f
00080201
00000605
03060408
0b090d16
02050e00
040e0009
0f070000
0008050c
00070101
00000705
01060308
09090e16
03070f00
030e000c
1d090203
0007060e
00070203
00000e06
1006050a
0a110c16
09070e02
050e0013
28030000
0014030e
0a040a02
00001907
1e05110e
220c0c16
04050c0d
060a010b
25040003
0012010c
0a040a06
00001d05
2306130a
240a0d18
0e000000
03010f0f
20040001
00061302
1d000c04
00001f08
23061315
2d050e1e
15000900
03000602
0d040006
04311305
18000b08
03002300
14071b0b
39001217
03020b02
0c0b010f
18060010
001b090a
17050803
00001d04
25070e0d
27070e17
02041003
070e0008
14070007
00160a11
0b070407
00000f06
08070708
15090e1b
04040e00
020d000a
10080000
0007050e
00060000
00000707
02070008
0b090f16
03030d00
010b0006
0f080001
0011060c
04020200
00000804
01070108
0c070f15
02050d00
030c0008
0f070001
0009070c
02040000
00000506
01080009
0b080f17
07050d00
080a001b
11080a06
000b0609
01040302
00000717
0109040b
14130e18
05000f00
0000010d
0e080003
003d080b
27010103
0b000403
0308000b
2b041116
100a0c00
06050008
17080001
0019040a
21030602
15000505
0c080517
1e061118
0b150f00
090a0006
11070005
0528040d
1f070402
10000506
0a07030c
21091b17
08010e04
00090205
0e0b0101
0413060a
0f010106
06000a05
04070306
0a071414
07020800
060b0007
0c0a0000
000e090b
00060101
00000606
00070109
05090d16
05020a00
090c0647
0e050e02
00020b07
04070901
00000906
0108250b
1a2e0b14
07000d00
00000131
000d0010
0b150000
0b000700
21000000
00240713
2f00150d
00000000
01000009
00180011
00240000
0d000000
1a000000
0818070f
24001212
03031000
01020004
0a100009
00280513
06040104
0700070f
0f0b070c
16051418
03050e00
00100006
0f080100
000c050e
00070000
00000508
07070108
09090f17
03040e00
020e0009
0e090001
000a050f
00080401
00000706
02060309
09070f18
02050e00
030f0006
0f080002
0009050e
00070607
00000706
04040407
0a090c16
03030c00
00110006
0c070000
0009070e
00070509
00000607
04020007
08070a14
03000000
191e0011
08071500
0e0e1203
00080e12
0000080b
00030c0e
00260e19
04000f00
000b0e13
00061200
000a0a1d
00000407
00000722
0009050d
00001419
07060f00
170f0009
0d070600
0016050d
000f0601
00000808
0005080b
0b16091e
21040000
37000008
000f0400
09001000
08141f28
00183000
00003110
00150016
0d09060d
08002a0c
00000025
08000000
09132d14
10152d00
00055505
1e240000
0001131e
15000800
00150013
14000c00
12041e17
0e09000f
000e1010
00000d00
0300012f
00001104
00201510
2a230000
0800020d
0208000e
000a1601
000f0f00
24000027
29000003
00100024
13001900
14090c1b
11311600
000a240b
00001700
14000019
00001e00
0006001b
1b0e2400
12000700
0e190022
000e1d09
00000800
0c000017
1a000001
000d0d02
370f1c00
0c0c0007
091f0513
000c110d
00000e03
12001911
00000001
000a0600
001c1500
16001400
00170103
002d4008
00000b09
09000d09
06000000
0022000e
000c0c00
0a000000
03000000
01240508
00000e16
12050b00
10000100
000d0000
090c0300
0a0f0000
15000000
0023180e
0002061d
00001200
00000400
0027000e
03000700
0a000000
0a000009
00280001
00001220
00000000
00001000
00340020
151d0000
08000000
0e000e14
091d0803
00001310
02041400
020b0009
0f060002
0017041c
07050401
00000813
05070807
0c080f18
02051000
010c0008
11060002
0009030f
00080002
00000605
05070307
0a090f16
04050f00
000d0007
11070000
000a060f
00040101
00000506
04070308
0a081016
04040f00
010d0008
11090001
0009050f
00070001
00000806
04070308
0a090f16
02051000
010e0007
11070001
00080610
00070100
00000706
05070107
0a090f17
03040f00
010f0008
11070002
00090610
00080000
00000906
05070007
0a090f17
03040f00
010f0009
10060001
00080610
00080000
00000706
04070308
0b0a0f16
02041000
010d0007
10080004
0008060f
00080101
00000506
05080108
0a080f17
04040e00
000e0006
11060000
00090510
00060001
00000608
05070308
09090e15
04040f00
01100007
10070002
0009050e
00080101
00000807
06070208
0b090f17
01040e00
010c0007
0f080000
0009060d
00040102
00000506
03070208
09080e16
03050e00
020c0007
10090001
0009060d
00050000
00000505
01070208
09080f16
04040f00
010c0008
0f090001
000a060c
00050102
00000607
00070008
0a091016
02030f00
020b0008
10080001
0009050d
00040100
00000605
00080008
0a091017
05030f00
010c0006
0f080002
0009060e
00050001
00000705
02070207
0a081016
03040f00
010f0007
10080101
00090710
00070100
00000707
02070007
09091018
02030e00
020f0008
10070001
0009050f
00080000
00000905
02070107
09090f17
03040f00
020f0007
0f080001
0008060f
00080100
00000706
02070007
0a091017
01040f00
010d0007
10070002
0008060f
00080100
00000605
02070308
09091018
04041000
020d0007
10080001
0008060f
00070000
00000706
03070107
09090f17
03040f00
020e0007
0f080001
00090510
00080100
00000706
01070107
090a1018
03031000
020d0007
0f080001
0009050e
00050000
00000606
01070007
0a091017
04020d00
030b0007
0e090000
0007050c
00050000
00000605
01070208
09081017
03040f00
020c0006
0f080001
0009060f
00060200
00000606
02070208
09080f17
02051000
050c000a
10090001
0007050d
00060201
00000605
00060408
0d0a0f17
26050c00
03090869
2a030e00
0003050a
02040a00
00001504
1b112f0f
2a270c14
1b010300
0700034d
27000015
00220000
0d001600
36000e00
2a353618
65090f1c
00000000
08002524
030e0003
00120000
0f001500
39001500
182c321c
5e001118
00000000
07001338
000c0000
00010000
17001300
2b000400
082c2918
5500120f
00000000
0000042b
000c0001
00020000
20001500
35000b00
002c2b17
39000400
0e001100
12000036
00110024
00280000
1d001800
38000e00
08362a1c
57001c13
00000d02
0d000001
030b0012
02440a1e
0a000b0b
3a001400
0317231c
3a00171b
05030c00
0409000b
0e080200
000d060f
020c0103
00000603
00070308
0c0a0f18
00080000
00050102
060a0002
000b0600
030c0103
00000803
00090207
0d020d0a
08090d00
0411000c
10070200
000b060a
02070001
0000060e
0308020d
0b0a0e14
06010000
3101004f
04001500
00000400
07030800
10000209
001f1617
3c3a0911
0000001c
2d000011
00090525
00200000
18100415
40150600
00071200
38001c00
00000020
00000808
00270000
00140000
1f000007
18000000
000d0215
30001700
19000047
0000000e
00210d00
14630000
20000020
0c1c1800
00090006
3e002000
25001901
00000407
00140307
0b42070d
19080004
06000517
02070110
0d001013
04030b00
050d0009
0b080000
000c060d
01060200
0000050a
0407010b
070b0d17
21000000
0b000042
08010c00
01000700
0a000b00
00020c09
0016220b
13250b10
14000c00
00000000
0011001d
0b080000
15010300
12070001
002c0001
00001c0d
04000000
00000a00
001a0004
02100000
0b000000
18000000
021c0010
0000160e
00001000
08000005
001c0006
0012060e
0e000004
0c000a0c
040c0a0e
10000d0f
04031400
000e0007
0f080007
000d0510
01070000
00000508
06070009
0a080f18
04020e00
020e0007
0d0b0100
00090a0e
00060101
00000807
02060008
09070f17
03020c00
030f0005
0c0c0101
0009080e
00050506
00000906
04040206
09080b15
02010d00
00120005
0b080101
0008090f
0006060d
00000a08
08020606
07070a14
04000000
171f0010
08091800
0f0d1502
00080f10
0000050d
0005060d
00280e19
06000c00
000d0c14
00091600
000a101f
0000060c
00000422
0009080c
00001419
02030c00
0b0e0009
0e090002
00090a0a
000a0601
00000605
00060209
0b0a0a19
270c0000
2e0d0919
00080400
00100900
03090d00
06000200
000e251d
01270217
0000240f
29000009
0020002f
14000f00
140e2207
23110005
00163b10
03000c04
22000f30
15000005
001e0006
13002500
0c05002c
09140000
00071604
06001b00
0a001a25
00002703
00000022
29120000
08060818
10010013
07052a00
04150200
23000000
29000600
00080000
23363000
14000205
031b0300
000c090f
00000000
00180000
00000003
00160028
01003a00
160f0008
0c180040
060c0907
00000000
1504000c
1900000d
00120000
1a000500
0e0a0009
00110709
000f0303
000a0700
1f000015
00000000
00000000
22302100
14000c0a
141e1301
00133800
00000500
14000500
08000001
0019000d
00002100
110f0000
07000003
001f0701
00000910
00041400
08000000
00170000
02030800
090c0000
03000007
05220006
0000111e
00020b03
08000000
00170008
02000000
0a000000
05000005
001b0000
00001110
00020103
00000e00
00200014
100f0000
0b040000
10000007
0e190003
00000e0f
02051000
04070006
0e0f0103
00270517
06050003
0000081a
06070607
09051315
04041000
000e0007
11080001
000c0610
00090001
00000706
05070107
0a0a1016
03040f00
010e0007
11080001
0008040f
00090002
00000706
04070206
080a0f17
03041100
000b0007
0f070002
000b030f
00080001
00000805
04070206
0a091115
03040f00
010c0007
11080000
000b050f
00050000
00000705
04070107
0a081017
03040f00
010d0008
11080000
000a050f
00060000
00000906
04070208
0a0a0f16
01040f00
020d0007
10070001
0009060e
00050101
00000806
03070209
0b0a0f15
03031000
010c0007
11080003
000a060f
00050101
00000706
04070007
09081015
03040f00
000e0007
11080000
000a060f
00060000
00000507
05070108
08090e16
03040f00
020d0007
10080003
0009060e
00080001
00000505
03070008
09080f17
02041000
010e0008
11060002
000a0210
00090002
00000506
04070208
0a080f16
02050e00
010e0006
100a0001
0009060f
00080002
00000605
03070207
09091015
03050d00
020c0008
10070001
0008050c
00060103
00000505
02060209
09090e15
04030e00
020c0007
0f080003
0007070d
00070000
00000605
02070108
09070f16
04050d00
010f0007
10080002
0008060e
00080001
00000706
05070408
09081016
03040f00
010d0008
10070001
0009050f
00060100
00000606
04070208
0a091017
03030f00
020e0007
10080001
00090510
00070100
00000706
02070107
0a091017
03040f00
020e0007
10080001
0009050f
00070000
00000706
02080108
0a091017
03040f00
020c0008
10070002
000a060e
00060000
00000605
01070208
0a081016
03040e00
020c0006
10070000
0009060e
00050000
00000606
02070208
09080f16
03030e00
030d0007
10080001
0009060f
00070100
00000706
02070007
0a091018
04050d00
030e0006
10070002
0009060e
00080102
00000604
02080309
0a070f17
04060e00
02100008
12070001
0009050e
00080001
00000706
0307030a
09090d16
02050e00
030e0007
10070000
0009060e
00070200
00000706
04070408
09090f17
05040d00
070f000b
0f080000
0007070d
000a0100
00000706
00070208
0a0c0f17
33030800
06090542
0b000a00
00040300
041f0c00
00000c00
001c4008
0e3d0b15
19002200
11000000
002a0012
02000000
0e160000
17000000
003b000d
00001726
08001801
00000e00
002d0005
00000000
08150000
17000000
072f0500
0000141a
05072900
01001700
00200007
00000000
05190000
1a000002
20300007
0000222d
00081900
01000001
001c0000
00000000
0c0e0000
18000000
102e0000
00001f23
00061d05
04000d00
003d000d
08000100
0e090000
10000008
00380004
00012522
00000203
00000000
00580022
123e0003
11000000
2e00051f
0028000e
00001900
04071200
030f0007
10080000
0019091d
0c050103
00000517
0208080b
09090f1b
03080d00
020f0006
100b0000
000e060c
01090001
0000050a
0007000b
090d0f19
08020f00
020d0a3c
130b1001
0008070a
01030701
0000060a
000b120f
14340d14
00000e00
22000056
00000002
00050000
12000900
1a000000
002f2a20
1d3b0b1a
1d2b001a
32000008
00240016
01002a00
0b00002d
3f111900
0c175329
1900040a
00350024
11000307
00150005
00001000
23011f18
490d0000
1b005315
31040000
1425003e
00002700
000c0015
16000000
1c09112c
44200400
0600511b
21000000
05032c00
00000004
00060906
0019020b
2900180c
24000025
0004280a
06000706
0f020d00
00060021
0d081004
000a0309
00020401
00000c04
0107090a
0c1d1013
1b000000
0100003e
00000600
06190000
0f000c00
11000b00
00131a08
1b29050e
13000000
07000700
00120011
21001800
16010000
060a0000
002b1308
00000800
000f0000
00001512
00180001
00001300
11000000
1700002b
0f1b000e
00000007
00151100
0f000000
001b0017
02140003
12000005
1a000708
001d0f15
11001217
04041200
020f0007
100e0001
000e0710
03070104
0000070d
07070309
0b081218
03030d00
010e0004
0f080002
0009060d
00080104
00000706
03070008
08070f17
04030d00
000f0007
0c080000
0008070d
00060605
00000708
03020307
07080b13
01030c00
00120304
0b080003
030a070d
0006080c
00000707
07020806
08070a14
03000000
0f1f070f
05091c00
170e1c00
00051112
0000070b
0005070c
00270b16
04000c00
010d0912
00021600
000b0d21
00000a0e
00000424
00060f0d
0000121b
03040c00
09100009
0f060004
0004090a
000a0503
00000805
00040308
0a0a0816
03060d00
130c0708
0a0a1502
00100608
04140404
00000904
00070808
05320818
18000023
26000000
00220023
1c003a00
20001325
00251500
00082500
00000600
000b0000
30002116
00030000
00002700
1c001125
0505000b
00021217
00000000
16002817
2b002512
00000321
19001300
1a13072a
110f0000
0c012600
0c060000
07000000
00001f00
0019000b
18370000
0a000000
1100000b
0b130304
00000a00
00080000
0f00001a
00080b00
000e2400
12000009
02000d2c
00060005
05000405
0a000005
0e00000c
00050000
05060c00
0d000611
00000800
000b0506
09050000
02000015
12000000
00120006
281b0b00
120b070c
07191501
000c2400
00000400
25000500
0a000011
000d0a0d
002f1a00
0c020600
09000004
00250611
00000814
00021c00
08000000
000e0015
000b0000
06010000
15000000
001d0309
0900141c
00040e09
0e000000
00100006
00000000
070f0000
0e000000
00190103
00001419
00000403
00000b00
0022000e
15000000
060f0000
0d000008
08190000
0000160d
03041200
00040005
011c0000
001f040f
02010001
00000922
09050007
06031914
03030f00
000c0007
0f070001
000b060e
00040002
00000706
04060307
08091015
03030f00
000e0008
11090000
000b060f
00070002
00000706
04070007
09091016
03060f00
020e000f
19090703
000f0910
07090201
00000711
0b07010c
15141016
02060e00
000c0306
1c050005
0021060e
15080604
02000706
0e060410
18080e15
02090d00
040c0007
1c070000
0018050d
19060604
07000806
0c07030f
1a081314
040e0d00
04070007
17080001
0013040b
17050502
08000704
0b07010d
19061415
020f0f00
060a0006
15060002
0011050d
16060603
09000806
0e06050e
1b071315
030c0d00
030b0007
15060001
0014040e
17040502
09000705
0c06040e
19081414
020c0e00
02090008
16070000
0014050d
15020501
08000704
0c07030d
1a081415
02081000
030d0008
16080001
00140610
13050302
05000807
0907010c
17081617
05081000
030c000a
16070003
0015020e
12060301
02000706
0807010b
18091417
07041000
010c0006
0f060200
0017050d
0d060202
01000704
04060308
12091515
02041000
010c0007
0f090001
000a080d
00050001
00000706
01070208
09090f15
02040f00
010e0009
0f080000
000a070e
00070100
00000607
01080209
080a1016
03040f00
020e0006
11090001
0009070f
00070001
00000606
02080108
09081017
03040f00
020e0007
11080100
0008070e
00060000
00000707
03070008
09090f16
02040e00
030c0008
10070001
0009070e
00070000
00000605
02070108
0a090f17
03041000
030b0008
11070003
0008070d
00070000
00000506
05080009
0b071016
04040e00
010d0006
10080000
000a050d
00060000
00000506
06070009
09081017
02040e00
020d0007
10090001
0008050d
00070000
00000606
02070308
0a080f16
02040f00
010d0007
11080002
0009050d
00050100
00000606
02070108
0a080f16
03041000
030e0007
11070001
0009070f
00080000
00000407
02080209
0a091018
02040f00
030e0008
11090001
0009050d
00060000
00000706
03070008
0a091017
04040f00
050d000b
11070000
0009050e
00060200
00000705
00070408
0a0d1017
27010600
0b080031
06001000
02060d00
04140500
00000601
001b2c06
063c1015
20001300
0c000000
001f0006
00000800
0b000000
12000000
003b000b
00000928
07021500
0a000100
000e0007
07000000
04060000
0f000002
132d0605
00000a1d
03041800
0d000200
00190001
00000000
03030000
0e000006
1530000c
00000d29
0000100a
05000000
001c0000
07170700
20000000
160e0000
06330007
0700131d
00000b00
01000e00
00290012
06070000
18000000
1f070000
0033000f
11000f24
00020400
00000600
002d0018
080f0000
15000000
2c00001f
0d230018
00000100
05011301
05050008
0f120500
0732021b
0b060008
1500051d
08071009
0d061615
02041000
01060009
0e080003
000a000d
00030001
00000503
01070007
0b061215
07040b00
0a07004c
0d060900
0005020a
08020a02
0000080a
000d2c0a
17410f14
05002e00
04000920
00030013
01000000
15000200
1d070000
002e041d
0e1b1724
0007000e
03000700
001d0008
00000000
17000000
2e080004
0020062e
14000019
040c0022
00000300
00150000
00230000
2d000006
390f0000
051d0037
23000000
161d0713
00000e06
00330007
0c2b0500
26000000
46000000
001f0040
01000004
07141704
080a000f
032f0000
0407040f
0e03020d
2b000630
0600070c
0101090c
13040f00
06090532
10060d07
0000040a
00090500
00000603
00081f07
122c0f14
0b000003
00000d2d
00190017
0a000000
0e000900
10000000
00261207
0c161607
13000000
00000f00
001a0002
14131600
10000000
1a030013
0026230b
00000601
01000004
05000008
00250000
00091500
17000000
0000031b
00180808
00000000
00011c0b
0b060000
0025001e
02081107
12060000
00000317
021b0009
00001516
04040c00
00120006
0f100000
0009060e
00070000
0000060e
08070209
08081317
02050b00
020f0007
0f080001
0009060d
00080104
00000607
05070009
09050d16
03050b00
01110006
0d060000
000a070d
00080506
00000607
04030307
08080b14
02030a00
00130b02
0b070306
0809070c
0006050d
00000407
0e020607
07050a12
0a000000
06241219
00051f00
1f0b1900
00021014
0000060b
00060c10
0025070f
00000a00
060c0816
00081900
00081a1f
0000080e
00000325
00080a0e
0000131b
04030c00
0a10000a
10070006
00030c09
00080504
00000703
00040408
0b0a0715
02050b00
080f1907
0f0c0004
020f090a
00220404
00000603
00050108
0a24081c
1b000000
0b000914
000f0900
0c000e00
16061723
00100500
00021a0e
002a0000
00000017
1800000e
00070000
00000000
20001a23
00150600
00000400
00000000
1d03262a
27000000
00000017
15000a00
19080822
1b170000
00003700
14040500
10000e0b
00002100
001f000e
1c000400
09070300
13020006
10141300
000d0a00
00000000
06000000
00120000
001a0400
12000609
0e001500
010b0300
00001000
00000003
0d000002
00010006
00000000
0e03070d
00000500
00001100
00030000
1400000d
18000000
000b060d
23000c00
0a15020f
0a151300
000e1909
000d0507
15000200
07000001
00050d00
003a2300
0e000d03
00070800
00212b04
00000b0f
05031700
08000000
0019001b
000c0e00
0a060000
0c000000
04200002
06001016
040f1500
09000000
000f0003
00070000
04090000
12000005
0a19040c
0903111b
00050200
00001400
00140013
160c0000
05070000
18000009
121c0009
00010b15
03000d00
0005000a
040c0300
002a0513
04040004
0900071b
0e040c07
05051016
03031000
000a0007
0e060001
000a020e
00040003
00000705
05050207
09070f13
03041000
000a0008
10060001
000a030f
00060002
00000706
04050207
0a090f14
08000200
0e040834
07041709
00000000
02160500
01000206
00150b09
2d2a1317
00001200
08000021
02000b1b
000b0000
0e0d0500
2e000000
02160f12
4700190a
0005000a
00000016
08000004
002d0000
1a000500
35050000
0511100b
53001800
06160008
00002304
0d000008
001e0000
24000005
330c0600
160a0e14
4a000e00
001f0000
11000a12
1500000b
00000000
31000301
360d0800
200e1416
4b000000
0000000f
0400041e
0d000011
002d0000
2a000600
36110400
100f130e
54001000
0008000b
00000419
0a00000f
01340000
1c000400
310c0800
05130b0b
51001a00
0813000a
0000001c
0e000000
00250000
1d000700
34000a00
0f121011
49001400
0d000008
00000218
0e000008
06340000
18000800
31090b00
0e131008
4e001901
120c1900
06000001
0507000b
0445081a
11000503
30000a1e
140e0b0c
2b00141a
04040d00
020c0007
0f080002
000a080e
01090101
00000505
04070209
0a060e15
02040e00
020f0007
10060002
0009070e
00090000
00000507
04070308
09090f16
03040d00
020d0007
12080001
0007060e
00070001
00000606
03070208
0a080f17
04040d00
020d0006
11070001
0008060e
00080000
00000705
03070107
0a080f17
01050d00
030f0007
10080002
0009060d
00080002
00000606
03070408
09090f17
04040c00
020e0006
10090000
0008080c
00080101
00000605
02070009
09080e16
03040c00
020c0007
0f0a0001
0009070b
00080001
00000705
03070108
08080e14
03060e00
010c0006
11090001
0008070c
00070102
00000705
02070308
0a080e16
03070d00
010e0006
10080001
0007070c
00070101
00000506
03070309
09080e16
02050f00
020f0006
11080001
0009070e
00070000
00000507
04080109
09080f18
03040d00
030f0007
11080001
0008070d
00080000
00000506
02080209
09080f19
04040d00
04100008
10080000
0008080d
00080000
00000605
02070308
0a0b0f17
2a030600
0b0e0030
0b001000
000c0c04
021a0500
00000501
00132c09
083d0c18
31061700
06000000
00130007
00000600
050a0000
0d000000
0a32040d
000d022a
050f0a00
11000300
000a0008
05000000
040d0000
13000000
172c080c
00000326
000f1600
1c000400
001d0001
00030000
05040000
1000000d
18340010
01010435
00010013
1f000000
00180005
00000100
15020000
190d0000
00250b00
00000005
10000400
00000000
00220007
04001b00
24000000
26120000
002b060a
00000000
1c020004
00000a00
001b0029
0e030000
20000000
31030007
1828020b
03000000
03000e08
06000007
000d0000
0440041b
07040006
2300082b
1a050e06
0f001219
03061100
0b0b000b
11080503
0009060e
00080003
0000060b
01080109
0b0c1118
01010007
14000345
00021400
0f000000
18000700
00090112
0013240a
16321017
2e001405
00000000
000b0008
0c000300
1a000000
200d0014
002f0425
00001902
0013000a
06000f00
001f000c
02000000
15000000
25040000
00140608
00000001
320d002e
09000000
00340000
07000700
27000012
211b0000
000e2406
00000000
24220020
00000100
00190005
00091800
23000400
2519004f
1e112411
00000100
0a171101
0a10000f
0f1c0200
000d050d
07090002
05000844
15050b09
090d0b15
04020200
0b000027
12020b00
00000700
09090400
03000804
00131b0c
1e200b13
22000000
00000601
0007000a
08000b00
0f0a0100
0d060000
002c1a03
00041407
00000000
00001300
002f0014
00000100
0b000000
2100001a
0d2a0016
00000114
00001100
0c00000f
00130012
00080000
13000100
0b00020c
001a2512
0000070a
03041e0b
05100006
0e20000e
010d100d
06060000
06000514
080f0008
03031c1a
04040c00
00110007
10090000
0009080e
00080000
00000509
06070209
07080e17
03040d00
02100005
0f0b0002
0008070d
00080003
00000607
05080009
08070d18
03050c00
00120107
0f070002
010b080e
00080408
00000707
08030308
09070b14
08000400
00121600
0a070305
0c09100a
0003060c
00000706
11020707
03030811
0b000000
1c221620
000d1d00
1d0a1500
0001160c
0000020e
000b0014
00280808
07000600
0f090019
00041d00
02001b1f
00001011
00030725
000a0a12
00000f18
02030d00
0e11000a
0d08000e
00030e09
000b0807
00000706
00040708
0b0a0617
09040a00
08110008
0f0a0004
020a0d08
02100404
00000904
00050207
0b0a0818
02000000
1600140d
000f0000
11000000
0a180b20
00080508
00000004
002a0213
0c000001
1c00001f
00030000
00000000
1c00171b
000e0000
000b1c13
00000000
080e0000
37000014
00060006
00000000
1a000d1c
3d020000
001e272f
18000000
13000d14
18001f00
001b0016
1c001300
0c050626
290b0000
07132800
06000100
00000000
00001700
00290000
00140000
10000000
0b001510
10130001
00000b00
0f000000
0e000000
00050005
00210c00
10000707
00000c00
00050906
00000503
1201000c
21000206
00130603
201a1100
0b1b0506
02100402
000e0309
00190b07
1b00000d
00000005
0000000f
1b421100
10000e11
0c181600
000c2209
00030103
17021600
10000001
000b000f
00001b00
0f0b0000
0e000000
001e000c
00000b16
04091300
08000000
030a0003
00000900
030b0000
0c00000a
0e1b010d
05040819
02030f00
01001000
001c0020
15000400
01100000
18000010
081c000b
00010d1a
05000c00
00000006
00140200
0023031c
03000001
15000719
0d060908
09001316
03040e00
000b0005
0e060001
0009030d
01080003
00000805
06060207
09071014
04050f00
000e0007
0f060000
000a050f
00080003
00000707
05050407
0a090f15
0c060400
100d111e
06000d00
01121100
030a0500
00000005
001d1817
03300c15
0e000000
18000600
000a0012
00001400
20000000
20090000
0021001d
1300000e
00260000
0b000600
00150010
00000d00
2a000000
21100000
06170018
00000000
00180007
00000000
00110000
00040000
32000000
2d020000
001c0022
00000000
0b000004
00000003
00100000
00000000
2b000000
22050000
00160021
00000000
06160000
1b000000
00130000
04001500
31000000
21040000
0018001a
00000000
03250800
0d000000
00190006
00001400
2f1a0000
25000000
03180023
00000005
011e0705
05000000
001e000c
00000000
130d0000
10000006
0b161308
00000004
072e0000
06000604
001b0004
00001600
28000000
1f000000
001d0915
00000000
0e0e2004
0e000000
002b000a
0a180005
29000005
25000519
0016060d
04001105
05040e00
000b0006
0f070000
000d050e
00050100
00000606
07070308
08081015
03040e00
010f0006
10070001
000a070f
00060000
00000607
04070109
08091017
03040c00
020e0006
10080000
0009070c
00050100
00000605
03070108
08080e16
04040b00
010d0006
10080000
0007070c
00060000
00000605
03080109
09080d16
02050d00
030f0008
10070001
0007060c
00060001
00000406
0208010a
09080d17
03030d00
020f0007
11070001
000a070d
00060102
00000605
02070109
0a080e17
02040d00
030d000a
11070002
0009070c
00060101
00000405
0008040a
0a0a0d16
03040c00
010d0006
10080002
000a060b
00080001
00000705
0508030a
09070e17
02050c00
020f0006
11070001
000b080d
00070100
00000506
0307020a
08070c17
04050c00
020f0006
11080000
0006070c
00070000
00000506
0307010a
09070d16
03040f00
03100007
10070001
000a060f
00070000
00000606
03070107
09080f17
03040e00
02100009
10080000
0008060f
00080100
00000806
01070408
090c1017
2c070e00
050d0233
10001900
000e0a0a
00140600
00000702
00112f09
08390e17
31001f00
0300000a
030f0009
00000600
05060000
0c000000
08370711
011c0d2d
000f1800
14000000
00130005
00000000
02070000
1200000b
14320011
0000042f
0008111a
17000100
00300505
090f0000
0f000000
1b08000f
082d000a
00001429
00000011
18000000
002e0000
01000000
2e000000
1e230000
002a0009
00000100
0a000014
00000000
000c0000
06000500
2e000000
182c0000
001a1809
00000000
2f000102
00000000
00360017
05000c00
20000000
1e250011
1d380c13
0000000d
00000c03
13000000
002a001d
032d001b
0f000006
2a00091a
181e140f
1200131c
02040d00
14080014
11081400
000b0310
02080100
00000713
0109030b
0d251418
2900003f
22000028
00051200
23000000
1600070d
001c0800
000a3800
1a261702
1d00100d
00000700
00050007
00040100
16000000
19120015
002c0024
00001500
0f0c000b
1c000000
001a0003
00060000
1b000004
280a0000
001d0019
00000000
1d270025
03000200
000a0000
02000000
1c000200
30160000
001d5014
06000000
04200b00
03000805
0026000b
02161104
19000003
34000038
1c120027
00000009
08050c00
0c140010
0c160400
0005080c
030a0200
0000061e
05070508
090e0b18
04000000
0f030028
000a0b0b
05000e00
05100300
00000400
001b1102
04250c16
1a050000
00000500
000b0000
04071900
11000000
12000000
062d100b
00000a05
00000105
00000300
0029001c
00000d00
0d000000
0c000014
0a230013
00000007
00021c08
07000000
002c000b
00080900
0d000000
06000016
001c000a
00001715
03051005
03120007
10200003
000a090e
00070000
00000515
0907030a
07061416
04050b00
00110006
10080000
0008080e
00070000
00000508
05080009
07080d16
01030b00
02110006
0e090000
0009080d
00070005
00000707
04080008
08060d18
05020b00
00130404
0d0b0002
02080c0c
00070207
00000708
0a040008
07060b16
09020000
00141b00
010a0404
0c040f05
00040c0c
00000607
1501110a
0003050d
00000000
2e0f0d21
00152800
0b0a1100
0b001a12
00001128
000a0019
002f0a0e
09000000
12050911
00091900
000a151c
00000d0c
0002062e
000f0412
00001316
02000800
160c000d
0a09010e
00001401
000b0d0d
00000803
00020406
0c090014
03090500
070b0008
0c060001
000b0b04
00070807
00000806
00030506
0e02040e
00060100
100c0b08
000d0300
000f0700
021d0816
00000407
00010008
052b021c
00000000
1d00001e
00030000
00000000
1f00171d
000e0500
000d2303
00000000
06002606
2a000000
0026000c
09070000
20000008
28000000
0023001c
0000120c
1a000520
1c000700
000c0016
21000400
0900072b
24070000
00002a00
00000500
00000001
00002900
00210100
07000900
0d010000
0c07120f
100a0000
00000600
03000003
08000003
00210000
00110a00
18000506
00001200
00040004
09000500
15000005
15000008
00040506
0e010800
0f00050c
00000900
000a0707
060d0000
02000015
10000000
000d000b
201a0800
0f160d0c
07181200
00092800
00000a00
16000f00
07000003
000c0706
00321900
0b020300
03000004
001d040f
00000d12
05081800
07000000
0007000b
00060a00
070a0000
0b000001
051a030d
02080a19
09070f00
03000800
0014001a
12001000
030d0000
1100000e
0e1d000d
00060918
01000300
00000100
001d0018
0e280016
03000000
17000810
10150906
0800150e
05040e00
000b0107
10090201
00100614
03070000
00000809
08080008
09061217
02040f00
000e0008
10050000
000b050e
00060002
00000707
04060408
09091015
07010500
120b002a
03000b00
030d0300
050d0400
00000101
00171806
07340d15
0b000017
00000700
00180014
06150000
15000001
0a090000
001f0012
00000f00
06000007
1e000000
00210000
00190c00
33000000
22040000
00150126
00000000
09000025
19000000
001c001c
00000c00
37000000
210f0000
00140000
00000400
0805001a
00000000
00290000
00000000
34000000
13020006
001c001e
00000000
00000018
10000000
002b0016
03000700
2f000000
21020000
001a000b
00000400
0b090a07
16000000
00190000
000e0400
22000000
23000006
001d0024
00000804
02100700
10000000
00150004
002c0000
21000000
28000000
0f18041b
11000409
00120d03
03000000
000f0003
00110000
23000000
21000000
1d1c001b
13001807
100e190e
04000000
0126000b
0e25051a
1f030008
2100051a
0c0c070c
1100210d
04040e00
000e0107
0e070000
000a050e
00060000
0000050a
0a070409
06080e15
02040f00
010e0007
10080002
0008050f
00080001
00000507
06080009
09080f17
04040d00
000e0008
11070001
0009050e
00070102
00000605
04070208
0a090e17
02050e00
010e0008
11080001
0009070d
00050100
00000606
03070109
07080d15
02040d00
030e0007
12080001
000a060d
00070000
00000506
02080209
0a090e18
04030c00
030d0005
10070001
000a070e
00080001
00000505
02070108
09070e16
02050e00
02100007
11070000
0009080d
00070100
00000607
03070309
08090d17
03050e00
040f0008
11080003
0009080d
00090000
00000607
02070209
09090e17
03040e00
010d0007
10070003
000b050d
00070100
00000605
03080108
0a080e16
02050d00
020d0007
0f070001
0007060e
00060101
00000607
01070108
08080f16
04040f00
040d0007
10080002
0007070e
00070001
00000606
01070107
09080f16
03030f00
020f0009
10080001
00090610
00070100
00000706
02070307
0a0c1017
20040c00
030d022b
11031700
000c070c
00160400
00000703
000d2e08
0a350f17
33001b00
0000000e
02100804
00000f00
06140000
00000000
05371206
00261023
00071d00
1c000000
00180009
00000000
04090000
0e000003
1832000f
00000531
0000003c
38000000
002b001b
10000000
0d000000
21210900
00202e00
0000181b
00020002
1a001e00
00170000
00000000
27000000
411b0000
002c000d
00000e00
00030009
05000000
00110000
01000000
2e000000
2f2c0000
00191012
00000000
28000400
00000000
00160000
00000400
31000000
311a0009
0d3a2315
00000000
00000009
06000000
003b002d
04320006
0c000000
26000c22
09300d11
0900131b
06000800
2b00021e
000d0e00
00090610
0a070007
0000071b
00090309
1424151b
3600003c
2000171a
00080502
27000000
16000519
00210400
000b3e00
09001900
08000000
00000c00
00120000
00000b00
19000000
23150003
00290021
00000000
07170000
00000000
00160000
00000100
17000000
1b070000
0b230014
00000000
001c0000
00000000
0036000e
0b001500
19000000
1d000000
00240b0e
00000000
08101407
0012000b
00330300
0111130c
0d020000
0900034b
13020807
0000040f
04050900
0e110009
0f060200
0008090c
00090200
00000607
0007030a
080f0c19
1600000b
15040123
000a0800
04002000
050a0901
00000e00
000e2605
001c0d11
0d0f0c00
01000226
00000008
00000000
14000700
25000000
02251924
0100001b
00130400
00000000
00210005
000c0f00
13000000
27000014
081c091d
00000611
00010a06
080c0006
05260005
00021502
04050001
02000814
050f020d
00001113
04040f00
00100009
100d0004
0007090e
00080000
0000050b
0909000b
07060e18
03040c00
00100005
10090000
0009080d
00070000
00000507
05080009
09070e17
04030b00
01120004
0d0b0001
00070b0c
00070003
00000608
04080009
08060d17
04020700
00110a00
0d090102
070c0c0b
0006060c
00000906
10020606
06050914
0c000000
000f1b12
00030901
0d070f01
00011309
00000413
13041312
00030109
1c000000
36000a2c
00182100
04000000
0f011b1a
00001d22
0007110d
00310815
10000100
12001212
000f1000
00260b1c
07000e0d
00001129
000c0915
00000d1e
01000a00
200e0009
0003000d
00021801
010c1012
00000700
00000708
08050514
04070b00
0a120009
0a080006
00020d07
000a0906
00000709
00020108
0b0b0216
0a000000
0d11010e
04060000
000c1000
00140a08
00000702
0002010b
071b0211
09000020
37000024
00050000
04000800
10251218
00180700
00023b11
001b0015
03000c2f
0b000000
0028001f
04000b00
120c0014
06130000
0017000c
00000d00
2c0d091f
09000400
000e000f
1b000500
0c040015
1602000e
0c0c1400
00000903
08000000
00032206
00180000
0c080e00
071d000e
0b01171f
08070002
00000700
00000000
00000004
00150000
00000500
1002191a
00022600
00011200
00010000
0500000a
0d00000f
00070101
00101300
13040c07
00000d07
00030703
000d000a
11000009
17000010
000a0210
24000c00
0d0e050b
19131100
000d180c
001a060a
0a000403
00000000
00000c00
002e1600
0d000908
01090a03
001a2b08
0000090c
00061600
08000000
040a000c
00060b00
070e0000
0a000003
0c1b010a
03040b18
070a1000
05000000
04080000
10040800
02090000
0c000003
091c010b
040a0d17
00000e00
00000500
0019001e
15180000
02060000
17000015
0a1a0a06
0000130f
02030d00
00060003
0d090100
001c0316
02040001
0900070e
08080607
09041814
03040d00
000b0007
0f090000
000b050d
01050001
00000706
06070207
08081114
05010400
0e0c0022
04000900
0d0b0400
03090200
00000304
00170e08
05321014
00000009
1e000000
001c0009
20000000
0d000016
191e0000
001c000a
0000090a
0000002d
0000000d
000f0000
03000000
27001018
0b330400
00050600
00000400
0c000745
00000000
00181e19
0c090000
2a0f000b
012d1100
000c0000
00001c00
0000003a
00000000
00120c00
01230000
2200060d
022e0400
00060d00
00000c00
0800001a
02000000
00200f00
17000000
2a000d0c
082b0400
000a0000
00000800
00000041
00000000
0016000d
02000000
3a000d10
00250300
000e1600
00001200
2600003b
0000000a
00230700
0d030000
2c000003
00290000
00062800
14000f00
0f0f231b
0000060d
0009010d
00070000
181e0000
200c0000
091b0000
18001406
110a160d
00000000
00310807
08280014
09090002
2000002a
130e0607
0000180e
03040c00
00100207
0f070100
000b070f
00060000
0000050b
0c07020a
07070e15
04040e00
02100008
11080001
00080510
00080000
00000707
06070108
09091017
01040f00
010e0006
10080002
0008060e
00070000
00000506
03080109
09090f17
01030e00
020d0008
0e080001
0008060d
00050101
00000606
01070108
0a070e16
03020b00
010c0006
0e0b0000
0007090c
00050000
00000804
02080008
0b080f17
04040e00
020d0007
10090002
0008060e
00060001
00000506
02080009
09060f17
03051000
020d0008
11060000
0009060e
00060101
00000606
02070509
0a080f17
03050f00
020d0008
11080002
0009070e
00050001
00000405
0208010a
0b091018
02050e00
030d0008
100a0002
0008090c
00060000
00000507
03080009
07070d16
03020d00
010d0007
0f090001
000a060d
00030101
00000607
02070208
09080f17
04030e00
030e0008
10060000
000a060f
00060100
00000706
00070208
09080f17
03030f00
020e0009
10070001
0009050e
00070000
00000705
01070308
0a0a0f17
18040f00
020c0019
11040e00
000f080d
000d0400
00000803
000d1e08
09280f18
2f000d00
00000025
08071000
00001200
050f0300
00000000
00381e09
00310d20
04092200
17000000
0018000a
00000100
04050000
0e000006
0d340012
00000834
00000012
33000a00
0039001c
15000000
0c000000
1913000a
002c2b04
0200002b
00000020
15000000
00100008
00000000
28000000
1f1f0000
082e000c
00000000
140e0017
02000000
00000000
00000000
26000000
372b0000
001c1913
00000000
39191900
00000000
001a0000
00010000
1e000000
2e060009
18322610
0000041d
00040000
02000700
00320028
001d0000
08090000
2300001e
16360013
00000328
0000000a
2e000023
00111400
0a0c0000
0e00000e
09070826
00030004
1911141a
1c001833
15002a00
0006150f
30000000
15000911
00220300
000d2e00
00202000
15000000
00000700
001c0000
07041f00
20000000
15120000
00210116
00000000
0016000b
00000100
001f000a
00002600
1e000000
13050000
001a1f15
00000001
08000006
00000000
003f000c
0c102600
1e000005
08000007
001f0009
00000607
0a0e1107
01180011
102e0700
010b070e
030b0000
00000438
1607070a
07080c17
02050c00
07130006
11080000
000d070d
00080100
00000507
03080009
090b0d19
18050000
100e0041
01030700
030e1100
03150a00
00000400
000f370a
04270519
00011500
00000e0e
00300013
00002600
0c000200
1f000006
082d091c
07030d2c
00130000
010e0b00
003d000b
020f1d00
06000000
13000028
0e190011
00000916
00070800
0913000a
0c180000
00061103
01070001
00000618
0008020a
03050914
02031000
000e0007
10070008
0009050d
01090000
00000406
0509030a
0c060e19
02030b00
00130005
10090000
0009090e
00090003
00000508
07070109
07060e17
04030900
00140004
0e080100
00090b0d
00080206
00000708
09050009
07060b17
07030300
00141500
07080103
0a090b09
0007060b
00000805
13020808
03040612
0a000000
0111181f
00062200
07000f00
00031306
0000002c
12031211
0013000c
06000004
2700001e
00190005
20001c00
19001b12
00061800
00090c00
05100f11
0c000000
00001e00
00070000
12480a09
16002923
0017331e
12002e13
00000008
0e000100
210a000e
000a0109
00081508
0f070f12
00000710
00020710
0800041e
06000900
1010000a
05070107
03001003
00090b0d
00000702
00010306
0a080115
09040900
0a12020d
00080000
00081205
00050c09
00000610
0003050b
010b0012
1f010000
3a160010
00130b00
01163a00
03090b1b
00071400
0004020c
00220018
01140c23
2c00001c
000a0020
00001c00
11151a2a
13172000
00054701
0a000000
0c150000
00001200
0012000d
19001a00
08070000
1600000e
0c0f1506
00000c0d
0a0b0000
0007150b
00130a00
06071700
04070005
00000629
1406040e
0008030b
120b0000
0c000003
00080000
01000200
0c0b2217
00032900
0000240e
00000000
01030006
0e000028
00000000
00050700
12001e0d
00000e0b
00031f0d
0c0b0004
00000003
1300001d
001f0019
27000000
11000c00
1d0d0000
0018140a
0e131800
0500030f
00000017
00130800
080c1500
0c000a08
000b1625
000c2109
00090908
04051d00
09000003
0006000c
00001000
06090000
08000002
021a000b
0800091a
06091700
09000000
05040000
03080500
050b0000
0c000002
061b040a
090d0f1c
06001300
00000a00
001c0018
0f010e00
010d0000
16000010
101c0007
00001117
03010b00
00020203
04160001
01200510
02030002
0a000b1e
15060806
08021514
04030d00
000b0007
0e080000
000f050e
01070002
00000806
08060407
07080f12
06020400
0f0c0025
04000800
0b0c0700
030b0300
00000605
00151007
05300f13
23000000
20000001
00170015
0e0b0000
0e00000c
1c120000
001c0209
00050a06
05120000
11000000
000f0000
00000000
20000a1a
1b2d0900
000b1e0e
00000000
02010014
0400080b
0006090d
0f000600
1d000b0e
1e2a0a00
000b1407
00000000
0d000000
0400000c
00060c00
08000000
1c080716
202b0000
00031000
00000000
09000003
00000000
000b0100
1b0c0000
14000a15
093f0200
00010800
00000000
14000028
02000000
000a0001
00000800
2b000a17
09360900
00040b00
01000000
0a00001c
0000000d
000c0000
16000000
2500121c
0f2d0c00
00094300
00000100
00022300
00000000
000e0018
0e050200
14000000
1c0e0019
11200016
0000081a
07000800
00030601
0020010a
0b160619
01000002
16000024
190b0a09
00000f0c
04030c00
00100308
0f080000
000a070e
00050000
0000050d
0d08000b
06070e16
03040f00
020e0007
11080002
00090610
00080000
00000707
04070107
0a0a1018
02040f00
020e0007
10070002
0008050f
00070001
00000606
04070107
09091017
04060b00
020b0006
0f080000
0008060d
00040202
00000605
01060209
09080e14
03060e00
020c0008
10060001
000a050c
00060200
00000605
02080309
0a070e17
03060e00
020c0007
10090002
0008060d
00060001
00000406
03080109
0b070f17
03050c00
040d0007
10080001
0008050d
00070000
00000505
03070009
0a070e16
03040e00
020d0008
11080002
0009060e
00070001
00000605
03070108
0a070f15
04040d00
020e0007
10060001
000a080e
00070201
00000704
02070308
090a0e16
02050f00
020e0007
0f080002
0007060d
00070101
00000607
02080309
09070e16
03040f00
010c0006
0f080000
0008050e
00070100
00000706
02070008
09091017
02041000
020e0007
10080001
0009070f
00080000
00000706
02080207
090a1018
14040e00
030e0017
11050b00
000d090c
000c0300
00000804
010b1208
081f0f18
29000800
0400002b
00071700
00001200
0b0f0300
00030000
00372103
003a1217
16072200
13000000
0016000b
00060000
0d030000
0c000007
0336000e
00000d30
00000015
33000000
003d001c
1c000000
11140000
221e0009
002b2705
0200032b
07000005
00000000
00230002
02000000
1d000000
142c0000
002d0311
00001000
35000027
00000000
000e0000
12000000
2c000000
2b2b0000
00180d04
00000000
24001500
00000300
00130000
030f0300
20000000
14160000
18330c0b
00000911
00031600
05001200
0039002a
00000000
0a000000
22000011
1e380015
0000042e
03000019
3e000000
00190300
0a301600
070c001a
18160413
00040200
0100171d
07001126
14004615
00000029
13001200
0b1e031a
001c0200
0c0e3f00
08311300
00000000
00001800
00130000
00000000
1a000000
300b0007
11210026
00000000
0000001e
18000000
002c0013
27000200
2e000007
2d000000
001e0021
01000c00
1a0a1905
00000010
00310000
0e091a04
1000000a
0300004c
200c0311
00000d00
05061200
0014000b
100c0200
0008090d
01050100
00000521
0d07030a
09080c17
02050e00
040f0007
10090000
0009080e
00050100
00000507
02070009
09090e18
100b0b00
02110604
0d070301
001a1709
02110400
00000501
00071b07
051e0e17
00210f00
001b0003
0c2d0100
00064300
0b100000
00000225
08150009
000c0115
00161100
061f000d
0b2f0100
01032a0b
060a0000
0000062d
0b0d0009
04050f16
0a000900
08130007
08100300
000e0e05
00050402
0000070a
0008000b
060b0d16
01000f00
050c0004
080a0008
00090c0a
01080200
00000509
0509020a
06000a18
03040a00
00150004
100b0100
00070b0e
00090104
0000050a
0907000a
07060d18
02040600
00110304
0d090401
01090d07
01040408
0000070c
0a050009
09090917
0a000000
00111b02
04060205
090b1107
02010b0b
00000709
18020c0c
05010510
00000000
07050b2b
000d1a00
2b000b00
0f00120d
00030a28
0a030314
0f170009
2b000000
25000017
001f0000
23001200
14002511
0000022a
000e0008
00000000
32000000
00002c0b
00100000
2b160000
1e003525
001f2200
00002100
00000000
0d001600
1e00000e
000e0300
00461108
12031810
0000050c
00060016
0000051f
0a000000
130c0008
00050006
02001200
00050d0f
00000600
00000406
0b000012
00000e00
0b0f000f
02060002
00040d09
00040d09
0000060c
0001030a
09060213
1b040b00
27140016
03030000
00210c06
000a0c05
00000600
00050116
0528051b
0e030400
30000001
00140024
00003800
0a150800
12000002
00121b15
0208000c
0e1d0000
00052200
001d0015
0f003300
080b0000
0d000226
1a120104
0000010f
00160800
0319000e
07100000
000b0b01
050b0204
00000434
1b03090c
04090010
0c0d0000
0a09001f
09090107
00000500
08160700
00000504
000e0c0e
071d000e
06080000
1b000029
00000000
00150000
18001602
0b000e00
0011240d
19060300
12000016
19000200
00240013
29001a00
13000008
170b0c00
001b0000
0200180a
030b0604
000c0010
00140800
000e0b00
0b060b04
00040c2f
0606170e
0012000f
02031400
13000009
0007000d
00001e00
060f0000
01000000
001a0509
09180a14
0c031b00
05000200
0010000d
050a0800
050e0000
0d000003
071a0008
0b04131d
04050403
00000c03
041a0009
06091400
06040000
09000018
17170009
00000d10
00030b00
00000000
02150008
031d000e
05000000
0d000a1a
19100608
0f001415
03040c00
000d0407
0d030000
0010050e
01070003
0000080a
0c06060a
070a1115
02010200
160e0021
04010a00
020c0c00
03090200
00000406
00111009
05340d16
0900000d
19000000
00210014
01000500
11050014
151f0000
001b0f00
00000b01
0000000f
00000002
00200000
161f0200
2000000f
0e250b00
000c0704
00000000
1100001a
08000500
001c0000
060d0000
2100000c
122a0200
000f0009
07000000
0c00000c
00000006
00180003
0d080200
2a000004
16270000
00110006
00000000
0d000000
04000021
000d0000
00020000
1b000711
1e220000
0011160b
00000000
0a340000
00000000
00040001
00000000
1a00140a
2d170019
00153223
00000000
02200900
17000007
00000000
05020000
23000f00
1f0e0000
001c3916
00000200
00091a00
00000600
00160018
17000100
0f000000
1e00000c
001c0114
00000b0b
07000800
00080709
001e0502
080f0b12
02000002
12000126
18080909
00000b0b
02040e00
000f0208
0f060000
000b060e
00050001
0000040d
0a07040b
07080d15
03040d00
010d0006
10080000
0009050e
00060000
00000706
03070007
0a090f17
03030e00
020d0008
10080001
0009060f
00070001
00000706
04070207
09090f17
01050f00
020d0008
10070002
000a030e
00070200
00000605
03070207
09090f16
03040f00
010b0008
10080002
0008050c
00050000
00000604
01080108
09071016
02050f00
030c0008
10070003
0009060d
00060000
00000505
01080109
09070f16
03050e00
030c0007
110a0000
000a040e
00050000
00000405
01080209
0a070f17
04050f00
030d0008
12090001
000a050e
00070001
00000705
01070109
0a081018
03050f00
010d0007
11080003
000b070e
00050101
00000505
03070308
0b090e16
03050e00
030e0007
11080001
0009070e
00080100
00000507
02070009
0a070e17
03040d00
020d0007
10080000
0008070d
00070001
00000605
03070108
0a090e16
03050e00
020e0007
0f080100
0007060e
00070000
00000806
03070207
0a090f16
08031000
040c000a
0f040300
000f070b
00070300
00000904
00080c08
0a160f16
2d060000
0400032c
00001d00
00090d00
08130300
00010000
00291c02
003f0c18
190f1c00
09000000
00130002
00040000
0a060000
0f000009
1436000e
0000042c
00080001
2e000000
00230010
10000000
08110000
1a090003
002c000e
00000534
0000002a
01000000
002b0000
0e000000
25000000
0c260000
00281c00
00001100
18000029
00000000
00170000
04000000
19000000
222e0000
00161d00
00000b00
1e012600
00000000
000a0000
0a060000
29000000
2e110000
0e301003
00000100
15001600
00000c00
003b0028
06060000
0a080000
16000011
1b390011
0000082b
03000000
43000002
00280008
05361900
0a000017
1f0b041b
00150d0e
00080117
22300000
1c002e07
0000002a
06003f00
1221010b
12290002
0a1d3f0b
00000000
002e0000
00004000
00350003
00002100
16300000
160b0016
17250019
00000000
2a3f0021
13000100
003c0013
1a001f00
10120016
0c11001f
00170800
00000000
00291c00
0012000d
00160000
000a0404
09030009
0000024f
1d010e11
0200020a
06030f00
000e000a
10090000
0009080f
00040204
00000608
05060208
09090d16
04050e00
020f0007
10090001
00080610
00080301
00000704
04060506
0a090f16
05060e00
00110005
0f080002
000a080d
00080200
00000508
05080309
07080d17
02060e00
00120006
100a0002
00080a0f
00080100
00000708
07090209
07080d18
07020b00
02120006
0f0b0000
000a080e
00070000
00000508
03080009
07080f18
06060600
01140003
0b060300
000a0a0b
00080504
0000070a
0406050b
050b0c17
03000300
070c0002
080a0007
00041403
02040302
00000602
0108000a
07010812
04040d00
00140007
0f0b0008
000a0b0d
00070503
0000080b
0b060309
08080718
04060300
00140704
09080002
060b0805
00080609
00000704
0d030108
05080415
07050000
00121215
00040900
06000f00
0005140a
0000041e
16020f13
000f0004
32000000
07000c29
000f2d00
27000000
1d001e11
00020d22
00040801
0f17000c
00000600
3500001a
00140700
06000b00
12002119
00000e2c
00060c07
00000900
11000000
00004000
000d0000
15080000
0a00251d
00192201
00001500
000f0000
09001700
0c000005
00080000
003d0d0c
1d003510
00030e10
00061516
00000024
0e000000
170d000c
000c0b00
00001400
00031011
00000600
00040410
00000219
02001000
120d000f
04060105
00030c08
0004110c
0000040a
00000407
08080314
03050d00
0b130007
08080002
001b0a0b
00070b06
00000603
00020506
081b0719
0c110400
15140000
08100001
01163b00
01090905
00000500
000a0007
001a0114
00230e00
081f0010
0b130007
00002d00
06100003
00000429
1308060a
00080010
030c0d00
051b000d
12070001
0008090b
040a0106
00000417
0903030b
09090816
09080700
1915000b
0b0d0000
00161d03
03130506
00000604
000e0c07
04200516
0c010000
22000025
00250009
00002e00
0e160000
09140000
00210f00
000c1800
0e00001c
01000f00
003d0024
2b011f00
0d00000a
151a1211
10171d00
00002b04
00120e00
00170012
07040100
00130604
050b0600
0000043f
2005110f
01110415
15070000
17110006
00070100
001c2a00
060d0200
00000300
0016080a
00200514
04040800
0a000000
0010000f
00001f00
09110000
0500000c
00170007
00000613
0f060400
00000609
000d0002
04000700
060b0000
0b000001
0f170804
09020b0c
00000400
00000400
0022000f
05180a01
05040000
10000913
111c0004
06001711
00070c00
000e0808
0b0e0000
0013070c
02060000
00000917
1508050b
06071214
03030300
13100040
0c070a00
00090702
070a0700
0000080c
000f1b0b
14390b16
10090000
0e000b0b
0005001c
03000000
10000000
23000000
0023101a
00000400
0f1e0000
21000014
000a0000
00000000
20000517
30110000
00102227
00000000
000b0007
11000000
00050000
10000000
26030d24
32310d00
00031d13
00000000
15000000
0e000000
00070000
10000100
2a00141f
0e2c0900
00021800
00000000
01000021
00000000
00210000
0e001200
1c000a1d
06341300
00102500
00000000
1300001d
00000001
00210000
00000700
20000101
02220400
00141300
03000000
1a1a1a10
00000000
00120001
040a0100
1c000000
16090019
07211d1a
00000a06
01020f05
0a000400
001b001e
1b000300
06000000
17000010
001a000f
00001112
06000703
00060908
00180100
08120411
00000004
0f000220
1605060b
00000d0d
03020d00
000c0008
0d070000
000a040d
00040000
0000050c
0907010b
09060f15
03040d00
000b0006
10080000
0008050d
00060000
00000605
04070108
09070f15
02040f00
010c0007
10080000
000a060e
00060100
00000807
04070208
0b0a0f17
02030f00
020c0008
10080001
0008060e
00060000
00000606
02070207
0b091017
02040f00
020a0008
10080003
0007060e
00070000
00000405
03090009
0a071118
04040f00
010b0006
10090000
0008050d
00070000
00000505
03080208
09081016
03051000
010b0008
11090003
0009040f
00060000
00000606
02080209
09081117
04060f00
020d0009
11070000
0009040f
00070000
00000505
02080409
0b091018
02051000
020b0007
10090003
0009060e
00070001
00000506
04080209
0a071017
03040f00
010c0007
11080001
000a040f
00050000
00000605
05070207
0a080f16
04040e00
020c0007
10070001
000a050f
00050100
00000504
02070207
0a091016
03030e00
010b0007
10070001
000a050c
00060000
00000705
02070108
0a080f16
04040f00
060c000a
0f070000
0007060b
00060100
00000705
00080408
090a1016
34010600
08030027
01001800
070a1000
03180400
00000300
00252002
02331117
1b021c00
02000100
00130006
00010000
05030000
11000000
19390010
00000930
000c0000
3e000000
0027001f
00000000
06080000
1d050000
00320015
08000533
0000003d
13000502
001a0000
06000000
1a000000
1b220e00
002d3600
00000300
00110009
00000b00
0008000a
00000000
2d000000
331e0000
0026180d
00000000
4603030a
00000000
000d0000
0b000000
36000000
38250000
00270601
00000800
12021f00
00002000
00210015
04060000
12070000
11000011
233a0012
00000729
00060007
19000000
0039002e
04670000
10000009
24000915
072f1112
04000f1e
11290e00
0b250008
100f0300
001c3515
091a0007
00000310
01090d0a
06190e17
00270e00
0a360004
131c0001
000e300c
0b1d0000
0000011b
100c000b
0416101a
0f260e00
0e2d0016
131a0002
0909230d
06190009
0000031a
1309110b
09070f19
03081000
011f0012
10080000
0007040f
050b0207
0000051a
1105050b
09070c16
05060e00
00100009
10060000
0009080f
00070404
00000408
06060709
0a090b15
03050e00
01110007
10080002
0008070f
00070301
00000707
04060409
09090c16
03050f00
01120007
11080104
0009070f
00080200
00000508
05070108
09090e18
04040d00
00110006
10070100
000b0810
00070200
00000608
07080309
08080e18
04050c00
00140005
0f080001
0009090f
00080100
00000409
0908000a
06070d18
02050a00
00160104
0f0a0100
000c0a0f
00070301
00000508
0a07000a
060a0b18
08040000
0a110004
040b0300
000a1300
00040607
00000a08
0005000b
000b0419
03060b00
02100205
0b080009
00070e0b
03080805
00000707
0a040508
09070414
0c030100
00121300
080a0203
09070e07
00040708
00000706
11050a0b
04000713
0a060000
0b101320
000a1f00
08000b00
06041603
00000124
11041114
06160015
23000000
00000000
00130000
2a000000
17001b09
00000b00
00060200
00000000
00000609
3000001a
00160109
0c040600
09001c13
00000f2c
00000f05
00001401
1f000000
00043e02
000a1300
15150000
02061e16
0004091f
00020600
00061300
00000000
00000000
00050000
24431800
1700351f
000c2800
00001509
00000000
0e001f00
1a0f000b
00100400
032f090b
0c001410
00000915
00060010
03000b29
04000e00
140b000b
03050405
01020c0b
00041210
00000900
00000503
0b0a0512
04030d00
09110009
0c060103
00060b0d
00050e07
00000902
00000405
0c0a0615
03030d00
09110008
0d050001
00070b0e
00060b06
00000903
00020307
0b0c0816
00050e00
09120009
10060003
00050d0d
00080707
00000606
00030008
0a0a0717
04040c00
04110008
11070001
00060b0d
00070408
00000806
04030107
090a0816
020b0c00
07160007
10060000
001d0a0c
000a0509
00000805
01020207
0a18071a
0c1a0000
1e190000
0d100000
05203e00
07160609
00000500
000a0709
00240018
12270c00
021c0013
00160004
07003900
0c160009
0002063f
0e081208
00070004
01111400
0019000c
11070000
0007090b
05090301
0000062f
1506040e
05090813
090b0e00
0f130008
0f060000
0019150c
00090200
00000608
010c060b
071d0b18
0f010400
13070000
000c0011
00002200
06090000
00000000
00130008
000f010f
0a0a0700
04001100
00110006
0d002200
050d0000
08000007
03180b08
05080e1a
00120800
00140f0d
0025000a
02002600
07080000
0000052a
14170007
00000e06
020a0f00
0215000c
0f0f0000
00060809
02090000
0000081e
10080109
080a0b13
0a000000
0b000b4c
0d021100
00000000
0c130900
00000709
00211e0d
20350811
0c00100b
08001200
00060015
05060000
10000000
1a000000
0022020d
04001015
1b000000
13003600
00120000
00000900
1d000000
2d000000
001f0423
00000901
020d1f00
13000000
00120022
02091200
20080000
33000000
001a071b
000b0014
022a1200
0d000300
00150015
00020000
11010a00
30000000
00161520
00030017
04190000
1a000000
00130000
00000000
2100130b
2d0a0000
00112417
00000000
08241f00
05000004
0000000f
00000000
1d000c00
280c000b
001d2b1d
0000000a
002d1f00
04000000
000b0000
020a0000
0f000000
27000019
081b151f
04000614
06001100
08000b00
0018001a
19060600
06000000
1a000003
0217000a
00000e10
04010900
00110508
04140000
040e060d
00040003
0d000229
1a06060c
00020a10
03060d00
00100006
11070000
0008070d
00080000
0000030a
0808020b
07070f18
03070d00
02100007
11080001
0008060d
000a0000
00000607
0408020a
09090f18
03050d00
020e0006
11080000
0008060c
00080101
00000605
03070109
09090d17
03050e00
030f0007
0f070001
0007060d
00080102
00000506
02060308
09080e16
04050c00
010f0007
10080001
0008070d
00080000
00000705
03070108
09080e17
02040e00
020e0008
10070001
0008060e
00080000
00000705
04070208
0a090e18
01051000
020e0007
11080003
0007070e
00070000
00000406
04080309
0a071118
03040e00
010e0007
12090000
0008060d
00070000
00000406
0409010a
0a081017
03040e00
020d0007
11080001
0006060e
00080000
00000505
02070109
09070f18
02060e00
020e0007
11070001
0007050d
00080000
00000505
0207030a
0a080f18
02060e00
02100006
10080001
0008060d
00080000
00000506
03080109
0a080f18
02060f00
02110007
10080001
0007070d
00090000
00000508
04070209
09090e19
04050d00
0710000b
11080000
0009050c
00070000
00000506
00080309
090c0e18
35030500
0a0e0028
0b001500
090e1600
02140400
00000800
001d2c08
04380c17
22002300
00000000
00110009
00000600
07000000
0b000000
123a0009
00000a2b
00090900
35000000
00430010
00000000
04060000
0e000004
01340013
00010534
0800001e
29000000
000c0000
1b000000
23000000
1c2c0000
00272600
00000800
00000013
00000000
0025000e
00000700
1b000000
1c220000
002a0000
00000500
3d000b08
00000000
000b0000
08000300
2e000000
3d1e0000
0d272004
00000800
19021500
00001200
000b0002
000d0000
11130000
14000006
1e39000f
00000332
00000010
00000c00
00430039
08280000
05000001
23000022
12380813
00001626
03010f07
090d0006
0f0a0200
03230923
0604010a
05000b19
07091109
11081418
03030f00
010e0008
120b0002
0008080f
00050001
00000607
030a0208
08081118
06050e00
03120006
120b0002
0008080f
00090000
00000307
0409000a
08071118
03060c00
02130007
11080002
0009070e
000a0102
00000508
0508030a
08070d18
01060d00
01110009
11070001
0009080d
00080304
00000508
0406040a
0a090c16
04040e00
01100009
10080000
0009080f
00070300
00000506
02070209
09080f17
03040d00
00100006
0f090001
0009090e
00070100
00000507
05080008
08080e18
04030c00
00110005
10080000
000a090e
00060100
00000508
07080009
07060d17
02030b00
00120004
0f0a0201
00090b0e
00060103
00000609
09080009
07060c18
05040800
00140204
0d0a0400
000a0d0f
00050504
0000060a
0d050107
05050915
0c010000
06140506
030c0700
000e1205
00030b06
00000807
0003000c
030b0515
01010a00
07090004
00050011
000b1403
03040a08
00000708
08030407
06000012
09080000
0013110f
06080901
05031006
00031007
00000510
16050e0f
0004030e
0c000000
07000725
00142400
1f000400
0f00100e
00001227
00050011
12140012
2d000500
1b000011
00130000
08000100
14001b09
00000e2e
00080904
00000000
0c000403
31000016
000d1008
0e030d00
05001913
00000d03
00010e00
00151409
0500000d
00002a05
00100f00
10350000
0d000f17
0001121a
1b030402
00081200
34000000
00002800
000f0000
0e000a00
20003a24
000d2f00
00001601
00110000
08001c00
1a00000e
0013020b
0041140f
1e003409
00001604
0001000b
0500081d
06000f00
1209000b
03060707
0104090c
00021312
00000b00
00000a05
0a090612
02010f00
0b0e0008
0a090103
00050a0d
00070e06
00000703
00020206
0b0a0816
04040d00
070f0008
0d060102
00080a0d
00070a07
00000a03
00010204
0c0b0815
03040b00
07110009
0f060003
00070b0d
00080907
00000904
00020307
0b0a0615
02060c00
06120008
0f050001
0007080e
00090708
00000806
02010307
0a0b0615
03050c00
07110007
0f070001
0006080d
00090707
00000705
00020108
0a0b0716
02050a00
06120007
10040004
00070c0b
0008070a
00000904
00020709
0a0c0614
03080c00
03150009
11050002
00060a0c
00080407
00000409
0603050a
080a0615
04050e00
02110009
10040000
0006080d
00070305
00000506
04040409
090a0814
03070e00
04100007
11070002
0013060e
00090200
00000807
01070208
09110d18
080c0900
0a110000
0d0a0000
00182407
02070002
00000603
000f0708
04180b16
06110000
05160406
06180003
00022700
06080000
00000410
010e0007
0007000c
00160e00
001b000f
0d170000
00051408
040a0000
00000524
1208040b
05080914
05040b00
07120013
0e080400
0006070b
01090200
00000809
0507040b
0a120c16
12000000
0900003c
00020c00
00050000
0e110a00
00000600
00292a04
0a3a0912
00000000
07001400
00220024
00001600
15090000
07000000
122b000a
0000050c
0b000005
00001500
000c0003
00000000
1b000000
10040000
001d000f
00050000
1600210e
13000000
000d0011
00000c00
21000000
1f040000
00190015
0b000000
02031a0e
06001400
00180012
06090000
0e000000
14000000
16140009
12000811
06150009
0a00001f
001b0000
000b1000
17000200
0e000800
0a0d2b04
14000000
00171907
0c000006
00000010
00000700
17000000
17000000
001f0d0d
16000e09
00020106
00001300
00050002
00000000
0c000000
2f000000
061c0315
09000600
03000e01
00000e00
00190017
1a080900
0e000000
27000015
0e160007
00000d0a
02030d00
00110408
0b140000
040f0411
00050000
05000329
1b07060b
00060e14
04050e00
00100006
11080000
000b0810
00060000
00000609
0908020a
09080f17
03040f00
02100007
12090001
00090710
00070000
00000707
05080108
09090f18
02040d00
020f0007
11080101
0008060f
00070001
00000706
03070009
09090e17
03040e00
020d0006
10080101
0009060e
00060000
00000806
02070109
09080d17
03041000
010f0007
10080003
0009050f
00070001
00000705
02070108
0a091017
02050e00
010c0006
11070000
0008080d
00050102
00000406
03070209
0a070e16
04060c00
030f0005
12080002
0009090e
00070000
00000507
04080109
09070e16
01070c00
02110006
10090001
0007070d
00060000
00000507
04080009
08080d16
03030d00
020e0008
0f090000
0009070d
00060001
00000505
02080209
08070e17
03030c00
030f0006
10090001
0007080e
00080000
00000606
04070009
09080e17
04040f00
02100007
10080001
0009070e
00080000
00000705
04070007
09090f17
03040f00
02100007
11080001
0009070f
00070100
00000706
03070207
090a0f17
04040d00
030e0009
10070000
0008070e
00060100
00000605
00080308
090b0f17
2a010700
0a0b0031
07001d00
0c080c00
01140500
00000802
00172b08
073a0e18
28002200
00000000
000e000a
00000000
06000000
0e000000
0c380008
00000f2a
00090d00
2e000200
002e0000
00010000
040b0000
10000000
0a300010
0000042c
051b001a
36000000
00180008
0d000000
0a1b0000
2a230000
002e3216
00000418
0012001a
1e000a00
000d000a
00000000
18060004
2427000b
00260e06
00000000
30000112
00000000
00060000
18000000
27000000
2b340000
001f1a00
00000000
2f002500
00000900
00160000
001c0200
1f000000
110c0003
17370010
00000e29
00000700
00000f00
003c0027
05000100
09100000
21000018
1f3a000e
00000533
05050c0a
0f0c000b
0f170200
0836091b
0b080008
0d000922
0d07120a
0a071417
02070f00
01110005
12070002
0008070f
00090000
00000307
0609030b
0a070f19
04050e00
02120006
11090001
0008080f
00080000
00000507
0409000b
09070e19
03030f00
02130008
11090002
0008070f
00090000
00000508
04080009
08090f19
05040c00
010e0007
0f090000
0008060e
00060102
00000505
03070309
09070e16
02060d00
00110006
0f080002
0008090e
00070202
00000407
06070009
08070d16
04040c00
00120006
10080001
0007090e
00080203
00000507
06060109
09070c16
03040b00
00120005
0f090100
0008090e
00080302
00000508
06060109
07070a15
04040c00
00140103
0d0b0201
0009090e
00070203
00000609
0a070008
05050b16
02040a00
00140405
0b090302
000a0a10
00060805
0000060a
0e030307
05080713
08050700
00140905
08070a00
0112080f
00030d07
00000507
0d02060d
040e0515
0a000000
06090002
00090010
03001900
01030d09
00000500
0805040d
0500000a
03060000
0d0f131a
01061f00
00050b03
00081106
0000081c
18030b10
11180011
34000000
0800001c
00130000
1c000000
1a001b0d
00001200
00070600
10070008
0c001003
19000015
00150001
02000100
1000170c
00000e2f
00010000
00000b01
0a000000
2800000b
00081201
0a060e01
00001810
00000900
00030b01
001b1113
12000007
00001b00
00050000
041e0500
15001a1f
000f2108
11001302
00000000
22000000
00003300
000d0007
13360000
1200261c
00051a00
00000300
00110000
00000d00
0000000a
00070000
07371900
20004025
00182d00
00001405
05000000
04001304
1706000f
0304040f
00150e0d
1c031610
00000900
00000603
0f08021c
06020f00
090e0009
0c080202
00060d0d
00040e0a
00000802
00000404
0c0b0715
04040c00
080f0008
0c070002
00060a0d
00070b06
00000904
00010405
0b0a0615
02040c00
06100007
0c060000
00070b0d
00060906
00000904
00020306
0a0a0714
02040c00
06120008
0e060001
00070a0e
00070806
00000905
00020106
0a0a0714
02050d00
06120007
0f050001
0007090e
00080806
00000905
00010207
0b0b0715
03060c00
05120008
0f040001
0007090c
00080708
00000705
02020408
0a0b0615
01050c00
04120007
0f050001
00060b0d
00070607
00000606
02020307
090b0815
03050e00
03100008
10050001
00050a0d
00080505
00000506
01040408
090c0815
03050e00
04100008
12080002
0006080d
00080201
00000606
01070108
0a0a0d17
02060c00
01100008
11070003
000b080c
00090002
00000707
06060208
09090d15
02090e00
00100007
0f080001
000b050d
00080102
00000707
06060208
090b0e15
04040e00
010e0007
11090002
000a060e
00050001
00000609
04070109
0a080e15
04050e00
070e000f
0f070000
000d050d
00090201
00000707
01060609
0a120e17
16010000
10070014
02100600
00142000
06180400
00000300
001a1404
00270c16
00080002
06000800
00220607
00001e00
0a180000
00000601
00210000
00010804
01030000
0000140f
002c0000
00000d00
22060000
140b0000
00270000
00000000
09090000
0b000000
00360000
00001c00
18000000
1c030006
05270009
00000a0f
06030100
0d000400
0023001b
00000500
1c040000
22000000
1c2b0205
16000f11
00000000
0a001a04
001f0000
00000000
1c000000
29010000
0f221b09
18040c05
00000002
08000100
001c000b
00050000
28000000
1d110000
00260b08
19000801
000b1000
00000400
000a0006
0e000000
17000000
2900000e
0620001e
00000012
11000d0b
00000000
0026001e
1c130700
19000000
1d00001d
151c0006
00000b08
01010d00
000f0409
0c110000
01120610
01020003
00000728
1d08070b
03060f16
05020e00
000d0007
100b0000
000b060f
00030000
00000608
0908000a
09071017
04040f00
020e0007
11080001
000b0610
01070000
00000606
04070007
0a091118
03041000
010d0007
10080001
0009060e
01080101
00000705
01070107
0b091117
03040f00
020d0006
0f080001
000a040e
00080100
00000705
01070308
0a0a1017
02051000
010d0006
10080003
0008050f
00070100
00000507
04080108
09081017
03040e00
010d0007
10060000
0009060e
00040102
00000605
04060108
09090e15
03040f00
020d0008
10090001
000a040d
00040000
00000605
02070007
0a091117
03040f00
020d0007
10090000
000a050d
00030000
00000605
00080008
0a091116
04020f00
020b0007
0e090001
0009050e
01030001
00000605
00070108
09061016
03041000
010c0007
0e090001
0009050d
00030100
00000605
01070008
09081017
03040e00
020b0007
10090000
0008070d
00050101
00000705
00070208
09080f15
05041000
020c0007
11090001
0009050f
00070100
00000806
02070208
0a0a1016
01040e00
030e0008
10080000
000a060f
01070100
00000705
01070108
090a0f16
30000900
0a0c002d
09001b00
080d1005
02110800
00000b01
00112f06
07400e16
28002000
00000004
00110009
03020500
08000000
07000000
08360209
00100c23
00061500
07000000
00160001
00010000
04050000
0e000000
102f0008
0000072b
06121800
0f000600
00140000
00040000
02110000
16000000
1931011a
00050531
00000005
27000000
002d0007
00000000
0e070000
1d0d0000
00330814
00000026
031e000e
1a00001d
00000000
18000000
2e000000
381e0000
00173518
05000000
4c041d00
00000000
000f0000
06190000
23000000
19150012
19320d0a
00000305
00091500
00002100
00420031
09000000
060d0000
1d00000c
1d390013
0000092c
06000f10
0100000b
00220503
033b0718
04000106
1c000a23
0806110b
08011218
04040d00
01100009
120a0001
000a080f
00050000
00000707
0509000a
0b071119
03040e00
02100007
12090000
0009090f
00060100
00000706
03080408
0b080e18
02040d00
02100006
10090001
00080a0e
00080003
00000607
03080009
09081018
05050d00
00100007
10080001
0009080d
00080201
00000507
05060309
07080b17
03040c00
00130005
10080001
0009090e
00070102
00000507
08060109
08080c16
03040b00
00130006
11070001
0008090d
00080301
00000407
06060209
08080a17
02050a00
00120003
0d090000
00090b0e
00070303
00000708
0a050008
07060917
04040c00
00140106
0e0a0201
00080c0f
00080804
0000070a
0c040307
06080816
03050e00
00130306
0c080304
000a0911
00070906
00000609
0d030306
07080814
04030a00
00140b06
08060503
04130910
00040d07
00000509
10020409
030d0811
0a060900
050d010d
00080200
000f0b07
00060e01
00000009
0007050f
00070115
00030000
0f00091e
000f1d00
21000800
0b00130c
0000171a
00040011
15150516
2b000100
10000013
00150000
0b000000
15001c07
00000e27
00070501
00000000
0c001503
1a00000e
00170009
01010004
0b00160d
00000f0c
00000400
08000f0b
01000000
22000013
03060f00
08080f01
09001811
00000b09
00020905
03280d15
0c00000b
00001814
000a0000
0f070000
11000e18
00131a04
0000070d
00100b00
00000010
00002800
00070110
10400000
19001f16
000b1e00
00000f00
00000000
25000000
00002100
00110000
10000000
22003d2e
00233900
00001f01
00070000
03001402
1900000d
00040016
00332608
2300360b
00021502
00000607
0b00001d
05041400
0f0e0009
0b040014
00080a0d
05070d0e
00000804
00000406
0f0a0316
02030d00
08110008
0d080002
00050d0d
00070b06
00000904
00010006
0a090514
03050e00
06110008
0d070103
0007090e
00080a06
00000805
00020206
0b0a0715
03040c00
05120008
0d050100
0007090e
00080907
00000a05
00010306
0a0b0614
02040c00
05110007
0e060000
0007090e
00070805
00000905
00010206
0b0b0615
02060c00
04130007
0e060001
00070b0d
00090806
00000906
03020206
090b0615
02060d00
0412000a
0e070000
00080b0d
00080908
00000905
02010506
0a0c0513
02060d00
0410000a
10030000
00060a0c
00070806
00000605
01040508
0a0c0714
03050d00
04110007
11070002
0006090d
00080300
00000505
01070209
090a0c17
03040c00
04100008
10070002
0007070c
00080001
00000707
01070309
09080d17
03060d00
02110007
0f070000
0009060e
00090001
00000707
04070308
08080d15
02060e00
01100006
0f060003
0007060e
00090101
00000607
05070308
09090f16
01040e00
060b000a
10070002
0009040c
00050000
00000508
00080309
0b0a1017
09091000
0d080008
0b0c0400
00191c02
06050400
0100080d
000c0c0c
0b17141b
160a0702
12080002
00160006
05221e00
141b0000
03000904
000b0006
12111113
0b110d1a
04060009
07170202
00031600
08210000
00000905
060c0104
001a0b0f
0e0b0b13
0600000f
00191a00
00001100
062e0000
00000300
00180b00
0019170e
000c0f11
03000700
00170b0c
00000000
0e280000
13000000
00260404
0009100e
00000000
0a000700
00150000
00000000
11000000
27020000
00230012
01000100
00000000
03000000
00160000
00000000
1c000000
1c0c0000
00240013
00000000
0d000521
14000600
001a0304
170a0000
19080000
1f090000
001c0017
00000900
0e001031
00000200
0035000d
1b141500
0a0a0000
090e1231
0e151004
00001700
03050b00
000d0208
0a0f0200
000f0510
020a0000
00000921
16060609
05060f14
01060c00
000e0007
0d070100
0007030e
000c0102
00000708
08060307
08090e15
01050a00
00080007
0e080001
00070209
00090100
00000603
01080107
0c070f12
02060d00
02060007
0e080000
000a050d
01050102
00000705
02060207
0c040e13
02040f00
01060007
0f080003
000b050d
00040101
00000704
01070206
0b071116
02030f00
01070007
10090000
000a050d
01030001
00000705
02070008
0b071116
02030f00
02060009
10080001
000b020d
01030202
00000504
02070108
0c081015
04020f00
01030007
0f080001
000a030c
01030102
00000602
00070106
0b071114
04020f00
00030009
0e070001
000a020c
01060003
00000603
01060206
0b071113
06040e00
00030007
0d090000
000c020d
02040101
00000702
01060506
0a061113
04040e00
00060007
10070000
0009040d
01040100
00000603
02070208
0b061015
02050e00
02080007
0f080001
000c020d
00050002
00000604
01070107
0b071016
05030d00
020a0007
0e080000
0008050c
00070003
00000703
02060107
0a071015
04030c00
020a000a
0d080000
0008050b
000a0102
00000703
01060306
0b070f14
22040a00
060a0031
0c011f00
020a0609
01160600
00000a01
000d2f06
0a3d0f15
32001900
0000000a
000c0003
0d010300
060c0300
05010000
0638170b
00181116
00091b00
08000000
00120003
00000000
05080000
11000007
18310010
00000630
020c1800
00000800
000a0002
00040000
05070000
12000001
1c30020b
0001062b
000b0d00
15000a00
001d0006
000a0000
0b1f0000
19000000
0f370013
00000033
1b270027
26000000
000f0000
0a000000
0e2c0000
2d220000
002a400f
02000012
29232700
00000000
00060005
00000000
0d0a0000
21180024
2832310e
00000022
00021400
00000e00
003f002b
06020000
09010000
14000011
11360013
00000d2a
00010f02
11000000
002d0014
02260021
0a000307
22000826
0b19100a
12001219
04040d00
000f0007
0f080001
000b080d
000a0000
00000606
05090309
09061017
03050d00
01110006
100b0000
000a080e
00080000
00000509
04090009
08070f17
03060d00
02110008
11090001
0008070e
00090203
00000808
04070609
09080d19
04060d00
00120005
10070002
000a090f
00080302
00000708
08060409
0a080c18
04050a00
00130005
10070000
00080a0e
00090403
00000908
07060208
07080916
02030c00
00130006
0c090002
00090c0e
00070604
00000907
05060307
06090915
04040c00
00130007
0d0b0200
00070a0f
00090705
00000809
08030307
07090815
02050b00
00120008
0c060100
0008090f
00060904
00000607
09030208
08080613
03040c00
00120106
0c080302
00090810
00060906
00000508
0b040108
08070715
05010a00
00130c0b
06060504
050b0810
00040f0a
00000609
12010b06
040a0710
07020800
0e0e000c
04101c00
000a0b11
00001100
00000618
0c08010e
0316071f
26000000
0f000315
00180200
15000000
16002110
00011f00
00020b00
110e0516
02001401
1c000014
00130000
00000200
1b001f0a
00000d26
00030005
00000200
0d011601
1500000c
00080c0b
00010203
0100150b
00000c08
00000303
08180d10
1d000008
1f000030
00010e06
04000000
11001711
00000f06
00061101
2029140c
1d00000b
00002000
000a0000
11060000
0f000d15
00111d00
00000e00
000c0d00
11000002
00000e00
00070700
0b000b00
15071519
000a0d1a
00000a04
00000000
35000000
00002300
00110000
113a0000
10002b23
00131a06
00000402
00110000
00000000
01000000
00080000
001c2500
26004524
001d2700
00001612
00000000
00001601
20070010
07030019
00091d06
27091410
00000801
00000108
12040017
05030d00
07120009
0d060104
00070b0d
00060d0c
00000804
00000306
0c0d0415
04050d00
07110009
0e050002
00060b0e
00090b05
00000705
01020307
0b0b0516
03060d00
06130008
0e060101
0008090f
00090907
00000906
02020206
0b0c0615
04040d00
05120008
0e050100
0007090f
00070907
00000905
00010406
0b0b0715
04060d00
04110008
0f050001
0008090e
00070806
00000806
03010207
0b0a0615
03060b00
04110008
0f060000
0008090e
00080907
00000905
04010607
0a0b0614
02050d00
0512000a
10030001
00080a0e
00080805
00000905
02020507
0b0d0715
03040e00
04110007
10070002
00050a0d
00080601
00000605
00070408
090c0b17
03040e00
050f0006
11090003
0006080d
00080001
00000606
01070309
08090e17
02061000
02120007
13070002
000a0711
00080000
00000608
05070008
0b090e18
07051000
03110010
14080702
000a0611
00080100
00000a07
07070109
0a120f18
00030500
07080028
18080104
00070606
03000901
05000a05
05080f0f
29171015
00000029
1e00002d
0108070b
0f0b0000
18000520
170a0510
000a0a0e
400f1413
1d09072c
00000000
000c0000
062a0b04
12000a1e
11050714
00011a01
15000e00
17070704
06060023
14090000
001e1500
0f000a00
00000d0a
0609150c
190f0610
0d090400
0606000f
0f000002
001b1d00
0a0e0500
0a000000
00191d0e
1d200916
0e011700
0c00040e
00040005
05001200
07150000
19000000
00250417
000e0217
00000100
01000400
000e000a
07000000
080f0000
12000000
00230018
000d0708
11150a00
13000000
000f0003
00000300
12040000
2f070000
001f021d
00000000
00050005
15000000
00260014
1d090500
0f0c0000
2d020002
00190000
00001100
00000400
00050f04
00230012
11120800
06030000
1400042b
1a0f100a
00000e05
02050c00
0013000b
0e070000
0009070d
01060000
00000620
1507060c
06070b15
02060b00
02110008
10070000
0008070d
00080002
00000607
0507040a
09090d16
02060b00
020f0007
10070001
0008070b
000b0001
00000405
0208020a
0a090c17
04050e00
040f0007
10080000
0008060d
000c0001
00000706
03070309
09070d16
02070e00
04110005
11070002
0007090e
000c0001
00000706
05060107
08090f17
02060d00
03120008
13080002
0006070d
000c0002
00000606
04070209
09090f16
03070d00
04100006
12060001
0008060c
000b0003
00000605
0407040a
0a081017
03070d00
03110006
11080002
0005070b
000d0002
00000507
0208030a
08081017
05070b00
02120005
11060002
0006080a
000e0003
00000606
0507060b
08071015
03090e00
01130008
11070002
0006090c
000e0000
00000208
0609030b
08070f17
03060d00
01100005
11080001
0006080b
000c0002
00000509
0608040b
08080f18
03070c00
030f0006
10080001
0007060c
000a0001
00000607
0407030b
09070e16
03070c00
02110007
11060000
0008060c
000a0102
00000706
0407040a
09080d17
03070c00
0312000a
10060000
0008070b
00090200
00000806
0307050a
090a0a16
1d080c00
050e0033
11021c00
0211070b
01150500
00000704
000d290a
0a3a0b17
37001700
0000000a
000d0003
05000f00
05170300
05000000
0a371d09
00250920
000a1d00
0c000000
00140003
00000000
05040000
13000006
1733000f
0400062f
00061704
09000300
000e0001
08000300
09000000
0e000002
10300009
01001028
11020f00
05000a00
00180000
000c0000
0f000000
1c000000
0c340010
00000a2f
070a0e00
10000800
001a0011
03160000
0c000000
1d000000
00330017
00000d35
00000406
09000300
00220001
08000900
1c000000
19000011
0c320013
00000624
1f000e00
00001100
001e0018
0b110000
1f000000
19040000
1030000a
00000a27
00000806
09000000
003b0029
083e0413
0f000000
1e000625
0e25090b
00001313
05050c00
01130007
110c0200
00131016
010b0001
0000050f
06080009
0707101a
02040d00
01120006
10090000
00070a0e
00080000
00000609
06080009
08070e19
04050c00
010f0007
10080001
0007080d
00070000
00000507
04080009
0a080d18
04040900
00110004
0e0a0200
000a0c0d
00070203
00000a07
07070008
08060d17
02050c00
02110006
0c0c0102
00080e0e
00080302
00000a08
05060009
07090a17
03030b00
00120007
0d0a0100
000a0c10
00070705
00000907
06030107
08090914
04050b00
00140007
0e060100
00080a0f
00070804
00000708
07030207
09090715
03040c00
00120006
0c060200
00090910
00070904
00000608
06030207
07090714
03030c00
00130005
0a090302
00090910
00060906
00000608
0a030006
07080815
04040c00
00140b0a
08060a03
040a0911
00060f08
0000050c
14010906
040a0511
05040100
0b011118
00151e00
0d000b00
11001612
00061d1b
0b03000e
1c1b0214
26000000
0a00040e
00110000
0c000000
2200260b
00031128
0003090a
00000000
08000702
1d000011
00170600
0b130000
13001811
0000132e
00000205
1b000500
17000e02
16000031
00011c08
00170608
0e001709
00000e02
00000000
1426090d
0f000d06
12000018
00080011
10000000
1a00100e
13000700
00070600
0b020d00
07000014
00001600
00080000
15180000
12001316
030b1f0b
00001300
000e0600
1b000000
00000a03
00070000
113d0900
10000c19
0001131c
00000407
00090000
00000000
00002f00
000a0003
07370000
16001c19
00051705
00000c00
00060000
2e000000
00002e00
00100000
0e000000
27004027
00213100
00000e00
001d0000
01000d01
1b00000b
0008001b
001b2300
2900330d
00071200
0000020c
0b000010
04041300
1112000d
0c020015
000d0e0e
0a090e12
00000906
02000805
120d0116
03040e00
07110008
0d060001
00060a0f
00060e04
00000605
00020207
0a0c0616
03040c00
07110007
0e070001
00060a0e
00080906
00000904
01020206
0b0a0715
03060c00
05120007
0e060001
0007090f
00080905
00000705
01020306
0b0a0715
04060b00
04130009
0e050101
0007090e
00080806
00000906
02010206
0b0b0615
03050b00
05110008
0e040000
0008080d
00060906
00000905
03010307
0a0b0614
04050d00
05110009
0e050000
0008090e
00070806
00000906
00020406
0b0c0715
01040e00
05110009
10050001
00070a0d
00070703
00000705
00050207
0a0d0a17
03050d00
04100007
11080003
0007090d
00080201
00000605
01070109
0a0a0c18
03060c00
03100007
11060000
0007080f
00090000
00000706
05070108
0b090c16
09050d00
040f0320
12060b02
0005080f
00080400
00000806
05080e0a
10270e16
12000000
1500004d
05000106
00000000
13000800
1f000000
00261a12
3927151a
0a010f0c
1d000014
001f0019
03000000
07130009
1e030000
001b000b
34001b1a
0b0a001d
09000213
0000000a
05070000
0d0c0c23
390a0000
19013d0e
20000200
1a0e1d01
0000052f
00000002
00240000
0b000b00
22000000
1a1d2f16
32041411
02012000
00000400
000e0013
00290000
0c000200
2b000009
00201915
240a1d1e
0d021500
11000000
00080000
02071600
17060000
14000000
0022051a
00110d16
00000700
11000600
0012000f
1e020000
0d0f0000
1c040003
00230407
00060c11
00032600
0f000000
000d0000
07030000
0a000000
24000006
02250025
04000017
08000009
18000000
0020000f
31000c00
13000002
38000006
001d0024
04000503
10000a0f
00020907
001b040f
18190e0e
09000009
1500032b
1b081809
00000d07
01040e00
000f020a
10070000
000c0610
00060000
00000411
0e08040b
06080e16
03040d00
010e0007
10080000
0009050d
00050000
00000508
06080209
09080f16
03040d00
010e0007
0f090000
0009070c
00060000
00000506
01080009
08070e16
03050f00
03100007
11090001
0009070e
00050000
00000606
01070009
09090e18
02050e00
0411000a
13080000
0008080e
00060102
00000805
03070309
0b0a0f17
03050f00
020f0009
13070002
0008060d
00060100
00000604
0208030a
0b0a0d17
01060b00
020e0008
12080003
0009060c
00060001
00000407
0408010b
09080d16
03050b00
02100007
14060001
000b0a0c
00050001
00000406
0208040c
0a080d17
03070c00
02110008
13090001
0009080c
00070000
00000507
0409020c
08070e18
03060d00
01120008
14090002
0009090d
00070000
00000608
0608010b
09080e18
03060f00
01120008
12070000
000a090e
00070000
00000609
0508000a
09090e18
02040e00
02110008
10070001
0008070e
00080000
00000606
03080109
08090f18
04040f00
02100007
11080002
0009060e
00070000
00000707
03070109
09090f17
02040f00
0210000a
10070000
0008060e
00080100
00000705
02080308
090b1018
1a040d00
030c001f
12031200
0012070b
000f0400
00000602
000d250a
0b2c0f18
33001100
00000021
09080e00
00001300
060e0100
00000000
00381d0a
002f0e22
00001700
10000000
00170002
00000000
04070000
0e000000
0b34000c
0000072d
11040000
02001300
001c0010
050a0a00
0f000000
14000000
022e1011
00000b1e
09000000
0e000200
00140000
01000000
1a000000
22000000
002d0004
00000004
00040003
03000000
001f0004
00000c00
11100000
16020000
0d2a0400
0000050a
1e1e0016
0b000000
00290003
07000000
15070000
23120000
0d241f00
0000000a
0e0f0300
00000000
001c0009
09001200
2c0b0000
270a0000
18370a10
00000017
00000005
00000f00
0035002f
07240000
0c000005
26000326
16310719
00000b1c
02030f00
06110006
0f0b0200
02150920
08070508
0000081e
09071109
0a070d17
03050c00
02110008
11080101
0007080e
00090101
00000707
04080209
0a080d19
03050c00
01110006
0f050001
0006090f
00090200
00000608
04070408
09090c17
06030a00
00120005
0e0b0000
000a080e
00090203
00000908
07080008
08050d17
03050b00
02130007
0d070100
00090c0f
00070805
00000907
06020407
090a0816
02050c00
01130007
0d060100
0008090e
00080905
00000707
05030308
08090615
03040b00
00120006
0c060100
0007090f
00070904
00000607
06030207
08080614
03050d00
00130006
0d060100
00090a10
00070904
00000608
07030107
08090615
03040c00
00120005
0b0a0301
00090a10
00060907
00000809
0d030007
08070715
08030800
0013270d
08061700
09080d0c
0003120c
00000b17
0f01080b
0d150512
2e000000
00002418
000e0000
0f000000
25002c19
000e2100
00001600
1e0b0000
00001000
24000014
00160700
01000000
25002909
00000b33
00010009
00000000
0a000015
1c000017
000d0e00
1b000000
07061f16
00011f00
00000e00
080e1100
0000001e
15000035
0003170b
0f040000
1f001e07
00141600
00000a00
25031300
2300122e
00000000
001d040d
121f0000
16000f00
130f0003
000d000c
00002600
02000015
00002412
0000000a
0a000000
101e0c12
0d0c1100
030d1b02
00230900
18000001
00001200
00030012
04430000
0b000c10
1e00050a
06040608
00050700
1a000000
00000005
000a0000
0a000000
1100181c
00021400
00000f00
00080000
2c000000
00002c00
00140000
0a3e0000
17032b21
00101300
00000000
00200000
06000000
00000000
000c0000
0c1e2400
2c00422e
001e3400
0000170e
00000000
02001600
22000010
00050017
00091d00
1d051111
00000b01
00010a0c
12000011
04050f00
060e0009
0c06000f
000d090d
01040d06
00000a06
00010205
110b0515
05050d00
07110008
0d070100
000a0a0f
00080a06
00000806
00020207
0a0b0516
02050c00
07120007
0d050002
00070a0e
000a0906
00000906
01020306
0b0a0615
04050b00
04120007
0e050001
0007090e
00080905
00000906
02020307
0a0a0614
02050b00
05120008
0d050100
0006080e
00080905
00000906
02020207
0b0b0514
04040d00
060f0009
0d060100
0006080d
00060906
00000804
00020307
0c080613
02040e00
060f000b
0d040002
0007080d
00080805
00000905
00030405
0b0b0813
02050b00
030c0006
0f080100
00070b0b
01020502
00000808
03060007
0d0d0a16
05040c00
030c0008
10080001
000e0b0b
02080200
00000607
0407000a
0a080c17
15040c00
08100855
10071b00
00070a0c
00200800
00000b09
00072609
163f0d18
1a000000
10000028
00090009
00070000
0f000a00
14000000
00251809
1a1b0910
10060008
11000200
0011000d
00002200
14000000
0a050000
15261411
0d00001f
000a0000
12000200
00040017
00000000
18000000
39000000
13241b1a
18000011
05021903
1d000000
00110010
00000000
0e080000
19000004
0f230f09
05001414
00001d46
14000900
002c121d
06000600
0a170010
0a0c0000
001c0002
0000200b
12000338
00000007
000f0800
0e1a0400
0b000000
00070000
00222813
001a1700
09000d2a
0f000000
00110004
28000500
0e000000
0e130000
00240f00
00001900
000e2c00
07000000
00090000
000d0000
0a000000
21000021
11230025
00000010
23080005
0c000000
0017000f
1f000000
11000000
26000000
0018000a
00000000
040f0700
00070200
00110010
0f11000c
05060003
2200012c
1e0c1a0a
0000080b
01030d00
000e0207
0f060000
000d0510
00060000
00000611
0e07040a
07070f17
01030d00
000d0006
0f090000
0009070e
00060002
00000907
04070008
07081016
04040e00
010b0007
0e080000
0007060c
00060001
00000607
02070208
09070f15
04041000
020c0007
10070001
0009060e
00080000
00000505
03070108
0a091017
03040f00
030c0009
11090002
0009040e
00060001
00000505
01080309
0b091017
03040f00
010f0005
11070002
0009060f
00080001
00000706
05070108
09090f17
02030c00
020e0007
10080001
000a070d
00070000
00000507
04080009
070a0f17
02050d00
010e0007
11090002
0008090d
00080000
00000607
04090109
07070f16
02040d00
020d0007
11090001
0008070d
00060000
00000607
04080009
09070f16
03050e00
010d0007
10080001
0009060d
00070000
00000506
03080209
0a080f17
03040e00
020d0007
11070001
0008050f
00070000
00000606
03080108
0a081017
03050e00
010e0006
11080001
0008060f
00070000
00000706
04070108
0a090f17
02040e00
030d0007
10070002
0008060e
00060100
00000705
02070207
0a090f16
03050e00
010c0008
10080001
0008060e
00060100
00000705
02070508
0a0b0f16
15050e00
050b0019
11040c00
0008070c
000e0400
00000902
000b1508
09200f16
2c000d00
0000002a
03031200
03000900
06130400
00000000
00382908
00340f1b
01001a00
1a000200
0027000a
00000400
04020000
17000000
0237000e
00000830
00000008
1b000d00
00260014
0f003300
1d0c0000
07130000
002c0000
00000b08
2b00000a
00000000
00300000
02031700
1b000000
1a0d0000
0032020a
00000304
040e1c00
08000000
00170005
00000100
0d060000
17000013
08310115
00000528
000d000e
13000700
002f0008
00000000
11000000
15000007
00320018
00000527
2c000014
00000000
00170000
0e000900
21000000
160c0000
01321008
00000000
00000000
00000000
0039002b
081f0000
12000000
2300001d
1435000a
00000c0b
03030e07
10100006
0f1a0102
02280720
07070004
0700082e
10080f09
09071218
03050c00
02120006
10080100
00070810
00070100
00000506
04080009
09070d18
04050c00
01130005
0f080100
0009090e
00080200
00000807
05070008
08080d18
03030b00
00110003
0d0c0000
00070a0e
00070402
00000808
06070006
06050c16
03040b00
01100009
0c090200
0007090e
00070904
00000807
04030307
0a090814
04040b00
000f0006
0c080000
000b0a0f
00060804
00000708
05030007
0b080816
02040b00
00130006
0d060100
00080a0f
00070904
00000607
04030207
08080615
03050c00
00120007
0d060200
00080a10
00060904
00000507
07030107
09080615
0f030a00
00130508
0b090c00
0a060a0f
00070a09
00000c08
0e020a07
0b0b0615
05000000
00003014
00061d00
0f001300
1b001414
000c1b07
0201000c
0e150008
3d000000
08000013
00100000
11000000
2a002a08
00090540
00000c02
00000000
0f001302
22000011
00150000
07070000
1200190a
00001131
00000001
02060c0a
10000000
2300000f
00020b00
18020d00
05121b12
000b0c00
00000800
00180f11
1d001925
25000031
00040037
11000000
0f071a17
00221100
00030a00
00002000
00001632
00000d00
00180022
12040000
0c180b10
08181207
000a1000
00072a00
0b000516
0000220d
00000000
0d000000
071e080d
00071000
0312270a
002c0f00
00001300
00000c00
000f0017
09230000
0a03000f
17000212
0f170a09
00001007
23000002
02000b06
00060000
05410500
1100111d
04031500
00000604
00050400
00000000
00002f00
00090006
083b0000
12001c1b
00031804
00000f00
00090000
2f000000
00001300
000e0000
180f0000
1d004a2f
00223100
00001d02
00170000
13000000
2200000b
00070004
00212500
2b00401a
000e1100
00000a13
00000008
01001200
1c040008
05050019
00081b07
0e090e14
00000c06
04000602
10060311
03030d00
0511000a
0d060100
00090910
00050c06
00000707
01020206
0b0b0616
04050c00
07120007
0e060102
00090c10
00090a05
00000705
00020107
0a0b0516
02050b00
06120008
0e050101
0006090e
00080906
00000805
03020307
0a0b0515
02040c00
05110008
0d060100
0009090e
00060907
00000a06
01020206
0c0c0715
03040e00
05100009
0d060000
0007090f
00070906
00000905
00020306
0b0a0714
04030e00
06100006
0e060000
00080b0f
00080705
00000b05
01020206
0a0b0816
04080a00
01100009
09070001
000a0908
000a0905
00000903
00050405
0b0e0614
00070c00
02100008
0a090000
00080b09
000a0404
00000a0c
04060008
07090713
16050d00
0b0f003f
10091401
03150a0b
001b0a00
00000606
0008310a
08470a17
1d000d04
0f000000
0033001f
11000f00
0e0a0200
1a000000
002b0009
00141412
0d000000
00000900
00270000
00081600
1c000000
14020000
00270013
00000a07
0b020000
0f000000
00240000
00000900
25020000
1e010000
00260003
00000611
00040000
2c000000
0016000a
00000f00
15000000
1e020000
0021010f
1000000d
001b001f
2f000000
00030019
00000a00
16140522
23110500
28132819
20000001
001d0024
1700160d
00000003
03000000
15260911
1c0d0001
2011430e
210f0400
09000130
0c001400
00000004
17000600
20000000
11170000
0e223206
080c1400
00000f00
10000000
000b0000
0b000000
12000000
2a01000a
14230021
0900000f
15000d08
00000000
001b001a
13040000
0f000000
20040008
04210800
00001207
00000400
00050700
001f0012
081b0311
04000000
1700011f
1413080a
0000100f
02040c00
000e0108
0e080000
000a070f
00080001
0000030f
0c08030b
08050f16
03050c00
000e000a
0f090000
0008080c
00070002
00000508
05060309
09090f15
02060d00
020f0007
0f090000
0008060c
00070100
00000505
0408030a
0a070d17
03050e00
020f0006
11080001
0007060d
00080000
00000607
03070109
0a080e18
03050e00
030f0006
11080002
0007070d
00080000
00000405
02080109
09090f17
03050e00
020e0006
11080001
0007060d
00090000
00000706
0608030a
09070e18
00050e00
000c0007
10070001
0009050d
00090101
00000605
0408040a
09090e17
03051000
010c0007
11070002
0009040e
00090001
00000406
0308020a
0b081017
04040e00
010e0006
10090001
0008050d
00070001
00000505
03080109
09071017
02040d00
020e0007
0f090000
0008070d
00080001
00000506
02070108
09070e16
03030d00
020d0006
10090001
0008080d
00070000
00000505
03080008
09080f17
03040f00
020f0006
11090002
0009070e
00090000
00000506
04070108
09090f18
02040e00
020e0007
10080001
0007080c
00080000
00000505
04080209
0a090e17
04040f00
02100006
11090002
0008090d
00080000
00000907
04080109
0a080f19
0f040e00
060f0012
10040500
000a090d
000c0100
00000805
000c0b09
081b0e1a
30000900
0000002b
05001500
02000e00
05170200
00000000
00362a0a
00381015
07061b00
10000700
00410021
02010200
03070000
0d00001a
0936000b
0000062c
1d000016
21000400
0014000e
18151a00
19000500
110a0900
00272c01
00000000
28002200
00000017
00050000
00100000
19000000
18070000
022d1d14
00000608
0a041d00
08000000
00130006
04050000
06090000
17000003
0730000e
00000e27
00000012
1e000000
0024000b
05000000
0b020000
12080000
00270400
0000051f
2e090000
00000000
000a0000
00000000
26000000
24140000
082e2211
00000000
00220c00
00000b00
00320027
05080000
0f0e0000
22000028
16340015
0000011c
06000e03
0800000a
001c0700
073d0817
0c040202
14000511
01060d06
0f001418
04020c00
02100007
0f080200
000b0910
00070200
00000806
05070007
09080f19
04020b00
00110005
0d090101
00080c0e
00080201
00000708
04070007
07070d17
04040b00
01110007
0c0b0100
00080b0e
00080605
00000907
05040207
08080b16
05030900
01110008
0d060000
0009090e
00060905
00000806
04030307
090a0615
03050d00
00130008
0d060200
00090a0f
00080805
00000609
06030107
080a0615
02050c00
00130007
0d070200
00080a10
00070904
00000507
05030208
09090716
02040b00
0013000a
0d080700
04080a10
00070907
00000807
0c020007
0c090718
14010000
00112609
0a060900
07021604
0b01120c
00000e05
0b010612
0b0e0316
49000000
00002918
000f0000
1c000000
2300270e
000d1400
00021500
00000000
0c0f1303
1a000016
00170000
02000000
1800290a
00001448
00000001
00000500
11021402
1500000d
00070b05
03050202
05001c0a
00000d0e
00000800
08120a0f
11000000
0f000407
00040403
0e260c00
17001410
00000d00
00000000
10250410
0e000000
41000012
000c002b
07002e00
2000150a
00100b00
000a1202
07000000
04001f13
1f000005
0205022c
0501000a
0e16030e
090f0d00
03010c00
09000f00
0f000411
00051907
08000600
06000200
07190308
00040c02
0b0d2100
00211000
00000914
00001800
002d000f
06050a00
0c030008
01061a0b
11160000
0000150b
1e000018
00000506
001d0104
084e0500
0d00120d
00061500
00000605
00000200
19000001
01000000
0005000e
0e000900
13011619
00041400
00000c01
00000000
33000000
00003b00
000b0004
08320000
13002618
000c0e00
00000603
001b0000
0d000000
00000000
00110000
0d3b1e00
27004622
001f2900
00001010
00000000
12000900
2600000b
000c0018
001c2100
1f03160f
00000e00
00010713
11000007
04021300
0b0e0008
09060219
000c0b0f
06080d0e
00000d04
05000403
130b0516
03040d00
0510000a
0d060100
00090a0f
00060d05
00000905
01020407
0b0c0516
02040b00
06110008
0d070000
00090b0e
00080905
00000804
00020106
0b0a0617
03040c00
07120008
0c060000
00060a0d
000a0805
00000805
00020107
0b090716
03060d00
05110006
0e060001
00070a0e
00090905
00000906
02010406
0b0b0615
03060b00
05110007
0e070000
00070a0e
00090805
00000905
02020206
0a0a0615
01060b00
03110007
0d050001
00060a0c
00080905
00000807
04020508
090a0513
07040b00
05100009
0d070000
0007090d
00080805
00000d06
02010605
090b0714
04030500
140f003c
08030b00
00000b06
02060d00
00000906
000d1c08
0a360711
00001517
1b000004
000e001e
15000400
0c000000
1b000000
001f0005
020d130b
0a001e19
00002406
000c001b
030c0000
0e1b0000
12000000
001d0912
00071a00
16061212
00001500
001e0002
02222400
11000000
14000000
0026001b
0004170d
1e020000
0f000000
00220008
00004100
25030000
25120000
00280023
0000000b
001d0000
15001100
001b0003
00003700
2e030000
2b120000
04260318
16000017
00000000
19000c00
00250014
00002b00
2b020000
33160000
0f291e13
1f00000d
00010000
0e000000
0022000b
00000000
22060000
19120000
00231c12
00000000
16031d00
0d000c00
00140007
14010300
16000000
29000004
00250023
0000000c
24040003
00000300
00130012
0a001600
1b000000
22010002
14212308
00000001
00000308
00000b00
001c0024
082e000e
11000004
17000823
1a180d07
00000c0c
04040900
00120508
11080600
00120815
00080001
00000710
0d08010a
07060e19
03050d00
010f0008
11060000
0009070e
00090204
00000807
0706060a
090a0c14
03060d00
02120005
11070001
0007080f
00090200
00000608
04070208
07080d17
02050c00
02110006
10090000
0007080d
00070002
00000806
04070008
09090d17
03060e00
020f0007
11080001
0008090d
00060100
00000705
03070109
08080d16
03050d00
02110007
11080001
00090a0c
00080002
00000508
0307000a
08080d18
03040b00
02120006
11090000
0008090d
00090001
00000506
0407010a
07090c16
01040d00
05120007
12090002
0007090e
00090003
00000708
04080209
09080d17
04060d00
01110006
120a0102
0009090e
00090002
00000807
05070208
0a080e16
02060c00
02110008
11080000
00090a0e
00070202
00000706
04060409
0b0a0c16
04060d00
02120007
10080000
00080a0e
00090201
00000707
03070508
090a0b15
03050d00
02120007
12060101
0009090f
00080102
00000706
04070409
090a0d18
02050d00
03120008
11060001
0008090d
00090102
00000506
02070209
08090d17
05050d00
02100007
11080001
0007090d
00080000
00000707
03070409
09090c17
09050d00
050f000a
11030000
000a090c
000b0200
00000805
000a0a0a
09140d19
2d070c00
00040335
0e001900
00070c00
04170500
00000100
00363310
013b0b1b
0a061e00
1b000000
0037001a
00000100
04150000
12000000
0135000f
0500053a
00000010
0e000000
002a0007
0b050700
12000100
1e0c0600
00143b00
00000000
2d070500
00000000
00120001
00000800
1c000000
230c0000
012f050a
0000060d
02001a00
07000400
00140004
00040100
0b070000
14000014
1330000f
0000052f
000e0006
20000600
0024000e
07000000
09040000
12020004
002b060c
00000228
23000007
00000600
00080000
00000000
2a000000
20150000
00291b0d
00000000
0c001f00
00001100
00360026
0e0e0600
19040000
1e000022
0f300019
00000d1c
0000110c
0a000002
00260700
05300725
11000409
25000927
08070c08
0d001216
05040b00
00110004
0e0a0000
00090b0f
00070201
00000707
08070008
08060e17
04050b00
00140007
0f0a0100
00080b0f
00090403
00000808
07060008
07090b17
02060900
03140008
0d070000
00070a0e
00080805
00000808
05040309
09090615
02050b00
01110006
0c070200
00060b0d
00060905
0000070a
06030208
08090614
06030c00
02110009
0e060000
00110a0f
04070905
00000707
06020107
10090716
03040c00
02130008
0c070500
00080c10
00070906
00000708
05030107
09080717
12030800
00141a0b
0a080600
0a061d0a
00061006
00000b07
0b020711
0e0f0517
27000000
00002f23
000e0f00
11001200
3100170d
000e1400
0002000d
0e070000
4e041000
10000009
001d0000
06000000
25002608
00061145
00011200
00000000
12001502
18000015
00160005
02000002
0e001b0b
00000e0d
00000b00
0601090a
05030e00
2800002b
00071600
00000103
0c001b0b
0000100c
00000803
19190710
0d000030
06000925
00020019
210b0000
19001917
011b1400
00000200
26001200
1b003f25
2d00001e
00070926
08030000
28001d0a
040e1500
00040600
07002500
02001b18
17020000
07040011
0a04030e
0605010b
070e0c00
00010c00
0a002004
09000b0d
00071106
0d000000
05000700
040c0109
00001107
0f091400
001c1203
0100000b
00000d01
0015000c
0b060200
090d000a
0a0f1408
0b0e0b00
00001100
0000000f
00002900
000a0000
22000d00
110e0c11
040e1e00
03000100
00000700
1a000009
00001217
00070000
11340200
24001a17
00091200
00000603
00000000
02000803
00002401
00070007
0c2a0000
10001916
00000f04
00000b00
00110001
37000000
00003200
00110000
0f1f0000
21003d2a
00224400
00001500
00220000
11000000
1e000000
000c0000
004a2100
2a004e20
001d2600
00050d12
00000004
14001200
2900000a
000e0017
000a2001
1e041516
00001400
0500100d
14000010
03061600
050f0008
0b060211
0010090f
02080e05
00000806
03020506
100b0617
03040c00
04100008
0d080100
0009090e
00070b05
00000904
00020307
090c0515
03040e00
06130008
0f060001
00090a0f
00080a05
00000706
00020207
0a0b0617
04050b00
06130007
0f050001
00060a0f
00090805
00000805
02020306
0b0b0615
03050a00
05120007
0e050000
00060a0d
00090905
00000905
02010206
0a0b0514
02040a00
04100008
0c060000
0006090c
00090906
00000904
00020305
09090613
03070d00
05130009
0d050200
0008080d
00090905
00000807
03010407
090b0614
00020000
16050538
06011200
00000600
09090f00
0000080c
0019170d
16370a12
0f000500
1a000000
000a0006
03000000
15000000
18000000
001e000c
02000e0c
0e091000
08000100
0006000f
01000600
0c080000
1e000001
0e190518
0000050b
0000140d
00001800
0005000f
01000000
0c090000
15000000
19180c09
0004080a
06090006
00002100
000e000c
00251600
12000000
0b000000
0518002d
00000400
001b0001
09000000
00140000
00001500
27000000
16000000
001e0028
00000000
1019000a
15000000
001a0002
00253700
2b000000
16000000
00230020
00000000
021c0000
19000000
00250000
04043b00
2f000000
1b010000
00240017
00000000
1e000000
11000000
00060000
07002000
21000000
21080000
03220715
00000000
1b000000
00000000
001b000a
19003300
13180000
2e020000
022a0013
00000712
00001100
00000600
0044002f
15330a00
17000000
2c000f22
0f2a0a00
00001207
02040b00
00100107
0e0b0400
00140718
00060000
0000051e
0d08050a
06070f16
02050e00
02120006
10090000
0008070f
00090000
00000708
04070209
08090e17
04041000
02130008
12080001
00090810
000a0100
00000608
03070009
090a0f19
03060f00
03120007
11080002
00090510
000a0302
00000606
02070509
0a0b0e1a
04070d00
03100007
11060001
0008070e
00080201
00000606
03070208
0a090d18
03050d00
02100007
11080001
0008070e
00080101
00000507
05060209
09090c18
02040f00
02100006
10070001
0009060e
00070100
00000606
03070208
08080d16
03041000
04110007
10080001
0009060f
00090101
00000607
01080209
090a0e19
03050e00
02130008
11070001
000a060f
000a0101
00000606
04070309
090a0e19
02050e00
02110008
11080001
0008070e
00090100
00000506
03070209
09080e19
03050f00
02120008
11080001
0009070f
00090100
00000608
03070209
0a0b0f19
03030f00
03110007
11080001
0008080f
000a0000
00000606
03080209
090a0f19
04040e00
03110006
12080002
0008080e
00090100
00000607
04070109
0a0a0e1a
02040c00
02100008
11070000
0006080d
00070200
00000706
04080409
0a0a0d18
08040e00
040f000a
12050000
0008080d
00090100
00000504
010b070a
0a0e0e19
2b040b00
01040135
0d001b00
00060900
04160500
00000200
00323309
023b1017
18092100
08000300
00240014
02000000
04030000
10000005
0f360011
01000a35
00040015
17000021
00360010
00000000
16000000
16040a0e
001e4304
000a001c
1c001400
00000005
000b0000
01040000
20000300
16060000
002f020f
0000090a
15081300
0c000000
00120000
060e0400
09050000
16000002
062f000e
00000729
00020401
20000000
00200014
08000000
0d000000
1109000d
002d0012
0800032b
0c0d000a
00002200
00000000
00000000
22000000
261c0000
0826290d
00000000
06191100
00000b00
001f0026
0c000000
1c000000
21000008
12320116
0700000a
00000e06
13000000
003b001f
022c001d
09040004
26000934
101c0a07
07001316
04050900
00130005
0e090100
00080a0e
00080501
00000809
08060008
06080a16
03050c00
02140008
0f090101
00070a0f
00090702
00000708
07050608
0b090717
02050c00
02130007
0f080001
0008090f
00090704
00000707
06050008
0a080817
02040a00
0213000a
0d070700
00080a0e
000c0906
00000607
04030108
0c0f0716
07030200
01030004
04070000
05110906
03020a07
00000900
00020205
0b020407
0b030b00
020b090a
0c070b00
0b0b0b0e
03020b08
0000090c
0c020907
11080518
19000000
00003227
000c1400
0e001900
1a001511
0015130a
05030d13
0806000e
57190000
00000217
000c0000
0c000000
23002d15
00121e06
00000f00
06000000
12031402
18000014
00160001
02000000
1300190c
00001236
00000405
00000500
0b021504
1200000b
00020d02
00020705
02001b0c
0000110b
00000903
091b0b0c
05000017
2b000039
00070e06
06000000
18001908
01041207
00000200
20201d05
1a083332
1700000a
0005001e
1d000000
0d321615
051c1400
00000b00
00192900
17092e29
0f000000
000a030d
030b0000
07080e01
070e0607
00030900
03002902
02011a0e
0d000000
0a04000d
0506020f
04030108
08070800
00020c01
0c0a1603
0d000011
00091b05
07000a00
13001d00
040b0415
000c1500
11040e00
06171500
00000100
06001600
0017001c
0c012a00
0c050002
060b0909
0a0c0002
00000003
00000013
0000360d
000d0016
1c000000
13361d13
00161b00
00000700
00140300
20000425
00000008
000b0600
15250000
2200220c
00111b00
00000300
00001900
13000003
00000000
0004000a
070a0100
19001619
00091500
03000b00
00000000
22000400
00004100
000f0009
0a330000
0f021e1b
00000603
12000000
00200005
32000000
00000100
000c0000
0e100000
28004530
00253d00
00002100
00000000
19000000
25000008
000d0002
00501c00
27003611
00000d00
00060017
00000001
03001500
1e040009
09070016
000c2008
0f0a0f18
00001205
04000705
1509011a
06051100
04110009
0c070006
00090b0f
01080c05
00000806
04010206
0a0d0416
03050c00
05120007
0e060100
00070b0f
00080905
00000606
00020008
0a0b0517
03050a00
05130007
0e060000
00060b0e
00080805
00000705
01020208
0a0a0515
02060c00
05130007
10060001
00060b0e
00090805
00000706
01020208
0a0a0516
03060c00
05130008
0f060000
00070a0e
00090905
00000805
01020207
0b0a0615
03050d00
0512000b
0f050000
00080b0e
00090805
00000806
01020307
0a0e0616
0e060000
21050035
00000200
00192f00
061b0c00
00000200
001a1702
0b300e18
00031e04
22000000
0011001a
00003700
0d200000
15050000
0c20000a
00000b03
07060e00
00001500
00060017
00030000
08130000
17000001
181d0022
0000040d
05061800
09000600
000a0016
00000000
0f050000
20000000
0a1a0715
0e00010a
00001310
00001000
0007000f
02000000
0e2b0000
23000000
1919010a
00000f0e
04000017
00000000
000d0001
00120000
150c0000
1e000000
0017000a
00001800
00000018
0d000000
00180002
00000000
28000000
17000000
00150000
00000b00
18050013
00000000
00140000
002e0000
26000000
18000000
00160016
00000800
0a130000
16000000
00080000
00281300
2d000000
16000000
001a0a20
00000000
12020000
09000000
00120003
10002b00
1b000000
14000000
00250925
00000000
00001b05
13000000
0038002a
1d042f00
15000008
2d00002a
00210010
00000000
06040c00
00120009
0e100200
000e0913
00080000
0000031e
0f07050b
06080d17
04060c00
01110005
11090000
0008070e
00080000
00000608
06070309
09080e17
02050b00
04110007
11070000
0007090e
00090100
00000607
03080109
09080d17
03040f00
04110007
12070002
00080910
000a0000
00000607
02070109
0a0a0e18
03050c00
01100005
11080002
0008090e
00090000
00000706
05070108
09090e18
02050b00
030f0007
0f070000
0007070c
00070100
00000506
03070109
09080c16
03050e00
03100006
10080001
0007080d
00090100
00000607
02070209
09080d16
03040f00
03110006
11080001
00080810
000b0100
00000709
03070208
0a0a0f18
02040e00
020f0006
10070002
00080710
000b0100
00000706
03080308
0a0a0f18
02050c00
020e0006
10080001
0008080d
00090000
00000506
04070109
09080d17
03060b00
030f0006
11070001
0006080d
00060000
00000605
03070109
0a070d17
03060b00
020f0005
10090000
00080a0d
00070000
00000707
04070109
09070d17
03060b00
030f0008
10090001
0006090d
00070200
00000706
02070209
09080c16
03060c00
020f0007
10080001
0009080d
00070100
00000605
02080109
09080c16
05040d00
04100009
12070000
00080a0d
00090100
00000805
020b0509
090d0e19
36040600
040a002c
08001a00
010f1500
03190300
00000200
002a2907
02360f19
13031700
00001e00
001a0012
00000200
060d0000
0c000006
18380010
01000632
0900000b
1a000100
0039000b
02110000
22000000
1e0a0900
002b440b
00000013
04000000
15000000
000f0003
00001100
1b000700
0e170000
002e1404
00000000
0f001200
0a000200
00100000
04090000
15000000
1e000000
0c2f0013
08000423
0a0d0000
15000500
00150000
01000000
12000000
24010000
00310013
0e000019
00140000
02000000
00120000
00000000
1b000000
2f040000
0d30221f
00000014
000a0600
02000000
0019001d
19000000
11000000
1d000007
1238031a
0000072d
00000902
15000000
0045001e
0322041e
06000001
1900073d
1321080d
00000b1a
05040a00
02130006
0d090100
0008090e
000a0501
0000090a
0a060109
08080b17
03050c00
02120007
0d070000
00070a0e
00090801
00000707
03060308
09090717
02040b00
02120004
0c0b0001
00080b0e
00070603
00000707
03060008
08070a17
02040a00
04110008
0d070400
000b0a0e
00050a05
00000607
04020108
090d0616
07020000
03070006
03080000
04000b00
03040a07
00000901
00020004
0309030f
1a000000
00002d04
00041800
09011b00
0700120b
00000812
0705070f
0f010314
48000000
00001b16
00120000
1c000000
2e002916
0013200a
00001205
11000000
000b1900
17000011
001a0000
00000000
2a002a0a
00050d47
00000600
00000000
12051708
1400000f
00160405
02010005
0a02180d
00001200
00000800
0a080e0d
05050500
1a000046
00041200
00000300
1300190b
00001e0d
00000902
321f070e
1d002a1e
24000030
00100013
070e0000
19001900
070d1200
00080300
20002f00
09061918
15000005
0409000e
05040100
060e050d
010a1400
00000f00
0e102002
00021611
03000001
04050006
01020100
050b0207
03070801
07020500
0c0f1502
02041910
04040000
0c030008
0208020f
04070007
08080600
09010b01
0b0c1302
0a00000f
00083300
00040b01
1f0a1600
0d0b0a15
00121e04
0f000600
00191000
00000002
1a000004
0011000f
03392e00
1e00180e
0003150d
00030800
00000000
02001615
11000105
000b0028
08110600
112a1211
000a1707
0b000800
09180605
0c001d28
03001d11
0009040b
12000b00
072b1510
00071e0c
09001900
00241b07
0d000001
00000a00
00000000
02390000
13001417
05041a00
00020802
00000000
00000500
00001d00
00050008
07340000
14001519
00042300
09001100
00000000
18000100
00002200
000e0003
0a260000
0d0b331d
000a1e00
00001200
00260009
0a000000
00000000
000e0000
06660f00
2c004927
001a3700
00001a0a
00000000
14000000
2b00000b
000d0013
00291700
1b001415
00000f00
00030f15
1100000a
05021500
090a000a
0c050018
00160c11
06021110
00000f05
08000805
140c0316
04030e00
04100008
0d060100
00090b11
00050d04
00000705
03020106
0a0c0516
03050d00
05120007
0e070101
00090a0f
00060a04
00000804
02020107
0a0b0516
04060c00
06130007
0f060001
00070a0e
00080905
00000705
01020208
0a0a0516
01060c00
06130007
0e060000
00050a0f
00080905
00000705
01020207
0a090515
02050b00
05120007
0e060000
0007090e
00070805
00000905
00020407
0a0b0615
03110b00
0e180009
0d020000
00251c0c
02080a03
00000902
000a0705
092b061a
0b1a0000
22190000
0b0a0000
00214b00
0a1a0200
00000000
001a030b
001e001a
081d0300
1d0e0000
000d0015
00004b00
0d220000
05000007
1b1d000b
0000000e
05110c00
07001800
00130003
05003300
0d0e0000
14000008
151e0017
00000517
03130000
0f001d00
00120000
00002400
18000000
29000000
101f051f
00000005
000c0000
15000000
000e0004
00000d00
15190000
1c000007
071b0016
00000000
170c1717
14000000
00120016
00000c00
14380000
24000000
031b061d
02000e10
000b091e
0b000703
000b0015
00000000
11260000
26000000
14180a0b
00000809
1c000019
00000600
00130000
00170000
160d0000
20000000
0016001c
03001600
1a000000
09000000
00110000
0a000700
2c000000
1c000000
001e001c
00000000
1f001811
0c000000
001f001f
0b090f00
1500000e
25000015
00160018
00000400
09031200
00130107
0e0c0704
01100b11
04070103
00000420
15070a0b
07070a16
03050b00
02120007
10090002
00080b0d
00080000
00000507
05070009
08080b17
03040c00
03110007
11080001
0009090d
00080000
00000507
03080009
09080c18
03040b00
04120006
11090001
00080a0d
00090000
00000506
0108010a
09080d18
03050a00
01120006
10070002
00050a0d
00090000
00000706
0507030a
09070d18
02050c00
03110007
10070001
0007080d
00080100
00000506
04070109
09080c17
03050c00
02110006
11080000
0007080e
00080100
00000506
02070209
09080c17
02040b00
03120006
11080000
00070a0d
000a0100
00000507
0408000a
09070d19
03050a00
02130006
11070000
00070a0d
000a0000
00000507
0408010a
08080d18
02060a00
02120006
11080001
0006090d
000a0000
00000506
04070109
09070c17
02060a00
02100006
0f080001
0008080b
00080100
00000505
03070109
09070c16
02050b00
01110007
10080000
0008080d
00070000
00000506
05070009
09070d18
03050b00
03110006
11090001
0008090d
00080100
00000606
0507000a
09080c19
03060b00
03120005
11080001
0006090c
00090100
00000606
03070009
08080c18
06060c00
03110009
11060000
00080a0d
00090200
00000706
030a0509
090d0c19
30060700
030c0125
0d001100
000e1300
02100500
00000700
00212309
04320a19
1e001800
02000500
0014000d
00000700
061a0000
0d000000
0a39000a
00050a34
000a0000
00000a00
002d000c
01000000
0a190000
26000000
07321a0d
0000002c
06050000
14000000
00190000
00000000
0f000000
21000000
00301d18
0000001f
0b140300
0a000000
00100000
00000000
16000000
18000000
0c340216
00000011
000d0e00
04000000
00100004
03000000
0c060000
17000000
0d320009
00000a21
0a000700
00000400
003f0000
01152800
10030000
1c000000
03390009
0000191e
000e0000
01001c00
00660014
0e004800
0e020000
1a00001a
033a000b
00000c2b
001a1503
071a0012
0062070b
0009260a
0b030000
00000955
0e1e0004
0000040b
03040a00
02130006
0c090100
0008090d
00080500
00000708
07060008
07080917
01040c00
04120005
0d080200
00070d0f
00080703
00000807
04050207
080a0817
02040b00
02110007
0e0b0201
00070b0f
00070804
00000706
04040007
09080918
03040c00
03110009
0b0a0c00
06090a0e
00060907
00000b0b
08020006
0a0b0618
15040000
01042a06
04090800
10061a00
03001809
00000f07
05030a0d
160d001b
27000000
00002322
00170000
14000e00
3600180d
00151207
0005000b
02000000
45170e00
0d000011
00160000
05000000
2d002e10
00100d44
00000b00
00000000
12001b09
1700000f
00170005
00010001
16001d0b
00001132
00000500
05000e06
08071500
0f000121
00061104
00040305
0101170a
0000140b
00000405
19290b0e
1d000b1d
2000003f
00000002
06000000
1a001b04
0a0d1500
00041700
25181a00
0c033222
16000001
00110015
02000400
090b0e0a
0b0d170a
00070000
0c012706
06000d16
09000008
03060209
04030000
05040409
01091000
01000700
100d1000
00001210
05000300
02000007
02010400
08080209
01080b01
09000600
0e0b0f00
0003170c
02050001
0d030008
0005030f
04080308
05080902
09000f00
0b0e0d01
10000012
00002814
00050600
10000900
0f200c17
051a1a00
06000900
00191200
09000c1e
00001902
0005141e
00260100
113a1d0e
00162400
00001501
000c0500
1100090e
15000002
00030e10
19101400
1e000f14
000d2004
0c000400
08000e00
1e000006
00002b13
00001900
1c003200
171a1b12
000f1c00
12062608
11140006
00000105
00002603
00110036
033e0000
23100e01
130e0710
00120005
00000300
08000000
00000100
00040000
08130000
14001b17
05062300
00001200
00000100
06001500
00003e00
000c000d
09280000
120e1a0e
00001104
0a000b00
00270008
33000000
00001c00
00120000
11160000
1f004223
001c3600
00001800
002a0000
28000000
18000000
00090000
00651b00
2c00451f
001a2a00
00030e15
00000008
22000900
2900000e
000d0015
02051900
1b071015
00001000
00040815
1400000e
05001200
030d0007
0906020f
00150b11
06060e0a
00000e04
04000703
170b0518
04041000
03110008
0b070401
00090b11
00080d07
00000a05
02000304
090e0515
04030c00
04120008
0b080200
00080c0f
00060c06
00000804
01020006
090c0516
03040a00
06110007
0c070000
00070c0d
00070a05
00000805
00020006
0a0a0416
03030a00
06110007
0c070001
00040c0d
00090905
00000705
01020107
0a090616
02040b00
04110008
0c060001
00070c0c
00080903
00000905
01050607
090b0515
04100c00
04180007
0f090002
001e110c
01060500
00000805
01050306
0917081a
051b0a00
11220003
100b0100
001b3b0a
06110300
00000705
000c0106
061c071a
001d0300
141f0000
0d0d0d00
00114400
0b1d0002
00000304
00130004
0018001c
00180002
0c0c0000
001d0000
00002300
0c290000
00000000
03160000
00100002
0b200000
10000000
00160c00
00002200
0e190000
00000000
001b000e
00000106
01090000
08000000
00120006
00002100
0e0d0000
0f000000
001f001b
03000005
07130000
0e000000
00100000
01001300
110a0000
1b000006
001e0019
0000000e
0c000009
03000000
000f0018
00001700
15190000
22000000
001c001c
00000000
01020006
04001700
00160004
04000000
24000000
1d050000
001c001b
00000000
11080e15
00000000
002a001e
0d150400
2b000000
2b00001c
1319000c
00001100
0f0a0d00
00120006
0d100400
03130a11
03070103
00000823
0a050409
06071117
03060b00
03130007
10070100
00090c0f
00080502
00000908
05060308
0a0a0917
04050b00
03120007
0f080101
00070c0d
00080401
00000907
05060307
09090a17
02040b00
03130007
0e080001
00090c0d
00090500
00000807
04070208
08090a19
02040b00
02130007
0f090001
00080c0e
00080301
00000907
04070008
070a0a18
03030c00
03130008
0f090002
00060b0e
00090201
00000906
04080108
08090b19
02050b00
03120005
10090000
00060b0f
00090100
00000807
06070008
08080c19
03040a00
03130005
0e0a0001
00070b0d
00080301
00000a07
04070106
09090b17
02040a00
02120007
0f090200
00080c0d
00070401
00000a06
05070208
08090a17
02050c00
03130007
10090001
00080a0f
00090300
00000807
05070008
08090a18
02060c00
03130007
10090002
00080c0e
00090300
00000806
04070008
090a0b18
04040a00
02110005
10090001
00060a0d
00080100
00000806
06070008
08080b18
02050b00
02110006
0f080000
00080a0e
00080300
00000807
05070108
09080a18
02050b00
03110007
0f080001
00070a0d
00080200
00000906
05070008
09090a18
05040a00
03110008
10060000
00070a0c
00090400
00000905
03090509
090d0b18
2a030800
050b0039
0a000d00
00080900
03100900
00000b02
001b2907
07340d18
29001200
00000400
0012000d
00000200
07000000
0f000000
0639020a
070d0e29
00000000
00000e00
00130000
00000100
0c000000
1c000000
1333040e
01000225
0c000900
03000500
00300002
00001800
09050000
1f000000
0032080b
05001028
001b0000
02000600
004b0000
00004000
0c100000
15000023
00320003
00001024
00250000
05010000
00500507
00004800
10170000
0001011a
002f0000
00001117
00310a16
00140c00
0044070a
00134300
0e100000
00000334
101d0003
00000b0b
00160d00
001a0207
014c0101
00005800
070b0000
00000933
0b1d0003
00000213
030b1400
02220013
0d260200
0007110e
050a0400
0000082d
0d060108
07080817
02050c00
01130006
0c0a0200
00080b0e
00090500
00000708
05070008
08080a19
01040c00
06120006
0c0c0000
00070c0f
00080805
00000a07
05040007
0a090718
03030c00
05110006
0b0b0601
00060d0f
00070b06
0000090c
04020006
080d0616
25040200
010c200c
08090b00
0a061300
0a00120b
0000100c
06000b09
180e0515
21000000
00002522
00090000
04001a00
2900190d
00080d12
00040a0d
05000000
5c120000
0000000b
00150000
0c000000
2a003114
00151c08
00000b00
0e000000
08141621
19000013
001c0004
091c0000
2d00220e
0000111d
00000000
0e000900
14051a0b
1000000a
00050504
05360708
1e00180c
00000d00
00000403
1c070e15
0c020100
18000047
00020f00
05000300
12001506
00000f0a
00051003
2c21050d
13001606
1f000001
0012000e
05000000
18001800
1e040000
00141100
0a002001
0a000c0f
18000002
0016060e
05000000
090a000a
0f0a1408
000a0500
0e011d09
01051011
0b000004
0001010a
03000900
0512030a
040b0c04
05000b00
0a0d1003
04061510
03000003
04010005
02030000
040a0208
06090c01
08000b00
0e0e1101
0005180c
02060301
0d020007
0107010f
040a0307
09070601
08001002
0d100f02
00000004
04002617
00010900
0b000700
10100f14
00181300
00001402
00280600
0a052d28
08001207
00040c2c
06060000
111b100d
02111100
00000900
0e191000
11000015
00000d00
00060104
23160000
0d000b10
0b0c1506
00000600
00061700
0c00000e
0000392b
00000800
0b000000
100c250a
00081e00
000a2c00
002f0000
1500271a
0b000000
0010001a
07020400
13080f00
0f050014
00130000
00002908
05000000
00001000
0014000d
05160000
0a020e10
0d001a03
000c1301
00000d01
08001702
00000300
00020009
07220000
19001a16
00062303
0f000f00
00000000
11001600
00002b06
000d0007
05160008
0b1b210d
00000804
0e000000
00210409
25000003
00000100
00120000
08000000
2c00402a
001c4a00
00002100
00130000
22000000
29000003
000d0000
005d1c00
24003908
00091c00
00060014
0000000b
1e000700
28000002
00100010
00131800
0c041112
00001100
0706090e
17000008
04021400
050e0108
09050212
00160a11
0a080f0a
00001007
0f000504
1d0c041b
04040e00
02110008
0b060400
00070e10
00080e09
00000a05
05000004
090e0315
03030b00
050f0007
0a060100
00080b0e
00040d07
00000904
02000005
090a0214
04040c00
05120007
0b070000
00080e0e
00070c07
00000805
03010005
090c0215
03040d00
04130007
0c060100
00060f0e
00080c06
00000906
02020305
0a0c0316
02040c00
06110007
0d080101
00050e0e
00080b02
00000a05
03060306
0a0c0717
03030b00
04120006
0d090102
00080c0d
00090501
00000b05
04060006
0a0a0919
04080a00
04150005
0f080000
000c0e0d
00080600
00000805
04060007
090c0518
03130700
07200005
0f080000
00131e0b
03100504
00000705
04050107
08150519
02150800
09230001
0b100000
00172c09
07190505
00000805
03070206
041b0318
0d210000
17200000
08100000
00143a00
0e250301
00000407
00150203
00160017
02160003
0b0f0000
00150300
06002f00
0c200000
00000014
00190002
0010000b
0b270002
0c000000
00150400
00002600
0e1f0000
00020000
001b000f
00000000
05210000
0f000000
00250007
00001a00
1c0e0000
12040000
00160000
00000000
0d0f0002
00000000
002f0003
05001a00
17050000
12000522
18100004
00000000
040a0a00
0212000a
0d0f0200
00090a0f
03080300
00000721
14060208
08070817
03040a00
02110007
10070000
00080a0f
00080400
00000706
05060207
0a090918
03050b00
05110006
0e080001
00080a0e
000a0400
00000806
05060107
0a090918
02040c00
020f0005
0c080001
0007090e
00080500
00000906
06060006
090a0917
04050a00
020f0007
0d080000
00070c0e
00080702
00000c05
05050106
090a0918
03030b00
04100005
0d080001
00080c0e
00070601
00000c06
05050005
09090818
04030a00
02100007
0f090101
00060c0e
00070700
00000b05
06060207
0a0b0818
03050900
03100006
0e070000
00060b0c
00080600
00000906
05050007
09090817
02030c00
020f0007
0d080001
00080b0d
00080500
00000906
06060107
0a090818
02040a00
03100005
0e090101
00060d0f
00080500
00000906
05060007
09090a18
03050d00
03110007
0f090001
00080b0e
00080500
00000807
05050007
0a090818
02050c00
02110005
0e090000
00070a0d
00080400
00000706
04060007
08090817
03050e00
03110007
0d090200
00080a0d
00070400
00000807
04060006
080b0918
03030b00
02100005
0d090000
00060a0d
00060400
00000805
03060006
0a090916
04030b00
030f000a
0c080000
00070b0c
00060600
00000a05
03080107
080d0817
33000700
0607003f
05010f00
000a1503
011b0700
00000900
00193506
04360d19
2c070000
00000700
0047000b
00003500
0c150000
0c00000b
003e0009
000a0e24
001a0906
000e0500
004b0003
00004900
0d0f0000
00000033
00320000
00000b1d
001d0c00
03200000
00530204
00004300
0d0f0000
00000231
072b0000
00000416
001b0d04
04220007
09420300
00014303
070f0000
00000630
0c160007
0004061a
001b0a00
01230000
0a1f0200
00092008
050e0000
00000a11
0b0f0006
00090a1a
02130b00
02210004
0b180200
0005160a
05100000
00000c15
0d0d0006
01070a1a
01020b00
02160005
0b180201
0006110c
000a0300
00000a0c
0a0c0005
05070919
01030b00
02120006
0c090101
00070e0e
00080500
00000808
06070007
08080919
03020c00
02100006
0b0b0201
00080d0e
00070701
00000909
07060006
08080917
05030c00
060f0006
0b0b0800
00070c0e
00050d06
00000d0a
06020004
080f0516
12030b00
070c1012
0a060700
0b0c0c0c
0b020d0a
00001308
08000304
1a0c021a
15000000
00002f19
000c0000
0c001600
2a001d0d
00031203
0003100b
14000000
43000003
00000028
00120000
0d000000
3c002a0f
00151200
00000000
00000000
03000034
23000034
00200000
10000000
36002514
001f2e41
00000000
0a000000
2800003b
00000020
00110a0d
07000000
23002712
03263600
00001d00
2c002100
20210001
00000023
00010900
032d0000
1c00250a
00001c19
00001407
1f000002
2f000007
07000022
00000000
08000000
1c001902
0c061200
000d1300
26090800
20002b20
1a000000
00150811
12070000
1f000000
03101400
00100000
00002300
06000a10
15000000
00140108
08030300
05030009
060c1709
00090500
0b081e05
03031411
09000008
03010005
03050800
06060408
00070f05
00000a00
0d0d1001
0004120e
01000200
06000007
01010000
030a0107
04080601
09010700
0d0f0f01
0104130f
02070200
0e030204
0306070e
04080008
07080603
09000d02
0b0c0f01
0d08000e
0b012409
00060500
02000100
16101416
00121800
00002100
00240b00
08152715
0b0b0300
02000721
0902070f
0e190f0d
020a0b04
00001400
070c1000
06171017
00070e00
00030009
0b080109
06260711
030b0b06
09001500
000d0d00
0e0e0a07
00000432
00060000
001b0000
130f1c00
12031100
00133100
001c1100
00081407
00000000
001f000b
01130100
100d0300
14000000
03170001
04002301
04000e00
00000e00
002e0005
02000300
121e0000
1c000203
00150001
04001c0b
00000000
00000000
00290a00
07000000
23001a12
11001e00
00071600
00000f00
06051400
0000160a
00011f00
052e0016
1a001a09
00001503
0e001200
0a001308
20050500
00003509
000f1500
05190000
22003113
00001700
00000c00
00160b00
04000000
0000000b
000b1600
13580b00
3e004b1c
00053800
00003800
00000000
13100100
30000009
00152b00
00360500
37003004
14000300
000d001c
0e000813
12041200
1f00000f
001b2a13
00220400
3d001c0e
13001100
0c0b010a
2c000e03
03150900
0a000013
14032900
001c0016
22001907
00001002
1305010a
24001312
01150800
09000013
14052700
00160014
22001807
00000c03
1305000b
23001410
02160800
0a000013
15052600
00160013
22001707
00000b03
1206000d
25001311
02170700
0b000012
15062600
00170013
22001706
02000d03
1207000e
24001413
03160600
0d00000f
150c2500
00160012
22001401
03000d02
110a000d
25001615
02170800
0c00000f
150c2400
00140011
21001100
05000c04
120b000d
22001614
00160900
08000010
140e2500
00170012
21001100
04000c05
120a000c
21001814
01140800
0800000f
130d2400
00150111
21000f00
01000e04
1009000d
1e001814
01150700
09000011
150c2500
00160213
22001000
02000c05
1109000d
20001614
02160800
0c000010
160b2500
00190412
21000f02
03000d04
0e09000e
21001615
04220600
0a00000f
160b2500
001c1010
25000e01
00000d00
0d09000d
17001515
00220300
0b00000f
0e0d2500
001a170e
2a000c05
00000c00
13090007
14091214
00260400
0a00000c
00132300
001b2206
2b000b01
00000b06
15080000
0d000d07
06290800
03000018
00182200
000b1d00
28000900
03000a29
1909000c
06000a00
00190800
07000012
120c2500
00140212
24000d00
04000d16
1b09000e
1f001615
02140900
08000011
140b2600
00150213
20000d00
03000d06
1209000d
1e001816
02130800
0a00000f
150d2500
00160112
20000d00
04000d04
1009000d
20001716
02140800
07000010
130e2500
00150012
21000e00
04000d04
120a000e
1f001713
02170900
09000011
140c2300
00150013
20001102
05000b05
1209000d
21001713
02160900
0800000f
140d2400
00150012
21001000
05000b04
110a000d
20001712
00160900
0800000f
130c2500
00150012
20001100
05000c05
110a000d
20001814
01140800
08000010
130d2500
00160012
20000e00
04000d06
1009000d
1f001815
01140700
08000011
120c2500
00150111
21000e01
03000c06
1109000d
1d001612
01150900
08000010
150b2500
00160014
20000f01
03000c06
1209000c
20001715
01140900
09000010
160b2600
00140013
20000f00
04000c05
1109000c
21001717
02130800
08000010
150c2600
00150113
20000d01
04000d05
1309000c
20001716
02130700
08000010
160b2500
00160113
20000e01
03000c05
1209000c
21001714
02140600
08000010
150b2500
00150112
20000e01
04000c05
1309000c
1f001614
05150500
08000010
140a2500
00140011
21001000
04000d03
130b000d
21001514
14140400
0900050a
0e0c2800
00340e0b
23000f00
05000f01
050d220b
1f141817
0f250800
00000c0a
004b2700
00114300
29000300
00000e27
03200000
00001410
00200800
0700000c
09382600
00102509
29000200
0000102a
16130008
07001a14
00180700
0800000a
111c2500
0012070c
24000400
06000e0e
1712000e
16001d19
02150700
0900000b
13192700
0014070f
23000800
06000f09
1610000d
1b001c1a
01130600
0900000e
13162700
00140610
22000a00
02000f06
170e000b
1c001a17
03150700
0800000d
14112700
00140410
23000e00
03000e06
140d000b
1f001816
00160800
09000011
12112800
00140211
23001000
03000f07
150b000c
1f001815
02140600
0900000f
130f2800
00160212
23001100
03000c05
130b000d
21001714
02150600
09000011
120d2900
00150011
24001302
02000d05
150a000b
23001713
07140400
0f000026
0e0b2900
0014000e
23001905
01001506
0f07000b
2d001512
21000000
00001b19
001e1f04
1a280000
26002100
07001500
0016090b
3c001b00
35000007
0000132a
00222100
16000000
3a002812
00112707
00001702
15000800
2d0d0000
0e000021
00191200
00160000
3f003902
00051c12
00000200
00000f00
4717003c
2f00004c
00100005
14000000
3d002e11
001d2d00
00002500
02001b00
0c400000
00000e25
00042200
00000000
2800240a
080d0f26
00000c04
00000400
1a01000c
07000031
00010d02
11000000
2a001e06
00082115
00051b00
02001200
12000007
1b000018
001f0000
02000000
26001700
0b030d00
000c0000
00001900
26152233
11000000
000d0b07
11030704
180e0508
06141c0d
00071300
00002500
0f151210
0e070003
0011000b
0502040e
0a1a010b
09081604
00060e00
0f081902
031a1511
04100002
09000003
02060611
051b060e
01070f06
01001400
0e0d1200
051a120f
01150000
0d000002
02030912
051a020d
04070608
0b011100
0d0e1001
0518160c
001b0600
12010103
030a0718
051c030c
0706090e
0a011301
0a0e1001
