memory_initialization_radix=16;
memory_initialization_vector=
03000000,
0402000c,
00000000,
00040b00,
00000b00,
0b000200,
00030003,
00000000,
03000000,
00050000,
00000e08,
00000202,
00000000,
11000007,
00040005,
00000000,
00000000,
0600000e,
00000000,
01000600,
00000300,
06000000,
00000000,
00000000,
00000500,
00000000,
00000900,
00000006,
00000000,
11000002,
00000000,
00000008,
00000000,
05000009,
00000000,
00000404,
00000300,
04000200,
00000000,
01000000,
02000700,
00000000,
00000802,
00000001,
00000000,
12000004,
00000000,
03000008,
00050000,
05000007,
00000100,
00000303,
00000200,
05000000,
00000000,
03000000,
03000800,
00000000,
00000a02,
00000002,
00000000,
12000105,
00000000,
04000008,
00080000,
05000008,
00000200,
02000202,
00000000,
07020000,
00000000,
02000000,
04000800,
00000000,
00000a02,
00000000,
00000000,
11000303,
00000000,
0500000a,
000c0001,
07000007,
00000200,
02000102,
00000000,
07020000,
00000000,
02000001,
06000700,
00000000,
00000a04,
00000000,
00000000,
11000404,
00000000,
05000008,
000c0001,
06000006,
00000200,
02000102,
00000000,
07020000,
00000001,
02000001,
05000600,
00000000,
00000b04,
00000002,
00000000,
12000403,
00000000,
0500000a,
000e0200,
06000006,
00000300,
01000101,
00000000,
06030000,
00000000,
03000000,
05000600,
00000000,
00000905,
00000001,
00000000,
13000504,
00000000,
05000009,
00100400,
07000008,
00000300,
02000000,
00000000,
08040000,
00000000,
02000000,
06000600,
00000000,
00000904,
00000000,
00000000,
14000604,
00000000,
06000009,
00130500,
08000007,
00000300,
02000000,
00000000,
08050000,
00000000,
02000000,
05000500,
00000000,
00000904,
00000000,
00000000,
15000704,
00000000,
06000009,
00140501,
08000008,
00000300,
03000000,
00000000,
08050000,
00000000,
02000000,
05000500,
00000000,
00000903,
00000000,
00000000,
15000703,
00000000,
06000009,
00150501,
09000008,
00000300,
04000000,
00000000,
08050000,
00000000,
03000000,
06000500,
00000000,
00000a03,
00000000,
00000000,
15000703,
00000000,
06000009,
00160602,
09000008,
00000300,
04000000,
00000000,
08050000,
00000000,
04000000,
07000500,
00000000,
00000a03,
00000000,
00000000,
14000803,
00000000,
0600000a,
00160601,
0a000007,
00000300,
05000000,
00000000,
08050000,
00000000,
03000000,
07000500,
00000000,
00000903,
00000000,
00000000,
14000804,
00000100,
0600000a,
00150600,
09000006,
00000300,
04000000,
00000000,
08050000,
00000000,
04000000,
07000500,
00000000,
00000904,
00000000,
00000000,
15000804,
00000100,
06000009,
00140500,
09000008,
00000300,
04000000,
00000000,
08050000,
00000000,
03000000,
07000500,
00000000,
00000904,
00000000,
00000000,
15000804,
01000000,
06000008,
00140500,
09000006,
00000300,
04000000,
00000000,
07050000,
00000000,
03000000,
07000600,
00000000,
00000903,
00000000,
00000000,
15000704,
00000100,
06000009,
00140500,
08000005,
00000300,
03000000,
00000000,
08050000,
00000000,
04000000,
07000500,
00000000,
00000904,
00000000,
00000000,
16000805,
00000300,
05000008,
00140500,
08000002,
00000400,
04000000,
00000000,
07060100,
00000000,
04000000,
07000600,
00000000,
00000804,
00000000,
00000000,
15000806,
02000600,
03000008,
00120500,
08000001,
00000300,
05000000,
00000000,
08050100,
00000000,
04000000,
08000700,
00000000,
00000305,
00000000,
00000000,
14000907,
03000800,
01000007,
00100700,
08000000,
00000300,
04000001,
00000000,
06050100,
00000000,
04000000,
07000600,
00000000,
00000306,
00000000,
00000000,
12000807,
04000600,
00000008,
00130700,
0a000003,
00000200,
03000003,
00000000,
07060000,
00000000,
02000000,
06000500,
00000000,
00000406,
00000000,
00000000,
15000708,
04000300,
01000008,
00140900,
08000005,
00000200,
05000002,
00000000,
07060000,
00000000,
03000000,
06000300,
00000000,
00000806,
00000000,
00000000,
16000707,
01000200,
03000008,
00140900,
07000005,
00000100,
05000001,
00000000,
07060000,
00000000,
04000000,
07000200,
00000000,
00000705,
00000000,
00000000,
18000807,
01000300,
04000008,
00130601,
0a000006,
00000100,
05000000,
00000000,
06060000,
00000000,
03000000,
06000300,
00000000,
00000704,
00000000,
00010000,
17000806,
01000200,
04000008,
00110401,
0a000007,
00000100,
05000000,
00000000,
07050000,
00000000,
02000000,
06000400,
00000000,
00000903,
00000000,
00010000,
16000705,
00000000,
03000008,
00100300,
0a000007,
00000200,
04000000,
00000000,
06050000,
00000000,
02000000,
04000400,
00000000,
00000702,
00000000,
00010000,
16000604,
00000000,
03000008,
00110300,
0a000008,
00000200,
05000000,
00000000,
06040000,
00000000,
02000000,
04000400,
00000000,
00000803,
00000000,
00010000,
16000504,
00000000,
03000008,
00110400,
08000007,
00000200,
05000000,
00000000,
06050000,
00000000,
02000000,
04000400,
00000000,
00000803,
00000000,
00010000,
17000604,
00000000,
03000009,
00110400,
0a000006,
00000200,
05000000,
00000000,
06050000,
00000000,
02000000,
04000500,
00000000,
00000802,
00000000,
00010000,
16000605,
00000000,
03000009,
00110401,
09000007,
00000200,
04000000,
00000000,
06050000,
00000000,
03000000,
04000500,
00000000,
00000703,
00000000,
00010000,
16000604,
00000000,
03000009,
00120300,
09000008,
00000200,
04000000,
00000000,
07060000,
00000000,
03000000,
04000600,
00000000,
00000702,
00000000,
00010000,
17000704,
00000000,
04000009,
00120300,
0a000008,
00000200,
05000000,
00000000,
08050000,
00000000,
03000000,
04000600,
00000000,
00000701,
00000000,
00010000,
16000805,
00000000,
03000009,
00130300,
0a000008,
00000200,
05000000,
00000000,
06050000,
00000000,
03000000,
03000500,
00000000,
00000802,
00000000,
00010000,
16000703,
00000000,
04000009,
00130501,
0900000a,
00000100,
06000000,
00000000,
08040000,
00000000,
03000000,
04000400,
00000000,
00000803,
00000000,
00020000,
18000605,
00000000,
04000008,
00140402,
0a000008,
00000000,
08000000,
00000000,
08030000,
00000000,
03000000,
04000300,
00000000,
00000900,
00000000,
00020000,
15000504,
00000000,
03000009,
00150501,
0a000006,
00000100,
0a000001,
00000000,
08040000,
00000000,
05000000,
04000300,
00000000,
00000b01,
00000000,
00010000,
12000507,
00000000,
0200000b,
00140700,
09000004,
00000200,
0a000002,
00000000,
08060000,
00000000,
05000002,
06000300,
00000000,
00000904,
00000000,
00000000,
13000609,
00000000,
0200000c,
00120702,
08000001,
00000100,
08000003,
00000000,
07070000,
00000000,
06000002,
07000200,
00000000,
00000606,
00000000,
00000000,
13000708,
02000200,
01000009,
00100400,
09000000,
00000100,
06000005,
00000000,
06060100,
00000000,
06000003,
09000500,
00000000,
00000405,
00000000,
00000000,
13000707,
04000300,
00000008,
00100200,
09000003,
00000100,
01000006,
00000000,
07050300,
00000000,
06000002,
08000600,
00000000,
00000404,
00040000,
00000000,
14000507,
04000300,
00000006,
000f0100,
08000006,
00000200,
00000006,
00000000,
07050300,
00000000,
06000000,
05000600,
00000000,
00000404,
00030000,
00000000,
14000506,
04000400,
01000006,
00100200,
08000008,
00000300,
01000003,
00000000,
08060200,
00000000,
05000000,
04000700,
00000000,
00000703,
00000000,
00000000,
13000506,
02000100,
03000008,
00120200,
08000007,
00000300,
03000001,
00000000,
09060000,
00000000,
03000000,
05000700,
00000000,
00000903,
00000000,
00000000,
12000604,
00000000,
05000009,
00130400,
09000007,
00000300,
05000000,
00000000,
08060000,
00000000,
03000000,
06000700,
00000000,
00000a03,
00000000,
00000000,
14000704,
00000000,
0500000a,
00150501,
09000008,
00000200,
05000000,
00000000,
09060000,
00000001,
04000000,
06000600,
00000000,
00000903,
00000000,
00000000,
14000704,
00000000,
0600000a,
00160500,
09000006,
00000200,
05000000,
00000000,
07060000,
00000001,
05000000,
06000700,
00000000,
00000a03,
00000000,
00000000,
15000804,
00000000,
06000009,
00160400,
0a000006,
00000200,
04000000,
00000000,
07060000,
00000000,
04000000,
05000700,
00000000,
00000903,
00000000,
00000000,
15000804,
01000000,
05000009,
00160500,
0a000008,
00000200,
03000000,
00000000,
07060000,
00000000,
03000000,
05000700,
00000000,
00000a03,
00000000,
00000000,
13000704,
00000000,
05000008,
00140401,
09000007,
00000200,
04000000,
00000000,
08060000,
00000000,
02000000,
06000700,
00000000,
00000a02,
00000000,
00000000,
14000704,
00000000,
05000009,
00130400,
09000006,
00000200,
03000000,
00000000,
07050000,
00000000,
03000000,
05000600,
00000000,
00000902,
00000000,
00000000,
14000704,
00000000,
06000009,
00140400,
09000007,
00000300,
03000000,
00000000,
08050000,
00000000,
03000000,
05000600,
00000000,
00000803,
00000000,
00000000,
14000604,
00000000,
06000009,
00140400,
09000008,
00000300,
03000000,
00000000,
09050000,
00000000,
03000000,
05000600,
00000000,
00000904,
00000000,
00000000,
15000704,
00000000,
05000009,
00140400,
09000008,
00000300,
03000000,
00000000,
08050000,
00000000,
03000000,
06000600,
00000000,
00000903,
00000000,
00000000,
14000803,
01000000,
05000008,
00140400,
08000007,
00000300,
03000000,
00000000,
07050000,
00000000,
03000000,
05000500,
00000000,
00000803,
00000000,
00000000,
14000704,
00000000,
05000008,
00130400,
09000006,
00000300,
03000000,
00000000,
07060000,
00000000,
02000001,
06000600,
00000000,
00000803,
00000000,
00000000,
14000704,
00000000,
05000009,
00100201,
09000005,
00000300,
02000000,
00000000,
06060000,
00000001,
01000002,
07000700,
00000000,
00000703,
00000000,
00000000,
12000704,
01000000,
04000009,
000c0101,
0a000005,
00000300,
01000000,
00000000,
06050000,
00000000,
00000002,
06000600,
00000000,
00000504,
00000000,
00000000,
12000704,
01000000,
02000009,
00080000,
0b000007,
00000200,
00000101,
00000000,
06030100,
00000000,
00000000,
04000400,
00000000,
00000405,
00000000,
00000000,
13000605,
00000000,
02000007,
00040001,
0a000008,
00000200,
01000102,
00000100,
06010000,
00000000,
00000000,
05000300,
00000000,
00000505,
00000000,
00000000,
13000404,
00000000,
02000005,
00000000,
0a000005,
00000100,
02000202,
00000300,
02010100,
00000000,
00000000,
06000400,
00000000,
00000305,
00000000,
00010000,
12000405,
00000000,
00000005,
00000000,
0a000003,
00000000,
00000201,
00000600,
00000200,
00000000,
00000000,
04000300,
00000000,
00000206,
00000000,
00010000,
13000404,
00000000,
00000002,
00000002,
0000000b,
00000000,
00000100,
00000000,
00020000,
00000000,
00000000,
02000500,
00000000,
00000100,
00000000,
00050000,
16000900,
00000000,
00000002,
00000004,
0300000a,
00000000,
04000000,
00000000,
05060600,
00000000,
08000800,
00000e00,
00000000,
00000700,
00000000,
00050000,
0100020a,
02000000,
02000000,
06000000,
00000000,
00000200,
00050400,
07000800,
05000000,
00080000,
00000000,
00130000,
03030000,
0d020001,
0c000000,
00000000,
0a000000,
00050000,
00070000,
00000003,
00000000,
00000000,
00020600,
00000000,
00000000,
0e010000,
00000003,
06050000,
00000000,
090e0000,
00000000,
00000400,
0b000000,
00000000,
00000000,
00000000,
00000000,
00000400,
00000408,
01000000,
02000000,
08000000,
00000007,
05070000,
00000000,
03080000,
00000000,
00000500,
0d000000,
00000000,
00000000,
00000001,
00000000,
00000400,
00000308,
01000000,
02000000,
08000000,
00000009,
04060000,
00000000,
03070000,
00000000,
00000600,
0d000000,
00000000,
00000000,
00000003,
00000000,
00000400,
00000207,
00000000,
04000000,
08000000,
0000000b,
04070000,
00000002,
03050000,
00000000,
00000300,
0d020000,
00000000,
00000000,
00000002,
00000000,
00000500,
00000207,
00000000,
06000000,
07000000,
0000000a,
05070000,
00000000,
04040000,
00000000,
00000600,
0d000000,
00000000,
00000000,
00000001,
00000000,
00000400,
00000207,
00000000,
03000000,
06000000,
0000000a,
04060000,
00000001,
05020000,
00000000,
00000600,
0e000000,
00000000,
00000000,
00000001,
00000000,
00000400,
00000208,
00000000,
03000000,
06000000,
0000000b,
04060000,
00000002,
05010000,
00000000,
00000300,
0f000000,
00000002,
00000000,
00000001,
00000000,
00000500,
00010208,
00000000,
04000000,
08000000,
0000000a,
03090000,
00000104,
06000000,
00000000,
00000100,
0f010000,
00000003,
00000001,
00000001,
00000000,
00000500,
00000208,
00000000,
04000000,
08000000,
0000000b,
020a0000,
00000104,
06000000,
00000000,
00000200,
11020000,
00000003,
00000000,
00000001,
00000000,
00000600,
00000108,
00000000,
04000000,
09000000,
0000000b,
020a0000,
00000103,
05000000,
00000000,
00000200,
11020000,
00000001,
00000000,
00000003,
00000000,
00000500,
00000107,
00000000,
05000000,
0a000000,
0000000c,
030a0000,
00000202,
05000000,
00000000,
00000200,
11020000,
00000001,
00000000,
00000002,
00000000,
00000500,
00000107,
00000000,
05000000,
0a000000,
0000000c,
04090000,
00000202,
05000000,
00000000,
00000200,
11010000,
00000000,
00000001,
00000002,
00000000,
00000600,
00000207,
00000000,
05000000,
08000000,
0000000b,
04090000,
00000202,
06000000,
00000000,
00000100,
11000000,
00000001,
00000001,
00000002,
00000000,
00000500,
00000207,
00000000,
05000000,
08000000,
0000000c,
040a0000,
00000201,
06000000,
00000000,
00000000,
13020000,
00000001,
00000000,
00000000,
00000000,
00000600,
00000008,
00000000,
05000000,
09000000,
0000000d,
05090000,
00000201,
03000000,
00000000,
00000000,
11050000,
00000000,
00000000,
00000000,
00000000,
00000600,
00000007,
00000000,
05000000,
08000000,
0000000e,
05060000,
00000200,
03000000,
00010000,
00000000,
11030000,
00000000,
00000000,
00000100,
00000000,
00000700,
00000008,
00000000,
04000000,
06000000,
0000000d,
04060000,
00000102,
04000000,
00020000,
00000000,
11010000,
00000001,
00000000,
00000200,
00000000,
00000600,
00000208,
00000000,
05000000,
08000000,
0000000c,
05080000,
00000203,
07000000,
00000001,
00000000,
12000000,
00000002,
00000000,
00000202,
00000000,
00000500,
00020407,
00000000,
06000000,
08000000,
0000000c,
05070000,
00000403,
08000000,
00000000,
00000000,
12000000,
00000000,
00000001,
00000305,
00000000,
00000400,
00000406,
00000000,
05000000,
07000000,
0000000a,
04070000,
00000004,
09000000,
00000000,
00000000,
14000000,
00000001,
00000001,
00000307,
00000000,
00000300,
00000307,
00000000,
04000000,
07000000,
00000009,
06060000,
00000004,
07000000,
00000000,
00000000,
14000000,
00000002,
00000001,
00000205,
00000000,
00000300,
00000109,
00000000,
03000000,
07000000,
00000009,
07050000,
00000002,
06000000,
00000000,
00000000,
15000000,
00000002,
00000000,
00000103,
00000000,
00000300,
0000010a,
00000000,
04000000,
0a000000,
0000000a,
05070000,
00000002,
07000000,
00000000,
00000000,
14000000,
00000000,
00000000,
00000003,
00000000,
00000400,
0000010a,
00000000,
04000000,
0b000000,
0000000a,
03080000,
00000003,
07000000,
00000000,
00000000,
12000000,
00000000,
00000000,
00000002,
00000000,
00000500,
0000010a,
00000000,
04000000,
0c000000,
0000000a,
030a0000,
00000002,
06000000,
00000000,
00000200,
12000000,
00000000,
00000000,
00000001,
00000000,
00000500,
0000020a,
00000000,
03000000,
0a000000,
0000000a,
020a0000,
00000001,
05000000,
00000000,
00000300,
13000000,
00000000,
00000000,
00000001,
00000000,
00000500,
00000109,
00000000,
03000000,
09000000,
0000000a,
020a0000,
00000001,
04000000,
00000000,
00000400,
13000000,
00000000,
00000000,
00000003,
00000000,
00000500,
00000108,
00000000,
04000000,
0a000000,
0000000b,
040a0000,
00000002,
04000000,
00000000,
00000300,
13000000,
00000000,
00000000,
00000003,
00000000,
00000500,
00000209,
00000000,
04000000,
0b000000,
0000000b,
040a0000,
00000002,
06000000,
00000000,
00000300,
13000000,
00000000,
00000000,
00000004,
00000000,
00000500,
00000209,
00000000,
04000000,
0c000000,
0000000b,
040a0000,
00000002,
06000000,
00000000,
00000100,
12000000,
00000000,
00000000,
00000005,
00000000,
00000500,
00000208,
00000000,
05000000,
0d000000,
0000000d,
030a0000,
00000003,
05000000,
00000000,
00000000,
11010000,
00000000,
00000000,
00000004,
00000000,
00000600,
00000209,
00000000,
05000000,
0d000000,
0000000c,
030a0000,
00000003,
05000000,
00000000,
00000000,
11000000,
00000000,
00000000,
00000002,
00000000,
00000500,
00000209,
00000000,
04000000,
0c000000,
0000000b,
030a0000,
00000001,
04000000,
00000000,
00000200,
13000000,
00000000,
00000000,
00000002,
00000000,
00000500,
0000010a,
00000000,
04000000,
0a000000,
0000000a,
020a0000,
00000002,
03000000,
00000000,
00010200,
14000000,
00000000,
00000000,
00000003,
00000000,
00000400,
00000109,
00000000,
04000000,
09000000,
00000007,
020a0000,
00000000,
03000000,
00000000,
00010200,
14000000,
00000000,
00000000,
00000004,
00000000,
00000300,
0000000a,
00000000,
03000000,
06000000,
00000008,
03070000,
00000000,
05000000,
00000000,
00010300,
14000000,
00000000,
00000000,
00000006,
00000000,
00000100,
00000108,
00000000,
03000000,
05000000,
00000009,
06050000,
00000000,
07000000,
00000000,
00000100,
15000000,
00000000,
00000001,
00000008,
00000000,
00000100,
00000209,
00000000,
05000000,
07000000,
00000009,
07030000,
00000001,
08000000,
00000000,
00000000,
14000000,
00000000,
00000000,
00000009,
00000000,
00000200,
0000040a,
00000000,
05000000,
07000000,
0000000a,
06020000,
00000003,
09000000,
00000000,
00000000,
0f000000,
00000000,
00000003,
00000005,
00000000,
00000300,
0000050b,
00000000,
08000000,
07000000,
0000000d,
05000000,
00000003,
07000000,
00000001,
00000000,
0d000000,
00000001,
00000004,
00000002,
00000000,
00000100,
0000050d,
00000000,
09000000,
06000000,
0000000d,
05000000,
00000001,
06000000,
00000002,
00000000,
10000000,
00000000,
00000003,
00000000,
00000000,
00000200,
0000020e,
00000000,
06000000,
06000000,
0000000e,
03040000,
00000002,
04000000,
00040002,
00000000,
0f000000,
00000000,
00000000,
00000000,
00000000,
00000300,
0000000d,
00000000,
05000000,
07000000,
0000000d,
01080000,
00000101,
04000000,
00060001,
00000000,
0d020000,
00000001,
00000000,
00000001,
00000000,
00000500,
0000000b,
00000000,
05000000,
08000000,
0000000c,
00090000,
00000002,
04000000,
00030000,
00000000,
0f010000,
00000002,
00000000,
00000003,
00000000,
00000600,
00000108,
00000000,
07000000,
08000000,
0000000c,
020a0000,
00000101,
04000000,
00000000,
00000000,
0f020000,
00000000,
00000000,
00000005,
00000000,
00000600,
00000107,
00000000,
07000000,
09000002,
0000000c,
030a0000,
00000103,
05000000,
00000000,
00000000,
0f020000,
00000000,
00000001,
00000005,
00000000,
00000500,
00000107,
00000000,
05000000,
0a000001,
0000000d,
020a0000,
00000104,
05000000,
00000000,
00000000,
0f030000,
00000000,
00000001,
00000004,
00000000,
00000500,
00000107,
00000000,
04000000,
0a000000,
0000000d,
030b0000,
00000002,
04010000,
00000000,
00000000,
0f040000,
00000000,
00000000,
00000004,
00000000,
00000600,
00000107,
00000000,
05000000,
0b000000,
0000000d,
030b0000,
00000102,
05010000,
00000000,
00000000,
0f030000,
00000000,
00000000,
00000003,
00000000,
00000600,
00000107,
00000000,
05000000,
0a000000,
0000000c,
030a0000,
00000102,
05020000,
00000000,
00000200,
10020000,
00000000,
00000000,
00000002,
00000000,
00000500,
00000208,
00000000,
06000000,
08000000,
0000000c,
03080000,
00000002,
05010000,
00000000,
00000300,
10010000,
00000000,
00000000,
00000001,
00000000,
00000500,
00000208,
00000000,
05000000,
08000001,
0000000c,
03090000,
00000003,
05010000,
00000000,
00000100,
11000000,
00000000,
00000000,
00000001,
00000000,
00000500,
00000207,
00000000,
05000000,
07000000,
0000000c,
02090000,
00000002,
05000000,
00000000,
00000100,
10000000,
00000001,
00000000,
00000001,
00000000,
00000500,
00000107,
00000000,
04000000,
07000000,
0000000c,
020a0000,
00000103,
06000000,
00000000,
00000300,
10030000,
00000001,
00000000,
00000001,
00000000,
00000500,
00000208,
00000000,
04000000,
09000000,
0000000d,
040b0000,
00000102,
06010000,
00000000,
00000100,
0f040000,
00000000,
00000000,
00000002,
00000000,
00000500,
00000207,
00000000,
03000000,
0a000000,
0000000d,
040a0000,
00000102,
08000000,
00000000,
00000100,
0e010000,
00000000,
00000000,
00000005,
00000000,
00000500,
00000307,
00000000,
03000000,
0a000000,
0000000d,
020b0000,
00000102,
09000000,
01000000,
00000100,
0d010000,
00000002,
00000001,
00000002,
00000000,
00000500,
00020308,
00000000,
02000000,
0b000000,
0000000c,
030a0000,
00000101,
09000000,
03000000,
00000300,
0f020000,
00000002,
00000000,
00000000,
00000000,
00000500,
00040309,
00000000,
03000000,
0b000000,
0000000a,
020b0000,
00000200,
09000000,
05000000,
00000400,
0f000000,
00000001,
00000000,
00000000,
00000000,
00000400,
00040309,
00000000,
00000000,
0a020000,
0000000a,
020e0000,
00000300,
09000000,
06000000,
00000200,
0e010000,
00000000,
00000000,
00000001,
00000000,
00000300,
00070209,
00000200,
00000000,
0c020000,
00000007,
020f0000,
00000000,
0c000000,
09000000,
00000100,
0d000000,
00000000,
00000000,
00000005,
00000000,
00000000,
00000104,
00000000,
00000000,
13000000,
00000000,
000c0000,
06000000,
0b000000,
00000000,
00060000,
0d0a0000,
00000000,
00000000,
00000009,
00000000,
00000003,
00000003,
00000000,
02000000,
0b000000,
00000606,
00030000,
00000309,
00000000,
00000000,
00050000,
000f0000,
00000000,
00000000,
04040400,
02000300,
00010204,
00040000,
02001000,
00000100,
00000000,
00000800,
00060002,
01110000,
010c0705,
0a010000,
00000001,
00000000,
00050002,
06130000,
02000000,
0000000b,
00000004,
00000000,
00000700,
04000000,
04000000,
03000000,
00030000,
000c0000,
000e0200,
00020000,
00000700,
04000000,
00000000,
00020000,
01020200,
00000003,
00000004,
00000000,
01000400,
00000100,
01000000,
05000300,
03040200,
00060000,
000e0700,
00030000,
03000400,
00010100,
00000000,
03020000,
01060400,
00000004,
00000003,
00000000,
01000200,
00000000,
00000000,
03000402,
04030000,
00060000,
000b0600,
00020000,
03000500,
00000200,
00000000,
02020000,
00040600,
00000004,
00000002,
00000001,
00000000,
01000000,
00000001,
04000404,
03040000,
00040000,
000a0300,
00020000,
02000400,
01010300,
00000000,
02020000,
00050400,
00000004,
00000004,
00000000,
00000000,
02000000,
01000002,
04000304,
04050000,
00040000,
00080200,
00020000,
00000400,
01020400,
00000100,
01020000,
00050400,
00000001,
00000004,
00000000,
00000000,
01000000,
00000003,
04000205,
02030000,
00030000,
00070300,
00020000,
01000600,
01000500,
00000100,
01010000,
00010400,
00000001,
00000002,
00000002,
00000000,
00000000,
00000000,
02000404,
00020000,
00040000,
01060100,
01020000,
01000600,
01000300,
00000000,
01020000,
00000500,
00000003,
00000001,
00000003,
00000000,
02000000,
01000000,
00000404,
00030000,
00040001,
02060000,
01030001,
00000500,
02000200,
00000000,
01030000,
00000600,
00000003,
00000002,
00000004,
00000000,
03000000,
03000001,
01000305,
01040000,
00030002,
01060000,
00030000,
00000500,
02000300,
00000000,
01030000,
00000600,
00000003,
00000002,
00000004,
00000000,
02000000,
04000002,
02000405,
00030000,
00030002,
01050000,
00030000,
00000500,
03000500,
00000100,
02030001,
00000600,
00000005,
00000002,
00000003,
00000000,
03000000,
04000000,
02000405,
01030000,
00020002,
01040000,
00040000,
00000500,
04000600,
00000200,
02020000,
00000500,
01000003,
00000002,
00000004,
00000000,
02000000,
03000000,
02000405,
00020000,
00020001,
02030000,
00030001,
00000400,
04000500,
00000200,
01010001,
00010500,
00000003,
00000002,
00000004,
00000000,
02000000,
02000001,
03000304,
00020000,
00000000,
00010000,
00050000,
00000400,
06000500,
00000100,
00000000,
00000700,
00000000,
00000004,
00000003,
00000000,
02000000,
01000001,
02000005,
02000000,
00000000,
00000000,
00080001,
00000200,
04000600,
00000500,
00000000,
00000700,
00000000,
00000105,
00000003,
00000000,
01000000,
00000000,
02000005,
02010000,
00010001,
00000000,
00070002,
00000000,
03000600,
00000400,
00000100,
00000700,
00000003,
00000004,
00000003,
00000000,
03000000,
01000000,
00000106,
01020000,
00000101,
03000001,
00030001,
00000000,
04000500,
00000200,
00000001,
00000800,
00000002,
00000005,
01010102,
00000000,
03000000,
02000000,
00000206,
02010000,
00000002,
05000002,
00000001,
00000000,
07000300,
00000000,
00000002,
00000903,
00000004,
00000001,
00010003,
00000000,
02000000,
03000000,
02000303,
03020000,
00000002,
04000001,
00000001,
00000000,
08000100,
00000000,
03000001,
00030904,
00000005,
00000001,
00020002,
00000000,
04000000,
05000000,
02000403,
05040000,
00000000,
03000001,
00000000,
00000300,
0a000000,
00000000,
03000002,
00050903,
00000002,
00000002,
00020003,
00000000,
04000000,
06000000,
02000403,
05020000,
00000000,
03010000,
00000000,
00000500,
0a000100,
00000000,
02020001,
00040902,
00000003,
00000000,
00000004,
00000000,
05000000,
06000000,
02000202,
03020000,
00000000,
01010000,
00020000,
00000500,
07000200,
00000000,
02020001,
00020801,
00000003,
00000002,
00000004,
00000000,
04000000,
05000000,
02000303,
03020000,
00000000,
00010000,
00030000,
00000500,
06000300,
00000000,
02020001,
00010700,
00000005,
00000003,
00000004,
00000000,
02000000,
05000000,
03000503,
01030000,
00000000,
00010000,
00030000,
00000400,
05000300,
00000000,
02010001,
00020501,
01000005,
00000003,
00000003,
00000000,
02000000,
04000000,
02000403,
01040000,
00010000,
01010000,
00020000,
00000600,
05000300,
00000000,
01010000,
00030500,
00000004,
00000004,
00000002,
00000000,
01000000,
03000000,
03000503,
01040000,
00010000,
01010000,
00010000,
00000600,
05000500,
00000000,
01000001,
00030600,
00000005,
00000004,
00000002,
00000000,
00000000,
04000000,
03000603,
00040000,
00010000,
00030000,
00010000,
00000400,
04000500,
00000000,
02000001,
00030601,
00000005,
00000002,
00000002,
00000000,
01000000,
03000000,
03000502,
01030000,
00010000,
00030000,
00010000,
00000400,
03000500,
00000000,
02000000,
00020600,
00000005,
00000003,
00000002,
00000000,
01000000,
03000000,
03000403,
01030000,
00010000,
00020000,
00020000,
00000400,
04000400,
00000000,
01000000,
00030600,
00000005,
00000003,
00000002,
00000000,
01000000,
04000000,
03000403,
00030000,
00010000,
00010000,
00020000,
00000500,
05000300,
00000000,
01000001,
00030600,
00000004,
00000003,
00000003,
00000000,
01000000,
04000000,
03000502,
00030000,
00010000,
00020000,
00020000,
00000600,
05000200,
00000000,
01000000,
00020500,
01000005,
00000003,
00000003,
00000000,
01000000,
04000000,
03000403,
01040000,
00000000,
00020000,
00020000,
00000500,
04000300,
00000000,
01000000,
00000401,
00000004,
00000004,
00000003,
00000000,
02000000,
04000000,
02000503,
01040000,
00010000,
01020000,
00020000,
00000400,
04000300,
00000000,
01000000,
00000500,
00000003,
00000002,
00000003,
00000000,
01000000,
05000000,
02000403,
02030000,
00010000,
00020000,
00020000,
00000300,
04000500,
00000000,
02000001,
00000500,
00000005,
00000000,
00000003,
00000000,
02000000,
03000000,
02000302,
00010000,
00000000,
01010000,
00030000,
00000200,
05000500,
00000000,
00000000,
00000400,
00000005,
00000002,
00000004,
00000000,
01000000,
03000000,
03000401,
00020000,
00000000,
00000000,
00040000,
00000400,
05000400,
00000000,
00000000,
00020400,
00000005,
00000003,
00000004,
00000000,
01000000,
02000000,
03000502,
00040000,
00000000,
00000000,
00040000,
00000500,
05000400,
00000000,
00000000,
00040500,
01000006,
00000002,
00000004,
00000000,
01000000,
02000000,
03000403,
00040000,
00000000,
00010000,
00040000,
00000600,
06000200,
00000000,
00000000,
00050400,
00000005,
00000001,
00000003,
00000000,
04000000,
03000000,
04000403,
00040000,
00000000,
01010000,
00020000,
00000700,
07000000,
00000000,
00000000,
00060400,
00000005,
00000000,
00000004,
00000000,
04000000,
02000000,
03000403,
00040000,
00000000,
02000000,
00000000,
00000700,
07000000,
00000000,
00000002,
00060504,
00000005,
00000000,
01000006,
00000000,
04000000,
01000000,
02000101,
02040000,
00000000,
02000100,
00000000,
00000600,
08000000,
00000000,
00000003,
00050505,
00000003,
00000000,
03000006,
00000000,
07000000,
02000000,
02000102,
05000000,
00000000,
03000000,
00000000,
00000200,
06000000,
00000000,
02000004,
00050403,
00000000,
00000001,
03000008,
00000000,
05000000,
01000000,
04000404,
06000000,
00000001,
03000000,
00000000,
01000000,
01000000,
00000000,
02000003,
00040400,
01000000,
00000000,
0300010a,
00000000,
06000000,
00000000,
05000006,
03000000,
00000000,
02010000,
00020001,
00000000,
01000000,
00000000,
00000003,
00040400,
01000001,
00000000,
0000000a,
00000000,
05000000,
00000000,
05000108,
02000000,
00000000,
01020000,
00090001,
00000000,
02000000,
00000200,
00000001,
00010300,
01000003,
00000000,
0000000a,
00000000,
03000000,
00000000,
05000206,
00010000,
00000000,
00010000,
000c0001,
00000000,
01000100,
01000400,
00000000,
00000200,
00000008,
00000000,
00000007,
00000000,
04000000,
01000000,
05000104,
00040000,
00000001,
00000000,
00090000,
00000100,
01000200,
00000000,
00000100,
00010500,
01000005,
00000001,
00000006,
00000000,
05000000,
02000000,
03000306,
00030000,
00000201,
01010000,
00040000,
00000200,
01000200,
00000000,
01000001,
00020700,
01000003,
00000001,
00000005,
00000000,
03000000,
04000001,
04000506,
01040000,
00020001,
00040000,
00040000,
00000200,
01000300,
00000000,
02000002,
00040600,
01000005,
00000004,
00000003,
00000000,
03000000,
04000002,
05000406,
01050000,
00020001,
00040000,
00030000,
00000300,
02000500,
00000100,
02010000,
00040600,
01000004,
00000004,
00000002,
00000000,
03000000,
04000002,
04000406,
01050000,
00030101,
00050000,
00020000,
00000500,
02010500,
00000100,
03010002,
00050701,
01000003,
00000003,
00000002,
00000000,
04000000,
03000000,
04000605,
02040000,
00030000,
01060000,
00010000,
00000300,
03000500,
00000100,
04020000,
00030601,
00000004,
00000003,
00000003,
00000000,
04000000,
03000002,
04000405,
01040000,
00030001,
01050000,
00020000,
00000400,
03000500,
00000000,
03010000,
00030500,
00000004,
00000003,
00000003,
00000000,
03000000,
02000001,
03000405,
00030000,
00020001,
01040000,
00020000,
00000500,
01000500,
00000000,
02010000,
00020600,
01000004,
00000003,
00000003,
00000000,
02000000,
02000001,
04000505,
01040000,
00020001,
01050000,
00030000,
00000300,
01010500,
00000000,
02010000,
00020400,
02000003,
00000004,
00000003,
00000000,
02000000,
03000001,
03000406,
01040000,
00020001,
02050000,
00030000,
00000300,
00000500,
00000000,
01020000,
00010400,
02000003,
00000003,
00000002,
00000000,
01000000,
02000000,
02000304,
00030000,
00040000,
02040000,
00020000,
00000600,
00000300,
00000000,
00020000,
01030400,
01000004,
00000002,
00000003,
00000000,
00000000,
02000000,
02000503,
00040000,
00050000,
02040000,
01020000,
00000700,
01000200,
00000000,
01030000,
02030402,
02000001,
00000001,
00020002,
00000000,
00000000,
02000000,
01000304,
01050000,
00050000,
01030000,
03010000,
00000500,
00000200,
00000000,
00030002,
02020200,
02000002,
00000001,
00030001,
00000100,
00000000,
02000000,
01000203,
00050000,
00060100,
02040000,
04010000,
00000400,
00000200,
00000000,
01030001,
03000000,
01000002,
00000002,
00020001,
00000200,
00000000,
02000000,
02000101,
00050000,
00070100,
01050000,
05020000,
00000200,
00000100,
00000000,
01020000,
04000000,
01000000,
00000000,
00040000,
00000700,
00000000,
01000000,
00000000,
01060000,
000a0000,
02010000,
08030000,
00000300,
00000000,
00000000,
00000000,
00000001,
00000000,
00000000,
00000000,
00000100,
00000000,
06000000,
00000000,
00030000,
070d0000,
04000000,
05040000,
00040000,
00000000,
00000000,
00000000,
00000006,
00000004,
00000004,
00000000,
00000000,
00000700,
00000000,
05000000,
00000200,
00080008,
00000200,
00000000,
00030000,
00030000,
00000000,
00000000,
03040500,
02000300,
00000203,
00030000,
02000d00,
01000100,
00000000,
00000800,
01060001,
01100000,
000c0606,
09030000,
00000002,
00000100,
00030002,
05110000,
02000001,
0000000a,
00000003,
00000000,
00000600,
05000000,
04000001,
03000000,
00030000,
000c0000,
010d0100,
00030000,
00000600,
03000000,
00000000,
00000000,
02030200,
00000004,
00000003,
00000001,
01000400,
00000000,
02000000,
05000501,
05040100,
00060000,
000d0500,
00050000,
03000200,
00020200,
00000000,
04020000,
01040500,
00000005,
00000002,
00000001,
00000000,
01000000,
01000000,
04000402,
05030000,
00050000,
000a0100,
00030000,
03000300,
01010400,
00000000,
02010000,
00020500,
00000005,
00000004,
00000001,
00000000,
02000000,
01000001,
04000405,
04030000,
00030000,
00080100,
00040000,
00000300,
01000500,
00000000,
01010000,
00010400,
00000004,
00000003,
00000002,
00000000,
03000000,
02000001,
04000405,
04040000,
00030000,
00080000,
00040000,
00000300,
00000500,
00000000,
01020000,
00020400,
00000002,
00000104,
00000000,
00000000,
02000000,
00000004,
05000306,
03040000,
00040000,
00060300,
00020000,
02000500,
00000400,
00000000,
01000000,
00030500,
00000000,
00000003,
00000001,
00000000,
00000000,
00000002,
03000305,
01040000,
00050000,
01060000,
00020000,
01000600,
01000300,
00000000,
01010001,
00020600,
00000002,
00000000,
00020003,
00000000,
01000000,
00000000,
02000503,
01030000,
00050000,
00050001,
01020000,
00000600,
02000400,
00000200,
02030001,
00030600,
00000005,
00000001,
00010003,
00000000,
03000000,
02000000,
01000404,
01040000,
00040000,
01050000,
01020000,
00000500,
03000500,
00000100,
02040001,
00010600,
00000004,
00000002,
00000003,
00000000,
02000000,
03000001,
01000505,
01040000,
00020001,
01050000,
00020000,
00000400,
03000600,
00000100,
02030001,
00000500,
00000003,
00000103,
00000003,
00000000,
03000000,
03000001,
02000306,
02030000,
00020101,
02050000,
00030000,
00000400,
04000500,
00000100,
02020000,
00010600,
00000001,
00000004,
00000003,
00000000,
02000000,
03000002,
02000105,
01030000,
00020000,
01020001,
00050000,
00000300,
05000600,
00000301,
00000000,
00000900,
00000000,
00000105,
00000003,
00000000,
02000000,
00000001,
01000104,
02020000,
00010001,
00000000,
00050000,
00000100,
04010500,
00000400,
00000000,
00000800,
00000002,
00000104,
00000002,
00000000,
01000000,
00000000,
00000204,
00010000,
00000002,
03000000,
00020000,
00000200,
04000500,
00000300,
00000000,
00000700,
00000003,
00000003,
00000002,
00000000,
02000000,
01000000,
00000204,
02030000,
00000002,
04000000,
00000000,
00000100,
05000300,
00000000,
00000000,
00010803,
00000004,
00000002,
00020002,
00000000,
03000000,
03000000,
01000203,
04050000,
00000000,
04000001,
00000000,
00000200,
08000000,
00000000,
02000000,
00050903,
00000002,
00000002,
00030003,
00000000,
02000000,
05000000,
01000303,
05030000,
00010000,
02020001,
00000000,
00000400,
08000000,
00000000,
02000002,
00060901,
00000002,
00000001,
00010003,
00000000,
03000000,
06000000,
02000303,
04020000,
00000000,
01010000,
00020000,
00000500,
07000300,
00000000,
02020002,
00030700,
00000004,
00000004,
00000003,
00000000,
03000000,
04000000,
02000403,
04020000,
00010000,
01010000,
00030000,
00000300,
06000500,
00000200,
02020001,
00020500,
00000004,
00000003,
00000003,
00000000,
02000000,
04000001,
03000404,
01030000,
00020000,
01010000,
00030000,
00000300,
05000500,
00000000,
01020002,
00030600,
01000006,
00000003,
00000003,
00000000,
02000000,
03000000,
04000403,
00040000,
00010000,
00010000,
00030000,
00000400,
05000400,
00000000,
02000001,
00050600,
00000006,
00000003,
00000003,
00000000,
03000000,
03000000,
04000403,
02030000,
00010000,
00020000,
00030000,
00000400,
05000400,
00000000,
01000000,
00040600,
00000005,
00000003,
00000003,
00000000,
00000000,
03000001,
04000503,
01030000,
00000000,
00020000,
00040000,
00000500,
05000400,
00000000,
01000001,
00030500,
01000005,
00000004,
00000002,
00000000,
01000000,
04000000,
03000503,
01030000,
00010000,
00020000,
00040000,
00000600,
05000500,
00000000,
00010000,
00030501,
00000005,
00000005,
00000002,
00000000,
00000000,
04000000,
03000503,
01040000,
00010000,
00030000,
00030000,
00000500,
03000500,
00000000,
01000001,
00020603,
00000006,
00000004,
00000002,
00000000,
01000000,
05000001,
03000503,
01050000,
00010000,
00040000,
00030000,
00000500,
03000500,
00000000,
01010001,
00030603,
00000006,
00000002,
00000002,
00000000,
02000000,
05000000,
03000503,
02040000,
00020000,
00030000,
00020000,
00000500,
03000400,
00000000,
01000000,
00030501,
01000006,
00000004,
00000002,
00000000,
01000000,
05000000,
03000503,
01030000,
00010000,
00020000,
00020000,
00000500,
03000400,
00000000,
01000001,
00030502,
00000006,
00000004,
00000002,
00000000,
01000000,
05000000,
03000503,
00050000,
00010000,
00020000,
00020000,
00000500,
03000500,
00000000,
00000000,
00030502,
00000004,
00000004,
00000002,
00000000,
01000000,
05000000,
03000504,
02040000,
00010000,
00040000,
00010000,
00000600,
03000500,
00000000,
00000001,
00020400,
01000004,
00000004,
00000002,
00000000,
00000000,
05000000,
04000504,
01040000,
00010000,
00040000,
00020000,
00000400,
03000500,
00000000,
00000000,
00010300,
01000005,
00000004,
00000002,
00000000,
00000000,
05000000,
03000504,
01040000,
00010000,
01040000,
00040000,
00000400,
03000500,
00000000,
00020000,
00000401,
00000004,
00000003,
00000003,
00000000,
00000000,
05000000,
02000403,
00040000,
00020000,
02040000,
00030001,
00000300,
03000400,
00000000,
01010000,
00000500,
00000005,
00000002,
00000003,
00000000,
01000000,
05000000,
02000402,
00040000,
00010001,
01020000,
00020000,
00000500,
03000300,
00000000,
00010000,
00010500,
00000005,
00000003,
00000003,
00000000,
01000000,
04000000,
03000502,
00030000,
00000000,
00020000,
00010000,
00000500,
03000300,
00000000,
00000000,
00000500,
00000005,
00000004,
00000002,
00000000,
00000000,
04000000,
03000603,
00030000,
00000000,
01030000,
00010000,
00000400,
03000400,
00000000,
00000000,
00010500,
01000005,
00000004,
00000002,
00000000,
00000000,
05000000,
04000404,
02030000,
00010000,
00030000,
00020000,
00000300,
04010500,
00000000,
00000000,
00020500,
01000005,
00000003,
00000002,
00000000,
01000000,
04000000,
04000404,
01030000,
00010000,
01030000,
00020000,
00000300,
04010400,
00000000,
01000000,
00030500,
01000004,
00000003,
00000003,
00000000,
02000000,
03000000,
03000504,
01040000,
00010000,
01030000,
00020000,
00000400,
03000300,
00000000,
01000001,
00040400,
01000004,
00000001,
00000004,
00000000,
02000000,
02000000,
03000304,
00040000,
00010000,
00040000,
00030000,
00000400,
04000300,
00000000,
01000001,
00040400,
00000006,
00000000,
00000004,
00000000,
04000000,
04000000,
04000404,
00040000,
00000000,
01030000,
00030000,
00000500,
06000000,
00000000,
00010001,
00060402,
00000007,
00000001,
00000004,
00000000,
05000000,
04000000,
03000203,
02040000,
00010000,
01020000,
00000000,
00000500,
07000000,
00000000,
02000002,
00060505,
00000003,
00000000,
02000006,
00000000,
06000000,
02000000,
04000103,
03030000,
00010000,
03000000,
00000000,
00000200,
06000000,
00000000,
04000004,
00060404,
00000000,
00000000,
04000008,
00000000,
07000000,
01000000,
03000206,
06000000,
00000001,
03000000,
00000000,
00000000,
02000000,
00000000,
03000005,
00020300,
01000000,
00000000,
0200020a,
01000000,
06000000,
00000000,
02000206,
01000000,
00000002,
03020000,
00000000,
00000000,
00000000,
00000000,
00000004,
00010300,
01000004,
00000000,
0000000a,
00000000,
05000000,
00000000,
07000007,
01000000,
00000000,
00010000,
00090001,
00000000,
01000000,
00000100,
00000000,
00010200,
01000004,
00000000,
00000009,
00000000,
02000000,
00000000,
07000106,
00010000,
00000000,
00000000,
000d0001,
00000000,
01030200,
00000300,
00000000,
00010500,
00000007,
00000000,
00000007,
00000000,
05000000,
02000000,
05000406,
00030000,
00000000,
00010000,
00090001,
00000000,
00010300,
00000000,
00000000,
00030400,
01000005,
00000002,
00000005,
00000000,
04000000,
03000002,
04000406,
01040000,
00000101,
00020000,
00050000,
00000200,
00010300,
00000000,
02000001,
00040600,
01000005,
00000003,
00000003,
00000000,
03000000,
04000002,
04000406,
01040000,
00020000,
00040000,
00030000,
00000300,
03000500,
00000100,
03000002,
00050601,
01000004,
00000004,
00000002,
00000000,
04000000,
04000001,
04000606,
02050000,
00020001,
01050000,
00020000,
00000300,
03010600,
00000000,
04010001,
00060601,
01000004,
00000003,
00000002,
00000000,
04000000,
03000001,
04000505,
01050000,
00030000,
00050000,
00020000,
00000500,
02000500,
00000000,
03010000,
00050702,
00000004,
00000002,
00000002,
00000000,
03000000,
02000001,
04000505,
01050000,
00030000,
00050000,
00010000,
00000500,
01010500,
00000000,
02010000,
00040701,
02000004,
00000003,
00000001,
00000000,
03000000,
03000001,
05000505,
02030000,
00030001,
00050000,
00010000,
00000400,
01010500,
00000000,
02000000,
00040501,
02000003,
00000004,
00000002,
00000000,
02000000,
02000002,
05000506,
01050000,
00030000,
00060000,
00020000,
00000400,
01010400,
00000000,
02010000,
00060400,
02000002,
00000002,
00000002,
00000000,
00000000,
02000000,
03000405,
00050000,
00040000,
00040000,
01010000,
00000800,
01000300,
00000000,
01030000,
01040500,
01000003,
00000002,
00010002,
00000000,
00000000,
00000000,
01000403,
00030000,
00040000,
01040000,
01020000,
00000900,
01000300,
00000000,
01030000,
01030300,
01000003,
00000002,
00010002,
00000000,
00000000,
01000000,
02000303,
00040000,
00050000,
01030000,
01020000,
00000500,
01000300,
00000100,
00020001,
02040201,
02000002,
00000002,
00010002,
00000000,
00000000,
03000000,
02000303,
00050000,
00050000,
02030000,
03010000,
00000500,
00000300,
00000000,
01030001,
03010101,
01000002,
00000002,
00020000,
00000100,
00000000,
03000000,
03000201,
01050000,
00070000,
02030000,
03020000,
00000300,
00000100,
00000000,
02020001,
05030001,
02000000,
00000000,
00030000,
00000500,
00000000,
00010000,
02000000,
01060000,
000a0000,
00000000,
07010000,
00000400,
00000000,
00010000,
00000000,
00000100,
00000000,
00000000,
00000000,
00000100,
00000000,
05000000,
00000000,
00050000,
060e0000,
04000200,
06030000,
00040000,
00000000,
00000000,
00000000,
00000009,
00000001,
00000001,
01000000,
00000000,
00000700,
00010000,
03000000,
00000100,
00090007,
00020800,
00000000,
00030000,
00000000,
00000000,
00000001,
04040500,
02000402,
00000102,
00030000,
03000c00,
01000100,
00000000,
00000900,
02050000,
01100000,
010b0506,
09030001,
00000001,
00000100,
00020001,
05100000,
02000000,
0000000b,
00000003,
00000000,
00000600,
06000000,
05000001,
04000001,
01030000,
000c0000,
010b0100,
00030000,
00000600,
05000000,
00000000,
00000000,
02020200,
00000003,
00000002,
00000002,
01000200,
00000000,
03000001,
04000403,
05030000,
00050000,
000b0200,
00050000,
02000200,
00020300,
00000000,
02000000,
01000400,
00000004,
00000002,
00000002,
00000000,
00000000,
02000000,
04000403,
04020000,
00040000,
00080000,
00040000,
02000200,
01000400,
00000000,
02010000,
00010400,
00000006,
00000003,
00000002,
00000000,
03000000,
02000000,
04000405,
03020000,
00030000,
00060000,
00040000,
00000400,
03000400,
00000000,
01020000,
00020500,
00000005,
00000004,
00000002,
00000000,
03000000,
03000000,
04000505,
04030000,
00020000,
00070000,
00030000,
00000500,
03000400,
00000000,
02020000,
00020400,
00000003,
00000006,
00000002,
00000000,
03000000,
01000002,
04000306,
04030000,
00030000,
00050000,
00040000,
02000500,
02000500,
00000000,
01000000,
00020500,
00000000,
00000002,
00000002,
00000000,
00000000,
00000003,
04000307,
02020000,
00050001,
00050000,
00040000,
01000500,
01000500,
00000200,
01010001,
00010500,
00000002,
00000000,
00020004,
00000000,
01000000,
01000000,
01000404,
01040000,
00050101,
01040001,
02040000,
00000400,
02000500,
00000101,
02030001,
00010500,
00000004,
00000000,
00010003,
00000000,
03000000,
02000001,
01000403,
01050000,
00030002,
00040000,
01030000,
00000400,
02000400,
00000001,
02020001,
00030600,
00000003,
00000102,
00000002,
00000000,
03000000,
02000001,
02000304,
02040000,
00020000,
00030000,
00030000,
00000300,
03000500,
00000100,
01010001,
00030800,
00000000,
00000104,
00000002,
00000000,
03000000,
01000001,
01000105,
03020000,
00020000,
01010001,
00050000,
00000300,
03000600,
00000400,
00010001,
00000a00,
00000000,
00000105,
00020002,
00000000,
03000000,
01000001,
00000006,
03030000,
00010002,
00000001,
00030000,
01000200,
03000600,
00000200,
00000001,
00000800,
00000002,
00000003,
00020102,
00000000,
04000000,
00000000,
00000205,
03030000,
00000003,
03000001,
00000000,
00000000,
05000300,
00000000,
00000001,
00010802,
00000003,
00000001,
00020002,
00000000,
02000000,
02000000,
01000404,
02040000,
00000001,
03010001,
00000000,
00000300,
07000100,
00000000,
01000000,
00040903,
00000004,
00000001,
00020003,
00000000,
02000000,
05000000,
01000303,
04030000,
00010000,
02020000,
00010000,
00000500,
06000100,
00000000,
01000000,
00050901,
00000002,
00000002,
00000002,
00000000,
03000000,
05000000,
02000403,
05030000,
00010000,
01010000,
00010000,
00000600,
06000300,
00000000,
01020001,
00020700,
00000003,
00000003,
00000003,
00000000,
02000000,
04000000,
02000404,
02030000,
00010000,
01010000,
00020000,
00000500,
06000400,
00000000,
01020001,
00020600,
00000005,
00000003,
00000003,
00000000,
02000000,
04000000,
02000403,
02030000,
00020000,
01020000,
00030000,
00000500,
06000400,
00000000,
01010001,
00010400,
00000004,
00000004,
00000003,
00000000,
01000000,
04000000,
02000403,
00020000,
00010000,
01020000,
00030000,
00000400,
04000400,
00000000,
00000002,
00000400,
00000004,
00000004,
00000003,
00000000,
01000000,
05000000,
02000403,
00020000,
00010000,
02020000,
00030001,
00000400,
04000400,
00000000,
01010002,
00000500,
00000004,
00000003,
00000003,
00000000,
01000000,
04000000,
03000503,
01020000,
00010000,
01020000,
00040002,
00000300,
04000500,
00000000,
01010000,
00010500,
00000005,
00000004,
00000003,
00000000,
02000000,
04000000,
04000503,
03030000,
00010000,
00030000,
00040000,
00000200,
04000500,
00000000,
00000000,
00020500,
00000004,
00000004,
00000003,
00000000,
01000000,
03000000,
02000504,
01030000,
00010000,
00030000,
00040000,
00000400,
04000500,
00000000,
00000001,
00010500,
01000006,
00000004,
00000003,
00000000,
01000000,
03000000,
03000504,
00030000,
00010000,
01020000,
00040000,
00000500,
03000400,
00000000,
00010000,
00010600,
01000005,
00000004,
00000002,
00000000,
01000000,
04000000,
03000604,
01040000,
00010000,
00030000,
00040000,
00000600,
03000400,
00000000,
01000000,
00020500,
00000005,
00000003,
00000002,
00000000,
01000000,
05000000,
04000504,
02040000,
00020000,
00030000,
00040000,
00000600,
04000300,
00000000,
01000000,
00020400,
00000006,
00000003,
00000002,
00000000,
01000000,
04000000,
03000503,
01040000,
00010000,
00030000,
00040000,
00000600,
03000400,
00000000,
00000000,
00020400,
00000006,
00000004,
00000003,
00000000,
00000000,
04000000,
03000603,
00040000,
00010000,
00020000,
00040000,
00000600,
03000500,
00000000,
00000000,
00020501,
01000007,
00000003,
00000002,
00000000,
01000000,
04000000,
03000503,
01040000,
00010000,
00030000,
00040000,
00000600,
03000500,
00000000,
00000000,
00020502,
00000005,
00000004,
00000001,
00000000,
01000000,
06000001,
03000404,
02050000,
00010000,
00030000,
00020000,
00000600,
02000500,
00000000,
01000000,
00020401,
00000002,
00000004,
00000002,
00000000,
00000000,
05000002,
03000605,
02040000,
00010000,
01030000,
00010000,
00000500,
01000400,
00000000,
01010001,
00020500,
01000003,
00000004,
00000002,
00000000,
00000000,
04000000,
03000504,
01040000,
00010000,
01050000,
00020000,
00000500,
01000300,
00000000,
01010001,
00020600,
00000003,
00000004,
00000002,
00000000,
00000000,
04000000,
03000503,
00040000,
00020000,
01050000,
00030000,
00000600,
02000300,
00000000,
01020000,
00010500,
00000004,
00000003,
00000002,
00000000,
00000000,
04000000,
03000503,
00050000,
00020000,
00040000,
00030000,
00000500,
03000300,
00000000,
01010000,
00010500,
01000006,
00000003,
00000002,
00000000,
01000000,
05000000,
02000503,
01050000,
00010000,
00040000,
00030000,
00000500,
02000400,
00000000,
00010000,
00010604,
00000006,
00000003,
00000002,
00000000,
01000000,
05000000,
02000603,
01050000,
00000000,
00040000,
00020000,
00000400,
02000400,
00000000,
01010000,
00010603,
00000004,
00000003,
00000002,
00000000,
01000000,
07000001,
03000505,
03040000,
00010000,
00040000,
00020000,
00000300,
02000400,
00000000,
01010002,
00010502,
00000005,
00000004,
00000002,
00000000,
00000000,
06000000,
04000505,
02040000,
00010000,
00040000,
00030000,
00000400,
02000400,
00000000,
02010001,
00020503,
01000004,
00000003,
00000002,
00000000,
02000000,
06000000,
03000504,
02040000,
00020000,
01030000,
00020000,
00000400,
03000400,
00000000,
01010001,
00030402,
00000003,
00000003,
00000003,
00000000,
02000000,
05000000,
03000504,
02030000,
00020000,
01030000,
00020000,
00000300,
03000400,
00000000,
02000002,
00040500,
01000005,
00000002,
00000004,
00000000,
02000000,
04000000,
05000504,
02030000,
00010000,
00030000,
00030000,
00000300,
03000300,
00000000,
02000002,
00040500,
01000005,
00000002,
00000004,
00000000,
03000000,
04000000,
04000404,
02030000,
00000000,
00030000,
00040000,
00000300,
04000300,
00000000,
02000001,
00030300,
00000005,
00000001,
00000004,
00000000,
04000000,
05000000,
04000306,
01030000,
00000000,
01030000,
00030000,
00000300,
05000100,
00000000,
02000002,
00040402,
00000006,
00000000,
00000004,
00000000,
05000000,
06000000,
04000205,
02050000,
00010000,
01020000,
00010000,
00000400,
06000000,
00000000,
02000005,
00040507,
00000002,
00000000,
02000006,
00000000,
04000000,
05000000,
02000303,
02040000,
00010000,
02010000,
00000000,
00000400,
05000000,
00000000,
02000004,
00030304,
00000000,
00000000,
02000007,
00000000,
06000000,
01000000,
04000205,
06000000,
00000001,
02000000,
00000000,
01000000,
00000000,
00000000,
01000002,
00000200,
00000000,
00000000,
0000020a,
00000000,
05000000,
00000000,
04000006,
01000000,
00000001,
02000000,
00040000,
00000000,
00000000,
00000000,
00000003,
00000300,
01000005,
00000000,
0000000a,
00000000,
03000000,
00000000,
07000207,
00000000,
00000001,
00010000,
000b0001,
00000000,
01020000,
00000000,
00000000,
00010100,
01000006,
00000000,
00000009,
00000000,
02000000,
01000000,
06000206,
00030000,
00000000,
00000000,
000b0000,
00000000,
00040200,
01000100,
00000000,
00020400,
00000006,
00000002,
00000005,
00000000,
03000000,
02000001,
04000406,
00030000,
00010001,
00020000,
00070000,
00000200,
00000400,
00000100,
00000001,
00030500,
01000004,
00000003,
00000003,
00000000,
04000000,
03000001,
04000506,
01040000,
00020001,
00040000,
00040000,
00000300,
01000500,
00000100,
02010000,
00050600,
01000005,
00000003,
00000002,
00000000,
02000000,
03000001,
05000506,
01040000,
00030000,
00050000,
00030000,
00000400,
02010500,
00000000,
02000000,
00050601,
01000004,
00000003,
00000002,
00000000,
03000000,
03000002,
04000406,
02040000,
00030000,
00050000,
00030000,
00000300,
02000600,
00000200,
02000000,
00030500,
02000003,
00000004,
00000003,
00000000,
02000000,
03000000,
04000505,
00040000,
00030000,
01040000,
00020000,
00000300,
02010500,
00000100,
02000000,
00040400,
02000004,
00000004,
00000002,
00000000,
03000000,
03000002,
05000406,
01050000,
00030000,
01050000,
00040000,
00000300,
01000500,
00000100,
02000000,
00060600,
02000004,
00000002,
00000002,
00000000,
02000000,
01000001,
04000405,
00060000,
00040000,
00050000,
00030000,
00000600,
00000500,
00000000,
02010000,
00050600,
02000002,
00000002,
00010002,
00000000,
01000000,
01000000,
01000404,
01040000,
00040000,
00040000,
02010000,
00000700,
01000400,
00000100,
01030000,
01020400,
01000003,
00000003,
00000002,
00000000,
00000000,
02000000,
02000404,
00040000,
00040000,
02030000,
01020000,
00000600,
00000300,
00000000,
01020001,
02030300,
02000003,
00000002,
00010002,
00000000,
00000000,
03000000,
02000304,
00050000,
00050000,
02040000,
02020000,
00000500,
00000200,
00000000,
01020002,
03020200,
01000003,
00000001,
00020001,
00000100,
00000000,
02000000,
02000202,
01040000,
00060000,
02010000,
02020000,
00000400,
00000000,
00000100,
01020002,
05030100,
01000001,
00000000,
02010000,
00000200,
00000000,
00000000,
04000000,
00060000,
00090000,
00000001,
04030000,
01000300,
00000000,
00000000,
01000000,
00000101,
00000000,
00000000,
00000000,
00000300,
00000000,
03000000,
00000000,
00060000,
040c0000,
03000300,
06040000,
00030000,
00000000,
00000000,
00000000,
02000007,
00000000,
00000000,
00000000,
00000200,
00000600,
00020000,
02000000,
00010000,
00080004,
00020900,
00000000,
00030200,
00000000,
00000000,
00000000,
03040600,
02000401,
00000102,
00030000,
03000b00,
02000100,
00000000,
00000800,
03050000,
010f0000,
010b0306,
08030000,
00000002,
00000000,
00010000,
040f0000,
02000000,
0000000c,
00000003,
00000000,
00000400,
06000000,
04000001,
03000001,
01020000,
000b0000,
01090000,
00040001,
00000500,
05000000,
00000000,
00000000,
02000100,
00000004,
00000002,
00000001,
00000100,
01000000,
01000000,
03000302,
03020000,
00040000,
00090000,
00050000,
01000200,
00000300,
00000000,
02010000,
01000300,
00000005,
00000002,
00000002,
00000100,
00000000,
01000000,
04000502,
02020000,
00040000,
00060000,
00030002,
01000400,
01000300,
00000000,
02020000,
00020500,
00000005,
00000004,
00000002,
00000000,
03000000,
02000000,
04000404,
03030000,
00030000,
00060000,
00030000,
00000500,
04000400,
00000000,
02010000,
00030400,
00000005,
00000005,
00000002,
00000000,
02000000,
01000001,
04000405,
04030000,
00030000,
00070000,
00030000,
00000300,
03000500,
00000100,
02010000,
00020400,
00000005,
00000006,
00000002,
00000000,
03000000,
00000003,
05000306,
04020000,
00020000,
00060000,
00030000,
02000300,
03000500,
00000200,
01000000,
00010200,
00000002,
00000002,
00000003,
00000000,
00000000,
00000003,
03000206,
01020000,
00040000,
01050000,
00040000,
01000300,
02000400,
00000000,
02010002,
00000500,
00000003,
00000000,
00020004,
00000000,
01000000,
02000000,
02000303,
01030000,
00050000,
00030002,
01030001,
00000400,
02000400,
00000000,
02020000,
00000600,
00000002,
00000000,
00010002,
00000000,
03000000,
02000000,
00000202,
03030000,
00040000,
00010001,
00050000,
00000300,
03000600,
00000200,
00010000,
00000800,
00000002,
00000003,
00000001,
00000000,
02000000,
00000001,
00000204,
03020000,
00020001,
00000000,
00040000,
00000200,
04000600,
00000300,
00000000,
00010800,
00000002,
00000004,
00020001,
00000000,
02000000,
00000000,
00000205,
02020000,
00010101,
01000001,
00010000,
00000200,
05000600,
00000100,
00000002,
00000800,
01000004,
00000003,
00020002,
00000000,
02000000,
01000000,
01000205,
04040000,
00010000,
03000002,
00000000,
00000000,
08000400,
00000000,
01000000,
00010703,
00000004,
00000001,
00020003,
00000000,
02000000,
04000000,
01000303,
04030000,
00000000,
03020000,
00010000,
00000400,
07000100,
00000000,
02000000,
00040900,
00000002,
00000002,
00010003,
00000000,
02000000,
05000000,
02000402,
04020000,
00020000,
00010000,
00020000,
00000700,
07000300,
00000000,
02010001,
00030700,
00000004,
00000002,
00000002,
00000000,
02000000,
03000000,
03000503,
02020000,
00020000,
00010000,
00020000,
00000600,
06000500,
00000100,
01010000,
00030600,
00000005,
00000004,
00000002,
00000000,
01000000,
03000000,
02000503,
01040000,
00010000,
00010000,
00020000,
00000600,
05000600,
00000000,
01010001,
00030500,
01000004,
00000004,
00000003,
00000000,
00000000,
03000000,
02000403,
01030000,
00010000,
01020000,
00020000,
00000500,
05000500,
00000000,
01010001,
00010400,
00000004,
00000004,
00000003,
00000000,
02000000,
04000000,
02000403,
01030000,
00010000,
01020000,
00030000,
00000500,
05000400,
00000000,
01020001,
00010400,
00000005,
00000004,
00000003,
00000000,
01000000,
03000000,
02000502,
00030000,
00010000,
01030000,
00040000,
00000600,
03000400,
00000000,
01020000,
00000400,
00000006,
00000002,
00000003,
00000000,
00000000,
03000000,
01000502,
00020000,
00000000,
01020000,
00030000,
00000600,
03000300,
00000000,
00020000,
00000400,
00000005,
00000002,
00000002,
00000000,
01000000,
03000000,
00000303,
00010000,
00000000,
02020000,
00030001,
00000300,
03000200,
00000000,
00020000,
00000400,
00000007,
00000003,
00000003,
00000000,
00000000,
03000000,
00000303,
02030000,
00000000,
01020000,
00030000,
00000300,
03000100,
00000000,
00010000,
00000100,
00000008,
00000000,
00000004,
00000000,
00000000,
02000000,
00000103,
01030000,
00000100,
02030000,
00040000,
00000300,
02000000,
00000000,
00010000,
00000000,
00000006,
00000100,
00000006,
00000000,
00000000,
00000000,
00000002,
01040000,
00000000,
01030000,
00070000,
00000400,
03000000,
00000000,
00030000,
00000100,
00000008,
00000200,
00000005,
00000000,
00000000,
00000000,
00000301,
02040000,
00000000,
00040000,
00090000,
00000300,
02000000,
00000100,
00020000,
00000000,
00000008,
00000300,
00000005,
00000000,
00000000,
00000000,
00000001,
02040000,
00000100,
00050000,
00090000,
00000300,
04000000,
00000200,
00000000,
00000000,
00000008,
00000300,
00000007,
00000000,
00000000,
00000000,
00000002,
00050000,
00000300,
00050000,
00090000,
00000400,
04000000,
00000100,
00000000,
00000000,
00000008,
00000400,
00000009,
00000000,
00000000,
00000000,
00000000,
00050000,
00000600,
00060000,
00090000,
00000400,
03000000,
00000200,
00010000,
00000000,
0000000a,
00000400,
00000009,
00000000,
00000000,
00000000,
00000000,
02040000,
00000600,
00050000,
000b0000,
00000400,
03000000,
00000400,
00000000,
00000000,
0000000a,
00000400,
00000009,
00000000,
00000000,
00000000,
00000001,
01050000,
00000600,
00050000,
000b0000,
00000500,
03000000,
00000400,
00000100,
00000000,
00000007,
00000400,
00000009,
00000000,
00000000,
00000000,
00000001,
00060000,
00000500,
00060000,
00090000,
00000500,
02000000,
00000300,
00020000,
00000000,
00000006,
00000400,
00010006,
00000000,
00000000,
01000000,
00000101,
01060000,
00000200,
00050000,
00080000,
00000400,
01000000,
00000300,
00030000,
00000000,
00000007,
00000400,
00010005,
00000000,
00000000,
00000000,
00000101,
01050000,
00000200,
00050000,
00070000,
00000300,
01000000,
00000100,
01030000,
00000000,
00000005,
00000200,
00010004,
00000000,
00000000,
01000000,
00000102,
01040000,
00000100,
01030000,
00070000,
00000200,
03000100,
00000100,
00040000,
00000200,
00000009,
00000400,
00000003,
00000000,
00000000,
00000000,
00000501,
00050000,
00000000,
00020000,
00060000,
00000300,
01000000,
00000000,
00010000,
00000000,
0000000c,
00000100,
00000003,
00000000,
03000000,
01000000,
00000100,
00050000,
00000000,
00000000,
00050000,
00010400,
02000000,
00000000,
00000000,
00000200,
00000009,
00000100,
00000003,
00000000,
01000000,
02000000,
00000301,
02050000,
00000000,
00000000,
00040000,
00010500,
00000100,
00000000,
00000000,
00010300,
00000007,
00000002,
00000003,
00000000,
00000000,
04000000,
02000403,
01050000,
00000000,
00010000,
00030000,
00000500,
01000300,
00000000,
00000000,
00020400,
00000007,
00000002,
00000001,
00000000,
02000000,
03000000,
03000402,
03040000,
00000000,
00020000,
00030000,
00000500,
03000400,
00000000,
00000000,
00020402,
01000004,
00000004,
00000002,
00000000,
01000000,
04000000,
03000504,
01030000,
00010000,
01020000,
00030000,
00000500,
02000300,
00000000,
01000001,
00010401,
00000004,
00000002,
00000003,
00000000,
02000000,
05000000,
03000404,
03030000,
00010000,
01030000,
00030000,
00000300,
03000300,
00000000,
01000001,
00010300,
01000005,
00000003,
00000004,
00000000,
02000000,
04000000,
04000403,
02020000,
00010000,
01030000,
00040000,
00000300,
03000300,
00000000,
02000001,
00010400,
00000005,
00000003,
00000004,
00000000,
03000000,
04000000,
04000504,
01030000,
00010000,
00030000,
00050000,
00000200,
03000300,
00000000,
03000001,
00030500,
01000006,
00000001,
00000004,
00000000,
05000000,
04000000,
04000504,
02020000,
00000000,
00020000,
00050000,
00000300,
04000300,
00000000,
03000002,
00040400,
00000005,
00000000,
00000004,
00000000,
05000000,
04000000,
03000503,
00030000,
00010000,
00020000,
00040000,
00000600,
06000000,
00000000,
01000002,
00040401,
00000005,
00000001,
00000004,
00000000,
03000000,
02000000,
05000203,
01050000,
00020000,
01010000,
00000000,
00000700,
06000000,
00000000,
01000002,
00030405,
00000003,
00000000,
02000006,
00000000,
04000000,
02000000,
03000105,
02030000,
00010000,
03000000,
00000000,
00000400,
05010000,
00000000,
00000003,
00010202,
00000000,
00000000,
0100010a,
00000000,
05000000,
01000000,
03000206,
05000000,
00000002,
03010000,
00000000,
00000000,
00000000,
00000000,
00000002,
00000200,
01000002,
00000000,
0000000b,
00000000,
05000000,
00000000,
05000106,
04000000,
00000001,
02030000,
00060000,
00000000,
00000000,
00000000,
00000001,
00000300,
00000005,
00000000,
00000009,
01000000,
01000000,
00000000,
07000406,
00000000,
00000001,
00020000,
000b0003,
00000000,
00000100,
00000200,
00000000,
00010400,
00000008,
00000001,
00000006,
00000000,
03000000,
02000000,
05000305,
00050000,
00000001,
00010000,
00070002,
00000000,
00030400,
00000000,
00000000,
00020500,
00000004,
00000002,
00000003,
00000000,
03000000,
03000001,
04000406,
02040000,
00010000,
00020000,
00040000,
00000300,
01020400,
00000000,
01000000,
00020600,
01000005,
00000003,
00000002,
00000000,
03000000,
03000002,
04000406,
01030000,
00020001,
00050000,
00040000,
00000400,
01000600,
00000100,
02000000,
00020500,
02000004,
00000005,
00000003,
00000000,
03000000,
03000001,
04000505,
00040000,
00030001,
01050000,
00030001,
00000300,
01000500,
00000000,
02000000,
00040500,
02000005,
00000004,
00000002,
00000000,
03000000,
04000001,
05000506,
02030000,
00030000,
00050000,
00030000,
01000400,
02010500,
00000000,
03000000,
00050600,
02000005,
00000001,
00000002,
00000000,
03000000,
02000002,
05000305,
02040000,
00040000,
00040000,
00030000,
01000400,
01000500,
00000100,
03000000,
00050500,
02000002,
00000003,
00000002,
00000000,
01000000,
02000000,
03000405,
02050000,
00030100,
00030000,
01020000,
00000600,
01000500,
00000100,
01020000,
01030500,
02000003,
00000003,
00010002,
00000000,
00000000,
03000000,
01000504,
00030000,
00040100,
02040000,
01010000,
00000700,
00000200,
00000000,
02020001,
02020300,
02000004,
00000001,
00020002,
00000000,
00000000,
01000000,
02000304,
01040000,
00050000,
02040000,
02020000,
00000500,
01000200,
00000100,
01030002,
04020100,
02000003,
00000000,
00030002,
00000000,
00000000,
01000000,
00000302,
00040000,
00060000,
03010001,
03010000,
00000500,
01000100,
00000000,
01030001,
06000100,
01000004,
00000000,
00020002,
00000100,
00000000,
00000000,
03000000,
01030000,
00070000,
02000001,
03020000,
00000300,
00000100,
00000000,
03000000,
01000000,
00000000,
00000000,
00000000,
00000100,
00000000,
02000000,
00000000,
00050000,
020a0000,
02000100,
04040000,
00030000,
00000000,
00000000,
00000002,
05000003,
00000000,
01000003,
00000000,
00000600,
00000400,
00040000,
02000000,
00000000,
00090000,
01020600,
00000000,
00030700,
00000000,
00000000,
00000000,
03050400,
02000401,
00000203,
00030000,
03000900,
02000100,
00000000,
00000700,
03050000,
010f0000,
020a0206,
08040000,
00000003,
00000100,
00000000,
040f0000,
02000000,
0000000b,
00000002,
00000000,
00000500,
05000000,
02000002,
02000001,
00010000,
000a0000,
02090000,
00030001,
00000500,
05000000,
00000000,
00000000,
02000300,
00000004,
00000002,
00000000,
00000000,
00000000,
01000000,
03000402,
02020000,
00050000,
00080000,
00030000,
02000500,
01000100,
00000000,
01020000,
02020500,
00000005,
00000004,
00000001,
00000000,
01000000,
00000000,
04000502,
03020000,
00040000,
00060000,
00030000,
01000700,
03000300,
00000000,
01020000,
00010500,
00000005,
00000004,
00000001,
00000000,
02000000,
02000001,
03000405,
03030000,
00030000,
00060000,
00030000,
00000400,
03000500,
00000100,
01020000,
00010400,
00000006,
00000004,
00000002,
00000000,
03000000,
02000000,
04000505,
04030000,
00030000,
01070000,
00030000,
00000300,
03000400,
00000100,
02020000,
00000200,
00000005,
00000004,
00000003,
00000000,
04000000,
00000001,
04000305,
04020000,
00020000,
00070000,
00040000,
02000500,
02000300,
00000000,
01010000,
01030200,
00000000,
00000002,
00000003,
00000000,
00000000,
00000003,
03000106,
01010000,
00040000,
00040000,
00050000,
02000500,
01000500,
00000000,
00000000,
00010600,
00000000,
00000001,
00020002,
00000000,
00000000,
00000000,
00000204,
01020000,
00050000,
00000002,
01050003,
00000300,
00010500,
00000200,
00010000,
00000800,
00000003,
00000001,
00020001,
00000000,
02000000,
00000000,
00000102,
01020000,
00040000,
00000001,
00020001,
00000200,
03000600,
00000100,
00000000,
00000900,
00000004,
00000003,
00010000,
00000000,
03000000,
00000000,
00000103,
01030000,
00020001,
02000000,
00000000,
00000200,
07000500,
00000000,
00000000,
00000802,
00000004,
00000002,
00020001,
00000000,
01000000,
02000000,
00000304,
02040000,
00010001,
02010001,
00000002,
00000100,
07000400,
00000000,
01000000,
00030801,
01000002,
00000003,
00010003,
00000000,
02000000,
05000000,
03000404,
05030000,
00030000,
01020000,
00020000,
00000300,
06000300,
00000000,
02010000,
00050700,
00000003,
00000002,
00000002,
00000000,
02000000,
04000000,
02000402,
02030000,
00020000,
01020000,
00020000,
00000600,
06000500,
00000000,
01030000,
00030600,
00000005,
00000004,
00000002,
00000000,
00000000,
03000000,
03000503,
01030000,
00020000,
00010000,
00030000,
00000500,
06000600,
00000000,
01020001,
00030500,
00000004,
00000004,
00000003,
00000000,
00000000,
03000000,
03000404,
01030000,
00010000,
01030000,
00030000,
00000500,
04000600,
00000000,
01010001,
00020600,
00000007,
00000004,
00000002,
00000000,
00000000,
04000000,
03000503,
01040000,
00000000,
00020000,
00030000,
00000500,
04000500,
00000000,
01010000,
00010500,
01000006,
00000003,
00000002,
00000000,
01000000,
03000000,
01000303,
01040000,
00000000,
01020000,
00030000,
00000500,
04000400,
00000000,
00020000,
00000200,
00000006,
00000103,
00000003,
00000000,
00000000,
03000001,
01000103,
01030000,
00000000,
01040000,
00030000,
00000400,
03000100,
00000000,
00020000,
00000000,
00000006,
00000201,
00000003,
00000000,
00000000,
00000000,
00000101,
00030000,
00000000,
01050000,
00060000,
00000500,
03000000,
00000000,
00030000,
00000000,
00000005,
00000200,
00000005,
00000000,
00000000,
00000000,
00000001,
03010000,
00000000,
00050000,
00070000,
00000500,
02000000,
00000400,
00020000,
00000000,
00000001,
00000301,
00000005,
00000000,
00000000,
00000000,
00000004,
01000400,
00000000,
01050000,
000a0000,
00010300,
01000000,
00000400,
00010700,
00000000,
00000001,
00000300,
00000006,
00000000,
00000000,
00000000,
00000002,
00000200,
00000001,
00070000,
000b0000,
00000000,
00000000,
00000100,
00010e00,
01000000,
00000003,
00000400,
00000005,
00000000,
00000000,
00000000,
00000003,
00000000,
00000000,
00060000,
00080000,
01000100,
00000000,
00000001,
00030e00,
01000000,
00000003,
00000400,
00000006,
00000000,
00000000,
00000000,
00000002,
00000000,
00000300,
00070001,
00050001,
01000400,
00000000,
00000001,
00020a00,
03000100,
00000001,
00010200,
00030006,
00000000,
00000000,
00000000,
00000005,
03010000,
00000200,
00080000,
00040002,
01000500,
00000300,
00000001,
00010700,
00000000,
00000000,
00000400,
00000008,
00000000,
00000000,
00000000,
00000005,
00000000,
00000000,
000a0000,
00030000,
00000400,
00000200,
00000000,
00000500,
02000000,
01000001,
00000100,
0000000a,
00000000,
00000000,
00000000,
00000007,
00000000,
00000300,
000a0000,
00070002,
00000600,
00000000,
00000002,
00000400,
02000000,
00000000,
00000400,
0000000d,
00000000,
00000000,
00000000,
00000006,
03000000,
00000600,
00070000,
00070001,
02000700,
00000000,
00000005,
00000200,
02000000,
01000000,
00000600,
0000000d,
00000000,
00000000,
00000000,
00000005,
03000000,
00000700,
00060000,
00060000,
01000600,
00000000,
00000006,
00000200,
02000000,
01000000,
00000600,
0000000e,
00000000,
00000000,
00000000,
00000005,
03000000,
00000800,
00070000,
00060002,
01000700,
00000000,
00000005,
00000200,
03000000,
00000000,
00000400,
0000000d,
00000000,
00000000,
00000000,
00000006,
03000000,
00000700,
00080000,
00060102,
01000700,
00000000,
00000005,
00000300,
03000300,
00000000,
00000400,
0002000b,
01000000,
00000000,
00000000,
00000306,
02000000,
00000200,
00080000,
00060000,
01000600,
00000100,
00000004,
00030400,
00000000,
00000004,
00000400,
00000008,
00000000,
00000001,
00000000,
00000004,
02010000,
00000000,
00090000,
00040000,
00000300,
00000100,
00000003,
00000400,
01000000,
00000004,
00000300,
00000007,
00000000,
00000000,
00000000,
00000007,
04010000,
00000200,
00080000,
00040001,
00000500,
00000000,
00000001,
00020600,
01000000,
00000000,
00000400,
00000008,
00000000,
00000003,
00000000,
00000006,
01000000,
00000000,
00080000,
00080002,
00000600,
00000000,
00000002,
00010900,
01000000,
00000002,
00000300,
00000007,
00000000,
00000001,
00000000,
00000005,
00000000,
00000000,
00040000,
000c0000,
00000500,
00000000,
00000500,
00010c00,
00000000,
00000004,
00000500,
0001000a,
00000000,
00000000,
00000000,
00000000,
00000000,
00000000,
00030000,
000d0000,
00000100,
00000000,
00000600,
00000b00,
01000000,
00000008,
00000300,
00000009,
00000000,
00000000,
00000000,
00000302,
00030000,
00000000,
00030000,
000c0000,
00000200,
00000000,
00000300,
00010700,
00000000,
0000000c,
00000300,
00000007,
00000000,
00000000,
00000000,
00000202,
00040000,
00000000,
01020000,
00090000,
00000300,
00000000,
00000000,
00000400,
00000000,
0000000d,
00000200,
00000005,
00000000,
00000000,
00000000,
00000201,
00050000,
00000000,
01010000,
01050000,
00010400,
00000000,
00000000,
00010000,
00000000,
0000000a,
00000100,
00000003,
00000000,
02000000,
01000000,
00000102,
00040000,
00000000,
01010000,
01030000,
00010300,
00000000,
00000000,
00010000,
00000100,
00000007,
00000000,
00000003,
00000000,
01000000,
02000000,
01000402,
01030000,
00000000,
00020000,
00020000,
00000300,
01000100,
00000000,
00020000,
00000400,
00000007,
00000002,
00000003,
00000000,
02000000,
03000000,
03000302,
01030000,
00000000,
00040000,
00040001,
00000300,
04000300,
00000000,
02010000,
00040500,
00000008,
00000002,
00000003,
00000000,
03000000,
03000000,
05000402,
02030000,
00010000,
00030000,
00040000,
00000300,
05000400,
00000000,
02000000,
00060400,
01000005,
00000004,
00000003,
00000000,
02000000,
03000000,
04000503,
01020000,
00010000,
00020000,
00040000,
00000400,
05000400,
00000100,
02000000,
00050400,
01000004,
00000003,
00000004,
00000000,
02000000,
02000000,
05000604,
01010000,
00010000,
00020000,
00050000,
00000400,
04000400,
00000000,
02000000,
00040300,
00000004,
00000000,
00000004,
00000000,
04000000,
03000000,
05000305,
00040000,
00010000,
00020000,
00030000,
00000500,
05000000,
00000000,
00000001,
00030304,
00000003,
00000000,
00000005,
00000000,
03000000,
04000000,
03000204,
01040000,
00010000,
03020000,
00000000,
00000500,
03000000,
00000000,
00000001,
00010204,
00000001,
00000000,
01000007,
00000000,
05000000,
01000000,
03000304,
05000000,
00000001,
05010000,
00000000,
00000000,
00000000,
00000000,
00000002,
00000300,
00000000,
00000000,
00000109,
01000000,
06000000,
00000000,
04000105,
04000000,
00000001,
03030000,
00030000,
01000000,
00000000,
00000000,
00000002,
00000300,
00000003,
00000000,
00000008,
00000000,
03000000,
00000000,
07000106,
00000000,
00000002,
00010000,
000a0002,
00000000,
00000000,
00000200,
00000000,
00000200,
01000007,
00000000,
00000006,
00000000,
01000000,
00000000,
05000306,
00030000,
00000001,
00000000,
00090002,
00000000,
00020300,
01000000,
00000100,
00010300,
01000006,
00000002,
00000003,
00000000,
03000000,
02000001,
04000305,
00030000,
00020000,
00030000,
00050000,
00000300,
00000300,
00000000,
01000000,
00030500,
01000004,
00000004,
00000003,
00000000,
02000000,
03000001,
05000505,
01040000,
00030000,
01050000,
00030000,
00000500,
02000400,
00000000,
02010000,
00040500,
01000004,
00000003,
00000002,
00000000,
02000000,
03000001,
04000406,
01040000,
00030001,
00050000,
00040000,
01000300,
02000400,
00000200,
03000000,
00040500,
02000004,
00000002,
00000003,
00000000,
03000000,
03000001,
04000206,
02030000,
00040000,
00040000,
00040000,
01000300,
02000500,
00000200,
02010000,
00030500,
03000003,
00000003,
00000003,
00000000,
02000000,
02000001,
03000405,
00040000,
00030100,
01030000,
00030000,
00000400,
02000500,
00000300,
01020000,
00050500,
03000003,
00000003,
00010003,
00000000,
00000000,
02000000,
01000404,
00040000,
00040100,
02030000,
00020000,
00000500,
02000400,
00000100,
01030001,
01040300,
00000003,
00000001,
00000002,
00000000,
01000000,
01000000,
03000404,
01040000,
00050000,
02040000,
01020000,
00000400,
02000300,
00000100,
03030002,
02050200,
03000002,
00000001,
00030002,
00000000,
00000000,
01000000,
02000304,
00050000,
00060000,
01020000,
04020000,
00000500,
01000100,
00000000,
01030002,
04010000,
03000003,
00000000,
00040002,
00000200,
00000000,
01000000,
01000001,
01030000,
00070000,
02010000,
05000000,
00000500,
00000000,
00000000,
02020000,
02000000,
00000003,
00000000,
00010000,
00000000,
00000000,
02000000,
00000100,
00050000,
00080000,
02000000,
02040000,
00020000,
00000000,
00000000,
00000003,
06010003,
00000000,
02000007,
02000000,
00000500,
02000200,
00030000,
02000100,
00000300,
00090000,
00040400,
00000000,
00030800,
00000000,
00030000,
00000000,
02050600,
00000301,
00000102,
00030000,
03000900,
03000100,
00000000,
00000600,
02060000,
010f0000,
010a0407,
09010000,
00000003,
00000000,
00020000,
030e0000,
02000000,
0000000a,
00000002,
00010000,
00000300,
05000000,
01000001,
01000002,
00030000,
000a0000,
02090000,
00000001,
00000800,
05000000,
00000000,
00000000,
02040600,
00000003,
00000002,
00000001,
00000000,
01000000,
00000000,
02000403,
03040000,
00050000,
00080000,
00030000,
02000500,
02000300,
00000100,
01020000,
01040600,
00000004,
00000103,
00000001,
00000000,
00000000,
00000000,
03000403,
03020000,
00030000,
00070000,
00020000,
00000500,
02000400,
00000300,
01020000,
00020400,
00000005,
00000004,
00000002,
00000000,
03000000,
02000001,
04000504,
02030000,
00030000,
01070000,
00030000,
00000300,
03000500,
00000100,
02020000,
00010300,
00000005,
00000003,
00000002,
00000000,
03000000,
02000001,
03000304,
03040000,
00020000,
00070000,
00030000,
00000400,
04000400,
00000000,
02030000,
00030000,
00000003,
00000004,
00000002,
00000000,
04000000,
00000003,
04000006,
03010000,
00000000,
00050000,
00040000,
01000400,
03000300,
00000100,
00020000,
00000100,
00000000,
00010003,
01000003,
01000000,
00000000,
00000004,
02000007,
00010000,
00000000,
00020000,
00060000,
01000400,
00000100,
00020500,
00000000,
00000400,
00000003,
00010000,
00040003,
02000000,
00000000,
00000000,
00000303,
00020000,
00000002,
00000003,
03030000,
01000000,
00000100,
00000100,
00010000,
00000900,
00000006,
00000000,
00050001,
00000000,
03000000,
00000000,
00000101,
04060000,
00010001,
00000003,
03000000,
00000000,
03000200,
00000000,
00000000,
00010801,
00000005,
00000000,
00020001,
00000000,
03000000,
02000000,
00000103,
02040000,
00030000,
02010000,
00000000,
00000300,
07000200,
00000000,
01000000,
00020701,
00000004,
00000002,
00010002,
00000000,
03000000,
05000000,
02000304,
03020000,
00020000,
02020000,
00010000,
00000500,
06000400,
00000000,
02010001,
00020500,
00000003,
00000003,
00000002,
00000000,
02000000,
04000001,
02000304,
02030000,
00020000,
01010000,
00020000,
00000400,
05000500,
00000000,
01020002,
00030600,
00000004,
00000004,
00000002,
00000000,
00000000,
03000000,
02000603,
01040000,
00010000,
01020000,
00020000,
00000500,
05000600,
00000000,
02020000,
00010500,
00000008,
00000004,
00000002,
00000000,
01000000,
03000000,
01000503,
02040000,
00000000,
00030000,
00020000,
00000400,
04000400,
00000000,
02020000,
00000300,
00000005,
00000002,
00000003,
00000000,
01000000,
03000000,
00000203,
02020000,
00000000,
02030000,
00040000,
00000500,
04000300,
00000000,
00030000,
00000000,
00000004,
00000203,
00000003,
00000000,
01000000,
01000001,
00000003,
04030000,
00000000,
00020000,
00060000,
00000300,
04000200,
00000400,
00010000,
00000000,
02000002,
00000404,
00000004,
00000000,
00000000,
00000000,
00000005,
02010200,
00000000,
00060000,
000a0000,
00000300,
03000100,
00000400,
00000600,
00000000,
00000000,
00010405,
00000003,
00000000,
00000000,
00000000,
00000005,
00000200,
00000000,
00080000,
00090000,
00000200,
00000000,
00000300,
00020e00,
00000000,
00000000,
00010402,
00010003,
00000000,
00000000,
00000000,
00000003,
00000000,
00000000,
000a0000,
00040000,
02000100,
00000100,
00000000,
00020c00,
01000100,
00000000,
00010401,
00000003,
00000000,
00000000,
00020000,
00000009,
01010000,
00000000,
00080000,
00020002,
04000300,
00000000,
00000000,
00030600,
03000300,
00010000,
00000302,
00010006,
03000000,
00000000,
00070000,
0000000c,
00020000,
00000000,
00050000,
00000001,
02000000,
00000000,
00000000,
00050203,
02000400,
00000000,
00000300,
00000006,
00000000,
00000000,
000a0000,
0000000b,
00010000,
00000100,
00030000,
00000001,
02000100,
00000000,
00000000,
00060003,
04000500,
00000000,
00000200,
02030005,
00000000,
00000000,
00060000,
0000000a,
00000000,
00000200,
00010000,
00000003,
03000100,
02000500,
00010000,
000b0001,
04030402,
00000003,
00010200,
02000004,
00000000,
00000000,
00030000,
00000008,
03000000,
00000100,
00000000,
00000005,
00000100,
02000800,
00000000,
00070000,
02060507,
00000001,
00000200,
05000003,
00000000,
02000000,
00000000,
00000308,
08010000,
00000000,
00020000,
00000001,
00000000,
00000700,
00000000,
00070000,
00080208,
01000002,
00010200,
00000004,
00000000,
03000000,
00000002,
00000009,
06030000,
00000001,
00010000,
00000002,
00000000,
05000700,
00000000,
02020000,
03080309,
01000004,
00000000,
03000005,
00000000,
0b000000,
00000001,
0000000a,
07000000,
00000101,
00000000,
00000001,
00000000,
07000700,
00000000,
01020003,
0207020a,
01000002,
00000200,
00000007,
00000000,
06000000,
00000000,
0000000a,
08000000,
00000200,
00000000,
00000002,
00000000,
06000800,
00000002,
00010001,
0207020b,
01000002,
00000300,
00000008,
00000000,
04000000,
00000000,
00000007,
07000000,
00000100,
00000000,
00000000,
00000000,
06000800,
00000004,
00010000,
0208010b,
01000001,
00000300,
00000008,
00000000,
06000000,
00000000,
00000007,
08000000,
00000200,
00000000,
00000000,
00000000,
08000800,
00000003,
00010000,
0208020b,
00000000,
00000300,
00000008,
00000000,
05000000,
00000000,
0000010a,
08000000,
00000301,
00000000,
00000002,
00000000,
05000900,
00000003,
00010002,
0004030a,
00000000,
00000400,
00000009,
00000000,
01000000,
00000000,
0000080a,
08000000,
00000101,
00020000,
00000001,
00000000,
01000800,
00000001,
00040003,
00040207,
00000001,
00000300,
00000007,
00000000,
02000000,
00000000,
00000009,
08020000,
00000001,
00040000,
00000000,
00000000,
01000600,
00000000,
00040000,
01040007,
00000003,
00000400,
05000005,
00000000,
04000000,
00020002,
0000000a,
07030000,
00000101,
00030000,
00000000,
00000000,
00000500,
00000000,
00040002,
01020006,
00000000,
00000700,
02000008,
00000000,
00000000,
00040004,
0000000f,
04020000,
00000000,
00040000,
00000002,
00000000,
00000000,
00000000,
00060003,
01000002,
00000000,
00000500,
01000006,
00000000,
01000000,
00070000,
00000010,
04000000,
00000200,
00030000,
00000004,
00000000,
00000200,
00000000,
00050004,
01000000,
00000000,
00000200,
0000000d,
00000000,
00000000,
00030000,
0000000c,
01000000,
00000000,
00080000,
00000002,
00000000,
00000300,
00000001,
00040000,
03000000,
00000001,
00000000,
0000000d,
02000000,
00000000,
00010000,
0000000a,
00000000,
01000000,
00080000,
00000003,
00000000,
00000000,
00000001,
00030000,
04000000,
00000005,
00000000,
0000000d,
03000000,
00000002,
00000000,
00000008,
03000000,
03000000,
02080000,
00020005,
00000200,
00000000,
00000005,
00030600,
03000000,
00000005,
00000300,
0000000b,
01000000,
00000008,
00000000,
00000007,
00000000,
01000000,
01060000,
00090001,
00000400,
00000000,
00000005,
00000e00,
03000000,
00000007,
00000300,
0003000c,
00000000,
00000000,
00000000,
00000002,
00030000,
00000000,
00050000,
00090000,
00000200,
00000000,
00000004,
00020d00,
00000000,
00000009,
00000500,
0002000a,
00000000,
00000000,
00000000,
00000401,
00040000,
00000000,
02050000,
02060000,
00000300,
00000000,
00000200,
00040800,
00000000,
00000010,
00000300,
00010009,
00000000,
00000000,
00000000,
00000002,
00040000,
00000000,
01040000,
02060000,
00000100,
00000000,
00000000,
00030200,
00000000,
0000000c,
00000100,
00000005,
00000000,
04000000,
01000000,
00000102,
02040000,
00000000,
01030000,
00040000,
00000000,
00000000,
00000000,
00010000,
00000200,
00000007,
00000000,
00000004,
00000000,
02000000,
01000002,
02000302,
02040000,
00000000,
00020000,
00040000,
00000200,
01000100,
00000000,
01000000,
00020400,
00000006,
00000003,
00000003,
00000000,
01000000,
03000000,
05000503,
01030000,
00000000,
00030000,
00030000,
00000200,
03000300,
00000000,
02000000,
00030400,
01000005,
00000003,
00000003,
00000000,
03000000,
03000000,
05000405,
01020000,
00010000,
01020000,
00050000,
00000300,
03000300,
00000000,
02000000,
00040300,
01000003,
00000001,
00000004,
00000000,
02000000,
02000000,
04000505,
00030000,
00010000,
01040000,
00030000,
00000400,
03000100,
00000000,
01000001,
00060200,
00000005,
00000001,
00000003,
00000000,
04000000,
03000000,
05000304,
00050000,
00020000,
03030000,
00010000,
00000500,
04000000,
00000000,
00010003,
00030404,
00000003,
00000000,
01000006,
00000000,
05000000,
01000000,
02000205,
02030000,
00020000,
03020000,
00000000,
00000300,
03010000,
00000000,
01000002,
00010200,
00000000,
00000000,
01000207,
01000000,
05000000,
00000000,
03000205,
03000000,
00000002,
03020000,
00000000,
00000000,
00000000,
00000000,
00000002,
00000400,
00000003,
00000000,
00000009,
00000000,
02000000,
00000000,
06000306,
01000000,
00000002,
01030000,
00070001,
00000000,
00010000,
00000000,
00000000,
00000200,
00000005,
00000002,
00000006,
00000000,
01000000,
01000001,
06000306,
00030000,
00000002,
00030000,
00090003,
00000000,
00040200,
00000000,
00000000,
00010200,
01000005,
00000004,
00000005,
00000000,
03000000,
02000001,
04000307,
01040000,
00020001,
02060000,
00060000,
00000200,
00020300,
00000000,
00000000,
00010200,
00000004,
00000003,
00000004,
00000000,
01000000,
03000003,
04000308,
00040000,
00030001,
01060000,
00040000,
02000200,
01000300,
00000200,
02000102,
00010400,
02000007,
00000001,
00000004,
00000000,
03000000,
02000001,
02000307,
01030000,
00030001,
02040000,
00040000,
00000300,
01000400,
00000200,
02020002,
00030500,
02000005,
00000001,
00000003,
00000000,
04000000,
02000000,
02000305,
00040000,
00020100,
03030001,
00020000,
00000400,
02000400,
00000101,
01020001,
00030500,
02000003,
00000002,
00000003,
00000000,
00000000,
01000000,
01000403,
00040000,
00030100,
01030000,
00020000,
00000600,
03000300,
00000000,
01020001,
01040300,
00000004,
00000002,
00000002,
00000000,
00000000,
02000000,
02000503,
00030000,
00040000,
02030000,
00010000,
00000700,
02000300,
00000000,
03040001,
02030200,
02000002,
00000002,
00010002,
00000000,
00000000,
01000000,
02000204,
00050000,
00050100,
02020000,
02020000,
00000400,
00000200,
00000000,
02020002,
03030000,
04000000,
00000001,
00040001,
00000200,
00000000,
02000000,
02000203,
00050000,
00070100,
03030001,
06010000,
00000300,
00010100,
00000000,
01030002,
01000000,
00000003,
00000000,
00010000,
00000000,
00000000,
03000000,
00000300,
01040000,
00080000,
02000000,
02040000,
00000000,
00000000,
00000000,
00010002,
05010002,
00000003,
02000008,
02000000,
00000400,
04000200,
00020000,
03000001,
00000300,
000a0100,
01060600,
00000000,
00020700,
00000000,
00040000,
01000001,
02070800,
00010300,
00000201,
00040000,
04000800,
03000100,
00000000,
00000600,
03070000,
00100000,
000a0507,
08020000,
00000003,
00000000,
00000002,
030d0000,
02000300,
0000000a,
00000001,
00030000,
00000100,
06000000,
01000000,
01000003,
00040000,
00090000,
00090000,
00010000,
00000700,
06000100,
00000100,
00000000,
01040700,
00000004,
00000001,
00010000,
00000000,
04000000,
00000000,
03000303,
05030000,
00040000,
00070100,
00020000,
01000400,
03000300,
00000300,
02020000,
00020500,
00000004,
00000102,
00000002,
00000000,
02000000,
01000000,
03000503,
03030000,
00020000,
01060000,
00020000,
00000500,
03000400,
00000200,
02020000,
00000400,
01000005,
00000004,
00000002,
00000000,
02000000,
01000000,
03000403,
03020000,
00010000,
01070000,
00030000,
00000500,
03000500,
00000000,
02020000,
00000300,
00000005,
00000105,
00000000,
00000000,
01000000,
02000002,
03000504,
06020000,
00000000,
02080000,
00040000,
00000200,
02010400,
00000100,
01020000,
00000300,
00010004,
00010408,
00000000,
00000000,
09000002,
00000002,
00000006,
09000000,
00000000,
03050000,
00020000,
03020000,
00000500,
00000300,
00030000,
01000000,
00000001,
00030704,
00000100,
06000000,
00000004,
00000000,
00000005,
00000000,
00000000,
03000000,
00020000,
06050000,
00000000,
00000000,
00000300,
01000000,
0000000c,
00010200,
00030100,
01000000,
00000000,
00000000,
00000602,
00000000,
00000000,
01000006,
05010000,
06030000,
00000000,
00000000,
00000800,
00000503,
00000008,
00000000,
03050003,
00000100,
02000000,
00000001,
00000000,
09040000,
00000100,
00000003,
06000000,
00020000,
00030000,
00000000,
00000000,
00000700,
00000004,
00000000,
00010002,
00000000,
04000000,
04000000,
01000003,
02040000,
00030000,
01000000,
00020000,
00000400,
06000300,
00000000,
01000001,
00010600,
00000004,
00000002,
00000002,
00000000,
02000000,
03000000,
02000303,
02030000,
00020000,
01020000,
00020000,
00000600,
06000600,
00000000,
01020001,
00000400,
00000006,
00000003,
00000003,
00000000,
01000000,
04000000,
01000403,
01040000,
00000000,
02030000,
00030000,
00000500,
05000400,
00000000,
01020000,
00000200,
00000004,
00000103,
00000003,
00000000,
00000000,
03000000,
00000302,
02030000,
00000000,
02050000,
00050000,
00000500,
03000200,
00000200,
01040000,
00000000,
00000003,
00000304,
00000002,
00000000,
01000000,
00000002,
00000005,
04010200,
00000000,
01050000,
00080000,
00000100,
02000000,
00000300,
00020300,
00000000,
00000000,
00000206,
00000003,
00000000,
00000000,
00000000,
00000006,
00000100,
00000000,
01080000,
000a0000,
00000100,
01000000,
00000200,
00020c00,
00000000,
00000000,
00000308,
00000002,
00000000,
00000000,
00000000,
00000006,
00000000,
00000001,
00090000,
00040001,
02000000,
00000300,
00000100,
00030d00,
01000200,
01010000,
00010307,
00000005,
02000000,
00000000,
00060000,
0000000a,
00010000,
00000200,
00070000,
00000003,
02000100,
00000300,
00000000,
00040600,
03000900,
00000000,
00020201,
00000003,
01000000,
00000000,
00070000,
0000000a,
04020000,
00000300,
00050000,
00000003,
06000100,
00000600,
00000000,
00060001,
02020905,
00000000,
00010000,
03020003,
01000000,
00000000,
00030000,
0000030a,
06030000,
00000002,
00030000,
00000000,
03000000,
04000900,
00000000,
00050000,
010a0708,
00000002,
00020100,
05000002,
00000000,
02000000,
00000000,
00000008,
09040000,
00000001,
00010000,
00000002,
00000000,
03000600,
00000000,
00030000,
000e070d,
00000000,
00010200,
04000000,
00000000,
00000000,
00010000,
00000008,
0a060000,
00000000,
00010000,
00000000,
00000000,
08000700,
00000000,
00030004,
0011070b,
00000000,
00000500,
01020000,
00000000,
02000000,
00000000,
00000204,
08070000,
00000000,
00010400,
00000000,
00000400,
0a000500,
00000000,
02030004,
00120707,
00000000,
00000500,
01020000,
00000000,
07000000,
00000000,
00000805,
07050000,
00000000,
00010800,
00000000,
00010600,
0b000200,
00000000,
03040004,
02110603,
00000000,
00000500,
00000001,
00000000,
05000000,
02000000,
00000304,
05020000,
00000000,
00000300,
00000000,
00000400,
0b000400,
00000000,
01020001,
000e0703,
00000005,
00000300,
00000001,
00000000,
04000000,
06000000,
03000505,
06030000,
00000000,
00000000,
00000000,
00000400,
0a000400,
00000000,
01010001,
000d0604,
00000002,
00000300,
00000002,
00000000,
06000000,
08000000,
01000105,
04060000,
00000000,
00000100,
00000000,
00000400,
0d000300,
00000000,
02020002,
010b0403,
00000005,
00000300,
00000002,
00000000,
09000000,
08000000,
00000007,
04060000,
00000000,
00000000,
00000000,
00000500,
0f000300,
00000000,
01010004,
000a0303,
00000004,
00000500,
00000204,
00000000,
09000000,
08000000,
00000007,
02040000,
00000000,
00000000,
00000000,
00000500,
0f000300,
00000000,
01010003,
01090204,
00000003,
00000400,
00000205,
00000000,
09000000,
07000000,
00000105,
01050000,
00000000,
00000000,
00000000,
00000500,
0f000300,
00000001,
01020002,
01080203,
00000003,
00000400,
00000204,
00000000,
09000000,
07000000,
00000005,
02040000,
00000000,
00000000,
00000000,
00000600,
0e000300,
00000001,
00020002,
00080303,
00000004,
00000400,
00000204,
00000000,
08000000,
07000000,
00000006,
02050000,
00000000,
00000000,
00000000,
00000500,
0c000300,
00000000,
00010003,
000a0306,
00000002,
00000300,
00000104,
00000000,
06000000,
09000000,
00000407,
03070000,
00000000,
00000100,
00000000,
00000300,
0b000200,
00000000,
01020005,
010b0404,
00000000,
00000500,
00000102,
00000000,
07000000,
08000000,
00000406,
04060000,
00000000,
00000000,
00000000,
00000300,
0a000200,
00000000,
01020004,
010c0202,
00000003,
00000300,
00000002,
00000000,
06000000,
05000000,
00000007,
04080000,
00000000,
00000000,
00000000,
00000300,
0a000300,
00000000,
00000004,
000d0207,
01000004,
00000400,
00000001,
00000000,
07000000,
00000001,
00000006,
060b0000,
00000000,
00000000,
00000000,
00000400,
0b000400,
00000000,
00000007,
000e020d,
00000000,
00000400,
03000000,
00000000,
09000000,
00000001,
00000006,
090b0000,
00000000,
00000100,
00000000,
00000300,
0a000600,
00000000,
0302000a,
010c0010,
00000000,
00000400,
00000004,
00000000,
06000000,
00000000,
00000109,
05080000,
00000000,
00000000,
00000000,
00000100,
04010300,
00000000,
02010006,
050b000c,
00000000,
00000100,
00000008,
00000000,
06000000,
00010000,
00000009,
02030000,
00000000,
00010000,
00000000,
00000200,
00000000,
00000000,
00020005,
0504000d,
00000000,
00000200,
0400000a,
01000000,
04000000,
00050000,
0000000c,
04010000,
00000001,
00020000,
00000004,
00000000,
00000000,
00000000,
00060005,
06020007,
00000000,
00000400,
0000000b,
01000000,
00000000,
00060000,
0000000f,
02000000,
00000000,
00050000,
00000005,
00000000,
00000000,
00000000,
00040005,
06000004,
00000000,
00000000,
00000011,
01000000,
00000000,
00050000,
0000000d,
00000000,
03000000,
00090000,
00000009,
00000000,
00000000,
00000002,
00070004,
05000000,
00000000,
00000100,
00020012,
04000000,
00000000,
00010000,
00000209,
00000000,
04000000,
010b0000,
00000007,
00000100,
00000000,
00000005,
00050200,
02000000,
02000008,
00000000,
00020010,
03000000,
00000004,
00000000,
00000007,
01000100,
02000000,
02090000,
00060005,
00000300,
00000000,
00000007,
00040900,
01000000,
0000000b,
00000300,
0003000e,
00000000,
00000000,
00000000,
00000002,
00030000,
01000000,
03070000,
00090000,
00000200,
00000000,
00000003,
00050c00,
00000000,
0000000f,
00000400,
0002000c,
00000000,
00000000,
00000000,
00000100,
00040000,
00000000,
04050000,
00070000,
00000000,
00000000,
00000000,
00030600,
00000000,
0000000f,
00000200,
00000007,
00000000,
00000000,
00000000,
00000202,
00050000,
00000000,
03030000,
00050000,
00000200,
00000000,
00000000,
00020000,
00000000,
0000000b,
00000000,
00000004,
00000000,
03000000,
02000000,
00000103,
02030000,
00000000,
00020000,
00040000,
00000100,
00000000,
00000000,
00010000,
00000200,
00000007,
00000001,
00000004,
00000000,
03000000,
02000000,
03000203,
02030000,
00000000,
00030000,
00040000,
00000200,
00000200,
00000000,
01000000,
00020300,
01000004,
00000003,
00000004,
00000000,
02000000,
03000000,
04000505,
00030000,
00020000,
01040000,
00040001,
00000300,
02000300,
00000000,
01000001,
00040301,
00000005,
00000000,
00000003,
00000000,
04000000,
03000000,
05000204,
01050000,
00030000,
01040000,
00010000,
00000400,
05000000,
00000000,
02010002,
00030404,
00000003,
00000000,
00000004,
00000000,
04000000,
02000000,
02000303,
00050000,
00010000,
02030100,
00000000,
00000500,
04010000,
00000000,
01000001,
00020302,
00000000,
00000000,
01000006,
00000000,
04000000,
00000000,
05000304,
05000000,
00010002,
02040000,
00000000,
00000000,
00000000,
00000000,
00000000,
00000300,
00000001,
00000001,
00000006,
00000000,
03000000,
01000000,
07000306,
02000000,
00000002,
01060000,
00070000,
01000000,
00000000,
00000000,
00000000,
00000100,
01000003,
00000003,
00000006,
00000000,
02000000,
02000001,
07000309,
00040000,
00010001,
01060000,
00090001,
01000000,
00050200,
00000000,
00000000,
00000100,
00010003,
01000002,
00000004,
01000000,
02000000,
03000002,
03000209,
00050100,
00020002,
02070000,
02050000,
02000200,
00010200,
00000000,
00000301,
00000400,
01000006,
00000000,
00020004,
00000000,
03000000,
02000000,
02000306,
01040000,
00030002,
02060002,
01030000,
00000300,
00000200,
00000002,
01020003,
00030500,
02000006,
00000000,
00010003,
00000000,
05000000,
02000000,
02000304,
01050000,
00030000,
02040001,
00010000,
00000500,
02000300,
00000001,
02030001,
00030500,
01000003,
00000002,
00000003,
00000000,
02000000,
01000000,
02000403,
01040000,
00030000,
01030000,
00020000,
00000600,
03000300,
00000000,
01020001,
00030500,
00000003,
00000002,
00000002,
00000000,
00000000,
02000000,
03000503,
00040000,
00030000,
01040000,
00010000,
00000700,
01000200,
00000000,
02030001,
01030300,
02000003,
00000002,
00000002,
00000000,
00000000,
01000000,
03000303,
00040000,
00040100,
02030000,
01020000,
00000500,
00000300,
00000000,
02030001,
02040200,
04000000,
00000002,
00030001,
00000300,
00000000,
04000000,
03000203,
02050000,
00060000,
02030000,
04030000,
00000400,
00000100,
00000000,
02030001,
01000000,
00000001,
00000000,
00020000,
00000000,
00000000,
04000000,
00000500,
01040000,
00090000,
01000300,
03050000,
00000000,
00000000,
00000000,
00030002,
05000003,
00000002,
03000006,
03000000,
00000500,
06000100,
00020000,
03000001,
00000400,
000b0200,
00060700,
00000000,
00020800,
00000000,
00050000,
03000001,
02060800,
00000303,
00000101,
00050000,
03000700,
05000000,
00000000,
00000600,
04070000,
000f0000,
00080208,
08030000,
00000002,
00000200,
00000001,
040c0000,
02000200,
0000000a,
00000000,
00030000,
00000000,
06000000,
02000002,
00000003,
00030000,
00090000,
00070000,
00020000,
00000500,
07000300,
00000200,
00000001,
00020400,
00000005,
00000000,
00000001,
00000000,
03000000,
01000000,
02000303,
04020000,
00020000,
01050000,
00030000,
00000200,
05000500,
00000100,
01030000,
00010300,
00000004,
00000005,
00000001,
00000000,
02000000,
00000001,
03000402,
02020000,
00000000,
01060000,
00040000,
00000400,
04000500,
00000000,
01030000,
00000000,
00000003,
00000107,
00000000,
00000000,
01000000,
00000001,
04000203,
01020000,
00000000,
02070000,
00050000,
00000300,
03000500,
00000100,
00030000,
00000300,
00010005,
00000008,
00000000,
00000100,
01000000,
00000003,
01000304,
06020300,
00000000,
03080000,
00040000,
01020000,
00050600,
00000200,
00030000,
00000300,
00070000,
0000070f,
00000100,
01000000,
02000000,
00020002,
00000008,
04000100,
02000000,
000a0200,
00000000,
06080000,
00000800,
00000000,
00000400,
0f000000,
00030000,
00010000,
00000000,
00030000,
00000007,
00030700,
0000000d,
00000000,
02000000,
00010000,
00000000,
08110503,
00000000,
00000000,
00000d00,
10000002,
00020501,
00010000,
00000100,
00000000,
00000000,
00000000,
00000905,
00000000,
02000000,
00000000,
00000003,
00040201,
00000000,
00000000,
00000e00,
02000300,
0000000e,
00000000,
00050000,
00000000,
02000000,
00000000,
00000000,
05000000,
00020100,
00000000,
06000000,
00000000,
00020400,
00000000,
00000000,
00000400,
00000007,
00000001,
00010001,
00000000,
03000000,
03000001,
00000004,
01040000,
00000100,
02010000,
00020000,
00000400,
06000400,
00000100,
01000002,
00000100,
00000004,
00000103,
00000004,
00000000,
01000000,
03000001,
00000004,
02040000,
00000000,
03040000,
00040000,
00000500,
06000400,
00000300,
01030000,
00000000,
00000000,
00000207,
00000003,
00000000,
00000000,
00000001,
00000006,
03020300,
00000001,
02070000,
00070000,
00000200,
01000100,
00000500,
00020500,
00000000,
00000000,
00010307,
00000003,
03000000,
00000000,
00000000,
00000006,
01000300,
00000000,
010b0000,
00060000,
00000100,
00000100,
00000000,
00030b00,
00000300,
00000000,
00000307,
00000001,
00000000,
00000000,
00030000,
00000008,
00030000,
00000001,
00060000,
00000000,
04000000,
00000300,
00000000,
00030700,
02010800,
00000000,
00020005,
00000001,
02000000,
00000000,
00080000,
0000000c,
01040000,
00000000,
00050000,
00000002,
04000100,
01000600,
00000000,
00070005,
00030904,
00000000,
00030105,
03020001,
00000000,
00000000,
00040000,
00000309,
07050000,
00000002,
00030000,
00000000,
05000000,
02000900,
00000000,
00060000,
000a090a,
01000002,
00040200,
05010000,
00000000,
02000000,
00000000,
00000006,
0a040000,
00000002,
00030000,
00000002,
00000000,
08000800,
00000001,
03040002,
000f0a08,
00000001,
00000300,
03020000,
00000000,
03000000,
00000000,
00000305,
0d040000,
00000000,
00030500,
00000000,
00000200,
0b000600,
00000000,
06040003,
000c0908,
00000000,
00000500,
00020000,
00000000,
03000000,
04000000,
00000705,
0b000001,
00000000,
00020600,
00000000,
00000200,
0c000300,
00000000,
05040000,
02090805,
01000002,
00000500,
00000000,
00000000,
05000000,
08000000,
00000005,
05030000,
00000000,
00000100,
00000000,
00000500,
0a000200,
00000000,
03030000,
01070604,
00000001,
00000300,
00000001,
00000000,
06000000,
08000000,
00000206,
04030000,
00000000,
00000000,
00000000,
00000400,
08000400,
00000000,
01030002,
00010500,
00000000,
00000302,
00000003,
00000000,
02000000,
07000000,
02000405,
01040000,
00000000,
00000000,
00010000,
00000400,
07000600,
00000000,
02030000,
00000400,
00000006,
00000005,
00000003,
00000000,
02000000,
04000000,
02000505,
01050000,
00000000,
00030000,
00040000,
00000300,
05000600,
00000100,
00000000,
00000400,
01000004,
00000004,
00000002,
00000000,
01000000,
05000001,
03000405,
01040000,
00020000,
00040000,
00040000,
00000300,
04000600,
00000000,
01010000,
00000501,
01000006,
00000003,
00000002,
00000000,
01000000,
05000001,
03000505,
01040000,
00010000,
00040000,
00050000,
00000300,
03000600,
00000000,
01000001,
00010501,
00000005,
00000004,
00000002,
00000000,
02000000,
05000001,
03000605,
02040000,
00020000,
00040000,
00040000,
00000300,
03000600,
00000000,
02000001,
00010500,
00000005,
00000004,
00000002,
00000000,
01000000,
05000002,
05000505,
01050000,
00020000,
00040000,
00040000,
00000400,
03000700,
00000000,
01000001,
00030500,
01000005,
00000003,
00000002,
00000000,
01000000,
04000001,
04000503,
00050000,
00020000,
00040000,
00030000,
00000500,
03000500,
00000000,
01010000,
00050500,
01000005,
00000003,
00000002,
00000000,
00000000,
03000000,
04000503,
00050000,
00010000,
00040000,
00030000,
00000700,
03000500,
00000000,
01000000,
00040500,
01000005,
00000004,
00000002,
00000000,
00000000,
02000000,
04000503,
00040000,
00010000,
00040000,
00030000,
00000700,
03000500,
00000100,
00000000,
00030500,
01000005,
00000004,
00000002,
00000000,
00000000,
03000000,
04000503,
01040000,
00010000,
00040000,
00030000,
00000700,
03000400,
00000000,
01010000,
00020500,
01000007,
00000003,
00000002,
00000000,
01000000,
04000000,
03000603,
02040000,
00010000,
00050000,
00040000,
00000600,
03000400,
00000000,
01010000,
00040500,
00000005,
00000004,
00000002,
00000000,
01000000,
04000001,
04000604,
02040000,
00020000,
00040000,
00030000,
00000500,
03000500,
00000000,
01010000,
00040400,
02000003,
00000003,
00000002,
00000000,
01000000,
04000000,
04000406,
01040000,
00010000,
00040000,
00040000,
00000700,
04020400,
00000000,
01000000,
00040300,
00000004,
00000000,
00000003,
00000000,
02000000,
04000000,
01000206,
01040000,
00000000,
00020000,
00040000,
00000700,
05000300,
00000000,
00000001,
01030300,
00000006,
00000200,
00000002,
00000000,
04000000,
05000000,
00000207,
00050000,
00000000,
00000000,
00040000,
00010700,
07000300,
00000000,
01000001,
01020200,
00000004,
00000300,
00000004,
00000000,
06000000,
04000000,
00000407,
00070000,
00000000,
00000000,
00010000,
00000400,
08000000,
00000000,
00000003,
03010000,
00000002,
00000200,
00000005,
00000000,
06000000,
04000000,
00000006,
00070000,
00000000,
00000000,
00000000,
00000500,
07000000,
00000000,
00000004,
010a0000,
00000005,
00000400,
01000006,
00000000,
08000000,
00000000,
00000002,
01090000,
00000000,
00000200,
00000000,
00010500,
06000000,
00000000,
00000006,
030c0005,
00000000,
00000600,
02000004,
00000000,
08000001,
00000000,
00000002,
050b0000,
00000000,
00000000,
00000000,
00000500,
0a000000,
00000000,
00000007,
060b000e,
00000000,
00000100,
06000005,
00000000,
09000000,
00000000,
00000006,
07070003,
00000100,
00000000,
00000000,
00000200,
02000000,
00000000,
02000009,
0709000f,
00000000,
00000100,
0100000d,
00000000,
04000000,
00010000,
00000508,
02030001,
00000001,
00020000,
00000000,
00000100,
00000000,
00000003,
00040007,
0406000b,
01000000,
00000200,
0000000e,
01000000,
04000000,
00030000,
0000000d,
02000000,
01000002,
00060000,
00000006,
00000000,
00000000,
00000005,
0006000a,
04000002,
00000000,
00000000,
00010010,
04000000,
02000000,
00030000,
0000000e,
00000000,
03000000,
02090000,
00000007,
00000000,
00000000,
00000005,
00070006,
02000000,
00000006,
00000100,
00030010,
06000000,
00000001,
00010000,
00000009,
02000200,
03000000,
050c0000,
00000004,
00000000,
00000000,
00000008,
00030101,
00000000,
0000000c,
00000400,
00010010,
04000000,
00000004,
00000000,
00000005,
00000000,
00000000,
04080000,
00090001,
00000300,
00000000,
00000007,
00020900,
00000000,
00000011,
00000600,
0004000d,
00000000,
00000000,
00000000,
00000000,
00000000,
00000000,
05030000,
00090000,
00000000,
00000000,
00000000,
00050701,
00000000,
00000016,
00000300,
0000000b,
00000000,
00000000,
00000000,
00000001,
01030000,
00000000,
02000000,
04060100,
00030000,
00000000,
00000000,
00030401,
00000000,
0000000d,
00000100,
01000006,
00000000,
04000000,
00000000,
00000202,
04030000,
00000100,
00020000,
01040000,
00020000,
00000000,
00000000,
02010000,
00020300,
00000006,
00000000,
00000004,
00000000,
03000000,
03000000,
04000304,
04030000,
00000000,
00030000,
00040000,
00000200,
03000200,
00000000,
04000001,
00030400,
00000004,
00000001,
00000004,
00000000,
04000000,
03000000,
04000504,
01040000,
00020000,
00050000,
00030000,
00000500,
04000100,
00000000,
01010001,
00030301,
00000004,
00000002,
00000004,
00000000,
02000000,
03000000,
04000304,
02040000,
00020000,
02050000,
00000000,
00000300,
02020000,
00000000,
00000000,
00000301,
00000004,
00000001,
02000003,
00000000,
02000000,
02000003,
04000405,
06000000,
00000001,
04050000,
00010000,
00000000,
00020000,
00000000,
01000000,
00000100,
00000000,
00000004,
00000005,
00000000,
04000000,
00000002,
03000009,
06000100,
00000001,
02060000,
00060000,
01000000,
00000000,
00000000,
00000002,
00000000,
00020000,
00000000,
00000006,
05000000,
00000000,
00000000,
0100000a,
00020200,
00000001,
01040000,
00090000,
01000000,
00000000,
00000200,
00010501,
00000100,
00000008,
00000100,
00050006,
01000000,
03000000,
02000000,
00000305,
04050000,
00000202,
00040003,
08050000,
00000100,
00000000,
00000002,
00010500,
00000400,
01000007,
00000000,
00020004,
00000000,
04000000,
03000000,
01000303,
03050000,
00030101,
01040001,
02020000,
00000300,
00020300,
00000000,
01000002,
00040500,
01000004,
00000002,
00000003,
00000000,
04000000,
01000000,
02000303,
02040000,
00030000,
01040000,
00020000,
00000500,
03000400,
00000000,
01030000,
00060500,
00000003,
00000002,
00000003,
00000000,
02000000,
01000000,
02000403,
01040000,
00030000,
00040000,
00030000,
00000700,
02000400,
00000100,
01030001,
01040400,
01000004,
00000002,
00000002,
00000000,
01000000,
01000000,
03000403,
01040000,
00030000,
01030000,
00010000,
01000500,
01000300,
00000100,
02030001,
02040200,
04000002,
00000002,
00010001,
00000200,
00000000,
01000000,
04000301,
00040000,
00060100,
01020000,
02020000,
00000600,
00000200,
00000000,
02020000,
00000100,
00000002,
00000000,
00000000,
00000000,
00000000,
03000000,
00000600,
01030000,
00090000,
00000000,
02050000,
00010200,
01000000,
00000000,
00020001,
04010002,
00000002,
03000007,
03000000,
00000400,
06000100,
00010000,
04000101,
00000400,
000b0200,
00050600,
01000000,
00020900,
00000000,
00050000,
02000000,
02050b00,
00000305,
00000100,
00050000,
02000800,
06000000,
00000000,
00000500,
05050000,
000f0000,
00070309,
08030000,
00000002,
00000300,
00000000,
040c0000,
01000200,
0000000a,
00000000,
00020000,
00000300,
07000000,
02000002,
00000000,
01010000,
00070000,
02060000,
00010001,
00000700,
07000300,
00000100,
00000000,
00000400,
00000005,
00000104,
00000001,
00000000,
00000000,
01000001,
02000402,
04010000,
00000000,
01050200,
00030000,
00000500,
04000400,
00000000,
00040000,
00000000,
00000000,
00000207,
00000001,
00000000,
00000000,
00000002,
00000005,
01020100,
00000000,
02080000,
00060000,
00000400,
03030400,
00000000,
00020000,
00000000,
00020000,
00000006,
00000000,
02000000,
00000000,
00000002,
00000005,
00010300,
00000000,
00080000,
00050000,
00010100,
00030400,
00000000,
00020500,
00000400,
00060004,
00000105,
00000000,
00000100,
00000000,
00000001,
01000203,
07010300,
00000000,
00090000,
00010000,
03040000,
00060400,
00000000,
00020100,
00000000,
00060000,
0003000b,
00000400,
01040600,
00000000,
00000001,
0000000e,
00030000,
02000000,
00040800,
01000000,
070f0000,
00000800,
00000000,
00000300,
15000008,
00040700,
00070000,
00000500,
01050000,
00000000,
00000e04,
00000018,
00000000,
03000000,
00000000,
00000000,
04150003,
00000400,
03000000,
00000100,
10000005,
00030700,
00090000,
00000700,
01000000,
00000000,
00000100,
0000070b,
00000000,
03040000,
00000000,
00000002,
00070002,
00020000,
00000000,
00000000,
00000000,
0000000f,
00030000,
00050000,
00000000,
01000000,
00000000,
00000000,
04000000,
00020200,
03000000,
03000005,
00000000,
01030100,
00000000,
00000000,
00000000,
00000002,
00000005,
00000001,
00000000,
01000000,
00000001,
00000005,
01020000,
00000000,
04050000,
00060000,
00000000,
04000200,
00000500,
00000400,
00000000,
00000000,
00000209,
00000003,
00000000,
00000000,
00000000,
00000007,
00010200,
00000001,
02090000,
00060000,
00000100,
00000300,
00000000,
00040c00,
00000300,
00000000,
00000308,
00000002,
00000000,
00000000,
00040000,
00000008,
01040000,
00000300,
00070000,
00000000,
03000100,
00000400,
00000000,
00050601,
01030a02,
00000001,
00020005,
01020000,
02000000,
01000000,
00050000,
00000109,
04060000,
00000000,
00050000,
00000001,
03000100,
02000800,
00000000,
00070002,
00050909,
00000002,
00020200,
04020000,
00000000,
01000000,
00010001,
00000007,
09060000,
00000003,
00030000,
00000001,
00000000,
07000800,
00000001,
01040000,
000d0a0a,
00000002,
00000300,
05040000,
00000000,
03000000,
01000000,
00000207,
0c030001,
00000001,
00050800,
00000000,
00000200,
09000500,
00000000,
05020004,
000a0a07,
00000000,
00000500,
00010000,
00000000,
04000000,
05000000,
01000603,
09000000,
00000000,
00020700,
00000000,
00000300,
0a000400,
00000000,
05040001,
00070905,
01000001,
00000400,
00000001,
00000000,
05000000,
07000000,
00000203,
04020000,
00000000,
00010000,
00010000,
00000400,
08000400,
00000000,
04040000,
00030700,
00000001,
00000102,
00000002,
00000000,
03000000,
05000000,
01000505,
02040000,
00000000,
00010000,
00020000,
00000400,
07000500,
00000000,
02030000,
00020500,
00000004,
00000004,
00000002,
00000000,
01000000,
04000001,
03000505,
02040000,
00010000,
00040000,
00030000,
00000500,
04000500,
00000000,
01020000,
00030400,
00000005,
00000004,
00000002,
00000000,
00000000,
03000000,
03000403,
01040000,
00010000,
00030000,
00030000,
00000600,
04000500,
00000000,
00010000,
00020400,
01000006,
00000004,
00000002,
00000000,
01000000,
03000000,
03000403,
00030000,
00010000,
00040000,
00040000,
00000600,
02000600,
00000100,
00010000,
00010400,
01000003,
00000005,
00000003,
00000000,
00000000,
04000001,
03000604,
01040000,
00020000,
00040000,
00030000,
00000400,
03000600,
00000000,
01010000,
00000400,
01000006,
00000003,
00000003,
00000000,
01000000,
05000000,
02000504,
01030000,
00020000,
01050000,
00040000,
00000300,
03000500,
00000000,
02020001,
00000500,
01000006,
00000003,
00000003,
00000000,
01000000,
04000000,
03000504,
01030000,
00020000,
00040000,
00040002,
00000500,
03000500,
00000000,
01010000,
00000400,
00000006,
00000003,
00000003,
00000000,
01000000,
05000000,
03000504,
01040000,
00020000,
00040000,
00040002,
00000500,
03000500,
00000000,
01010000,
00000400,
01000006,
00000004,
00000003,
00000000,
01000000,
05000000,
03000605,
01040000,
00020000,
00040000,
00040002,
00000500,
02000600,
00000000,
01010000,
00000401,
00000005,
00000004,
00000003,
00000000,
01000000,
05000001,
03000405,
01040000,
00020000,
00040000,
00040002,
00000400,
02000600,
00000000,
01010000,
00000400,
00000004,
00000003,
00000003,
00000000,
01000000,
05000001,
04000404,
02040000,
00020000,
00050000,
00040001,
00000400,
02000600,
00000000,
01000000,
00000400,
01000004,
00000004,
00000003,
00000000,
01000000,
05000000,
03000504,
01050000,
00020000,
00050000,
00040000,
00000400,
02000600,
00000000,
01000000,
00010400,
01000004,
00000004,
00000002,
00000000,
01000000,
04000001,
04000505,
01050000,
00020000,
00050000,
00040000,
00000400,
02000500,
00000100,
01000000,
00020500,
01000005,
00000003,
00000002,
00000000,
01000000,
04000000,
04000504,
01050000,
00020000,
00050000,
00030000,
00000500,
03010500,
00000000,
01010000,
00030500,
01000006,
00000003,
00000002,
00000000,
01000000,
03000000,
03000503,
01040000,
00010000,
00050000,
00040000,
00000500,
03000500,
00000100,
00010000,
00020400,
01000005,
00000005,
00000002,
00000000,
01000000,
03000001,
04000504,
01030000,
00020000,
00050000,
00040000,
00000500,
03000600,
00000100,
01010000,
00020300,
01000004,
00000005,
00000002,
00000000,
00000000,
03000001,
05000405,
01040000,
00020000,
00040000,
00040000,
00000400,
02000500,
00000100,
01000000,
00020400,
01000004,
00000004,
00000002,
00000000,
00000000,
02000000,
03000504,
01040000,
00020000,
00050000,
00050000,
00000500,
02000500,
00000000,
01010000,
00000500,
00000007,
00000002,
00000001,
00000000,
00000000,
02000000,
02000503,
02040000,
00000000,
01060000,
00030000,
00000200,
02010400,
00000000,
01010000,
00000000,
00000006,
00000004,
00000000,
00000000,
05000000,
00000003,
00000000,
06000000,
00000000,
07030000,
00030000,
00010000,
05000600,
00000000,
00000000,
01000000,
00000006,
00000301,
00000000,
00000000,
00000006,
00000000,
00000000,
00000000,
00000000,
08000000,
00090201,
00010000,
03000200,
00000000,
00000e00,
01000000,
0000000a,
00000500,
00020009,
00000001,
00000006,
00000000,
00000000,
00000000,
00000000,
05000000,
000e0202,
00010000,
04000000,
00000101,
00000d00,
03000000,
0000000b,
00000900,
00030009,
00000000,
02000000,
00000000,
00000000,
00000000,
00000600,
01000000,
050b0100,
00050000,
06000000,
00000300,
00000900,
06000000,
00000006,
00000900,
00000008,
00000000,
05000000,
00000000,
00000001,
00000000,
00000800,
00000000,
03060000,
00030300,
05000000,
00000000,
00000302,
04000000,
00000004,
00000600,
00000008,
00000000,
04000000,
00000000,
00000001,
00080000,
00000000,
00000000,
00020000,
00000500,
05000000,
00000000,
00000006,
000a0004,
00000004,
00000600,
02000005,
00000000,
09000000,
00000001,
00000002,
000c0002,
00000000,
00000200,
01000000,
00000400,
06000000,
00000001,
0001000a,
030b000e,
00000000,
00000100,
04000005,
00000000,
0a000000,
00000000,
00000006,
050a0002,
00000000,
00000000,
00000000,
00000100,
00000000,
00000000,
00020009,
03080010,
00000000,
00000500,
00000106,
00000000,
07000000,
00030002,
00000109,
07030001,
01000001,
00060000,
00000000,
00000000,
00000000,
00000002,
00020006,
02010002,
00000000,
00000000,
00000309,
02000000,
04000000,
00020003,
0000000f,
05000000,
02000000,
00090000,
00000000,
00000000,
00000000,
00000009,
00040006,
05000000,
06020000,
00010000,
00020010,
05000001,
00000004,
00010000,
00000008,
00000600,
06000000,
00030000,
00010000,
00000105,
00000000,
0000000a,
00070f00,
01000000,
0000000f,
00000000,
00070011,
04000002,
00000000,
00000000,
00000000,
00000500,
00000000,
00020000,
00080400,
00000003,
00000000,
00000009,
00081600,
00000000,
00000011,
00000200,
0004000d,
00000000,
00000000,
00000000,
00000400,
00010000,
00000000,
02000000,
03080000,
00000000,
00000000,
00000001,
00030900,
00000000,
0000000e,
00000100,
00000008,
00000000,
01000000,
00000000,
00000000,
00040000,
00000000,
02020000,
00080000,
00000000,
00000000,
00000000,
00010100,
00000000,
00000009,
00000000,
00000005,
00000000,
03000000,
01000000,
01000404,
02030000,
00000000,
01040000,
00050000,
00000200,
00010000,
00000000,
01010000,
00010300,
00000006,
00000002,
00000004,
00000000,
03000000,
03000000,
05000403,
02030000,
00010000,
00060000,
00030000,
00000200,
02010000,
00000000,
02010000,
00000400,
0000000b,
00000002,
00000000,
00000000,
03000000,
02000001,
04000301,
08000000,
00000000,
04090000,
00000000,
00020000,
00040100,
00000000,
00000000,
00000000,
00000001,
00000005,
00000000,
00000000,
07000003,
00000002,
00000008,
04000000,
00000000,
04040000,
00000000,
03060000,
00000000,
00020000,
00000000,
06000000,
00040000,
00000000,
00000307,
06000000,
00000008,
00000000,
00000009,
00000100,
00000000,
02000000,
00060000,
03030100,
00000000,
00000000,
00000a00,
02000000,
00000011,
01000000,
0005020e,
06000000,
00000002,
00000000,
00000305,
02020000,
00000002,
01010005,
0c050000,
00000000,
00040000,
00000002,
00000900,
00000200,
0000000b,
00000200,
00040005,
00000100,
04000000,
01000001,
00000002,
04060000,
00000302,
00020003,
07020000,
00000000,
00070000,
00000001,
00000100,
00000400,
00000007,
00000000,
00000003,
00000000,
03000000,
02000000,
01000303,
01050000,
00030000,
01030000,
00010000,
00000400,
03000300,
00000000,
02010001,
00040500,
01000005,
00000001,
00000003,
00000000,
02000000,
01000000,
02000304,
02040000,
00020000,
00030000,
00010000,
00000500,
03000400,
00000000,
02020001,
00050400,
01000005,
00000003,
00000002,
00000000,
01000000,
01000000,
03000503,
01040000,
00020000,
01020000,
00010000,
00000400,
01000500,
00000000,
02020002,
02050300,
03000002,
00000002,
00000001,
00000100,
00000000,
00000000,
04000402,
00040000,
00050000,
01010000,
00020000,
00000600,
01000300,
00000000,
03020000,
00010201,
00000002,
00000000,
00000000,
00000000,
00000000,
03000000,
01000600,
01030000,
00080000,
00000000,
00040000,
00010100,
01000000,
00000000,
00010002,
03020102,
01000001,
03000009,
02000000,
00000200,
05000100,
00010000,
05000103,
00000300,
000a0300,
00060400,
00000000,
00010700,
00000000,
00050000,
02000001,
01050a00,
01010203,
00000100,
00040000,
00000800,
06000100,
00000000,
00000500,
05040000,
000e0000,
00060109,
08040000,
00000001,
00000200,
00000201,
040d0000,
00000000,
00000009,
00000002,
00000000,
00000600,
07000000,
01000001,
00000000,
00020000,
00050000,
04060000,
00030000,
00000900,
06000200,
00000200,
00000000,
00000100,
00000000,
0000030b,
00000000,
00000200,
00000000,
00000001,
00000004,
03010400,
00000001,
00070000,
00050000,
00010300,
00030600,
00000000,
00010100,
00000400,
00030000,
00010107,
00000000,
02000100,
02000000,
00000002,
00000007,
00010100,
00000000,
00080000,
00020000,
04020000,
00010300,
00000000,
00000600,
00000a00,
00070000,
00010000,
00040000,
00000000,
06000000,
00000000,
00000005,
02000000,
00000000,
00090001,
00000000,
04020000,
00000400,
00000200,
00020000,
00000300,
00080000,
00000000,
00000000,
00000000,
00000000,
00000000,
00000008,
0a000500,
02000001,
00090100,
00010000,
01060000,
00000000,
00000000,
00010000,
01000000,
00040000,
0003000b,
00000100,
02060400,
00000000,
00000100,
0000000b,
00000300,
04000000,
00020500,
00030000,
04110000,
00000200,
00000000,
00000900,
0d000005,
00000d00,
000f0000,
00000700,
00020000,
00000005,
00000c00,
0000000c,
00000000,
020a0000,
00010000,
00000000,
0c090000,
00000000,
0b020000,
00000100,
07000100,
01001000,
02090000,
00000400,
03000000,
00000000,
00000000,
00000004,
00000000,
030f0000,
00000000,
07000001,
00010000,
00030000,
00020000,
00000000,
00000000,
00000005,
00030000,
00040000,
00000000,
03000000,
00000002,
00000004,
00000000,
01060000,
06040004,
02010001,
00000000,
03020000,
00000100,
00000500,
00000100,
00000002,
00010105,
00030002,
00000000,
00000000,
00040002,
00000008,
00040000,
00000401,
02070000,
00000001,
00000100,
00000400,
00000000,
00040602,
00020801,
00000001,
00020004,
01030001,
02000000,
00000000,
00040000,
00000009,
03050000,
00000001,
00060000,
00000001,
03000200,
02000700,
00000000,
00070004,
00080a08,
00000003,
00020100,
03030000,
00000000,
00000000,
00000000,
00000205,
08050000,
00000001,
00030200,
00000001,
00000100,
07000700,
00000001,
03060001,
000c0c09,
00000003,
00000200,
03020000,
00000000,
02000000,
03000000,
00000604,
0b020000,
00000000,
00050600,
00000000,
00000500,
0a000500,
00000000,
06040001,
00070a05,
00000000,
00000400,
00000001,
00000000,
05000000,
05000000,
01000303,
08010000,
00010000,
00020300,
00000000,
00000500,
09000400,
00000000,
05040000,
00040803,
00000001,
00000101,
00000000,
00000000,
04000000,
06000000,
02000404,
05020000,
00020000,
00000000,
00000000,
00000600,
06000400,
00000000,
02030001,
00020703,
00000003,
00000003,
00000001,
00000000,
03000000,
05000002,
03000504,
03030000,
00020000,
01010000,
00010000,
00000500,
04000500,
00000000,
02020001,
00040600,
02000004,
00000004,
00000002,
00000000,
01000000,
04000000,
04000504,
01040000,
00020000,
00030000,
00010001,
00000700,
03000600,
00000000,
02010001,
00030600,
01000005,
00000003,
00000002,
00000000,
01000000,
04000000,
03000604,
02040000,
00020000,
00040000,
00040000,
00000400,
03000600,
00000000,
01010001,
00010501,
00000005,
00000003,
00000002,
00000000,
02000000,
04000002,
04000404,
01050000,
00020000,
00040000,
00030000,
00000400,
02000500,
00000000,
01000001,
00020400,
00000004,
00000004,
00000003,
00000000,
00000000,
04000001,
04000504,
00050000,
00020000,
00040000,
00030000,
00000500,
02000500,
00000000,
00000000,
00010300,
01000005,
00000004,
00000002,
00000000,
00000000,
04000000,
04000503,
00040000,
00020000,
00050000,
00030000,
00000700,
02000500,
00000000,
00010000,
00000500,
01000004,
00000005,
00000002,
00000000,
00000000,
04000000,
03000704,
01040000,
00020000,
00050000,
00030000,
00000500,
02000500,
00000000,
01010000,
00000600,
00000004,
00000003,
00000002,
00000000,
01000000,
04000000,
03000603,
01040000,
00020000,
00050000,
00030000,
00000500,
02000500,
00000000,
01020000,
00010400,
00000005,
00000003,
00000002,
00000000,
02000000,
03000000,
02000502,
01030000,
00020000,
01040000,
00030000,
00000600,
03000500,
00000000,
00010000,
00010400,
00000005,
00000003,
00000002,
00000000,
01000000,
02000000,
03000502,
00030000,
00020000,
00030000,
00040000,
00000600,
03000500,
00000000,
00010000,
00010400,
00000005,
00000004,
00000003,
00000000,
01000000,
02000000,
03000503,
00030000,
00020000,
00030000,
00040000,
00000600,
03000500,
00000000,
00000000,
00010500,
01000005,
00000003,
00000002,
00000000,
01000000,
04000000,
03000504,
01040000,
00020000,
00040000,
00030000,
00000600,
02000500,
00000000,
00010000,
00000502,
00000005,
00000004,
00000002,
00000000,
01000000,
05000000,
03000604,
02040000,
00020000,
01040000,
00020001,
00000600,
01000400,
00000000,
01010000,
00000501,
00000005,
00000004,
00000003,
00000000,
02000000,
05000001,
03000504,
02030000,
00020000,
00040000,
00020001,
00000500,
01000500,
00000000,
02010001,
00000500,
01000004,
00000004,
00000003,
00000000,
01000000,
05000000,
03000504,
02030000,
00020000,
01040000,
00030003,
00000400,
02000500,
00000000,
02020001,
00000500,
00000004,
00000003,
00000003,
00000000,
01000000,
04000001,
03000505,
02040000,
00020000,
00050000,
00040001,
00000400,
02000500,
00000000,
01010001,
00010400,
01000005,
00000004,
00000003,
00000000,
01000000,
04000000,
03000604,
01050000,
00020000,
01050000,
00030000,
00000500,
03000600,
00000000,
01020000,
00010300,
01000005,
00000005,
00000002,
00000000,
01000000,
03000000,
03000504,
01030000,
00020000,
01060000,
00030000,
00000400,
02000500,
00000100,
02010000,
00010400,
01000005,
00000004,
00000002,
00000000,
01000000,
04000001,
04000405,
01030000,
00020000,
01050000,
00030000,
00000300,
02000500,
00000000,
02020000,
00010400,
02000005,
00000004,
00000002,
00000000,
01000000,
03000000,
03000404,
01040000,
00010000,
01070000,
00030000,
00000500,
02000400,
00000000,
02020000,
00000300,
00000005,
00000004,
00000000,
00000000,
00000000,
02000000,
03000304,
03030000,
00010000,
02080000,
00030000,
00000000,
00010400,
00000000,
01020000,
01000000,
00000000,
00000006,
00000000,
00000000,
03000000,
0002000c,
00000000,
03000000,
01000000,
04050000,
02000000,
00040300,
00000a00,
00000000,
00020400,
02000000,
00020000,
00010002,
00000000,
00000000,
00000000,
000a0006,
00000000,
00000000,
03000000,
00000000,
0000020d,
00020400,
00000300,
00080004,
00000a00,
00050000,
00040001,
00000000,
0000000b,
00000109,
00000102,
000e0000,
00000000,
00000000,
00000000,
00000000,
00050010,
00000303,
0b000400,
00000203,
00000000,
00050000,
00000006,
00000600,
00090010,
00000609,
00000700,
00070100,
00000100,
00000000,
00000300,
01000000,
080f0100,
00000b00,
01000300,
00000d00,
00000000,
00000000,
00000106,
00000800,
00050011,
00000205,
00000400,
00030000,
00000300,
00000000,
00000400,
05000000,
0c130502,
00000700,
00000100,
00001102,
00010700,
00000000,
00000009,
00000a00,
0005000f,
00000001,
00000001,
00010000,
00000000,
00000200,
00000400,
04000000,
0a150300,
00010000,
00000000,
00000f04,
00010900,
00000000,
0000000d,
00000900,
0004000c,
00000000,
02000000,
00000000,
00000000,
00000000,
00000600,
03000000,
0a0f0100,
00020100,
01000000,
00000603,
00010d01,
01000000,
0000000e,
00000900,
00020009,
00000000,
04000000,
00000000,
00000000,
00000000,
00000200,
00000000,
04080000,
00030000,
01000000,
00000002,
00000805,
00000000,
0000000d,
00000400,
00000005,
00000000,
08000000,
00000001,
00000000,
02070000,
00000000,
00000000,
00010000,
00040000,
02000000,
00000000,
00000007,
00020008,
00000000,
00000000,
06000200,
00000000,
0b000000,
0000000f,
00000010,
000c0001,
00000001,
00000000,
08000000,
02020000,
00000000,
00000001,
0000000f,
0a000000,
00040000,
00000000,
00000502,
08070400,
00000000,
00060807,
00070013,
00000501,
03000003,
00000000,
00000100,
00040004,
00000000,
00000000,
000b010b,
03000000,
00000000,
00000000,
0000060d,
10000002,
00000000,
00010000,
00000007,
00000000,
04000002,
00000000,
00000405,
0000000c,
00000000,
0000000f,
00110701,
00000000,
00000003,
00030000,
0000000f,
04000000,
00000000,
00000000,
00000002,
00000000,
00000002,
08000002,
00050307,
0000000e,
00000000,
00000307,
00030800,
00000000,
0000000c,
00000000,
0004000f,
02000000,
01000000,
00000000,
00000000,
00000000,
00000000,
03000000,
000b0500,
00000005,
00000000,
00000307,
00030a00,
00000000,
00000008,
00000000,
00000009,
00000000,
00000000,
00000000,
00000500,
00000000,
00000000,
04000000,
00080100,
00000000,
00000000,
00000100,
00000b00,
00000000,
0000000d,
00000100,
00000007,
00000000,
04000000,
00000000,
00000500,
00010000,
00000000,
01000000,
00060000,
00010000,
00000000,
00000000,
00000400,
00000200,
00000009,
00000003,
00000000,
00000000,
03000000,
00000001,
05000003,
07000000,
00000000,
00070000,
00020000,
00050000,
00030400,
00000000,
00000000,
04000008,
02000000,
00000004,
00000000,
00000000,
00000000,
00000000,
0000000c,
00000000,
04000000,
00080000,
00000000,
030f0400,
00000300,
00020000,
00000100,
1600000b,
00060700,
00020000,
00000200,
01050000,
00000006,
00030c00,
00000013,
00000000,
05000000,
00000000,
00000000,
03090900,
00000000,
00000000,
00000400,
09000000,
0001000e,
00000200,
0003050b,
06000000,
00000000,
00000000,
00000406,
00000000,
01000000,
00000802,
0b000000,
00000000,
00000000,
00000000,
00000001,
00000000,
00000011,
00000200,
00050008,
00000100,
00000000,
00000001,
00000000,
04050000,
00000000,
00020303,
0c000000,
00000000,
00090000,
00000000,
00000001,
00000200,
00000008,
00000000,
00020003,
00000000,
03000000,
01000000,
00000102,
01050000,
00020000,
01020000,
03020000,
00000400,
03010400,
00000000,
01010000,
00000400,
00000006,
00000000,
00010002,
00000000,
02000000,
01000000,
01000303,
01040000,
00020000,
00030000,
00020000,
00000500,
02000400,
00000000,
00020000,
00040500,
01000005,
00000002,
00000002,
00000000,
01000000,
02000000,
03000502,
00040000,
00020000,
00020000,
00010000,
00000500,
01000300,
00000000,
02020001,
01050400,
02000004,
00000003,
00000001,
00000000,
00000000,
01000000,
05000401,
00040000,
00040000,
00000000,
00020000,
00000600,
02000300,
00000000,
02010000,
00020301,
00000004,
00000000,
00000000,
00000000,
00000000,
03000000,
02000500,
02030000,
00070000,
01000000,
00050000,
00010200,
01000100,
00000000,
00000001,
03010005,
02000000,
03000009,
03000000,
00000100,
05000000,
00010000,
05000205,
00000400,
00090300,
01050500,
00000000,
00010600,
00000000,
00030000,
02000003,
00030800,
00010103,
00010300,
00040100,
02000700,
06000000,
00000001,
00000500,
05050000,
000c0000,
0107000a,
06030000,
00000001,
00000200,
00000203,
030c0000,
00000000,
00000004,
00010008,
00000000,
00000400,
05000000,
00000002,
00000006,
01010400,
00020000,
04080000,
00030000,
00000100,
03000500,
00000000,
00000000,
00000600,
00050000,
0002000b,
00000000,
06000300,
00000000,
00000001,
00000009,
00000500,
00000000,
00050000,
00030000,
06040000,
00000600,
00000000,
00020700,
02030f00,
00060000,
00060000,
00070000,
01000000,
02000000,
00000000,
00000005,
03020000,
00000000,
00030000,
00000000,
03020000,
08000700,
00000400,
00030000,
00010b07,
00000000,
00000100,
03020000,
00000000,
08000000,
00000000,
00000003,
08000000,
00000001,
00030000,
00000000,
00050000,
06030700,
00000000,
00010000,
00050004,
02010000,
00000000,
06000005,
00000000,
07000000,
00000000,
04000009,
01000000,
00000000,
00020100,
00000000,
000a0000,
00000000,
00000000,
00000000,
04090000,
00080000,
03040000,
05000000,
03090700,
00000000,
00000800,
0100000d,
00000000,
03000000,
00000000,
00040000,
060d0000,
00000000,
00010000,
00000000,
08010000,
00000f00,
030a0000,
02000000,
02000000,
00000208,
00000b01,
0000000a,
00000000,
00050000,
00000000,
01070000,
0f070000,
00000000,
05040100,
00000000,
05000500,
00000b00,
04090000,
00000000,
04000000,
00000000,
00020001,
00000004,
00000000,
02100002,
00000003,
08000004,
00000000,
000b0000,
00020000,
00000000,
00000600,
00000005,
00030000,
00080000,
02000000,
0a000000,
00060000,
00000005,
01030000,
00070000,
02020004,
02000001,
00000000,
04000100,
00000000,
00000001,
00060906,
00000005,
00010100,
04060000,
00000000,
05000000,
00020000,
00000004,
06070000,
00010000,
00040400,
00000001,
00000100,
06000500,
00000000,
03050003,
00090b09,
00000002,
00000200,
03030000,
00000000,
03000000,
03000000,
00000404,
0a030000,
00010000,
00050600,
00000000,
00000300,
08000400,
00000000,
07040002,
00060903,
00000002,
00000300,
00010001,
00000000,
04000000,
04000000,
01000502,
07010000,
00020000,
00020200,
00000000,
00000500,
07000400,
00000000,
05040000,
00030600,
00000003,
00000001,
00000002,
00000000,
03000000,
03000000,
02000502,
03020000,
00020000,
00020000,
00010000,
00000600,
06000500,
00000100,
02030000,
00030600,
00000005,
00000004,
00000002,
00000000,
01000000,
03000000,
03000503,
02030000,
00020000,
00000000,
00020000,
00000500,
06000600,
00000100,
02010000,
00040700,
00000007,
00000004,
00000002,
00000000,
02000000,
02000000,
03000504,
01030000,
00020000,
00020000,
00030000,
00000600,
05000500,
00000000,
02000001,
00040502,
00000006,
00000004,
00000002,
00000000,
02000000,
04000001,
04000504,
01040000,
00020000,
00020000,
00020000,
00000600,
04000500,
00000000,
02000001,
00030502,
01000004,
00000005,
00000002,
00000000,
01000000,
05000001,
04000505,
02040000,
00020000,
00030000,
00020000,
00000600,
02000600,
00000000,
03000001,
00020602,
01000005,
00000003,
00000002,
00000000,
01000000,
05000000,
04000505,
02040000,
00020000,
00040000,
00020000,
00000400,
01000500,
00000000,
02000002,
00020603,
00000005,
00000003,
00000002,
00000000,
02000000,
05000001,
04000505,
02040000,
00030000,
00040000,
00030001,
00000500,
02000400,
00000000,
02010001,
00010503,
00000004,
00000004,
00000002,
00000000,
02000000,
05000001,
04000505,
02050000,
00020000,
00040000,
00020000,
00000600,
01000500,
00000000,
01010001,
00020501,
01000003,
00000004,
00000002,
00000000,
01000000,
04000001,
04000504,
02040000,
00020000,
01050000,
00020000,
00000600,
01000600,
00000000,
01010001,
00010500,
00000003,
00000004,
00000002,
00000000,
00000000,
04000000,
03000504,
02040000,
00020000,
00040000,
00040000,
00000500,
01000500,
00000100,
01020000,
00000400,
00000004,
00000003,
00000001,
00000000,
00000000,
02000000,
03000503,
00030000,
00020000,
01040000,
00040000,
00000500,
02000400,
00000000,
01020000,
00020500,
00000004,
00000003,
00000001,
00000000,
01000000,
02000000,
03000502,
00040000,
00030000,
00030000,
00030000,
00000600,
03000400,
00000000,
01010000,
00020600,
00000004,
00000003,
00000002,
00000000,
01000000,
01000001,
03000402,
00040000,
00020000,
00030000,
00030000,
00000600,
03000500,
00000000,
00010000,
00020600,
00000004,
00000003,
00000002,
00000000,
01000000,
01000000,
03000503,
00030000,
00010000,
00030000,
00030000,
00000600,
03000400,
00000000,
00000000,
00030600,
01000005,
00000003,
00000001,
00000000,
01000000,
03000000,
03000504,
01030000,
00020000,
00040000,
00030000,
00000600,
02000400,
00000000,
00000000,
00040601,
00000006,
00000004,
00000002,
00000000,
02000000,
04000001,
04000503,
02040000,
00020000,
00030000,
00030000,
00000600,
03000500,
00000000,
01000001,
00050501,
00000004,
00000003,
00000001,
00000000,
02000000,
04000001,
04000503,
02040000,
00020000,
00030000,
00020000,
00000500,
03000500,
00000100,
01000001,
00040500,
01000003,
00000003,
00000002,
00000000,
01000000,
03000000,
04000503,
01030000,
00020000,
00030000,
00020000,
00000500,
03000600,
00000000,
01010001,
00020500,
00000003,
00000004,
00000002,
00000000,
00000000,
04000000,
03000504,
01040000,
00020000,
00040000,
00030000,
00000500,
02000500,
00000000,
01010000,
00010500,
00000004,
00000004,
00000002,
00000000,
01000000,
04000001,
03000604,
01050000,
00020000,
00050000,
00030000,
00000500,
01000400,
00000000,
01020001,
00020500,
00000004,
00000004,
00000002,
00000000,
02000000,
04000000,
03000504,
01040000,
00030000,
01060000,
00030000,
00000400,
01000400,
00000000,
01020000,
00030400,
00000004,
00000004,
00000002,
00000000,
02000000,
03000001,
04000404,
01040000,
00030000,
01060000,
00040000,
00000300,
02000400,
00000000,
01020000,
00040400,
01000005,
00000003,
00000002,
00000000,
02000000,
02000000,
05000504,
01040000,
00020000,
00070000,
00030000,
00000300,
02020400,
00000000,
02020000,
00030400,
00000008,
00000005,
00000000,
00000000,
03000000,
02000001,
03000702,
04040000,
00030000,
01080000,
00030000,
00000000,
00030500,
00000000,
00020000,
00000000,
00000000,
0300000b,
00000000,
00000000,
05000000,
00050011,
00000000,
00030005,
01010000,
00000400,
00000000,
01040500,
00000900,
00030100,
00000000,
000f0000,
00010000,
00090006,
00000300,
00000002,
00000007,
00000014,
00000000,
00000000,
03060000,
00000000,
00000000,
00000b00,
02000e00,
000f0407,
00000000,
00120000,
00000000,
00000000,
00000000,
0001000a,
00000003,
00000007,
07000000,
00000700,
05000000,
00000000,
00000000,
00000000,
09001000,
00000906,
00000000,
00240000,
00010000,
00000000,
0009000d,
0000000a,
00000700,
00000000,
02000000,
00000600,
00000300,
00000000,
00000000,
00000a00,
00000600,
0000040e,
00000000,
00230000,
01020000,
00000000,
00090011,
0000030a,
00000500,
00040000,
00000100,
00000300,
00000300,
00000000,
00000000,
00001000,
00000203,
0000050a,
00000000,
00190000,
01040000,
00000000,
000b0014,
00000209,
00000200,
000a0000,
00000100,
00000500,
00000000,
00000000,
02020200,
00000800,
00000000,
00000a05,
00010000,
00110000,
00040004,
00000000,
00090015,
00000309,
00000400,
000a0000,
00000000,
00000200,
00000000,
00000000,
090a0100,
00000800,
00000000,
00000a02,
00000000,
00060000,
00000006,
00000100,
00090013,
00000009,
00000300,
00050000,
00000100,
00000000,
00000000,
05000000,
0b100000,
00020900,
00000000,
00000800,
00010200,
00000000,
00000013,
00000300,
0001000a,
00000002,
00000000,
00000000,
00000c00,
00000000,
01000000,
07000000,
0c110001,
00060100,
00000000,
00000800,
00020600,
00000000,
00000011,
00000000,
00000103,
00000000,
0b000000,
00000005,
00000004,
00080300,
00000000,
00000000,
0b000000,
07040000,
00000000,
00000000,
00000607,
00040000,
00000000,
05010000,
03000000,
00030001,
00000007,
00080303,
000a0007,
00080403,
01000000,
00000300,
09000000,
00000000,
00000000,
000a0000,
0000000c,
01000000,
00000000,
07030000,
00000000,
0e000003,
00000000,
00090000,
000d0002,
0000040c,
01000002,
00000000,
04000500,
00020000,
00000000,
00060000,
000f0000,
00000000,
00000000,
00060000,
00070103,
0d000003,
00000000,
00040000,
00000000,
06000206,
03000006,
01000000,
00000f01,
00000006,
00000100,
00000005,
000e0f03,
00000000,
00000000,
00000000,
00000008,
01000006,
04000000,
00000000,
00000000,
00000000,
01000004,
02000000,
00010801,
00060009,
00000f00,
00000009,
00041800,
00000000,
00000000,
00020000,
0000000f,
00000007,
00000400,
00000000,
00000400,
00000000,
00000000,
04000000,
00150b1f,
00020000,
00001000,
00000001,
00002500,
00000000,
0000000e,
00000000,
00000014,
00000001,
00000200,
00000000,
00001100,
00000000,
00000000,
01000000,
00150a19,
00000000,
00000700,
00000007,
00001e02,
00000000,
0000000f,
00020000,
00000004,
00000000,
05000000,
00000000,
01000103,
01000000,
00000000,
00000000,
000b0000,
03080000,
00000300,
00000000,
00000b00,
06000005,
02000300,
00030000,
00000400,
02040000,
00000000,
00000400,
0300000c,
00030000,
02030000,
00000000,
00020000,
00120000,
00010000,
01020000,
00000200,
17000016,
00031200,
00000000,
00000300,
01060500,
00000003,
00001400,
00000013,
00000000,
03050000,
00040000,
03000003,
01110000,
00040000,
01000000,
00000000,
0c000000,
00040a00,
01000000,
00080100,
05000700,
00000000,
00000600,
00000009,
00000000,
03000000,
00000000,
09000000,
00080000,
00040000,
00000000,
00000000,
00000000,
00000014,
00000300,
00080009,
00000001,
00000000,
00000000,
00000000,
00000000,
00000000,
00030000,
0a000000,
00040000,
00020000,
00000000,
00000000,
00000000,
00000009,
00000500,
00010005,
00000000,
00000000,
00000000,
00000001,
00040000,
00000000,
00020000,
08000000,
00060300,
00000000,
00000000,
00000401,
00000000,
0000000e,
00000300,
00000005,
00000000,
01000000,
00000001,
00000100,
02060000,
00000200,
00010000,
07010000,
00040400,
00010000,
00000000,
00020200,
00000400,
00000008,
00000001,
00000003,
00000000,
02000000,
01000000,
02000401,
01050000,
00000100,
00020000,
01000000,
00000600,
01000300,
00000000,
02010000,
00030400,
01000005,
00000003,
00000001,
00000000,
02000000,
01000000,
03000302,
01030000,
00030000,
00020000,
00020000,
00000500,
02000500,
00000100,
02010000,
00000200,
00000005,
00000000,
00000000,
00000000,
01000000,
03000000,
02000500,
02000000,
00060000,
01000000,
00050000,
00010200,
02000100,
00000000,
00000001,
04020003,
03000001,
02000009,
03000000,
00000300,
05000200,
00010000,
05000305,
00000100,
00090400,
01050500,
00000000,
00020800,
00000000,
00050000,
02000001,
00020500,
00050200,
00000402,
00020000,
05000900,
04000000,
00000001,
00000001,
03040501,
010c0000,
0208000a,
05040000,
00020003,
00000400,
00000100,
000c0100,
00000500,
00020006,
00020006,
00000000,
00000400,
05000000,
00010004,
00000006,
00030400,
00030000,
00030000,
00000001,
00010000,
02000500,
00000000,
00000300,
01071101,
00040000,
00050000,
06060000,
03000000,
02000000,
00000000,
00000006,
05000000,
00000000,
00000501,
00000001,
03020000,
08000600,
00000200,
00040000,
00020f05,
00000000,
00000300,
03080000,
00000000,
02000000,
00000000,
00000206,
09000000,
00000000,
00020000,
00000000,
00020000,
10000600,
00000000,
03050000,
00020603,
00000002,
00000000,
00000004,
00000000,
09000000,
02000000,
03000002,
04000000,
00010002,
00000000,
00000000,
00030000,
0c000100,
00000000,
07000000,
00050107,
02000004,
00000000,
04000006,
00000000,
08000000,
00000000,
0a000001,
00040000,
00030000,
00000000,
00000000,
02070000,
04090000,
00000000,
03000000,
010e0004,
02000000,
02040000,
0d000000,
00080200,
03000000,
00000100,
07000008,
02000000,
00020000,
00000000,
00000000,
070d0000,
00000305,
00040000,
00000000,
05090000,
00000800,
05070000,
02000200,
04010100,
00000003,
00000b00,
00000008,
00000000,
00040000,
00000000,
00030000,
0d080000,
00000003,
00070500,
00000000,
03000600,
01000100,
04080000,
02000200,
02000000,
00000000,
00020002,
00000002,
00000000,
000b0001,
00000004,
04010000,
00000000,
00080000,
00000000,
00000000,
00040907,
00000004,
02000000,
020c0000,
00000000,
0c000000,
00000000,
00000001,
06040000,
00050000,
00000804,
00010000,
00000000,
07040000,
00000000,
03000000,
00050904,
00000003,
00000200,
00010001,
00000000,
06000000,
04000000,
00000301,
06020000,
00020000,
00010000,
00000000,
00000400,
08000400,
00000000,
04020000,
00040601,
00000002,
00000001,
00000002,
00000000,
03000000,
05000000,
02000503,
03030000,
00020000,
00010000,
00010000,
00000500,
06000500,
00000100,
04030001,
00020600,
00000004,
00000003,
00000003,
00000000,
02000000,
03000000,
02000503,
01030000,
00020000,
00010000,
00030000,
00000500,
05000500,
00000000,
02020000,
00020500,
00000005,
00000003,
00000003,
00000000,
02000000,
02000000,
02000403,
00030000,
00020000,
00020000,
00030000,
00000600,
05000600,
00000100,
01020000,
00010600,
00000005,
00000004,
00000003,
00000000,
00000000,
02000000,
02000502,
00030000,
00020000,
00010000,
00030000,
00000500,
05000500,
00000000,
01010000,
00010600,
00000007,
00000003,
00000002,
00000000,
02000000,
03000000,
02000503,
00030000,
00010000,
00020000,
00040000,
00000600,
05000500,
00000000,
01010000,
00020500,
01000007,
00000005,
00000003,
00000000,
02000000,
04000000,
04000503,
01030000,
00020000,
00020000,
00040000,
00000600,
04000500,
00000000,
01000000,
00030501,
01000006,
00000005,
00000003,
00000000,
02000000,
05000000,
04000505,
02050000,
00020000,
00030000,
00030000,
00000600,
03000400,
00000000,
02000001,
00040602,
01000006,
00000003,
00000002,
00000000,
02000000,
05000000,
04000604,
02040000,
00020000,
00030000,
00030000,
00000600,
03000400,
00000000,
02000001,
00050601,
01000006,
00000003,
00000002,
00000000,
02000000,
05000000,
05000504,
03040000,
00020000,
00030000,
00030000,
00000700,
03000400,
00000000,
02000001,
00040501,
01000005,
00000003,
00000002,
00000000,
02000000,
05000001,
04000404,
03040000,
00020000,
00030000,
00030000,
00000600,
03000600,
00000000,
01000001,
00030501,
01000003,
00000005,
00000002,
00000000,
01000000,
05000001,
05000605,
02040000,
00020000,
00030000,
00020001,
00000600,
02000500,
00000000,
01000001,
00020500,
01000003,
00000004,
00000002,
00000000,
00000000,
04000000,
03000504,
01050000,
00020000,
00040000,
00020000,
00000600,
02000400,
00000000,
01010001,
00040600,
00000004,
00000004,
00000002,
00000000,
00000000,
03000000,
03000604,
01050000,
00020000,
00040000,
00020000,
00000600,
03000400,
00000000,
01010001,
00030700,
00000004,
00000003,
00000002,
00000000,
01000000,
03000000,
03000603,
02040000,
00020000,
00040000,
00030000,
00000600,
04000500,
00000000,
01010000,
00020600,
00000004,
00000004,
00000002,
00000000,
01000000,
02000000,
04000403,
01040000,
00020000,
00030000,
00030000,
00000500,
03000400,
00000000,
01000000,
00030600,
00000005,
00000003,
00000002,
00000000,
02000000,
02000000,
03000503,
01030000,
00020000,
00030000,
00030000,
00000600,
04000400,
00000000,
01000000,
00030600,
01000006,
00000003,
00000002,
00000000,
02000000,
03000000,
03000503,
01030000,
00020000,
00030000,
00040000,
00000700,
04000400,
00000000,
01010000,
00030500,
00000006,
00000004,
00000002,
00000000,
02000000,
02000000,
03000403,
02030000,
00020000,
00020000,
00040000,
00000600,
04000600,
00000100,
01000000,
00020500,
00000004,
00000004,
00000002,
00000000,
01000000,
03000002,
03000303,
01040000,
00020000,
00020000,
00030000,
00000500,
03000600,
00000100,
00000000,
00020400,
01000003,
00000006,
00000002,
00000000,
00000000,
03000001,
04000503,
00030000,
00010000,
00020000,
00030000,
00000500,
02000500,
00000100,
00000001,
00030500,
01000004,
00000005,
00000002,
00000000,
01000000,
03000000,
03000604,
01030000,
00020000,
00040000,
00030001,
00000500,
01000500,
00000000,
01020000,
00040600,
00000004,
00000004,
00000002,
00000000,
02000000,
03000000,
03000603,
01040000,
00030000,
00030000,
00030000,
00000400,
02000500,
00000000,
01020000,
00030500,
00000003,
00000003,
00000002,
00000000,
02000000,
02000000,
03000503,
01030000,
00030000,
00050000,
00020000,
00000500,
02000500,
00000000,
01020000,
00020400,
00000003,
00000004,
00000002,
00000000,
02000000,
03000001,
04000403,
02030000,
00020000,
00060000,
00030000,
00000400,
03000500,
00000000,
01010000,
00040400,
00000004,
00000004,
00000002,
00000000,
02000000,
02000001,
04000504,
02030000,
00030000,
00070000,
00040001,
00000300,
03000500,
00000100,
03010000,
00030600,
00000005,
00000005,
00000000,
00000000,
03000000,
01000003,
01000600,
06040000,
00030000,
00050200,
00030000,
01020000,
00000800,
00000000,
00010000,
00080200,
00000000,
0100000e,
00000000,
00000000,
07000000,
00000014,
00000000,
00060001,
01080000,
00000300,
00000000,
02030300,
00000600,
00050300,
00000000,
00020000,
00000000,
03040015,
01000000,
00000005,
00000104,
00000016,
04010000,
00000000,
04080000,
01000000,
00000000,
00000b00,
06001407,
00150000,
00000000,
00000001,
00000000,
00000000,
00000200,
00010008,
0000000c,
0000000b,
07000000,
00000506,
0b04000c,
00000000,
00000000,
00000000,
01001000,
00000400,
00000000,
00000004,
00000000,
00000000,
00000103,
00000009,
00000300,
00000000,
03000000,
0006000a,
04000704,
02000000,
00000000,
00000000,
00000500,
00000015,
06030000,
00020001,
00000000,
00000000,
00000008,
0000000a,
00000200,
00000000,
02000000,
00040204,
04000303,
00000000,
00000000,
00000000,
00000400,
00000016,
01000000,
00100000,
00010000,
00000000,
0002000b,
0003000a,
00000100,
00000000,
05000000,
00000403,
03000000,
00000000,
00000000,
00000000,
00000600,
00000017,
00000000,
001b0000,
00010000,
00000000,
0004000d,
0000000a,
00000200,
00000000,
07000000,
00000502,
01000100,
00000000,
00000000,
00000200,
00000700,
02000015,
00000000,
00220000,
00050000,
00000000,
000b0010,
0000000b,
00000200,
00000000,
00000b00,
00000800,
00000000,
00000000,
00000000,
00020800,
00000600,
0000030d,
00000000,
00150000,
00080000,
00000000,
000f0005,
00000008,
00000200,
00000000,
00001800,
00000800,
02000000,
02000000,
02020000,
00070403,
00000000,
00000000,
00050300,
00000000,
0100000e,
00000000,
00000200,
00000003,
01000000,
00000000,
00000304,
00000600,
02000000,
06000000,
0e060000,
01050000,
00000000,
00000000,
00000200,
00000000,
00090000,
06040000,
00000000,
00030000,
0100000c,
00020200,
0004000b,
000b0a00,
02000002,
00000000,
06000000,
04000002,
00000000,
00020000,
00000303,
00000000,
00000000,
06050000,
0a040000,
08000002,
00000000,
00080000,
00060001,
00010507,
03000000,
00000300,
0b000700,
00000005,
00000000,
000d0000,
00080006,
00000000,
00000000,
00080000,
00000000,
04000006,
05000000,
00060000,
00080000,
0000000a,
05000000,
00000000,
00000600,
00070000,
00000200,
00000000,
00100400,
04000000,
00000600,
00050000,
00000000,
00000008,
00000500,
00000000,
00000000,
00000004,
05000008,
00000000,
00001912,
000d0000,
00000c00,
000c0000,
000c1700,
04000000,
00000300,
000f0000,
0000000e,
0000000c,
00000600,
00050000,
00000500,
00000000,
00000000,
00000000,
00000c2d,
00040600,
0000000e,
00000004,
00000000,
00000000,
00000000,
00060000,
0000001f,
0000060b,
00000c00,
00000000,
00001100,
00000200,
00000005,
00000000,
000a011d,
00010007,
00000007,
00000000,
00030000,
00000000,
00000013,
00060000,
00000014,
00000002,
00000500,
00000000,
00000500,
00000500,
01000000,
00000000,
001a0926,
00010001,
00000000,
00000000,
00001200,
03000000,
00000207,
00030001,
00000000,
00000000,
00000200,
00000000,
08000401,
00000000,
00000000,
00000000,
000e0003,
050b0000,
00000200,
01000000,
00000700,
0c000004,
01001300,
00060000,
00000300,
03080000,
0000090a,
00001200,
0000000e,
00000000,
00080000,
00000000,
04090000,
08090000,
00000001,
0c000000,
00000000,
0b000000,
05000e00,
00030000,
00000400,
06060000,
00000000,
00000600,
0000000b,
00000000,
04000000,
00000000,
04000002,
00090000,
00000000,
00000000,
00000400,
01000000,
00000000,
00030000,
00000001,
00000005,
00000000,
00000000,
00000002,
00000000,
05000000,
00050000,
00000004,
000b0000,
00000000,
00000000,
00000c00,
04000000,
00000000,
00030200,
0001000a,
00000004,
00000002,
00000000,
00000001,
00000000,
04000000,
00020000,
00020006,
00050600,
00000000,
00000000,
00001100,
04000000,
00000011,
00000500,
0005000d,
00000000,
00000000,
00000000,
00000300,
00000000,
01000000,
00000002,
07030000,
00010300,
00000000,
00000001,
00010900,
00000000,
0000000f,
00000200,
00020007,
00000000,
00000000,
00000000,
00000002,
03060000,
00000000,
00020000,
04020000,
00010300,
00030000,
00000000,
00030100,
00020400,
00000008,
00000001,
00000002,
00000000,
04000000,
02000000,
02000302,
01040000,
00020000,
00020000,
01010000,
00000400,
02000400,
00000000,
01010001,
00010200,
00000006,
00000000,
00000000,
00000000,
02000000,
02000000,
03000500,
01010000,
00060000,
01000000,
00040000,
00010300,
03000100,
00000000,
00010001,
04040002,
04000001,
0300000b,
03000001,
00000200,
06000100,
00000000,
06000205,
00000300,
00090300,
00050300,
00000000,
00010900,
00000000,
00070000,
03000000,
00070b00,
00060100,
00000101,
00060000,
06000600,
08000000,
00000001,
00000003,
01040402,
010e0000,
0002010b,
06010000,
03030005,
00000700,
00000000,
000b0100,
00020c00,
00020007,
00060000,
03080000,
00000000,
09000000,
00010000,
00000003,
00030000,
00070000,
00000300,
00000000,
00000000,
0b000600,
00000300,
00000000,
00040f04,
00000002,
00010200,
05080000,
00000000,
02000000,
00000000,
00000203,
07010000,
00000000,
00000500,
00000000,
00010000,
0c000600,
00000000,
01030000,
00010803,
00000000,
00000201,
00020003,
00000000,
06000000,
02000000,
01000302,
04000000,
00020000,
00020000,
00010000,
00000200,
0a000500,
00000000,
05030000,
00000501,
00000001,
00000001,
00000004,
00000000,
06000000,
07000000,
04000504,
01020000,
00030001,
03030000,
00020000,
00010100,
09000000,
00000000,
04030001,
00000301,
00000006,
00000000,
00000004,
00000000,
09000000,
07000000,
07000604,
04020000,
00030000,
03000000,
00020000,
00050000,
08070000,
00000000,
02000002,
00010100,
00000000,
03020004,
04000200,
00030000,
05000000,
00000000,
04000007,
02000000,
00040000,
00000000,
00000000,
080b0000,
00000000,
02000000,
00000000,
0a010000,
00010300,
020b0000,
02000500,
08000000,
00000005,
00000800,
00000006,
00000000,
00060000,
00000000,
00030000,
11090000,
00000001,
00050000,
00000000,
04000b00,
00000001,
02050000,
00010200,
02000000,
00000000,
00000000,
00000001,
00000000,
000e0001,
00000009,
02020002,
00000000,
00050000,
00000000,
00000000,
00000900,
00000005,
00000000,
00070000,
00000000,
0c000000,
00000000,
00000000,
05000000,
00090000,
02000004,
02000000,
00000100,
08000000,
00000000,
00000000,
00010600,
00000004,
00000002,
00000002,
00000000,
02000000,
03000000,
00000302,
02030000,
00030000,
00010000,
00020000,
00000500,
06000500,
00000000,
01000000,
00010500,
00000004,
00000004,
00000002,
00000000,
01000000,
03000001,
02000404,
01040000,
00030000,
01020000,
00030000,
00000500,
04000600,
00000000,
01020001,
00020500,
00000004,
00000004,
00000002,
00000000,
02000000,
02000000,
02000403,
01030000,
00020000,
00020000,
00030000,
00000500,
05000600,
00000100,
01020001,
00020500,
00000004,
00000004,
00000002,
00000000,
01000000,
02000000,
02000503,
00040000,
00020000,
01030000,
00030000,
00000500,
04000600,
00000000,
01020000,
00010500,
00000005,
00000004,
00000003,
00000000,
00000000,
02000000,
03000603,
00040000,
00020000,
00030000,
00020000,
00000600,
04000500,
00000000,
01010000,
00020500,
00000005,
00000003,
00000003,
00000000,
00000000,
03000000,
03000503,
00030000,
00020000,
00040000,
00030000,
00000700,
04000500,
00000000,
00010000,
00030400,
01000007,
00000004,
00000003,
00000000,
00000000,
03000000,
03000503,
01030000,
00020000,
00030000,
00040000,
00000700,
04000500,
00000100,
00000000,
00030400,
01000008,
00000004,
00000003,
00000000,
01000000,
02000000,
03000503,
01030000,
00010000,
00030000,
00050000,
00000600,
04000500,
00000200,
01000000,
01030400,
01000006,
00000004,
00000003,
00000000,
02000000,
03000000,
04000504,
01030000,
00010000,
00030000,
00040000,
00000600,
04000500,
00000100,
01000000,
00030400,
01000007,
00000003,
00000003,
00000000,
01000000,
03000000,
04000504,
02030000,
00010000,
00020000,
00040000,
00000600,
04000500,
00000200,
01000000,
00030400,
00000006,
00000004,
00000003,
00000000,
02000000,
03000000,
03000404,
01030000,
00010000,
00020000,
00040000,
00000600,
04000500,
00000100,
01000000,
00020400,
02000005,
00000005,
00000003,
00000000,
01000000,
03000000,
03000404,
01040000,
00020000,
00030000,
00030000,
00000600,
03000500,
00000000,
01000001,
00020501,
00000005,
00000004,
00000002,
00000000,
01000000,
04000001,
03000404,
02050000,
00020000,
00040000,
00030000,
00000600,
03000500,
00000000,
02010001,
00030601,
00000004,
00000004,
00000002,
00000000,
00000000,
04000000,
03000604,
02040000,
00020000,
00040000,
00030000,
00000500,
02000500,
00000000,
02010001,
00010501,
00000005,
00000003,
00000002,
00000000,
01000000,
04000001,
03000504,
02040000,
00020000,
00040000,
00020000,
00000400,
02000500,
00000000,
02010000,
00010400,
00000004,
00000003,
00000002,
00000000,
01000000,
05000000,
03000404,
02040000,
00020000,
01040000,
00030000,
00000500,
03000500,
00000000,
01010001,
00010500,
00000005,
00000003,
00000003,
00000000,
01000000,
03000000,
03000503,
01030000,
00020000,
00040000,
00040000,
00000600,
04000400,
00000000,
01010000,
00020500,
00000006,
00000003,
00000003,
00000000,
01000000,
02000000,
03000503,
00030000,
00020000,
00030000,
00040000,
00000700,
05000400,
00000000,
01010000,
00030400,
00000005,
00000004,
00000003,
00000000,
01000000,
01000000,
03000403,
00030000,
00020000,
00020000,
00040000,
00000700,
05000500,
00000200,
00000000,
00010400,
00000005,
00000005,
00000003,
00000000,
01000000,
02000000,
03000403,
00040000,
00010000,
01030000,
00040000,
00000700,
03000400,
00000100,
00010000,
00000500,
00000004,
00000005,
00000003,
00000000,
00000000,
02000001,
03000603,
00040000,
00010001,
01040000,
00020000,
00000600,
03000400,
00000000,
00010000,
00040600,
00000005,
00000003,
00000002,
00000000,
01000000,
02000000,
03000602,
01030000,
00020000,
00040000,
00020000,
00000600,
03000400,
00000000,
02020000,
00030500,
01000004,
00000004,
00000002,
00000000,
02000000,
02000000,
02000503,
01030000,
00020000,
00030000,
00020000,
00000500,
04000500,
00000000,
01020000,
00030400,
01000004,
00000004,
00000001,
00000000,
02000000,
02000000,
03000403,
01040000,
00020000,
01050000,
00030000,
00000500,
04000500,
00000000,
01020000,
00010400,
00000004,
00000005,
00000001,
00000000,
01000000,
02000001,
03000503,
00040000,
00020000,
00050000,
00020000,
00000400,
03000400,
00000000,
01020000,
00020500,
00000003,
00000004,
00000002,
00000000,
01000000,
02000000,
04000504,
01020000,
00030000,
00070000,
00030000,
00000300,
03010500,
00000100,
02020000,
00000400,
00000006,
00000004,
00000000,
00000000,
01000000,
02000003,
01000601,
07020000,
00030000,
01030000,
00050000,
00030000,
00000600,
00000000,
00010000,
00000100,
00000000,
02030013,
00000000,
00000000,
0a000000,
00000010,
00000000,
00070000,
00030000,
02000000,
00000000,
04040400,
00000800,
00020400,
00000000,
00000000,
00000000,
02010014,
00000600,
00000002,
00000002,
00000017,
08000000,
00000800,
0203000a,
02000002,
00000000,
00000000,
00000f00,
00070000,
00000000,
00000100,
02000000,
02000000,
02030200,
00000005,
00000005,
00000005,
0e050000,
00000807,
06060009,
00000004,
00000400,
00000000,
00000800,
00000100,
00010000,
00000100,
00000000,
00000000,
00010000,
00000007,
00000501,
11000000,
09050000,
0004050b,
05030d01,
00000000,
01000500,
00000000,
00000300,
00000008,
0e070000,
00000000,
00000000,
00000000,
00000000,
00000007,
00000501,
0f000000,
08030000,
0005040a,
06020901,
02000000,
00000400,
00000000,
00000400,
0000000a,
0e080000,
00000001,
00000000,
00000000,
01000000,
00000008,
00000302,
0b000000,
04020000,
0005020a,
07000801,
03000000,
00000300,
00000000,
00000500,
0000000a,
0c060000,
00000003,
00000000,
00000000,
00000100,
00000008,
00000302,
02000001,
05000000,
00060109,
06000703,
02000000,
00000200,
00000000,
00000700,
0200000e,
0d030000,
00000002,
00000000,
00000000,
00070200,
0000000a,
00000200,
00000004,
04000900,
000a0509,
04000007,
00000000,
00000000,
00000000,
00010700,
0500000e,
07000000,
00040700,
00020000,
00000000,
00070000,
00000009,
00000000,
00000000,
00001f00,
00000a00,
02000009,
00000000,
00000000,
00060000,
00000000,
00000000,
00000000,
00000000,
0d000006,
05000000,
00000100,
00000405,
07000000,
00000000,
00000209,
00000400,
01000000,
08000000,
09020000,
000a0000,
00000000,
00000000,
00000000,
00000005,
000d0000,
06060000,
00020200,
0a060300,
06000009,
00060907,
00050011,
00030700,
02000003,
01000006,
01000000,
04000002,
00000000,
00000000,
00010609,
00000202,
05020002,
03070000,
04040001,
03010103,
0f000000,
00060000,
00050002,
000f0500,
02000002,
0000030b,
04000000,
00000000,
00000000,
00040000,
00070007,
01040200,
00000000,
000b0000,
17000000,
00010002,
0f000000,
00030000,
00040000,
00040001,
06000000,
00000100,
00000800,
00050000,
00000000,
00220000,
000d0000,
03000000,
00000000,
00210000,
1d000000,
0000060b,
00000000,
00000000,
00090000,
00000000,
08000000,
00000000,
00000600,
00051a00,
00000015,
00410000,
00120000,
00000000,
00000000,
00160000,
09000000,
00000b0a,
00000000,
00000000,
00050000,
00000000,
04000000,
00000300,
00000f06,
00000f00,
00000002,
00000000,
00000000,
00000000,
00000000,
00000000,
0000000c,
0000010e,
00000400,
00000000,
00070f00,
00000007,
01000006,
00000300,
00001000,
0000050d,
00000008,
00000001,
00000000,
00000000,
00000000,
00000000,
00000014,
0300020a,
00000400,
00000000,
00000200,
00000000,
00000000,
01000900,
00040800,
000a0003,
00000000,
00000000,
00000600,
00000000,
00000300,
00070000,
0000000e,
07000001,
00000d00,
00000000,
01000a00,
00000000,
00000000,
00000000,
00100526,
00040002,
00000000,
00000000,
00000800,
07000000,
00000e00,
000a0000,
00000000,
00030000,
00000b00,
00000b00,
0400000a,
00000000,
00010000,
00000000,
0015000c,
13060000,
00000007,
05000000,
00000000,
0f040900,
00000400,
00070000,
07000000,
01090000,
00000000,
00000300,
0000000c,
00000000,
00000000,
00000002,
01000000,
00050000,
00000000,
00000000,
00000000,
0800090b,
00000000,
00050000,
05000000,
00030001,
09000000,
00030000,
00000007,
00000000,
02000000,
00000000,
00000004,
000d0000,
00000200,
00000000,
00000000,
0d00000e,
00000000,
00010000,
0000000c,
05000000,
00000000,
00000000,
0000020e,
00000000,
03000001,
00040000,
00000000,
000c0000,
00000000,
00000000,
00000000,
08000000,
00010006,
00020000,
00000017,
07000002,
00000000,
00000000,
00000009,
00000000,
05000000,
00000000,
0000000a,
00040000,
00000000,
00000003,
00000000,
02000000,
00000018,
00000300,
0003000d,
00000000,
00000000,
00000000,
02000000,
00020000,
00000000,
00000000,
06010100,
00000000,
00000000,
00000001,
00000401,
00000000,
0000000c,
00000200,
00010005,
00000000,
02000000,
00000000,
02000001,
01060000,
00000000,
00010000,
03030000,
00000400,
00010000,
00000000,
00020000,
00010300,
00000006,
00000000,
00000000,
00000000,
02000000,
02000000,
03000700,
01030000,
00060000,
00000000,
00040000,
00010300,
02000100,
00000000,
00000002,
02060104,
04000002,
0200000a,
05000000,
00000000,
07000100,
00000000,
06000206,
01000400,
00080300,
00050400,
00000000,
00010700,
00000000,
00060000,
02000002,
000d1103,
00050000,
00000000,
000b0000,
03000500,
09000000,
00000000,
00000100,
02080201,
000f0001,
00000a0b,
05000000,
02010001,
05000500,
00000100,
050b0000,
00000b05,
00000005,
00000000,
02080000,
00000000,
0b000000,
00000000,
00000001,
00020000,
00060000,
00000100,
00000001,
00000000,
0c000400,
00000000,
00000000,
00000702,
00000002,
00000001,
00040002,
00000000,
04000000,
02000000,
01000202,
02000000,
00010002,
01010000,
00000000,
00000100,
05000400,
00000000,
02020000,
00000501,
00000003,
00000004,
00000003,
00000000,
04000000,
04000000,
02000304,
02020000,
00030000,
02030000,
00020000,
00000500,
06000300,
00000000,
01030000,
00000500,
00000004,
00000003,
00000004,
00000000,
03000000,
03000001,
04000404,
03020000,
00030001,
01060000,
00030000,
00000200,
05000400,
00000000,
02010001,
00000400,
00000007,
00000002,
00000000,
00000000,
02000000,
06000000,
06000704,
08000000,
01030001,
03060100,
00030000,
00050000,
01060100,
00000000,
01000001,
00000000,
00000000,
03060009,
00000100,
01020200,
01000000,
02000000,
00000107,
02000000,
00030000,
00000200,
00000000,
080c0000,
00000000,
00010000,
00000300,
0d000000,
00000400,
000c0000,
00000400,
06050000,
00000000,
00000700,
00000004,
00000000,
00040000,
00000002,
00000000,
0c0a0000,
00000000,
00030000,
00000000,
01001000,
00000002,
01060000,
00000000,
00000001,
00000000,
00000000,
00000001,
00000000,
000a0000,
00000009,
00020007,
00010000,
04000000,
00000000,
00000000,
00000800,
00000004,
00000000,
00050000,
00000000,
08000000,
00000000,
00000001,
05010000,
00070100,
01000000,
00000000,
00000300,
0a000200,
00000200,
00000000,
00010500,
00000004,
00000003,
00000002,
00000000,
00000000,
03000000,
01000302,
00040000,
00030000,
01020000,
01020000,
00000500,
04000500,
00000200,
00000000,
00010500,
00000004,
00000004,
00000002,
00000000,
00000000,
03000001,
02000404,
00050000,
00030000,
01040000,
00020000,
00000600,
03000500,
00000000,
01020000,
00010500,
00000005,
00000004,
00000002,
00000000,
00000000,
03000001,
02000404,
00040000,
00030000,
01040000,
00010000,
00000600,
04000500,
00000000,
01020001,
00010700,
00000006,
00000003,
00000003,
00000000,
01000000,
03000000,
02000603,
00040000,
00030000,
00050000,
00020000,
00000700,
03000500,
00000000,
02030001,
00020602,
00000004,
00000003,
00000002,
00000000,
02000000,
03000000,
02000603,
02040000,
00020000,
00050000,
00020000,
00000600,
02000500,
00000000,
01020000,
00030500,
00000003,
00000004,
00000002,
00000000,
00000000,
03000001,
04000504,
01040000,
00030000,
00040000,
00020000,
00000600,
02000600,
00000000,
01020000,
00030600,
00000005,
00000003,
00000002,
00000000,
01000000,
02000000,
03000503,
01040000,
00020000,
00040000,
00030000,
00000600,
03000500,
00000000,
00010000,
00040500,
00000006,
00000003,
00000002,
00000000,
01000000,
02000000,
03000503,
01030000,
00010000,
00040000,
00030000,
00000700,
04000500,
00000100,
01010000,
00030500,
00000006,
00000004,
00000003,
00000000,
00000000,
01000000,
04000504,
00040000,
00010000,
00030000,
00040001,
00000700,
05000500,
00000100,
00000000,
00040500,
00000006,
00000003,
00000002,
00000000,
01000000,
02000001,
03000504,
01040000,
00010000,
00030000,
00030000,
00000700,
04000600,
00000100,
01000000,
00030500,
01000006,
00000005,
00000002,
00000000,
00000000,
01000000,
04000603,
00040000,
00010000,
00030000,
00030000,
00000700,
03000600,
00000100,
01000000,
00030500,
02000006,
00000004,
00000002,
00000000,
01000000,
02000000,
03000503,
00030000,
00020000,
00030000,
00030000,
00000700,
04000500,
00000100,
01010000,
00030400,
00000005,
00000003,
00000002,
00000000,
01000000,
02000000,
03000503,
01030000,
00010000,
00030000,
00040000,
00000600,
03000500,
00000100,
02010000,
00020500,
00000005,
00000003,
00000003,
00000000,
01000000,
03000000,
03000503,
01030000,
00020000,
00040000,
00040000,
00000600,
03000500,
00000000,
02010000,
00020400,
01000005,
00000003,
00000003,
00000000,
01000000,
04000000,
03000503,
01040000,
00020000,
00040000,
00040000,
00000600,
02000400,
00000000,
01020000,
00020400,
00000004,
00000004,
00000003,
00000000,
01000000,
04000001,
03000504,
02040000,
00020000,
00040000,
00040001,
00000700,
03000500,
00000000,
01020000,
00020400,
00000004,
00000004,
00000003,
00000000,
01000000,
03000000,
03000404,
01040000,
00020000,
01040000,
00030000,
00000600,
03000500,
00000100,
01020000,
00000500,
00000004,
00000004,
00000003,
00000000,
00000000,
01000000,
03000504,
00040000,
00020000,
01040000,
00030000,
00000500,
04000500,
00000200,
01020000,
00010300,
00000005,
00000004,
00000003,
00000000,
01000000,
02000001,
03000504,
00040000,
00010000,
01050000,
00040000,
00000400,
03000600,
00000100,
00020000,
00020400,
01000005,
00000005,
00000003,
00000000,
01000000,
01000000,
02000404,
00030000,
00020000,
01060000,
00040000,
00000500,
02000500,
00000000,
00010000,
00020600,
00000005,
00000003,
00000003,
00000000,
00000000,
02000001,
03000503,
01040000,
00020000,
00060000,
00040000,
00000500,
03000500,
00000000,
01020000,
00030600,
00000003,
00000003,
00000002,
00000000,
01000000,
02000000,
04000503,
01040000,
00020000,
00050000,
00030000,
00000500,
03000600,
00000100,
02020000,
00010400,
01000003,
00000004,
00000003,
00000000,
01000000,
02000001,
04000403,
00040000,
00020001,
00040000,
00020000,
00000400,
02000500,
00000000,
00010000,
00020400,
01000004,
00000004,
00000002,
00000000,
02000000,
01000000,
03000304,
00040000,
00020000,
00060000,
00030000,
00000500,
02000400,
00000000,
01020000,
00020600,
00000004,
00000004,
00000002,
00000000,
03000000,
01000002,
03000504,
00040000,
00020000,
00060000,
00020000,
00000400,
02000500,
00000000,
02020001,
00020500,
00000004,
00000004,
00000002,
00000000,
02000000,
02000001,
04000504,
01030000,
00030001,
01070000,
00030000,
00000300,
02000500,
00000000,
03020000,
00000400,
00000007,
00000004,
00000000,
00000000,
04000000,
00000003,
00000600,
05040000,
00040000,
01020000,
00040000,
01020000,
00000300,
00000200,
00000000,
00000000,
00000000,
05000011,
00000000,
02000000,
06000000,
0000000f,
00000000,
00000000,
01020000,
06000000,
00000000,
02070300,
00000300,
00020400,
00010000,
00000000,
00040000,
0400000e,
00000500,
00000102,
00000006,
00000012,
07010000,
00000500,
03000006,
02000008,
00000000,
00000000,
02000a00,
00000000,
00050300,
00000300,
00000000,
02000000,
00030000,
00000007,
00000202,
00000002,
11020000,
00000805,
03040008,
00000006,
00000500,
00000000,
00000d00,
00000100,
00000000,
00000200,
01000000,
00000000,
00000000,
00000107,
00000e00,
11000000,
05020000,
02010506,
01000300,
00000000,
00010800,
02000000,
00000600,
00000605,
04000000,
00000000,
02010000,
00000000,
00000000,
00000008,
00000c00,
0b000000,
06010000,
00000200,
00000000,
00000000,
00070a00,
02000000,
00000300,
01000b06,
00000100,
00000000,
02010000,
00000000,
00000004,
00000409,
00000c00,
0d000000,
0b010000,
00000400,
00000000,
00000000,
00040e00,
00000000,
00000000,
0000070a,
00000000,
00000000,
00000000,
00000000,
00030002,
00000106,
00000600,
0e000000,
0b050000,
00010605,
01000800,
00000000,
03000900,
00000000,
00000200,
01000409,
00030200,
00000200,
00000000,
00000000,
00060000,
00000008,
00000802,
12000000,
06000500,
0008070a,
05000004,
00000000,
0b000200,
00000000,
00000700,
02000000,
0a000000,
00000c00,
01000000,
00000000,
00020000,
00000009,
00000200,
00000000,
00001c00,
00050e04,
0501000e,
04000000,
00000000,
00020000,
00000000,
00000000,
00000200,
00000500,
14000000,
03000001,
00000000,
02000006,
0d000000,
00060300,
00000001,
00000500,
00090000,
05000200,
05000000,
03020000,
00000000,
00000000,
00000400,
00040000,
03050000,
06040000,
02040400,
0d060000,
05000011,
00080900,
0007000b,
00000601,
00080000,
0000000c,
02000004,
01000000,
00000000,
00000000,
00000308,
000d0a01,
00000004,
00000000,
000b0100,
00000001,
0e000002,
00030000,
00000001,
00110000,
02000001,
00000108,
06000002,
00000000,
07000000,
00000000,
00070007,
00140911,
00000005,
000d0a00,
0f060000,
00000000,
22000000,
00000000,
00000000,
00260002,
00000000,
00000b00,
00000000,
00000000,
08000000,
00020000,
000b0000,
00140c0f,
00000000,
00121100,
18000000,
00000002,
00000000,
00000000,
00000000,
000a0000,
01000000,
00000d00,
00000300,
00001900,
00000000,
00320000,
00030000,
00000110,
00000000,
00000804,
18000000,
00000009,
00000000,
00000000,
00000000,
00000010,
08000000,
00000600,
00000800,
02030000,
0000000a,
00000000,
00010000,
0000000b,
00000000,
00010303,
00000000,
0203040e,
00000001,
00000000,
00080200,
00000006,
07000003,
01000000,
00001600,
00000000,
00000000,
00000000,
00000000,
00000000,
00000000,
00040000,
00000000,
00000b0e,
00000000,
00000400,
00010200,
0000000f,
05000000,
00000000,
00001900,
00010000,
00000002,
00000002,
00000000,
02000000,
00000000,
00030000,
00000004,
08000304,
00000700,
00000000,
00031900,
00000000,
04000000,
00000000,
00000b00,
00080009,
00000010,
00000000,
00000500,
07000400,
00000703,
000e0000,
00000100,
00000000,
00000600,
00000a00,
05000000,
00000000,
00050000,
00000000,
00100020,
1d020003,
00000009,
00000000,
00000000,
0a010f00,
0200000f,
000b0000,
02040700,
04010000,
05000000,
00000000,
00000006,
04030000,
00000000,
00000302,
00000000,
00000000,
0a000003,
00000000,
00000000,
00000b0c,
00000008,
00010000,
07020100,
00000000,
14000000,
00000000,
00000000,
02080000,
00000000,
00000002,
00000000,
00070000,
18000000,
00000000,
00000000,
0a010019,
00000000,
00000000,
08000407,
00000000,
0f000000,
00000000,
00000007,
00010000,
00000000,
00000000,
00000000,
00090000,
000a0000,
00000000,
00000000,
0e030007,
07000000,
00000000,
03000413,
0a000002,
05000000,
00000000,
0000000d,
00000000,
01000000,
00000000,
00000000,
000b0000,
00000000,
00000000,
00000001,
05000000,
01000013,
00020000,
00000014,
08000004,
00000000,
00000000,
00000007,
00000000,
04000000,
00000000,
0004000b,
00030000,
00000000,
00000002,
00000000,
01000000,
0000001e,
00000300,
0003000d,
00000000,
00000000,
00000000,
00000002,
00060000,
00000000,
02020001,
07010000,
00020000,
00000000,
00000002,
00050503,
00000000,
0000000d,
00000000,
02000002,
00000000,
04000000,
00000000,
02000000,
07030000,
00000000,
00000000,
00040000,
00050000,
00000000,
00000000,
00010001,
01040104,
03000004,
02000008,
05000000,
00000000,
09000100,
00000000,
06000207,
02000200,
00070300,
00050400,
00000000,
00010600,
00000000,
00070000,
02000002,
00080e01,
00010004,
00000000,
00080000,
00000100,
06000000,
00000001,
00000300,
03070100,
000f0004,
00000308,
04010000,
00000000,
06020400,
00000001,
05090000,
00000502,
03000008,
00000000,
00050000,
00000000,
0a000000,
03000000,
00000001,
00020000,
00070000,
04020000,
00000000,
00000400,
07000200,
00000000,
00000000,
00000502,
01000004,
00000004,
00000003,
00000000,
03000000,
04000000,
03000503,
01030000,
00030000,
02040000,
00020000,
00000400,
04000300,
00000000,
01030000,
00020500,
00000004,
00000003,
00000002,
00000000,
03000000,
04000000,
03000404,
04030000,
00030000,
00060000,
00030000,
00000600,
04000400,
00000000,
01020000,
00000702,
00000008,
00000003,
00000001,
00000000,
03000000,
03000002,
04000703,
04010000,
00020000,
04060000,
00020001,
00000100,
02000400,
00000000,
04010000,
00000400,
00000008,
00000004,
00000000,
00000000,
03000000,
09000000,
03000405,
0e000000,
00000001,
00080000,
00050000,
00060000,
00050000,
00000000,
00000000,
03000000,
00000000,
02060013,
00000000,
02060700,
00000001,
00000000,
00000007,
00000100,
00000000,
00000500,
00050000,
0d130000,
00000000,
00010000,
00000700,
0e000800,
00000400,
00120000,
00000700,
05050000,
00000000,
00000700,
00000000,
00000000,
00040000,
00000003,
00000000,
09070000,
00000000,
00000000,
00000000,
00000c00,
00000005,
00050000,
02000000,
00000000,
00000000,
00000000,
00000000,
01000000,
000e0000,
00000004,
00000003,
00020000,
0d000100,
00000000,
00000000,
00010500,
00000003,
00000000,
00030000,
00000000,
07000000,
02000000,
00000002,
03020000,
00080100,
02000000,
00010000,
00000400,
0a000300,
00000200,
00000000,
00000500,
00000004,
00000004,
00000004,
00000000,
00000000,
02000000,
01000402,
00030000,
00030000,
00030000,
00030000,
00000500,
04000500,
00000100,
01010000,
00020500,
00000005,
00000003,
00000003,
00000000,
02000000,
03000000,
02000504,
01050000,
00030000,
00040000,
00040000,
00000500,
03000500,
00000000,
01030001,
00030601,
00000004,
00000003,
00000003,
00000000,
01000000,
03000001,
02000504,
01050000,
00020000,
00050000,
00020000,
00000600,
03000500,
00000000,
02020001,
00040700,
01000006,
00000001,
00000002,
00000000,
03000000,
03000000,
03000503,
02040000,
00030000,
00040000,
00030000,
00000600,
03000400,
00000000,
02020001,
00040500,
01000005,
00000003,
00000002,
00000000,
02000000,
03000001,
04000504,
03040000,
00020000,
00040000,
00030000,
00000600,
03000500,
00000000,
02010000,
00030501,
00000003,
00000004,
00000001,
00000000,
00000000,
04000001,
04000504,
02040000,
00020000,
00030000,
00030001,
00000500,
02000600,
00000000,
02010001,
00020600,
00000004,
00000002,
00000001,
00000000,
00000000,
03000001,
04000603,
01050000,
00020000,
00030000,
00020001,
00000400,
03000500,
00000000,
01010000,
00040600,
00000004,
00000004,
00000001,
00000000,
01000000,
02000001,
03000504,
01050000,
00020000,
00040000,
00020000,
00000700,
04000500,
00000000,
01010000,
00040600,
00000005,
00000004,
00000002,
00000000,
00000000,
02000001,
04000504,
01050000,
00020000,
00040000,
00030000,
00000600,
04000600,
00000100,
02010000,
00040600,
00000005,
00000003,
00000002,
00000000,
02000000,
03000002,
04000505,
02050000,
00010000,
00040000,
00030000,
00000500,
03010600,
00000100,
01000000,
00030500,
01000004,
00000004,
00000002,
00000000,
01000000,
02000001,
04000504,
01040000,
00010000,
00030000,
00030000,
00000500,
03000600,
00000200,
00000000,
00030600,
01000005,
00000003,
00000002,
00000000,
01000000,
02000000,
04000403,
01030000,
00020000,
00030000,
00030000,
00000500,
03000600,
00000100,
00000000,
00040500,
00000004,
00000003,
00000002,
00000000,
01000000,
02000000,
04000503,
01030000,
00010000,
00030000,
00030000,
00000600,
03000600,
00000100,
01010000,
00030500,
01000005,
00000003,
00000003,
00000000,
01000000,
02000000,
04000503,
00030000,
00020000,
00030000,
00040000,
00000600,
03000500,
00000100,
00000000,
00030500,
01000005,
00000004,
00000003,
00000000,
02000000,
02000000,
03000504,
01030000,
00020000,
00040000,
00040000,
00000600,
02000500,
00000200,
00000000,
00030600,
00000004,
00000004,
00000003,
00000000,
02000000,
02000000,
03000504,
01030000,
00020000,
00030000,
00040000,
00000600,
02000600,
00000200,
00010001,
00030600,
00000003,
00000004,
00000003,
00000000,
02000000,
01000001,
03000404,
01040000,
00020000,
00040000,
00030000,
00000500,
04000600,
00000200,
01020001,
00030600,
00000002,
00000004,
00000003,
00000000,
01000000,
03000001,
03000504,
01030000,
00030000,
01060000,
00030000,
00000300,
04000700,
00000200,
02030001,
00010500,
01000004,
00000004,
00000002,
00000000,
02000000,
03000001,
03000504,
00040000,
00020001,
01060000,
00030000,
00000300,
02000600,
00000000,
01030000,
00030601,
01000004,
00000003,
00000002,
00000000,
02000000,
03000000,
02000504,
01030000,
00030000,
00050000,
00030000,
00000500,
02000500,
00000000,
01020000,
00020700,
00000004,
00000002,
00000003,
00000000,
03000000,
03000000,
03000404,
02030000,
00020000,
00040000,
00030000,
00000400,
03000500,
00000100,
01020001,
00020600,
01000003,
00000003,
00000003,
00000000,
03000000,
03000000,
04000504,
01040000,
00020000,
00040000,
00030000,
00000500,
02000400,
00000000,
03020000,
00020500,
01000003,
00000003,
00000003,
00000000,
02000000,
02000000,
04000404,
01040000,
00020000,
00040000,
00030000,
00000500,
02000300,
00000100,
02020000,
00050600,
00000003,
00000003,
00000003,
00000000,
02000000,
01000000,
04000603,
01040000,
00030000,
00050000,
00030000,
00000600,
03000400,
00000200,
03020000,
00060600,
00000005,
00000002,
00000002,
00000000,
03000000,
02000001,
04000604,
01040000,
00020000,
00050000,
00030000,
00000500,
03000400,
00000200,
02020001,
00060600,
01000003,
00000004,
00000002,
00000000,
03000000,
03000001,
05000504,
01030000,
00030000,
00060000,
00030000,
00000400,
02000400,
00000100,
03020000,
00040600,
00000006,
00000004,
00000000,
00000000,
04000000,
00000004,
02000500,
06050000,
00030000,
01030200,
00010000,
01030000,
00000200,
00000100,
00020000,
00000000,
00000000,
04020010,
00000100,
01000000,
05000000,
00010012,
00000000,
00070000,
02010000,
07000000,
00000000,
03070000,
00000400,
00010000,
00020001,
00000000,
00050000,
0500000c,
00000600,
00000301,
00000006,
00000012,
06030000,
00000400,
03000005,
03000009,
00000000,
00000000,
00000c00,
00000000,
00070000,
00000200,
00020000,
02000000,
00010000,
00000006,
00000405,
00000003,
0e000000,
00000805,
03010007,
00000004,
00000600,
00000000,
00000900,
00000200,
00000000,
00000000,
03030000,
00000101,
00000000,
00000008,
00000d00,
0e000000,
00000000,
01000606,
04000000,
00000000,
00000c00,
00000000,
00000000,
09000e00,
00000300,
00000000,
00030000,
00000000,
00000400,
00000007,
00040500,
0b000003,
00030000,
00000100,
03000002,
00000000,
00001300,
00000000,
00000000,
01000f0b,
00000900,
00000000,
05000000,
00000000,
00000404,
00000009,
00030400,
07000000,
04000000,
00000200,
02000002,
03000002,
00060f00,
00000000,
00000000,
00000c0c,
00000600,
00000000,
00000000,
00000000,
00000405,
0000000a,
00060600,
08000000,
12000000,
00000200,
00000000,
00000005,
000e0d00,
00000000,
00000000,
03000504,
00030700,
00000000,
00000000,
00000000,
00040000,
0000000b,
00010b02,
10000000,
0c000800,
00090600,
04000003,
00000000,
0b000400,
00000000,
00000300,
09000000,
00000200,
00000a00,
04010000,
01000000,
00020000,
00000009,
00000000,
00000000,
00001c00,
00040d01,
0500000d,
06000000,
03000000,
00010000,
00000000,
00000000,
00000000,
00000900,
0a010000,
06000003,
00000100,
05000006,
0d000000,
00070100,
00000004,
00000600,
000b0000,
08000500,
02000000,
04030000,
00000000,
00000000,
00020100,
00040400,
00060000,
04060000,
03090400,
0a040000,
0000000d,
00050100,
00060008,
00000800,
00080000,
0000000c,
02000000,
02010002,
00000000,
00000000,
00000104,
00000e00,
00000003,
00000000,
000d0100,
00000001,
09000000,
00000000,
00000000,
05000100,
02000004,
00000005,
01010001,
00000000,
05000000,
00000000,
00050000,
00000200,
00000009,
00000400,
00070000,
00000000,
1a000000,
05000000,
00000000,
00090000,
00000000,
00000000,
00020000,
00000000,
0c000000,
00000000,
00050000,
00000202,
00000000,
00001000,
00030000,
00000000,
0b000000,
00000000,
00000000,
00170000,
00000001,
00000300,
00000000,
00000000,
02000000,
00000000,
00020000,
00030009,
00000000,
00010900,
06000000,
00000000,
10000000,
00000001,
00000000,
00090009,
03000000,
00000000,
03000400,
00010500,
00000000,
00100000,
00000000,
000d0000,
00000000,
000b0008,
01000000,
05000005,
00000100,
00000000,
000a0000,
00000003,
08000000,
00000000,
00001200,
00050800,
00000007,
00370000,
00040000,
00000000,
00000000,
001a0000,
00000000,
0000000b,
00000000,
00040000,
00090900,
00000004,
0b000000,
00000000,
00000c08,
0000040b,
00000006,
00020000,
000e0000,
00000000,
00000000,
04100000,
00000000,
0b000005,
00000500,
00000000,
000c1a00,
00000000,
08000000,
00000300,
00000c0b,
00030411,
0000000c,
00000000,
00000000,
05000500,
00000006,
010d0000,
00000000,
06000000,
00000100,
00000e00,
00000000,
00000000,
00020000,
00000000,
000b0013,
1b040003,
00000004,
00000000,
00000000,
04000a00,
0000000f,
00030000,
00000800,
06010000,
04000000,
00000000,
00000008,
06000000,
00020000,
00000005,
03060000,
00000000,
060a0000,
00000000,
00000000,
00000400,
00000004,
00000000,
00080002,
00000000,
10000000,
05000000,
00000004,
00010000,
00040200,
04000000,
00000000,
00080000,
12040000,
00000000,
00000000,
02030008,
00000006,
00000000,
0000000a,
00000000,
11000000,
02000000,
04000000,
000c0000,
01060000,
00000000,
00000000,
00040100,
0a070000,
00000000,
05000102,
0a030016,
03000000,
00000000,
0c000210,
00000000,
0f000000,
00000000,
00000008,
00080000,
00000000,
00010000,
00000000,
000a0000,
00030000,
00030000,
00000006,
0f000000,
0b000000,
02000000,
00000119,
0a000006,
02000006,
00000000,
0000000d,
00000000,
05000000,
00040000,
00000006,
000c0000,
00000000,
00000000,
00000001,
07000000,
0000001b,
00000400,
00040019,
01000004,
00000003,
00000000,
00000004,
00000200,
03000000,
00010000,
0207010a,
00040000,
00000000,
00000008,
00030904,
00000000,
0000001b,
00000000,
0000000b,
00000000,
00000000,
00000000,
00000000,
01030000,
00000000,
00000000,
04060000,
00080000,
00000000,
00000000,
00030805,
02000001,
0000000a,
02000000,
08000002,
00000300,
0b000000,
00000002,
04000006,
04010300,
00010600,
00020100,
00010000,
00050500,
00000000,
00080000,
01000000,
00000a01,
00000105,
00000100,
00050200,
00000500,
05000000,
01000002,
00000500,
03050000,
000e0006,
01030008,
04020001,
00000000,
01000100,
00000002,
06080000,
00000201,
0200000a,
00000001,
00010000,
00000000,
08000000,
06000000,
01000003,
00040000,
00070000,
03040000,
00020000,
00000500,
06000000,
00000000,
00000000,
00030500,
00000006,
00000003,
00000003,
00000000,
02000000,
04000000,
04000504,
03040000,
00030000,
00060000,
00030000,
00000600,
04000400,
00000000,
02020000,
00020400,
01000005,
00000004,
00000003,
00000000,
03000000,
03000001,
04000404,
04040000,
00030000,
00060000,
00030000,
00000600,
03000500,
00000000,
02010000,
00000403,
0000000a,
00000004,
00000001,
00000000,
01000000,
00000001,
05000600,
03030000,
00030000,
02070000,
00020000,
00010000,
01000300,
00000000,
00000000,
00000000,
01000009,
00000009,
00000000,
00000000,
08000000,
00000001,
02000005,
0b000000,
02000000,
00040300,
00040000,
030b0000,
00000000,
00000000,
00000000,
0a010000,
00010000,
0005000c,
0d000000,
000d0400,
00000000,
00000700,
0000000a,
00000000,
02000000,
00000000,
00060000,
0a190000,
00000000,
00000000,
00000900,
10000d00,
00000600,
000e0000,
03000500,
03030002,
00000000,
00000600,
00000000,
00000000,
00020000,
00000001,
00000000,
00060000,
00000000,
00000000,
00000000,
00000f00,
00000000,
00000000,
00020000,
00000000,
00000000,
00000000,
00000002,
01000000,
000c0000,
00000004,
00000000,
00020000,
0b000200,
00000100,
00000000,
00000500,
00000005,
00000001,
00020000,
00000000,
05000000,
03000000,
00000003,
03020000,
00060200,
01000000,
00020000,
00000600,
08000400,
00000000,
00000000,
00010500,
00000004,
00000003,
00010003,
00000000,
01000000,
02000000,
01000303,
00030000,
00030000,
01030000,
00030000,
00000600,
05000500,
00000000,
01020000,
00000500,
00000005,
00000003,
00000004,
00000000,
01000000,
03000000,
03000503,
00030000,
00030000,
00040000,
00040000,
00000600,
04000400,
00000000,
02020001,
00020500,
00000005,
00000003,
00000003,
00000000,
00000000,
03000000,
03000504,
01050000,
00020000,
00040000,
00040000,
00000500,
04000500,
00000000,
02010001,
00010600,
01000006,
00000002,
00000003,
00000000,
02000000,
04000000,
02000504,
02040000,
00020000,
00040000,
00030000,
00000600,
03000400,
00000000,
01010001,
00020500,
01000006,
00000004,
00000002,
00000000,
03000000,
04000000,
03000504,
02040000,
00020000,
00040000,
00030000,
00000600,
03000500,
00000000,
01000001,
00020500,
00000003,
00000004,
00000002,
00000000,
01000000,
03000002,
04000404,
02040000,
00020000,
00040000,
00030000,
00000500,
03000600,
00000100,
01000001,
00010500,
00000004,
00000003,
00000002,
00000000,
00000000,
03000001,
04000503,
01030000,
00020000,
00020000,
00030000,
00000300,
04000600,
00000200,
01010000,
00020600,
01000005,
00000005,
00000002,
00000000,
02000000,
03000000,
03000504,
01050000,
00020000,
00040000,
00040000,
00000400,
03000700,
00000000,
01000000,
00010600,
01000005,
00000003,
00000002,
00000000,
02000000,
04000000,
03000604,
03030000,
00020000,
00040000,
00040000,
00000300,
03000600,
00000100,
01000000,
00010500,
01000004,
00000003,
00000003,
00000000,
03000000,
05000000,
03000504,
03030000,
00010000,
00020000,
00050000,
00000300,
03000600,
00000100,
01000001,
00000500,
01000004,
00000004,
00000003,
00000000,
02000000,
04000000,
03000404,
01030000,
00020000,
00020000,
00040001,
00000300,
03000600,
00000000,
00010001,
00000500,
01000004,
00000002,
00000002,
00000000,
02000000,
04000001,
03000404,
01030000,
00020000,
00030000,
00030000,
00000400,
02000500,
00000000,
02010000,
00010500,
00000004,
00000004,
00000003,
00000000,
02000000,
02000000,
03000503,
01030000,
00020000,
00030000,
00030000,
00000500,
03000500,
00000100,
02010000,
00010500,
01000005,
00000003,
00000003,
00000000,
03000000,
02000000,
03000404,
01030000,
00020000,
00030000,
00040000,
00000500,
03000500,
00000100,
02010000,
00030500,
01000005,
00000003,
00000004,
00000000,
02000000,
02000001,
04000404,
02040000,
00020000,
00030000,
00040000,
00000400,
03000500,
00000100,
02010001,
00050600,
00000004,
00000004,
00000003,
00000000,
02000000,
02000001,
04000504,
02040000,
00020000,
00030000,
00020000,
00000400,
03000500,
00000200,
03010002,
00050600,
00000004,
00000004,
00000003,
00000000,
03000000,
01000002,
04000405,
01040000,
00020000,
00030000,
00030000,
00000400,
04000600,
00000200,
02020002,
00040600,
00000003,
00000004,
00000003,
00000000,
02000000,
03000001,
03000404,
01040000,
00020001,
01050000,
00030000,
00000400,
03000500,
00000000,
04020002,
00030600,
01000003,
00000002,
00000003,
00000000,
02000000,
03000000,
03000604,
01040000,
00020001,
00040000,
00030000,
00000400,
03000400,
00000000,
02020001,
00030600,
01000003,
00000002,
00000002,
00000000,
03000000,
02000000,
02000403,
02030000,
00020000,
00040000,
00030000,
00000600,
04000500,
00000000,
02020000,
00030600,
00000004,
00000002,
00000002,
00000000,
01000000,
02000000,
03000403,
01030000,
00020000,
00030000,
00030000,
00000500,
04000400,
00000100,
01010001,
00050600,
00000005,
00000004,
00000002,
00000000,
03000000,
03000000,
04000604,
02040000,
00020000,
01030000,
00020000,
00000400,
05000500,
00000100,
02020001,
00050600,
00000004,
00000004,
00000002,
00000000,
03000000,
03000000,
04000504,
01040000,
00030000,
00040000,
00020000,
00000400,
05000600,
00000100,
03020001,
00050700,
00000003,
00000004,
00000002,
00000000,
02000000,
03000000,
03000604,
01030000,
00030000,
00050000,
00030000,
00000400,
04010600,
00000000,
03020000,
00050600,
00000005,
00000005,
00000002,
00000000,
03000000,
03000001,
04000504,
00040000,
00020000,
00050000,
00030000,
00000200,
03000500,
00000000,
02010000,
00060600,
01000004,
00000005,
00000002,
00000000,
04000000,
02000001,
05000504,
01030000,
00030000,
00050000,
00030000,
00000200,
03000500,
00000100,
04010001,
00030400,
00000007,
00000005,
00000000,
00000000,
07000000,
00000004,
03000600,
07040000,
00020000,
03010000,
00040000,
00020000,
00000200,
00000500,
00010000,
00000100,
00000000,
01000013,
00000100,
00000000,
06000000,
00000011,
00000000,
000b0000,
01030000,
04000001,
00000000,
04060000,
00000800,
00000000,
00010000,
00000000,
00060000,
0300000c,
00000300,
00000302,
00000006,
00000011,
0a040000,
00000702,
04040003,
00000008,
00000000,
00000000,
01001000,
00000200,
00020000,
00000100,
01010000,
01000300,
00000100,
00000007,
00000200,
00000004,
0d000000,
00000606,
06040005,
00000000,
00000800,
00000000,
00000700,
00000200,
00000000,
00000000,
03040000,
00000200,
03000204,
00000009,
00040000,
00000000,
00030000,
000e0200,
05000000,
02000000,
00000700,
03000000,
00000000,
00000000,
00000000,
00000000,
00030000,
00000000,
05000707,
00040009,
00140000,
00090300,
000a0000,
00090000,
08000000,
0c000003,
00000d00,
00000000,
00000001,
00000000,
00000010,
00000000,
00000000,
00000000,
00000a0a,
0003000a,
00150000,
00050000,
00060000,
00000000,
07000000,
06000004,
00001100,
00000000,
00000000,
00000000,
00070012,
00000000,
00000000,
00000000,
00000e03,
00020007,
00130000,
00000000,
00030300,
00000002,
05000001,
00000005,
00000e00,
00000000,
00000000,
00000000,
00050000,
00000700,
00000000,
00000000,
00000200,
0000000a,
00070000,
03000000,
09001300,
00000100,
05000005,
00000000,
00000200,
00000000,
00000000,
02000000,
00000000,
00000f00,
0c030000,
00000000,
00000000,
0000000c,
00000003,
00000000,
00001300,
00050900,
04000008,
02000000,
00000000,
00010000,
00000000,
00000000,
00000000,
00000500,
0a020000,
07000003,
02000100,
03000207,
0d000008,
000a0500,
0000000a,
00000800,
000a0000,
0b000c00,
01000000,
00050000,
00000000,
00000000,
00000005,
00000100,
00070000,
00020000,
020b0600,
06060000,
0000000f,
00030000,
0001000b,
00000b00,
00020002,
0000020c,
00000000,
02000000,
00000000,
00000000,
00020005,
00000600,
00000008,
00000000,
00040000,
00000004,
09000003,
00000000,
00000001,
11000100,
03000000,
01000000,
01000000,
00030000,
00000000,
00000000,
00050000,
00000000,
00000000,
00000000,
00000000,
00000001,
06000001,
00000000,
00000000,
00000000,
02000000,
06000000,
000b0500,
00050000,
04000400,
00000000,
00001700,
00000000,
00000000,
00010000,
00000009,
00000000,
00000003,
00000000,
00000000,
00000000,
01000000,
00000000,
00120907,
00060000,
00000000,
00000500,
00002100,
00000000,
00000003,
00050000,
00000000,
00000000,
05000000,
00000000,
00000000,
000e0000,
01000000,
00000000,
00080400,
00050000,
00000000,
00000300,
00001100,
00000000,
00000000,
00200006,
00000000,
03000005,
00000201,
00060000,
00090000,
00080000,
03000002,
00000000,
00000000,
00000c07,
00000001,
001d0000,
00020000,
00080300,
00000000,
03090000,
00000000,
00000001,
00000000,
00000000,
00060000,
00000103,
0c000000,
00000000,
00000d00,
00000211,
00000000,
00000000,
00080000,
00000900,
00040000,
04020002,
00000000,
0f000104,
00000000,
00000000,
05051700,
00000000,
0b000000,
00000c00,
00000500,
05030010,
0000000f,
00000000,
00000000,
00010501,
08000002,
04010000,
01000000,
0b000000,
00000000,
00001600,
00030000,
00000000,
010c0000,
00000000,
00030000,
19080002,
00000004,
00000000,
00000000,
03000300,
0000020b,
06010000,
00000400,
05000000,
00000000,
00000001,
00000006,
00000000,
00060000,
00000206,
07060000,
00000000,
00030000,
00000000,
00000000,
00000200,
0000000c,
00000000,
00060003,
00000000,
0b000000,
01000000,
00000003,
02030000,
00030000,
01000002,
06020000,
00040200,
06050000,
00000000,
00000000,
00030000,
00000001,
00000000,
00000007,
00000000,
06000000,
03000000,
03000402,
00060000,
01040000,
00000000,
00020000,
00040700,
0a010000,
00000000,
04000003,
0602000b,
00000005,
00000000,
0000000c,
00000000,
0c000000,
00000000,
03000002,
00140000,
02000001,
00000000,
01000000,
00090400,
040f0000,
00020000,
00000001,
15060015,
08000000,
00000000,
0a000013,
00000002,
0c000000,
00000000,
0000000b,
00020000,
05000000,
00000000,
01000000,
00110000,
00040000,
00020000,
00000004,
0d000000,
04000000,
00000000,
00000019,
05000007,
00000000,
00000000,
00000011,
00000000,
08000000,
00030000,
0000000a,
000c0000,
00000000,
00000000,
00040005,
04000000,
0000001e,
00000000,
00020018,
02000002,
00000000,
00000000,
00000000,
00000000,
05000000,
01000000,
00080008,
00060000,
00000000,
00000000,
00020402,
03000000,
0000001a,
03000000,
0600000c,
00000300,
07000000,
00000000,
02000004,
01010800,
00000000,
00020300,
03020000,
00070000,
00000000,
00060000,
00020601,
00010900,
00000305,
00000000,
00040100,
01000800,
05000000,
02000000,
00000700,
03040000,
010e0001,
00040008,
05030003,
00010000,
00000000,
00000001,
050b0000,
00000101,
0000000b,
00000001,
00000000,
00000000,
08000000,
05000002,
01000003,
00030000,
00080000,
01050000,
00030003,
00000600,
08000200,
00000000,
00000000,
00020400,
00000005,
00000004,
00000003,
00000000,
02000000,
04000000,
03000605,
03040000,
00030000,
00060000,
00050001,
00000500,
03000600,
00000000,
02010001,
00020400,
01000005,
00000004,
00000003,
00000000,
03000000,
04000000,
04000505,
03040000,
00030000,
00060000,
00040000,
00000400,
02000500,
00000000,
01020000,
00040300,
00000005,
00000001,
00000004,
00000000,
02000000,
00000000,
05000402,
01040000,
00060000,
00050000,
00050000,
00010200,
06010000,
00000000,
01000001,
00050000,
01000008,
00000000,
07000002,
00000000,
02000000,
00000002,
02000009,
00070000,
00020000,
00000000,
00000000,
050b0000,
00000000,
00000000,
00000000,
110f0400,
00000002,
00040000,
24000600,
00070000,
00000000,
00000102,
0000000b,
00000000,
00000000,
00000300,
00000000,
060f0000,
00000000,
00050000,
00000000,
06081400,
00000000,
00070000,
1b000200,
00000001,
00000000,
00000000,
00000105,
00000000,
00000000,
00000000,
00000002,
00090000,
02000000,
00060000,
00000000,
00020f00,
00000000,
02000000,
01060000,
00000000,
00000000,
00000000,
00000002,
03000000,
00070000,
00000001,
00000005,
00010000,
07000500,
00000400,
00000000,
00030600,
01000007,
00000001,
00010000,
00000000,
04000000,
03000000,
02000003,
03020000,
00050000,
01000000,
00030000,
00000500,
06000400,
00000100,
02020000,
00040600,
00000003,
00000003,
00000002,
00000000,
02000000,
02000000,
01000403,
01030000,
00020000,
01030000,
00020000,
00000700,
04000500,
00000000,
01030001,
00020600,
00000005,
00000003,
00000003,
00000000,
02000000,
02000000,
03000504,
01030000,
00020000,
00050000,
00030000,
00000600,
03000500,
00000000,
01020000,
00020500,
00000004,
00000003,
00000003,
00000000,
00000000,
03000001,
03000505,
02040000,
00030000,
00050000,
00050000,
00000500,
03000500,
00000000,
01010000,
00020500,
01000006,
00000002,
00000003,
00000000,
01000000,
03000000,
02000504,
02040000,
00030000,
00040000,
00040000,
00000500,
03000500,
00000100,
01010000,
00020400,
01000008,
00000003,
00000003,
00000000,
02000000,
03000000,
02000404,
02040000,
00010000,
00030000,
00040000,
00000600,
04000500,
00000100,
01010000,
00020500,
00000004,
00000004,
00000002,
00000000,
02000000,
03000001,
03000404,
02040000,
00020000,
00030000,
00030000,
00000600,
04000600,
00000100,
01010001,
00000500,
00000003,
00000005,
00000003,
00000000,
01000000,
04000001,
03000604,
01030000,
00020001,
01040000,
00020000,
00000500,
03000600,
00000000,
01010001,
00000500,
00000005,
00000003,
00000003,
00000000,
01000000,
05000000,
03000504,
01030000,
00020001,
00040000,
00030000,
00000400,
03000500,
00000000,
02010000,
00000500,
01000005,
00000002,
00000003,
00000000,
02000000,
04000000,
03000403,
01030000,
00020000,
00030000,
00030000,
00000400,
03000500,
00000100,
01010000,
00000400,
00000005,
00000004,
00000004,
00000000,
01000000,
03000000,
03000503,
00030000,
00020000,
01020000,
00030001,
00000600,
04000400,
00000000,
00020001,
00000400,
00000005,
00000004,
00000004,
00000000,
01000000,
03000000,
03000503,
00040000,
00010000,
01030000,
00040001,
00000600,
04000300,
00000000,
00010000,
00010400,
00000005,
00000004,
00000003,
00000000,
02000000,
03000000,
03000503,
01040000,
00020000,
01040000,
00030000,
00000600,
04000400,
00000000,
01020000,
00010400,
00000004,
00000004,
00000003,
00000000,
01000000,
03000000,
02000503,
00030000,
00020000,
01040000,
00020000,
00000600,
04000300,
00000000,
01020000,
00010400,
01000005,
00000003,
00000003,
00000000,
02000000,
03000000,
02000404,
00030000,
00020000,
01040000,
00030000,
00000600,
04000400,
00000000,
01020000,
00020500,
00000005,
00000004,
00000003,
00000000,
02000000,
03000000,
03000403,
01030000,
00020000,
01040000,
00030000,
00000600,
04000400,
00000000,
01010000,
00010400,
00000005,
00000004,
00000003,
00000000,
01000000,
03000001,
03000504,
02050000,
00020000,
01040000,
00020000,
00000500,
04000500,
00000000,
02010001,
00020400,
00000005,
00000004,
00000003,
00000000,
02000000,
03000000,
03000404,
02040000,
00030000,
01040000,
00030000,
00000400,
03000500,
00000000,
02010002,
00020500,
01000004,
00000003,
00000003,
00000000,
02000000,
04000000,
03000404,
01040000,
00020000,
01040000,
00020000,
00000300,
03000500,
00000000,
03010002,
00010500,
01000004,
00000003,
00000003,
00000000,
02000000,
04000000,
03000604,
01040000,
00020000,
01040000,
00030000,
00000500,
03000400,
00000000,
03020001,
00020600,
00000003,
00000003,
00000002,
00000000,
02000000,
03000000,
03000504,
02030000,
00030000,
00040000,
00020000,
00000600,
04000400,
00000000,
02020000,
00030600,
00000004,
00000003,
00000002,
00000000,
00000000,
03000001,
03000404,
00040000,
00020000,
01040000,
00020000,
00000500,
05000500,
00000000,
01030000,
00040600,
00000005,
00000005,
00000002,
00000000,
01000000,
03000002,
03000504,
01040000,
00020000,
01040000,
00020000,
00000400,
04000600,
00000100,
02020001,
00050500,
00000004,
00000004,
00000002,
00000000,
02000000,
03000001,
03000504,
00040000,
00020000,
01040000,
00020000,
00000200,
04010600,
00000000,
03020001,
00040600,
01000004,
00000004,
00000002,
00000000,
02000000,
04000000,
04000504,
01030000,
00020000,
01050000,
00020000,
00000200,
03010500,
00000000,
02020000,
00020600,
00000005,
00000005,
00000001,
00000000,
02000000,
04000001,
04000405,
01040000,
00020001,
01060000,
00030000,
00000200,
03010400,
00000000,
02020000,
00030500,
00000005,
00000005,
00000002,
00000000,
03000000,
04000001,
04000505,
01040000,
00020002,
01060000,
00030000,
00000200,
04030400,
00000000,
03010001,
00020300,
00000004,
00000007,
00000000,
00000000,
04000000,
02000006,
02000303,
09030000,
00020000,
03030000,
00040000,
00020000,
00000300,
00000300,
00000000,
02000000,
00000000,
00000016,
00000100,
02000000,
06000000,
00000010,
00000000,
00050001,
01030000,
04000002,
00000000,
04060000,
00000a00,
00020100,
00010000,
00000000,
00040000,
0200000b,
00000400,
00000202,
00000009,
00000011,
0e030000,
00000602,
04050007,
00000005,
00000000,
00000000,
00001200,
00000000,
00000000,
00000100,
05000000,
00000200,
00000200,
00000007,
00000405,
01000003,
0e020000,
0002060b,
05070208,
00000000,
00000700,
00000000,
00000500,
00000000,
00000000,
00070100,
03010000,
00000000,
00000107,
00000007,
00050403,
01000000,
0a060000,
00190209,
05000000,
00000000,
00000300,
00000000,
00000000,
08000004,
06000000,
000c0105,
01000000,
00000000,
0000000a,
0005000a,
000b0000,
00000000,
080c0000,
0019030b,
07000000,
00000000,
00000500,
00000000,
00000400,
09000003,
00030003,
0003040d,
00000000,
00000100,
00000005,
00010009,
00100000,
00000000,
080a0000,
0013040d,
08000003,
00000000,
00000700,
00000000,
00000500,
0b000002,
00050005,
00000709,
00030000,
00000000,
00000000,
00000007,
000f0000,
04000000,
02070900,
000a000b,
05000000,
00000000,
00000300,
00000000,
00000400,
09000000,
00020000,
00000c00,
00010000,
00000000,
00000000,
00000006,
00070000,
00000000,
00001500,
00000506,
06000004,
00000000,
00000000,
00010000,
00000200,
0c000000,
00000000,
00000800,
0d040000,
00000000,
00000000,
00000009,
00000000,
00000000,
00001000,
00000800,
06030009,
02000000,
00000000,
00020000,
00000000,
00000000,
00000000,
00000000,
0b010000,
0a000000,
00000100,
00040008,
0f00000d,
00090900,
00000008,
00000400,
000b0000,
05000900,
06000000,
000a0000,
00000000,
00000000,
00000100,
00000000,
00030000,
00000000,
00040500,
06070000,
0000000e,
00030000,
00000004,
00000700,
03060000,
00000008,
00000006,
00040002,
00000100,
00000000,
00001000,
00000000,
00000007,
02000000,
00000000,
00000005,
08000000,
00000001,
00000002,
0c000000,
03000000,
00000000,
02000000,
00040000,
00000100,
00000000,
00000500,
00000000,
00000000,
00020000,
00000100,
00000003,
00000000,
000c0006,
00000000,
00000000,
08000000,
00000000,
00000600,
00070000,
00000000,
00040000,
00080e00,
00000000,
00000000,
00080000,
00000300,
00010004,
00000000,
00040000,
00000000,
00000000,
09000000,
00000000,
0000081f,
0004000e,
00000000,
00000000,
000e1700,
00000000,
00000000,
00010000,
00000003,
00050007,
02000000,
00020000,
00000000,
00000000,
07000000,
00000000,
00010b0d,
0004000b,
00000900,
00000000,
00011600,
00000000,
00000000,
000f0000,
00000001,
00000002,
00000000,
00000000,
00010000,
00000000,
07000007,
00000000,
00000c11,
00000006,
00000000,
00000000,
00010000,
00000800,
00000000,
03000000,
00000000,
020a0802,
00000000,
00000500,
00010200,
00000300,
0c000000,
00000a05,
00000600,
0201000d,
00000000,
00000000,
00060005,
0000100c,
00060000,
05060000,
00000100,
06000002,
00000000,
00000100,
03000c00,
00000100,
09000008,
00000000,
00000000,
0400000d,
00000000,
00000000,
00000000,
00000008,
0a010100,
07020000,
05000600,
08000000,
00000000,
00001700,
00010003,
00000000,
020d0000,
00060000,
00060000,
0f0e0001,
00000005,
00000000,
00000000,
07000000,
00000103,
09020000,
00000500,
07000000,
00000000,
00000100,
00000009,
00000000,
02000000,
00000007,
080a0001,
00060000,
00000000,
00000000,
00000000,
00000000,
0000001a,
00000000,
00040004,
00000000,
08000000,
00000001,
00000000,
03000000,
00000000,
00000003,
08020000,
00020100,
00040000,
00000000,
00000100,
01000200,
00000000,
00000000,
00010003,
00000000,
04000000,
04000000,
02000305,
00030000,
00030300,
02000000,
00020000,
00000400,
06000000,
00000000,
02000002,
04030000,
00000001,
00000000,
00000008,
00000000,
0b000000,
04000000,
06000205,
000c0000,
01030000,
00000000,
00010000,
00030300,
0d030000,
00000000,
05000104,
0b000011,
00000000,
00000000,
01000010,
00000000,
0d000000,
00000000,
01000003,
00130000,
01000000,
00000000,
02000000,
00090000,
050f0000,
00000000,
00000000,
0f05001a,
05000000,
00000000,
06000113,
00000000,
08000000,
00000000,
0000000b,
00030000,
03000000,
00010000,
00000000,
000f0000,
00060000,
00000000,
00000007,
0a020000,
02000000,
00000000,
00000018,
08000003,
00000000,
00000000,
0000000c,
00000000,
09000000,
00000000,
00000002,
000c0000,
00000000,
00000000,
00020006,
07000000,
0000001b,
05000000,
00000014,
04000300,
00000001,
00000000,
04000007,
00000700,
02000000,
00000300,
00040003,
00030000,
00000000,
00020000,
00000502,
01040a00,
00000305,
00000100,
00040100,
01000700,
05000000,
00000000,
00000700,
03040000,
000f0000,
00060008,
06040001,
00010000,
00000100,
00000001,
040c0000,
00000000,
0000000c,
00000002,
00000000,
00000000,
08000000,
04000004,
02000003,
00030000,
00080000,
01050000,
00030001,
00000600,
06000200,
00000000,
00000000,
00010501,
00000004,
00000003,
00000003,
00000000,
01000000,
04000001,
03000505,
03030000,
00030000,
00060000,
00040001,
00000400,
02000400,
00000000,
02010001,
00010500,
00000004,
00000004,
00000003,
00000000,
01000000,
05000001,
04000506,
03040000,
00030000,
00060000,
00040001,
00000400,
02000500,
00000100,
01010001,
00050300,
00000002,
00000000,
00000005,
00000000,
02000000,
04000000,
05000806,
00040000,
00040000,
00050000,
00050000,
00000600,
07010000,
00000000,
03000001,
01070100,
00000005,
00000000,
00000007,
00000000,
07000000,
00000000,
03000002,
000e0000,
00080000,
00000100,
00000000,
00050200,
0c000000,
00000000,
00000003,
07060701,
00000008,
00030000,
10000304,
00000000,
02000000,
00000000,
00000001,
000a0000,
00000000,
00000000,
00000000,
00070000,
06000000,
00000300,
00000000,
00040c00,
00000000,
00000100,
12000000,
00000000,
00000000,
00000000,
00000400,
05000000,
00000000,
00000000,
00000000,
00090000,
03000000,
00000200,
00000000,
00040900,
00000000,
00000003,
01020000,
00000000,
01000000,
03000000,
02000002,
00000000,
00070000,
02000001,
00000000,
00000100,
05000100,
00000100,
00030000,
00030700,
01000005,
00000002,
00010002,
00000000,
02000000,
03000000,
02000103,
02030000,
00040000,
01010000,
00030000,
00000500,
05000500,
00000000,
02030001,
00030600,
00000005,
00000003,
00000002,
00000000,
02000000,
02000000,
02000403,
02040000,
00020000,
01030000,
00020000,
00000500,
04000500,
00000000,
02020001,
00030500,
00000004,
00000004,
00000002,
00000000,
01000000,
02000000,
04000505,
02030000,
00020000,
00050000,
00030000,
00000400,
03000600,
00000000,
02010001,
00020300,
00000003,
00000003,
00000003,
00000000,
00000000,
03000001,
04000406,
02030000,
00030000,
01050000,
00040000,
00000400,
03000600,
00000000,
02010000,
00010400,
00000005,
00000001,
00000003,
00000000,
00000000,
02000000,
02000504,
00030000,
00030000,
00040000,
00040000,
00000400,
03000400,
00000000,
01010000,
00020400,
00000007,
00000003,
00000003,
00000000,
02000000,
02000000,
02000403,
00040000,
00020000,
00030000,
00040000,
00000600,
05000500,
00000100,
00020000,
00020400,
00000006,
00000005,
00000002,
00000000,
01000000,
02000000,
03000404,
00050000,
00010000,
00030000,
00040000,
00000600,
03000500,
00000100,
00010000,
00010500,
00000004,
00000005,
00000002,
00000000,
01000000,
03000001,
02000504,
01040000,
00020000,
01050000,
00030000,
00000600,
02000500,
00000000,
02020000,
00010500,
00000004,
00000003,
00000002,
00000000,
02000000,
03000001,
03000503,
02030000,
00020000,
01040000,
00020000,
00000600,
03000400,
00000000,
02020000,
00010400,
00000005,
00000004,
00000003,
00000000,
01000000,
03000000,
03000403,
00050000,
00020000,
01030000,
00030000,
00000600,
03000500,
00000000,
00020000,
00010400,
00000005,
00000005,
00000003,
00000000,
01000000,
01000000,
02000403,
00040000,
00020000,
02050000,
00030000,
00000700,
03000500,
00000000,
00020000,
00020500,
00000005,
00000004,
00000002,
00000000,
00000000,
02000000,
03000604,
01040000,
00030000,
00050000,
00030000,
00000500,
02000400,
00000000,
01010000,
00030400,
00000005,
00000004,
00000002,
00000000,
01000000,
02000000,
03000503,
01040000,
00030000,
01050000,
00020000,
00000500,
03000600,
00000000,
02020000,
00030400,
00000003,
00000004,
00000002,
00000000,
00000000,
01000001,
02000503,
00040000,
00030000,
01050000,
00030000,
00000500,
03000500,
00000000,
02020000,
00030500,
00000004,
00000004,
00000002,
00000000,
02000000,
02000000,
03000504,
00040000,
00030000,
00060000,
00030000,
00000400,
03000500,
00000100,
01030000,
00040400,
01000005,
00000004,
00000002,
00000000,
01000000,
02000000,
03000505,
01030000,
00020000,
01070000,
00040000,
00000500,
03000600,
00000000,
01030000,
00010400,
00000005,
00000004,
00000002,
00000000,
01000000,
03000001,
03000504,
01040000,
00020000,
01060000,
00030000,
00000500,
02000500,
00000000,
02030000,
00010501,
00000004,
00000003,
00000002,
00000000,
01000000,
04000001,
02000504,
01040000,
00020000,
01050000,
00030000,
00000400,
02000500,
00000000,
02030000,
00020500,
00000004,
00000003,
00000003,
00000000,
02000000,
04000000,
02000505,
01040000,
00020000,
01050000,
00030003,
00000400,
03000500,
00000000,
02030001,
00030400,
02000004,
00000003,
00000003,
00000000,
03000000,
03000000,
02000504,
01040000,
00020000,
01050000,
00030001,
00000500,
04000500,
00000000,
02030000,
00020500,
00000005,
00000003,
00000002,
00000000,
02000000,
03000000,
02000504,
01040000,
00020000,
01050000,
00030000,
00000500,
03000500,
00000000,
02020000,
00020600,
00000003,
00000005,
00000002,
00000000,
01000000,
03000001,
02000504,
00040000,
00020001,
01060000,
00030000,
00000400,
03010600,
00000000,
01020000,
00010500,
00000004,
00000003,
00000002,
00000000,
01000000,
04000001,
03000504,
00040000,
00020002,
01050000,
00030000,
00000400,
02000400,
00000000,
01020001,
00010600,
00000005,
00000003,
00000002,
00000000,
02000000,
04000001,
03000505,
01040000,
00010002,
02050000,
00030000,
00000300,
02000300,
00000000,
01020001,
00020600,
00000004,
00000004,
00000002,
00000000,
03000000,
04000000,
03000405,
01040000,
00020001,
02060000,
00030000,
00000300,
03010300,
00000000,
01020000,
00020500,
00000004,
00000004,
00000002,
00000000,
03000000,
04000001,
04000405,
01030000,
00020001,
01060000,
00040000,
00000300,
03000400,
00000100,
02020000,
00010500,
00000005,
00000004,
00000003,
00000000,
02000000,
04000002,
05000505,
01040000,
00020002,
01080000,
00040000,
00000200,
02020400,
00000000,
02010000,
00000100,
00000003,
01000007,
00000000,
00000000,
03000000,
01000005,
00000201,
0a060000,
00010000,
03040000,
00040000,
01020000,
00000300,
00000200,
00010000,
00000000,
00010000,
00000016,
00000400,
03000000,
03000000,
00000012,
00000000,
00000000,
00040000,
04000004,
00000000,
08040000,
00000900,
00020100,
00000000,
00000000,
00040000,
00000001,
00000100,
00000006,
00000004,
00000013,
0b000000,
00000100,
00000004,
00000003,
00000000,
00000000,
06001000,
00000100,
00000000,
00000300,
02000000,
04000000,
02010000,
0000000b,
00000300,
0b000000,
0a020000,
00000205,
00000901,
00000000,
00000b00,
00000000,
00000700,
00000001,
00000000,
00000000,
00000000,
00000000,
00000000,
00000008,
00000500,
0f000000,
06030000,
0001010c,
03000f00,
01000000,
00000700,
00000000,
00000300,
04000008,
05030000,
00000100,
01000000,
00000100,
00000300,
00000006,
00000600,
0e000000,
03030000,
0002000d,
04000b01,
01000000,
00000300,
00000000,
00000400,
04000005,
06010000,
00000100,
00000000,
00000000,
00000403,
00000006,
00000600,
0c000000,
05030000,
0003000f,
05000b04,
00000000,
00000200,
00000000,
00000200,
05000008,
06020000,
00000400,
00000000,
00000000,
00010201,
00000005,
00000500,
0d000000,
06000800,
000a030d,
04000003,
00000000,
00000300,
00000000,
00000300,
08000000,
08020000,
00000c00,
00010000,
00000000,
02050000,
00000008,
00000000,
08000000,
00001600,
000b0b05,
05000006,
00000000,
00000000,
00010000,
00000000,
09000000,
00000000,
00000b00,
09010000,
03000000,
00000000,
00000008,
00000001,
00010000,
00000f00,
00000700,
03070008,
06000000,
00000000,
00050000,
00000000,
00000000,
00000000,
00000000,
06010000,
0a000000,
00000000,
00000005,
10000006,
00070800,
00020004,
00000000,
000e0000,
00000000,
0a010000,
000a0000,
00000000,
00010000,
00000200,
00000300,
00060000,
02000000,
00000400,
04000502,
0000000a,
00030200,
00000102,
00000000,
06020001,
00000008,
0600000f,
000a0007,
00000000,
00000000,
00000000,
00000000,
00000010,
09050000,
00000300,
00000003,
10000000,
00000000,
00000000,
06000000,
05000000,
00000000,
0b000000,
00030000,
00000000,
00000000,
00000100,
00000000,
00000000,
000f0000,
00000400,
01000002,
00000000,
0003000f,
00060000,
00000000,
05000004,
00000000,
00000600,
00060000,
00000000,
00090000,
00000000,
00000000,
00000000,
000b0000,
00000000,
00000008,
00000000,
00000000,
00080000,
00000000,
09000007,
00000000,
00000700,
0003000f,
00000000,
00000000,
00100000,
00000000,
00000000,
00010000,
00000000,
00000009,
00000000,
00040400,
00050000,
00000002,
09000004,
00000000,
00001500,
00030008,
00000000,
00000000,
00070000,
00000200,
00000000,
000b0000,
00000000,
01020007,
00000000,
00040000,
00080300,
00000001,
00000000,
00000000,
00000c18,
0000000a,
00000001,
00000000,
000b0002,
00000e00,
00000000,
00000000,
00000000,
020e0704,
00000000,
00030b00,
00000a00,
00000d00,
02000000,
00000000,
00000800,
0300000a,
00000003,
00000000,
00060005,
00000704,
00000000,
06020000,
00000600,
07000000,
02000000,
00000000,
03000e00,
00000000,
01030006,
00000100,
00000000,
01010001,
00000000,
00000000,
00000000,
05040002,
09000000,
07020000,
12000600,
08040100,
07000000,
00000e00,
00010006,
00000000,
000b0000,
00000008,
00050000,
05120000,
00000007,
00020000,
00000000,
10000500,
00010000,
01000000,
00030200,
06020301,
00000000,
00000400,
00000008,
00000000,
00000000,
00000007,
00080005,
000d0000,
00000000,
00000000,
00000000,
00000500,
0000000e,
00000000,
00080000,
00000000,
05000000,
00000000,
00000000,
00000000,
00000000,
00000002,
05000000,
00000000,
00000000,
00000000,
00000000,
00000401,
00000002,
00000001,
00010000,
00000000,
02000000,
00000000,
00000003,
00050000,
00040000,
03000000,
00000000,
00000400,
05000300,
00000000,
00000002,
01010400,
00000001,
00000000,
00020004,
00000000,
02000000,
06000000,
02000507,
00030000,
00020100,
01000000,
00040000,
00000500,
07000100,
00000000,
04020005,
03010000,
00000001,
00000000,
00000008,
00000000,
0b000000,
04000000,
03000405,
00080000,
01010000,
00000000,
00030000,
00030800,
09000000,
00000000,
04000005,
0a000010,
00000000,
00000000,
0000000e,
00000000,
0b000000,
00000000,
04000002,
00130000,
01000000,
00000000,
01000000,
00090700,
010d0000,
00000000,
00000001,
10070012,
04000000,
00000000,
06000010,
00000000,
0b000000,
00000000,
00000008,
00040000,
07000000,
00000000,
00000000,
000f0000,
00000000,
00000000,
00000006,
09030000,
03050000,
0b000000,
00000013,
10000400,
00000300,
00000000,
0000000e,
00000b00,
07000000,
00040200,
00000006,
00040000,
00000000,
00000000,
00010005,
01040900,
00000304,
00000100,
00040000,
01000700,
05000000,
00000000,
00000700,
03060000,
000f0000,
00070008,
07030000,
00010000,
00000000,
00000000,
050c0000,
00000100,
0000000d,
00000001,
00000000,
00000100,
09000000,
04000002,
02000003,
00040000,
00080000,
01060000,
00020000,
00000700,
06000100,
00000000,
00000000,
00020500,
00000005,
00000004,
00000002,
00000000,
02000000,
03000000,
04000505,
03040000,
00030000,
00060000,
00030000,
00000600,
03000400,
00000000,
02020000,
00020501,
00000005,
00000005,
00000002,
00000000,
02000000,
04000001,
04000505,
03040000,
00030000,
00060000,
00030000,
00000500,
02000500,
00000000,
02010001,
00020500,
00000003,
00000002,
00000004,
00000000,
03000000,
05000000,
04000606,
02040000,
00030000,
00060000,
00040000,
00000500,
04010300,
00000100,
02020001,
01020200,
00000001,
00000000,
00000006,
00000000,
03000000,
03000000,
02000206,
00040000,
00020000,
00030000,
00040000,
00010800,
08000100,
00000100,
00020001,
01010400,
00000005,
00000000,
00000007,
00000000,
04000000,
00000000,
00000005,
00030000,
00000000,
00000000,
00010000,
00020700,
06000200,
00000100,
00010000,
00020400,
00000005,
00000006,
00000006,
00000000,
01000000,
00000000,
02000404,
00020000,
00010100,
02000000,
00020000,
00020600,
05000400,
00000000,
00000000,
00000500,
00000005,
00000004,
00020004,
00000000,
00000000,
03000002,
01000304,
00030000,
00010001,
01010000,
00030000,
00000600,
04010300,
00000000,
00010002,
00000500,
00000006,
00000000,
00020002,
00000000,
02000000,
02000000,
00000204,
00040000,
00000000,
00010000,
00020000,
00000400,
03000200,
00000000,
00040002,
00000200,
00000006,
00000002,
00000002,
00000000,
02000000,
01000000,
00000303,
01050000,
00000000,
01030000,
01010000,
00000400,
01000200,
00000000,
00010000,
00000300,
00000005,
00000004,
00000003,
00000000,
01000000,
02000000,
04000503,
02040000,
00010000,
00050000,
00030000,
00000400,
02000500,
00000000,
02010000,
00010200,
01000003,
00000004,
00000003,
00000000,
00000000,
03000001,
03000305,
01040000,
00040000,
00060000,
01060000,
00000300,
02000600,
00000000,
01010000,
00000300,
00000004,
00000001,
00010003,
00000000,
00000000,
02000000,
01000404,
00030000,
00040000,
01050000,
01050000,
00000500,
00000400,
00000000,
00020000,
00000400,
00000006,
00000003,
00000003,
00000000,
01000000,
02000000,
02000303,
00040000,
00020000,
01040000,
00040000,
00000500,
03010500,
00000000,
00020000,
00010400,
00000005,
00000005,
00000002,
00000000,
00000000,
02000001,
03000504,
02040000,
00020000,
01050000,
00030000,
00000400,
03000500,
00000000,
01010000,
00020400,
00000004,
00000004,
00000001,
00000000,
01000000,
02000001,
03000504,
01040000,
00030000,
00060000,
00030000,
00000500,
03000500,
00000100,
01020000,
00030400,
00000003,
00000004,
00000002,
00000000,
01000000,
02000001,
03000504,
01030000,
00030000,
01050000,
00030000,
00000500,
03000600,
00000100,
02030000,
00030400,
01000004,
00000004,
00000002,
00000000,
01000000,
02000002,
03000404,
00040000,
00020000,
01050000,
00030000,
00000500,
02000500,
00000000,
01030000,
00040500,
00000004,
00000003,
00000002,
00000000,
01000000,
03000001,
03000504,
00040000,
00020000,
00060000,
00020000,
00000600,
02000500,
00000000,
02030000,
00050500,
00000003,
00000003,
00000002,
00000000,
00000000,
04000001,
04000604,
01050000,
00020000,
00060000,
00020000,
00000400,
03010600,
00000100,
03030000,
00040500,
00000004,
00000004,
00000001,
00000000,
01000000,
03000001,
04000504,
00050000,
00020000,
00060000,
00020000,
00000400,
02010500,
00000100,
02030000,
00040500,
01000003,
00000004,
00000001,
00000000,
01000000,
02000000,
02000504,
00040000,
00030000,
01060000,
00020000,
00000500,
02000500,
00000000,
02030000,
00030500,
00000004,
00000004,
00000002,
00000000,
01000000,
02000001,
03000505,
00040000,
00020001,
01060000,
00030000,
00000400,
02010500,
00000100,
02030000,
00030500,
02000004,
00000004,
00000002,
00000000,
02000000,
03000000,
02000505,
02040000,
00030000,
01060000,
00030000,
00000500,
02000600,
00000000,
02030000,
00030500,
00000004,
00000003,
00000002,
00000000,
02000000,
02000000,
03000504,
01040000,
00030000,
00060000,
00030000,
00000400,
02000400,
00000000,
01020000,
00020500,
00000004,
00000002,
00000002,
00000000,
02000000,
01000000,
03000403,
01040000,
00020000,
00040000,
00030000,
00000500,
03000500,
00000200,
00020000,
00030400,
00000004,
00000003,
00000003,
00000000,
01000000,
01000001,
03000403,
00030000,
00020000,
01040000,
00020000,
00000400,
03000500,
00000100,
01020000,
00040500,
01000004,
00000003,
00000003,
00000000,
01000000,
02000001,
03000403,
01040000,
00030000,
00050000,
00030000,
00000500,
03000500,
00000000,
02030000,
00050600,
00000005,
00000004,
00000002,
00000000,
02000000,
02000000,
03000504,
00040000,
00020000,
00050000,
00020000,
00000500,
03000600,
00000000,
02030000,
00030601,
00000004,
00000004,
00000002,
00000000,
02000000,
04000001,
02000505,
01040000,
00020001,
00050000,
00020000,
00000300,
02000600,
00000000,
02020001,
00020600,
01000003,
00000003,
00000002,
00000000,
02000000,
04000001,
02000505,
00030000,
00020000,
01040000,
00020000,
00000400,
02000400,
00000000,
02020001,
00010600,
00000004,
00000003,
00000002,
00000000,
02000000,
03000000,
03000505,
00040000,
00020001,
01040000,
00030000,
00000300,
03000400,
00000000,
01010001,
00030600,
00000004,
00000004,
00000002,
00000000,
03000000,
03000000,
03000505,
00040000,
00020000,
02060000,
00020000,
00000300,
03010400,
00000000,
01020001,
00040500,
01000003,
00000004,
00000002,
00000000,
03000000,
03000001,
04000406,
01030000,
00020000,
01060000,
00030000,
00000300,
02020400,
00000000,
02020000,
00020600,
00000006,
00000004,
00000002,
00000000,
03000000,
04000001,
05000504,
02030000,
00020000,
01070000,
00040000,
00000100,
02020400,
00000000,
02010000,
00010100,
00000002,
02000007,
00000000,
00000000,
04000000,
00000006,
02000202,
07050000,
00030000,
01050200,
00030000,
01030000,
00000100,
00000200,
00000000,
00000000,
00010000,
00000014,
00000000,
00010001,
02000001,
00000015,
00000000,
00000000,
00010000,
04000000,
00000000,
10070000,
00000d00,
00000000,
00000000,
00000000,
00000000,
00000000,
00000000,
00000009,
0000000c,
0000001b,
00000000,
00000000,
00000010,
00000000,
00000000,
00000000,
06001600,
00000000,
00000600,
00000003,
00000000,
00000100,
03000000,
0000000e,
00000500,
08000004,
00000000,
00000000,
0000070d,
0a000000,
00000b08,
00000000,
00000900,
0000000b,
00000c08,
00000000,
00000000,
00000000,
00000003,
0000000e,
00000900,
13000000,
00000000,
00000000,
00000900,
0c000000,
00010805,
00000000,
00000600,
02000012,
00000709,
00000000,
00000000,
00000000,
00000002,
0000000d,
00000901,
14000000,
03000000,
00000000,
00000b00,
08000000,
00050700,
04000000,
00000300,
0200000b,
0000060a,
00000000,
00000000,
00000000,
04000001,
0000000c,
00000700,
11000000,
07000000,
00000001,
00000d00,
07000000,
00080600,
02000000,
00000200,
03000809,
00000804,
00000000,
00030000,
00000000,
01040000,
0000000d,
00000700,
0b000000,
0a000100,
00000000,
00000200,
02000000,
00070800,
00000000,
00000700,
04001002,
00000000,
00000c00,
00010000,
00000000,
08050000,
0000000e,
00000000,
08000000,
00001600,
00000500,
00000000,
06000000,
00000000,
00000000,
00000000,
07000000,
00000000,
00000c00,
04000000,
05000000,
00000300,
00000009,
00000000,
00040000,
00001300,
00000400,
01000003,
0e000900,
00000000,
00020000,
00000000,
00000000,
00000000,
00060200,
00000000,
08020001,
00000500,
00000003,
0600000c,
00071100,
00020000,
00000003,
00160000,
00000002,
03000000,
03020000,
00000003,
00030000,
00000000,
000f0900,
00080000,
01000000,
00000100,
00000007,
0000000a,
00030000,
00000200,
00000b00,
05040000,
00000004,
01000000,
0006000b,
00000000,
00000700,
00000000,
00000000,
00000007,
05000000,
00000000,
00000107,
09000000,
00050000,
00000000,
00010600,
03000000,
00000000,
08000000,
00030000,
00000000,
00000000,
00000300,
00000000,
00000000,
020d0009,
00000000,
0e000006,
00000000,
00090007,
00070000,
00000000,
05000001,
01000000,
03000500,
00000000,
00000000,
00120000,
00060000,
00000400,
00000000,
000c0000,
00000000,
00000005,
00000000,
00020000,
000d0400,
00000200,
0b00000c,
00000100,
00000d00,
0000000c,
00000000,
00060000,
00130000,
00000000,
00000000,
000b0000,
00000000,
01000012,
00000000,
00030800,
000c0000,
00000005,
0a000000,
00000000,
02000600,
00000013,
00000008,
00000000,
00140000,
00000000,
00000000,
00020000,
00000000,
0e000005,
00000000,
00000000,
00050000,
00000502,
0700000e,
00000d00,
00001015,
00000009,
00000000,
00000000,
00060000,
00000600,
00000000,
00030000,
00000400,
04080001,
00000000,
00010900,
00000c00,
00000603,
01000002,
00000003,
00000303,
0800000a,
00000000,
00000000,
0007000a,
00030700,
00000000,
04010000,
00000100,
09000000,
00000000,
00000000,
05000d00,
00000000,
00070001,
00000002,
00000000,
00010007,
00000000,
00000000,
00000001,
060a0800,
03000006,
00000000,
18000400,
02000000,
06000000,
00000000,
00000002,
00000000,
00060000,
00000000,
00000000,
070d0000,
00000000,
00000000,
00000000,
0b0c1000,
00000000,
00000000,
17000500,
00000001,
00000000,
00000000,
00000005,
00000000,
00000000,
00000002,
00000001,
000d0000,
00000000,
00000400,
00000000,
00020a00,
00000000,
02000000,
00030000,
00000000,
00000000,
00000000,
00000004,
00000000,
00000000,
00000001,
00000000,
00040000,
07030200,
00000500,
00000000,
00010400,
00000006,
00000002,
00020000,
00000000,
00000000,
02000000,
00000003,
00040000,
00030100,
01000000,
00000000,
00000600,
05000500,
00000100,
00000000,
00020600,
00000004,
00000003,
00000002,
00000000,
00000000,
05000000,
02000503,
01040000,
00020000,
02010000,
00010000,
00000400,
03000400,
00000000,
02020002,
01010300,
02000002,
00000000,
00020003,
00000100,
03000000,
06000000,
03000805,
00020000,
00020100,
01010000,
00040000,
00000700,
05000000,
00000000,
02010002,
05000000,
00000003,
00000000,
00000006,
00000000,
08000000,
04000000,
05000402,
00070000,
01040000,
00000000,
00000000,
00050700,
07000000,
00000000,
04000001,
0a000011,
00000000,
00000000,
05000009,
00000000,
0d000000,
00000001,
01000000,
000d0000,
04000000,
00000000,
00000000,
00080000,
00050000,
00000000,
00000002,
0c0f000b,
06000000,
08000000,
10000008,
0e000000,
02000300,
00000000,
0102020f,
01000500,
01000000,
00030900,
00000000,
00050000,
00000001,
00030000,
0000000a,
01050a00,
00000304,
00000100,
00040000,
01000600,
04000000,
00000000,
00000700,
04050000,
000f0000,
00070008,
06040000,
00010001,
00000100,
00000001,
040c0000,
00000100,
0000000c,
00000001,
00000000,
00000000,
08000000,
04000003,
02000003,
00040000,
00070000,
00060000,
00030000,
00000600,
07000300,
00000100,
00000000,
00030400,
00000006,
00000004,
00000003,
00000000,
02000000,
02000001,
03000405,
02040000,
00020000,
00060000,
00040000,
00000500,
03000600,
00000100,
02010001,
00030400,
01000005,
00000004,
00000003,
00000000,
03000000,
04000000,
03000405,
03040000,
00020000,
01060000,
00030000,
00000500,
03000500,
00000100,
02020001,
00020400,
00000004,
00000004,
00000002,
00000000,
03000000,
04000000,
03000505,
03040000,
00020000,
01060000,
00040000,
00000500,
03000500,
00000100,
02020001,
00020500,
00000005,
00000003,
00000002,
00000000,
02000000,
02000001,
04000404,
02040000,
00030000,
00050000,
00030000,
00000500,
03000500,
00000000,
03020000,
00010500,
00000005,
00000003,
00000002,
00000000,
02000000,
02000000,
04000404,
02040000,
00030000,
00040000,
00020000,
00000600,
04000600,
00000000,
02010000,
00000600,
00000008,
00000003,
00000000,
00000000,
01000000,
02000001,
01000803,
05010000,
00000000,
02040000,
00030000,
00000400,
01000400,
00000000,
02010000,
00000800,
00000006,
00000400,
00040000,
00000000,
02000000,
00000001,
00000104,
07000000,
00000000,
02030000,
00020000,
00030400,
01000300,
00000000,
00020000,
00000000,
00000003,
00000201,
00000000,
00000000,
00000000,
00000000,
00000004,
00000000,
00000000,
05000000,
00060000,
02070100,
00000000,
00000000,
00000200,
00000000,
00000010,
00020000,
00000000,
00000000,
00000000,
00000000,
00000601,
00010000,
00000000,
02000001,
03030000,
00020000,
00000000,
00000000,
00000900,
00000001,
00000009,
00000000,
00000003,
00000100,
04000000,
00000001,
03000003,
03040000,
00000000,
01030000,
00020000,
00000100,
00060300,
00000000,
00010000,
00020200,
00000003,
00000003,
00000002,
00000000,
00000000,
03000002,
04000404,
00040000,
00040000,
00070000,
01050000,
00000300,
00000400,
00000000,
01010000,
00000400,
00000003,
00000001,
00010002,
00000000,
00000000,
02000000,
01000504,
00030000,
00040000,
00060000,
02040000,
00000600,
00000300,
00000000,
01030000,
00000400,
00000006,
00000003,
00000001,
00000000,
01000000,
03000000,
01000403,
01040000,
00030000,
01060000,
00020000,
00000600,
01000400,
00000000,
00020000,
00000401,
00000004,
00000003,
00000001,
00000000,
00000000,
04000001,
02000504,
02040000,
00020000,
01060000,
00020000,
00000400,
02000500,
00000000,
01020000,
00000500,
00000003,
00000004,
00000002,
00000000,
00000000,
03000001,
02000605,
01040000,
00030000,
01060000,
00020000,
00000500,
03000500,
00000000,
01030001,
00010500,
00000003,
00000004,
00000002,
00000000,
00000000,
03000000,
03000505,
00050000,
00030000,
01060000,
00010000,
00000500,
01000500,
00000000,
02030001,
00030500,
00000004,
00000003,
00000002,
00000000,
01000000,
03000001,
03000504,
00040000,
00030000,
01060000,
00020000,
00000500,
02000400,
00000000,
02030000,
00040600,
00000005,
00000004,
00000002,
00000000,
02000000,
02000001,
03000504,
00050000,
00030000,
00060000,
00030000,
00000500,
03000500,
00000100,
02030000,
00020500,
00000004,
00000004,
00000002,
00000000,
01000000,
03000001,
03000504,
00040000,
00020001,
01060000,
00030000,
00000400,
02000600,
00000100,
02020000,
00010400,
00000003,
00000004,
00000002,
00000000,
01000000,
03000002,
02000505,
00050000,
00020001,
02060000,
00030000,
00000300,
01000400,
00000000,
02030000,
00030500,
00000003,
00000004,
00000002,
00000000,
02000000,
02000001,
02000505,
00060000,
00030000,
01060000,
00030000,
00000500,
02010500,
00000000,
02030000,
00030500,
00000004,
00000003,
00000001,
00000000,
02000000,
03000001,
02000505,
00040000,
00020001,
02060000,
00020000,
00000400,
02020500,
00000000,
02040000,
00020500,
02000005,
00000002,
00000001,
00000000,
02000000,
03000000,
01000504,
01050000,
00010000,
01050000,
00020000,
00000300,
01010400,
00000000,
02030001,
00010400,
00000003,
00000002,
00000001,
00000000,
02000000,
02000000,
00000404,
01040000,
00000000,
02040000,
00020000,
00000400,
03000300,
00000000,
00040000,
00000400,
00000006,
00000102,
00000002,
00000000,
01000000,
00000001,
01000403,
00050000,
00000000,
00040000,
00010000,
00000500,
02000400,
00000000,
00030000,
00000300,
00000007,
00000001,
00000002,
00000000,
01000000,
02000000,
01000503,
00040000,
00000000,
02040000,
00010000,
00000400,
01000200,
00000100,
00030000,
00020500,
00000006,
00000001,
00000003,
00000000,
03000000,
01000001,
03000303,
02040000,
00010000,
00040000,
00030000,
00000400,
02000400,
00000000,
02020000,
00030600,
00000005,
00000003,
00000002,
00000000,
02000000,
02000000,
03000503,
01040000,
00020000,
00050000,
00030000,
00000500,
04000600,
00000000,
02010000,
00040500,
01000005,
00000002,
00000002,
00000000,
02000000,
04000002,
03000403,
00040000,
00020001,
00040000,
00030000,
00000300,
03000500,
00000100,
01010001,
00040500,
00000002,
00000004,
00000002,
00000000,
02000000,
03000000,
02000504,
00040000,
00020000,
01030000,
00030000,
00000500,
02000500,
00000000,
01020000,
00020600,
00000004,
00000004,
00000002,
00000000,
02000000,
02000000,
02000504,
00030000,
00020001,
01040000,
00040001,
00000400,
03000500,
00000000,
00020000,
00030500,
00000005,
00000003,
00000002,
00000000,
02000000,
03000001,
03000605,
01040000,
00020001,
01050000,
00030002,
00000200,
02010500,
00000000,
01010000,
00040500,
00000004,
00000004,
00000002,
00000000,
02000000,
04000001,
04000506,
01040000,
00020000,
01060000,
00030000,
00000100,
02030500,
00000100,
01010001,
00020500,
00000005,
00000004,
00000002,
00000000,
03000000,
04000000,
05000504,
03030000,
00030001,
01070000,
00030000,
00000000,
01050500,
00000000,
02010000,
00000000,
00000000,
02000008,
00000000,
00000000,
03000000,
01000002,
00000000,
08010000,
01040000,
00040200,
00040000,
02040000,
00000600,
00000000,
00000000,
00000000,
00000000,
0000000c,
00000000,
00000000,
01000000,
00000012,
00000000,
00000000,
00070000,
00000000,
04000000,
09070000,
00000803,
000e0000,
00000b00,
00000002,
00000000,
00000000,
00000700,
00000008,
01000000,
0001000b,
00000000,
00000000,
0300001b,
07000000,
00000000,
00000000,
00000009,
001f0000,
00000200,
0000000e,
00000000,
00000500,
02000401,
0000000e,
00000300,
00040000,
00000000,
00000000,
0000001c,
18000000,
00000021,
00000000,
00000000,
000c000b,
00000000,
0000000b,
00000000,
00000e00,
0000000a,
0000000d,
00000800,
00000000,
00000000,
00000000,
00000020,
0e000000,
0000001f,
00000000,
00000000,
00000017,
00000000,
0000000a,
00000000,
00000b00,
00000606,
0000000b,
00000900,
00000000,
00000000,
00000000,
0000001d,
0a000000,
0000001c,
00000000,
00000000,
00000016,
00000100,
00000000,
00000000,
00000600,
00000904,
0000000c,
00000600,
00000000,
00000000,
00000000,
00000015,
0f000000,
0000001c,
00000000,
00000000,
00000012,
00000400,
00000000,
00000000,
00000000,
00000700,
0000000d,
00000300,
00000004,
00000000,
00000000,
00000013,
11000000,
0000011a,
00000000,
00000000,
0000000a,
00000305,
00000200,
00000000,
00000000,
04000100,
0000000b,
00000000,
00000000,
00001b00,
00000000,
0000001c,
09000000,
00000014,
00010001,
00000000,
00000000,
00000d07,
00000f01,
00000000,
03000005,
00000000,
0000020a,
00000000,
00090000,
00001500,
00000000,
00000005,
0a001400,
00000005,
00050001,
00000000,
00000000,
00000000,
00010100,
00010000,
0c000005,
00000400,
00050002,
0000000b,
00060703,
00000008,
00000704,
00100000,
00000501,
00000000,
05000002,
00000000,
00000000,
00000000,
00000800,
00080000,
03000000,
00000800,
00000006,
00000005,
00000005,
00000000,
00000b00,
08060009,
00000002,
00000000,
08000005,
00000000,
00000000,
00000000,
00070600,
00060000,
0700000e,
00000200,
0000000c,
00000000,
00080000,
00000000,
000d0300,
08000000,
0b000000,
06000000,
00030003,
00000000,
00000000,
00000001,
00000000,
00000000,
05110002,
00000300,
10000005,
00000000,
000f0700,
000e0000,
00050003,
05000000,
02000000,
00000d00,
00000000,
00000000,
00000000,
000e0002,
00000000,
00000000,
00010000,
00000000,
000a000a,
00000000,
00000c00,
00110000,
00000309,
0a000000,
00000000,
00001100,
0000000a,
00000002,
00000001,
00110000,
00000000,
00000000,
00000000,
00000000,
00000010,
00000000,
00000200,
00130000,
00000003,
0a000009,
00000000,
00000e00,
00000018,
00000004,
00000000,
000f0000,
00000000,
02000000,
00010000,
00000000,
12000007,
00000000,
000c0b00,
00100000,
0000000a,
0b000000,
00000400,
03000c00,
00000800,
00000001,
00000000,
000e0000,
00000300,
00000000,
00060000,
00000206,
05060001,
00000000,
00070000,
00010d00,
00000908,
06000003,
00000004,
0000060b,
08000000,
00000000,
00000000,
0003000c,
00020705,
00000000,
00000000,
00030205,
07000000,
08000000,
00000000,
00000903,
06010403,
00040004,
00000200,
00000000,
02020002,
04000000,
00000000,
00040000,
00000d00,
0000000e,
00000000,
09000203,
00000000,
08000000,
00000000,
00000000,
00020000,
00060000,
00000000,
00000000,
00040000,
07000000,
00000000,
00000000,
00090d00,
00000003,
00000000,
12000102,
00000000,
00000000,
00000000,
00000002,
00000000,
00000000,
00000000,
00000000,
000a0000,
09000000,
00000400,
00000000,
00080900,
00000000,
00000006,
00020003,
00000000,
00000000,
00000000,
01000001,
00000000,
00040000,
01000000,
00000000,
00030100,
0a000500,
00000000,
00000000,
00030500,
01000008,
00000003,
00010001,
00000000,
01000000,
04000000,
01000003,
00030000,
00030000,
01000000,
00030000,
00000700,
04000600,
00000000,
00010000,
00020400,
01000004,
00000004,
00000002,
00000000,
00000000,
03000000,
02000403,
01030000,
00020000,
01010000,
00020000,
00000400,
02000500,
00000000,
01010001,
00010300,
04000003,
00000002,
00000002,
00000000,
01000000,
03000000,
01000402,
01020000,
00020000,
02020000,
00030000,
00000400,
02000400,
00000100,
00020001,
02020100,
00000001,
00000000,
00000005,
00000000,
03000000,
02000000,
04000802,
00030000,
00060000,
02000000,
00040000,
00010700,
09000000,
00000000,
02010002,
03030005,
00000004,
00000000,
00000004,
00000000,
0c000000,
00000000,
06000000,
00090000,
01050000,
00000000,
00000000,
00050000,
04000000,
00000000,
00000001,
080e000e,
03000000,
02000000,
10000000,
00000000,
07000600,
00000000,
08000009,
01030200,
00010000,
00001000,
00000000,
00040000,
00000004,
00060000,
00000008,
01040900,
00000304,
00000100,
00030100,
01000700,
05000000,
00000000,
00000700,
04050000,
000f0000,
00070008,
06040001,
00000001,
00000100,
00000001,
050c0000,
00000100,
0000000b,
00000001,
00000000,
00000200,
07000000,
03000003,
02000003,
00030000,
00080000,
01060000,
00020000,
00000600,
06000200,
00000000,
00000000,
00020400,
00000005,
00000003,
00000003,
00000000,
00000000,
03000001,
04000404,
01040000,
00030000,
00060000,
00050000,
00000500,
03000500,
00000000,
02020000,
00020400,
01000006,
00000004,
00000002,
00000000,
02000000,
03000000,
03000505,
02040000,
00030000,
00060000,
00030001,
00000500,
03000500,
00000100,
02020000,
00020400,
01000005,
00000004,
00000002,
00000000,
02000000,
03000000,
02000605,
02040000,
00020000,
01050000,
00030000,
00000500,
02000500,
00000000,
02020001,
00020500,
00000005,
00000004,
00000002,
00000000,
02000000,
03000001,
03000505,
02040000,
00030000,
00060000,
00030002,
00000500,
02000600,
00000000,
03020000,
00020500,
00000005,
00000004,
00000002,
00000000,
03000000,
03000001,
04000404,
04040000,
00030000,
00060000,
00030000,
00000400,
02000600,
00000000,
02020000,
00000501,
0000000b,
00000003,
00000000,
00000000,
01000000,
00000005,
04000501,
07000000,
00010000,
03080000,
00010000,
00000000,
00000500,
00000200,
00010000,
00000200,
00000000,
00000205,
00000000,
00000000,
03000000,
00000000,
00000006,
05000000,
03000000,
00070000,
00000000,
020c0000,
00000c00,
00000000,
00000100,
0e000000,
00040100,
00000000,
00000000,
01000000,
00000004,
00000600,
0000000d,
00000000,
05000000,
00000000,
00040000,
01110600,
00000100,
00000000,
00001500,
0a000000,
00000013,
00020000,
00000400,
00000000,
00000000,
00000000,
00000602,
00000000,
02000001,
00000000,
03000006,
00000200,
00010100,
00000000,
00001200,
00000000,
0000000e,
00000000,
00000000,
00000000,
04000000,
00000000,
01000002,
02040000,
00020000,
00060000,
00000001,
00000200,
00050300,
00000000,
00000002,
00020300,
00000003,
00000003,
00000001,
00000000,
00000000,
01000002,
04000404,
01040000,
00040000,
00070000,
00030000,
02000400,
00000400,
00000000,
02020000,
00020500,
01000002,
00000001,
00010002,
00000000,
00000000,
00000000,
01000504,
00040000,
00050000,
00070000,
01030000,
00000500,
00000400,
00000000,
01020000,
00010500,
00000005,
00000001,
00010002,
00000000,
00000000,
01000000,
01000403,
01040000,
00030000,
00060000,
01030000,
00000500,
01000400,
00000000,
00030000,
00020500,
00000005,
00000003,
00000001,
00000000,
01000000,
01000001,
02000303,
01050000,
00030000,
00050000,
00030000,
00000500,
03000600,
00000000,
01030000,
00030500,
00000003,
00000004,
00000002,
00000000,
00000000,
02000001,
02000604,
00050000,
00030000,
00060000,
00030000,
00000600,
03000500,
00000000,
01030000,
00030600,
00000003,
00000004,
00000002,
00000000,
01000000,
03000001,
03000505,
01050000,
00030000,
00070000,
00030001,
00000400,
02000600,
00000100,
01040000,
00050600,
00000003,
00000104,
00000001,
00000000,
02000000,
03000002,
03000505,
01050000,
00030000,
01070000,
00020000,
00000400,
02020600,
00000000,
02030001,
00050600,
01000003,
00000004,
00000001,
00000000,
03000000,
03000001,
03000405,
01050000,
00020000,
00070000,
00020000,
00000500,
02030600,
00000000,
02030000,
00030400,
02000003,
00000004,
00000002,
00000000,
02000000,
03000001,
04000505,
01050000,
00020001,
02080000,
00020000,
00000500,
02020400,
00000000,
02030000,
00020500,
00000003,
00000003,
00000002,
00000000,
01000000,
04000001,
03000505,
00050000,
00030000,
02080000,
00020000,
00000600,
02010400,
00000000,
03030000,
00030500,
00000004,
00000004,
00000002,
00000000,
02000000,
03000002,
02000605,
00050000,
00020001,
01070000,
00020000,
00000500,
02020500,
00000000,
02030001,
00020700,
01000007,
00000002,
00000000,
00000000,
02000000,
04000001,
02000804,
03040000,
00010001,
03060000,
00020000,
00000200,
00030400,
00000000,
02040000,
00000500,
01000004,
00000104,
00000000,
00000000,
05000000,
01000002,
00000106,
06020000,
00000000,
05060000,
00040000,
00000200,
02000400,
00000001,
00030000,
00000000,
00000000,
00000107,
00000000,
01000000,
00000001,
00000000,
00000008,
00000200,
00000000,
07060000,
01070000,
00000200,
01000200,
00000300,
00020500,
00000000,
00010004,
00000400,
00030003,
03000000,
00000000,
00000000,
00000003,
00010200,
00000004,
06080000,
03060000,
00010000,
00000300,
00000003,
00030a00,
00000000,
0000000c,
00000100,
00000001,
00000000,
00000000,
00000000,
00000502,
00010000,
00000003,
05040001,
04060000,
01010200,
00000000,
00000002,
00020900,
00000400,
0000000d,
00000000,
00000002,
00000000,
04000000,
00000002,
01000202,
02030000,
00000001,
00020000,
02010000,
00000100,
00040200,
00000002,
00010201,
00000500,
00000004,
00000002,
00000002,
00000000,
03000000,
02000000,
02000304,
01030000,
00020000,
01040000,
00010000,
00000400,
03010400,
00000000,
01020000,
00000500,
00000004,
00000003,
00000003,
00000000,
02000000,
03000001,
03000404,
00040000,
00020001,
01030000,
00030000,
00000400,
02000300,
00000100,
01010000,
00010500,
00000004,
00000004,
00000003,
00000000,
01000000,
02000000,
03000504,
00030000,
00020001,
02040000,
00020000,
00000600,
02000400,
00000100,
01020000,
00020600,
00000004,
00000002,
00000003,
00000000,
02000000,
03000000,
03000303,
00030000,
00030001,
01050000,
00020000,
00000500,
03000300,
00000100,
01020000,
00020600,
00000004,
00000003,
00000003,
00000000,
02000000,
03000000,
04000604,
00040000,
00020000,
01050000,
00020000,
00000400,
03000400,
00000100,
01020000,
00020500,
01000004,
00000005,
00000003,
00000000,
02000000,
04000001,
04000506,
01040000,
00020001,
01060000,
00030001,
00000100,
01010500,
00000100,
02010000,
00000300,
00000005,
00000004,
00000002,
00000000,
02000000,
05000001,
06000504,
02030000,
00030001,
01050000,
00050000,
00000000,
00040300,
00000000,
02000000,
00000000,
00000000,
01000005,
00000000,
00000100,
04000000,
03000001,
00000000,
03000000,
00050000,
00030300,
00020000,
00040000,
00000300,
00020000,
00000100,
00000000,
00000000,
08070005,
02000000,
04000400,
04000009,
00040403,
00000000,
00050000,
01020000,
00000300,
09000000,
01020000,
00000006,
000f0000,
00000000,
00000000,
00000000,
0d0f0300,
00000300,
04000008,
0a00000d,
00170300,
00000000,
00000001,
0200000a,
10000000,
02000000,
00001f02,
00000000,
00140000,
00000000,
00000000,
00000000,
00000900,
00000000,
0000000f,
03000000,
00170000,
00000000,
00000000,
00000000,
13000000,
00000200,
00062c00,
00000006,
00150000,
00000000,
00000000,
00000000,
00000a00,
00000000,
0000030c,
00000000,
00150000,
00000000,
00000005,
01000004,
15000000,
07000000,
00032400,
0000000f,
00080002,
00000000,
00000000,
00000000,
00000c00,
06000008,
0200000c,
00000000,
00130000,
00000000,
0000000a,
0000040c,
08000100,
00000000,
00022800,
00000008,
0008000e,
00000000,
00000000,
00000000,
00000d00,
00000105,
0000000e,
00000000,
00170000,
00000000,
00000004,
02000011,
0b000000,
00000000,
00052200,
00000000,
000c000a,
00000000,
00000000,
00000000,
00000d00,
00000202,
0000000e,
00000000,
00130000,
00000000,
00000003,
02000019,
12000000,
00000000,
00061800,
00000000,
00100002,
00000000,
00000005,
00000000,
00000100,
00000500,
0100020a,
00000000,
00140000,
00001800,
00000000,
0500001f,
09000600,
00000018,
00010300,
00000000,
00000000,
00000000,
00000d00,
00000000,
00050212,
00000000,
00000007,
00000000,
000b0000,
00001200,
00000400,
0003000b,
00001300,
0000001d,
05040300,
00000000,
00000000,
00000000,
00000500,
00050000,
0a00000c,
00000100,
00060000,
00060006,
00060407,
0000000c,
00000701,
020b0004,
00000600,
00000000,
0d000000,
00000000,
00000000,
00000000,
00000b01,
00080000,
07000000,
00000200,
00030006,
000b0005,
00030008,
00000002,
00040700,
08050009,
00000006,
00000000,
05000000,
00000000,
00000000,
00000004,
00000000,
00030000,
0900000b,
00000000,
0000000d,
00000009,
000c0000,
00000000,
02000400,
06000003,
0c000000,
00000000,
00000000,
03000500,
00000000,
00000200,
00000000,
00000000,
00010000,
00000300,
0c090008,
00000007,
000e0000,
000c0000,
00000007,
07000000,
00000000,
00001801,
00000000,
00000400,
00000000,
00141c02,
00000000,
00000000,
00000005,
00000800,
000b000a,
00000000,
00000000,
00060000,
00000506,
09000002,
00000000,
00001702,
00000004,
00000000,
00000004,
0012080e,
00000000,
00000000,
00060000,
00000000,
0006000a,
00000000,
00020000,
00180100,
0000000a,
0600000a,
00000000,
00001300,
0000001b,
00000001,
00000000,
00130000,
0a000000,
0d000300,
00090000,
00000000,
12000009,
00000000,
00040500,
00120500,
00000000,
05000000,
00000000,
00000a0a,
00020103,
00000006,
000f0000,
000e0000,
02000403,
00000005,
00060000,
00000002,
03080001,
00000000,
00000000,
00000400,
00000500,
08000000,
00000000,
0000040f,
09000000,
00000000,
00000000,
0006000a,
00010805,
00000004,
01000000,
00030201,
0a000000,
08000002,
00000000,
00000008,
06010000,
00000002,
00000700,
01000000,
01000000,
00050000,
00000000,
00050005,
00010a00,
0000000a,
00000000,
00000002,
00000000,
0d000000,
01000000,
00000003,
03000000,
00050000,
00000000,
01000000,
00000600,
07000000,
00000000,
00010000,
00030700,
00000004,
00000003,
01000005,
00000000,
02000000,
01000000,
00000105,
00010000,
00000400,
02000000,
00000000,
00020500,
06000300,
00000000,
00000000,
00020600,
01000003,
00000005,
00010006,
00000000,
01000000,
03000000,
01000303,
00010000,
00030100,
01000000,
00030000,
00000500,
06000400,
00000000,
00020000,
00020500,
01000005,
00000003,
00000003,
00000000,
01000000,
03000000,
02000303,
00040000,
00030000,
01010000,
00030000,
00000600,
03000400,
00000000,
00010000,
00010400,
01000005,
00000003,
00000002,
00000000,
02000000,
03000000,
01000403,
01040000,
00020000,
01010000,
00010000,
00000600,
03000400,
00000000,
00010001,
00000300,
03000003,
00000002,
00000002,
00000000,
00000000,
01000000,
00000401,
00010000,
00020000,
03010000,
00020000,
00000600,
02000400,
00000000,
00030000,
02000100,
00000000,
00000001,
00000004,
00000000,
00000000,
01000000,
02000503,
00010000,
00030000,
03000000,
00040003,
00000900,
05000100,
00000000,
01020001,
02000000,
00000003,
00000000,
00000002,
00000000,
04000000,
04000000,
03000600,
00020000,
02040000,
00000000,
00060000,
00050200,
06000000,
00000000,
00000004,
05000006,
00000002,
00000003,
05000003,
00000000,
0a000200,
00000000,
06000009,
00020200,
00030101,
00010300,
00000000,
00040300,
00000000,
00040000,
00000002,
01040a00,
00000305,
00000100,
00040000,
01000600,
05000000,
00000000,
00000700,
04050000,
000e0000,
00070008,
07040000,
00010001,
00000100,
00000000,
050c0000,
00000000,
0000000a,
00000001,
00000000,
00000300,
09000000,
04000003,
02000003,
00030000,
00080000,
02060000,
00020000,
00000600,
06000200,
00000100,
00000000,
00010400,
00000004,
00000003,
00000003,
00000000,
00000000,
03000002,
04000405,
02030000,
00030001,
00070000,
00040000,
00000500,
03000500,
00000000,
02020000,
00020400,
01000006,
00000004,
00000002,
00000000,
01000000,
03000000,
04000504,
02050000,
00030000,
00070000,
00040000,
00000600,
02000500,
00000000,
02020000,
00040400,
01000006,
00000004,
00000002,
00000000,
01000000,
02000000,
03000604,
01050000,
00030000,
00060000,
00030000,
00000600,
02000500,
00000000,
01020000,
00040601,
01000005,
00000003,
00000002,
00000000,
01000000,
03000001,
04000505,
02040000,
00040000,
00060000,
00020001,
00000600,
02000600,
00000000,
03020000,
00030500,
00000005,
00000003,
00000002,
00000000,
03000000,
03000001,
04000504,
04040000,
00030000,
00060000,
00020000,
00000500,
02000600,
00000000,
02020000,
00000401,
00000004,
00000003,
00000000,
00000000,
00000000,
00000002,
03000003,
07010000,
01030000,
03070000,
00010000,
00020000,
00010800,
00000000,
00000000,
00010000,
00010000,
0000000c,
00000500,
00000000,
00000000,
00000004,
0000000f,
00010000,
04000000,
00000000,
00000000,
04120000,
00030c00,
00000000,
00000000,
13000000,
00080000,
00060000,
00000900,
05070200,
00000000,
00001000,
00000017,
00000000,
05000000,
00000000,
00020000,
00170007,
00000000,
00000000,
00000000,
07000000,
00000008,
00080000,
00000700,
01000000,
00000000,
00000000,
00000007,
00000000,
05000000,
00020000,
05000005,
00040001,
00000000,
00000000,
00000000,
00000000,
00000016,
00000000,
00000001,
00000000,
06000000,
00000002,
00000001,
00020000,
00000300,
00030000,
01000008,
00010200,
00060000,
00000000,
00000000,
00040400,
00000003,
00000003,
00000001,
00000000,
00000000,
01000002,
04000405,
01040000,
00030000,
00060000,
01020000,
02000600,
02010500,
00000000,
03030000,
00020400,
02000002,
00000001,
00020002,
00000000,
00000000,
00000000,
01000404,
01040000,
00050000,
00070000,
02030000,
00000500,
01000500,
00000100,
02030000,
00000400,
00000004,
00000002,
00010003,
00000000,
01000000,
01000000,
01000302,
00050000,
00040000,
01050000,
02030001,
00000500,
02000500,
00000100,
01030000,
00000400,
00000005,
00000103,
00000002,
00000000,
01000000,
01000001,
03000403,
01050000,
00030000,
00070000,
00030000,
00000600,
03000500,
00000100,
01020000,
00020500,
00000004,
00000104,
00000002,
00000000,
00000000,
02000001,
03000504,
00040000,
00030100,
00060000,
00020000,
00000700,
02000500,
00000100,
02020000,
00030600,
00000005,
00000003,
00000002,
00000000,
00000000,
02000002,
03000504,
01030000,
00020001,
00060000,
00030000,
00000500,
02000500,
00000000,
02030000,
00000600,
00000005,
00000103,
00000002,
00000000,
03000000,
03000001,
01000504,
03040000,
00000001,
02060000,
00040000,
00000200,
02010400,
00000200,
01030000,
00000300,
00000003,
00000204,
00000002,
00000000,
03000000,
00000001,
01000305,
00040000,
00000002,
02040000,
00060000,
00000200,
02000300,
00000100,
00010000,
00000000,
00000006,
00000203,
00000003,
00000000,
02000000,
00000001,
01000306,
00050000,
00000001,
04050000,
03050000,
00000300,
00010100,
00000100,
00010100,
00010200,
00000007,
00000200,
00000005,
00000000,
02000000,
01000002,
02000305,
02050000,
00000201,
00080000,
02040000,
00000400,
00030300,
00000000,
02030000,
00010500,
00000004,
00000103,
00000002,
00000000,
01000000,
03000002,
02000505,
01060000,
00020002,
01080000,
00020000,
00000400,
01030500,
00000000,
02040000,
00000700,
00000006,
00000102,
00000000,
00000000,
00000000,
03000004,
02000405,
04020000,
00010001,
03080000,
00010000,
00000000,
00020700,
00000100,
00030000,
00000000,
00000000,
0000000d,
00000000,
00000000,
03000000,
00000007,
0000000d,
03010100,
00000000,
05080000,
00000000,
00020000,
00000600,
00000000,
00010000,
00000000,
01070000,
02020009,
00000000,
05000000,
00000003,
00040301,
00000012,
00000500,
02000001,
040a0000,
00000000,
00000002,
00000000,
00000000,
00041005,
00000000,
00050000,
00040000,
00040007,
0d000400,
00000000,
00050400,
0000000b,
00000502,
02000004,
030a0003,
02020301,
0001000c,
00000000,
00000004,
000a1501,
04000000,
00020003,
00020000,
00090000,
0a000400,
00000000,
00010300,
00000607,
00010000,
01000000,
00040005,
04010004,
02020107,
00000000,
00000000,
00070d00,
00000400,
0000000f,
00000000,
00060000,
00000000,
03000000,
00000000,
00000001,
00060000,
00010003,
00020000,
05000000,
00000000,
00060200,
00000000,
00000000,
00000400,
01000004,
00000001,
00000000,
00000000,
04000000,
00000000,
00000203,
00050000,
00030001,
02030000,
00000000,
00000400,
02000300,
00000000,
00000000,
00010500,
00000005,
00000002,
00000002,
00000000,
03000000,
02000000,
03000504,
00040000,
00020000,
01050000,
00020000,
00000500,
02000400,
00000000,
01020000,
00040600,
00000004,
00000003,
00000002,
00000000,
02000000,
02000000,
02000504,
00040000,
00030000,
01050000,
00010000,
00000600,
03000400,
00000000,
02030001,
00020600,
00000004,
00000003,
00000002,
00000000,
02000000,
02000000,
02000504,
00040000,
00020000,
01050000,
00020000,
00000500,
03000500,
00000000,
02030000,
00020600,
00000004,
00000004,
00000002,
00000000,
02000000,
02000001,
04000604,
00030000,
00020001,
01060000,
00020000,
00000300,
02000500,
00000000,
02010000,
00020500,
01000003,
00000004,
00000003,
00000000,
02000000,
04000002,
05000406,
01040000,
00020001,
01060000,
00030000,
00000100,
01010400,
00000000,
02010000,
00010300,
01000004,
00000004,
00000003,
00000000,
02000000,
04000000,
06000504,
01030000,
00030001,
01050000,
00050000,
00000000,
00020100,
00000000,
02000000,
00010000,
00000002,
02040007,
01000000,
00000000,
06000000,
01000003,
01000000,
00050000,
01080000,
00020500,
00000000,
00020000,
00000000,
00010000,
00000000,
00000000,
00000000,
060c000b,
00000000,
02000001,
0000000b,
00030104,
00000000,
00000000,
05020000,
00000100,
00000000,
06040000,
00000000,
00090000,
00000000,
00000000,
00000000,
04040000,
00000000,
00000004,
00000006,
000e000b,
00000000,
00000000,
0b000000,
00000000,
0000050c,
00090007,
00000000,
00000000,
00010800,
00000000,
00000000,
00000000,
00000000,
0000000e,
00000000,
000b0000,
00000000,
00000000,
06000000,
00000000,
00000700,
00030313,
01000000,
00000500,
00000000,
00050000,
09000000,
00000000,
00000000,
00000011,
00000e00,
00080000,
00000000,
00000000,
05000000,
00000000,
00000000,
00021122,
00000000,
00000000,
00070100,
00000000,
00000000,
00000000,
00000001,
0000000c,
00000201,
00080000,
00000000,
00000000,
00000000,
00000500,
01000400,
00001a07,
00000000,
00000000,
00060900,
02000000,
00000000,
00010100,
00000000,
00000009,
00000000,
00070000,
00000000,
00000000,
04000000,
00000000,
00000000,
00051611,
00000000,
00000004,
00100000,
05000000,
00000000,
00060700,
00000001,
07000008,
00000000,
000f0000,
00000000,
00000000,
07000000,
00000000,
01000000,
00022110,
00000000,
00030000,
00100000,
01000000,
00000000,
00060200,
00000000,
0e000004,
00000000,
000a0000,
00000b00,
00000001,
06000000,
0a000a00,
00000000,
00081c03,
00000000,
00000000,
000b0000,
00000700,
00000000,
0000000a,
00000000,
09000000,
00000000,
00000000,
00000c00,
06000402,
03000000,
00000a00,
00000000,
0c0d0000,
00000000,
00000000,
00000000,
00000100,
00090000,
0b01000c,
00000100,
01070000,
00060009,
00030806,
00000009,
00000600,
05090000,
00000000,
00000000,
12000000,
00000000,
04000600,
00000000,
00000400,
00000000,
07000001,
00000300,
00040004,
000d0000,
0000000c,
00000007,
00000a00,
07040008,
00000005,
00000000,
00000000,
00000000,
00000000,
00000007,
00000000,
00000000,
02000000,
00000000,
0000000a,
00000000,
01090009,
00000000,
00000000,
06000002,
00000000,
00000200,
00000002,
00000000,
000c0000,
00020700,
00000000,
00000000,
00030000,
00000000,
0700000d,
00000000,
000e0000,
00160000,
00000002,
0a000000,
00000000,
00000808,
00000200,
00000000,
00210000,
000d0000,
00000000,
00000000,
01070001,
00000000,
06060008,
00000000,
00070000,
000d0b00,
00000506,
0f000007,
00000000,
00000c2a,
02000000,
00000000,
00000000,
000e0009,
00000000,
00000000,
00030000,
00000000,
00040009,
00000000,
00030100,
00130000,
0000000a,
0800000b,
00000000,
00001100,
0000001a,
00000000,
00000000,
000a0000,
01000000,
14000000,
00040000,
00000000,
14000008,
00000000,
00000000,
00120600,
00000000,
07000000,
00000000,
00000903,
0002010b,
00000004,
00180000,
00060000,
01000700,
00000000,
00000000,
00000000,
03030000,
00000000,
00000000,
00000300,
00000100,
08000000,
00000000,
00000114,
07010001,
00000000,
00000000,
00070000,
00030702,
0000000d,
01000000,
00000000,
05000000,
0b000000,
00000000,
03000003,
08000000,
00030000,
00020600,
03000000,
00000000,
00060000,
00000000,
00000002,
00050900,
03000006,
00000000,
00020000,
00000000,
06000000,
01000000,
03000004,
05000000,
00080000,
00020000,
01040000,
00000600,
03000300,
00000100,
01000000,
00020700,
01000005,
00000003,
00000002,
00000000,
03000000,
03000000,
01000303,
01030000,
00030100,
01000000,
00020000,
00000400,
05000500,
00000100,
02010001,
00010500,
02000002,
00000003,
00000003,
00000000,
01000000,
03000000,
01000504,
00020000,
00030100,
02020000,
00030000,
00000500,
04000500,
00000000,
01030000,
00000500,
00000005,
00000003,
00000004,
00000000,
00000000,
04000000,
02000504,
00040000,
00030000,
01030000,
00040002,
00000600,
04000400,
00000000,
02020001,
00020300,
00000006,
00000002,
00000002,
00000000,
02000000,
03000000,
02000303,
01050000,
00020000,
00010000,
00020000,
00000500,
03000400,
00000000,
00010001,
00030300,
01000003,
00000004,
00000002,
00000000,
00000000,
00000000,
01000300,
00030000,
00030000,
02010000,
00010000,
00000900,
03000400,
00010000,
00020000,
01030300,
01000004,
00000005,
00000002,
00000000,
00000000,
01000000,
02000400,
00020000,
00040000,
02010000,
00010000,
00000800,
03000200,
00000000,
00020000,
00000401,
00000006,
00000000,
00000000,
00000000,
02000000,
05000000,
03000800,
02000000,
00060000,
01000000,
00050000,
00010000,
04000000,
00000000,
01000003,
02010004,
02000004,
01000009,
04000001,
00000100,
09000100,
00000000,
08000107,
02000300,
00080300,
00040300,
00010000,
01020400,
00000000,
00040000,
02000001,
01040900,
00000305,
00000100,
00030000,
00000800,
05000000,
00000000,
00000700,
04040000,
000f0000,
00060008,
05040000,
00010000,
00000100,
00000000,
050b0000,
00000000,
0000000b,
00000002,
00000000,
00000100,
08000000,
03000003,
01000003,
00030000,
00080000,
02060000,
00030001,
00000500,
07000300,
00000100,
00000001,
00000400,
00000003,
00000004,
00000003,
00000000,
00000000,
03000002,
04000505,
02030000,
00040001,
00070000,
00040001,
01000400,
01000500,
00000000,
02020002,
00010400,
00000005,
00000003,
00000002,
00000000,
01000000,
04000000,
04000504,
03040000,
00030000,
00070000,
00040000,
00000500,
02000500,
00000000,
02020000,
00020500,
00000005,
00000004,
00000002,
00000000,
01000000,
03000000,
04000604,
01040000,
00030000,
00060000,
00040000,
00000500,
02000500,
00000100,
02020000,
00020500,
02000005,
00000004,
00000002,
00000000,
01000000,
03000001,
04000405,
03040000,
00040000,
00060000,
00040000,
00000500,
02000600,
00000100,
01010000,
00010400,
00000006,
00000003,
00000001,
00000000,
02000000,
03000001,
04000504,
02050000,
00020000,
00050000,
00030000,
00000400,
01000500,
00000000,
01010000,
00030000,
00000005,
00000002,
00000000,
00000000,
01000000,
03000001,
04000104,
05040000,
01060000,
02050300,
00050000,
00040000,
02010100,
00000000,
00000000,
00070000,
00000000,
0001000a,
04000200,
00040000,
00000000,
0000000b,
0300000b,
00030000,
07050000,
00000000,
00000000,
010a0000,
00000000,
00000000,
00000000,
06010000,
00010000,
01070000,
00000a00,
000e0000,
0000000d,
00000a00,
00050007,
00000000,
00020000,
00000000,
00000000,
050b0006,
00000000,
02000000,
00000000,
01000000,
04000700,
00030000,
00000600,
06000003,
00000000,
00000000,
00000000,
00000000,
04030000,
00000003,
07080004,
00090004,
00000000,
00000000,
00000000,
00000000,
0000001c,
00010000,
00000000,
00000000,
0a000000,
00000002,
00000000,
00000000,
00000000,
00000000,
0203000a,
00010000,
00000000,
00000000,
00000100,
00030100,
00000005,
00000001,
00000001,
00000000,
03000000,
00000004,
05000106,
02060000,
00010100,
00050000,
02010000,
00000200,
00030300,
00000000,
00000000,
00030500,
03000003,
00000001,
00010001,
00000000,
01000000,
02000001,
03000305,
00040000,
00050100,
01070000,
03020000,
00000500,
00020400,
00000100,
01030000,
00020500,
02000003,
00000002,
00010003,
00000000,
01000000,
02000000,
01000503,
01040000,
00040000,
01060000,
02020000,
00000700,
02010500,
00000000,
02050000,
00010500,
00000005,
00000002,
00000003,
00000000,
03000000,
03000000,
02000403,
01040000,
00030000,
01070000,
00030001,
00000500,
02000500,
00000100,
02030000,
00020700,
00000005,
00000002,
00000002,
00000000,
02000000,
02000001,
03000604,
02040000,
00020000,
02050000,
00030000,
00000400,
02010400,
00000200,
03040000,
00000600,
00000006,
00000202,
00000000,
00000000,
06000000,
02000002,
01000304,
07010000,
00000000,
01060000,
00030000,
00000400,
02010700,
00000400,
00030000,
00000000,
01000000,
0000020b,
00000000,
00000000,
01000000,
00000002,
00000004,
07000100,
00000000,
03040000,
00060000,
00000000,
02000600,
00000700,
00000500,
00000000,
00010000,
00000109,
00000004,
06000200,
00000002,
00000000,
00000003,
00000300,
00000001,
06050000,
000b0101,
00010000,
00000300,
00000000,
00001200,
00000000,
00000007,
00000100,
00000006,
03000000,
00000000,
00000000,
00000504,
00030200,
00000001,
05050000,
03080102,
02000101,
00000000,
00000003,
00001100,
00000000,
00000012,
00000400,
00030006,
00000000,
01000000,
00000000,
01000405,
01060000,
00000202,
01050003,
09030000,
00000000,
00070100,
00000003,
00020701,
00000400,
00000008,
00000300,
00000004,
00000000,
03000000,
01000001,
01000305,
03060000,
00000202,
01070000,
04020000,
00000200,
00050300,
00000001,
02030000,
00000400,
00000007,
00000003,
00000000,
00000000,
01000000,
02000001,
03000005,
06040000,
01020000,
02080000,
00040000,
00010000,
00050700,
00000300,
00000000,
00000000,
00000002,
00000010,
00000000,
00000000,
05000002,
0004000b,
0000000b,
03000000,
04000000,
00070000,
00010000,
04060000,
00000b00,
00000000,
00000400,
05000000,
00020000,
01060004,
00000000,
00060000,
00000012,
000d0205,
0003000b,
00000000,
08000000,
00060000,
00020403,
00010000,
00000c00,
00000000,
00001200,
05000000,
00000000,
00020000,
0000020e,
070d0000,
00000005,
000c0100,
00040006,
00000006,
05000000,
00000000,
00040a13,
00010004,
00000400,
00000000,
0003180d,
05000000,
00000000,
00020000,
00040209,
09030000,
00000000,
00050000,
00000c06,
00000000,
00000000,
00000001,
0008010d,
00010009,
00000000,
00000000,
00050c06,
00000502,
0000000f,
00000000,
00060001,
00000000,
06000000,
00000000,
00000004,
06020000,
00000102,
00000000,
03020000,
00010000,
00080100,
00000000,
00000000,
00000300,
01000004,
00000000,
00010000,
00000000,
03000000,
02000000,
00000004,
01050000,
00030100,
01030000,
00010000,
00000500,
03030300,
00000000,
00000000,
00020600,
00000005,
00000002,
00000002,
00000000,
02000000,
02000000,
02000504,
00050000,
00030000,
01050000,
00020000,
00000500,
03010500,
00000000,
01030001,
00050701,
00000005,
00000003,
00000001,
00000000,
03000000,
02000001,
03000505,
00060000,
00030000,
00050000,
00010000,
00000400,
03010600,
00000000,
02020001,
00060700,
00000004,
00000003,
00000001,
00000000,
03000000,
03000000,
03000504,
01040000,
00030000,
00050000,
00010000,
00000400,
03000500,
00000000,
02030001,
00040700,
00000004,
00000003,
00000002,
00000000,
03000000,
04000000,
03000604,
01040000,
00020000,
00050000,
00020000,
00000400,
02000500,
00000100,
02030000,
00010400,
02000003,
00000005,
00000002,
00000000,
03000000,
04000001,
05000506,
01040000,
00020002,
02060000,
00030000,
00000200,
01000300,
00000000,
02010000,
00010400,
00000004,
00000003,
00000002,
00000000,
02000000,
03000000,
05000604,
02020000,
00030000,
02060000,
00040000,
00000000,
00020000,
00000000,
02010000,
00010000,
00000006,
0302000a,
00000000,
00000000,
07000000,
00000002,
04000400,
01070000,
01050000,
00060300,
00010000,
02010000,
00000000,
00040000,
00010000,
02000000,
00000000,
0605000b,
00000000,
00000003,
00000004,
00040009,
00000000,
00000000,
00000000,
00000000,
00000000,
06070000,
00000d00,
000e0000,
00000000,
05000001,
00000200,
00000002,
00000200,
00000007,
00000100,
00060203,
00000000,
00000000,
0b000000,
00000000,
00000811,
000f0000,
00000200,
00000000,
00000000,
00000000,
00000000,
00000003,
00000400,
0005000d,
00000000,
00000013,
00000000,
00000000,
0c00000b,
00000000,
00000201,
0003000f,
00000500,
00000002,
00000005,
00000000,
07000000,
00000000,
00000000,
0000000c,
00000200,
00000000,
00000000,
00000000,
09000019,
00000000,
00000500,
00050021,
00000000,
00000000,
00000000,
00000000,
00000000,
00000000,
00000000,
0003000d,
00000000,
00020000,
00080000,
00000000,
06000000,
00000000,
00000303,
0007000c,
00000000,
00000002,
00000200,
06000000,
00000000,
00000000,
00000400,
000d0006,
00000000,
00050000,
00060000,
00000000,
09000000,
00000000,
00000300,
02010012,
00000800,
00000000,
00060a00,
0e000000,
00000000,
00000000,
00000001,
00010007,
00000000,
00060000,
00070000,
00000000,
08000000,
00000000,
00000000,
0003000b,
00000600,
00000000,
000f0800,
10000000,
00000000,
00010000,
00000000,
06000001,
00000200,
00020000,
00001000,
00000000,
0a000000,
00000000,
0000020f,
00060002,
00000100,
00000000,
00080b00,
00000700,
00000000,
0000000a,
00000000,
00020000,
00000000,
00000000,
06000000,
00000000,
060a0000,
00000300,
00000000,
10030000,
00000500,
00000000,
00000000,
00010500,
00070000,
0a010008,
00000300,
000a0000,
00090009,
00010500,
00040008,
00000900,
04060000,
00000000,
00000000,
10000000,
00000002,
06000200,
00000000,
00000600,
00000000,
08000000,
00000700,
02040001,
000f0005,
00050005,
0000000a,
00000700,
07020007,
00000002,
06000001,
00000000,
00000000,
00000000,
0000000e,
00000000,
00000000,
00070000,
00000000,
00000009,
13000005,
00070003,
00000000,
00010007,
09000006,
00000000,
00000000,
00000000,
00000000,
00010000,
00060400,
00000000,
00000300,
00100000,
00000000,
0600000b,
00000108,
00010000,
00160000,
00000000,
0c000000,
00000000,
00001300,
00000c00,
00000000,
001f0000,
00040000,
00000000,
00000000,
00040000,
00000000,
0010000b,
00000000,
00000300,
00100000,
00000006,
0f000000,
00000000,
00001000,
08000000,
00000004,
00000000,
000a0009,
00000000,
00000000,
00000000,
00000000,
00000007,
00000000,
00000003,
00110000,
00000009,
0c000015,
00000000,
00001000,
00000014,
00000000,
00000000,
00130008,
00020000,
0c000000,
00090000,
00000000,
0d000007,
00000000,
00000000,
000b0d00,
00000000,
06000006,
00000000,
00000a14,
0000060d,
00000000,
00130000,
000d0000,
00000900,
06000002,
00000000,
00000000,
00000000,
00000000,
00000000,
00000c00,
00000200,
07000000,
00000004,
00030008,
0c010001,
00000000,
00000000,
00000000,
00040700,
00000010,
01000000,
00000000,
02000000,
0c000000,
00000000,
03000005,
0d030000,
00000000,
00020300,
07050000,
00000000,
00060000,
00000000,
00000000,
00050800,
04000003,
00000000,
00010000,
00000000,
02000000,
02000000,
02000105,
04010000,
00060100,
00020000,
00020000,
00000400,
01000400,
00000100,
01000000,
00030700,
00000005,
00000003,
00000001,
00000000,
03000000,
02000000,
02000403,
00040000,
00030000,
01010000,
00010000,
00000600,
05000600,
00000100,
02030000,
00030500,
03000003,
00000004,
00000002,
00000000,
01000000,
02000000,
00000403,
00030000,
00030000,
02020000,
00010000,
00000700,
03000500,
00000000,
01030000,
00020500,
01000004,
00000004,
00000003,
00000000,
00000000,
03000000,
01000404,
02020000,
00030000,
01030000,
00030001,
00000600,
03000500,
00000000,
01020001,
00010400,
00000005,
00000002,
00000002,
00000000,
02000000,
02000001,
01000303,
01040000,
00020000,
00010000,
00020000,
00000400,
02000500,
00000000,
00010001,
00030400,
00000001,
00000004,
00000002,
00000000,
00000000,
00000000,
01000401,
00030000,
00030000,
01010000,
00010000,
00000800,
02000500,
00000001,
00020000,
00030400,
02000004,
00000004,
00010002,
00000000,
00000000,
01000000,
03000401,
00030000,
00040000,
00020000,
00020000,
00000700,
02000200,
00000000,
00010002,
00000401,
00000006,
00000000,
00000000,
00000000,
03000000,
05000000,
04000800,
02000000,
00050000,
02000000,
00050000,
00010000,
03000000,
00000000,
01000003,
02010005,
03000004,
01000009,
04000000,
00000200,
09000100,
01000000,
08000107,
03000200,
00080300,
00050400,
00010000,
01020400,
00000000,
00030000,
02000002,
01050900,
00000304,
00000100,
00030000,
01000700,
05000000,
00000000,
00000600,
02050000,
000f0000,
00060007,
06030001,
00010001,
00000200,
00000001,
040b0000,
00000000,
0000000b,
00000002,
00000000,
00000000,
08000000,
03000002,
01000003,
00030000,
00080000,
01060000,
00020002,
00000700,
06000300,
00000000,
00000000,
00000301,
00000003,
00000004,
00000003,
00000000,
00000000,
03000001,
02000405,
03020000,
00030000,
01070000,
00040003,
00000300,
00000500,
00000000,
02020001,
00000400,
00000003,
00000003,
00000003,
00000000,
01000000,
04000001,
04000505,
03030000,
00040000,
00060000,
00040002,
00000300,
02000500,
00000100,
02020001,
00010400,
00000004,
00000004,
00000003,
00000000,
01000000,
03000000,
04000505,
02040000,
00030000,
01060000,
00040000,
00000400,
02000600,
00000000,
01020000,
00000400,
01000005,
00000003,
00000003,
00000000,
02000000,
03000000,
03000405,
03030000,
00030000,
00060000,
00040000,
00000400,
02000500,
00000000,
01010000,
00010400,
00000005,
00000003,
00000002,
00000000,
03000000,
02000000,
04000504,
02040000,
00030000,
01050000,
00040000,
00000400,
02000500,
00000100,
00020000,
00010100,
00000007,
00000000,
00000002,
00000000,
03000000,
01000001,
05000302,
02050000,
00050000,
01040100,
00060000,
00050200,
03000000,
00000000,
00010001,
00000001,
00000000,
00000008,
02000000,
00050000,
00000000,
00000009,
03000305,
00080000,
08020000,
00000000,
00000000,
03070000,
00000000,
00000000,
00000009,
00000000,
00000000,
05010000,
02000400,
000b0000,
0000000c,
00000404,
00060009,
00020000,
04000001,
00000000,
00000000,
06090002,
00000000,
00000000,
00000000,
04000000,
02000800,
04020000,
00000500,
0b000005,
00000000,
00000500,
00000000,
00000000,
06000000,
00000000,
07000000,
000b0007,
00000000,
00050000,
00000000,
00000000,
0000001c,
00000000,
00000200,
00000000,
00000000,
00000000,
00000000,
00000000,
03000000,
03000000,
02000008,
00040000,
00000000,
00000000,
00000100,
00000000,
00000011,
00000100,
03000007,
00000000,
01000000,
00000006,
03000005,
03070000,
00000000,
00000001,
03030000,
00020000,
00050100,
00000000,
00000403,
00050402,
01000004,
00000000,
01000003,
00000000,
04000000,
03000003,
03000306,
02050000,
00040100,
00050001,
04030000,
00000400,
00050400,
00000000,
03010002,
00050500,
02000003,
00000001,
00010001,
00000000,
03000000,
01000000,
02000404,
01040000,
00040000,
01060001,
02020000,
00000500,
01010400,
00000200,
02030000,
00030500,
00000006,
00000001,
00000002,
00000000,
04000000,
01000000,
02000403,
01040000,
00030000,
01050000,
00020000,
00000600,
03000500,
00000100,
02030000,
00010803,
0000000a,
00000001,
00000000,
00000000,
03000000,
00000003,
01000802,
05030000,
00010000,
03040200,
00010000,
00000200,
01000500,
00000000,
02020000,
00000200,
00000003,
00000309,
00000000,
00000000,
06000000,
00000007,
00000007,
0f000000,
00000000,
01040000,
00010000,
00010100,
00000a00,
00000200,
00000000,
00000000,
00020000,
00000019,
00000000,
01000000,
00000005,
00060303,
00000006,
04000100,
00000000,
04000000,
00030300,
00000000,
00000400,
00030500,
00000f00,
00000000,
00060000,
00000009,
00000700,
0f000100,
00000000,
000f0800,
00000000,
00000303,
00000000,
07000002,
00030c05,
0000000a,
00000000,
00000204,
00001200,
00000000,
00040000,
00000000,
00020603,
09000000,
00010000,
00070300,
00000b06,
00000500,
00000000,
02000006,
04090008,
0a010011,
00000000,
00000008,
00090c00,
00000400,
00000015,
00000000,
00070103,
00000000,
02000000,
00000000,
00000805,
01000100,
01000001,
00010004,
0f050000,
01000006,
000a0100,
00000003,
00000400,
00000300,
0200000b,
00000100,
00030003,
00000000,
07000000,
00000000,
00000005,
03050000,
00010200,
03060000,
07010000,
00000100,
00070300,
00000000,
00020100,
00000400,
00000006,
00000000,
00000000,
00000000,
02000000,
03000001,
04000203,
05030100,
02050000,
00080100,
00020000,
00030000,
00070700,
00000000,
02000102,
00000000,
00000003,
00000007,
00000000,
00000000,
05000000,
0000000c,
04000003,
00000000,
04010000,
00040000,
00000000,
03060000,
00000800,
000c0000,
00000200,
0c000008,
00000000,
01010000,
00000000,
00000001,
00000a09,
00040006,
000a0000,
00000000,
0a000000,
00000000,
02000000,
00030000,
00000900,
00140000,
00000000,
0e000007,
02000600,
00090000,
00000000,
00000003,
00000b00,
00060000,
00100000,
00000000,
0c000000,
00000000,
00000729,
00000000,
00000000,
00000000,
00010000,
08000000,
00000000,
000a0000,
0000000c,
08010000,
00000000,
00040000,
00000c00,
00000000,
03000000,
00000000,
00000130,
00000004,
00000000,
00000000,
00030004,
00000500,
00000012,
00000000,
00020005,
00000000,
09000000,
00000000,
00000000,
0b000000,
00010001,
00000003,
04010009,
00000000,
00030000,
00000000,
00050000,
00020401,
00000004,
00000000,
00010000,
00000000,
03000000,
03000000,
00000003,
02050000,
00030100,
01030000,
00000000,
00000600,
02020300,
00000000,
00000000,
00030700,
00000005,
00000002,
00000002,
00000000,
02000000,
03000000,
02000504,
00050000,
00030001,
00050000,
00020000,
00000500,
03010500,
00000000,
02030000,
00040700,
00000006,
00000003,
00000002,
00000000,
03000000,
02000002,
03000504,
00050000,
00020001,
00050000,
00020000,
00000400,
03000600,
00000100,
02020001,
00050600,
01000004,
00000003,
00000002,
00000000,
03000000,
03000002,
03000505,
01050000,
00020000,
00040000,
00020000,
00000400,
03010600,
00000200,
02010000,
00040500,
02000004,
00000004,
00000002,
00000000,
02000000,
03000000,
03000505,
01040000,
00010000,
00050000,
00020000,
00000400,
02000500,
00000100,
02010000,
00040500,
01000005,
00000005,
00000002,
00000000,
03000000,
03000001,
05000405,
00040000,
00020000,
02060000,
00020000,
00000200,
02010500,
00000000,
02020000,
00040500,
00000005,
00000003,
00000000,
00000000,
02000000,
03000000,
05000604,
03030000,
00040000,
01070000,
00030000,
00000000,
01040200,
00000000,
03020000,
00020000,
00000004,
0300000a,
00000000,
00000000,
06000000,
00000002,
02000004,
06030000,
01050000,
00080400,
00010000,
03020000,
00000000,
00010000,
00020000,
06000000,
00000000,
040a0003,
00000000,
00000001,
02000103,
00050012,
00000000,
00000008,
03040000,
00000400,
03000000,
00030900,
00000100,
00140000,
00000000,
06000000,
00001000,
000c0000,
00000000,
0000000a,
00001000,
00010000,
000b0000,
00000000,
0d000000,
00000000,
00000602,
00091500,
00000003,
00260000,
00000000,
00000000,
00000000,
00010007,
00000000,
00020009,
00000000,
00010000,
00080000,
00000000,
11000004,
00000000,
00000202,
00000005,
00000009,
00000000,
00000000,
00000000,
00000000,
00000000,
00000000,
0000000f,
00000400,
00030000,
00040000,
00000005,
0800000c,
00000000,
00000c00,
00000002,
00000001,
000b0000,
00000000,
00000000,
00000400,
00000000,
00000000,
0000000c,
00000000,
00000000,
00080200,
00000000,
03000000,
00000000,
00000d11,
00000000,
00000000,
00030000,
00000000,
00000000,
00000000,
00000000,
00000000,
0001000a,
00000000,
00020000,
000b0000,
00000000,
0a000000,
00000000,
00000000,
00000004,
00000006,
00000000,
00120000,
12000000,
00000800,
00060000,
00000000,
00000007,
00000200,
000b0000,
000c0000,
00000007,
06000000,
00000000,
00000a05,
00000000,
00000000,
00090000,
000a0000,
10000100,
00000500,
000e0000,
00000000,
07000002,
00000300,
00000000,
00002000,
00000002,
09000000,
00000000,
00000122,
00060000,
00000000,
00000000,
00080000,
00000600,
00000000,
0002000f,
00000000,
00050000,
00000000,
00000000,
01000000,
00000700,
06060003,
00000000,
0000000f,
11010000,
00000800,
00000000,
00000000,
00000300,
00060000,
0b000001,
00000000,
000a0001,
0005000f,
00040505,
00000001,
00000a00,
04050006,
00000000,
00000000,
0a000000,
00000000,
05000000,
00000100,
00000100,
00000000,
08000000,
00000700,
04000005,
02010009,
000a0000,
00000000,
00000000,
06000002,
00000003,
0e000000,
00000000,
00000000,
00000000,
00000004,
00000000,
00000000,
01050000,
00000000,
00000004,
08000000,
000d0003,
00000000,
00000000,
08000004,
00000000,
00000200,
00000000,
00000000,
001a0000,
00050000,
01000000,
00000000,
00130000,
14000000,
1000000e,
00000000,
00070000,
00150000,
00000000,
07000000,
00000000,
00000300,
0000190d,
0000000a,
003c0000,
00110000,
00001300,
00000000,
00030000,
05000000,
08060006,
00000000,
00010000,
000a0000,
00000000,
0b000000,
00000000,
00000616,
0d000000,
00000000,
00000000,
00120000,
00000000,
00000000,
00040300,
00000100,
03000002,
00000000,
00050007,
000b0500,
00000000,
07000018,
00000000,
00000c00,
0300000a,
00000000,
00000000,
00120004,
00000b00,
0d000000,
00000000,
01000000,
0a000009,
00000000,
00010000,
000d0e00,
00000000,
08000003,
0000000a,
00000000,
00000910,
00000001,
00180000,
000a0000,
00000d00,
06000004,
00000000,
00000000,
00000004,
00000000,
00000000,
00001100,
00000a00,
08000001,
00000002,
00020008,
05000007,
00000000,
00000000,
00020000,
00000902,
01000013,
00000000,
00000000,
00000000,
0e000000,
00000200,
04000002,
0a000000,
00060000,
00000000,
09030000,
00000000,
00010000,
00000000,
00000000,
00050800,
02000005,
00000000,
00010001,
00000000,
02000000,
02000000,
02000205,
01040000,
00050200,
00020000,
00020000,
00000500,
02000500,
00000000,
01000001,
00040700,
01000004,
00000003,
00000001,
00000000,
03000000,
01000000,
02000404,
00050000,
00030000,
01020000,
00010000,
00000500,
04000600,
00000100,
02030000,
00030500,
03000003,
00000004,
00000001,
00000000,
01000000,
01000000,
01000403,
00040000,
00030000,
02030000,
00010000,
00000600,
03000500,
00000000,
01040000,
00040600,
02000004,
00000003,
00000002,
00000000,
00000000,
01000000,
01000403,
00020000,
00040000,
00030000,
00020000,
00000600,
03000400,
00000000,
01030000,
00030500,
00000005,
00000001,
00000001,
00000000,
02000000,
01000000,
02000302,
00030000,
00030000,
01020000,
00020000,
00000500,
03000400,
00000000,
00030000,
00020500,
00000002,
00000005,
00000002,
00000000,
00000000,
02000000,
02000402,
00040000,
00030000,
02010000,
00010000,
00000800,
02000400,
00000000,
01020001,
00020400,
03000003,
00000002,
00010002,
00000000,
00000000,
03000000,
01000403,
01030000,
00030000,
01020000,
00030000,
00000500,
02000200,
00000000,
00020001,
00000301,
00000006,
00000000,
00000000,
00000000,
02000000,
05000000,
03000800,
03000000,
00050000,
02000000,
00050000,
00000100,
04000000,
00000000,
01010002,
02020003,
03000004,
0100000a,
03000000,
00000300,
09000100,
00000000,
08000107,
03000300,
00090300,
00040300,
00020000,
00020500,
00000000,
00050000,
02000001,
01050900,
00000305,
00000100,
00030000,
01000500,
04000100,
00000000,
00000600,
02050000,
000f0000,
00050006,
06030000,
00000001,
00000100,
00000001,
050b0000,
00000000,
0000000c,
00000002,
00000000,
00000000,
08000000,
04000002,
02000002,
00030000,
00080000,
01050000,
00020001,
00000700,
05000100,
00000000,
00000000,
00040400,
00000004,
00000004,
00000002,
00000000,
01000000,
02000000,
03000403,
02020000,
00030000,
00060000,
00020000,
00000600,
01000300,
00000000,
02020000,
00010400,
00000004,
00000004,
00000002,
00000000,
01000000,
02000000,
03000603,
02030000,
00030000,
00050000,
00030002,
00000600,
02000500,
00000000,
01020000,
00000500,
00000004,
00000004,
00000002,
00000000,
00000000,
02000001,
03000504,
02030000,
00030001,
00060000,
00030002,
00000500,
01000500,
00000000,
01010000,
00010601,
00000004,
00000002,
00000002,
00000000,
02000000,
03000000,
03000504,
03040000,
00030000,
00050000,
00030002,
00000500,
02000400,
00000000,
01010000,
00020500,
00000004,
00000003,
00000002,
00000000,
02000000,
02000000,
03000604,
02040000,
00030000,
00050000,
00020001,
00000600,
03000500,
00000000,
01020001,
00000000,
00000006,
00000000,
00000000,
00000000,
07000000,
02000001,
05000802,
06030000,
00040000,
03020100,
00040000,
00040400,
02000000,
00000100,
00020001,
00000300,
00000000,
00000009,
00000000,
00000000,
02000000,
00000005,
00000005,
00090000,
05000000,
00000500,
00000000,
00090000,
00000000,
00000000,
00000003,
00000000,
00000300,
00030005,
02000500,
03040000,
0000000f,
00000b00,
03060009,
00050000,
06000004,
00000000,
00000000,
0b060000,
00000000,
01000000,
00000000,
05030000,
02020b00,
02000000,
00000001,
06010001,
00000000,
00000d00,
00010007,
00000000,
08040000,
00080000,
06000000,
00090007,
00000000,
00050000,
00000000,
07000000,
00000700,
00000100,
00000000,
08000000,
00000000,
00000000,
00000003,
00000000,
08000000,
00000000,
04000002,
000a0003,
00000000,
00000000,
00000700,
00000000,
0000001d,
00000200,
00000107,
00000000,
00000000,
00000001,
03000400,
00000000,
00000000,
00000000,
07000007,
00000000,
00000000,
00000000,
00000301,
00000101,
00000008,
00000000,
00000004,
00000000,
04000000,
01000003,
03000006,
03050000,
00010200,
01030000,
04020000,
00000200,
00030100,
00000000,
00000002,
00030500,
01000004,
00000000,
00020002,
00000000,
02000000,
02000001,
01000305,
01060000,
00050001,
01050001,
03020000,
00000400,
02020400,
00000100,
02030001,
00040600,
00000005,
00000001,
00000002,
00000000,
03000000,
01000000,
02000403,
00050000,
00040000,
00050000,
00020000,
00000500,
03000500,
00000000,
03020000,
00000603,
0000000c,
00000002,
00000000,
00000000,
04000000,
00000002,
00000900,
07040000,
00020000,
03020000,
00020000,
00020400,
00000500,
00000100,
00030000,
00000000,
00000002,
00000213,
00000200,
00000000,
06000000,
0003000c,
01000000,
0f000000,
00000000,
02000000,
00000000,
00030000,
00000800,
00000500,
00000000,
000d0000,
00090000,
0002001f,
00000200,
00000500,
00010004,
0012090a,
00000000,
00000200,
00000000,
00000001,
00000200,
00000000,
00000300,
00051300,
00000000,
00110000,
000c0000,
00000003,
00000100,
02050406,
00090000,
000f0600,
00040000,
00000806,
04000000,
00000004,
00030c00,
0000000b,
00000406,
00001400,
00000000,
000b0000,
00030000,
00000000,
00000303,
00000007,
000b0100,
00050100,
00000b02,
00000a00,
00000000,
00000000,
0c080000,
0a020014,
00000206,
00000000,
00000000,
00000200,
0206000f,
00000000,
00050204,
00000001,
00020100,
00000000,
00000605,
00000000,
01000100,
00000000,
15070000,
00000008,
000a0000,
00000000,
00000100,
00000200,
0400000f,
00000000,
00040003,
00000000,
07000000,
00000000,
00000004,
00030000,
00030400,
04040000,
09020001,
00010200,
00070200,
00000100,
00030000,
00000400,
00000007,
00000000,
00000000,
00000000,
03000000,
04000000,
03000802,
01040100,
04080000,
01050200,
00040000,
00050000,
00060100,
00000000,
03010002,
00000000,
00000004,
05050005,
00000000,
00000000,
0c000000,
00000008,
05000000,
00050000,
07060000,
00000000,
00000000,
05050000,
00030100,
00060000,
00000000,
0b000002,
00000500,
080f0000,
02000000,
00000000,
00000f0c,
00000004,
01060000,
00000000,
0b070000,
00000000,
05000000,
00010400,
00000002,
001a0000,
00000000,
12000000,
01000e00,
000c0000,
00000000,
01000001,
00001300,
00000000,
00110000,
00000000,
10000001,
00000000,
00000100,
00000f00,
00000001,
00050000,
00000000,
0e000400,
00000600,
00080000,
00000000,
0b000000,
00000100,
00000000,
00011000,
00000000,
0a000001,
00000000,
0000001a,
00000002,
00000000,
00000000,
00000000,
00000800,
0000000c,
00000000,
00030000,
00000000,
0b000000,
00000000,
00000000,
0a000000,
01020001,
00000003,
00000008,
01000000,
00000000,
00000000,
00040000,
00010600,
00000006,
00000000,
00000000,
00000000,
04000000,
02000000,
00000002,
02050000,
00030400,
00020000,
00000000,
00000400,
03000300,
00000000,
00000000,
00040800,
00000004,
00000002,
00000002,
00000000,
01000000,
03000000,
02000604,
00040000,
00030001,
00040000,
00020000,
00000400,
04000600,
00000200,
02020001,
00030700,
00000004,
00000002,
00000002,
00000000,
03000000,
03000000,
03000405,
01040000,
00020000,
01040000,
00030000,
00000400,
04000600,
00000200,
02020000,
00020500,
01000004,
00000004,
00000002,
00000000,
02000000,
03000001,
04000405,
00050000,
00010001,
01040000,
00030000,
00000300,
02000600,
00000100,
01010000,
00030500,
01000004,
00000004,
00000002,
00000000,
02000000,
04000001,
04000505,
00050000,
00020000,
01050000,
00030000,
00000300,
02000500,
00000100,
01020000,
00040500,
01000005,
00000006,
00000001,
00000000,
03000000,
03000001,
04000505,
00050000,
00020000,
01060000,
00030000,
00000200,
03020600,
00000100,
02020000,
00040500,
00000005,
00000003,
00000001,
00000000,
03000000,
03000000,
05000504,
02050000,
00040000,
00060000,
00050000,
00000000,
02050300,
00000000,
02010000,
00000000,
00000002,
04000008,
00000000,
00000000,
03000000,
03000003,
01000105,
07040000,
00050000,
00050300,
00000000,
01030000,
00010000,
00010000,
00020000,
05000000,
00000000,
070c0001,
00000000,
00000001,
09000004,
0004000e,
00000000,
00000009,
01040000,
00000000,
03000000,
00000800,
00000300,
00120000,
00000000,
00000000,
00000a00,
010c000d,
00000000,
0200000b,
00001500,
00000000,
000b0000,
00000000,
0f000001,
00000000,
07000000,
00021802,
00000000,
00270000,
00000000,
00000000,
00000000,
00000005,
00000000,
0005000a,
00000000,
00000000,
000c0000,
00000000,
11000008,
00000000,
00000400,
00000014,
00000000,
00000000,
00000002,
00000000,
06000000,
00000000,
00000000,
00000010,
00000a00,
00060000,
00070000,
00000000,
05000000,
00000000,
00000c00,
00000012,
00000000,
000c0000,
00030000,
00000000,
00000000,
00000000,
00000000,
0000030e,
00000200,
00000000,
000a0000,
00000000,
02000000,
00000000,
00000000,
00000c00,
0000000a,
000b0000,
00000000,
00000000,
00000000,
00000000,
00000000,
0000000a,
00000200,
00040000,
00020000,
00000000,
0800000b,
00000000,
00000300,
00000013,
00000000,
00000000,
00000000,
05000000,
00000000,
00070000,
08000000,
05000007,
00000e00,
00070000,
000f0000,
00000000,
04000000,
00000000,
00000600,
00000d04,
00000000,
00130000,
000d0000,
01001100,
00000000,
000e0006,
01000000,
0a000006,
00000b00,
00000000,
00001a00,
00000000,
09000000,
00000900,
00000007,
00080700,
00000000,
00000000,
000d0000,
00000500,
00000000,
06000012,
00000000,
00030000,
05000000,
00000100,
00000000,
00000801,
05090005,
00000000,
00000001,
13050000,
00000000,
00000100,
00000000,
00000300,
00060000,
0b000000,
00000500,
00090700,
00000010,
0002080a,
00000000,
00000400,
05070006,
00000008,
00000000,
06010000,
00000000,
04000300,
00000400,
00000500,
00000300,
04000000,
00000500,
00000009,
01000000,
000a0007,
00000000,
00000000,
06010000,
03000007,
03000000,
00000000,
00000000,
000a0000,
00000001,
000f0000,
00050000,
07060000,
00000000,
0000000a,
0300000e,
000f0000,
00030000,
00130000,
0b000000,
00000000,
00000000,
00000008,
00000000,
00000000,
00070000,
00000100,
02000000,
030c0c00,
00000000,
0900000b,
00000000,
000a0000,
000c0000,
00090300,
07000005,
00000000,
0b000500,
00000510,
00000000,
00110000,
00040000,
00000a00,
00000000,
00000500,
00000200,
0a010002,
00000000,
000a0400,
00050000,
0000000b,
0a000000,
08000002,
00000c00,
00000000,
00000002,
00000000,
000b0000,
00000300,
000a0000,
01000006,
00000500,
0d000404,
00010000,
00060200,
00070800,
00090a08,
04000008,
01000007,
00000300,
03000007,
00000005,
00000000,
00130001,
00000c00,
00050000,
00000000,
00000400,
03000006,
00000000,
00000000,
00041600,
00000e05,
0100000a,
00000004,
02000400,
0200000b,
00000000,
00000000,
00080000,
00000e04,
020a0000,
00000000,
00010400,
00000003,
00010000,
00000000,
00000e00,
00000300,
04000006,
00000004,
00000000,
0200000b,
00000000,
00000000,
00080000,
00000b03,
0000000f,
00000000,
00000000,
00000000,
0b000000,
00000200,
03000005,
06000000,
00050000,
01000000,
06040000,
00000000,
00000000,
00000000,
00000000,
00030800,
01000004,
00000001,
00000001,
00000000,
01000000,
03000000,
02000305,
01050000,
00040202,
01030000,
00030000,
00000400,
02010500,
00000000,
01000000,
00040700,
01000004,
00000003,
00000002,
00000000,
03000000,
03000001,
02000405,
00050000,
00030001,
01030000,
00010000,
00000400,
03000600,
00000100,
01020001,
00040600,
03000002,
00000005,
00000002,
00000000,
02000000,
02000000,
02000504,
00050000,
00030000,
02040000,
00010000,
00000500,
03000500,
00000000,
01030000,
00030600,
01000004,
00000003,
00010002,
00000000,
01000000,
01000000,
01000403,
00040000,
00030000,
00030000,
00020000,
00000700,
03000400,
00000000,
01030000,
00030500,
00000004,
00000002,
00000002,
00000000,
02000000,
00000000,
01000401,
00030000,
00030000,
01020000,
00020000,
00000700,
03000400,
00000100,
00030000,
00020500,
00000003,
00000005,
00000002,
00000000,
00000000,
01000000,
03000402,
00030000,
00030000,
01020000,
00010000,
00000600,
03000500,
00000000,
01010001,
00030400,
04000004,
00000003,
00010002,
00000000,
01000000,
03000000,
01000403,
01030000,
00030000,
01020000,
00030000,
00000400,
02000400,
00000000,
00020001,
00000201,
00000005,
00000000,
00000000,
00000000,
01000000,
05000000,
04000700,
02010000,
00060000,
03000000,
00050000,
00010100,
04000100,
00000000,
01010002,
02020002,
02000004,
0100000a,
03000000,
00000100,
08000100,
00000000,
08000007,
02000300,
00090300,
00040300,
00010000,
01010400,
00000000,
00040000,
02000002,
02040900,
00000305,
00000100,
00030000,
01000500,
04000100,
00000000,
00000700,
03040000,
010f0000,
00060006,
07040000,
00000001,
00000100,
00000001,
060c0000,
00000000,
0000000b,
00000003,
00000000,
00000000,
08000000,
04000004,
02000003,
00030000,
00080000,
02060000,
00030002,
00000400,
05000200,
00000100,
00000000,
00030300,
00000004,
00000004,
00000002,
00000000,
00000000,
02000000,
05000503,
01040000,
00040000,
00060000,
00040000,
00000500,
02000400,
00000000,
03020000,
00020500,
00000006,
00000004,
00000001,
00000000,
02000000,
01000000,
04000603,
02040000,
00040000,
00050000,
00030000,
00000700,
01000400,
00000000,
02020000,
00020601,
00000004,
00000002,
00000002,
00000000,
02000000,
02000000,
03000403,
03030000,
00030000,
00050000,
00030000,
00000700,
02000300,
00000000,
01010000,
00020500,
00000003,
00000003,
00000002,
00000000,
01000000,
02000000,
04000504,
02030000,
00030000,
00040000,
00030000,
00000700,
03000500,
00000300,
01010000,
00020400,
00000004,
00000005,
00000002,
00000000,
02000000,
01000001,
04000603,
01040000,
00030000,
00040000,
00030000,
00000600,
03000500,
00000000,
01020000,
00000100,
00000008,
00000002,
00000000,
00000000,
04000000,
00000001,
05000502,
07030000,
00040000,
03040000,
00030000,
00030000,
00000000,
00000200,
00000000,
00000200,
00000000,
00000012,
00000000,
00000000,
05000000,
00000004,
02000008,
00000200,
03010000,
00000600,
00000000,
00090000,
00000000,
00000000,
00000000,
01000000,
00060200,
00050006,
00000800,
05070000,
0002000c,
00001200,
0406000e,
00000000,
06000000,
00000000,
00000000,
09030000,
00000003,
03000000,
00000000,
050a0003,
00010e00,
00000000,
00000b04,
05050000,
00030301,
00001400,
0008000d,
00000002,
04050000,
00010000,
0b000200,
00050009,
00000002,
0d000000,
00000000,
11000002,
00000f00,
00000000,
00000802,
0a000000,
00010000,
00000600,
00000405,
00000000,
08000002,
00000000,
08000000,
000b000a,
00000000,
00000000,
00000000,
02000000,
00000112,
00010000,
00000200,
00000000,
00000000,
00000000,
01000903,
00000000,
05000000,
00000002,
07000003,
00000000,
00000000,
00000000,
00000000,
00000002,
0000000e,
00000000,
00010001,
00000000,
03000000,
00000003,
02000006,
03060000,
00010300,
00040000,
05000000,
00000100,
00070100,
00000000,
00000001,
00010601,
00000003,
00000000,
00020002,
00000000,
02000000,
03000001,
01000405,
01060000,
00060001,
00050001,
03020000,
00000300,
00040500,
00000000,
02010001,
00030600,
00000004,
00000001,
00000003,
00000000,
02000000,
02000001,
02000404,
00050000,
00040000,
00050000,
00030000,
00000400,
02020600,
00000100,
02020000,
00020500,
00000009,
00000001,
00000000,
00000000,
02000000,
01000003,
00000700,
06060000,
00030000,
01000000,
00040000,
00030500,
01000500,
00000300,
00000000,
00070000,
00000102,
00000014,
00000300,
00000300,
00000000,
00010015,
02000000,
00070000,
00010000,
01000000,
00000000,
00050000,
00000900,
00000300,
00000000,
00180000,
00080000,
00000019,
00000000,
000b0003,
0002000d,
00050021,
00000000,
00090000,
04000000,
00000000,
00000000,
01000000,
08000c00,
00000000,
00000000,
000e0000,
000e0000,
00000000,
00000600,
000d000a,
00130000,
00000002,
00030000,
00000900,
08000000,
00000000,
00000800,
00000008,
00001300,
00000000,
00000000,
00070b00,
00030000,
00000000,
00000500,
00050006,
00120000,
00000000,
04001000,
00000200,
00000000,
00000000,
00000000,
03040009,
00000408,
00000000,
00000000,
00050c00,
0b070003,
00000000,
00000000,
00000004,
00030000,
00000100,
00000505,
00000000,
00090000,
00000000,
0b090000,
00000000,
00020000,
00000000,
00000000,
00000400,
0800000e,
00000000,
00040001,
00000000,
0a000000,
01000000,
00000002,
00030000,
00080500,
03020000,
0b040000,
00000600,
00060000,
00000000,
00000000,
00000601,
00000007,
00000000,
00000002,
00000000,
03000000,
03000000,
00000802,
00060000,
03090000,
02050500,
00040000,
00060000,
00030000,
00000000,
01020001,
00000000,
00000004,
07030003,
00000000,
00000000,
08000000,
00000006,
01000000,
00010000,
06070000,
00000100,
00000000,
03080000,
00000300,
00010000,
00000000,
0a000000,
00000600,
0d110000,
02000000,
00000000,
00000c12,
00000000,
00060000,
00000000,
07090000,
00000000,
04000000,
00050000,
00000402,
00150000,
00000000,
13000000,
00000d00,
05100000,
00000000,
06000000,
00000c00,
00000000,
000b0000,
00000000,
0c070000,
00000000,
00000009,
00000001,
00000000,
00060000,
00000000,
09000600,
00000000,
00080000,
00000000,
0b000002,
00000000,
00000000,
00020300,
00000000,
08000001,
00000002,
0000000a,
00000006,
00000000,
00000000,
00000000,
00000b00,
00000010,
00000000,
00000000,
00000000,
04000000,
00000000,
00000000,
08000000,
02000003,
00000005,
04000009,
00000000,
01070000,
00000000,
00040000,
00000500,
00000008,
00000000,
00000000,
00000000,
04000000,
02000000,
00000003,
02050000,
00020200,
01000000,
00010000,
00000500,
05020500,
00000100,
01000000,
00030700,
00000004,
00000003,
00000002,
00000000,
02000000,
03000001,
02000505,
00050000,
00020001,
01040000,
00020000,
00000400,
03010600,
00000100,
02020001,
00020600,
01000003,
00000003,
00000003,
00000000,
03000000,
04000000,
03000506,
01040000,
00020001,
01040000,
00020000,
00000400,
02000600,
00000000,
02020000,
00010500,
01000003,
00000004,
00000003,
00000000,
02000000,
04000002,
03000505,
01040000,
00020002,
02050000,
00030000,
00000300,
02000500,
00000100,
01020000,
00020600,
00000004,
00000005,
00000003,
00000000,
01000000,
04000002,
04000505,
01050000,
00020001,
01060000,
00030000,
00000200,
02010500,
00000000,
02010001,
00030600,
00000005,
00000004,
00000002,
00000000,
03000000,
04000001,
04000506,
00040000,
00020002,
01070000,
00030000,
00000100,
02020500,
00000000,
02020000,
00010500,
00000006,
00000003,
00000000,
00000000,
04000000,
04000001,
05000605,
02040000,
00030001,
01060000,
00050000,
00000000,
00040200,
00000000,
01000000,
00000000,
00000004,
0600000c,
00000000,
00000100,
06000000,
03000005,
03000404,
07040100,
00050000,
00020700,
00000000,
04010000,
00000000,
00040000,
00030001,
03000000,
00000000,
0a0c0009,
00000000,
00000001,
04000005,
0006000c,
00000000,
00000008,
00070000,
00000600,
05000000,
00000d00,
00000000,
001a0000,
00000000,
00000000,
00000500,
020a0014,
00000000,
0100000d,
00001000,
00000000,
000e0000,
00000000,
0f000000,
00000300,
0b000000,
00001300,
00000007,
002b0000,
00000000,
00000000,
00000000,
00000008,
00000000,
0001000b,
00000000,
00000000,
00090000,
00000000,
11000013,
00000000,
00000400,
00000010,
00000000,
00000000,
00050000,
00000000,
04000200,
00050000,
00000000,
0000000e,
00000a00,
00080000,
00000000,
00000000,
00000000,
00000000,
00000b00,
00000105,
00000000,
00080000,
00000000,
00000000,
00000100,
00000001,
00000000,
0000000b,
00000200,
00000000,
00000000,
00000000,
00000000,
00000b00,
0d000000,
00001e00,
00000007,
00000000,
00000000,
00000000,
00000000,
00000100,
00000000,
00000007,
00000a03,
000a0000,
00020000,
00000003,
08000012,
00000d00,
00000200,
03000002,
00000000,
00000000,
00000000,
06000000,
00000000,
00080000,
00000000,
09000008,
00001000,
00060000,
00070200,
00000000,
06000000,
00000000,
00000600,
00001100,
00000000,
00060000,
00070000,
00000f00,
00000000,
0007000c,
00000000,
0a000003,
00000900,
00000000,
00001d00,
00000000,
09000000,
00000a00,
00000000,
07050300,
00000000,
00000000,
000b0000,
00000400,
00070000,
0800000d,
00000000,
02070400,
06000003,
00000a04,
00000000,
00000a01,
030c0003,
00000100,
02000000,
18040000,
00000000,
00000500,
00000000,
00040d00,
000a0000,
0a000000,
00020400,
00070405,
00000010,
00060900,
00000000,
00000300,
05070000,
00000007,
00000000,
08040001,
00000001,
00000600,
00000000,
00000000,
00000000,
03000000,
00000900,
0000000c,
0a000000,
00060014,
00000000,
00000200,
04000000,
0d000000,
00000000,
00000000,
00000000,
00000200,
00000004,
00000000,
00090000,
05000000,
00000700,
00050008,
0004000c,
000a0009,
00010000,
00000a00,
04000007,
02000000,
00000300,
0000000f,
00000000,
00000000,
0000001b,
00000100,
0d000000,
00000000,
00000900,
04060007,
00090000,
000c0800,
00040003,
00000500,
04000000,
04000003,
00000c00,
00000011,
00000000,
00000000,
000f000e,
00000000,
00070000,
00000008,
00000000,
03020006,
00040000,
000b0400,
00000003,
00000b0b,
05000000,
04000009,
01000700,
00000007,
00000000,
00000000,
00110005,
00000200,
00110000,
00000000,
00000600,
01030002,
000f0000,
00060300,
00020207,
00000e0d,
04000009,
00000000,
00000800,
0600000e,
00000000,
00000000,
000c0411,
00000b00,
00080000,
00000000,
00000500,
00040007,
000a0000,
00010500,
00000901,
00000906,
05000003,
00000003,
04000000,
01000007,
00000000,
00000000,
000a000b,
00000f05,
00000002,
00000000,
00000300,
00000005,
00000000,
00000000,
00001100,
00000000,
01000007,
00000002,
01000001,
00000006,
00000000,
00000000,
00050000,
00000a02,
0200000b,
00000000,
00000000,
00000000,
0e000000,
01000000,
01000003,
07000000,
000a0000,
00000000,
03020001,
00000500,
02000000,
00000000,
00000000,
00030800,
01000005,
00000002,
00000001,
00000000,
01000000,
03000000,
03000305,
01050000,
00030101,
00030000,
00020000,
00000400,
03010500,
00000100,
01000000,
00030700,
00000004,
00000003,
00000002,
00000000,
03000000,
03000002,
03000405,
00050000,
00020001,
01030000,
00020000,
00000500,
03000700,
00000100,
02020001,
00060601,
03000003,
00000005,
00000002,
00000000,
02000000,
02000001,
03000604,
00050000,
00030000,
01030000,
00010000,
00000400,
02000600,
00000100,
02020001,
00060600,
02000004,
00000002,
00000002,
00000000,
02000000,
02000000,
02000403,
00030000,
00030000,
00030000,
00020000,
00000600,
03000500,
00000000,
01030000,
00030500,
00000005,
00000002,
00000002,
00000000,
01000000,
02000000,
01000202,
00030000,
00020000,
01030000,
00030000,
00000700,
03000400,
00000000,
00020000,
00010500,
00000004,
00000004,
00000002,
00000000,
00000000,
03000000,
03000404,
00030000,
00020000,
02010000,
00020000,
00000500,
02000400,
00000000,
01010001,
00010400,
04000003,
00000003,
00000001,
00000000,
00000000,
04000000,
02000402,
00030000,
00020000,
02020000,
00030000,
00000500,
01000200,
00000000,
00020001,
00000301,
00000005,
00000000,
00000000,
00000000,
01000000,
05000000,
04000700,
02010000,
01060000,
03000000,
00050000,
00010200,
03000000,
00000000,
01010001,
01020004,
02000004,
01000009,
04000000,
00000000,
08000100,
01000001,
08000107,
03010400,
00080300,
00040400,
00010000,
01010300,
00000000,
00030000,
02000003,
02040800,
00000205,
00000100,
00020000,
01000500,
05000100,
00000000,
00000600,
03030000,
000e0000,
00070005,
08040000,
00000001,
00000200,
00000001,
040b0000,
00000000,
0000000b,
00000003,
00000000,
00000000,
07000000,
05000003,
01000003,
00010000,
00080000,
03060000,
00030001,
00000500,
05000200,
00000000,
00000000,
01020400,
00000004,
00000004,
00000003,
00000000,
01000000,
03000000,
03000505,
01030000,
00040000,
00070000,
00040003,
01000600,
02000300,
00000000,
03020001,
00020500,
00000005,
00000102,
00000002,
00000000,
02000000,
02000000,
04000405,
05040000,
00040000,
00040000,
00050001,
03000500,
02030400,
00000000,
01000000,
00010500,
00000000,
00000004,
00000000,
00000000,
05000000,
01000002,
02000005,
07000000,
00010000,
00010000,
00070000,
00000200,
01000700,
00000900,
00000000,
00000400,
00000001,
00000109,
00000001,
01000000,
00000000,
00000001,
05000504,
00000000,
00000000,
00000000,
000a0001,
00000000,
02000700,
00000500,
00000200,
00000100,
00000008,
00000005,
00000003,
00000000,
04000000,
00000000,
05000403,
00050000,
00020000,
01020000,
00070000,
00000200,
02010500,
00000000,
00000100,
00010000,
00000006,
00000003,
00000000,
00000000,
02000000,
00000002,
05000301,
08020000,
01050000,
03040100,
00040000,
00030000,
00000100,
00000000,
00000001,
00000000,
00000000,
00000014,
00000000,
00000000,
03000000,
00000007,
04000009,
00040300,
02000000,
00000000,
00000000,
02080000,
00000000,
00000000,
00000000,
00020000,
00080000,
01080001,
02000700,
06090000,
0006000f,
00010f00,
070a0009,
00000500,
01000000,
00000000,
00010000,
07060000,
00000002,
00000700,
00000000,
000b0000,
00020d00,
00000000,
00000300,
00030000,
020c0b00,
00001000,
06080002,
00000003,
01000000,
00000004,
04080600,
01070003,
00000408,
0c000600,
00000000,
0b050000,
00001400,
00000000,
00000307,
05040000,
00070200,
00000b00,
00000402,
00000000,
04000000,
00000005,
0c000000,
000b0003,
00000001,
08000000,
00000000,
05000000,
00000b00,
00000000,
00000400,
00000000,
00000000,
00000000,
00000504,
00000000,
04000000,
00000004,
0c00000a,
00000000,
00000000,
00000000,
00000000,
00000001,
0000000f,
00000000,
00020000,
00000000,
07000000,
00000001,
02000006,
03050000,
00030200,
00040000,
07000002,
00000100,
00080200,
00000000,
00000001,
00010701,
00000003,
00000000,
00020002,
00000000,
02000000,
03000000,
00000305,
01050000,
00060001,
00040001,
04020000,
00000300,
00040500,
00000100,
01000000,
00020600,
00000003,
00000001,
00000002,
00000000,
03000000,
02000000,
01000403,
00040000,
00040001,
01040000,
01020000,
00000400,
02000600,
00000200,
02020000,
00020500,
00000008,
00000001,
00000000,
00000000,
03000000,
00000002,
00000700,
03080000,
00050000,
00000000,
00050001,
00030500,
02000300,
00000000,
00010000,
00000100,
00000001,
00000010,
00000200,
00000000,
05000000,
00000011,
01000000,
000d0000,
00030000,
03000000,
00000000,
00070000,
00000b00,
00000000,
00000000,
00000001,
00040000,
00000013,
09000000,
00030002,
00050010,
00000028,
09000000,
00110000,
06000004,
00000000,
00000000,
02000000,
00000600,
00000000,
00000000,
00000b0d,
000e0000,
00000000,
06000000,
00040006,
00170000,
0500000a,
02000000,
000b0300,
0e000011,
00000000,
00000700,
00000000,
00000000,
02000000,
00000000,
00001100,
01040000,
00000000,
00000000,
00000007,
000f0000,
00000000,
03001400,
00000000,
02000005,
00000000,
00000100,
01000000,
00000000,
0b000000,
00000000,
00000a00,
10000000,
00000000,
00000000,
00000003,
00020000,
00000000,
00000401,
00000000,
00060100,
00000000,
0b070000,
00000000,
00000000,
00000000,
00000000,
00000600,
0800000d,
00000000,
00050000,
00000000,
0b000000,
01000000,
00000001,
00040000,
00080900,
01000001,
0b040000,
00000400,
00060000,
00000100,
00000000,
00050903,
00000006,
00000000,
00000001,
00000000,
03000000,
02000000,
00000b00,
00080000,
030a0000,
02040300,
00020000,
00070000,
01000000,
00000000,
00030000,
00000001,
00000001,
05020003,
00000000,
00000000,
04000000,
00000009,
04000400,
00080000,
050a0000,
00000500,
00000000,
00060000,
00000000,
00040000,
00000000,
02070000,
00000900,
0c0e0004,
0b000000,
00000000,
00000909,
00000005,
000c0000,
00000000,
070b0000,
00000000,
03000000,
00030001,
00000001,
00270000,
00000000,
00000000,
01000600,
0a120000,
00000000,
05000005,
00000904,
00000000,
000f0000,
00000000,
0c080000,
00000000,
00000014,
0000000c,
00000000,
00010200,
00000000,
00000d00,
04000000,
00040000,
00000000,
06000005,
00000000,
00000000,
00000000,
00000300,
05000000,
00000000,
00000004,
00000011,
00000000,
00000400,
00000000,
00000800,
00000014,
00000000,
00010000,
00000000,
0a000000,
00000000,
00000000,
08000000,
01000000,
00000004,
0b000000,
00000000,
00060000,
00000000,
00050000,
00000400,
00000005,
00000000,
00010000,
00000000,
05000000,
02000000,
00000003,
01070000,
00040300,
00000000,
02000000,
00000500,
04040500,
00000000,
00000000,
00030600,
01000004,
00000003,
00000003,
00000000,
02000000,
03000000,
03000504,
00050000,
00020001,
00040000,
00020000,
00000300,
02000600,
00000100,
01010001,
00030600,
02000004,
00000003,
00000003,
00000000,
04000000,
04000000,
04000506,
01050000,
00020000,
01050000,
00020000,
00000500,
02000500,
00000100,
02020001,
00020600,
01000003,
00000004,
00000003,
00000000,
03000000,
04000000,
03000505,
01040000,
00020000,
01050000,
00020000,
00000500,
02000500,
00000000,
02020000,
00020600,
00000004,
00000004,
00000003,
00000000,
01000000,
03000000,
03000605,
00050000,
00020001,
01060000,
00030000,
00000200,
02000400,
00000000,
02020000,
00010600,
00000005,
00000003,
00000002,
00000000,
03000000,
04000001,
04000605,
01040000,
00030002,
00060000,
00030000,
00000100,
02020400,
00000000,
03010000,
00010400,
00000006,
00000005,
00000000,
00000000,
04000000,
03000001,
05000405,
04040000,
00030000,
02060000,
00040000,
00000000,
00040400,
00000000,
00000000,
00020000,
00000001,
06000012,
00000000,
00000000,
05000000,
00010007,
04000007,
04060100,
01060000,
00000600,
00000000,
08010000,
00000100,
00020000,
00000000,
01000000,
00000000,
060b000d,
00000000,
00000002,
06000208,
0006000b,
00000000,
00070004,
02040000,
00000300,
00000000,
00000401,
00000300,
00130000,
00000000,
00000000,
00000300,
0001000d,
00000000,
0000000d,
00000c00,
00000000,
00060000,
00000000,
0e000000,
00000000,
01000000,
00000000,
00000003,
001a0000,
00000000,
00000000,
00000000,
00000000,
00000000,
0000000b,
00000000,
00050000,
00060000,
00000000,
0c00000e,
00000000,
00000200,
0000001b,
00000000,
00000000,
00000004,
00000000,
0b000000,
00060000,
00000000,
0700220e,
00000a00,
00030400,
00000000,
00000001,
00000000,
00001400,
00000300,
00001a08,
00000003,
001a0000,
00000000,
00000000,
00000000,
00000100,
00000000,
0000120a,
00000100,
00000000,
00030000,
00000e09,
00000000,
00001b00,
03000000,
00002700,
0000000d,
00000000,
00000000,
00000000,
00000000,
00000000,
00000000,
0000000b,
00000c00,
00000000,
00060000,
00000007,
05000000,
00000000,
00000800,
00000200,
0000000b,
00000000,
00000000,
09000000,
00000000,
000e0000,
00000000,
0b000008,
00001100,
00030000,
00090200,
00000000,
09000000,
00000000,
0000060d,
00000800,
00000000,
00090000,
00090000,
00000c00,
00000000,
000a000a,
00000000,
03020005,
00000700,
00000000,
00001400,
00000000,
08000000,
00000100,
0000010c,
08060000,
00000000,
00000000,
000a0000,
00000400,
00090000,
05000009,
00000000,
000c0000,
00000007,
0000050b,
00000000,
00000705,
03090000,
00000000,
00000000,
1e050000,
00000100,
00000000,
00000200,
00000e00,
00040000,
0a000000,
00020500,
00040006,
00000003,
00000001,
00000000,
00000700,
030d0004,
00000100,
00000000,
03040002,
00000000,
00000000,
00000000,
00000000,
00000000,
04000000,
00000100,
0000000e,
12000002,
00040005,
00000000,
00000000,
07000003,
12000000,
00000000,
00080000,
00000000,
00000000,
00000000,
00000000,
00000000,
00000000,
00000300,
00060005,
00050005,
00100009,
00070000,
00000004,
09000016,
04000300,
00000b2a,
00000003,
00000000,
00000000,
00040e1a,
00000a00,
05000000,
00000008,
00000401,
00080009,
000c0000,
000b0700,
00090a00,
00000405,
00000000,
0000000f,
00000409,
0b00000d,
00000006,
00000003,
0009000e,
00000800,
00070000,
0100000c,
00000200,
00050605,
000d0000,
00050300,
00040206,
00001107,
05000003,
00000003,
03000600,
00000002,
00000000,
00000000,
00000004,
00000000,
000b0000,
06000000,
00000201,
00090005,
00120000,
0b040401,
000b0005,
00000d0d,
07000006,
00000000,
02000b00,
00000005,
00000000,
00000002,
00070018,
00000800,
00000000,
01000000,
00000300,
00040008,
000d0000,
02010200,
00050d00,
00000902,
04000003,
00000004,
03000000,
0000000c,
00000000,
00000000,
000d010c,
00001002,
01000005,
00000000,
00000200,
00000005,
02000000,
00000000,
00000900,
00000000,
00000006,
00000001,
03000000,
00000006,
00000000,
00000000,
00060000,
00000901,
03000009,
00000000,
00000000,
00000000,
0f000000,
00000000,
00000001,
06000000,
00090200,
01010000,
01000000,
00000600,
04000000,
00000000,
00000000,
00040800,
00000005,
00000002,
00000002,
00000000,
02000000,
04000001,
02000505,
01050000,
00030000,
00030000,
00020000,
00000400,
04000600,
00000100,
02020001,
00030700,
00000005,
00000003,
00000001,
00000000,
03000000,
04000001,
03000505,
00050000,
00030001,
02020000,
00020000,
00000400,
03000700,
00000100,
02010001,
00040600,
02000004,
00000003,
00000001,
00000000,
01000000,
04000002,
04000505,
00050000,
00030001,
01020000,
00010000,
00000400,
03020600,
00000100,
02020001,
00050600,
04000004,
00000003,
00000002,
00000000,
02000000,
02000000,
03000304,
01040000,
00030000,
01020000,
00020000,
00000500,
03020500,
00000000,
01020000,
00010500,
01000004,
00000002,
00000002,
00000000,
01000000,
01000000,
01000203,
01040000,
00020000,
01030000,
00020000,
00000700,
02000400,
00000000,
00010000,
00000400,
00000004,
00000004,
00000002,
00000000,
00000000,
03000000,
02000403,
01030000,
00030000,
03020000,
00020000,
00000500,
01000300,
00000000,
01010001,
00020400,
03000004,
00000003,
00000001,
00000000,
01000000,
03000000,
02000503,
00030000,
00030000,
02010000,
00030000,
00000500,
01000300,
00000000,
00020001,
00000300,
00000005,
00000000,
00000000,
00000000,
01000000,
05000000,
05000600,
02010000,
01060000,
02000000,
00040000,
00010100,
04000000,
00000000,
02000002,
01020003,
02000003,
01000008,
03000000,
00000000,
08000200,
01000000,
09000008,
03010300,
00070400,
00040400,
00000000,
02010300,
00000000,
00030000,
02000003,
01040800,
00000303,
00000000,
00020000,
02000500,
03000100,
00000000,
00000600,
02040000,
000f0000,
00060006,
07040000,
00000001,
00000200,
00000001,
040c0000,
00000100,
0000000c,
00000004,
00000000,
00000000,
06000000,
03000002,
02000001,
00020000,
00090000,
02060000,
00020002,
00000700,
05000200,
00000000,
00000000,
01020500,
00000005,
00000003,
00000002,
00000000,
01000000,
01000000,
04000504,
02020000,
00040000,
00060000,
00050000,
02000700,
02000400,
00000000,
03010000,
00000300,
00000000,
00000003,
00000001,
00000000,
03000000,
01000002,
03000006,
09010000,
00040000,
00010000,
00080000,
03000200,
01000800,
00000600,
00000000,
00000100,
00020000,
0000000a,
00000000,
00000000,
00000100,
00000004,
00000005,
02000000,
00000000,
03000000,
00080200,
00000000,
00020700,
00000b00,
00000400,
00000200,
00000003,
0002000b,
00000500,
09000000,
00000000,
00000000,
02000903,
00000000,
00000002,
07000000,
00070205,
00000000,
00000100,
00000000,
00000400,
00000300,
0000000a,
00000000,
00000101,
00000000,
06000000,
00000000,
04000204,
00040000,
00020000,
00050000,
00070002,
00000000,
01020000,
00000000,
00000000,
00030000,
00000006,
00000000,
00000000,
00000000,
02000000,
01000004,
06000302,
08020000,
00040000,
01030200,
00040000,
00030000,
00000000,
00000100,
01000001,
00030000,
01000000,
03010010,
02000000,
00030000,
02000000,
0000000d,
01000009,
00020400,
03020000,
00000000,
00000000,
03080000,
00000000,
00000600,
00010203,
000a0000,
000a0000,
03080000,
00000200,
00110000,
00050007,
00000605,
050c0005,
00000b00,
03000000,
00000000,
00000200,
01060000,
00000007,
00001900,
00000000,
00170000,
00040000,
00050000,
00000500,
00070004,
000a0600,
00000000,
09090000,
00000501,
03000000,
00000000,
00030000,
0009000b,
0000091d,
0e001200,
00000000,
03020000,
08000600,
00060000,
00000303,
01020004,
00030400,
00000800,
00010300,
00000000,
02020000,
00000000,
080c0000,
010b0009,
0000000c,
09000000,
00000000,
06000000,
02000800,
00020000,
00000200,
02000000,
00000000,
00000000,
00000004,
00000000,
03030000,
00030002,
0c020003,
00010000,
00000000,
00000000,
00000000,
00000000,
00000010,
00000000,
00000000,
00000000,
05000000,
00000002,
00000002,
02010000,
00020200,
00010002,
09030003,
00000100,
00020300,
00000000,
00000200,
00000500,
00000003,
00000000,
00020003,
00000000,
00000000,
02000000,
00000303,
00070000,
00040101,
00040001,
06030000,
00000200,
00050400,
00000100,
00000000,
00000400,
00000003,
00000001,
00000002,
00000000,
02000000,
02000000,
00000303,
00050000,
00030000,
02050000,
03020000,
00000300,
02020500,
00000200,
01020000,
00020300,
00000006,
00000000,
00000001,
00000000,
02000000,
00000001,
01000700,
00080000,
00060000,
00000000,
00060000,
00030700,
04000100,
00000000,
00010000,
00000101,
00000002,
00000008,
00000000,
00000000,
09000000,
00000009,
00000000,
00070000,
02060000,
02000000,
00000000,
00090100,
00000100,
00000000,
00000000,
00000000,
00000000,
01000001,
01000600,
00000000,
0500000b,
00000414,
00000009,
00000000,
0600000a,
00000000,
00000000,
00000000,
00000000,
03000000,
00000002,
00000000,
00000000,
00000000,
00000600,
00030004,
00080200,
07000b01,
00040000,
00000000,
0b000012,
00000000,
00000600,
00000000,
00000000,
0b000000,
00000202,
00000000,
00000000,
00000000,
00000302,
00000006,
00060000,
06000000,
05001500,
00000400,
04000010,
00000005,
00000100,
00000000,
00000000,
0b000000,
00000200,
00000700,
0d000001,
00000000,
00000000,
00000005,
00030100,
00000000,
00000700,
00000000,
00050003,
00000007,
0b040000,
00000001,
00000000,
00000000,
00000000,
00000800,
0a000010,
00000000,
00050000,
00000000,
0b000000,
00000000,
00000000,
03010000,
00090600,
02000003,
0a030000,
00000200,
00050000,
00000000,
00000100,
00030600,
02000004,
00000000,
00000001,
00000000,
03000000,
03000000,
01000800,
00080000,
01080000,
02000000,
01050000,
00040000,
03000000,
00000000,
00000000,
00000003,
00000001,
04040005,
02000000,
00000000,
09000000,
0000000a,
01000000,
000f0000,
050a0000,
00000000,
02000000,
00070000,
00000000,
00000000,
00010000,
000d0000,
00000300,
08110009,
18000000,
00000000,
0000020c,
0000000f,
000d0000,
00000000,
07020002,
00000000,
00000000,
00000001,
00000000,
001d1700,
00000000,
00070000,
04000000,
060a0000,
00000000,
00000008,
00000100,
00000000,
00110000,
00000000,
10000001,
00000000,
00000300,
00010019,
00000000,
00000d00,
00000000,
00000200,
0a000000,
00000000,
00000000,
07060005,
00000000,
00000000,
00000100,
00000000,
06000000,
00000000,
00080312,
00000019,
00000000,
00000000,
00030900,
00000800,
00000016,
00000000,
00000000,
00000002,
08000000,
00000000,
01000400,
01000000,
00010000,
00000002,
020b0009,
00000000,
00000500,
00000000,
00010100,
00000302,
00000006,
00000000,
00010000,
00000000,
05000000,
04000000,
00000004,
05060000,
00030500,
00000000,
00000000,
00000400,
02060300,
00000000,
00000000,
00020700,
01000004,
00000002,
00000003,
00000000,
02000000,
04000001,
03000505,
00040000,
00020001,
01030000,
00020000,
00000300,
02000600,
00000200,
02010001,
00050600,
03000004,
00000003,
00000003,
00000000,
03000000,
04000001,
04000406,
01050000,
00030000,
01040000,
00030001,
00000400,
02000600,
00000200,
02010001,
00060600,
01000003,
00000003,
00000002,
00000000,
04000000,
02000001,
04000505,
01050000,
00020000,
00040000,
00020000,
00000300,
03000500,
00000200,
02020001,
00050700,
00000003,
00000003,
00000003,
00000000,
02000000,
03000000,
03000604,
00040000,
00020000,
00060000,
00030000,
00000400,
03010400,
00000100,
01030000,
00030600,
00000004,
00000004,
00000002,
00000000,
02000000,
04000001,
04000605,
01030000,
00020001,
00070000,
00040000,
00000200,
01020500,
00000100,
02010000,
00010300,
00000006,
00000006,
00000000,
00000000,
03000000,
04000002,
05000305,
04030000,
00040000,
02060000,
00040000,
00000000,
01050400,
00000000,
01000000,
00030000,
00010000,
05000013,
00000000,
00000000,
04000000,
00010009,
02000008,
05020000,
01060000,
02000000,
00000000,
08010000,
00000700,
00000000,
00000000,
04000000,
00000000,
080a0000,
00000000,
00000001,
03000409,
00090009,
00000000,
00000001,
01000000,
00000000,
00000200,
00000002,
00000000,
00100000,
00000000,
00000000,
00000000,
00000000,
00000000,
0000000b,
00001200,
00000000,
00000000,
00000000,
08000009,
04000000,
06000000,
00000600,
00000002,
001f0000,
00000000,
00000000,
00000000,
00000400,
00000000,
00000008,
00000500,
00000000,
00000000,
00000000,
0a00002b,
00000100,
00000604,
0000000b,
00000000,
00000006,
00000000,
00000000,
0e000000,
000a0a00,
00000000,
01001c0f,
00000100,
00000900,
00020300,
00000103,
00000000,
00000404,
00000800,
0000180d,
00000000,
0000000f,
00000000,
00000000,
00000000,
00000100,
00000000,
000e1906,
00000000,
00000b00,
00080000,
00000b0e,
04000000,
00000200,
00000800,
0d000000,
00000007,
00000000,
00000000,
00000000,
00000000,
04060000,
00000000,
0000000b,
00000000,
00000000,
000e0000,
00000008,
04000000,
00000000,
00000d00,
00000003,
00000008,
00080001,
00090000,
0a000500,
00000000,
000d0000,
08000000,
0c000007,
00000700,
00000000,
000b0500,
00000000,
08000003,
00000300,
00000500,
00001401,
00000003,
001a0000,
000a0000,
00001000,
00000000,
0005000a,
00000000,
04000001,
00000a00,
00000000,
00000600,
00000000,
08060000,
00000500,
00000007,
11070000,
00000000,
00000000,
00090000,
00010a00,
00090000,
03000009,
00000000,
00030000,
00000004,
00000505,
00000000,
00000402,
01080000,
00000000,
03000000,
1e0a0000,
00000004,
00000000,
00000000,
00001300,
00050000,
0a000000,
00000300,
00000005,
00000006,
00010000,
00000000,
00000600,
070e0009,
00000302,
00000000,
00020002,
00000000,
00000000,
00000000,
00000000,
00000000,
08000000,
00000000,
0000000a,
12000000,
00070000,
00000000,
00000000,
03030004,
09000300,
06000000,
00030000,
00000000,
001e0000,
00000000,
00000000,
00020000,
00000004,
04000000,
02000009,
00000000,
000c0000,
000b0000,
00000007,
0800000e,
00001100,
00000007,
00030500,
00000006,
000a0000,
00060000,
00000f00,
00040000,
01000019,
00000000,
00030009,
00020000,
00020000,
00050c00,
00001207,
04000008,
00000000,
0000041c,
0a000006,
00000000,
00000000,
00000000,
00000001,
000d0000,
06000000,
00000400,
00090005,
00090006,
07010900,
000a0000,
06000b12,
07000000,
00000000,
01000b00,
04000000,
00000001,
00000000,
00020206,
00000000,
00000000,
07000000,
00000000,
000c0007,
000b0006,
07010700,
00100700,
0000050d,
0a000004,
00000000,
00000b00,
00000004,
00000000,
00000000,
000e0e0f,
00000f00,
00000000,
00000000,
00000000,
00060007,
00050000,
00020000,
00040f00,
00000304,
04000008,
00000002,
0000010b,
0000000a,
00000000,
00000000,
000b070b,
00001000,
01000000,
00000000,
00000000,
00000004,
06000000,
00010000,
00000700,
00000000,
00040006,
00000004,
00000001,
00000005,
00000000,
00000000,
00060000,
00000902,
03000007,
00000000,
00020000,
00000000,
0b000000,
01000000,
00000003,
07000000,
00090200,
01010002,
00000000,
00000700,
05000200,
00000000,
00000000,
00030800,
00000004,
00000002,
00000002,
00000000,
03000000,
03000001,
02000505,
01050000,
00030001,
01030000,
00020000,
00000400,
04000600,
00000100,
02010001,
00030700,
00000004,
00000003,
00000002,
00000000,
02000000,
03000001,
02000505,
00050000,
00020001,
01030000,
00020000,
00000500,
03000600,
00000000,
00010001,
00020600,
01000004,
00000003,
00000001,
00000000,
01000000,
05000002,
03000506,
00050000,
00030002,
01030000,
00010000,
00000300,
02000600,
00000000,
01010002,
00020500,
04000003,
00000002,
00000002,
00000000,
02000000,
04000000,
02000305,
00040000,
00030000,
01030000,
00020000,
00000400,
02000400,
00000000,
00020000,
00000400,
02000003,
00000002,
00000002,
00000000,
01000000,
03000000,
00000303,
01030000,
00020000,
02030000,
00020000,
00000700,
02000300,
00000000,
00020000,
01000400,
00000004,
00000003,
00000003,
00000000,
00000000,
03000000,
01000503,
00030000,
00030000,
02030000,
00020000,
00000600,
03000200,
00000000,
01020001,
00010400,
01000005,
00000003,
00000002,
00000000,
01000000,
02000000,
02000402,
00030000,
00030000,
02020000,
00020000,
00000600,
02000200,
00000000,
00030001,
00000200,
00000006,
00000000,
00000001,
00000000,
02000000,
05000000,
04000600,
02010000,
00060000,
02000000,
00060000,
00010100,
05000100,
00000000,
01000001,
01000004,
02000003,
00000008,
04000000,
00000000,
09000100,
00000001,
07000108,
03000400,
00070400,
00040500,
00010000,
01010300,
00000000,
00020000,
02000003,
02060900,
00000303,
00000000,
00030000,
02000400,
04000000,
00000000,
00000600,
01060000,
000e0000,
00070007,
07030000,
00000001,
00000100,
00000000,
030c0000,
00000200,
0000000b,
00000004,
00000000,
00000000,
06000000,
02000002,
03000003,
00030000,
00080000,
02060000,
00020000,
00000700,
05000100,
00000100,
00000000,
01010500,
00000004,
00000003,
00000001,
00000000,
01000000,
01000000,
03000305,
03010000,
00040000,
00060000,
00040000,
01000600,
02000400,
00000100,
01010000,
00000000,
00000000,
00000005,
00000000,
00000000,
00000000,
00000003,
02000008,
08030000,
00030000,
02000000,
03030000,
03000000,
00000600,
00000500,
00000000,
00000000,
00030000,
0302000a,
00010200,
03000000,
00000000,
00070001,
00000105,
02010000,
00000001,
0a000000,
00000200,
00000000,
00040000,
00040000,
00000000,
03000400,
00000001,
00030005,
00030400,
0e000000,
00000000,
00060000,
00000401,
00000000,
00000000,
0a020000,
00000003,
00000000,
00020000,
00000000,
00000000,
01000000,
0000000a,
00000000,
00000100,
00000000,
05000000,
00000000,
00000003,
05000000,
00000000,
00010000,
00010000,
03000000,
00000000,
00000000,
00000200,
00020001,
0000000e,
00000000,
06000002,
00000000,
09000000,
00000003,
06000300,
07060000,
00000000,
00000000,
00010000,
00050000,
00000000,
00000000,
00000004,
0000000a,
00000000,
0601000c,
07000000,
00080000,
08000000,
0000000e,
00000009,
050a0200,
04000000,
00000000,
00000000,
06070200,
00000000,
00000100,
00040008,
00000000,
00060000,
0b080004,
00000500,
00170001,
0003000a,
00000016,
00080006,
00000a00,
08000000,
00000000,
00000400,
00020000,
00000200,
00001000,
0007000c,
00000200,
00000000,
00030000,
00000400,
00080005,
000f0000,
00000000,
05050a00,
00000b00,
0500000c,
00000000,
00000400,
0003000d,
00000a03,
00000000,
00040000,
00030000,
10000000,
00000000,
00000503,
00040003,
00040100,
00000e00,
00060001,
00000000,
00050000,
00000000,
00070000,
080e0008,
0000000b,
03000000,
00000000,
04000000,
06010800,
01000000,
00000500,
06000000,
00000000,
00000700,
00000006,
00000000,
02060000,
00010007,
0e0c0000,
00050003,
00000000,
00000000,
00000000,
00000000,
00000014,
00010000,
00000001,
00000000,
07000001,
00000004,
01000004,
00000000,
00020000,
00000006,
08050005,
00000000,
00010000,
00000000,
00000200,
00000600,
00000000,
00000000,
00020005,
00000000,
00000000,
01000000,
00000005,
01050000,
00000500,
00040001,
03030000,
00000100,
00030300,
00000200,
00000000,
00000500,
00000000,
00000101,
00030004,
00000000,
00000000,
02000000,
00000504,
00050000,
00000102,
02060001,
01030001,
00000200,
00010500,
00000101,
00010200,
00000400,
00000002,
00000000,
00000003,
00000000,
02000000,
00000000,
01000600,
00080000,
00040000,
00040000,
00060000,
00010600,
02000000,
00000000,
00010100,
00000000,
00000000,
00000004,
00000000,
00000000,
05000000,
00000009,
00000000,
000b0000,
03050000,
04000000,
05000000,
00070200,
00000000,
00000000,
00000004,
00000000,
00000000,
04000005,
02000600,
00040000,
03000006,
00040211,
00030008,
00000000,
02000005,
00000000,
00000000,
00000000,
00000000,
00000200,
0000000d,
00000000,
00000000,
05000001,
00000c00,
04080002,
000d0000,
00090700,
00100003,
00000000,
06000005,
00000002,
00000700,
00000000,
00000000,
00000000,
0009000b,
00000000,
00000000,
00000000,
00000704,
00000006,
000d0000,
01060000,
01040d00,
00000200,
0500000a,
00000011,
00000200,
00000006,
00000003,
00000000,
000e0002,
00000c00,
05030000,
00000000,
00000100,
00000006,
00070000,
00000000,
00000c01,
00000000,
02000005,
00000004,
09020000,
00000004,
00000000,
00000000,
00040000,
00000a00,
09000011,
01000000,
00040000,
00000000,
0d000000,
00000000,
00000001,
00000000,
00090500,
02000004,
0a030000,
00000200,
00040000,
00000000,
00000000,
00010400,
03000003,
00000000,
00000002,
00000000,
03000000,
03000000,
00000401,
00070000,
00070000,
02010000,
00040000,
00020300,
03000000,
00000000,
00000000,
00010200,
00000003,
00000004,
03000000,
00000100,
08000000,
00000007,
04000000,
000f0000,
010a0000,
00000100,
00000000,
00050000,
00000000,
00000000,
00000000,
00000000,
00000000,
03090009,
11000000,
00000000,
05000005,
0000001b,
00070000,
00040000,
05000006,
00000000,
00000000,
00000000,
0000000d,
00150600,
00000000,
00000000,
00000000,
01030000,
00000000,
00000008,
00000300,
00000000,
00170000,
00000000,
0a000019,
00000a00,
00000100,
0000000b,
00000601,
00020000,
00000000,
00000507,
05000000,
00030000,
00000000,
0b000006,
00000000,
00010000,
00080e00,
00000000,
04000005,
00000000,
00000223,
0000000c,
00000000,
00000000,
00020000,
00000a00,
00000011,
00030000,
00000000,
00000002,
00000000,
00000000,
00000700,
08000000,
000a0000,
00000000,
00050028,
00000000,
00000100,
00000000,
00000000,
00000402,
0000000a,
00000000,
00010000,
00000000,
06000000,
07000000,
00000005,
07050000,
00030600,
00000000,
00000000,
00000400,
03060100,
00000000,
00000002,
00020701,
00000004,
00000003,
00000002,
00000000,
02000000,
05000001,
02000604,
00050000,
00020002,
01030000,
00020000,
00000300,
03010600,
00000100,
02020001,
00040600,
02000003,
00000004,
00000002,
00000000,
03000000,
05000001,
03000406,
01040000,
00020001,
02040000,
00020000,
00000300,
03000500,
00000100,
03020001,
00020500,
01000003,
00000004,
00000003,
00000000,
02000000,
03000001,
03000405,
01050000,
00020001,
01040000,
00020000,
00000200,
04010600,
00000000,
02020001,
00030600,
00000004,
00000004,
00000002,
00000000,
03000000,
03000001,
03000505,
01040000,
00020002,
01060000,
00020000,
00000200,
02020500,
00000000,
03020001,
00030600,
00000004,
00000005,
00000002,
00000000,
01000000,
04000001,
05000705,
00040000,
00020001,
01070000,
00030000,
00000100,
01020500,
00000000,
04020000,
00000300,
00000007,
00000004,
00000000,
00000000,
03000000,
04000002,
05000604,
04020000,
00030000,
03060000,
00020000,
00010000,
00050500,
00000000,
02000000,
00000000,
00000001,
06000010,
00000000,
00000000,
06000000,
0000000a,
01000002,
01000000,
01020000,
04000000,
00000000,
06010000,
00000700,
000b0000,
00000000,
01000000,
00000000,
06060000,
00000000,
00000002,
00000706,
000a0007,
00000000,
00000000,
06000000,
00000000,
00000200,
00000700,
00000000,
00130000,
00000000,
00000000,
00000400,
00000000,
00000000,
0000000b,
00000600,
00060000,
00010000,
00000001,
0d000000,
00000200,
04000400,
00052800,
00000006,
00200000,
00000000,
00000000,
00000300,
00060000,
00000000,
0000000c,
00000000,
000d0900,
000a0000,
00000006,
0e00000e,
00000000,
00000000,
00001204,
0000000b,
00000000,
00010000,
0000000b,
00000300,
00080000,
00060000,
0200230c,
00000000,
00040d00,
00010d00,
04000002,
00000000,
00000005,
00000a01,
0c000400,
00000000,
00000009,
00000000,
00000007,
00030000,
00000000,
00090000,
00151408,
00000000,
00000000,
00090000,
00000011,
00000000,
00000300,
00000a00,
01000000,
00000103,
00000000,
00000000,
0000000d,
00000000,
09080000,
00000000,
0000000c,
00000000,
00020000,
000a0800,
00060004,
01000000,
00000000,
00000e00,
00000000,
00000200,
000d0000,
00020000,
08000e00,
00000000,
050e0000,
00000000,
08000006,
00000500,
00000000,
00060800,
00000000,
07060002,
00000900,
00000300,
00000a00,
00000000,
00040000,
000a0000,
00001000,
00000000,
0000000c,
00000000,
00000000,
00000700,
00000000,
00000000,
00000401,
090a0004,
00000900,
00000000,
17050000,
000a0000,
00000000,
00000000,
00000d00,
00100000,
02010006,
02000000,
01000000,
00000006,
00000803,
00000003,
00000800,
00050007,
00000200,
00000000,
1d080000,
00000001,
00000200,
00000000,
00000f00,
00080000,
07000000,
03040500,
00000504,
01000000,
00090000,
00000000,
00000200,
06050003,
08000509,
00000000,
00050000,
00000000,
00000000,
00000000,
00000000,
00000000,
07050007,
00000200,
02000208,
0e000006,
00090000,
00000000,
00090100,
00000000,
0b000800,
00000000,
00010100,
03000000,
00030200,
00000000,
00000300,
00050000,
04020016,
00000200,
00000007,
00000000,
00000000,
00030000,
00001404,
06000005,
00000000,
00000000,
00021001,
00000004,
00080000,
00000000,
00000300,
010e0000,
0000000b,
00000300,
00020203,
00070000,
00000900,
01090003,
00000e09,
06000006,
00000006,
00000800,
0a000004,
00000002,
00000700,
00010002,
00000000,
00080000,
06000000,
00000000,
00070006,
000c0000,
09040c04,
00100001,
0000080c,
03000000,
00000000,
03000b00,
00000003,
00000004,
00020100,
0006010e,
00000300,
00000000,
04000000,
00000000,
00030008,
00070000,
01030100,
00120800,
0000000d,
06000005,
00000000,
07000900,
0000000f,
00000006,
000d0000,
00140307,
00001600,
00000000,
00040000,
00000200,
03000007,
00000000,
00040000,
00060d00,
00000000,
0200000d,
00000004,
0000001c,
0000000b,
00000000,
00000000,
000e0003,
00000f04,
00000005,
00000000,
00000000,
00000002,
05000000,
00000000,
00000202,
04000000,
00050005,
02000303,
0000000a,
00000001,
04000000,
00000000,
00030000,
00030900,
02000006,
00000000,
00010000,
00000000,
09000000,
04000000,
00000005,
07010000,
00090000,
00000000,
01020000,
00000900,
06000200,
00000000,
00000000,
00030800,
00000004,
00000003,
00000002,
00000000,
01000000,
03000002,
02000405,
00050000,
00030001,
00020000,
00020000,
00000500,
03000600,
00000000,
01020001,
00030800,
00000004,
00000003,
00000002,
00000000,
02000000,
03000001,
03000505,
00050000,
00030001,
00030000,
00020000,
00000500,
02000600,
00000000,
00010000,
00030701,
01000004,
00000003,
00000002,
00000000,
02000000,
04000002,
04000506,
00050000,
00030001,
00030000,
00010000,
00000400,
02000600,
00000100,
01010001,
00030500,
05000003,
00000002,
00000002,
00000000,
02000000,
03000000,
02000304,
01040000,
00030000,
01020000,
00020000,
00000500,
02000500,
00000100,
00020000,
00030400,
02000003,
00000002,
00000002,
00000000,
00000000,
01000000,
01000403,
00030000,
00030000,
02020000,
01020000,
00000800,
02000300,
00000000,
00020000,
00030500,
00000004,
00000003,
00010003,
00000000,
00000000,
01000000,
01000503,
00030000,
00040000,
02030000,
00020000,
00000700,
03000300,
00000000,
00030001,
00010400,
01000005,
00000002,
00000002,
00000000,
01000000,
01000000,
02000502,
00030000,
00030000,
01030000,
00020000,
00000600,
02000300,
00000000,
01030002,
00000200,
00000006,
00000000,
00000000,
00000000,
02000000,
05000000,
05000500,
02000000,
00060000,
01000000,
00040000,
00010100,
05000100,
00000000,
01000001,
01010003,
02000004,
01000008,
04000000,
00000300,
09000100,
00000000,
07000107,
02000200,
00070400,
00040500,
00010000,
01020500,
00000000,
00050000,
01000002,
02050900,
00000205,
00000100,
00030000,
02000300,
05000100,
00000000,
00000600,
02060000,
000e0000,
00070006,
06040000,
00000002,
00000200,
00000002,
040b0000,
00000000,
0000000b,
00000003,
00000000,
00000000,
07000000,
02000003,
02000003,
00020000,
00090000,
02070000,
00020000,
00000500,
04000100,
00000100,
00000000,
01020300,
00000004,
00000002,
00000002,
00000000,
03000000,
01000000,
03000204,
03020000,
00040000,
01050000,
00030000,
01000400,
03000400,
00000200,
01020000,
00000100,
00000006,
00000005,
02000000,
00000000,
03000000,
00000004,
03000005,
07040000,
00020000,
04010000,
01000000,
03000000,
00000300,
00000000,
01000000,
00000700,
01000000,
01020208,
00010000,
02000000,
00000000,
04080001,
00000101,
0f010000,
01000000,
01060700,
00000200,
00000000,
00020000,
00040000,
00000000,
05000000,
00000000,
00000005,
00000300,
08000003,
00000000,
00000000,
00000000,
00000000,
00000000,
00070000,
00000000,
000f0200,
00000000,
00000000,
00000000,
06000000,
00000008,
00060000,
00000200,
00000002,
00000000,
00000000,
00000300,
00000000,
01000000,
00000000,
0000000a,
00050000,
00000100,
00000000,
00001600,
00000000,
0000001c,
00000000,
00000002,
00000000,
08000000,
00000002,
06000100,
07030000,
00000000,
00000000,
00000003,
00040200,
00000000,
00000000,
00000304,
0004000c,
02000001,
05000007,
05000000,
00060000,
0e000000,
0000000c,
00000007,
04100000,
01000000,
01000200,
00000000,
02090000,
00000000,
00000000,
00020008,
00000010,
00030000,
0e000008,
04000000,
000e0001,
00020004,
00000018,
000b0008,
00070803,
09000000,
03000000,
00000300,
00010000,
00000000,
00000000,
000a0013,
00000100,
00020000,
03000000,
00000000,
00030003,
000f0000,
00000000,
09080000,
00000c00,
0a000016,
00000000,
00000900,
00000005,
00000000,
00000000,
000e0008,
000d0000,
11010000,
05040000,
00000001,
00040007,
00050000,
00000e00,
030d0100,
00000900,
00040000,
00000000,
00040000,
0a0a0003,
00000013,
00000000,
00000000,
030a0000,
06010403,
03030000,
00000400,
06000002,
00000000,
00000b00,
00020008,
00000000,
01030000,
00000001,
0e0e0000,
06080006,
00000000,
00000000,
00000000,
00000502,
00000019,
00000000,
00000000,
00000000,
0f000000,
00000001,
00000004,
00000000,
00020000,
00000007,
09000001,
00000000,
00000000,
00000000,
00000001,
00040605,
00000001,
00000000,
06000004,
00000000,
05000000,
00000002,
01000005,
02030000,
00000700,
00000001,
00000000,
00000000,
01000200,
00000000,
00000003,
00050a02,
00000000,
00000000,
01010005,
00000000,
01000000,
00000000,
01000706,
00040000,
00000101,
00030002,
00000003,
00000200,
01000500,
00000100,
02040000,
00040700,
00000000,
00000000,
00000005,
00000000,
02000000,
00000001,
04000804,
00060000,
00030000,
00040000,
00030002,
00000500,
02000100,
00000100,
00020000,
00000000,
00000000,
01000000,
00000000,
00000000,
07000000,
0000000a,
03000001,
000a0000,
04040000,
05000100,
02000000,
00040400,
00000000,
00000000,
00010007,
00010001,
00010000,
03000009,
02000600,
00020000,
01000002,
00060017,
00030002,
000a0000,
04000003,
00000200,
00000000,
01000000,
00000000,
00020100,
0000000c,
000a0000,
00020000,
09000005,
00000800,
000b0004,
000f0003,
00070001,
00160001,
00000300,
05000000,
00000003,
00000000,
00000000,
01000002,
00000000,
0009000e,
00000802,
00010000,
00000000,
00000700,
00050003,
00120000,
00000000,
06090d00,
00000b05,
06000005,
00000009,
00000500,
00000000,
00000100,
00000000,
000a000c,
000b0f00,
07040000,
00000000,
00000200,
00000004,
000a0001,
00000000,
00000e01,
00000200,
00010004,
00000000,
05000000,
02000000,
00000000,
00000000,
00000000,
00000c00,
0a00000f,
03000000,
00030000,
00000001,
0e000000,
00000000,
00000003,
03000000,
010a0400,
01000104,
0a060000,
00000400,
00030000,
00000000,
00000000,
00010500,
02000000,
00000000,
00000002,
00000000,
04000000,
05000000,
00000304,
00050000,
00050000,
02010000,
00040000,
00020500,
04020000,
00000100,
00000002,
00030500,
00000000,
00000004,
03000001,
00000000,
0a000000,
00000001,
02000001,
000e0000,
01090000,
00000000,
01000000,
01040000,
00000000,
00000100,
00010005,
00000009,
00000000,
03040008,
03000000,
00000000,
0a000007,
00000011,
00000000,
000d0000,
0500000a,
00000000,
04000000,
00000000,
00000003,
000f0000,
00000000,
00000011,
00000000,
00050001,
00000000,
00000004,
00000a03,
00030000,
00100000,
0000000b,
0b000015,
00000600,
00000300,
00000000,
00000000,
000e0000,
00000000,
0600040d,
00000500,
00100000,
00000000,
09000006,
00000800,
00000000,
000b1300,
00000000,
060f0007,
00000000,
0000000f,
00001300,
00000000,
00000000,
00000000,
00000b00,
0100000b,
00000000,
00000000,
00000000,
00000000,
00000000,
00000500,
02000000,
040d0001,
00000000,
0000000e,
04000000,
00030000,
00000000,
00000000,
00000400,
0000000b,
00000000,
00000000,
00000000,
08000000,
05000000,
00000006,
04060000,
00030600,
02010000,
00010000,
00000200,
03070100,
00000100,
00000005,
00010600,
00000004,
00000004,
00000003,
00000000,
01000000,
04000000,
02000504,
00050000,
00020001,
02040000,
00020000,
00000400,
03000500,
00000000,
01020000,
00010500,
01000003,
00000004,
00000002,
00000000,
01000000,
05000001,
03000505,
00050000,
00020001,
02050000,
00020000,
00000300,
03000500,
00000000,
01020001,
00010500,
00000002,
00000004,
00000002,
00000000,
01000000,
05000001,
02000505,
00050000,
00020001,
03060000,
00020000,
00000200,
03020500,
00000000,
02030000,
00000501,
00000006,
00000004,
00000002,
00000000,
03000000,
05000001,
03000605,
01050000,
00020002,
02070000,
00020000,
00000200,
02030400,
00000000,
03030000,
00010500,
01000005,
00000004,
00000003,
00000000,
02000000,
04000000,
04000605,
00040000,
00030002,
01080000,
00030000,
00000200,
01030400,
00000000,
03020000,
00000100,
00000005,
00000004,
00000000,
00000000,
02000000,
03000002,
04000202,
04000000,
01020000,
00060000,
00030000,
00020000,
00030600,
00000000,
00000000,
00000000,
00000001,
0400000d,
00000000,
00000000,
05000000,
0000000d,
00000000,
00000000,
01010000,
00000000,
00000000,
0a040000,
00000200,
000d0000,
00000000,
05000000,
00000000,
03040000,
00000000,
00000005,
00000303,
00050000,
00000000,
00000000,
07000000,
00000000,
00000000,
00000101,
00000000,
00160000,
00000000,
13000000,
00000000,
00000000,
0a000000,
0000000b,
00000000,
00000000,
000a0000,
00000000,
03000000,
00000000,
00000000,
00010000,
00000001,
00000000,
00000000,
14000000,
00000000,
00000000,
00000000,
00050005,
00000000,
00000000,
000b0000,
00000000,
01000000,
00000000,
00000500,
00000011,
00000000,
00000000,
00000000,
01000007,
00000000,
00000000,
00000000,
00031f08,
00000000,
00000000,
00000000,
00000001,
00000000,
00000000,
00000400,
00000000,
00000003,
00000000,
00000000,
00000011,
00000000,
04000000,
00050000,
00041208,
00000000,
00000000,
00000000,
00020009,
00000000,
00000000,
00000e00,
00000000,
00000000,
00000000,
00000000,
0100000b,
00000000,
0c050000,
00000000,
0000000a,
00000800,
00080000,
00040a00,
00000006,
00000000,
00000000,
00000800,
00000b00,
00000000,
00140000,
00020000,
03000705,
00000100,
02020004,
00000000,
05000004,
00000d00,
00000000,
00010900,
00000000,
08080001,
00000e00,
00000306,
00010d00,
00000000,
00000000,
000b0000,
00000b00,
00000000,
00000011,
00000000,
00000000,
00000600,
00000000,
01000000,
01000501,
090b0000,
00000800,
00000001,
1a050000,
000b0000,
01000000,
00000000,
00000800,
000d0000,
04000000,
00000300,
00030001,
00030007,
00000a07,
00000004,
03000500,
01050002,
00000100,
00000000,
19010000,
00000000,
06000700,
00000000,
00000500,
00010000,
05000003,
00000400,
00000007,
00000000,
000c0004,
00000000,
02000400,
02030000,
0d000303,
00000000,
00000000,
04000000,
00000000,
00000001,
00030000,
00010000,
01000012,
00000100,
00000009,
00000000,
000a0004,
00000002,
00000c00,
00000000,
09000000,
00000100,
00000008,
0e000000,
00000300,
0001080b,
00020000,
01070000,
00000010,
00000200,
00090004,
000a0000,
00060301,
00070005,
00001006,
02000000,
00000000,
00000b00,
0000000d,
00000000,
00000300,
0005020d,
00000100,
010b0000,
04000000,
00000200,
000c0006,
00100000,
0f030a00,
000d0000,
0000070f,
03000000,
00000001,
00000f00,
0500000a,
00000002,
00000600,
0008010d,
00000100,
00000000,
01000000,
00000100,
00090007,
02080003,
00020f00,
000e0000,
0000010a,
02000000,
00000000,
00000c00,
04000007,
00000000,
00000000,
00000603,
00001000,
00000000,
00060000,
00000000,
00010009,
00000000,
00040100,
000c0a00,
00000002,
0200000b,
00000002,
00000300,
0000000f,
00000003,
00020000,
00000003,
00001700,
00000000,
00010000,
00000100,
06000005,
00000000,
00030100,
00000900,
00000000,
00000007,
0000050d,
00000000,
00000003,
00000000,
00000000,
00040000,
00001105,
00000002,
00000000,
00000000,
00000000,
0a000000,
00000000,
00000001,
0c000000,
00070001,
00000406,
00000000,
00000000,
03000000,
00000000,
00000000,
00040900,
01000005,
00000000,
00000000,
00000000,
05000000,
04000000,
02000005,
05010000,
00050000,
00020000,
00020000,
00000700,
03000500,
00000100,
00010000,
00020700,
00000004,
00000003,
00000002,
00000000,
02000000,
03000001,
03000405,
00050000,
00030001,
00030000,
00030000,
00000500,
03000600,
00000100,
02020001,
00030800,
00000004,
00000003,
00000002,
00000000,
02000000,
03000001,
03000506,
01050000,
00030001,
00030000,
00030000,
00000500,
03000600,
00000100,
01010001,
00030700,
01000003,
00000003,
00000002,
00000000,
02000000,
04000002,
04000406,
00050000,
00030101,
00030000,
00010000,
00000400,
02000700,
00000100,
02000001,
00050500,
04000003,
00000002,
00000002,
00000000,
02000000,
02000001,
03000404,
00050000,
00020000,
01010000,
00010000,
00000500,
02000600,
00000100,
01010000,
00060500,
01000002,
00000003,
00000002,
00000000,
00000000,
01000000,
02000503,
00030000,
00030000,
01020000,
00010000,
00000900,
02000300,
00000000,
01030000,
00040600,
01000004,
00000003,
00000002,
00000000,
01000000,
01000000,
01000503,
00030000,
00030000,
01030000,
00020000,
00000600,
03000400,
00000100,
01030001,
00030400,
02000004,
00000001,
00000002,
00000000,
01000000,
02000000,
01000502,
00020000,
00030000,
02030000,
00030000,
00000400,
01000300,
00000000,
01030000,
00000300,
00000005,
00000000,
00000000,
00000000,
03000000,
04000000,
05000500,
02010000,
00060000,
02000000,
00060000,
00010000,
05000200,
00000000,
00010002,
01020003,
03000003,
0100000a,
03000000,
00000100,
09000100,
00000000,
07000208,
01000300,
00070400,
00040200,
00010000,
01010500,
00000000,
00040000,
01000001,
01060900,
00000204,
00000100,
00030000,
01000400,
05000000,
00000000,
00000600,
02060000,
000e0000,
00070006,
06030000,
00000002,
00000000,
00000000,
050c0000,
01000101,
0000000c,
00000001,
00000000,
00000000,
07000000,
04000002,
01000004,
00020000,
00070000,
03060000,
00020002,
00000600,
05000000,
00000000,
00000000,
01020500,
00000005,
00000002,
00000000,
00000000,
02000000,
01000004,
01000304,
05000000,
00000000,
00020000,
00010000,
01000400,
02000200,
00000200,
03020002,
00000000,
00000008,
00000306,
00000000,
00000000,
03000000,
00000002,
00000000,
00020000,
00000000,
04000000,
00000000,
01000000,
00000200,
00000000,
00010002,
00000000,
02000000,
00000509,
00000000,
00000001,
01000000,
00030000,
00000004,
00000000,
04000000,
00000300,
00000000,
000b0000,
00000000,
00000000,
00000000,
12000000,
00000000,
00020000,
00000000,
03060107,
00000000,
00000b00,
00000008,
00000000,
05000000,
00000000,
00000000,
001b0000,
00000000,
00000000,
00000800,
13000000,
00000200,
00060000,
00000700,
04000002,
00000000,
00000000,
00000606,
00000000,
08000001,
00000000,
00000003,
000a0008,
00000000,
00000000,
00000800,
00000000,
00000026,
00000000,
00000000,
00000000,
04000000,
00000000,
01000000,
01000000,
01000000,
00000000,
0200000e,
00000000,
00000000,
00000000,
00000000,
00020003,
01000008,
00000005,
03000000,
00000000,
10000000,
00000007,
00000003,
060d0000,
00000000,
01000000,
00000000,
000a0400,
00000000,
00000000,
00000009,
00000008,
00000000,
08000009,
07000300,
02090000,
08000000,
00000012,
00070005,
00070500,
07000000,
01000000,
00000000,
00070000,
00000000,
00000000,
00090010,
00000000,
00050000,
07000000,
03000400,
00080004,
000e0003,
0000000d,
00090000,
00000e00,
0b000013,
00000007,
00000900,
00000000,
00000000,
00000000,
000e0010,
00000000,
09000000,
00030000,
00000204,
00080008,
00090000,
00000000,
010a0a00,
00000e00,
03000004,
00000000,
00000300,
04010004,
00000000,
00000000,
00000000,
000a0400,
06000003,
00000000,
00000100,
01030004,
00010000,
00000500,
00040401,
00000000,
00000000,
00000000,
040a0000,
0a0c000d,
00000000,
00000000,
00000000,
00010b00,
00000018,
00000000,
00000000,
00000001,
10000000,
00000000,
00000000,
03000000,
00030000,
00000004,
0d050007,
00010000,
00000000,
00000000,
00000000,
00000502,
00000008,
00000000,
00000001,
00000000,
09000000,
00000001,
00000002,
00040000,
00000700,
01000000,
00000000,
00010100,
09000400,
00000000,
00000002,
00070802,
00000000,
00000001,
00000005,
00000000,
04000000,
01000000,
01000604,
01030000,
00010001,
00010001,
00000000,
00000300,
07000500,
00000000,
04010002,
00080500,
00000002,
00000001,
00000005,
00000000,
06000000,
01000000,
04000604,
01030000,
00020000,
00010000,
00010000,
00000500,
05000300,
00000200,
03020001,
00010000,
00000000,
01000001,
00000000,
00000000,
0a000000,
00000008,
03000000,
040a0000,
02050000,
05000100,
00000000,
00060100,
00000000,
00000000,
00000006,
00000007,
00020000,
0300000b,
02000200,
00000000,
06000002,
00000016,
04000000,
00110000,
03000001,
00000000,
00000000,
02000000,
00000100,
00000000,
00000007,
00060001,
00030000,
09000005,
00000300,
00060004,
0009000b,
0000000a,
020c0000,
000a0700,
06000006,
00000000,
00000000,
00000000,
00000500,
00000000,
00000009,
00000a07,
00060000,
01000000,
00000400,
00000004,
000a0003,
00000000,
09060500,
0000050d,
07000004,
00000003,
00000300,
00000000,
00000700,
04000000,
00060008,
00051200,
06020000,
00000000,
00000000,
00000005,
00030000,
00000000,
00001200,
00000100,
00020006,
00000000,
01000000,
05000000,
00000000,
00000000,
00000000,
00010f00,
0d000011,
01000000,
00030000,
00000002,
11000000,
00000000,
00000001,
01000000,
00090000,
00000001,
08070000,
00000400,
00000000,
00000000,
00000000,
00000600,
02000003,
00000000,
00000001,
00000000,
07000000,
00000000,
00000004,
00030000,
00050100,
04000000,
00020000,
00010300,
05000100,
00000300,
00000001,
00000500,
00000004,
00000003,
00000000,
00000000,
08000000,
04000001,
01000105,
08060100,
00030000,
02000200,
00010000,
00030000,
04000000,
00000600,
01010005,
00000000,
00000000,
03030008,
00000000,
00000000,
06000005,
00020008,
00000000,
00010000,
05000000,
00000000,
00000000,
00010000,
00000000,
00080000,
00020200,
04000000,
00000300,
00130000,
00000000,
00000004,
00000b07,
00030000,
00090000,
00000004,
08000000,
00000000,
00000a00,
00000900,
00000000,
001a0000,
00010000,
0c000800,
00000e00,
000d0000,
00000000,
07000002,
00000700,
00000000,
00061200,
00000000,
06020000,
00000000,
00000015,
00000e00,
00000000,
00000000,
00000000,
00001000,
00000004,
00000000,
00000000,
00000000,
00000000,
00000000,
00000700,
00000000,
04050000,
00000000,
0001000f,
06000000,
00020000,
00000000,
00000000,
00000600,
00000009,
00000000,
00010000,
00000000,
09000000,
04000000,
00000006,
06080000,
00020800,
01010000,
01010000,
00000200,
03060200,
00000100,
00000004,
00030700,
00000003,
00000004,
00000002,
00000000,
01000000,
04000001,
02000605,
00050000,
00030001,
01050000,
00010000,
00000400,
02010600,
00000000,
01020000,
00020601,
00000004,
00000004,
00000002,
00000000,
02000000,
04000002,
03000606,
00050000,
00020001,
02070000,
00010000,
00000400,
01010600,
00000000,
01020000,
00020500,
01000002,
00000004,
00000002,
00000000,
01000000,
04000001,
03000606,
00050000,
00030002,
02080000,
00020000,
00000400,
01020500,
00000000,
01030001,
00000400,
01000004,
00000003,
00000003,
00000000,
03000000,
04000000,
03000505,
00050000,
00030002,
02080000,
00030000,
00000400,
00020300,
00000000,
01030000,
00010400,
00000005,
00000003,
00000003,
00000000,
04000000,
03000000,
05000505,
00040000,
00040002,
01090000,
00030000,
00000300,
00030300,
00000000,
02020000,
00030300,
00000006,
00000004,
01000000,
00000000,
05000000,
01000002,
03000003,
04030000,
01050000,
00050200,
00030000,
02030000,
00000200,
00000000,
00000000,
00000000,
00000000,
05010006,
05000000,
00000002,
06000006,
00000110,
00000000,
00000000,
00000000,
00000000,
00000000,
0b040000,
00000200,
00010000,
00000000,
07000000,
00000000,
03000000,
00000000,
00000009,
00000213,
00050000,
00000000,
00000000,
03000000,
00000100,
00000500,
00000008,
00000000,
000e0000,
00000000,
09000000,
00000000,
00000200,
06000000,
0000000f,
00000000,
00030000,
00000000,
00000000,
00000000,
00000200,
00000200,
00020000,
00000000,
00000000,
00000000,
0a000000,
00000000,
00000400,
0d000000,
0000000d,
00000000,
00070000,
00000000,
00000005,
00000000,
00000300,
00000602,
00000000,
03000000,
00000000,
00000000,
06000000,
00000000,
00000200,
00000000,
0000000d,
00000000,
000b0000,
00000000,
03000006,
00000600,
03000000,
00000807,
00000000,
11000000,
00000000,
00010000,
00000000,
00000000,
05000000,
00000000,
0000000e,
00000000,
000d0000,
00000000,
00000007,
00000a00,
05000000,
00000901,
00010000,
0c000000,
00000000,
00020000,
01000000,
00000300,
01010200,
00060000,
0000000c,
00000500,
000a0000,
00000800,
00000007,
00000600,
00000000,
00000900,
00000d00,
00000000,
00000000,
00040000,
00000600,
00000200,
00000000,
07000000,
00000006,
00000a00,
00000000,
00001000,
00000000,
02000000,
00000f00,
0000000b,
000a0500,
00000000,
00000000,
00040000,
00000800,
00000000,
03000005,
0a000000,
00030201,
08000000,
00000400,
00000000,
00000400,
02050000,
00000600,
00010003,
1b090000,
00000006,
01000400,
00000000,
00000000,
000f0000,
0a000000,
00000100,
00030004,
0004000d,
00000809,
00000002,
00000100,
03000003,
00000000,
00000000,
0e030000,
00000000,
08000600,
00000000,
00000000,
00000000,
04000008,
00000700,
0000010b,
00000001,
0008000a,
00000000,
00000400,
01000000,
14000000,
00010000,
00010000,
00000100,
00000000,
00000404,
00000000,
00020000,
00000008,
00000900,
00040004,
00000000,
0007000b,
00000004,
00000500,
0000000c,
09000400,
00000600,
0000000a,
00000000,
00000000,
00000f16,
00000000,
00070000,
00000000,
00000700,
00110003,
000c0000,
06010200,
000b0003,
00000104,
01000004,
04000000,
00000e00,
0300000e,
00000000,
00000000,
00040018,
00000300,
00060000,
00000800,
00000700,
010e0606,
000f0000,
02000700,
000b0100,
00000006,
00000001,
00000004,
00001000,
0900000b,
00000000,
02000000,
00000105,
00001000,
00000000,
00000000,
00000000,
00030208,
000a0000,
00020a00,
00080200,
00000006,
00000001,
00000005,
00000700,
03000007,
0000000c,
00090000,
00000000,
00001c04,
00000000,
00020000,
00000000,
00000008,
00000000,
00060000,
00020a00,
00000001,
0000000c,
00000a03,
0000000f,
00000003,
00000006,
00000000,
00000000,
00001804,
00000000,
00000000,
00000000,
02000003,
00000000,
00020000,
00000b00,
00000000,
00000004,
00000404,
00000008,
00000000,
04000000,
00000000,
00000000,
00020e01,
00000004,
00000000,
00000000,
00000000,
08000000,
01000000,
01000004,
0c000000,
00080001,
00000000,
00020000,
00000500,
07000400,
00000100,
00000000,
00020700,
02000005,
00000001,
00000002,
00000000,
02000000,
04000000,
02000205,
02040000,
00030101,
01030000,
00030000,
00000400,
03000600,
00000200,
01010000,
00030700,
01000003,
00000003,
00000003,
00000000,
02000000,
03000000,
02000505,
00040000,
00030001,
01040000,
00030000,
00000500,
04000600,
00000100,
02020001,
00020700,
00000006,
00000003,
00000003,
00000000,
02000000,
04000000,
03000505,
00050000,
00030001,
01030000,
00030000,
00000500,
03000600,
00000100,
02020000,
00020601,
01000005,
00000003,
00000002,
00000000,
02000000,
05000002,
03000505,
00050000,
00030101,
01030000,
00020000,
00000400,
02000700,
00000000,
02010001,
00040600,
02000004,
00000002,
00000002,
00000000,
03000000,
03000001,
03000404,
00050000,
00030000,
01020000,
00010000,
00000500,
02000500,
00000100,
01010001,
00060700,
02000003,
00000004,
00000002,
00000000,
01000000,
01000000,
02000503,
00040000,
00030000,
01010000,
00010000,
00000700,
03000400,
00000100,
01020001,
00030600,
01000004,
00000003,
00000002,
00000000,
02000000,
01000000,
02000403,
00030000,
00030000,
01030000,
00020000,
00000400,
02000300,
00000100,
00020001,
00040400,
02000005,
00000002,
00000002,
00000000,
01000000,
02000000,
02000402,
00030000,
00030000,
02030000,
00020000,
00000600,
02000200,
00000000,
01030001,
00000300,
00000007,
00000000,
00000000,
00000000,
02000000,
03000000,
04000500,
02000000,
00050000,
02000000,
00050000,
00010100,
05000100,
00000000,
00000001,
02010004,
03000003,
01000009,
03000000,
00000300,
09000100,
00000000,
06000108,
02000200,
00070400,
00050300,
00000000,
01010500,
00000000,
00050000,
02000001,
00080a00,
00000205,
00000100,
00020000,
00000100,
05000100,
00000000,
00000700,
03060000,
000e0000,
00070005,
06030000,
00000003,
00000100,
00000001,
050b0000,
00000200,
00000010,
00000001,
00000000,
00000000,
08000000,
03000002,
00000002,
01010000,
00050000,
03050000,
00020000,
00000400,
05000000,
00000200,
00000000,
00000000,
00000005,
00010006,
00000000,
00000000,
07000000,
02000007,
00000002,
0f000000,
00000000,
00000000,
00010000,
00010000,
02000700,
00000700,
00010000,
00000000,
00000000,
00010008,
00000000,
00000003,
0000000c,
00000002,
00000000,
00000000,
04000000,
02000000,
00010000,
000a0000,
08001200,
00000000,
00001400,
02000000,
00000000,
00090000,
00000004,
00050001,
00000000,
00020000,
00000003,
00000000,
09000000,
00000000,
0000001c,
00110001,
00000000,
00000000,
00002200,
14000000,
00000000,
000a0000,
00000e07,
00130001,
00000000,
00020600,
00000012,
00000000,
05000000,
00000000,
00000000,
00130001,
00000000,
00000000,
00000000,
0d000000,
00000000,
00040000,
00000c00,
03050002,
00000000,
00000000,
00010009,
00000000,
05000000,
00000000,
00000000,
000e000d,
00000000,
00000000,
00000000,
00000000,
0000001f,
00000000,
00000000,
00000001,
01000000,
00000000,
00000002,
00000000,
05000000,
00000002,
04020003,
00040000,
00000000,
00000000,
00000000,
00000000,
00000012,
01000000,
00000000,
00000000,
13000000,
00000009,
00000000,
0c060000,
00000000,
04000002,
00000000,
00090600,
00000000,
00000b00,
00010405,
00040000,
00000000,
02000008,
00000400,
000b0100,
0a000000,
00020009,
00030000,
00000100,
00000000,
00000007,
00000000,
000b0000,
00000003,
00001600,
0007000b,
00000000,
00020000,
05000001,
00000300,
000b000c,
00060007,
00000000,
00080000,
00000d00,
09000000,
00000000,
00000000,
00010000,
0e00040a,
00000100,
00110008,
00000300,
00000000,
00000000,
01000000,
000c0009,
00040000,
00000000,
00090a00,
00001002,
04000008,
00000000,
00000300,
03090000,
00000000,
00000000,
00080000,
01001900,
00000000,
00010000,
00000000,
01040006,
00000000,
00000b00,
00000c00,
00000000,
00000000,
00000000,
00060000,
140a0004,
00000000,
00000000,
00000000,
00001300,
00000000,
00000000,
00000000,
00000002,
07000000,
00000000,
00000000,
03000000,
00050000,
00000002,
04010005,
00020000,
07000200,
00000000,
00000000,
00000500,
00000006,
00000002,
00010000,
00000000,
07000000,
00000001,
00000004,
00050000,
00040300,
03000000,
00010000,
00010300,
0a000500,
00000300,
00000000,
00020600,
00000004,
00000003,
00000004,
00000000,
03000000,
02000000,
01000406,
00030000,
00020001,
02020000,
00030000,
00000400,
05000600,
00000000,
01020001,
00030600,
01000004,
00000002,
00000004,
00000000,
04000000,
03000001,
03000506,
01030000,
00020001,
01030000,
00030000,
00000400,
04000500,
00000000,
01010001,
00010400,
00000001,
00000001,
00000000,
00000000,
0a000000,
00000004,
00000100,
05050000,
00060000,
04000000,
00030000,
01060200,
02000000,
00000000,
00000006,
00000002,
00000000,
00000006,
00000500,
00000000,
0a000000,
00000014,
09000000,
00040000,
01000003,
02000000,
00000000,
00040000,
00000000,
00050000,
00000004,
00000000,
00020000,
06000000,
05000100,
00000002,
0006000d,
0000000e,
0d060000,
00030000,
02000008,
00000000,
00000000,
00000000,
00000200,
00000000,
00000003,
00000a00,
00080000,
03000000,
00000000,
00000005,
00050600,
0c000000,
04000000,
0000050a,
02000004,
00000000,
00000200,
00000000,
00080500,
07000000,
00000000,
00001800,
03010000,
00000000,
00050000,
00000005,
00000000,
00000000,
00001100,
00000000,
00000009,
00000000,
00020000,
08000000,
00000000,
00000000,
00000300,
00001000,
0b000008,
00000000,
00030000,
00000003,
13000000,
00000000,
00000000,
00000000,
00050200,
04000001,
05030000,
00000000,
04000000,
00000000,
00000000,
00000600,
02000004,
00000003,
00000000,
00000000,
07000000,
00000000,
00000004,
00030000,
00060200,
05000001,
00010000,
00010300,
09000200,
00000100,
00000000,
00000300,
00000006,
00000004,
00000002,
00000000,
06000000,
03000004,
02000005,
05060000,
01030000,
00020000,
00000000,
00030000,
01000500,
00000000,
00000002,
00000000,
00000000,
05020008,
06000000,
00000000,
03000000,
00000014,
00000000,
00010000,
06000000,
00000000,
00000000,
00020000,
00000000,
00110000,
00040000,
0f000000,
00000000,
00180000,
0f000000,
00000002,
00000d00,
00010000,
00110000,
00000000,
08000000,
00000000,
00000800,
00000500,
00000000,
00250000,
000d0000,
0f001000,
00000000,
000f0000,
08000000,
08000003,
00000300,
00000000,
00050e00,
00000000,
06000000,
00000000,
00000020,
02000906,
00000000,
00000000,
000a0000,
00001400,
00000000,
00000000,
00010000,
00000002,
00000000,
00000000,
00000700,
00000000,
04000000,
00000002,
00010012,
07000000,
00000000,
00000300,
00000000,
00000500,
00000004,
00000000,
00000000,
00000000,
05000000,
01000000,
00000005,
08050000,
00000600,
01000000,
00010000,
00000000,
05050200,
00000300,
00000002,
00040700,
00000003,
00000003,
00000003,
00000000,
02000000,
04000000,
03000506,
00060000,
00030001,
00030000,
00030000,
00000300,
04010600,
00000100,
02020001,
00040602,
01000003,
00000004,
00000002,
00000000,
03000000,
04000002,
04000505,
01060000,
00030001,
01060000,
00010000,
00000400,
01020600,
00000100,
02020000,
00040501,
02000001,
00000003,
00000002,
00000000,
03000000,
03000003,
04000507,
01040000,
00030001,
02070000,
00020000,
00000300,
00010500,
00000100,
02020001,
00040500,
02000002,
00000002,
00000003,
00000000,
03000000,
02000001,
03000507,
01040000,
00030001,
01070000,
00030000,
00000300,
00010300,
00000100,
02030000,
00040600,
00000005,
00000001,
00000004,
00000000,
05000000,
02000000,
04000405,
02030000,
00040000,
00070000,
00030000,
00000200,
01020400,
00000200,
02020000,
00040403,
0000000a,
02000002,
01000000,
00000000,
0a000000,
00000001,
01000800,
06030000,
01050000,
02020100,
00000000,
02040000,
00000500,
00000000,
00000000,
00000000,
00000000,
06000000,
05000000,
00000000,
0e000000,
00040014,
00000000,
00000000,
00040000,
00000000,
00000000,
05000000,
00000000,
00160100,
00000000,
000a0000,
00000000,
00010000,
00000000,
0000000e,
00000807,
00120000,
00000000,
00000000,
02000000,
00000000,
00000000,
00011708,
0c00000a,
003a0600,
00000000,
000c0000,
00000000,
00000300,
00000004,
00000016,
00001100,
00100000,
00000000,
00000000,
00000000,
00000000,
00000001,
00003305,
1200000b,
001c0200,
00050000,
00020000,
00000000,
00000a00,
03000004,
00000014,
00001600,
00100000,
00000000,
00000000,
00000000,
00000000,
00000000,
00002d04,
1300000b,
000a0c00,
000a0000,
00080000,
00000000,
00000e00,
00000002,
00000012,
00001400,
00110000,
00000000,
00000000,
00000200,
00000000,
00000004,
00003204,
17000008,
000b0a00,
000d0000,
00090000,
00000000,
00000900,
00000001,
00000013,
00001700,
000d0000,
00000000,
00000000,
00000000,
00000000,
00000103,
00002e02,
1600000c,
00071000,
000a0000,
000d0000,
00000000,
00000100,
00000000,
00000013,
00001800,
00070000,
00000c00,
00000000,
00000000,
00000000,
00000001,
00012e0b,
0b00000c,
00070e00,
00120000,
00001100,
00000002,
00060003,
00000004,
0000000e,
00001100,
00000000,
00002000,
00000000,
01000000,
00000500,
00010016,
03071e0e,
00000006,
00000300,
000a0000,
00000500,
00000002,
03000001,
0e000000,
00020301,
15000000,
00000a00,
00000000,
00000400,
00020000,
00000100,
0000000a,
14060000,
00000004,
00000500,
00000000,
00000000,
00090000,
09000000,
03000300,
00040b07,
00000000,
00000509,
00000001,
00000200,
01000001,
00000000,
00000000,
06010000,
00000003,
00000000,
00000000,
00000000,
00000000,
03000002,
00000000,
00000a0e,
00000000,
000b0000,
00000000,
00000000,
04000000,
0e000b00,
00000100,
00030000,
00000000,
00000000,
00000200,
00000000,
00000300,
00000000,
00000000,
02000808,
00000000,
000d0000,
00000000,
00000005,
04000002,
02000000,
00001028,
00000000,
00000000,
00000000,
00001b00,
00000000,
00000700,
00000300,
00000001,
00110e07,
00000000,
00080800,
00090000,
00000003,
00000000,
00000000,
00000916,
09040000,
00000007,
00000000,
00000203,
00000b02,
00070800,
00000100,
00000000,
01121203,
00080000,
00011700,
00050000,
00000009,
00000000,
00000700,
00000a00,
12020000,
00000009,
07000000,
00000000,
00001c00,
00030000,
00070600,
00000000,
00000007,
00010000,
00040b00,
00000000,
00000002,
00000003,
00000000,
00000000,
00000004,
00000013,
00010000,
00000000,
00001807,
00000000,
00030300,
00010300,
01000005,
00000000,
00050200,
00000000,
00000000,
00000004,
05000102,
00000000,
00000000,
00000000,
00000000,
00000000,
0000120b,
00000000,
00000000,
01010000,
03000000,
03000000,
00000000,
00000301,
02000000,
00060002,
07000002,
00000000,
00010000,
05000000,
00000000,
00000000,
00050a00,
01000003,
00000000,
00020000,
00000000,
05000000,
04000000,
03000005,
06000000,
00060002,
00000000,
00010000,
00000500,
03000300,
00000000,
01020000,
00020600,
00000004,
00000002,
00000004,
00000000,
02000000,
03000001,
02000405,
01040000,
00020202,
02030000,
00030000,
00000400,
02000500,
00000100,
02020001,
00010600,
01000004,
00000004,
00000004,
00000000,
02000000,
03000000,
02000506,
00050000,
00030101,
02050000,
00040000,
00000500,
04000500,
00000000,
02020001,
00020600,
00000006,
00000003,
00000003,
00000000,
01000000,
03000001,
03000505,
00050000,
00030001,
00040000,
00040000,
00000500,
04000500,
00000100,
02010000,
00030701,
00000005,
00000002,
00000002,
00000000,
02000000,
04000001,
03000605,
00050000,
00030101,
00030000,
00020000,
00000600,
03000600,
00000000,
01010001,
00050600,
01000003,
00000003,
00000002,
00000000,
03000000,
03000001,
03000405,
00050000,
00030000,
01020000,
00020000,
00000600,
03000600,
00000200,
01010001,
00040600,
03000003,
00000003,
00000003,
00000000,
02000000,
01000000,
02000504,
00040000,
00020000,
02020000,
00010000,
00000600,
02000500,
00000000,
00020001,
00030500,
02000005,
00000002,
00000002,
00000000,
01000000,
02000000,
01000503,
00040000,
00020000,
03030000,
00020000,
00000600,
02000300,
00000000,
00020001,
00020500,
01000005,
00000002,
00000002,
00000000,
02000000,
02000000,
01000403,
00040000,
00020000,
02040000,
00010000,
00000700,
01000300,
00000000,
01020000,
00000200,
00000007,
00000000,
00000000,
00000000,
03000000,
03000000,
05000600,
03010000,
00060000,
01000000,
00050000,
00010000,
04000100,
00000000,
00000001,
03050003,
03000004,
02000009,
05000000,
00000100,
0a000100,
00000000,
07000207,
02000200,
00080300,
00050200,
00000000,
01020600,
00000000,
00070000,
02000001,
01040a00,
00000006,
00000100,
00030000,
00000100,
05000000,
00000000,
00000800,
03050000,
000d0002,
00060005,
05040000,
00000002,
00000000,
00000001,
060c0000,
00000200,
00000011,
00020001,
00000000,
00000000,
0a000000,
03000004,
00000002,
0b000000,
00010000,
03030000,
00010000,
00020100,
03000100,
00000600,
00000000,
00000000,
00000000,
00020011,
00000000,
00000000,
03000000,
00000003,
00000000,
02000000,
03000000,
00000000,
00000000,
00080000,
00001000,
00000000,
00050e00,
0d000000,
00000000,
00060000,
00000000,
00000002,
00000000,
00030000,
00000000,
00000000,
09000000,
00000000,
00000100,
000d0000,
00000e00,
00080000,
00001e00,
12000000,
00000000,
000d0000,
00000008,
00000001,
00000700,
00010000,
00000300,
00000000,
0b060003,
00000000,
00000032,
000b0002,
00000000,
00000000,
00070a00,
02000000,
00000005,
03080000,
00000b09,
000d0000,
00000000,
00000000,
00000004,
00000000,
08000000,
00000000,
00000015,
00070001,
00000000,
00000000,
00000003,
06000000,
00000000,
00000000,
00000c0b,
06030004,
00000000,
00000000,
00000000,
00000000,
03000000,
00010000,
00000000,
00130003,
00000000,
00000000,
00000000,
01000000,
00000019,
00000000,
00000301,
00000003,
00000000,
00000000,
00000001,
00000000,
05000000,
00000003,
060a000d,
00080000,
00000000,
00000000,
00000200,
00000000,
00000019,
04000000,
00000000,
00000000,
06000000,
00030016,
00000000,
05090000,
00000000,
08000008,
03000000,
000c0000,
00000000,
00000700,
00020609,
00060000,
00000000,
0000000c,
00000700,
00060806,
00000000,
00000019,
00000000,
00050200,
01000000,
04000007,
00000000,
000a0000,
09000b00,
00000100,
00070000,
00000000,
00000000,
00000001,
00000300,
0008000e,
00000005,
00000000,
03050000,
00001200,
04000003,
00000000,
00000000,
00030000,
06001100,
00000000,
00010000,
00050e00,
06000000,
00000000,
0d000000,
0009040d,
00000000,
00000000,
00020000,
00000704,
00000000,
00000000,
00000000,
04120000,
00000006,
00000000,
00000000,
02001a07,
00000000,
00070000,
10000500,
00000008,
00000000,
00000f00,
00000004,
00000000,
00000000,
00000100,
00000001,
04070000,
00000000,
00000000,
00000000,
00000f00,
00000000,
00000000,
00000000,
00000000,
00000000,
00000000,
00000003,
01000000,
00050000,
00000002,
00000000,
00040000,
0d000100,
00000200,
00000000,
00010500,
00000006,
00000004,
00000000,
00000000,
03000000,
00000001,
00000003,
00030000,
00040001,
01000000,
00010000,
00010500,
09000500,
00000000,
00000200,
00040700,
01000004,
00000003,
00000003,
00000000,
03000000,
03000001,
02000405,
00040000,
00030001,
00030000,
00020000,
00000400,
04000500,
00000000,
02020001,
00040700,
01000003,
00000003,
00000003,
00000000,
03000000,
03000000,
03000506,
01050000,
00020000,
00030000,
00020000,
00000400,
04000500,
00000100,
02020001,
00040500,
00000003,
00000000,
00000002,
00000000,
07000000,
00000000,
00000601,
01080000,
00060000,
02000100,
00000000,
00060500,
05000000,
00000000,
00000005,
00000005,
00000000,
03000001,
05000000,
00000000,
0d000000,
0000000d,
00000000,
00040000,
01000000,
07000000,
00000000,
00090000,
00000000,
00040000,
00000004,
00000000,
00020000,
06000000,
17000100,
00000002,
00000005,
00000015,
08000004,
00000000,
0000000b,
00000000,
00000000,
00030000,
00000000,
01000300,
00000006,
00000d00,
00050000,
00000000,
13000000,
00000007,
00020000,
08000005,
00000000,
00000000,
00000008,
00000000,
00040000,
02020000,
00000000,
0d000000,
00000005,
00001c00,
00020000,
00000000,
07070000,
00000007,
00000000,
00000000,
00000e00,
00000000,
0000000d,
00000000,
00000000,
04000000,
00000000,
00000000,
00000000,
00001300,
05000000,
00000000,
00000000,
00000004,
08000000,
00000000,
00000201,
00000000,
00020300,
08000006,
00020000,
00010200,
0b000000,
00000000,
00000000,
00030700,
01000005,
00000002,
00000000,
00000000,
04000000,
02000000,
00000005,
01030000,
00060000,
02000000,
00020000,
00000600,
0a000200,
00000000,
00000000,
00020402,
00000005,
00000002,
04000003,
00000000,
09000000,
00000000,
07000202,
000e0000,
02060000,
00000000,
00000000,
00030000,
01010000,
00000000,
01000001,
03000000,
00000000,
000d0000,
1d000000,
00000000,
0f000000,
00000007,
00000000,
00130000,
04000001,
00000000,
00000000,
00010000,
00000000,
001a0000,
00000000,
16080400,
00000000,
00180000,
37000000,
03000002,
00000000,
00020000,
000e0000,
00000000,
04000000,
00000000,
00000000,
00010f00,
00000000,
002a0000,
00080000,
12002800,
00000000,
000c0300,
13000000,
0b000001,
00000000,
00000000,
00021200,
00000000,
05000002,
00000005,
00000001,
0b000500,
00000000,
00000000,
000d0000,
00001600,
00000000,
00000600,
00000000,
00000000,
00000000,
00000000,
00000600,
06000000,
02000001,
00000005,
00000000,
06020000,
07000000,
00000700,
00040000,
00000500,
00000006,
00000001,
00000000,
00000000,
01000000,
01000001,
01000004,
05010000,
00000500,
01000000,
00000000,
00000100,
05000400,
00000100,
00000300,
00020700,
00000003,
00000003,
00000004,
00000000,
01000000,
04000000,
03000605,
00040000,
00030001,
00030000,
00040002,
00000400,
04000600,
00000000,
01010002,
00040600,
01000004,
00000004,
00000003,
00000000,
03000000,
05000001,
04000506,
01050000,
00020001,
00050000,
00020000,
00000400,
03000500,
00000200,
02010001,
00050600,
02000003,
00000003,
00000003,
00000000,
04000000,
03000002,
04000406,
01050000,
00030001,
01050000,
00010000,
00000300,
02010500,
00000200,
03010002,
00070701,
02000002,
00000001,
00000003,
00000000,
04000000,
02000001,
04000507,
01040000,
00030001,
00050000,
00020000,
00000200,
01000400,
00000200,
02010002,
00050701,
00000004,
00000000,
00000004,
00000000,
04000000,
02000000,
03000506,
02030000,
00030000,
00050000,
00030000,
00000100,
03000300,
00000100,
03010001,
00070400,
00000007,
00000000,
00000000,
00000000,
06000000,
00000004,
01000200,
03050000,
00040000,
00000000,
00000000,
00050100,
04000100,
00000000,
00000000,
000f0008,
00000000,
00000000,
0a000000,
00000002,
0a000000,
0000001f,
00000000,
00100000,
00010000,
01000000,
00000000,
07030400,
00000000,
00090000,
00000000,
00160000,
00000000,
00010000,
0e000000,
0000000f,
00000007,
0005001d,
00000000,
00000000,
00000004,
00000000,
00000000,
00001c07,
03000000,
0019000b,
00000000,
001d0300,
00000000,
00000000,
09050000,
00000012,
00000100,
00000000,
00000000,
00000000,
00000003,
00000000,
00000000,
0000290b,
00000000,
00000017,
00000000,
001c0200,
00000000,
00000000,
08000000,
00000010,
00000a00,
00000000,
00000000,
00000000,
00000301,
00000000,
00000000,
0000280d,
00000000,
0000001e,
00000000,
001a0200,
00000000,
00000000,
07000000,
00000011,
00000d00,
00000000,
00000000,
00000000,
00000601,
00000000,
00000000,
00002709,
00000000,
00000020,
00000000,
001a0000,
00000000,
00000000,
04020000,
00000012,
00000d00,
00000000,
00000000,
00000000,
00000102,
00000000,
00000000,
00002506,
00000000,
00000121,
00000000,
001a0b00,
00000000,
00000000,
0a100000,
00000012,
00000600,
00000000,
00001900,
00000300,
00000008,
00000000,
00000000,
00022517,
00000000,
00000012,
00000000,
000e1700,
00000000,
00000000,
00020000,
0000000b,
00000100,
00000000,
00002600,
00000300,
00000007,
0b000300,
00000000,
00091516,
00000000,
00000000,
00000000,
00000106,
0a00000a,
00000000,
07000000,
00000000,
15000000,
00000300,
00000000,
00000000,
00030000,
0a000000,
00000000,
0c070000,
00000000,
00000000,
00000000,
00000000,
00040000,
08000000,
15000000,
00090605,
02000000,
00000004,
00000000,
00030000,
02000000,
00000000,
00000000,
02000000,
00000005,
00020000,
00000000,
06000000,
00000000,
00000000,
0e000000,
0000000b,
00000000,
00080000,
00000000,
00000000,
03000000,
00000000,
00000b00,
00010000,
00000000,
00240000,
00000000,
08000300,
00000500,
000c0000,
0a000000,
00000008,
00000300,
00080000,
00050000,
00000000,
05000000,
00000000,
00000321,
00071900,
00000008,
00190000,
00020000,
04001500,
00000000,
00060000,
0b000005,
000f0002,
00000000,
00040200,
00000000,
00000000,
00000000,
00000000,
00000233,
11070000,
00000003,
00000000,
00000000,
000e1e04,
00020000,
00000500,
10000200,
000f0505,
00000000,
00000d00,
00000008,
00000000,
00000000,
00000000,
00000100,
0d040000,
0000000e,
05000000,
00000000,
00001b07,
00000000,
00000600,
09050700,
00000003,
00000000,
00020000,
00000402,
00000000,
0000000b,
00000002,
00000000,
00000000,
00000000,
00000000,
00000000,
00011905,
00000000,
02000000,
00060000,
03000002,
00000000,
00020000,
00000703,
00000000,
00000001,
0b000007,
00000000,
00000000,
07000000,
00000000,
00000000,
00060e04,
00000000,
00000000,
00030001,
02000000,
0a000000,
04000000,
02000001,
08000000,
00060000,
01050001,
00000000,
00000200,
07000000,
00000000,
00040000,
00050800,
02000002,
00000000,
00000002,
00000000,
04000000,
02000001,
06000006,
03020000,
00040000,
00020000,
00030001,
00000200,
02000400,
00000000,
01000001,
00030600,
01000004,
00000003,
00000003,
00000000,
01000000,
02000000,
03000506,
01040000,
00020001,
01030000,
00030000,
00000500,
02000500,
00000000,
01010000,
00020600,
01000002,
00000003,
00000003,
00000000,
02000000,
03000000,
02000406,
01040000,
00030101,
02060000,
00030000,
00000500,
03000500,
00000000,
03020001,
00020700,
00000004,
00000002,
00000003,
00000000,
01000000,
04000001,
03000605,
01050000,
00030000,
00050000,
00040000,
00000500,
04000500,
00000100,
02020001,
00030700,
00000006,
00000002,
00000002,
00000000,
02000000,
03000002,
03000505,
00050000,
00030001,
00040000,
00030000,
00000500,
03000600,
00000100,
01010001,
00030600,
01000003,
00000003,
00000002,
00000000,
02000000,
03000002,
03000405,
00050000,
00030100,
01020000,
00010000,
00000500,
03000700,
00000100,
01010001,
00040600,
03000003,
00000003,
00000003,
00000000,
01000000,
02000000,
03000405,
00050000,
00020000,
01010000,
00010000,
00000500,
02010500,
00000000,
01010000,
00040500,
04000003,
00000002,
00000003,
00000000,
00000000,
02000000,
01000503,
00030000,
00020000,
01030000,
00020000,
00000600,
02000300,
00000000,
00020000,
01030400,
01000005,
00000002,
00000002,
00000000,
01000000,
02000000,
02000403,
00030000,
00030000,
02030000,
00030001,
00000600,
02000300,
00000000,
01020000,
00000300,
00000006,
00000000,
00000000,
00000000,
03000000,
05000000,
05000700,
02010000,
00060000,
00000000,
00040000,
00010000,
05000100,
00000100,
00000003,
02040003,
04000004,
02000009,
05000000,
00000000,
0a000100,
00000000,
07000208,
02000200,
00080300,
00050300,
00000000,
01010500,
00000000,
00070000,
03000001,
00040c00,
00000008,
00000100,
00050000,
00000300,
04000000,
00000001,
00000800,
04050000,
000e0002,
00040205,
04030000,
00010000,
00000000,
00000000,
070b0000,
00000000,
0000000d,
00020008,
00000000,
00000000,
0c000000,
02000008,
00000002,
0c000000,
01020000,
00000000,
00000000,
00030000,
02000700,
00000500,
00000000,
04000000,
00000000,
00040018,
00000000,
00000000,
00000000,
00000003,
00000000,
00000000,
07000000,
00000000,
00000000,
00080000,
00000f00,
00070000,
00060f00,
0e00000a,
00000000,
00180000,
00000000,
00000000,
00000900,
00060000,
00040000,
0000000a,
09030001,
00000000,
00000400,
00020700,
00000400,
000e0000,
00000000,
11000009,
00000c00,
00070000,
00000000,
02000000,
00000f00,
00000000,
00020d00,
00000000,
0c090006,
00000000,
0000000b,
00040e03,
00000000,
00000000,
00000000,
00000000,
00000001,
04050000,
00000200,
06040000,
00000000,
00000000,
00000800,
00000000,
11000000,
00000900,
00000000,
06040004,
00010000,
00000000,
00000005,
06000000,
00000000,
04020000,
00000600,
07050002,
00000000,
00000100,
00060000,
00000000,
09000000,
00080000,
01000000,
06110005,
00000000,
00000000,
00000000,
0a000000,
01000c00,
00000000,
00000301,
05000004,
00000000,
00000000,
00000000,
00000000,
08000000,
00000000,
04010005,
000e0000,
00000000,
00000000,
00000000,
00000000,
0000001c,
02000000,
00000000,
00000003,
00000000,
00000011,
00000000,
00040000,
06000000,
0a000006,
0600000a,
00090000,
00000000,
00000000,
00000309,
00000000,
00000000,
00000009,
01000400,
00000407,
00000000,
00000024,
03000000,
000c0700,
04000004,
06000401,
01000000,
00090000,
00000e00,
00080000,
00000000,
00000000,
00000000,
02000000,
01000400,
0001000d,
00000014,
00000006,
00000000,
00001203,
0a00000c,
00000000,
00000000,
00000000,
00000000,
00000000,
00000000,
00001300,
0d000000,
00000000,
00000500,
00000112,
00000007,
00000000,
00000000,
00000100,
00000000,
00000000,
00000000,
08020000,
00000000,
00000000,
00000000,
00000f00,
00000010,
00000000,
0b000500,
00000207,
07000000,
00020900,
00000000,
00000000,
00000000,
07000000,
00000000,
000c0000,
09000000,
00000000,
00000000,
00000a00,
00000000,
00000700,
05050000,
00000000,
00000000,
00000001,
00000003,
06000000,
00000a00,
00000003,
00000000,
00090000,
04000000,
00000000,
00000000,
00020600,
00000008,
00000001,
00010001,
00000000,
05000000,
04000002,
01000005,
01010000,
00040200,
00010000,
00020000,
00000800,
05000500,
00000000,
01030100,
00030700,
00000005,
00000003,
00000003,
00000000,
03000000,
02000000,
02000405,
01040000,
00020001,
01030000,
00020000,
00000500,
05000600,
00000100,
02020001,
00040600,
01000005,
00000004,
00000003,
00000000,
03000000,
03000001,
03000605,
01050000,
00020001,
01040000,
00030000,
00000400,
05000500,
00000000,
02010001,
00080500,
00000001,
00000000,
00000006,
00000000,
05000000,
00000000,
03000602,
00090000,
00080000,
00000000,
00020000,
00030600,
09000000,
00000000,
00000003,
00000003,
00000000,
00000000,
04000006,
00000000,
0a000000,
00000005,
00000002,
000c0000,
00050000,
06000000,
00000000,
00090200,
01000000,
00030000,
00000006,
0000030b,
00000000,
00000300,
19000800,
00000000,
03000000,
0000000f,
00000008,
00000000,
0000000c,
00000400,
00000000,
00030000,
00000000,
00000000,
00000010,
00001906,
00000000,
00000600,
1d000800,
00000004,
00000000,
00010000,
00000002,
00000000,
0000000d,
00000700,
00000000,
01000000,
00000000,
00000000,
0000000e,
00001b07,
00000000,
00000200,
0d000200,
00000003,
00000000,
00020000,
00001102,
00000000,
0000000b,
0a000108,
00000000,
00000000,
0a000000,
00000000,
00000000,
00031000,
02000000,
00000002,
00000000,
00000000,
01000000,
03000000,
01000005,
09000000,
00060000,
06000006,
00000000,
00000900,
0c000000,
00000000,
00000000,
00060700,
01000006,
00000001,
00010002,
00000000,
06000000,
06000000,
03000006,
02020000,
00060001,
00010000,
00030000,
00000700,
08010300,
00000100,
03020001,
00070500,
00000002,
00000000,
00000004,
00000000,
09000000,
01000000,
04000305,
000a0000,
02050000,
00000000,
00000000,
00030000,
09000000,
00000000,
05010002,
050b0202,
00000007,
00060500,
04000000,
00000000,
14000000,
00000001,
00000000,
001c0000,
01000000,
00000000,
00000000,
00010000,
06000000,
00080000,
00000000,
0d0f1001,
00000007,
00100800,
1f000000,
00000000,
01000000,
00000000,
00040000,
000a0000,
00000000,
00000d00,
00000000,
00050400,
07000000,
00180000,
00000000,
0203170a,
00000000,
00030c00,
12000000,
03000000,
00000000,
00000000,
00000f00,
00000000,
00000000,
00000100,
00000000,
00070000,
0d000000,
00000300,
000d0000,
00000a00,
00000000,
00000804,
00000000,
00000000,
00000000,
00000000,
00000400,
02000000,
00000000,
00010000,
00000000,
00040000,
0a000100,
00000300,
000c0000,
00020900,
00000008,
00000002,
00000000,
00000000,
05000000,
05000001,
03000003,
01020000,
00020100,
01010000,
00000000,
00000800,
05010500,
00000000,
01040000,
00030901,
00000003,
00000004,
00000002,
00000000,
01000000,
04000001,
03000605,
01040000,
00020001,
00030000,
00020001,
00000500,
03000600,
00000100,
01010000,
00030700,
01000003,
00000004,
00000002,
00000000,
02000000,
05000001,
04000507,
02040000,
00020001,
00050000,
00030000,
00000300,
02000500,
00000300,
02010001,
00030700,
01000004,
00000003,
00000003,
00000000,
04000000,
04000001,
03000506,
00040000,
00020001,
01040000,
00020000,
00000300,
04000400,
00000100,
03020002,
00050701,
01000004,
00000001,
00000003,
00000000,
04000000,
03000001,
03000506,
02040000,
00020001,
00040000,
00020000,
00000300,
04000400,
00000100,
03010001,
00060700,
01000004,
00000002,
00000003,
00000000,
03000000,
03000000,
04000505,
02040000,
00020000,
01040000,
00010000,
00000300,
04000400,
00000000,
03010001,
000a0700,
00000004,
00000000,
00000005,
00000000,
04000000,
00000000,
01000001,
00080000,
00070000,
00000000,
00020000,
00030500,
0a000000,
00000000,
00000003,
00020102,
00000000,
00000004,
03000000,
00000003,
09000000,
00000012,
00000000,
00160000,
03040000,
00000000,
00000000,
02060500,
07000400,
00010000,
00000004,
0000021e,
00000000,
00000b00,
11030200,
00000006,
00000002,
00000022,
00000000,
00150000,
07000011,
00000400,
00000000,
00000000,
00000100,
00000000,
00000009,
00000926,
00000000,
00001100,
0e000100,
0000000a,
00000000,
00000008,
00000000,
00080002,
05000010,
06000000,
00000000,
00000100,
00000000,
0000000e,
00000000,
00000b25,
00000000,
00001100,
09000000,
00000009,
00000000,
00000001,
00000000,
00040002,
04000013,
0a000000,
00000000,
00000300,
00000000,
00000014,
00000000,
00000a23,
00000000,
00001200,
07000000,
0000000a,
00000000,
00000000,
00000000,
00020001,
03000012,
0c000000,
00000000,
00000300,
00000000,
00000015,
00000000,
00000c26,
00000000,
00001100,
0a000000,
0000000a,
00000000,
00000004,
00000000,
00080003,
06000016,
0e000000,
00000000,
00000100,
00000000,
00000012,
00000000,
00001824,
00000000,
00001000,
0f000000,
00000009,
00000000,
00000000,
00001300,
000b0004,
0400001e,
09000000,
00000000,
01000100,
00000000,
00000006,
00000000,
00001914,
00000000,
00000500,
07000000,
00000006,
00000000,
00000000,
00002100,
00000000,
0001000f,
0f000600,
00000000,
00020e00,
00000000,
00000000,
00000000,
00060706,
0a000005,
00000000,
03000000,
00000001,
0d000000,
05000000,
01000003,
01020000,
00090000,
03000000,
00000000,
03040600,
04000000,
00000000,
00000004,
0009070a,
00000000,
04000000,
17000000,
00020200,
0a000000,
00000004,
03000000,
00110000,
01010000,
00000000,
00000000,
02000000,
00000000,
00110000,
00000008,
01100d05,
00000000,
01100300,
1e000000,
00000006,
0b000000,
00020000,
00020000,
00090000,
00000000,
00000a00,
00000000,
00001900,
01000003,
00300000,
00040000,
030b1802,
00000000,
00120b00,
1c000000,
00000004,
00000600,
00000000,
00000000,
00000000,
04000002,
00000d00,
00000000,
00043200,
01000002,
00180000,
00020000,
00081310,
00000000,
00010b00,
15000000,
00000000,
00000000,
00000000,
00000000,
00000000,
01000002,
00000000,
00000000,
0c050000,
06000000,
00000000,
00000000,
000b1406,
00000000,
00000800,
0f000600,
00000000,
00000000,
00000000,
00000001,
09000000,
00000000,
00000000,
00000000,
02030000,
0d000008,
00000000,
00000000,
00021208,
00000000,
00000300,
0e010100,
00000000,
00000000,
00010000,
00000604,
00030000,
00000104,
08000007,
00000000,
00050000,
0b000000,
00000000,
00000000,
00071008,
00000000,
00000300,
03050000,
00000000,
00000000,
06000000,
02000005,
08000000,
00040001,
03040805,
00000000,
00000000,
09000000,
00000000,
00020000,
00070902,
01000003,
00000100,
00000000,
00000000,
09000000,
04000000,
02000004,
07000000,
00050001,
00020000,
00000000,
00000300,
05000300,
00000000,
05040001,
00050600,
01000003,
00000001,
00000003,
00000000,
04000000,
02000002,
05000307,
02020000,
00010001,
01030000,
00020000,
00000200,
02000400,
00000000,
03000002,
00050600,
01000005,
00000003,
00000003,
00000000,
02000000,
01000001,
04000506,
01040000,
00020001,
00030000,
00040000,
00000400,
01000400,
00000000,
02010000,
00050702,
01000004,
00000003,
00000002,
00000000,
03000000,
03000001,
02000506,
01040000,
00030000,
01050000,
00020000,
00000600,
02000600,
00000000,
02020001,
00030800,
00000003,
00000002,
00000002,
00000000,
02000000,
03000001,
02000505,
02030000,
00030001,
01040000,
00030001,
00000500,
03000600,
00000100,
02020001,
00020700,
00000005,
00000002,
00000003,
00000000,
02000000,
03000002,
03000505,
00050000,
00020001,
00030000,
00030000,
00000500,
03000600,
00000200,
01010001,
00030600,
01000005,
00000003,
00000002,
00000000,
02000000,
03000002,
03000505,
00050000,
00030101,
01020000,
00010000,
00000500,
03000700,
00000100,
02010002,
00040500,
03000004,
00000002,
00000002,
00000000,
02000000,
04000001,
03000405,
01050000,
00030000,
01020000,
00010000,
00000300,
02020600,
00000100,
02020001,
00050500,
04000002,
00000002,
00000003,
00000000,
01000000,
02000000,
02000503,
00030000,
00020000,
01030000,
00020000,
00000600,
01000300,
00000000,
00010000,
01030400,
01000004,
00000003,
00000003,
00000000,
01000000,
01000000,
02000403,
00030000,
00030000,
01020000,
00040000,
00000700,
03000400,
00000000,
01020000,
00010300,
00000007,
00000000,
00000001,
00000000,
03000000,
04000000,
04000700,
02010000,
00050000,
00000000,
00060000,
00010000,
03000200,
00000200,
00000002,
02030103,
05000003,
02000008,
05000000,
00000000,
0a000100,
00000000,
07000208,
02000200,
00080300,
00040200,
00010000,
00020300,
00000000,
00060000,
02000002,
00040b00,
00000009,
00000000,
00010000,
00000200,
04000000,
00000000,
00000700,
07050000,
020e0000,
00060002,
04050000,
00030000,
00000000,
00000200,
06090000,
00000000,
0000000b,
0000000e,
00000000,
00000000,
0f000000,
0000000a,
00000000,
00020000,
03050000,
00000000,
01000000,
00050000,
00000600,
00000000,
00000000,
09000000,
00000000,
020e0015,
00000000,
00000000,
00000400,
00060003,
00000000,
00000000,
0a010000,
00000000,
00000200,
00020000,
00000900,
00170000,
00060000,
0a000002,
00000800,
00120000,
00000000,
00000000,
00001300,
00000000,
00070000,
0000000c,
070c0000,
00000000,
00000200,
00001300,
00000000,
00050000,
00000000,
0a000000,
00001000,
00030000,
00000000,
04000000,
00001200,
00000000,
00040500,
00000005,
0a0d0001,
00000700,
01000005,
08000503,
00000000,
00000000,
00000000,
00000600,
00020000,
07000000,
00000000,
04090000,
00000000,
00000000,
00000200,
00000000,
0e050000,
00000a00,
00000002,
0a060008,
00000000,
00000000,
00000002,
0000000b,
00020000,
06000000,
00000400,
04050000,
00000000,
00000600,
03000001,
00000000,
09000000,
00000000,
05000100,
08100008,
00000000,
00000000,
00000000,
1000000a,
00001500,
05000000,
00000300,
05000002,
00000100,
00000a00,
00040002,
00000000,
06000000,
00000000,
0b000000,
00160005,
00000000,
00000000,
00000000,
06000000,
00000d00,
04000000,
00000000,
05000004,
00000000,
00000003,
00000000,
00000000,
0d000000,
00000004,
04000008,
000e0000,
00000000,
00000100,
00000000,
00000000,
00000000,
00000303,
00000600,
00000306,
00000001,
0000001e,
07000000,
00000b00,
08000009,
06000400,
02000000,
00050000,
00000b00,
00040000,
00000000,
00000000,
00000000,
00000100,
01000200,
0000000f,
00000016,
00000011,
00000000,
00000d04,
0a000012,
00000000,
00000000,
00000000,
00000000,
00000000,
00000000,
00000300,
02030000,
00000000,
00000200,
00000011,
0000000a,
00020000,
00000000,
00000200,
00000000,
05000000,
00000000,
00000000,
00000000,
00000000,
00000000,
00100000,
06000010,
00000000,
00000000,
00000010,
00000000,
00090000,
00000000,
00000000,
00000000,
0d000000,
000e0000,
000a1101,
0f000000,
00000100,
00000000,
00000000,
00000019,
00000300,
0005020d,
00000000,
01000000,
00000000,
00000800,
00000000,
00000400,
06000000,
0c0e0003,
00040600,
00000000,
00000000,
00040900,
00000300,
0000000b,
00000200,
01000004,
00000000,
04000000,
00000003,
00000005,
01020000,
00000500,
00000000,
02040002,
00010300,
00000400,
00000000,
00010102,
00030600,
01000005,
00000003,
00000002,
00000000,
02000000,
03000001,
02000506,
00050000,
00020001,
01040000,
00020000,
00000500,
04000600,
00000000,
02020000,
00030600,
01000005,
00000004,
00000002,
00000000,
02000000,
04000001,
03000606,
01040000,
00020001,
01050000,
00020000,
00000500,
04010500,
00000000,
02010000,
00040500,
00000001,
00000000,
00000005,
00000000,
04000000,
03000000,
04000807,
00060000,
00030000,
00030000,
00040000,
00000900,
06000000,
00000100,
02010003,
00010400,
00000000,
00000200,
00000008,
00000000,
0b000000,
01000000,
00000007,
000e0000,
01040000,
01000000,
05000000,
00050b00,
0d000000,
00000000,
00010008,
00000705,
00000002,
00000400,
04000102,
00000000,
0a000000,
01000000,
00000007,
00100000,
00000005,
01000600,
00000000,
00050000,
0c000000,
00000000,
00000008,
00000f09,
00000000,
00000900,
08000102,
00000000,
05000000,
01000000,
00000004,
00090000,
00000006,
04000400,
00000000,
00040000,
0c000000,
00000000,
00000004,
00000e06,
00000000,
00000505,
00000003,
00000000,
02000000,
05000000,
00000806,
04000000,
00000002,
08000004,
00000000,
00020a00,
0c000000,
00000000,
00000000,
00040a01,
00000000,
00000305,
00020004,
00000000,
07000000,
09000000,
00000305,
06000000,
00050101,
01010001,
00000000,
00000a00,
08000100,
00000000,
00030000,
00040700,
00000005,
00000002,
00000003,
00000000,
04000000,
05000001,
02000206,
03040000,
00030001,
01030000,
00020000,
00000400,
06010600,
00000000,
03020002,
00040600,
00000003,
00000000,
00000004,
00000000,
05000000,
05000000,
02000507,
01050000,
00020000,
02030000,
00020000,
00010300,
09010400,
00000000,
03020002,
00060400,
00000002,
00010700,
00000004,
00000000,
0c000000,
04000000,
00000006,
000e0000,
00000000,
00000000,
01000000,
00000100,
0e000100,
00000000,
00030000,
03050801,
00000002,
00020900,
00000003,
00000000,
09000000,
00000000,
00000001,
000d0000,
00000000,
00010000,
00000000,
00010400,
0c000100,
00000000,
00020000,
00060a01,
00000000,
00000905,
02000002,
00000000,
03000000,
00000000,
00000700,
00000000,
00000002,
02050000,
00000000,
01040200,
08000000,
00000000,
00070000,
00040901,
00000000,
00000305,
00000001,
00000000,
07000000,
04000003,
02000203,
00000000,
00040001,
01000000,
00000000,
02000300,
06000300,
00000000,
01070000,
00060800,
01000005,
00000004,
00000002,
00000000,
04000000,
02000001,
03000205,
01040000,
00020001,
00030000,
00030000,
00000600,
05000700,
00000200,
02000000,
00050700,
01000003,
00000003,
00000002,
00000000,
02000000,
03000001,
03000506,
00030000,
00020001,
00030000,
00030000,
00000300,
02000500,
00000300,
02010002,
00040700,
01000004,
00000004,
00000002,
00000000,
03000000,
04000002,
03000506,
01040000,
00020001,
01040000,
00020000,
00000300,
03000600,
00000200,
02020002,
00030700,
01000003,
00000003,
00000003,
00000000,
03000000,
04000000,
03000506,
01040000,
00020001,
01040000,
00020000,
00000400,
04000500,
00000100,
03010002,
00030600,
00000005,
00000002,
00000003,
00000000,
03000000,
04000000,
03000505,
01040000,
00020001,
01040000,
00030000,
00000300,
04000500,
00000000,
03010000,
00040601,
00000006,
00000003,
00000002,
00000000,
03000000,
04000002,
04000506,
01040000,
00020001,
00040000,
00030000,
00000400,
03010500,
00000000,
02010000,
00060600,
00000000,
00000100,
00000005,
00000000,
05000000,
03000000,
03000706,
00060000,
00040000,
00010000,
00030000,
00010800,
06000100,
00000100,
00010003,
00000500,
00000000,
00000600,
00000007,
00000000,
0b000000,
03000000,
00000005,
000a0000,
02000003,
01000000,
04000000,
00040b00,
06000000,
00000000,
00000004,
00000405,
00000000,
00000800,
00000004,
00000000,
09000000,
0a000000,
00000005,
00070000,
0300000a,
05000000,
00000000,
00050900,
05000000,
00000000,
00000006,
0000080a,
00000000,
00000a00,
00000005,
00000000,
0b000000,
11000000,
00000002,
00060000,
0200000a,
06000000,
00000000,
00010d00,
09000000,
00000000,
00000003,
00000a0a,
00000000,
00000900,
00000004,
00000000,
09000000,
12000000,
00000203,
00070000,
0100000c,
06000000,
00000000,
00000e00,
09000000,
00000001,
00000004,
00000a0a,
00000000,
00000a00,
00000005,
00000000,
0b000000,
13000000,
00000202,
00070000,
0100000c,
06000000,
00000000,
00000e00,
09000000,
00000002,
00000005,
00000c08,
00000000,
00000a00,
00000004,
00000000,
0a000000,
13000000,
00000101,
00090000,
0200000c,
07000000,
00000000,
00000e00,
08000000,
00000000,
00000006,
0000100a,
00000000,
00000700,
00000005,
00000000,
04000000,
0c000000,
00000601,
000a0000,
0200000d,
06000000,
00000000,
01000900,
04000000,
00000000,
00000000,
00000c04,
00000000,
00000501,
00000006,
00000000,
02000000,
09000000,
00000b06,
04020000,
00010007,
05000000,
00000000,
00010f00,
07000000,
00000000,
00000000,
00040600,
04000002,
00000500,
00000001,
00000000,
0e000000,
0c000000,
00000008,
02040000,
00060101,
00000000,
00000000,
00000c00,
0b000000,
00000000,
01000006,
000c0805,
00000003,
00010600,
02010001,
00000000,
0f000004,
00000000,
00000000,
00140000,
01000000,
00000000,
00000000,
00000400,
0c000000,
00000000,
00020005,
00130c06,
00000000,
00061100,
06000000,
00000000,
12000002,
00000000,
00000000,
00140000,
00000000,
00000500,
00000000,
00001600,
09000000,
00090002,
00030000,
000d0e02,
00000000,
00001401,
03000000,
00000000,
07000000,
00000000,
00000000,
00050000,
02000001,
00030400,
02000000,
00011300,
08000000,
00000000,
00000000,
00000a04,
00000000,
00000c00,
00000000,
00000000,
0a000000,
00000000,
00000001,
00000000,
00000003,
07020000,
00000000,
01030200,
11000000,
00000100,
00010000,
00000a00,
00000002,
00000500,
00000206,
00000000,
0b000000,
07000000,
00000009,
02030000,
00000201,
04000000,
00000000,
01030400,
13000000,
00000000,
00010002,
00030701,
00000000,
00000206,
0000000a,
00000000,
06000000,
05000000,
00000606,
00010000,
00000101,
04000000,
00000000,
00040600,
0d000000,
00000000,
00060000,
00040700,
00000000,
00000303,
00020005,
00000000,
06000000,
07000000,
00000206,
02030000,
00020002,
00020000,
00000000,
00000500,
09010300,
00000000,
02060000,
00030500,
00000003,
00000003,
00000003,
00000000,
04000000,
04000000,
03000404,
02040000,
00030001,
02040000,
00010000,
00000300,
05010400,
00000000,
02020000,
00030500,
01000004,
00000002,
00000003,
00000000,
04000000,
02000001,
04000405,
01040000,
00020000,
01050000,
00030000,
00000200,
02000400,
00000000,
03000001,
00050901,
00000007,
00000001,
00000001,
00000000,
04000000,
01000001,
03000604,
03030000,
00010000,
00020000,
00050000,
00000300,
01000500,
00000000,
01000000,
00020600,
0100000a,
00000101,
00000000,
00000000,
06000000,
00000000,
00000502,
04020000,
00000000,
02000000,
00030000,
00000700,
02000600,
00000000,
00000000,
00000000,
00000007,
00000201,
00000001,
00000000,
00000000,
00000000,
00000400,
00000000,
00000000,
05000000,
00060000,
00000200,
05000300,
00000200,
00010000,
00000200,
00000007,
00000100,
00000004,
00000000,
04000000,
00000000,
00000203,
01000000,
00000000,
02000000,
01080000,
00020100,
06000200,
00000400,
00000000,
00000400,
00000006,
00000100,
00000004,
00000000,
03000000,
00000001,
00000405,
00030000,
00000501,
00000000,
01050000,
00000300,
02000500,
00000100,
01000003,
00000500,
01000005,
00000002,
00000002,
00000000,
03000000,
03000000,
02000403,
02040000,
00010200,
01000000,
00010000,
00000300,
02000600,
00000000,
02010000,
00020400,
03000003,
00000002,
00000002,
00000000,
02000000,
02000000,
00000402,
00020000,
00020000,
02010000,
00020000,
00000500,
02000500,
00000000,
00020000,
00010500,
00000002,
00000004,
00000002,
00000000,
00000000,
00000000,
02000503,
00010000,
00030000,
01010000,
00030000,
00000500,
03000400,
00000000,
00010000,
00000400,
00000007,
00000000,
00000000,
00000000,
03000000,
04000000,
04000600,
01000000,
00050000,
01000000,
00050000,
00010000,
05000100,
00000100,
00000002,
02010004,
05000003,
0100000a,
04000000,
00000100,
09000100,
00000000,
07000207,
01000200,
00080400,
01030200,
00010000,
00010400,
00000000,
00050000,
01000001,
00010a00,
00000007,
00010000,
00000000,
00000000,
06000000,
00000000,
00000600,
05060100,
03100001,
00050000,
05040000,
00040000,
00000000,
00000100,
05090000,
00000000,
00000010,
02030009,
00000000,
00000000,
13000000,
0000000b,
00000000,
00030000,
05050000,
00000000,
00000000,
00040000,
00000400,
00020000,
00000000,
09000000,
00000000,
080f0007,
01000000,
01000000,
00000e04,
00020000,
00040000,
00000000,
09010000,
00000000,
00000400,
00000300,
00000400,
001e0000,
00050000,
0c000000,
00000f00,
04060000,
00000000,
00000000,
00001c00,
00000000,
00050000,
0000000a,
090e0000,
00000200,
00000401,
03001500,
00000000,
00000000,
00000000,
03000700,
00000c00,
01030000,
00000000,
02000001,
00001300,
00000000,
00030a00,
00000003,
070e0000,
00000300,
04000004,
10000307,
00000001,
00000300,
00000000,
00000e00,
03020000,
04000000,
00000000,
00040000,
00000000,
00000000,
00000000,
00000100,
0d070000,
00000500,
00000000,
0a04000c,
00000000,
00000000,
00000000,
00000000,
00000500,
06090000,
00000800,
07000200,
07000000,
00000e00,
05000000,
00000000,
07010000,
00000000,
00000100,
05090000,
00000006,
00000000,
00000000,
06000000,
00001100,
03050000,
00000900,
00010000,
00000700,
00001600,
00050000,
00000000,
02000000,
00000005,
00000400,
000f0004,
0000000a,
0a000200,
00000000,
08000000,
00000f00,
00000000,
00000500,
09000008,
00000000,
00000300,
00000000,
00000000,
0b000000,
00000007,
03000100,
000d0003,
00000000,
00000c00,
00000000,
00000000,
00000000,
01000000,
00000500,
0000020a,
00000000,
00000015,
00000000,
00000800,
0b000004,
08000000,
06000002,
00030000,
00000200,
00000000,
00000000,
00000101,
00000000,
01000000,
02000400,
0000080b,
00000012,
00000009,
00000000,
00000703,
0e000013,
00000000,
00000000,
00000000,
00000000,
00000000,
00000000,
00000000,
00070000,
00000000,
00000000,
00000010,
00000003,
0001050f,
00000000,
00000600,
04000007,
04000000,
00000000,
00000200,
00000000,
0000000c,
00000000,
00130000,
04080000,
00000000,
000f0000,
0000000d,
00000000,
00020000,
00000500,
00000800,
00000006,
00000000,
00000000,
00010c09,
00000000,
00000003,
00000300,
00010000,
1000001c,
00000000,
0003000c,
00000006,
00000000,
00000000,
00001300,
00000000,
00000000,
0a000000,
0b0a0000,
00050a06,
00000000,
00000000,
00000600,
00000300,
02000018,
00000000,
00000006,
00000000,
07000000,
00000000,
00000001,
00000000,
00000500,
04000000,
07070005,
00000300,
00000000,
00000002,
00010100,
00010500,
00000004,
00000003,
00000002,
00000000,
03000000,
02000002,
02000406,
01050000,
00020001,
02040000,
00030000,
00000400,
04010500,
00000000,
02020001,
00040600,
00000005,
00000003,
00000003,
00000000,
02000000,
03000001,
03000506,
01050000,
00020001,
00050000,
00030000,
00000400,
03010500,
00000200,
02020000,
00040600,
01000005,
00000002,
00000002,
00000000,
03000000,
03000001,
03000506,
02050000,
00020001,
00040000,
00040000,
00000500,
04000600,
00000100,
02010001,
00030600,
01000003,
00000100,
00000004,
00000000,
04000000,
05000000,
01000308,
01050000,
00020001,
01030000,
00040000,
00000600,
08010300,
00000200,
01010002,
00010600,
00000004,
00000100,
00000005,
00000000,
05000000,
04000000,
00000008,
00050000,
00000000,
01000000,
00000000,
00010600,
09000200,
00000000,
00000002,
00020600,
00000006,
00000004,
00000006,
00000000,
03000000,
03000000,
01000408,
00040000,
00000202,
02010000,
00010000,
00010500,
06000300,
00000000,
00000000,
00040600,
01000003,
00000106,
00000005,
00000000,
02000000,
04000000,
02000607,
02030000,
00010100,
02020000,
00020000,
00000600,
06000500,
00000000,
00020000,
00050600,
01000005,
00000003,
00000003,
00000000,
01000000,
05000001,
03000306,
01040000,
00030100,
00030000,
00030000,
00000500,
04000600,
00000000,
03010002,
00050701,
00000004,
00000002,
00000003,
00000000,
03000000,
04000001,
03000406,
02050000,
00020101,
00040000,
00020000,
00000300,
04010600,
00000200,
03020001,
00030600,
01000003,
00000004,
00000003,
00000000,
03000000,
05000001,
02000506,
02040000,
00020001,
01040000,
00010000,
00000300,
04020500,
00000000,
03020001,
00040500,
00000005,
00000003,
00000002,
00000000,
05000000,
02000001,
03000305,
01040000,
00020000,
01040000,
00010000,
00000400,
04000400,
00000000,
02020000,
00060600,
00000005,
00000003,
00000002,
00000000,
02000000,
01000001,
02000504,
00040000,
00020000,
01030000,
00000000,
00000700,
04000400,
00000000,
02030001,
00060800,
00000005,
00000003,
00000003,
00000000,
01000000,
01000000,
03000603,
00040000,
00020000,
00040000,
00010000,
00000700,
05000400,
00000000,
03030000,
00040701,
01000005,
00000003,
00000002,
00000000,
03000000,
03000000,
03000504,
01040000,
00030000,
00040000,
00020000,
00000600,
04000500,
00000100,
03020000,
00030600,
01000004,
00000004,
00000002,
00000000,
03000000,
04000001,
04000506,
01040000,
00020000,
01030000,
00020000,
00000400,
03000600,
00000200,
02010001,
00020600,
01000004,
00000004,
00000004,
00000000,
02000000,
04000001,
03000506,
00040000,
00020000,
02030000,
00020000,
00000400,
03000500,
00000100,
02010002,
00020600,
01000005,
00000004,
00000003,
00000000,
03000000,
04000001,
03000406,
01040000,
00020001,
02040000,
00030000,
00000300,
04000500,
00000100,
02020001,
00020500,
01000003,
00000003,
00000003,
00000000,
03000000,
04000001,
03000406,
01040000,
00030001,
02050000,
00030000,
00000300,
04000500,
00000100,
02020001,
00020500,
01000003,
00000003,
00000004,
00000000,
02000000,
04000000,
03000506,
00040000,
00030001,
01060000,
00040001,
00000400,
03000400,
00000000,
02020000,
00020700,
00000006,
00000004,
00000003,
00000000,
02000000,
04000001,
04000505,
01040000,
00030001,
00060000,
00050000,
00000400,
02010500,
00000100,
02010000,
00030600,
00000004,
00000003,
00000002,
00000000,
03000000,
04000002,
04000506,
01050000,
00020001,
00050000,
00030000,
00000300,
02000600,
00000100,
01000000,
00030500,
03000004,
00000003,
00000002,
00000000,
03000000,
04000001,
04000506,
01040000,
00030001,
02040000,
00020000,
00000500,
02000400,
00000100,
02010001,
00010600,
00000005,
00000002,
00000003,
00000000,
04000000,
04000000,
03000305,
01030000,
00020001,
01030000,
00020000,
00000400,
04000300,
00000000,
02010001,
00010700,
00000006,
00000003,
00000003,
00000000,
06000000,
04000000,
04000403,
01010000,
00010001,
02020000,
00020000,
01000600,
05000200,
00000000,
02010000,
00000800,
00000008,
00000101,
00000004,
00000000,
05000000,
02000000,
01000300,
02010000,
00000100,
00000200,
00030000,
00000a00,
07000200,
00000000,
02000000,
00000600,
00000005,
00000200,
00000005,
00000000,
03000000,
00000000,
00000200,
02000000,
00000300,
00000400,
00040000,
00000700,
08000100,
00000000,
00000000,
00000400,
00000001,
00000400,
00000007,
00000000,
02000000,
00000000,
00000200,
03000000,
00000700,
00000000,
00070100,
00000700,
09000100,
00000300,
00000000,
00000100,
00000001,
00000500,
00000009,
00000000,
02000000,
00000000,
00000000,
00000000,
00000100,
00000000,
000a0100,
00020200,
08000300,
00000600,
00000000,
00000000,
00000009,
00000400,
00000007,
00000000,
01000000,
00000000,
00000300,
00000000,
00000100,
01000000,
000c0301,
00020000,
06000100,
00000400,
00000300,
00000100,
00000009,
00000300,
00020007,
00000000,
04000000,
00000000,
00000001,
00000000,
00000600,
00000000,
00080000,
00030000,
05000300,
00000300,
00000300,
00000400,
00000006,
00000200,
00000006,
00000000,
06000000,
00000000,
00000403,
00030000,
00000500,
00000000,
00060000,
00010100,
03000300,
00000000,
01000002,
00020400,
00000004,
00000204,
00000004,
00000000,
05000000,
00000001,
02000204,
00050000,
00000100,
00010000,
00020000,
00000500,
04000500,
00000100,
01000000,
00050500,
01000004,
00000105,
00000003,
00000000,
02000000,
00000000,
03000404,
00030000,
00010000,
02050000,
00010000,
00000400,
04000400,
00000300,
01020000,
00020700,
00000008,
00000001,
00000001,
00000000,
05000000,
01000001,
02000604,
04010000,
00000000,
04030000,
00030000,
01000000,
03000400,
00000300,
04030000,
00000500,
01000009,
00000104,
00000002,
00000000,
07000000,
00000004,
01000105,
01020000,
00000000,
04000000,
00030000,
00000200,
04000100,
00000100,
00000002,
00000000,
01000008,
00000101,
00000007,
00000000,
02000000,
00000000,
00000004,
00010000,
00000001,
03000000,
00050000,
00000200,
02000000,
00000300,
00010003,
00000000,
0000000c,
00000600,
03000008,
00000000,
03000000,
00000000,
00000002,
02040000,
00000101,
00000000,
01060000,
00040000,
00000000,
00000200,
00040000,
00000100,
00000007,
00000200,
00000005,
00000000,
03000000,
01000001,
00000305,
02040000,
00000000,
00000000,
03040000,
00010100,
00010100,
00000100,
00030000,
00000300,
00000004,
00000100,
00000004,
00000000,
01000000,
00000002,
00000404,
02030000,
00000001,
00030000,
03020000,
00000000,
00020500,
00000100,
00000300,
00000400,
0200000d,
00000000,
00000000,
00000000,
06000000,
00000003,
00000a00,
07010000,
00000000,
03000000,
00050000,
00010100,
00000600,
00000200,
00000000,
00000000,
00000004,
00000101,
00000200,
00000000,
05000000,
00000006,
00000000,
06000000,
00000000,
06000002,
00020001,
00020200,
04000700,
00000503,
00000000,
00000000,
00000000,
00000007,
00000100,
00000002,
00000007,
00000000,
01000000,
00000000,
00000000,
07000000,
000a0000,
00000200,
10000700,
00000700,
00000500,
00000000,
0000000f,
00000100,
00030104,
00000001,
00000000,
00000000,
00000400,
00000200,
00000000,
05000000,
060f0000,
00020600,
03000100,
00000600,
00000a00,
00000100,
00000012,
00000000,
00030007,
00000000,
00000000,
00000000,
00000601,
00010000,
00000200,
02000000,
070a0001,
00010200,
00000100,
00000100,
00020600,
00000400,
00000008,
00000000,
00000003,
00000000,
04000000,
00000001,
00000102,
00040000,
00000300,
00000000,
01020000,
00000200,
00000200,
00000000,
00010001,
00040500,
03000003,
00000003,
00000001,
00000000,
01000000,
01000000,
01000401,
00030000,
00020000,
02010000,
00000000,
00000800,
03000500,
00020000,
00030000,
00030500,
01000003,
00000005,
00000002,
00000000,
00000000,
01000000,
01000503,
00020000,
00030000,
02020000,
00020003,
00000600,
02000400,
00000000,
00020000,
00000400,
00000005,
00000000,
00000000,
00000000,
03000000,
04000000,
02000600,
02010000,
00060000,
01000000,
00050000,
00010000,
03000100,
00000000,
00010003,
01020104,
05000004,
02000009,
03000000,
00000000,
09000000,
00000000,
07000207,
01000100,
00080300,
01040000,
00000000,
00010500,
00000000,
00060000,
01000001,
00070b00,
00000004,
00000000,
00000000,
00000000,
07000000,
00000000,
01000400,
010a0000,
04130000,
00040101,
04020000,
00040000,
01000000,
00000000,
050a0000,
00000001,
0000000d,
01070000,
03000000,
00000000,
12000000,
00000009,
03000000,
00070000,
04060000,
00000000,
00000000,
00020000,
00000000,
00040000,
00000000,
09000000,
00000400,
050a0000,
0f000000,
04000000,
00001001,
00000000,
00080000,
00000000,
06010000,
00000400,
00000000,
00070c00,
00000007,
00210000,
00000000,
07000000,
00001100,
020b0000,
00000000,
00000000,
00001c00,
00000000,
00080000,
00000000,
0a070000,
00000000,
00000407,
06010c00,
00000001,
00000b00,
00000000,
00000300,
00000600,
00060000,
00000000,
00000005,
00000d03,
00000000,
00040200,
00000700,
06070001,
00000800,
05000000,
0b040008,
0000000b,
00000000,
00000000,
00000100,
00000000,
05000000,
00000000,
00010002,
00000000,
00000000,
00000300,
00000300,
0a000005,
00000a00,
00000000,
0303000a,
00000000,
00000000,
00000000,
00000000,
00000600,
0d070000,
00000800,
09040000,
00000004,
00000a00,
00010000,
00000000,
03000000,
00000002,
00000000,
000a0004,
00000001,
00000000,
00000100,
00000000,
00000b00,
06080000,
00001000,
000d0000,
00000000,
00000b08,
00060000,
00000000,
02000000,
00000008,
00000000,
03080008,
00000007,
01000000,
00000000,
00000000,
00000000,
01000000,
00000c00,
00000008,
00000000,
0000000a,
00000000,
00000000,
07000000,
00000005,
00000000,
0009000b,
00000000,
00000000,
00000000,
00000000,
00000000,
03000000,
00000400,
00000008,
00000000,
0000000e,
01000000,
00000300,
0c000008,
00000000,
01000103,
00020000,
00000000,
00000000,
00000000,
00000000,
00000000,
02000000,
02000000,
00030009,
00000008,
00000000,
01050000,
00000507,
0800000a,
00000000,
00000100,
00000000,
00000000,
00000000,
00000000,
00000007,
00060000,
04000000,
00000000,
00000009,
00000004,
00000008,
01020000,
0002070c,
08000008,
02000000,
03000200,
01000000,
00000000,
00000000,
00000000,
00000003,
00080000,
00000000,
00060000,
0000000a,
00000002,
00000009,
00000a00,
00020802,
05000017,
00000000,
00000000,
00000000,
00000000,
0000000e,
00000000,
00060400,
13000001,
00000000,
00030000,
00000009,
00000000,
00000000,
00001400,
00000000,
00000001,
04000000,
07000000,
00010d09,
00000000,
00000000,
00010000,
00000400,
09000021,
00000000,
00000000,
00000000,
0c000000,
00000000,
00000000,
00000000,
00020100,
07000002,
08090001,
00000700,
00000000,
00000000,
00020000,
00010400,
00000005,
00000003,
00000001,
00000000,
05000000,
02000002,
01000206,
01040000,
00020100,
01030000,
00020000,
00000500,
04000400,
00000000,
01020001,
00020600,
00000004,
00000002,
00000003,
00000000,
02000000,
03000001,
02000505,
00040000,
00020001,
00040000,
00030000,
00000500,
04000500,
00000100,
02020001,
00030600,
00000005,
00000002,
00000003,
00000000,
02000000,
03000001,
02000506,
01040000,
00020001,
00040000,
00040000,
00000500,
04000600,
00000200,
02020000,
00030600,
00000006,
00000004,
00000003,
00000000,
03000000,
03000001,
03000506,
00040000,
00020100,
01040000,
00030001,
00000500,
05000600,
00000100,
02010001,
00030700,
00000005,
00000005,
00000002,
00000000,
02000000,
04000001,
03000506,
01050000,
00020000,
01040000,
00020000,
00000500,
04000600,
00000000,
02010001,
00030700,
00000004,
00000003,
00000002,
00000000,
02000000,
04000001,
04000506,
01040000,
00020001,
01030000,
00020000,
00000500,
03000600,
00000100,
03010001,
00040600,
02000003,
00000004,
00000003,
00000000,
02000000,
04000001,
03000506,
01040000,
00030001,
01030000,
00030001,
00000500,
03000600,
00000100,
02010001,
00020700,
00000005,
00000003,
00000003,
00000000,
02000000,
04000001,
03000506,
01040000,
00020000,
00030000,
00040000,
00000500,
03000600,
00000100,
02010001,
00020600,
00000004,
00000003,
00000003,
00000000,
03000000,
04000001,
03000405,
01040000,
00020101,
01040000,
00030000,
00000300,
04000600,
00000200,
02020001,
00010600,
01000002,
00000004,
00000003,
00000000,
01000000,
05000001,
03000606,
01050000,
00030001,
02040000,
00030000,
00000300,
04010600,
00000200,
02020001,
00030500,
00000004,
00000003,
00000002,
00000000,
04000000,
04000001,
02000405,
01050000,
00030001,
01050000,
00030000,
00000300,
04010500,
00000100,
03030000,
00040600,
00000004,
00000003,
00000002,
00000000,
03000000,
02000002,
02000405,
00050000,
00020001,
01070000,
00020000,
00000400,
03010600,
00000000,
02030000,
00040600,
01000004,
00000003,
00000002,
00000000,
01000000,
03000000,
03000505,
01050000,
00030001,
01060000,
00030000,
00000400,
03010500,
00000200,
02030000,
00030500,
01000005,
00000004,
00000002,
00000000,
03000000,
04000001,
03000406,
00040000,
00030001,
01050000,
00040000,
00000400,
02000600,
00000100,
02020000,
00030600,
01000005,
00000004,
00000002,
00000000,
03000000,
04000002,
04000506,
01060000,
00020000,
01050000,
00020000,
00000400,
02000600,
00000100,
01010001,
00040601,
01000003,
00000004,
00000002,
00000000,
02000000,
04000002,
03000507,
01050000,
00020001,
02050000,
00020000,
00000400,
02020600,
00000000,
02010002,
00030600,
01000004,
00000004,
00000002,
00000000,
03000000,
04000001,
03000506,
01040000,
00020001,
02060000,
00020000,
00000500,
02000500,
00000000,
02020001,
00030600,
01000004,
00000004,
00000002,
00000000,
03000000,
04000002,
03000506,
00050000,
00020001,
02060000,
00020000,
00000500,
02000500,
00000000,
03030001,
00030700,
00000003,
00000004,
00000003,
00000000,
02000000,
04000001,
03000606,
01040000,
00030001,
01060000,
00020000,
00000400,
02010500,
00000000,
03030001,
00030700,
00000005,
00000003,
00000002,
00000000,
02000000,
04000001,
03000606,
01040000,
00030001,
01060000,
00030001,
00000300,
02010500,
00000100,
03020000,
00020500,
01000004,
00000004,
00000003,
00000000,
02000000,
04000002,
04000606,
01040000,
00030001,
01060000,
00030000,
00000300,
02020600,
00000100,
02010000,
00040400,
03000003,
00000004,
00000003,
00000000,
03000000,
04000001,
04000405,
00040000,
00030001,
01050000,
00020000,
00000400,
02000400,
00000200,
03020000,
00030600,
01000006,
00000003,
00000003,
00000000,
04000000,
03000000,
03000404,
00040000,
00030000,
01050000,
00020000,
00000400,
03000500,
00000100,
02030000,
00000501,
0000000f,
00000202,
00000000,
00000000,
08000000,
00000002,
00000c00,
07000000,
00000000,
04010201,
00050000,
02000a00,
05000600,
00000100,
01030000,
00000300,
0000000c,
00000500,
00000000,
00000000,
0c000000,
00000001,
00000000,
0e000000,
00000000,
01000700,
00090100,
00000600,
0e000a00,
00000d04,
00000000,
00000000,
00000000,
00000405,
00000000,
00000003,
02000004,
00000000,
00000000,
01000000,
00000000,
03000000,
00160100,
00020000,
1b000f00,
00001b00,
00000000,
00000000,
00000000,
00000a07,
00000002,
00000003,
00000200,
00000000,
00000000,
07000000,
00000000,
00000000,
001d0600,
00030000,
0e000b00,
00002300,
00000a00,
00000000,
00000000,
00000809,
00000008,
00000004,
01000500,
00010000,
00000000,
04000000,
00000000,
04000000,
00190900,
00010000,
0d000800,
00001c02,
00001200,
00000000,
00000004,
00000402,
00000107,
00000005,
00000200,
00030000,
00000400,
00000000,
00000000,
05000000,
001c0806,
00000002,
08000600,
00001e04,
00001200,
00000000,
00000012,
00000200,
0000010c,
00000006,
00000301,
00000000,
00000100,
00000000,
00000000,
06000000,
061b0208,
00030001,
05000800,
00000e03,
00020d00,
00000000,
00000017,
00000300,
0000010b,
00000001,
02000000,
00000000,
00000a00,
00000000,
00000000,
03000000,
09170003,
00050000,
00000000,
00000800,
00000a00,
00000000,
0000000c,
00000300,
02000009,
00000000,
0a000000,
00000002,
00000008,
04000000,
00000700,
00000000,
05090001,
00010000,
00000000,
00000202,
00000404,
00000200,
01000003,
00000101,
00000005,
01000000,
00000000,
02000000,
00000307,
00010000,
00000002,
03060000,
00060001,
00000200,
02000200,
00000300,
00030402,
00000500,
0000000f,
00000000,
00010000,
00000000,
08000000,
00000001,
01000800,
0b000000,
00000000,
09060004,
00040000,
00020000,
00000300,
00000700,
00040000,
00000000,
01000003,
00000106,
00000100,
00000000,
0b000004,
00000000,
00000000,
0a000000,
00000000,
09000000,
00070000,
00050000,
01000100,
00000200,
00000000,
00000000,
00060004,
00000300,
00000005,
00000002,
0200000d,
00000200,
00000002,
00000400,
00000000,
00000000,
000f0000,
00050000,
01000000,
00000000,
00000f00,
00000000,
0002000e,
00000c00,
00000012,
00000005,
00000007,
00000000,
00000000,
00000200,
00000000,
00000000,
00050100,
00060003,
00000000,
00000008,
00001003,
00000000,
00000012,
00000500,
00000009,
00000003,
00000000,
00000000,
00000200,
00000200,
00000000,
02000000,
020a0000,
000a0000,
00000000,
00000000,
00001100,
00000000,
0000000d,
00000000,
00000009,
00000000,
00000000,
00000000,
00000702,
00000100,
00000002,
02000000,
07030000,
00040000,
00000000,
00000000,
00001100,
00000000,
0000000c,
02000000,
00000000,
00000000,
08000000,
00000006,
00000000,
0a000000,
00000000,
06000002,
01020000,
00020000,
00000000,
00000300,
00000100,
00000000,
00000000,
0000000c,
00000500,
00000200,
00000000,
00020015,
00000002,
00000000,
00000000,
0a000001,
00000002,
00050300,
00000b00,
00000705,
00010000,
00000000,
000a0000,
0000000c,
00000500,
00000004,
00000004,
00050009,
00000007,
00000b00,
03000003,
05000000,
00000000,
00000007,
06000b00,
00000600,
00000700,
00000000,
01090005,
00000000,
000a0606,
00000002,
00010000,
00020000,
00000601,
00000a00,
01000002,
04000000,
02010000,
0000040a,
00020000,
00000103,
00000a00,
00000000,
03000016,
00000000,
00060009,
00000000,
00000000,
00000000,
00000a00,
00000000,
00000000,
03000000,
070a0000,
00000405,
00000000,
00000003,
00040800,
00000300,
0000000f,
00000000,
00020004,
00000000,
07000000,
00000000,
00000101,
00060000,
00000400,
01000000,
05040000,
00000500,
00010200,
00000000,
00000000,
00040500,
01000002,
00000005,
00000002,
00000000,
02000000,
00000000,
02000403,
00050000,
00020001,
01020000,
00000000,
00000700,
02030500,
00000000,
00010000,
00040500,
04000004,
00000004,
00000001,
00000000,
00000000,
02000000,
02000403,
01020000,
00030000,
02030000,
00010000,
00000500,
01000400,
00000100,
00020000,
00000501,
00000006,
00000000,
00000000,
00000000,
03000000,
05000000,
02000600,
02000000,
00070000,
01000000,
00050000,
00010000,
03000200,
00000000,
00000003,
02020104,
04000003,
02000008,
04000000,
00000000,
0a000000,
00000000,
06000107,
01000000,
00080300,
00020000,
00000000,
00010600,
00000000,
00060000,
01000002,
00090c00,
00000000,
00000000,
00020100,
00000000,
07000000,
00000000,
01000900,
00080000,
03120000,
00050002,
02040000,
00040001,
05000000,
00000000,
060a0000,
00000006,
00000007,
02080000,
04000000,
00000000,
13000000,
00000001,
07000000,
000d0000,
030c0000,
00000000,
00000000,
00020000,
00020000,
00000000,
00000000,
00090000,
00000300,
040b0004,
15000000,
00000000,
00000d00,
00000003,
07040000,
00000000,
04040000,
00000000,
00000000,
00070000,
00000006,
00230900,
00000000,
00090000,
00000400,
010d0001,
06000000,
00000005,
00001400,
00000000,
000c0000,
00000000,
05000000,
00000000,
00000000,
07070009,
00000010,
00000000,
00000000,
00000300,
01000800,
00000000,
00000000,
00000f06,
00000400,
00000800,
00020000,
00000300,
04030006,
00001100,
0a000000,
01060004,
00000000,
00000000,
00000000,
00000005,
00010100,
07030000,
00000000,
02021403,
00000001,
00000e00,
00000000,
00000000,
05040003,
00000d00,
00000000,
03070000,
00000000,
00000000,
00000100,
00000000,
00000000,
0b040000,
06000700,
02040003,
00000000,
00000700,
00020001,
00000000,
01000000,
00000000,
00000000,
000a0004,
00000003,
00000000,
00000001,
00000200,
00010000,
0f060000,
07000d00,
02090202,
00000000,
00000800,
00060001,
00000000,
03000000,
00000002,
00000000,
00050005,
00000000,
00000000,
00000000,
00000000,
00000000,
0a000000,
00000c00,
06000005,
00000000,
00000001,
00040000,
00000000,
05000004,
00000003,
00000000,
00070007,
00000000,
00000000,
00000000,
00000000,
00000000,
0a000000,
00000400,
00000007,
00000000,
00000007,
00020000,
00000000,
0b00000e,
00000000,
00000000,
00050000,
00000000,
00000000,
00000000,
00000002,
00000000,
0b000000,
05000000,
00000005,
00000001,
00000008,
05070000,
00000800,
0700000f,
00000001,
00000800,
00000000,
00000000,
00000007,
00010003,
00000603,
00030000,
07000000,
07000000,
00000006,
00000100,
07000000,
06060100,
0002060a,
06000004,
03000000,
00000200,
04000000,
00000007,
00000000,
00040000,
00000409,
00020000,
06000000,
01000000,
00000006,
00000007,
03000008,
02000700,
000c0c09,
07010015,
00000000,
07000100,
00000000,
00000000,
00000000,
00010003,
00000b00,
0e050000,
00000000,
00050000,
00000007,
00010000,
00000000,
00000c00,
00060300,
0203000d,
00000000,
06000000,
00000601,
00000000,
00000000,
00000000,
00000700,
0b00001a,
00000000,
00000000,
00000002,
0e000000,
00000000,
00000000,
00000000,
00040000,
02000003,
0a070000,
00010900,
00000000,
00000000,
00000000,
00000301,
0000000a,
00000000,
00000001,
00000000,
06000000,
01000002,
01000005,
00040000,
00020200,
00030000,
00010000,
00000500,
02010400,
00000000,
00020001,
00020600,
00000004,
00000003,
00000003,
00000000,
01000000,
03000002,
02000505,
01050000,
00020001,
01050000,
00010000,
00000500,
03000600,
00000100,
02020000,
00010600,
00000005,
00000004,
00000003,
00000000,
01000000,
02000001,
02000505,
00040000,
00020001,
01050000,
00020000,
00000500,
04000600,
00000000,
01020000,
00020600,
01000006,
00000004,
00000003,
00000000,
02000000,
03000001,
02000405,
00040000,
00020001,
01050000,
00030000,
00000500,
03000600,
00000100,
02020000,
00030600,
01000005,
00000004,
00000003,
00000000,
02000000,
03000001,
03000506,
01040000,
00020000,
01040000,
00030000,
00000500,
04000600,
00000200,
02010000,
00030600,
00000004,
00000004,
00000002,
00000000,
01000000,
03000001,
03000506,
01040000,
00020001,
01040000,
00030000,
00000500,
03000600,
00000200,
02010000,
00030600,
02000004,
00000004,
00000003,
00000000,
01000000,
03000001,
03000506,
00050000,
00030001,
00030000,
00030000,
00000500,
03000500,
00000100,
02010001,
00030700,
00000005,
00000002,
00000003,
00000000,
03000000,
03000000,
03000505,
01040000,
00030000,
00040000,
00030000,
00000500,
03000600,
00000200,
02020001,
00020600,
01000006,
00000003,
00000002,
00000000,
03000000,
03000002,
03000406,
00050000,
00020001,
01040000,
00020000,
00000500,
03000600,
00000100,
02020001,
00030500,
01000004,
00000004,
00000004,
00000000,
01000000,
04000001,
02000605,
01050000,
00030101,
02050000,
00020000,
00000400,
02000500,
00000000,
02020001,
00020600,
00000003,
00000003,
00000003,
00000000,
03000000,
04000001,
02000605,
01040000,
00020002,
01060000,
00020000,
00000400,
02000500,
00000000,
03030001,
00000600,
00000002,
00000003,
00000003,
00000000,
02000000,
03000001,
03000506,
00040000,
00030002,
02070000,
00030000,
00000400,
01000500,
00000100,
02030000,
00010600,
00000003,
00000003,
00000003,
00000000,
01000000,
04000002,
04000506,
01040000,
00030002,
01060000,
00030000,
00000400,
01010500,
00000000,
01020001,
00020700,
01000004,
00000003,
00000002,
00000000,
02000000,
03000001,
03000506,
00040000,
00030001,
00050000,
00040000,
00000400,
01000500,
00000100,
02020000,
00020600,
01000005,
00000004,
00000002,
00000000,
02000000,
03000001,
03000606,
01040000,
00030001,
01040000,
00030001,
00000400,
02000600,
00000100,
02010000,
00040600,
02000004,
00000004,
00000002,
00000000,
02000000,
04000002,
03000506,
01050000,
00030001,
01050000,
00020001,
00000400,
02010600,
00000000,
02020002,
00050600,
01000003,
00000003,
00000002,
00000000,
03000000,
04000001,
03000506,
01050000,
00030001,
01060000,
00020001,
00000500,
02010600,
00000100,
02030001,
00050600,
01000003,
00000003,
00000002,
00000000,
03000000,
03000002,
04000506,
02050000,
00020001,
01060000,
00030000,
00000500,
02000500,
00000100,
02020001,
00040700,
00000004,
00000004,
00000002,
00000000,
03000000,
04000002,
04000505,
01050000,
00030001,
01060000,
00030000,
00000300,
03020500,
00000100,
03020001,
00040600,
01000004,
00000003,
00000002,
00000000,
04000000,
04000001,
04000506,
01040000,
00020001,
00060000,
00030000,
00000300,
02010600,
00000100,
02020000,
00030500,
01000004,
00000003,
00000003,
00000000,
04000000,
04000002,
04000506,
01040000,
00030001,
01060000,
00030000,
00000300,
01000500,
00000200,
02020001,
00030600,
01000003,
00000003,
00000003,
00000000,
03000000,
03000002,
03000405,
00040000,
00030001,
00050000,
00030000,
00000400,
02000500,
00000200,
02020001,
00040600,
01000004,
00000003,
00000002,
00000000,
03000000,
02000001,
03000504,
01030000,
00030001,
00060000,
00030000,
00000300,
02000600,
00000100,
02020000,
00000400,
0000000b,
02000403,
00000000,
00000000,
07000000,
0000000b,
00000600,
07000000,
00000000,
01000301,
00000000,
01010700,
02000a00,
00000500,
00000000,
00020000,
00000000,
00000006,
00000000,
00000000,
01000000,
0000001d,
00000000,
00000000,
01010000,
05000001,
00000000,
00010600,
12001200,
00001106,
00000000,
000b0000,
00020000,
00000012,
00000000,
0000000a,
00000000,
0000000a,
00000000,
00000000,
05000000,
00000000,
00000000,
00000d00,
1b001900,
00000700,
00000800,
000b0000,
00050000,
00000010,
00000000,
0000000a,
00000100,
00080000,
00000000,
00000000,
04000000,
00000000,
00000100,
00000d03,
00000e00,
00000100,
00000900,
000d0000,
00050000,
0000000d,
00000000,
0000000a,
00010000,
000f0000,
00000000,
00000000,
03000000,
07000000,
00000300,
00000702,
00000800,
00000005,
00000000,
00080000,
00080000,
00000000,
00020602,
00000008,
00040000,
000d0000,
00000400,
00000100,
02000000,
05000000,
00000400,
00000606,
00000500,
00000003,
00000000,
000a0000,
00030000,
00000000,
00010001,
0000000d,
00010000,
00020000,
00000a00,
00000600,
02000000,
03000000,
00000000,
0001040e,
00000500,
00000006,
00000000,
00020000,
0d000012,
00000000,
00060105,
0000000b,
00000000,
00000000,
00001900,
00000600,
00000000,
03000000,
03060000,
00030a0c,
00000000,
00000000,
00000700,
00000200,
05000021,
00000000,
0000000a,
00000001,
0d000000,
00000000,
00000302,
00000000,
00000600,
07000000,
0b080006,
01000100,
00000000,
00000000,
00000000,
00010605,
01000007,
00000000,
04020000,
00000000,
08000000,
00000002,
00000706,
05020000,
00000001,
05030003,
00000000,
00000300,
00000300,
00000100,
00050004,
00000200,
00000005,
00000000,
00000000,
00000000,
06000000,
00050009,
00000100,
12000000,
00000000,
0d000006,
00000001,
00040000,
00000600,
00000e00,
00050000,
00000000,
00040000,
0000000d,
00000400,
00000705,
00000008,
00050000,
00000000,
00000300,
00000000,
04000000,
00020000,
000f0000,
09000b00,
00000000,
00000600,
00000000,
010e0000,
00000000,
00000000,
0002110c,
0000000e,
00070c00,
00000000,
00000100,
00000000,
00000000,
000e0000,
00130003,
00000900,
00000000,
00001500,
00000000,
00030000,
00000000,
0000001d,
0000020b,
00000000,
00000800,
00000000,
00000000,
00000002,
00000000,
00030409,
000e0006,
00000a00,
00000008,
00002100,
06000000,
00000300,
00000000,
0000000c,
00000506,
00000000,
00000c00,
00000900,
00000000,
00000001,
00000000,
00010106,
00110005,
00000000,
00000004,
00002000,
05000000,
00000012,
00010000,
0000020a,
02000001,
00000000,
00000000,
00001500,
00000000,
00000002,
00000001,
06000008,
00000000,
00000000,
00000003,
00001300,
00000000,
00000011,
02000000,
00000000,
00000000,
0b000000,
00020002,
00000000,
10040000,
00000000,
04000001,
05000000,
00020000,
00000000,
00000200,
00000002,
00000000,
00020000,
05000019,
00000600,
00000001,
00000000,
00010014,
00000005,
00000500,
01000000,
0f000000,
00000000,
00050000,
00000c00,
00000400,
00010002,
00000000,
000c0000,
00000003,
00000500,
00010001,
00050009,
00030012,
0000000d,
00000c00,
04000010,
01000002,
00000001,
0000000a,
00000200,
00000600,
00020605,
00000200,
000a0000,
00000000,
00080300,
00000005,
00080000,
00020000,
00000001,
00000900,
02000008,
00000000,
00000000,
00000005,
00000000,
00000008,
00000206,
00000000,
00000003,
00000000,
00040006,
00000004,
00000000,
00000000,
00000b00,
00000200,
00000002,
04000000,
04050000,
00000003,
00000000,
00000000,
00030200,
00000500,
02000013,
00000000,
00020005,
00000000,
07000000,
00000000,
00000101,
00000000,
00000200,
00010000,
08090001,
00000600,
00000000,
00000000,
00000000,
00020400,
01000002,
00000003,
00000002,
00000000,
02000000,
03000001,
02000304,
00050000,
00020002,
01020000,
00020000,
00000300,
00010400,
00000000,
00000000,
00010400,
03000004,
00000002,
00000002,
00000000,
00000000,
03000000,
02000404,
00020000,
00040000,
01030000,
00030000,
00000400,
00000400,
00000000,
01010001,
00000401,
00000005,
00000000,
00000000,
00000000,
02000000,
06000000,
02000500,
02000000,
00080000,
00000000,
00070000,
00010000,
03000300,
00000000,
00000002,
02000105,
04000002,
01000008,
01000000,
00000000,
08000100,
00000000,
06000006,
00000000,
00080200,
00000000,
00000000,
00000500,
00000000,
00030000,
00000002,
00030b00,
00000003,
00000000,
00030200,
01000300,
07000000,
00000001,
00000700,
01030000,
010f0002,
00040005,
01060000,
00020000,
02000000,
00000000,
070a0000,
00000003,
00000009,
00010000,
03000000,
00000000,
10000000,
00000004,
08000000,
000c0000,
020f0000,
02000000,
00000000,
00020000,
05000000,
00000000,
00000000,
00010000,
00000000,
020f0002,
0d000000,
00000000,
00000005,
00000008,
04000000,
00000000,
03020000,
00000000,
00000000,
00020000,
00000000,
000f0000,
00000000,
00000000,
04000000,
00050001,
05000000,
00000604,
00000900,
00000000,
000a0000,
00000000,
01000007,
00000000,
00000000,
000d0007,
0000000b,
00000000,
00000000,
00000100,
07000000,
00000000,
01000000,
00032303,
00000000,
00001900,
03040000,
00000002,
02000000,
00000c00,
00060300,
000a0000,
00000009,
00000000,
00000000,
00000000,
00030700,
08080000,
00000100,
06001a05,
00000000,
00001800,
00000000,
00000000,
04080000,
00000700,
08000000,
06090000,
00000000,
00000000,
00000000,
00000000,
00000400,
0c070000,
00000b00,
03030003,
00000000,
00000102,
00000001,
00000000,
01000000,
00000000,
00000000,
00050000,
00000000,
00000000,
00000003,
00000800,
00010000,
0b000000,
0e001000,
07020000,
01000000,
00000000,
00000005,
00000000,
02000000,
00000004,
00000000,
00090005,
00000000,
00000000,
00000005,
00000000,
00000000,
10010000,
01000801,
0b040703,
05000000,
00000500,
00080000,
00000000,
04000000,
00000008,
00000000,
00050006,
00000000,
00000000,
00000002,
00000000,
00000000,
0d000000,
00000600,
06000005,
00000000,
00000100,
00080000,
00000000,
09000008,
00000002,
00000000,
00090001,
00000007,
00060000,
00050000,
00000001,
00000000,
0e000000,
05000502,
00000005,
01000000,
0000000a,
06060000,
00000000,
0800000f,
0400000a,
00000803,
00000000,
00000000,
00000008,
0004000c,
00000003,
00030000,
0a000000,
03000105,
00000005,
00040000,
03000000,
08050100,
00070a02,
0600000b,
02000000,
00000600,
00000000,
00000000,
00000000,
00040000,
00000405,
01060000,
08000000,
04000000,
00000003,
00050007,
0a000000,
03050400,
0008090f,
0701000a,
00000000,
06000100,
08000000,
00000000,
01000000,
03000005,
00000b00,
04080000,
01000000,
00040000,
01000005,
00030005,
01000200,
00000c00,
00070800,
0304000b,
00000000,
04000000,
05000000,
00000000,
00000000,
00000002,
00000a00,
0c00000e,
00000000,
00020000,
00000003,
0b000000,
00000000,
00000000,
00000000,
00060000,
02010001,
0a040000,
00000400,
00000000,
00000000,
00000000,
00000300,
0200000c,
00000000,
00000000,
00000000,
08000000,
00000000,
00000004,
00040000,
00030100,
02040000,
01020000,
00000300,
00010400,
00000100,
00010000,
00030701,
01000007,
00000102,
00000002,
00000000,
02000000,
03000002,
02000704,
01050000,
00010001,
01040000,
00020000,
00000500,
01000500,
00000000,
02020001,
00020700,
00000008,
00000101,
00000002,
00000000,
05000000,
02000001,
00000204,
02040000,
00000001,
00020000,
00030000,
00000600,
03000400,
00000000,
00020000,
00000200,
00000007,
00000200,
00000005,
00000000,
02000000,
01000000,
00000004,
01030000,
00000201,
00000000,
00030000,
00000500,
03000100,
00000300,
00000001,
00000100,
00000008,
00000300,
01000008,
00000000,
01000000,
03000001,
00000004,
03040000,
00000501,
00000000,
00040000,
00000400,
02000100,
00000300,
00020001,
00000200,
00000006,
00000300,
00000006,
00000000,
00000000,
03000000,
00000104,
02040000,
00000501,
00000000,
00050000,
00000400,
01000200,
00000100,
00020000,
00000400,
00000006,
00000300,
00000006,
00000000,
00000000,
03000000,
00000203,
02040000,
00000300,
00010000,
00050000,
00000400,
01000200,
00000200,
00010000,
00000400,
00000006,
00000300,
00000006,
00000000,
01000000,
03000000,
00000203,
02050000,
00000400,
00000000,
01040000,
00000400,
01000200,
00000200,
00010001,
00000400,
00000008,
00000300,
00000005,
00000000,
01000000,
04000001,
00000303,
01050000,
00000301,
00010000,
00040000,
00000400,
02000300,
00000100,
00020001,
00010500,
00000008,
00000300,
00000004,
00000000,
02000000,
04000000,
00000503,
03060000,
00000200,
00030000,
01030000,
00000500,
02000300,
00000000,
01030001,
00000400,
00000005,
00000301,
00000003,
00000000,
03000000,
03000001,
00000404,
03060000,
00000001,
00030000,
00010000,
00000400,
01000300,
00000000,
00030001,
00000500,
00000003,
00000102,
00000003,
00000000,
02000000,
03000001,
01000505,
03040000,
00000000,
01050000,
00020000,
00000300,
00000300,
00000000,
01030001,
00020700,
00000004,
00000001,
00000002,
00000000,
02000000,
03000002,
03000505,
03050000,
00010001,
00050000,
00020000,
01000300,
01010500,
00000100,
03020001,
00030700,
01000004,
00000001,
00000002,
00000000,
03000000,
03000001,
03000505,
01040000,
00030001,
01050000,
00030000,
00000400,
03000500,
00000100,
02020000,
00040700,
01000004,
00000003,
00000003,
00000000,
02000000,
04000000,
03000505,
01040000,
00020001,
01040000,
00030000,
00000400,
03000500,
00000100,
02020000,
00030600,
01000004,
00000004,
00000003,
00000000,
02000000,
04000002,
03000406,
01050000,
00020001,
01060000,
00030000,
00000400,
03000600,
00000100,
02010001,
00030600,
02000004,
00000003,
00000002,
00000000,
03000000,
04000001,
04000507,
01040000,
00020001,
01050000,
00030000,
00000400,
02000500,
00000100,
02010000,
00030600,
01000003,
00000004,
00000003,
00000000,
02000000,
03000001,
04000406,
01050000,
00020001,
00050000,
00030000,
00000400,
02010500,
00000100,
02010000,
00030600,
00000003,
00000003,
00000003,
00000000,
03000000,
03000001,
03000506,
01040000,
00020001,
01060000,
00030000,
00000300,
02010500,
00000200,
02020000,
00030600,
01000004,
00000003,
00000003,
00000000,
03000000,
04000001,
03000405,
01040000,
00030001,
00060000,
00030000,
00000300,
02000500,
00000200,
03020000,
00040600,
02000004,
00000003,
00000002,
00000000,
03000000,
03000001,
04000505,
01040000,
00030000,
00050000,
00030000,
00000400,
03000500,
00000200,
03020000,
00040700,
00000005,
00000002,
00000002,
00000000,
03000000,
03000001,
04000505,
01050000,
00030000,
00050000,
00020000,
00000400,
03000500,
00000000,
03020000,
00040700,
01000003,
00000003,
00000002,
00000000,
02000000,
03000001,
03000504,
02040000,
00030001,
00050000,
00020000,
00000400,
02000500,
00000100,
03020000,
00000500,
00000004,
02000007,
00000000,
00000000,
05000000,
0000000a,
00000000,
09080000,
00030000,
04000000,
00000000,
06010100,
00000b00,
00000700,
00000000,
00000000,
00030000,
00000017,
00000400,
00000003,
02000000,
00000028,
00000000,
00080000,
04030000,
0f000000,
03000000,
00030200,
00001d00,
00000706,
00000000,
00000000,
00080000,
00000012,
00000200,
00000006,
00000004,
00000022,
02000000,
00030700,
0a000018,
00000000,
00000000,
00000000,
00001900,
00000000,
00000000,
00000000,
000d0000,
00000000,
00000000,
00000009,
00010000,
00000000,
01000000,
00020400,
07000009,
00000000,
00000000,
00000000,
00000800,
0000000c,
00000000,
00000000,
000b0000,
00000001,
00000000,
0000000c,
00030100,
00000001,
01000000,
00090300,
06000003,
00000000,
00000100,
00000000,
00000900,
00000017,
00000000,
00000000,
00040000,
00000000,
00000000,
0000000b,
00070000,
00000005,
00000000,
000b0306,
07000001,
01000000,
00000300,
00000000,
00000800,
00000014,
00000000,
00000000,
00090000,
00000000,
00000000,
0000000d,
00050000,
00000009,
00000a00,
00010d00,
06000015,
00000000,
00000000,
00000000,
00000000,
00000010,
00020000,
00000000,
0c090000,
00000000,
00080100,
0000000b,
00010000,
00000000,
00001800,
00000a00,
0100000b,
02000000,
00000000,
00010511,
00000000,
00000000,
00000000,
00000300,
0900002b,
00000000,
00000100,
00000004,
0f000000,
00000400,
00000201,
00000000,
00000000,
09000000,
0a040000,
00030401,
00000000,
00000000,
00050000,
00000006,
0200000d,
00000000,
00000000,
00000000,
08000000,
00000007,
00000600,
07040000,
00000000,
06000402,
00000000,
00030100,
00000300,
00000000,
00010002,
00000000,
00000000,
0000000c,
00000300,
00000000,
00000000,
00000013,
00000000,
09000000,
00010000,
0a000007,
00000000,
00070000,
02000300,
00000700,
00020000,
00000000,
00030000,
0000001e,
00000000,
00020a06,
00000005,
00000014,
04000000,
00000a00,
00000000,
00000000,
00000000,
00090000,
11000700,
00030000,
00000200,
00050000,
05090000,
00000000,
01000100,
000d140c,
00000000,
00000600,
00060000,
00000200,
00000000,
00000000,
00000000,
00100000,
0000000a,
000e0500,
00000000,
00000000,
00000000,
000c0000,
00000019,
000a100d,
00000000,
00040f00,
000e0000,
00000004,
00000000,
00000000,
00000009,
00180003,
0000000f,
00010100,
00000000,
00000000,
00000000,
00090000,
00020016,
00020d0d,
00000000,
00070f00,
00061900,
00000505,
00000000,
00000000,
00000001,
0018000e,
00000006,
00000000,
00000000,
00000500,
0000000a,
00030000,
00020004,
09000007,
00000000,
00000000,
00001f00,
00000500,
00000000,
00000000,
06000009,
00050006,
00000000,
00000000,
00000000,
00000100,
00000009,
01000003,
00000000,
00000002,
0c000000,
00040005,
00000000,
10000000,
00010000,
06000000,
08000007,
00000000,
00000200,
00000500,
00000000,
00000000,
00040000,
0700001b,
00000300,
00000003,
00000002,
0004000d,
00000000,
00000800,
01000000,
0a000000,
00000000,
00030000,
00000900,
00020000,
00020005,
00000400,
00080000,
05000000,
00000900,
00030004,
00070007,
00020205,
00010000,
00000c06,
05000009,
00000004,
00000300,
03000004,
00000003,
00000700,
00010310,
00000200,
00050000,
04000000,
00000300,
00010009,
00050000,
00000000,
00000000,
00000900,
03000006,
03000005,
00000300,
00000002,
00000000,
00000000,
00010008,
00000800,
00000000,
00000000,
00050000,
00000007,
00020000,
00000000,
00000c00,
00000300,
00000002,
00000000,
00000000,
00000005,
00000000,
00000000,
00030000,
00000a00,
0600000d,
00000000,
00020001,
00000000,
08000000,
00000000,
00000200,
04000000,
00020200,
00000000,
04050000,
00000400,
00000000,
00000000,
00000000,
00010600,
03000003,
00000003,
00000002,
00000000,
01000000,
02000000,
03000404,
00040000,
00020100,
02020000,
00020000,
00000500,
00000300,
00000000,
00010000,
00020600,
00000003,
00000001,
00000002,
00000000,
00000000,
03000000,
03000503,
01030000,
00040000,
00020000,
00030000,
01000700,
00000300,
00000000,
02000000,
00000500,
00000001,
00000000,
00000000,
00000000,
01000000,
06000000,
00000300,
05000000,
00090000,
00000000,
00070000,
00020500,
00000400,
00000100,
00000000,
02000203,
03000000,
0000000a,
00000000,
00000000,
05000200,
00020000,
04000004,
00000000,
00080000,
00000000,
00000000,
00000600,
00000000,
00020100,
00000001,
00040d00,
00000105,
00000000,
00030100,
01000500,
09000000,
00000000,
00000500,
02020000,
000d0000,
00030005,
01050000,
00010000,
02000000,
00000000,
060b0000,
00010004,
0000000a,
00000003,
02000000,
00000000,
0c000000,
00000002,
08000000,
000a0000,
000c0000,
00000000,
00030000,
00010300,
0b000000,
00000000,
00000001,
00000011,
00000000,
02000004,
08000000,
00000000,
07000000,
00000008,
00000000,
000c0000,
05030000,
00000000,
00000000,
02040000,
00000000,
00030000,
00000000,
00000003,
05010000,
01070000,
0b000700,
00000500,
00000000,
00000400,
00030000,
00000000,
08000009,
00000000,
00000200,
00050000,
00000000,
00080000,
00000000,
00000000,
0b000000,
00110000,
00000800,
06041303,
00000000,
00001100,
01080000,
00000000,
00000000,
00000000,
00000200,
00060002,
00000005,
00000000,
00000000,
00000000,
00000c00,
04000000,
00000501,
09001803,
00000000,
00001200,
05000400,
00000200,
01040000,
00000000,
00000400,
000e0000,
00000002,
00000000,
00000000,
00000000,
00010200,
0d000000,
00000500,
00000005,
00000000,
00020004,
00000002,
00000000,
04000002,
00000000,
0b000000,
00010001,
00000000,
00000000,
0000000a,
00000000,
05000004,
10000000,
00000901,
09000000,
07000000,
000a0000,
00000006,
00000000,
01000000,
0d000000,
00000000,
00020003,
00000000,
00000000,
0000000c,
00000000,
00030000,
0c020000,
0000090b,
11050700,
09000000,
00050200,
00090000,
00000004,
02030000,
00020207,
00000400,
00010005,
00000000,
00010000,
00060b08,
00000003,
00000000,
0b000000,
00000604,
04040004,
06000003,
00000100,
00080000,
00000000,
09020001,
00000003,
00000000,
03070004,
00000003,
00000000,
00030000,
00000000,
00000000,
0d000000,
00000601,
00000003,
00000000,
00000004,
05010000,
00000000,
07000008,
0300000a,
00000708,
00000000,
00000000,
00000000,
00000008,
00000000,
04040000,
08000000,
04000009,
00000004,
00030000,
00000000,
0c030000,
00010a03,
02000008,
00000002,
00000500,
00000000,
00000000,
00000000,
00020002,
00000403,
01070000,
05000000,
04000000,
00000102,
00080105,
09000000,
08050000,
00060a0b,
02010004,
00000000,
08000300,
09000000,
00000000,
05000000,
04000002,
00020b00,
01070000,
01000000,
00050000,
01000003,
00070006,
00000000,
00000b04,
00070900,
01030009,
00000000,
07000000,
05000000,
00000000,
01000000,
00000004,
00000800,
09000008,
00000000,
00030100,
01000001,
08000000,
00000000,
00000704,
00000000,
00040003,
03000002,
0c030000,
00000100,
00020000,
00000000,
00000000,
00000100,
0100000d,
00000000,
00010001,
00000000,
09000000,
00000000,
00000006,
01020000,
00030200,
03040002,
04030001,
00010500,
00050100,
00000000,
00020100,
00000401,
0000000c,
00000300,
00000000,
00000000,
04000000,
00000005,
02000601,
05040000,
00000000,
04050000,
00030002,
00000400,
01000400,
00000200,
00000000,
00000000,
04000008,
00000401,
00000000,
00000000,
09000000,
00000002,
02000000,
09000000,
00000000,
04000000,
00060000,
00000400,
03000300,
00000802,
00000000,
00000000,
04010005,
00000802,
00000003,
00000001,
00000009,
00000000,
00000000,
00000000,
00000000,
02000000,
000d0000,
00000500,
05000000,
00000202,
00000500,
00000000,
0000000a,
00001200,
0000000a,
00000001,
00000000,
00000000,
00000000,
08000000,
00000100,
00000000,
04100200,
00030600,
00000000,
00000703,
00000800,
00000000,
00000007,
00001000,
0000000c,
00000000,
00000100,
00000000,
00000000,
0f000000,
00000100,
00000001,
02120400,
00040100,
00000000,
00001105,
00000900,
00000000,
00000004,
00001000,
0000000e,
00000001,
00000300,
00000000,
00000000,
0b000000,
00000100,
00000000,
01110400,
00040100,
00000000,
00000d05,
00000800,
00000000,
00000007,
00001100,
0000000b,
00000002,
00000000,
00000000,
00000000,
04000000,
00000100,
00000000,
06100300,
00030000,
00000000,
00000806,
00000700,
00000000,
0000000b,
00001000,
0000000b,
00000002,
00000001,
00000000,
00000000,
09000000,
00000400,
00000001,
060f0200,
00040000,
00000000,
00000807,
00000900,
00000000,
00000009,
00001000,
00010009,
00000001,
00000001,
00000000,
00000000,
0b000000,
00000000,
00000000,
050e0100,
00040000,
00000000,
00000907,
00000900,
00000000,
00000009,
00000c00,
00000005,
00000001,
00000000,
00000000,
00000100,
02000000,
00000000,
02000000,
070d0000,
02050000,
00000000,
00000705,
00000b00,
00000000,
0000000d,
00000500,
00020004,
00000000,
01000000,
00000000,
00000702,
02010000,
00000000,
00000004,
08080000,
00020000,
00000000,
00000204,
00010801,
00000400,
00000008,
00000400,
03000004,
00000000,
07000000,
00000003,
00000205,
04040000,
00000601,
00000000,
05030000,
00000000,
00030000,
00000000,
00000004,
00020700,
00000004,
00000002,
00000003,
00000000,
04000000,
02000001,
03000505,
01040000,
00020002,
01040000,
00020000,
00000400,
02000400,
00000000,
02010001,
00030600,
01000003,
00000003,
00000003,
00000000,
03000000,
03000001,
04000405,
01040000,
00020001,
00050000,
00020000,
00000400,
02000500,
00000100,
02010001,
00020600,
01000004,
00000004,
00000003,
00000000,
03000000,
03000001,
04000406,
01040000,
00020001,
01060000,
00030000,
00000300,
02000500,
00000200,
02010001,
00030600,
02000003,
00000003,
00000003,
00000000,
03000000,
03000002,
04000406,
01040000,
00030001,
01050000,
00030000,
00000300,
02000500,
00000200,
02010000,
00020600,
01000003,
00000003,
00000003,
00000000,
03000000,
03000001,
04000407,
02040000,
00020001,
00060000,
00040000,
00000300,
03000500,
00000300,
01010001,
00030500,
00000003,
00000002,
00000004,
00000000,
02000000,
03000001,
03000506,
01040000,
00020001,
01060000,
00040000,
00000300,
03000500,
00000200,
01020000,
00020500,
01000004,
00000002,
00000004,
00000000,
03000000,
03000000,
02000405,
00040000,
00020002,
01060000,
00030000,
00000300,
02000500,
00000100,
02030000,
00030700,
01000003,
00000002,
00000003,
00000000,
02000000,
02000000,
03000505,
01040000,
00020001,
00050000,
00040001,
00000400,
03000500,
00000100,
02020001,
00030700,
00000004,
00000003,
00000003,
00000000,
04000000,
02000001,
04000505,
01050000,
00020001,
00050000,
00030000,
00000400,
03000600,
00000100,
02010000,
00040700,
01000004,
00000004,
00000002,
00000000,
03000000,
03000001,
03000605,
01050000,
00020001,
00050000,
00030000,
00000400,
03000500,
00000100,
02010000,
00020600,
00000005,
02000007,
00000000,
00000000,
0b000000,
00000005,
00000700,
07080000,
01050000,
03000000,
00000000,
04040500,
00000400,
00000300,
00010002,
00000308,
00000000,
0500000f,
02000200,
00000000,
11000000,
00000019,
02000000,
00090000,
04070004,
0a000300,
00000000,
00070000,
00000b00,
00050000,
00000000,
00000003,
00050000,
06000000,
06000000,
00010004,
0000000c,
00000011,
0f060000,
00000804,
0a060014,
00000000,
00000000,
00000000,
00000500,
00000000,
00000000,
00000602,
00030000,
02000000,
03000000,
00000009,
00010300,
04000000,
0b080000,
00000607,
05080002,
00000000,
00000200,
06000000,
00000003,
00000000,
01000000,
00000000,
01020000,
00000000,
00000001,
0000010a,
00000802,
0c000000,
01030000,
00000903,
09000008,
00000000,
00000300,
00000000,
00000000,
04000004,
00010000,
00000000,
03000000,
00000000,
00000002,
0000000a,
00000100,
11000000,
00040000,
00000a07,
0900000a,
00000000,
00000600,
00000000,
00000000,
00000004,
00030700,
00000000,
02060000,
00000000,
00000001,
0000000e,
00030002,
0f000000,
02020200,
00020e0c,
0c000010,
00000000,
07000400,
04000000,
00000000,
03000008,
00090a09,
00000400,
05070000,
00000000,
00090000,
00000110,
00040001,
00020300,
00001700,
00020e00,
0300000d,
00000000,
09000000,
01000000,
00000000,
00000000,
00060400,
00000800,
0800001f,
00000000,
00000000,
00000009,
0d000000,
00000400,
00000601,
00000000,
00000000,
00000000,
12090000,
00020500,
00000000,
00000000,
00000000,
00000000,
00000012,
00000000,
00000000,
00000000,
08000000,
0002000b,
00000000,
06020000,
00000000,
05000000,
05010000,
00040000,
00000000,
00000100,
00010001,
00000000,
00000100,
0000001c,
00000100,
00000001,
00000000,
00000015,
00000000,
00000200,
02000000,
05000004,
00000000,
00090e00,
00000900,
00010100,
00030000,
00000000,
00050000,
00000020,
00000200,
00050008,
00000018,
00000013,
04000000,
00091500,
08000009,
00000000,
00000000,
00000000,
03000300,
00000400,
00000500,
00000000,
04070000,
00080000,
00000000,
000f0012,
00000013,
00000000,
00030000,
00000f01,
04000000,
00000000,
00000300,
00000300,
00000000,
00000007,
00000000,
00000000,
00000000,
000a0000,
00000000,
00190012,
00000000,
00000000,
00080000,
00000d07,
01000000,
00000000,
00000400,
000c0006,
00000000,
00000008,
00030000,
00000d00,
00000000,
00000000,
000e0000,
00130011,
00000000,
00000000,
00012200,
00001105,
00000000,
00000000,
00000000,
0006000c,
00000000,
00000002,
00010000,
00001c02,
00000000,
00000000,
00000000,
0000000a,
00000000,
00000000,
00001900,
00000005,
00000000,
00000000,
00000000,
00050005,
00000000,
00000000,
00000000,
00000000,
00000000,
02000008,
00000000,
00000003,
06000000,
0000000d,
00000000,
02000004,
00010000,
07000000,
02000000,
00010500,
00000600,
00000a00,
00000000,
00050000,
00090000,
04000015,
00000200,
00000202,
00020002,
00040014,
00000000,
00040e00,
03000004,
00000000,
00000000,
00000004,
00000300,
00000900,
0000000c,
00000400,
000d0000,
07000000,
00000600,
00010408,
000a0003,
00070300,
00060000,
00000a02,
05000004,
04000004,
00000000,
00000004,
0000000d,
00000800,
0002000f,
00000700,
00000000,
04000000,
00030700,
04000007,
00050000,
00020000,
00000200,
00000400,
02000007,
0c000002,
00000303,
00000003,
00000000,
00000000,
0005000d,
00001109,
00000000,
00000000,
00020100,
00000003,
04000000,
00000000,
00000500,
00000000,
0000000a,
00000200,
00000000,
00000003,
00000000,
00000000,
00030000,
00010d04,
07000004,
00000000,
00000000,
00000000,
09000000,
02000000,
01000402,
06000000,
00030400,
01000000,
00000000,
00000400,
00000000,
00000000,
00000000,
00050700,
05000005,
00000003,
00000002,
00000000,
03000000,
03000000,
03000305,
01030000,
00030100,
01010000,
00020000,
00000500,
03000400,
00000000,
00020000,
00040600,
02000002,
00000001,
00000001,
00000000,
01000000,
01000000,
04000304,
03030000,
00040000,
00000000,
00060000,
02000600,
00000500,
00000100,
02000000,
00000500,
00000000,
00000000,
00000000,
00000000,
01000000,
04000000,
00000000,
06010000,
00080000,
00000000,
00080000,
00020100,
00000500,
00000700,
00000000,
00000300,
02000000,
0200000c,
00000000,
00000000,
07000200,
00050000,
02000003,
00000000,
00080000,
00000000,
00010000,
00000400,
00000000,
00050000,
00000000,
00040b00,
00000005,
00000000,
00020300,
00000600,
08000000,
00000000,
02000400,
00000000,
000c0000,
00000005,
00080000,
00010000,
01000000,
00000001,
050a0000,
00000000,
0000000a,
00000003,
00000000,
00000000,
0f000000,
00000001,
0a000001,
00010000,
00070000,
00000000,
000a0000,
00000300,
0a000000,
00000000,
00000000,
00000006,
00000000,
00000001,
03000000,
00000000,
09000000,
00000003,
03000000,
00150000,
02030000,
00000100,
01000000,
03000000,
00000000,
00010000,
00000000,
02000007,
06000200,
070b0004,
06000200,
07000501,
02000000,
00020100,
00050000,
00000000,
04000000,
00000000,
00000100,
00000000,
00000005,
000e0000,
00000000,
00000000,
04000300,
01070004,
00000301,
0c060700,
00000000,
00000400,
02070000,
00000000,
03000000,
00000001,
00000900,
00010003,
00000000,
00000000,
00000000,
00010000,
00040400,
00020000,
00000305,
07081704,
00000100,
00000f00,
0d060000,
00000805,
02000000,
00000000,
00040200,
080b0000,
0000001e,
00000a00,
00000000,
00000000,
00020300,
04000000,
00000004,
00000005,
00010500,
00000709,
00000000,
00000c00,
01000006,
00000000,
0d050100,
00000002,
00000000,
00000300,
00000000,
00040000,
0a000000,
0d000000,
00000005,
05000004,
06050400,
000c0000,
00000008,
00000400,
01000000,
05000000,
0b010400,
0000000d,
00000000,
00000000,
00000210,
00000100,
00020001,
0b030000,
00000209,
10070100,
0e000001,
00080500,
00080000,
00000009,
04010000,
00030404,
05000500,
01000008,
00000000,
00020000,
00080009,
01000009,
00000000,
0c010000,
01000307,
06030003,
0d000000,
00000002,
00050000,
00000000,
08020003,
00010003,
00000000,
080c0005,
00000003,
00010000,
00040000,
00000000,
00000000,
0d000000,
00000604,
02000003,
00000000,
00000007,
00020000,
00000000,
0a00000a,
02000004,
0000010b,
00060000,
00000000,
00000000,
00000000,
00000000,
01030003,
09000000,
0500000a,
00000002,
00000000,
00000003,
0d000000,
00000900,
0400000c,
00000004,
00000408,
00000000,
00000000,
00000004,
00000004,
00040300,
00080000,
04000000,
01000000,
00000103,
00040400,
04000000,
0d030000,
00010909,
02000001,
00000000,
02000200,
03000000,
00000000,
07000300,
01000000,
00070600,
02050000,
00000000,
00030102,
00000005,
00030105,
00000000,
00000a00,
00060900,
00040006,
00000000,
05000000,
05000000,
00000000,
04000000,
00000000,
00010600,
09000007,
01000000,
00040100,
00000003,
05000000,
00000100,
00000803,
00000000,
00060000,
04000000,
0c050000,
00000500,
00000000,
00000000,
00000100,
00000300,
0000000e,
00000000,
00030002,
00000000,
0c000000,
00000000,
00000006,
00030000,
00050100,
03030001,
08030003,
00000700,
01030000,
00000000,
00040101,
00000202,
00000002,
00000100,
00000000,
00000000,
04000000,
00000009,
01000001,
09040000,
01010000,
05040002,
00030002,
00010100,
00000800,
00000500,
00000000,
00020000,
00030000,
00000005,
00000000,
00000000,
05000000,
00020010,
01000005,
05000000,
01000000,
01000001,
00000000,
00030300,
00000500,
00000a02,
00000000,
00050000,
070d0000,
00000003,
00000008,
00000002,
00000001,
000a0000,
0000000b,
00000400,
02000000,
00000000,
00060000,
00030301,
00000000,
00000a00,
00000a00,
00000000,
010d0000,
00000000,
00000017,
00000004,
00040100,
00080200,
0000000b,
00000400,
03000000,
00000000,
00050000,
00030505,
00000000,
00000c08,
00000f00,
00000000,
000b0000,
00000400,
00000018,
00000002,
00040000,
00090000,
00000006,
00000300,
03000000,
00000002,
00030400,
00000006,
00000000,
0000160c,
00041000,
00000000,
00030000,
00000200,
00000019,
00000004,
00050100,
00070000,
00000004,
00000400,
01000000,
00000001,
00050500,
00010008,
00000000,
00001008,
00011000,
00000000,
00030000,
00000000,
0000001a,
00000005,
00050100,
00090000,
00000007,
00000200,
01000000,
00000001,
000a0000,
0003000c,
00000000,
00000709,
00021200,
00000000,
00090000,
00000100,
00000015,
00000005,
00020000,
000b0000,
00000007,
00000400,
02000000,
00000001,
00030000,
0000020a,
00000000,
00000509,
00001200,
00000000,
000b0000,
00000200,
00000014,
00000005,
00000000,
00090000,
00000006,
00000100,
02000000,
00000000,
00030100,
0001020a,
00000000,
00000709,
00021300,
00000000,
00060000,
00000000,
00040011,
00000004,
00000000,
00060000,
00000002,
00000100,
02000000,
00000000,
00060000,
0006000d,
00000000,
00000a06,
00061300,
00000000,
0000000e,
00000000,
00080008,
00000005,
00000000,
00000000,
00001200,
00000000,
00000000,
00000000,
07090000,
00030009,
00000300,
00000001,
00061000,
00000400,
00000015,
00000000,
00000007,
00000000,
05000000,
00000000,
00000500,
00030000,
00000500,
00000000,
0b050000,
00000400,
00010300,
00000000,
00000300,
00020700,
00000004,
00000001,
00000003,
00000000,
04000000,
03000000,
03000505,
01040000,
00020001,
00040000,
00030000,
00000400,
02000400,
00000200,
02020000,
00020600,
01000003,
00000003,
00000003,
00000000,
04000000,
04000001,
04000406,
01040000,
00020001,
01050000,
00030000,
00000400,
03000500,
00000300,
02020001,
00030600,
01000004,
00000003,
00000004,
00000000,
04000000,
04000001,
04000506,
01030000,
00030001,
01050000,
00040000,
00000400,
03000500,
00000300,
02020001,
00030600,
02000004,
00000003,
00000004,
00000000,
04000000,
03000001,
03000406,
02040000,
00030001,
01050000,
00030000,
00000400,
03000600,
00000200,
03030000,
00020500,
01000003,
00000003,
00000004,
00000000,
04000000,
02000002,
04000406,
02030000,
00020001,
02050000,
00030001,
00000200,
03000600,
00000200,
02020001,
00030600,
00000003,
00000002,
00000004,
00000000,
03000000,
03000002,
04000406,
02030000,
00020002,
02050000,
00030000,
00000300,
02000500,
00000001,
03030001,
00030600,
01000004,
00000002,
00000004,
00000000,
04000000,
01000000,
03000405,
00030000,
00020002,
01040000,
00030000,
00000400,
03000500,
00000100,
02030000,
00020700,
01000004,
00000001,
00000005,
00000000,
03000000,
02000000,
02000505,
02030000,
00020001,
00040000,
00040001,
00000400,
03000400,
00000200,
03020001,
00020700,
00000004,
00000002,
00000004,
00000000,
03000000,
03000001,
04000506,
02040000,
00020001,
00050000,
00040000,
00000300,
03000500,
00000200,
03020000,
00030700,
01000004,
00000004,
00000003,
00000000,
03000000,
04000002,
04000605,
02040000,
00020001,
00050000,
00030000,
00000400,
03000500,
00000100,
02010000,
00030700,
00000006,
00000004,
00000000,
00000000,
0a000000,
00000003,
00000900,
06070000,
00060000,
02000100,
00000000,
02050800,
01000200,
00000300,
00020003,
00000209,
00000000,
0400000a,
00000000,
00000000,
14000000,
00000012,
03000000,
00090001,
020a0000,
0a000300,
00000000,
01090100,
00000900,
00020000,
00000000,
00000001,
00000000,
09000001,
04000000,
00000005,
0000000a,
00000012,
0f040000,
00000600,
070c000b,
00000000,
00000000,
00000000,
00000b00,
00000300,
00000000,
00000200,
00000000,
02000000,
06000000,
0000000b,
00000000,
05000000,
08060000,
00000a02,
05090000,
00000000,
00000200,
00000000,
00000400,
00000000,
02040000,
00000000,
03000000,
00000000,
00000000,
0000000b,
00000100,
0c000000,
00070000,
00000b00,
09000005,
00000000,
00000600,
00010000,
00000000,
00000000,
00070100,
00000000,
09000000,
05000000,
00000001,
0008000c,
00000000,
0f000100,
00130000,
00000904,
09000000,
00000000,
00000800,
02020000,
00000000,
00000000,
00100605,
00000000,
00020000,
00000000,
00000200,
000d000d,
00040000,
05000302,
000f0000,
00000b07,
0a000004,
00000007,
00000d00,
09000000,
00000000,
00000005,
00100008,
00000200,
00000000,
00000000,
00000204,
00080012,
00070000,
00000000,
00050f00,
00000900,
03000000,
00000004,
00000000,
0000000a,
00000000,
00000002,
000d0004,
00050500,
07000013,
00000000,
00000000,
0000000d,
02000000,
00000000,
00000e00,
00000000,
00000000,
00000000,
0f0c0000,
00050000,
00000000,
00000000,
00080000,
00000000,
0000001d,
00000000,
00000000,
00000001,
0f000000,
00010000,
00000000,
0d000000,
00000000,
00000100,
08060000,
00080300,
00000000,
00000200,
00000000,
00000000,
00000100,
00000020,
00000000,
00020301,
00000000,
00000015,
00000001,
00000400,
03000000,
00000002,
00000000,
02110800,
00000a00,
00010000,
00030800,
00000000,
000a0000,
00000013,
00000100,
000c0006,
0000000f,
00000018,
02000001,
00000f00,
0a00000a,
00000000,
00000000,
00000000,
00000700,
00000400,
00000600,
00000000,
08060000,
00010000,
00000000,
0010000e,
00000003,
00000000,
00120000,
00000709,
08000003,
00000000,
03000800,
00010000,
00000000,
00000000,
000b0200,
00000000,
00000000,
00020000,
00000000,
0017040e,
00000000,
00000600,
000b0000,
0000000d,
08000000,
00000000,
00000a04,
000f0003,
00000000,
00000000,
00130000,
00001a04,
00000000,
00000000,
00040000,
00080011,
00000000,
00000000,
00001600,
00000002,
03000002,
00000000,
00000003,
00050000,
00000000,
00000000,
00130000,
00001508,
00000003,
00000000,
00000000,
00000009,
01000000,
00000000,
00000e00,
06000000,
00000000,
06000000,
00000000,
00020000,
01000000,
00000000,
00010000,
00010100,
00010000,
02000017,
00000000,
00000001,
09000000,
00020009,
00000002,
00000000,
00090000,
08000000,
00000000,
00010600,
01000500,
00000900,
00000000,
00000000,
00100000,
0400000c,
03000300,
00070002,
0005000c,
00010213,
02060000,
00060d06,
06000007,
00000005,
00000000,
03000000,
00000105,
00001000,
0000000d,
00020600,
00090000,
06000000,
000a0100,
00000009,
00090003,
00030000,
00070200,
00030f03,
0500000b,
01000000,
00000300,
00000003,
00000000,
00000000,
0004000e,
00031100,
00000000,
01000000,
00060000,
01000008,
00070000,
00010000,
00040600,
00000406,
00000003,
01000b00,
02000000,
00000001,
00000003,
00000000,
00050004,
0000120a,
03000001,
00000000,
00000000,
00000002,
07000000,
00000100,
00000400,
02000000,
00030008,
00000800,
00000000,
00000000,
00000000,
00000000,
00000000,
00010b03,
06000000,
00000000,
00000000,
00000000,
07000000,
03000000,
03000003,
07000000,
00050300,
03000000,
00010000,
00000500,
00000000,
00000000,
00000000,
00060600,
04000004,
00000002,
00010003,
00000000,
03000000,
04000000,
04000305,
01040000,
00040000,
00010000,
00030000,
00000400,
04000500,
00000100,
02010002,
00040500,
02000000,
00000001,
00000001,
00000000,
01000000,
01000000,
03000004,
05010000,
00050000,
00000000,
00070000,
03000300,
00000800,
00000400,
01000000,
00000400,
00000000,
00000000,
00000000,
00000000,
00000000,
01000000,
00000000,
04000000,
02050000,
00000000,
00080000,
00030000,
00000500,
00000b00,
00000000,
00000200,
02000000,
0002000d,
00000000,
00000000,
07000200,
00060000,
00000003,
00000200,
00080000,
00000000,
00020000,
00010000,
00000000,
00000000,
00000000,
00040a00,
00000003,
00000001,
00010300,
00000500,
08000000,
00000000,
02000300,
00000000,
000d0000,
01000004,
00070000,
00020000,
01000000,
00000100,
040b0000,
00000000,
0000000b,
00000002,
00000000,
00000000,
0e000000,
00000000,
06000005,
00000000,
00060000,
01000000,
000b0000,
00000000,
0a000000,
00000000,
00000000,
00000000,
00000004,
00000004,
01000004,
00000000,
0c000000,
00000002,
0d000003,
000d0000,
00030000,
00000000,
00020000,
06000000,
00000000,
01000000,
00000104,
05040006,
0a000000,
07050008,
09000000,
04000300,
05000000,
00010005,
00030002,
000c0000,
04000000,
00020300,
00000200,
00000000,
00000001,
00090000,
00000002,
00040000,
00000000,
00080000,
00000200,
0a0c0100,
00000000,
00010006,
010e0000,
00000101,
08000000,
00000000,
00000d00,
00000000,
00000000,
00000800,
00050000,
00020000,
00050000,
00060000,
00000000,
00101009,
00000000,
00000000,
0a0d0000,
00001004,
02000000,
00000000,
00000200,
05040002,
0000091a,
00000000,
00000000,
00000000,
00000000,
06000000,
00000200,
00001707,
00000400,
00001300,
00090000,
00000e03,
00010002,
00000000,
0a010200,
02030000,
0000000c,
00000000,
00000000,
00000100,
01010000,
0c000000,
00000004,
00000005,
00090900,
00040200,
00060003,
00000800,
0004000a,
00000500,
03000700,
0000000d,
00000000,
00000000,
00000011,
00010200,
06000000,
0b020000,
00000007,
0d010000,
0c000000,
00020200,
00050300,
00000109,
03020000,
05000003,
03000600,
0000000d,
00000000,
00000000,
0002010b,
00000001,
00000000,
0b020000,
00000309,
09030000,
0d000006,
00000200,
00060000,
00000000,
05030003,
00030002,
03000300,
02080005,
00000000,
00000000,
00020002,
00000000,
00000000,
0d000000,
00000500,
05000003,
00000000,
00000000,
00040000,
00000000,
09000002,
00000003,
00000000,
00090000,
00000000,
00010000,
00000000,
00000000,
00000005,
0b000000,
07000309,
00000003,
00000000,
00000007,
0b000000,
00000300,
0500000b,
00000009,
00000505,
00000000,
00000000,
00000000,
00000008,
00000001,
00050000,
07000000,
04000202,
00000003,
00010100,
02000000,
0c010000,
00010804,
01000004,
00000001,
00000200,
00000000,
00000000,
03000000,
00000000,
00060200,
00050000,
00000000,
00030101,
00000006,
00030004,
00000000,
00000900,
00080900,
00040005,
00000000,
03000000,
02000000,
00000000,
04000000,
00000000,
000a0300,
09000005,
03000000,
00010100,
00000006,
00000000,
00000000,
00000802,
00000000,
00030000,
02000000,
0c040000,
00000100,
00000000,
00000000,
00000000,
00000300,
03000017,
00000000,
00010003,
00000000,
0d000000,
00000000,
00000003,
00000000,
00040100,
02000001,
0a060001,
00000600,
00020300,
00000100,
00040002,
00000001,
00000003,
00000001,
00000000,
00000000,
05000000,
00000006,
00000000,
09050000,
01040000,
07010001,
00000000,
00030000,
00000500,
00000800,
00000001,
00000000,
00040000,
0000000d,
00000300,
00000000,
00000001,
00000018,
00000007,
00030100,
02000001,
05000000,
00000000,
00040000,
00000600,
00000a00,
00000000,
00000000,
060a0000,
00000001,
00000702,
000f0004,
0002000b,
0000000d,
0000000e,
00000900,
01000000,
00000000,
00000000,
00020000,
00000000,
00001200,
00000006,
00000000,
010c0000,
00000000,
00000714,
00110006,
00090000,
00010000,
0006000e,
00000600,
00000000,
00000000,
00000600,
00010009,
00000000,
00000d0a,
00020009,
00000000,
00060000,
00000000,
00000019,
00120005,
000e0000,
00030000,
0006000e,
00000800,
00000000,
00000000,
00000c00,
0000000e,
00000000,
00000213,
00080006,
00000000,
00070000,
00000000,
0000041b,
00100005,
00100000,
00010000,
00030009,
00000700,
00000000,
00000000,
00000f00,
0000000e,
00000000,
00000312,
0008000b,
00000000,
00080000,
00000000,
0000091c,
000d0003,
000f0000,
00020000,
0001000a,
00000100,
00000000,
00000000,
00000800,
00000010,
00000000,
0000020b,
00090204,
00000000,
00080000,
00000000,
0000051b,
00080006,
00090000,
00020000,
0000000a,
00000400,
00000000,
00000000,
00000200,
0001000b,
00000000,
0000010c,
00000004,
00000000,
00070000,
00000000,
0000011a,
00060006,
00070000,
00030000,
0000000d,
00000200,
00000000,
00000000,
00000300,
00020008,
00000000,
0000020e,
00050006,
00000000,
00060000,
00000000,
00000213,
00090005,
00070000,
00030000,
0000020a,
00000200,
00000007,
00000000,
00000000,
0008000e,
00000000,
00000006,
000a0005,
00000300,
00000000,
00000000,
00000008,
00000005,
00010000,
00000000,
00001f02,
00000100,
00000007,
00000000,
00000000,
0007000e,
00000000,
00000000,
00070000,
00000a00,
00000017,
00000000,
00000004,
00000000,
07000000,
00000000,
01000100,
05000000,
00000800,
00000000,
08020000,
00000400,
00010000,
00000000,
00000000,
00030600,
01000005,
00000002,
00000004,
00000000,
05000000,
02000000,
02000405,
01040000,
00030001,
01040000,
00020000,
00000300,
03000600,
00000100,
02010001,
00030600,
01000003,
00000004,
00000004,
00000000,
04000000,
03000001,
03000406,
01040000,
00020001,
02050000,
00030000,
00000300,
03000500,
00000300,
03020002,
00030700,
01000004,
00000003,
00000004,
00000000,
04000000,
03000001,
03000506,
01040000,
00020001,
01050000,
00030000,
00000300,
04000500,
00000200,
04030002,
00040600,
02000004,
00000003,
00000004,
00000000,
05000000,
03000000,
03000505,
01040000,
00030001,
02050000,
00020000,
00000400,
04000400,
00000100,
04020001,
00040500,
01000003,
00000002,
00000003,
00000000,
04000000,
03000001,
03000406,
01040000,
00020000,
01050000,
00020000,
00000400,
03000300,
00000000,
03020002,
00040702,
00000003,
00000001,
00000003,
00000000,
05000000,
03000001,
04000505,
02040000,
00020001,
01040000,
00010000,
00000500,
03000400,
00000000,
03020002,
00050701,
01000003,
00000001,
00000003,
00000000,
05000000,
01000000,
03000405,
01040000,
00020001,
01040000,
00020000,
00000500,
04000400,
00000100,
02020001,
00030600,
01000004,
00000002,
00000004,
00000000,
04000000,
03000000,
02000405,
01030000,
00020001,
02040000,
00020000,
00000400,
03000400,
00000100,
03020001,
00020700,
00000004,
00000003,
00000004,
00000000,
04000000,
04000000,
03000606,
01030000,
00020001,
01050000,
00030000,
00000200,
03000500,
00000100,
03030001,
00030700,
00000005,
00000004,
00000003,
00000000,
03000000,
04000001,
03000605,
01040000,
00030001,
01050000,
00030000,
00000400,
04000500,
00000000,
03020000,
00040700,
00000007,
00000002,
00000000,
00000000,
08000000,
00000002,
00000a00,
03080000,
00060000,
00000000,
00000000,
00050900,
03000300,
00000000,
00010001,
00000108,
00000000,
0300000a,
00000000,
00000000,
11000000,
00000013,
02000000,
00080000,
020b0000,
0c000000,
00000000,
000a0600,
00000d00,
00010000,
00000000,
00000003,
00000000,
06000003,
02000100,
00000003,
0000000a,
00000019,
11000000,
00000600,
060b000b,
00000000,
00000000,
00000000,
00001100,
00000000,
00000000,
00000000,
02000000,
04000000,
00000000,
0000000c,
00000305,
08000000,
05030000,
00000b00,
09030002,
00000000,
00000100,
00000000,
00000900,
00000000,
00000000,
00000000,
04000000,
00000006,
00000000,
0002000b,
00000200,
06000000,
00080000,
00000c00,
0c000007,
00000000,
00000800,
00090000,
00000000,
00000000,
00020b00,
00000000,
0e000000,
0600000b,
00000000,
000c000b,
00060002,
09000600,
001b0000,
00000900,
07000000,
00000000,
01000b00,
09000000,
00000000,
00000003,
0009060b,
00000000,
00000000,
06000000,
00000300,
000f000b,
000d0000,
02000a00,
001a0000,
00000808,
09000000,
0000000a,
04000f00,
07000000,
00000003,
00000000,
00150011,
00000000,
00000000,
00000000,
00000601,
0006000f,
000c0000,
00000000,
00080900,
00000d00,
05000009,
00000008,
00000800,
00000007,
00000000,
00000007,
00100009,
000b0200,
0e000009,
00000000,
00000000,
00000010,
00000000,
00000000,
00001400,
00000400,
00000000,
00000000,
05040000,
0008000c,
00000000,
00000000,
000a0000,
00000000,
0200001e,
00000000,
00000000,
00000603,
12000000,
00000000,
00000000,
00000000,
00000000,
00000400,
0a0b0000,
00110200,
00000000,
00000000,
00000400,
00000000,
00000300,
00070023,
00000000,
010c1003,
00000000,
00000c0e,
00000000,
00000000,
06000000,
00000001,
00000000,
03180000,
00000500,
00010000,
00000a00,
00000000,
00050000,
050a0005,
00000000,
00120005,
0002000c,
00000017,
00050000,
00001100,
0a000006,
00000000,
00000100,
00000000,
00000102,
00000000,
00000400,
00040000,
03010000,
03000000,
00000000,
0010000b,
00080000,
00000000,
00130000,
00000b07,
05000000,
00000000,
00000b00,
00000000,
00000005,
00000000,
000a0007,
000b0f00,
00020000,
00080000,
03000000,
00110210,
00000000,
00020200,
00120400,
00000b0d,
00000000,
00000000,
00000000,
04070001,
00000010,
00010000,
00150000,
00001d02,
00000000,
00000000,
000b0100,
0000000b,
00000000,
00000000,
00001100,
00000500,
00000004,
00000000,
00000000,
00060004,
02000000,
00000000,
00080000,
00000805,
00000001,
00000000,
00000000,
00000003,
10000000,
00010000,
00000000,
07000000,
00060000,
0b000000,
00000000,
00070000,
03000000,
00000000,
00000000,
00000000,
00040000,
03000014,
00000100,
00000000,
0e000001,
00040012,
00000000,
00000000,
00060002,
02000004,
00000000,
00030000,
00000400,
00000500,
00000608,
00000000,
000c0000,
06000004,
08010400,
00060103,
00030009,
00000009,
00080000,
00000905,
04000007,
0500000b,
00000000,
00000000,
00000009,
00000400,
0004000c,
00000a00,
00020000,
03000000,
090c0100,
00000008,
000c0003,
00000000,
00030b00,
00050f04,
0400000f,
03000003,
00000500,
00000000,
00000000,
00000000,
0006000f,
00001a04,
01000000,
00000000,
01020000,
00000006,
00020000,
00000000,
00000a00,
00010701,
0002000b,
00000600,
01000000,
00000000,
00000000,
00000000,
00000000,
00000f05,
08000002,
00000000,
00000000,
00000000,
08000000,
00000400,
00000000,
04000000,
00050002,
01000100,
00000000,
00000100,
00000000,
00000000,
00000000,
00020900,
03000003,
00000002,
00000001,
00000000,
04000000,
05000000,
02000206,
03000000,
00040400,
04000000,
00020000,
00000600,
03000200,
00000000,
00000000,
00030600,
02000002,
00000002,
00000003,
00000000,
02000000,
04000001,
04000205,
02030000,
00030100,
00000000,
00040000,
00000200,
03000700,
00000100,
02000001,
00010400,
01000000,
00000001,
00000000,
00000000,
01000000,
00000000,
01000003,
06000000,
00050000,
00000000,
01050000,
03000000,
00000700,
00000700,
00000000,
00000300,
00000000,
00030001,
00000000,
00000000,
00000000,
00010001,
00000200,
03000000,
04040000,
03000000,
00030000,
00030000,
00000000,
00000700,
00000000,
00000000,
00000000,
00040012,
00000000,
02000000,
04000500,
00040000,
00000003,
00000800,
000b0001,
04000400,
00030004,
00030000,
00000000,
00000000,
00000000,
00000300,
00020003,
00000000,
00000300,
01000000,
06000000,
00000000,
00000200,
00000000,
020b0000,
05000003,
00050000,
00020000,
00000000,
00000100,
000a0000,
00000000,
0000000e,
01000000,
00000000,
00000200,
0d000000,
00000000,
02000004,
00000000,
00070000,
02000000,
000b0000,
00000000,
04000000,
00000000,
00000000,
00010001,
00000006,
01000001,
02000006,
00000000,
0d000400,
00000000,
0c000005,
06000000,
00050000,
01000000,
00040000,
05000000,
00000000,
00000000,
03000005,
02010007,
05000000,
02050005,
08000002,
02010000,
0d000100,
00000001,
01000000,
00070000,
03000000,
00040100,
00000200,
02000000,
00000000,
00040000,
00000005,
00010008,
00030000,
05010002,
0a000000,
090e0503,
00000009,
00000011,
00080000,
00000400,
0a000000,
00000000,
00000702,
00030000,
00000000,
00000000,
00030003,
00000002,
000a0000,
02000000,
00000000,
00180207,
00000008,
00000000,
06060000,
00000e00,
08000004,
00000000,
00000800,
03000006,
00000000,
00000000,
00000000,
00000a05,
00060000,
08000000,
01000000,
00071409,
00000000,
00001900,
000b0700,
00000509,
00040000,
00000000,
04000000,
10030000,
00000013,
00000000,
00000000,
00000509,
00030000,
0c000000,
00000000,
00000005,
00070100,
00070209,
00040003,
00000504,
0204000d,
00000000,
02000500,
00000003,
00000004,
00000000,
00000008,
00000000,
07020000,
08000000,
00000008,
0f000000,
03010000,
01070000,
00010103,
00000107,
05000001,
0a000000,
00000a06,
0000000a,
00000000,
00000000,
0000070e,
00000000,
00000000,
08040000,
0000060e,
0e050000,
08000000,
00010600,
00060400,
00000002,
06010000,
00010006,
00000200,
04050008,
00000000,
00000000,
00080508,
03000004,
00000000,
0a000000,
00000404,
06020003,
04000002,
00000000,
00060000,
00000000,
08000000,
00000000,
00000000,
000a0004,
00000000,
00000000,
00000000,
00000000,
00000005,
0c000000,
00000701,
00000001,
00000001,
00000003,
07000000,
00000000,
08000006,
04000008,
0000050f,
00000000,
00000000,
00000000,
00000004,
00000000,
00010000,
09000000,
09000204,
00000002,
00000000,
00000000,
0b000000,
00010506,
02000003,
00000002,
00000100,
00000000,
00000000,
02000000,
00010000,
00000101,
00050000,
02000000,
01000400,
00000004,
00000002,
00000004,
04000600,
00070800,
02040007,
00000000,
02000000,
01000000,
00000000,
06000000,
00000000,
000b0300,
07020000,
03000000,
00000200,
00000006,
00010000,
00000000,
00000900,
00010100,
01030002,
00000000,
0a020000,
00000100,
00000000,
00000000,
00000000,
00000200,
0600001b,
01000000,
00010100,
00000000,
0b000000,
00000000,
00000002,
00000000,
00050000,
02000001,
0b080000,
00000600,
00000000,
00000000,
00010000,
00000000,
00000004,
00000000,
00000000,
00000000,
08000000,
00000006,
01000400,
05050000,
02040000,
08030003,
00000000,
00040100,
00000000,
00000300,
00030005,
00000005,
00030000,
0400000d,
00000000,
00010000,
06000001,
00000013,
02000003,
000a0300,
06030000,
07000000,
05000000,
00050000,
00000000,
00020000,
00020003,
00000002,
0c080000,
07000000,
00000500,
000d0005,
00040018,
0000000a,
00070008,
00000900,
0a000006,
00000000,
00000000,
00000000,
00000000,
00000000,
00040005,
00000002,
02000000,
00000000,
00000703,
00160007,
00080000,
04000000,
000f0007,
00000700,
08000000,
00000000,
00001100,
00000000,
00000000,
00000004,
0008000c,
0000000c,
00000000,
00000000,
00000303,
00180008,
000c0003,
0c000200,
00110006,
00000307,
05000000,
00000000,
00000e00,
01000003,
00000000,
01000009,
000d0009,
0000000c,
00000000,
00000000,
00000602,
00130008,
000c0004,
0d000002,
00110001,
0000060a,
07000003,
00000000,
00001300,
00000000,
00000000,
0000000b,
000b000f,
00000008,
00000000,
00000000,
00000402,
00140006,
000d0003,
13000000,
000f0000,
00000209,
06000002,
00000000,
00001100,
00000004,
00000000,
0000000c,
0010000d,
00000000,
00000000,
00010000,
00000405,
00110006,
00030009,
09000000,
00070300,
00000a0d,
03000002,
00000000,
00000e00,
00000000,
00000000,
00000006,
000c0200,
00000000,
00000000,
00000100,
00000006,
000a0008,
00000000,
00000000,
00000000,
00000508,
00000001,
00000000,
00000a00,
00000000,
00000000,
0000000f,
00050200,
00000000,
00030000,
00000000,
00000003,
000a000a,
00010000,
00030000,
00000000,
00060904,
02000001,
00000000,
00000100,
00030000,
00000000,
00000001,
00050002,
00000e01,
00040000,
00000400,
00030002,
00000009,
00040000,
00000000,
00002500,
00000200,
00000005,
00000000,
00000000,
00010000,
00000000,
00000000,
00030000,
00000c03,
0100000f,
00000000,
00000000,
00000000,
0c000000,
00000000,
00000000,
09000000,
00050500,
00000000,
09000000,
00000500,
00000000,
00000000,
00000000,
00030700,
01000004,
00000002,
00000003,
00000000,
04000000,
03000000,
03000405,
01050000,
00030001,
01040000,
00020000,
00000300,
04000600,
00000100,
02010000,
00040600,
01000003,
00000004,
00000003,
00000000,
03000000,
04000001,
03000405,
01050000,
00030000,
02050000,
00020000,
00000500,
04000600,
00000100,
03020002,
00030600,
01000003,
00000003,
00000003,
00000000,
03000000,
04000002,
03000505,
02040000,
00030001,
02050000,
00020000,
00000300,
05000500,
00000000,
04020003,
00040500,
01000004,
00000003,
00000004,
00000000,
04000000,
04000000,
04000506,
01040000,
00030000,
02060000,
00030000,
00000300,
04010400,
00000200,
04030002,
00040600,
02000004,
00000002,
00000003,
00000000,
04000000,
03000000,
02000505,
00040000,
00020000,
01050000,
00040000,
00000300,
03000500,
00000100,
02030001,
00040600,
00000005,
00000002,
00000003,
00000000,
04000000,
02000001,
03000505,
01040000,
00020001,
01040000,
00020000,
00000400,
04000500,
00000100,
03020001,
00040600,
00000003,
00000001,
00000003,
00000000,
04000000,
02000002,
03000406,
01040000,
00020002,
01040000,
00030000,
00000300,
03000500,
00000000,
02010002,
00050600,
01000003,
00000003,
00000003,
00000000,
03000000,
03000001,
02000506,
01040000,
00010001,
01040000,
00020000,
00000300,
03000500,
00000000,
02020001,
00030600,
01000004,
00000004,
00000003,
00000000,
03000000,
03000000,
02000606,
01040000,
00020001,
02060000,
00030000,
00000200,
03000500,
00000000,
03030001,
00020700,
00000005,
00000004,
00000003,
00000000,
04000000,
04000001,
03000605,
01040000,
00030001,
01060000,
00040000,
00000300,
03000500,
00000000,
03020000,
00050600,
00000004,
00000003,
00000000,
00000000,
06000000,
00000003,
00000800,
01090000,
00060000,
00000000,
00030000,
00030900,
04000300,
00000200,
00020000,
00000104,
00000000,
0200000b,
00000000,
00000000,
11000000,
00000013,
01000000,
000a0000,
020a0000,
0c000000,
00000000,
000a0900,
00000d00,
00000000,
00020000,
00000006,
00000000,
03000003,
06000300,
00000001,
00000006,
0000001d,
10000000,
00000300,
070b000e,
03000000,
00000000,
00000000,
00000e00,
00000400,
00000000,
00000000,
01000000,
02000000,
00000000,
0000010c,
00000106,
02000000,
08050000,
00000800,
0a050007,
00000000,
00000000,
00010000,
00000300,
00000000,
00020000,
00000000,
0a030000,
00000002,
00000000,
000c0a0c,
00000000,
00000000,
00100000,
00000400,
0d000000,
00000000,
00000300,
090c0000,
00000000,
00000000,
00060200,
00000000,
0d030000,
04090003,
00000001,
0013000c,
00020003,
00000700,
00220000,
00000b00,
08000000,
00000000,
00000800,
03000000,
00000003,
00000000,
000b0000,
00000000,
00000000,
01000000,
00000404,
0011000b,
000a0000,
00000400,
001e0000,
00000709,
07000000,
0000000c,
08000c00,
09000000,
00000005,
00000000,
0013000c,
00000000,
00000000,
00000000,
00000302,
00040010,
00090000,
00000009,
000d0a00,
00000b00,
0800000c,
0000000d,
05000400,
00000000,
00000201,
00000003,
00190008,
00000d00,
0a000000,
00000000,
00000000,
00000010,
00000000,
00000000,
00001800,
00000b00,
0200000d,
00000000,
00000000,
00020003,
00000000,
00000000,
00080000,
00000700,
06000014,
00020000,
00000000,
00000704,
09000000,
00000500,
00000000,
00000000,
00040000,
00000600,
07060000,
00140200,
00000000,
00000000,
00000300,
00000000,
00020900,
00110017,
00000000,
030e1004,
00000000,
0000170d,
00050000,
00000000,
06070000,
00000000,
00000000,
06120000,
00000200,
00060000,
00000100,
00000000,
00000000,
07020000,
00000100,
00150004,
00040005,
0000001c,
000b0000,
00000a00,
05000002,
00000000,
00000800,
00000000,
00000200,
00000000,
00000006,
00000002,
00030000,
03000000,
02000002,
000e000d,
000a0003,
03000000,
000d0000,
00010b03,
02000000,
00000000,
00000e00,
00000000,
00000000,
00000010,
000f0011,
00001200,
00000000,
00000000,
06060000,
000d000d,
00000000,
00000000,
00051200,
00000e05,
00000004,
00000000,
00000000,
02000009,
00000000,
00000000,
000d0009,
00001c15,
00000000,
00000000,
00040000,
00000008,
02000000,
00000000,
00001100,
00000001,
00000001,
04000000,
00000000,
00040005,
00000000,
00000000,
00100000,
00000a04,
00000000,
01000000,
00000000,
00000001,
10000000,
00000000,
00000000,
08000000,
00090000,
0b000000,
00000000,
00040300,
02000000,
00000000,
00000000,
00000000,
00040000,
0100000d,
03000700,
00000500,
0a000000,
00030013,
01000000,
00000000,
00030000,
0500000b,
00000300,
02020000,
00000000,
00060a00,
00000005,
00020000,
00070000,
04000000,
02040000,
00060109,
0000000a,
00020005,
00030000,
00000c01,
00000000,
00000004,
00000001,
00000000,
0a00000c,
00000000,
00000007,
00001401,
00000000,
00000000,
040c0000,
0000000b,
00040000,
00000000,
00000f00,
00000e08,
00000008,
00000200,
00000100,
00000000,
00000003,
00000000,
00000009,
0000180c,
02000000,
00000000,
01000000,
04000004,
04000000,
00000200,
00000a00,
00000001,
0000000a,
02000a00,
00000001,
01000000,
00000000,
00000000,
00000000,
00000d04,
04000000,
00000000,
00000000,
00000000,
06000000,
04000200,
02000103,
06000000,
00070001,
03000000,
00020002,
00000700,
02000000,
00000000,
00000000,
00040800,
02000005,
00000002,
00020003,
00000000,
04000000,
06000000,
02000206,
04030000,
00040200,
01010000,
00040000,
00000600,
04000300,
00000000,
01000003,
00010601,
01000001,
00000001,
00000003,
00000000,
02000000,
04000000,
05000105,
03020000,
00040100,
00000000,
00040000,
01000300,
02000600,
00000100,
02000000,
01010800,
00000000,
00020000,
01000000,
00000000,
00000000,
00000000,
00000101,
06000000,
00060000,
00000002,
00030000,
03000000,
00000400,
00020700,
00000000,
00000700,
00000000,
00020006,
00000000,
00000000,
00000000,
00040002,
00000000,
00030000,
05050000,
02000000,
00000000,
00000000,
00000000,
00000000,
00000000,
00000000,
00000000,
00040017,
00000000,
09000000,
00000900,
00040000,
00000003,
00000500,
00080004,
03000900,
00000001,
00020000,
03000000,
00020000,
00000000,
00000000,
00020001,
00020000,
00000000,
05000000,
00000400,
00000000,
00000200,
00000000,
06040004,
05000001,
00020507,
00050000,
00000000,
00000000,
000a0e00,
00000000,
04000015,
01040000,
00000001,
00000000,
0c000000,
00000000,
02000000,
00000000,
00040000,
00000000,
000c0003,
00040000,
00000000,
00000000,
00000200,
01040001,
00000003,
02000000,
01000004,
01000000,
0d000500,
00000000,
07000006,
08000000,
00050000,
01000000,
000a0000,
03000000,
00000000,
00000000,
02000003,
01040003,
00010000,
00020000,
00000003,
00000000,
11000000,
00000000,
06000000,
00020000,
00040000,
00000200,
00000000,
07030000,
00000000,
00000000,
00000004,
0000000a,
00000000,
00000002,
0e000000,
02080506,
0b000000,
00000105,
00070000,
00000000,
06000000,
00000100,
00000000,
000d0000,
0000000c,
00000000,
00000000,
0000000b,
00060000,
04000000,
02000000,
00130b04,
0000000b,
00000605,
000b0000,
00000800,
08000004,
00000500,
00000b0d,
00070000,
00000000,
00000000,
00000100,
00001202,
00020000,
09010000,
05000000,
000a0308,
00000000,
00001300,
02060600,
00000003,
00080000,
00000000,
00000000,
13000000,
0000000d,
00000000,
00000000,
00000808,
00000000,
0b000000,
04000000,
00000001,
0b030000,
00090004,
00030000,
00000004,
01010007,
00000000,
04000400,
00000000,
00000007,
00000000,
00000000,
00000000,
03000000,
07050000,
00000003,
10000000,
00000300,
000b0000,
00050200,
00000007,
03000005,
0b000102,
00000b0d,
00000002,
00000000,
00030000,
00020305,
00000000,
00000000,
05070000,
00000306,
09040000,
02000000,
00050100,
00060900,
0000020a,
05020000,
00000004,
00000811,
03000004,
00000000,
00000000,
000b0005,
01000000,
00000000,
08000000,
00000700,
01050002,
04000003,
00000000,
00060200,
00000200,
03000000,
00000003,
00000000,
06080009,
00000007,
00000000,
00010000,
00000000,
00000000,
05000000,
00000900,
05000002,
09000000,
00000000,
00000000,
00000000,
06000004,
00000005,
00000007,
00000000,
00000000,
00000000,
00010000,
00000000,
00000000,
08000000,
03000105,
00000003,
00000002,
00000000,
0b000000,
00010400,
04000005,
02000002,
0000000a,
00000000,
00000000,
00000000,
00010000,
00000101,
00030000,
05000000,
05000402,
00000002,
00010000,
00000004,
06000500,
00090503,
03000004,
00000000,
01000000,
02000000,
00000000,
03000000,
01000000,
00060700,
01070000,
02000000,
00040000,
00000006,
00010000,
00000000,
00000a00,
00060500,
01020008,
00000000,
07000000,
00000000,
00000000,
00000000,
00000000,
00000500,
08000011,
03000000,
00040000,
00000002,
09000000,
00000000,
00000003,
00000000,
00030000,
01000000,
0c070000,
00000100,
00000000,
00000000,
00000000,
00000000,
00000009,
01000000,
00000000,
00000000,
09000000,
00000004,
00000101,
01040000,
01040000,
07020003,
00040001,
00040100,
00000000,
00000300,
00020006,
00000000,
00010000,
0500000c,
00000100,
00010000,
08000000,
00000010,
05000005,
00050600,
05020002,
00000000,
05000000,
02050000,
00000200,
00010000,
04040105,
00000000,
0a050000,
09000000,
00000200,
000e0006,
0000000d,
00000004,
000f0005,
00000800,
0b000004,
00000000,
00000000,
00040000,
00000000,
00000000,
00050005,
00000003,
00000000,
01000000,
00000400,
060d0009,
00050000,
02000e00,
00150004,
00000400,
0d000000,
00000000,
00000e01,
00060000,
00000000,
00000000,
000f0000,
00000002,
00000000,
00050000,
00000500,
000b0005,
00050000,
01000e00,
00130006,
00000005,
08000002,
00000000,
00000a03,
04010000,
00000000,
00000008,
00070000,
0000000b,
00000000,
00050000,
00000700,
000f0004,
00030000,
09000d00,
00150008,
0000020b,
0b000004,
00000000,
00000900,
00000000,
00000000,
00000003,
00090001,
0000000d,
00000000,
00050100,
00000300,
000d0006,
00000000,
0c000600,
00150002,
00000005,
0b000007,
00080000,
00001000,
00000000,
00000000,
0000000f,
00120003,
0000000a,
00000000,
00070000,
00000000,
03120407,
00000002,
06001100,
00170000,
00000107,
0a000005,
00000000,
00000b00,
00040001,
00000000,
00000004,
00160300,
00000000,
00000000,
00060000,
00000400,
00100007,
00000000,
00000d00,
000b0000,
00000004,
07000002,
00000001,
00000a0c,
00040003,
00000000,
00000010,
000f0900,
00000002,
00000000,
00000000,
00000100,
00090008,
00000000,
00000000,
00000200,
00000300,
04000005,
00000000,
00000002,
00020000,
00000503,
00000001,
00050000,
00000a05,
00020000,
00000000,
00050200,
00000007,
00000000,
00000000,
00001f00,
00000000,
00000006,
00000000,
03000000,
00000000,
00000000,
00000000,
00000000,
00000901,
02000012,
00000000,
00000000,
00000000,
0b000000,
00000000,
00000002,
03000000,
00080400,
01000000,
05000000,
00000700,
00000100,
00000000,
00000000,
00030601,
01000005,
00000003,
00000002,
00000000,
03000000,
04000001,
02000305,
00050000,
00030001,
02030000,
00020000,
00000300,
04010600,
00000100,
02000000,
00030600,
02000002,
00000004,
00000002,
00000000,
03000000,
04000001,
03000406,
01050000,
00020001,
01050000,
00020000,
00000500,
02000600,
00000000,
02020001,
00020500,
00000002,
00000004,
00000003,
00000000,
02000000,
04000002,
03000506,
01040000,
00020001,
02060000,
00030000,
00000300,
03000500,
00000100,
03020002,
00030500,
00000003,
00000002,
00000004,
00000000,
03000000,
04000002,
03000506,
00040000,
00020002,
02060000,
00030001,
00000200,
03000400,
00000101,
03030002,
00030600,
01000004,
00000002,
00000004,
00000000,
04000000,
02000000,
03000505,
01040000,
00020000,
01050000,
00040000,
00000300,
03000400,
00000000,
02030001,
00030600,
01000004,
00000003,
00000003,
00000000,
03000000,
03000000,
03000505,
01040000,
00020000,
01050000,
00030000,
00000400,
04000500,
00000100,
02020000,
00020500,
00000004,
00000004,
00000004,
00000000,
03000000,
03000002,
03000405,
01040000,
00020001,
01050000,
00030000,
00000300,
03000500,
00000000,
02010000,
00020600,
01000003,
00000003,
00000003,
00000000,
02000000,
03000002,
03000506,
01040000,
00020002,
01050000,
00030000,
00000200,
01000500,
00000100,
01000002,
00040700,
01000003,
00000003,
00000003,
00000000,
02000000,
04000000,
03000606,
00040000,
00030001,
01060000,
00030000,
00000300,
03010400,
00000000,
03030001,
00040700,
00000004,
00000003,
00000002,
00000000,
03000000,
03000001,
03000506,
01040000,
00030000,
01060000,
00030000,
00000400,
03000500,
00000100,
02020001,
00050700,
00000003,
00000002,
00000001,
00000000,
06000000,
00000002,
01000800,
02080000,
00060000,
00000000,
00030000,
00010900,
03000400,
00000200,
00020001,
00000100,
00000000,
03000009,
00000000,
00000000,
11000000,
00000012,
00000000,
000b0000,
02080000,
0b000000,
00000000,
00080900,
00000900,
00000400,
00000001,
00000002,
00000000,
04000004,
02000400,
00000001,
00000002,
0000001c,
0c000000,
00000300,
0608000c,
07000000,
00000000,
00000000,
00000b00,
00000100,
00020000,
00000000,
00000000,
02000000,
02000000,
0000000b,
0000000c,
00000000,
0c030200,
00000a00,
0c06000b,
00000000,
00000000,
00000000,
00000000,
00000000,
00000000,
00000000,
0c010000,
00000002,
00000000,
000f000f,
00000000,
00000000,
00110200,
00000a00,
08000000,
00000000,
00000500,
0d070000,
00000000,
00000000,
00000000,
00000000,
17000000,
09020001,
00000000,
001d000c,
00030003,
00000500,
00220000,
00000b00,
07000000,
00000001,
00000b00,
00040000,
00000000,
00000000,
000e0000,
00000000,
00000000,
03000000,
00000200,
001d020f,
00040000,
00000100,
001f0000,
00000708,
07000000,
00000008,
00000b00,
06020000,
00000002,
00000002,
00180002,
00000000,
00000000,
00000000,
00000001,
00030011,
00030000,
00000007,
060d0a00,
0000090a,
08000008,
00000005,
08000500,
00000000,
00000c02,
00000000,
00130001,
00000900,
06000000,
00000000,
00000002,
00000011,
00000000,
00000000,
00001200,
00000c00,
04000010,
00000000,
00000000,
00030000,
00000000,
00000000,
00040000,
00000200,
0e000014,
00000000,
00000000,
00000608,
0a000000,
00000900,
00000000,
00000000,
00040000,
00000200,
060e0000,
06150000,
00000000,
00000000,
00000000,
0000000d,
00080c00,
070a0007,
00000000,
03090c03,
00000002,
00001911,
00070000,
00000000,
04080000,
00000000,
01000000,
070c0000,
00000000,
00040000,
00000000,
00000000,
00030000,
0a000000,
00000300,
000f0003,
000f0003,
00000018,
000c0000,
00000700,
05000004,
00000000,
00000c00,
00000000,
00000302,
00000000,
0000000e,
00000100,
00020000,
00000000,
00000300,
0003000a,
00110000,
0b010000,
00070300,
00000c09,
00000009,
04000000,
00000400,
00000003,
00000004,
0002000a,
000a0013,
00001e0a,
00000000,
00000000,
00070400,
00000008,
00040000,
00020000,
00001600,
00000501,
00000012,
00000800,
00000000,
03000006,
00000000,
00000000,
0001000c,
0000180a,
00000000,
00000000,
00000000,
00000006,
0c000000,
00000000,
00000d00,
00000000,
00060002,
07000100,
00000000,
00020300,
0a000000,
00000000,
00000000,
00090600,
00000003,
00000004,
00000000,
00000000,
0c000000,
00020000,
00000000,
01010000,
000d0000,
01000400,
00000000,
00030a00,
09000000,
00000000,
00000000,
00070002,
00000000,
00000005,
0d000000,
00000002,
00000000,
0000001a,
00000000,
00040000,
00000000,
06000004,
00000000,
00030000,
00000100,
00090000,
00000001,
00000d09,
00000000,
00000000,
100f0000,
00010009,
00000000,
0000001b,
00000000,
00000b00,
0000000d,
00000100,
00000000,
00000000,
00000000,
00000000,
0000000c,
00001e13,
00000000,
00000000,
04060000,
00000009,
00000000,
00000000,
00001000,
00000001,
00000008,
05000900,
00000000,
00000000,
00000000,
00000000,
00000005,
0000120a,
01000000,
02000000,
00000000,
01000002,
05000000,
00000000,
00000902,
00000000,
00000002,
09000100,
00000000,
00000100,
00000000,
00000000,
00000000,
00040900,
03000002,
00000000,
00000002,
00000000,
05000000,
02000000,
04000006,
05000000,
00050000,
00000001,
00050001,
00000400,
03000000,
00000000,
01000000,
00020801,
02000006,
00000000,
00020004,
00000000,
06000000,
04000000,
02000105,
03020000,
00030300,
00000000,
00040000,
00000300,
03000400,
00000000,
01000002,
00000500,
01000000,
00000000,
00000003,
00000000,
03000000,
02000000,
04000004,
04010000,
00030100,
00000000,
00060000,
02000200,
01000500,
00000400,
02000000,
00010900,
00000000,
01030001,
00040000,
00000000,
00000000,
00020000,
00000000,
08000000,
00030000,
00000003,
00020000,
00000000,
00000300,
00010900,
00000000,
00000600,
00000000,
00070010,
00000000,
00000000,
00000000,
00060001,
00000000,
00010000,
04030000,
05000000,
00010000,
00020000,
00000000,
00000000,
00000000,
00000000,
00000000,
020a0016,
00000100,
0c000000,
00000700,
00050000,
00000004,
00000900,
0005000a,
00000200,
00020000,
00000000,
02000000,
00030000,
00000100,
02000000,
00000000,
000a0000,
00000000,
0f000002,
00000800,
00000000,
00000000,
00000000,
0b000007,
00000001,
0000050a,
00090005,
00000000,
00070000,
00110800,
00000000,
0600001f,
010d0000,
00000004,
00000001,
00000000,
00000000,
01000000,
00000100,
00000000,
03000000,
00090214,
00000000,
00000000,
00000000,
00000000,
02020000,
00000009,
03000000,
04000107,
08000200,
06000000,
00000000,
04000006,
05000100,
00000000,
00000000,
000c0300,
00030000,
00000000,
00000000,
00000001,
01020304,
00000001,
00060000,
00000205,
04000000,
0b000000,
00000000,
03000000,
00030000,
000d0000,
01000400,
00010000,
02010000,
00000000,
00000000,
00000001,
00000004,
00000000,
00000000,
07000700,
00000000,
0f000000,
00000003,
08000000,
00000000,
00030000,
00000000,
00000000,
00090000,
00000000,
000d0000,
00000000,
00120003,
00080000,
01000000,
19000200,
04090e01,
00000000,
00000c01,
080c0000,
00000000,
00000000,
00000000,
00000003,
040f0000,
00000011,
00080000,
00000000,
00071a05,
00080000,
05010000,
0d000000,
00050005,
00000000,
00000b00,
00020100,
00000000,
00000000,
00000000,
0000000d,
0a000002,
00000005,
00000000,
00000000,
00000d0d,
00000000,
09000000,
08040000,
00000000,
15000000,
00090000,
00000000,
00000002,
00010001,
03000000,
00000200,
00000000,
00000000,
00090000,
00000000,
00040400,
00000000,
08040000,
0c000000,
0c000001,
03000000,
000b0000,
00050000,
00000006,
00000000,
08000f00,
00000600,
00000700,
00000001,
00180200,
00010000,
00040200,
00030000,
05000002,
00000100,
0d010000,
00000000,
00040000,
00040500,
00000406,
08000000,
00000401,
0000080d,
04000003,
00000000,
00000000,
000d0004,
00000200,
00000000,
02000000,
00000100,
00040004,
00000003,
00000000,
00020200,
00000b00,
00000002,
00000000,
00000000,
0a04000e,
00000001,
00000000,
00010000,
00000605,
00000000,
07000000,
00000800,
02000002,
0a000000,
00000100,
00000000,
00000000,
01010003,
03000002,
00000000,
00000000,
00000000,
00030000,
00000000,
00000003,
00000000,
06000000,
00000100,
00000002,
07000001,
00000002,
0d000000,
00000100,
02000003,
03000005,
00000005,
00000000,
00000000,
00000000,
00000000,
00010000,
00070000,
06000000,
04000002,
00000103,
00000201,
06000002,
08000100,
00040603,
02000001,
00000000,
00000000,
05000000,
00000000,
04000000,
00000000,
00000b00,
00070000,
01000000,
02060002,
00000005,
00000002,
00000000,
00000a00,
00040800,
01010007,
00000000,
03000000,
00000000,
00000000,
01000000,
00000000,
00020600,
08000006,
03000000,
00060000,
00000004,
04000000,
00000000,
00000101,
00000000,
00030000,
03000000,
0c070000,
00000000,
00010000,
00000000,
00000000,
00000100,
0000000e,
01000000,
00000000,
00000000,
0d000000,
00000000,
00000000,
01010000,
00050000,
07000004,
02050002,
00060200,
00000000,
00000300,
00020004,
00000001,
00030000,
0700000c,
01000000,
00030000,
08000000,
00000011,
04000002,
00070300,
06040000,
02000000,
00000000,
01050000,
00000000,
00000000,
0303000b,
00000000,
05060000,
0c000002,
00000200,
000e0006,
00000016,
00000007,
00110003,
00000700,
08000000,
00000000,
00000000,
00000000,
00000000,
00030000,
00080007,
00000000,
04000000,
04060000,
00000801,
010c0007,
00000000,
00000800,
001d0001,
00000000,
06000000,
00000000,
00000700,
00050002,
00000000,
00000000,
000f0000,
00000000,
00000000,
000d0000,
00000b05,
050e0003,
00000000,
00000c00,
001b0005,
00000402,
04000000,
00000007,
00000b01,
00030007,
00000002,
00000000,
00140000,
00000000,
00000000,
01090000,
00000a04,
060f0004,
00000000,
00000c00,
001a0003,
00000301,
05000000,
0000000a,
05000900,
00000006,
00000002,
00000000,
00140000,
00000000,
00000100,
00100000,
00000800,
05080003,
00000000,
00020900,
001b0000,
00000000,
07000000,
0000000c,
05000b00,
00000000,
00000001,
00000000,
001c0100,
01000000,
00000800,
00100000,
00000700,
070d0002,
00000000,
00021300,
001f0000,
00000003,
07000000,
0000000d,
00000d00,
00000000,
00000004,
00000000,
00170000,
00000000,
00000600,
000f0000,
00000800,
05080103,
00000000,
00000a00,
00180000,
00000005,
05000000,
00000013,
00000905,
00010000,
00000509,
00000000,
00140000,
00000300,
00000000,
00000000,
00000400,
00070003,
00000001,
00000000,
00020000,
00000904,
00000009,
00000007,
00000008,
00000001,
00000600,
00000000,
00010000,
00000f03,
00000000,
00000000,
00010400,
00000005,
00000000,
00000000,
00001300,
00000000,
00020005,
00000000,
07000000,
00000000,
00000000,
00000000,
00000000,
00000900,
01000010,
00000000,
00010000,
00000000,
0e000000,
01000000,
00000003,
00000000,
000b0200,
02000000,
06040002,
00000700,
06010000,
00000000,
00000000,
00020600,
01000005,
00000003,
00000002,
00000000,
02000000,
04000000,
02000405,
00050000,
00030001,
02040000,
00030000,
00000300,
03010600,
00000100,
02000000,
00030500,
03000004,
00000004,
00000002,
00000000,
02000000,
04000001,
03000406,
00050000,
00030001,
01050000,
00020000,
00000300,
02000500,
00000100,
02020000,
00020500,
00000002,
00000004,
00000002,
00000000,
03000000,
04000001,
03000406,
01040000,
00030001,
02060000,
00010000,
00000400,
03000400,
00000000,
03030001,
00020600,
00000003,
00000003,
00000003,
00000000,
03000000,
03000001,
03000406,
01040000,
00030002,
02070000,
00020000,
00000400,
03000500,
00000000,
03040001,
00030600,
01000003,
00000003,
00000003,
00000000,
03000000,
02000000,
03000505,
02040000,
00020001,
01060000,
00030000,
00000300,
03000400,
00000000,
03030000,
00030600,
01000004,
00000003,
00000003,
00000000,
03000000,
03000000,
03000505,
01040000,
00020001,
01070000,
00030000,
00000400,
03000500,
00000000,
02030000,
00030500,
01000005,
00000003,
00000003,
00000000,
04000000,
02000001,
03000406,
01040000,
00020001,
02060000,
00030000,
00000400,
03000400,
00000000,
02030000,
00030600,
00000004,
00000002,
00000003,
00000000,
02000000,
03000001,
03000505,
01040000,
00020001,
02050000,
00030000,
00000400,
02000300,
00000000,
02020001,
00040700,
00000003,
00000003,
00000004,
00000000,
03000000,
03000001,
03000605,
01050000,
00020001,
01050000,
00030000,
00000400,
02010400,
00000000,
02020001,
00040700,
00000003,
00000003,
00000003,
00000000,
02000000,
04000001,
04000406,
02040000,
00020001,
00060000,
00040000,
00000400,
02000500,
00000200,
02020001,
00040600,
00000002,
00000002,
00000002,
00000000,
05000000,
00000002,
02000602,
01070000,
00050000,
00020000,
00040000,
00010700,
03000400,
00000200,
00020001,
00000000,
00000000,
04000008,
00000000,
00000000,
0e000000,
00000011,
00000000,
000d0000,
03060000,
0a000000,
00000000,
01070600,
00000400,
00000100,
00020005,
00000006,
00000000,
05000009,
04000300,
00000001,
03000000,
0000001e,
07000000,
00040500,
0606000b,
08000000,
00000000,
00030000,
00000500,
00020000,
00030001,
00000000,
00000000,
02000000,
04000000,
00000009,
0000000d,
00000003,
0e040000,
00000b00,
0e06000f,
00000000,
00000000,
00000000,
00000000,
00000000,
00040000,
00000000,
06000000,
01000000,
08000000,
0008000e,
00000004,
00000000,
00110100,
00000b00,
0b000005,
00000000,
00000200,
0d020000,
00000000,
00000000,
00070000,
00000000,
17000000,
07040001,
00000000,
001b000c,
00000004,
00000300,
00210000,
00000900,
09000000,
00000000,
00000c00,
00050000,
00000000,
00000000,
00150001,
00000000,
00000000,
07000000,
00000400,
001b000d,
00000000,
00000300,
001c0000,
00000106,
09000000,
00000007,
00000e00,
02040000,
00000000,
00000001,
001a0000,
00000000,
00000000,
01000000,
00000500,
0000000d,
00050000,
0000000d,
0b0b0000,
00000608,
0900000b,
00000006,
07000900,
00000000,
00000d00,
00000001,
00150001,
00000300,
06000000,
00000000,
00000000,
00000010,
00000000,
00000000,
00000800,
00000b00,
04000011,
00000000,
00000000,
00020000,
00000000,
00000000,
00000000,
00040000,
1b000007,
00000000,
00000000,
00000f0b,
0c000000,
00000a00,
00000000,
00000000,
00010000,
00000000,
00170000,
04130000,
00000000,
00000000,
00000000,
00000000,
00090700,
00000000,
10000000,
03090e05,
04000000,
00001d0c,
00050000,
00000000,
00000000,
00000003,
00030000,
0b0e0000,
0000000b,
00050900,
00000000,
00000000,
00060000,
04000000,
00000000,
0013000a,
00120003,
0000000e,
00060000,
00000700,
04000000,
00000000,
00000800,
00000000,
00000007,
02000600,
00000002,
00001100,
00000000,
00000000,
01020000,
0006020c,
000b0000,
00030000,
00000800,
00000a05,
00000005,
00000000,
00000100,
01010002,
00000007,
00000000,
00000008,
00002010,
00010000,
00000000,
00050200,
03000009,
00000000,
00030200,
00000e00,
00000000,
0000000c,
00000b00,
00000000,
00000000,
00000000,
00000000,
00000000,
00000f05,
00000000,
00000000,
00000000,
00000002,
04000000,
00000000,
00000300,
06000000,
00070004,
04000000,
00000000,
00020a00,
0e010000,
00000000,
00000000,
00070500,
00000003,
00000002,
00000001,
00000000,
05000000,
02000000,
00000001,
00070000,
000b0000,
00000000,
00030000,
00000900,
0a000000,
00000000,
00000001,
00000701,
00000000,
00000402,
06000000,
00000000,
08000000,
0000000a,
00000000,
000d0000,
01000002,
02000000,
02000000,
01020300,
01000000,
00050000,
00000004,
00000f13,
00000000,
00000a00,
10060500,
00000001,
00000000,
0000000e,
00000000,
00060000,
03000015,
06000b00,
00000000,
00000000,
00000000,
00000000,
0000000a,
00001512,
00000000,
00000300,
07000000,
00000004,
00000000,
04000000,
00001200,
00010000,
0000000c,
0c000200,
00000000,
00000200,
02000000,
00000000,
00000000,
00020a04,
02000000,
01000002,
00000000,
00000000,
04000000,
04000000,
02000305,
04000000,
00050000,
06000001,
00000000,
00000500,
01000000,
00000000,
00000000,
00020700,
02000002,
00000000,
00000005,
01000000,
03000000,
03000000,
06000006,
02000000,
00040002,
00000000,
00090001,
00000000,
01000200,
00000300,
01000003,
00000500,
02000008,
00000000,
00010005,
00000000,
06000000,
02000000,
03000005,
02010000,
00030200,
00000000,
00060000,
00000000,
01000400,
00000101,
00000000,
01000300,
02000000,
00000002,
00000000,
00000000,
01000000,
00000000,
00000005,
07000000,
00050100,
01000001,
00060000,
01000000,
00000400,
00000500,
00000000,
00000900,
00000000,
01070003,
00040000,
00000000,
00000000,
00060000,
00000000,
0b000000,
00000000,
00000000,
00030000,
00000000,
00000000,
00000600,
00000000,
00000200,
00000000,
00060013,
00000000,
00000000,
00000000,
000c0000,
00000000,
00000000,
05000000,
06000000,
00000000,
00030000,
00000000,
00000000,
00000000,
00000300,
00000000,
020c0010,
00000400,
0e000000,
01000001,
000c0000,
00000005,
00000900,
00080008,
00000700,
00000000,
00000000,
0c000002,
00000000,
00000400,
0a000000,
00000200,
02090000,
00000004,
12000002,
00000100,
00000000,
00020000,
00000000,
0e010007,
00040000,
03000600,
00070007,
00000000,
000d0000,
000d0000,
00000000,
03000014,
00090000,
00000001,
05000001,
00000000,
00000000,
01000000,
00000100,
06000000,
03000000,
0000070b,
00000000,
00000000,
00000000,
00000000,
01010000,
01000012,
01010000,
0501000a,
08000200,
06000000,
00000000,
02000001,
06000300,
00000000,
00000100,
00090400,
00020000,
00000000,
00000000,
00000003,
00040303,
00000000,
00000000,
00000006,
06000000,
02000000,
00000000,
05000400,
00040000,
000e0000,
07000200,
00040000,
00030000,
08010000,
00000000,
00000000,
0005000a,
00000000,
02000000,
05000301,
00000000,
0c000000,
00000001,
03000000,
00090000,
000a0000,
02000000,
00000000,
00040000,
00000000,
00000000,
00000000,
00130b03,
00010000,
02000000,
21000700,
00010000,
00000000,
00000000,
08000000,
00000000,
00000001,
00000000,
00000000,
06080000,
00000009,
00040000,
00000000,
000c1a04,
00060000,
00000000,
18010600,
00000001,
00000000,
00000000,
00000001,
00000000,
00000000,
00000300,
00000000,
06020000,
00000002,
00000000,
00000000,
00090e07,
00000000,
05000000,
03040000,
00000002,
11000000,
00060000,
00000000,
00090000,
00000000,
0c000502,
00000000,
00010000,
08000000,
00000000,
00000000,
00120205,
00000000,
08000003,
09000000,
00000001,
07000000,
0004000c,
00000000,
00030000,
00000000,
06000e00,
00000400,
00000000,
00000000,
000b0000,
00000003,
00110500,
000a0000,
07000008,
00000000,
05040005,
00000000,
00000104,
00000000,
00000301,
07000000,
00000800,
00000400,
0603000a,
00000402,
00000000,
00010005,
00000e00,
00060000,
00000000,
00000300,
00030005,
00000003,
00000500,
00000400,
00000300,
02000006,
00000000,
00000000,
0c01000f,
00000000,
00000000,
00000000,
0000100a,
01000000,
03000000,
02000500,
00000004,
11000000,
00020100,
00000000,
00000000,
000a0000,
08000002,
00000000,
00000000,
00000000,
00030000,
00000000,
00000307,
00010000,
04000000,
07000300,
00000000,
0f000001,
00000009,
0a000004,
00000000,
00020004,
03000004,
00000000,
00000000,
00000000,
00000200,
00000003,
00000100,
000b0000,
09000000,
07000001,
00000203,
00000400,
00000005,
0a000000,
00010600,
02000004,
00000000,
00000000,
03000000,
00000000,
07000000,
00000000,
00000300,
00090000,
04000000,
02040301,
00000003,
00000004,
00000001,
02000200,
00010600,
02010006,
03000000,
00000000,
01000000,
00000000,
01000100,
00000000,
00050900,
04020000,
02000000,
00070000,
00000005,
00000000,
00000000,
00000800,
00000000,
00020000,
03000000,
06060000,
00000004,
00020000,
00000100,
00010200,
00000400,
02000014,
02000000,
00030000,
00000000,
0e000000,
00020000,
00000200,
05000000,
00040000,
07000002,
05070000,
00060300,
00000000,
00000400,
00020000,
00000000,
00000000,
0300000d,
02000000,
00010000,
0b000000,
0000000d,
03000000,
00040300,
03030000,
05000000,
01000000,
00080000,
00000000,
00000200,
00010009,
00000000,
02070000,
0c000006,
05000300,
000b0305,
00000018,
00000102,
00100000,
00000900,
06000007,
00000001,
00000000,
00010000,
00000000,
00000400,
00060009,
00000000,
06000000,
09030000,
06000405,
000a0008,
00000006,
00000600,
001b0000,
00000700,
05000000,
00000008,
00000800,
00020000,
00000000,
00000000,
00100003,
00000000,
00000000,
04030000,
00000805,
000c0007,
00000004,
00000100,
00170000,
00000a00,
05000000,
00000008,
00000c00,
02000000,
00000000,
00000001,
00150104,
00000000,
00000000,
06020000,
00000b02,
000e0006,
00000003,
00000100,
001c0000,
00000700,
02000000,
0000000c,
00000c00,
00000006,
00000000,
00000000,
0017070f,
00000000,
00000000,
02060000,
00000500,
000f0207,
00000000,
00000000,
00180000,
00000400,
02000000,
00000007,
00000b00,
00000007,
01000000,
00000000,
001c0308,
00000000,
00000000,
00100000,
00000400,
00100007,
00000000,
00010000,
001e0000,
00000402,
02000000,
0000000a,
00000700,
00020007,
00000004,
00020400,
001a0000,
00000200,
00000000,
00090000,
00000200,
00090007,
00000000,
00000000,
00150700,
00000a05,
02000000,
0000000e,
00000300,
00000003,
00000d0a,
00000200,
00160000,
00000d00,
00000000,
00000000,
00000100,
00020006,
00000003,
00000000,
00000700,
00000d00,
02000005,
00000000,
02000000,
07000000,
00000200,
00000000,
00030000,
00001100,
01000003,
01000000,
00000200,
00000006,
00000000,
00000000,
00000800,
00000000,
000a0003,
00000000,
08000000,
00000000,
00000000,
00000000,
00000000,
00000800,
0000000d,
00000000,
00010000,
00000000,
0c000000,
00000000,
00000003,
00010000,
000b0000,
04000000,
05040001,
00000500,
08010100,
00000000,
00000000,
00010600,
00000004,
00000003,
00000003,
00000000,
02000000,
04000000,
01000305,
00050000,
00030002,
01050000,
00030000,
00000300,
04010500,
00000100,
02010000,
00040500,
02000005,
00000003,
00000002,
00000000,
03000000,
03000001,
03000505,
00050000,
00030001,
02060000,
00030000,
00000400,
03000500,
00000100,
02030000,
00040601,
01000003,
00000003,
00000002,
00000000,
03000000,
03000001,
03000506,
00060000,
00020000,
02060000,
00020000,
00000400,
03020600,
00000000,
03030001,
00040600,
01000002,
00000004,
00000002,
00000000,
03000000,
03000002,
03000406,
02050000,
00020001,
02070000,
00020000,
00000300,
03010600,
00000100,
03030001,
00030600,
01000003,
00000002,
00000002,
00000000,
03000000,
04000001,
03000506,
01050000,
00020001,
02070000,
00020000,
00000200,
03010500,
00000000,
03030001,
00030600,
00000005,
00000002,
00000002,
00000000,
03000000,
03000001,
02000605,
00050000,
00020001,
01060000,
00020000,
00000300,
04000600,
00000000,
03030000,
00040600,
01000004,
00000002,
00000002,
00000000,
04000000,
01000001,
03000505,
01040000,
00020000,
01050000,
00030000,
00000400,
03000500,
00000000,
02020000,
00040600,
01000004,
00000003,
00000003,
00000000,
02000000,
01000000,
02000505,
00040000,
00020000,
00050000,
00020000,
00000500,
03000500,
00000000,
01020000,
00020600,
00000004,
00000003,
00000003,
00000000,
03000000,
02000001,
03000505,
01040000,
00020001,
01050000,
00030000,
00000300,
02000500,
00000100,
02010001,
00020600,
00000003,
00000003,
00000003,
00000000,
03000000,
04000001,
03000506,
02040000,
00020001,
01060000,
00030000,
00000400,
03000500,
00000100,
03030001,
00030500,
00000002,
00000003,
00000003,
00000000,
04000000,
02000001,
03000604,
00050000,
00040000,
00040000,
00030000,
00000600,
04000300,
00000200,
01030001,
00000000,
00000000,
04000008,
00000000,
00000000,
0d000000,
0000000a,
00000000,
020e0000,
03060000,
08000000,
00000000,
03070600,
00000000,
00000100,
00020006,
00000005,
00020000,
04000008,
02000300,
00000000,
0a000000,
0000001a,
06000000,
000a0200,
05070004,
06000203,
00000000,
00050000,
00000400,
00010000,
00000002,
00000000,
00010000,
05000000,
00000000,
00020009,
0000000d,
00000002,
0f030000,
00050900,
1007000a,
00000000,
00000000,
00000000,
00000200,
00000200,
00050000,
00000000,
06000000,
01000000,
08000000,
0007000d,
00000004,
00000000,
00100100,
00000900,
0a000003,
00000000,
00000300,
09020000,
00000000,
00000000,
00040000,
00000000,
11000000,
01020004,
00000000,
0013080a,
00000002,
00000f00,
00230000,
00000600,
0a000000,
00000000,
00000900,
05090000,
00000000,
00000000,
000f0400,
00000000,
00000000,
0a030000,
00000300,
0015030c,
00020000,
00000900,
00200000,
00000204,
09000000,
00000009,
00000e00,
00010001,
00000003,
00000001,
00170003,
00000000,
00000000,
02000000,
00000300,
0001000a,
00100000,
0300000a,
0a0f0000,
0000050a,
0a000006,
00000010,
0b000a00,
00000000,
00000a00,
00000000,
000f0001,
00000000,
00000000,
00000000,
00000000,
00000012,
00010000,
00000000,
06000c00,
00010b00,
09010014,
00000000,
00000200,
00000000,
00000000,
00000000,
00000000,
000c0000,
1c000008,
00000000,
00000501,
0000040e,
01000000,
00000000,
00000000,
00000000,
00000000,
00000000,
00000000,
030c0000,
00000000,
00000000,
00000000,
00010000,
00000014,
00000000,
2d000700,
00060009,
15000000,
00000d02,
02000000,
00000000,
00000000,
00000000,
00000000,
0b0f0000,
00000010,
00000000,
00000000,
0000131a,
00000000,
00000000,
24000000,
000e000a,
00010000,
0000001a,
00000000,
00050000,
02000007,
00000200,
00000000,
00030000,
00000000,
00000000,
00000005,
00002a1a,
00000000,
00000000,
1b000000,
0004000b,
00000000,
00000000,
00001000,
00000000,
00000000,
00000e00,
00000000,
00000000,
00000000,
00000000,
00000000,
0000210c,
00000000,
00000000,
06000000,
00000006,
00000000,
00000000,
00001106,
08000000,
00000000,
00000300,
00000000,
00020000,
07000000,
00000000,
00000000,
00000d00,
00000000,
00000001,
00050000,
00000000,
01000000,
04000000,
00000001,
09000000,
00090002,
00000000,
00000000,
00000900,
0b000100,
00000000,
00000000,
00030700,
00000003,
00000000,
00000003,
00000000,
04000000,
04000000,
02000304,
00040000,
00050000,
00000000,
00030000,
00000900,
07000100,
00000000,
00020003,
00000900,
00000002,
00000400,
00000003,
00000000,
07000000,
02000000,
00000004,
00080000,
00000003,
02000000,
04000000,
00000800,
09000000,
00000000,
00000003,
00000b05,
00000000,
00000100,
01000004,
00000000,
03000000,
06000000,
00000004,
00060000,
01000007,
07000000,
00000000,
00020800,
08000000,
00000000,
00000003,
00000b04,
00000000,
00000005,
00000007,
00000000,
06000000,
08000000,
00000a03,
01020000,
00010005,
06000000,
00000000,
00010c00,
08000000,
00000000,
00010000,
00010705,
00000000,
00000001,
00020007,
00000000,
08000000,
07000000,
00000106,
04000000,
00060001,
05000000,
00000000,
00000400,
01000000,
00000000,
00010002,
00010700,
02000000,
00000000,
02000006,
02000000,
02000000,
02000000,
04000106,
01000000,
00020002,
02000000,
00050000,
00000000,
00000000,
00000200,
00000005,
00000300,
01000005,
00000000,
00000005,
00000000,
05000100,
00000000,
04000005,
01000000,
00020000,
00000000,
00080001,
01000000,
01000200,
00000000,
00000000,
00000600,
00000001,
00020000,
01000000,
00000000,
00000000,
00020000,
00000000,
05000000,
00040000,
00000001,
00020000,
02000000,
00000300,
00000700,
00000000,
00000700,
00000000,
03060009,
00000000,
00000000,
00000000,
00090000,
00000001,
07030000,
02000000,
00000000,
00000000,
00000000,
00000000,
00010000,
00000000,
00000000,
00000000,
000b0019,
00000000,
01000000,
00000000,
000c0000,
00000000,
00000000,
0a000000,
00000000,
00000000,
00010000,
00000000,
00000000,
00000000,
00000a04,
00000000,
030c000b,
00000000,
13000000,
00000202,
000d0000,
00000608,
00000600,
030d0006,
000a0a00,
00000006,
00000002,
09000000,
00020000,
00080000,
0c000007,
00000400,
06050000,
00000000,
11000002,
00000300,
00000002,
00050000,
00050000,
0b040005,
000d0000,
0b000400,
00020004,
00000000,
00120000,
00040000,
04000000,
00000000,
00020000,
00000000,
0a000003,
00000000,
00000000,
00000000,
00000000,
0a000001,
05000000,
0000060e,
00000000,
00010000,
00000000,
00000000,
00000000,
01000020,
01040000,
00000008,
00000000,
00000000,
00000000,
01000000,
05000300,
00000000,
01000000,
00010203,
00000000,
00090000,
00000000,
00000000,
03060002,
00000001,
01000000,
00000006,
07000000,
00000000,
00000000,
04000004,
01000100,
00090000,
00020400,
00090000,
00050000,
04040000,
00000000,
02000000,
00000007,
00000000,
00000000,
00000007,
00000000,
05000000,
01000000,
01000001,
00070000,
010b0000,
03000200,
00000000,
00030000,
04000000,
00000000,
00000004,
00000908,
00000000,
00000000,
0f000801,
00000000,
00000000,
00000000,
02000005,
01010000,
00000003,
00000200,
00000000,
05010000,
00000000,
00000000,
00000007,
00010f04,
00000004,
00000000,
0f000506,
00000000,
04000000,
00000000,
00000004,
02000000,
00000002,
04000100,
00000000,
00040000,
08000000,
00000000,
00000003,
00060900,
00000000,
00000003,
02000005,
00000000,
04000000,
00000000,
01000001,
02000000,
00030000,
06000000,
00000000,
00050200,
0f000000,
00000000,
00000001,
0007000a,
00000000,
00000000,
07000102,
00000000,
0a000000,
00000011,
00000002,
00080000,
00000002,
03000700,
00000000,
00040000,
01000000,
00000000,
0000000c,
00010c0b,
00080000,
00000000,
1e000000,
00000000,
00000000,
00000018,
00000008,
00000000,
0000000c,
00001000,
00000000,
04090001,
00000000,
00000000,
00000013,
00001907,
000a0000,
00000000,
16000000,
00000003,
00000000,
00000600,
00000401,
00000000,
0000000c,
00000702,
00000000,
05040009,
00000000,
00000000,
00000000,
00001507,
00000000,
02000000,
00000000,
00000004,
08000000,
00000000,
00000000,
00000000,
00080000,
09000304,
00000002,
00060200,
0c000000,
00000000,
00000000,
0000020b,
00000000,
03000000,
07000400,
00000000,
13000000,
00000007,
02000005,
01000000,
00030005,
09000000,
00000000,
00040000,
00000000,
00000000,
00000006,
00000106,
00070000,
0a000000,
0b000504,
00000100,
00000000,
00000008,
0b000007,
00000000,
00000006,
02000000,
00000000,
04000000,
00000000,
00000100,
00000006,
00040703,
000a0000,
06000000,
08000000,
00000003,
00030100,
00010308,
01000003,
00000100,
00000003,
03000001,
00000000,
04000000,
00000000,
00000001,
00000005,
00021300,
00060000,
00000000,
000c0000,
00000004,
00000000,
00010000,
00000900,
00000000,
00000009,
00000000,
00020000,
00000006,
00010000,
00000000,
00000001,
00000a00,
0300000b,
02000000,
00050000,
00000002,
0b000000,
00030000,
00000400,
07000000,
00000000,
09000003,
01030000,
00040200,
00000000,
00000600,
00000000,
00000000,
00000000,
00000013,
00000100,
00000000,
06000000,
00000009,
01000000,
00040100,
01020000,
09000100,
00000000,
00070000,
00000000,
00000600,
00010000,
00020000,
010c0000,
06000008,
00000300,
000e0802,
0001000b,
00030000,
020c0000,
00000a00,
04000000,
00000005,
00000000,
01000000,
00000006,
00010a00,
00000000,
00040000,
03050000,
01010000,
00000105,
000a0508,
00020000,
00010000,
00160000,
00000600,
03000000,
00000004,
00000800,
00050000,
00000008,
00020600,
00020001,
00010000,
00000000,
00060000,
0000010b,
00060008,
00000000,
00040200,
00170000,
00000500,
02000000,
00000000,
05000900,
00000000,
00000005,
00000000,
000a0000,
00000000,
00000200,
01020000,
06000309,
05040006,
00010000,
00000300,
001c0000,
00000000,
02000000,
00000003,
04000b02,
00000000,
00000004,
00000000,
00150009,
00000000,
00000000,
00060000,
00000301,
06080008,
00000007,
00000100,
001a0000,
00000300,
04000001,
00000005,
01000a06,
00000000,
00000000,
00000000,
001c0005,
00000000,
00000000,
00060000,
03000000,
00090006,
00000002,
00000000,
00130000,
00000601,
03000000,
0000000d,
00000900,
00000003,
00000000,
00000001,
001d0004,
00000500,
00000000,
00000000,
00000000,
00010006,
00000000,
00000000,
000a0600,
00000907,
02000004,
00000009,
00000100,
00000000,
00000401,
00000000,
00160000,
00000e00,
00000000,
00000000,
00000000,
00000005,
00010005,
00000000,
00000c00,
00000a01,
00020007,
00000000,
03000000,
0e000000,
00000000,
00000000,
00000000,
00001300,
01010002,
02000000,
00000100,
00000005,
03000000,
00000300,
00000603,
00000000,
000d0000,
00000000,
08030000,
00000000,
00000000,
00000000,
00000000,
00010900,
00000009,
00000000,
00030000,
00000000,
0c000000,
01000000,
00000004,
01010000,
000b0000,
03020000,
03030000,
00000500,
07000200,
00000000,
00000000,
00040700,
00000004,
00000002,
00000003,
00000000,
04000000,
03000001,
02000305,
01050000,
00020101,
01050000,
00030000,
00000400,
04000500,
00000100,
02030001,
00030600,
01000003,
00000003,
00000004,
00000000,
03000000,
03000001,
03000505,
01040000,
00020002,
01060000,
00040000,
00000500,
03000600,
00000100,
02020000,
00030600,
01000003,
00000004,
00000003,
00000000,
03000000,
03000001,
03000406,
01040000,
00020001,
01060000,
00030001,
00000400,
01000600,
00000100,
02020001,
00030701,
01000002,
00000003,
00000002,
00000000,
03000000,
04000003,
04000506,
02050000,
00030002,
01060000,
00030000,
00000300,
02000500,
00000100,
02020001,
00040701,
01000002,
00000002,
00000002,
00000000,
02000000,
04000001,
04000605,
01050000,
00020001,
01060000,
00030000,
00000300,
02000600,
00000100,
03020000,
00030700,
00000003,
00000002,
00000002,
00000000,
03000000,
03000001,
03000605,
01050000,
00020002,
00060000,
00030000,
00000300,
03010600,
00000000,
03030000,
00030600,
01000003,
00000003,
00000002,
00000000,
03000000,
03000001,
03000405,
01040000,
00020001,
00050000,
00020000,
00000500,
03000600,
00000100,
02020000,
00040600,
01000003,
00000003,
00000003,
00000000,
02000000,
02000001,
03000505,
00050000,
00020001,
00060000,
00030000,
00000500,
03000500,
00000100,
02020000,
00040600,
01000004,
00000003,
00000003,
00000000,
03000000,
03000001,
03000505,
01040000,
00020001,
01060000,
00030000,
00000400,
03000500,
00000100,
02020000,
00040700,
00000004,
00000003,
00000003,
00000000,
03000000,
03000001,
03000506,
01040000,
00020001,
00060000,
00030000,
00000500,
03000500,
00000000,
02020001,
00040700,
00000002,
00000003,
00000003,
00000000,
05000000,
02000001,
03000705,
01050000,
00030000,
00050000,
00030000,
00000600,
02000400,
00000100,
01030002,
00000400,
00000000,
04000004,
00000000,
00000000,
0c000000,
00000007,
00000500,
08090000,
01070000,
06000100,
00000000,
04060500,
00000100,
00000100,
00020007,
00000005,
00010000,
06000005,
01000200,
00000000,
0e000000,
0000001a,
07000000,
00080000,
03070000,
05000104,
00000000,
02050000,
00000900,
00000000,
00000001,
00000000,
00000000,
08000000,
00000000,
00000007,
0000000d,
0000000f,
11000000,
00000b00,
0d07000c,
00000000,
00000200,
00000000,
00000a00,
00000400,
00020000,
00000000,
09000000,
00000000,
00000000,
0007010c,
00000200,
02000000,
000f0000,
00000900,
09000002,
00000000,
00000500,
02040000,
00000000,
00000000,
00040400,
00000000,
0c000000,
02070004,
00000000,
0012080d,
00000002,
00001400,
00210000,
00000800,
08000000,
00000000,
00000600,
10080000,
00000008,
00000000,
000b0000,
00000000,
06000000,
0a020000,
00000002,
001b000f,
00000000,
00000000,
00230000,
00000803,
08000000,
00000008,
00000c00,
00010006,
00000002,
00000000,
00140003,
00000000,
00000000,
03000000,
00000700,
0009000a,
00110000,
00000000,
06140000,
0000040c,
09000000,
0000000f,
05000e00,
03000000,
00000609,
00000000,
00140000,
00000000,
00000000,
00000000,
00000000,
00000011,
00040000,
00000003,
0a000800,
00040700,
0b040014,
00000000,
06000200,
00000000,
00000000,
00000000,
00020000,
000d0500,
18020000,
00000000,
00030000,
00000011,
00000000,
00000000,
00000900,
00070000,
02000000,
01000000,
03000000,
00060000,
00000000,
00000000,
00000000,
00000800,
04000029,
01000000,
0d000900,
00000006,
27000000,
00000000,
00000000,
00000000,
00000000,
01000000,
00000000,
00090000,
00000000,
00000000,
00000000,
00001014,
00000000,
00000600,
12000200,
00000000,
05000000,
00000000,
00000000,
000a0000,
00000008,
00000500,
00000000,
000a0000,
08000000,
00000000,
00000004,
00021712,
00000000,
00000500,
0c000000,
00000003,
00000000,
00000000,
00000900,
00050000,
00000000,
00000000,
00000000,
00050000,
0a000000,
00000000,
00000000,
000c1004,
00000000,
00000406,
06000000,
00000000,
00000000,
00000000,
00000802,
06000000,
00060000,
00000000,
00000000,
00070600,
0a000100,
00000000,
00000000,
00060800,
00000001,
00000004,
00030000,
00000000,
04000000,
05000000,
01000001,
01000000,
00070000,
00000000,
00000000,
00000a00,
07000400,
00000000,
01050000,
00030800,
00000004,
00000003,
00000002,
00000000,
01000000,
02000000,
03000504,
00040000,
00020001,
00020000,
00020000,
00000500,
05000500,
00000100,
01010001,
00030800,
00000004,
00000002,
00000003,
00000000,
02000000,
03000000,
03000405,
00040000,
00030000,
00010000,
00030000,
00000400,
05000400,
00000100,
01010001,
00030800,
00000004,
00000002,
00000003,
00000000,
02000000,
04000000,
03000405,
00040000,
00020000,
01000000,
00030000,
00000300,
04000400,
00000200,
01010002,
00030700,
01000003,
00000001,
00000004,
00000000,
03000000,
04000000,
03000404,
00050000,
00030000,
00000000,
00040000,
00000200,
05000300,
00000200,
01010003,
00000503,
01000000,
00000000,
00010004,
00000000,
06000000,
04000000,
00000104,
02040000,
00040000,
04000000,
00000000,
00000000,
02000300,
00000200,
00000005,
00000401,
02000000,
01000000,
00000006,
01000000,
04000000,
00000000,
04000105,
00000000,
00020001,
06000000,
00030000,
00000000,
00000000,
00000100,
00000006,
00000200,
00000002,
02000000,
00000005,
02000000,
03000300,
00000000,
04000006,
02000000,
00030000,
01000001,
000a0101,
02000000,
00000000,
00000000,
00000000,
00000a00,
00000005,
00060000,
00080000,
00000000,
00000000,
00020000,
00000000,
07000000,
00030000,
00000002,
00020000,
00000000,
00000000,
00000a00,
00000001,
00010500,
00000000,
00090014,
00000000,
00000000,
00000000,
000a0000,
00000000,
00060000,
02000000,
04000000,
00000000,
00030000,
00000000,
00000000,
00000000,
00000500,
00000000,
00100012,
00000000,
09000000,
00000000,
000c0000,
00000000,
00020100,
08000000,
00000500,
00000000,
00000003,
00000000,
00000000,
00040000,
00020a08,
03000000,
06080003,
00000000,
10000000,
01000704,
000b0000,
00000008,
02000500,
02160007,
000e1100,
00000001,
00000002,
01000000,
00020000,
00000000,
0b000003,
00010000,
0b030000,
00000000,
0d000000,
09000200,
00020005,
00020000,
000e0004,
09040001,
00080400,
14000400,
00000003,
00050000,
000d0000,
00000000,
0a000000,
00000000,
00000000,
00000000,
12000002,
00000000,
00000000,
00000000,
00000000,
0d000000,
00030000,
00000700,
00020000,
00000000,
00000000,
00000000,
00000000,
01000021,
00050000,
00000005,
00000003,
00000200,
00000000,
03000100,
00000000,
04000000,
02000000,
0004040e,
00000000,
000e0000,
00000000,
00000000,
03020000,
0100000b,
00000000,
00000006,
05000200,
02000000,
02000000,
04000000,
07000000,
00010000,
00020200,
00090200,
00020000,
00040000,
00000000,
00000000,
03010000,
00000004,
00000000,
00000005,
00000000,
06000100,
06000000,
03000003,
00000000,
00070000,
00020000,
00040001,
00000500,
06000000,
00000000,
00000003,
01000400,
00000007,
00000000,
00000007,
00000000,
04000000,
05000000,
00000004,
00010000,
00000000,
03000000,
00000001,
00000500,
09000000,
00000000,
00000003,
00000600,
00000006,
00000002,
0100000a,
00000000,
05000000,
04000000,
02000305,
06000000,
00000000,
04000000,
00010000,
00030200,
08000000,
00000000,
00000000,
00010300,
00000002,
00000001,
0000000b,
00000000,
0a000000,
06000000,
03000204,
01000000,
00040000,
02000000,
00020000,
00020600,
0c000000,
00000000,
00000003,
00000201,
00000002,
00000000,
0000000c,
00000000,
0c000000,
01000000,
00000000,
00080000,
01050000,
02000000,
00000000,
00030300,
0c000000,
00000000,
00000008,
00000b0a,
00000000,
00000000,
16000607,
00000000,
05000000,
00000000,
00000000,
000a0000,
00000007,
00000d00,
00000000,
09070000,
00000004,
00000000,
0000000d,
00001206,
00000000,
00000000,
1b000703,
00000002,
00000000,
00000300,
00000801,
00000000,
00000006,
00000b05,
00000000,
00030000,
01000000,
00000000,
00000000,
00040c00,
00000000,
00000000,
05000000,
00000000,
00000000,
00000000,
00000003,
00000000,
000a0000,
05000102,
00000000,
000a0800,
13000000,
00000000,
00000000,
00020007,
00000000,
02000000,
02000002,
00000000,
0d000000,
02000002,
00000004,
00040000,
00020002,
08000000,
00000000,
00060000,
04000000,
00000000,
00000007,
00040309,
00010000,
09000000,
11000404,
00000000,
05000000,
00000009,
06000005,
00000000,
00000002,
01000200,
00000000,
02000000,
00000000,
00000000,
0000000f,
00001105,
00040000,
03000000,
14000000,
00000003,
00010000,
00000008,
00000004,
00000100,
00000007,
00000800,
00000000,
05000000,
00000002,
03000000,
0000000f,
0000170c,
00010000,
00000000,
09070100,
00000002,
00000000,
00000000,
00000800,
00000000,
0000000d,
00000801,
00000000,
00000000,
01000000,
00000000,
00000003,
00000800,
00000000,
04000002,
00000000,
00000002,
05000000,
00020000,
00000000,
0c000000,
00000000,
0d000006,
00000000,
00030100,
02000000,
00000700,
00000000,
00060000,
00050000,
0000001e,
00000100,
00000001,
00000000,
00000011,
04000000,
00030700,
02010000,
0b000003,
00000000,
00030000,
03000700,
00000700,
00000000,
00040000,
080f0000,
0300000e,
00000000,
00100004,
00080011,
00000004,
00020000,
00090e00,
07000000,
00000000,
00000200,
00000000,
00000000,
00000900,
00000000,
00020000,
040f0000,
05000000,
00000401,
000e0007,
000c0000,
00000000,
030c0000,
00000d03,
05000000,
00000000,
00000f00,
00000000,
00000000,
00000000,
00000000,
000d0000,
00040000,
00000000,
00000303,
00030007,
00080000,
00000000,
100d0000,
00000700,
00000000,
00000000,
00000800,
00000000,
00000000,
00000000,
00000000,
00080000,
00000000,
00000000,
00000003,
00010408,
00000000,
00000000,
00130000,
00000605,
00000000,
00000000,
05000400,
00000000,
00000004,
00030000,
00000000,
00000000,
00000000,
00050000,
05000200,
07050504,
00000000,
00030000,
00160000,
00000509,
00000000,
00000000,
00000900,
00000000,
00000008,
00060000,
00050001,
00000300,
00000000,
00050000,
01000000,
00000107,
00000000,
00000000,
00100000,
00000606,
00000000,
0000000f,
00000300,
04030000,
0000000a,
00000000,
000c0000,
00000400,
00030000,
00000100,
00000000,
00000006,
00000000,
00000000,
02040900,
0000150d,
04000009,
00000001,
00000300,
00020000,
00000800,
00000000,
00050000,
00001000,
00050000,
00000000,
00000000,
00000006,
00030000,
01000000,
00000f00,
00000d04,
00030007,
00000000,
04000000,
0e000000,
00000000,
01000000,
00000000,
00021402,
02000006,
00000000,
00020000,
00000004,
0a000000,
00000000,
00000302,
02000000,
000f0000,
00000000,
0a020000,
00000000,
02000000,
00000000,
00000000,
00040a02,
00000007,
00000000,
00020000,
00000000,
0a000000,
01000000,
00000003,
02020000,
00090000,
02000000,
01010000,
00000400,
08000400,
00000100,
00000000,
00050701,
00000004,
00000002,
00000002,
00000000,
05000000,
03000000,
03000405,
02040000,
00020101,
00030000,
00010000,
00000400,
04000600,
00000100,
04020001,
00040700,
02000002,
00000004,
00000004,
00000000,
03000000,
03000000,
03000506,
02030000,
00020001,
01040000,
00020000,
00000500,
03000600,
00000200,
04020001,
00040600,
01000004,
00000004,
00000003,
00000000,
03000000,
04000001,
03000506,
01030000,
00030001,
01050000,
00020000,
00000400,
02000500,
00000100,
04020001,
00040600,
01000003,
00000003,
00000003,
00000000,
04000000,
04000002,
03000406,
02040000,
00030001,
01050000,
00030001,
00000300,
03000600,
00000100,
04020001,
00030700,
01000002,
00000002,
00000003,
00000000,
02000000,
04000001,
04000505,
01040000,
00020001,
00050000,
00030001,
00000400,
02000600,
00000000,
03020000,
00030700,
01000002,
00000003,
00000003,
00000000,
03000000,
03000002,
04000405,
02040000,
00020002,
00040000,
00040000,
00000300,
02000600,
00000200,
02020000,
00020700,
01000001,
00000004,
00000003,
00000000,
03000000,
03000001,
03000405,
01040000,
00020102,
00050000,
00030000,
00000300,
02000600,
00000200,
02020000,
00030700,
02000003,
00000004,
00000003,
00000000,
02000000,
04000001,
04000605,
01040000,
00030001,
01050000,
00030000,
00000300,
03000600,
00000200,
03020000,
00040700,
01000005,
00000003,
00000004,
00000000,
04000000,
03000001,
04000505,
02040000,
00030001,
00050000,
00030000,
00000400,
03000600,
00000100,
02020000,
00050700,
01000005,
00000003,
00000003,
00000000,
03000000,
03000001,
04000505,
02040000,
00020001,
00050000,
00020000,
00000400,
03000600,
00000100,
03010001,
00050701,
01000004,
00000003,
00000002,
00000000,
04000000,
03000001,
03000605,
02040000,
00020001,
00050000,
00020000,
00000300,
03000600,
00000100,
03020001,
00010701,
00000002,
03000002,
00000000,
00000000,
0b000000,
00000005,
00000700,
07060000,
01080000,
04000300,
00000000,
03070400,
02000300,
00000200,
00020005,
00000006,
00000000,
06000006,
00000300,
00000000,
0f000000,
00000018,
06000000,
00040000,
03090000,
07000002,
00000000,
04060000,
00000b00,
00040000,
00010000,
00000000,
00000000,
0a000000,
00000000,
00000006,
0001000d,
00000017,
12000000,
00030b00,
0e0b0012,
02000000,
00000000,
00000000,
00000900,
00000000,
00000000,
00000000,
09000000,
00000000,
05000000,
0003000b,
00000001,
00000000,
000c0000,
00020a00,
0a02000b,
00000000,
00000700,
01010000,
00000000,
00000000,
00030400,
00020000,
0c030000,
04030000,
07000000,
0014010e,
00000004,
00000e00,
001e0000,
00000a00,
07000000,
00000000,
00000200,
130c0000,
0000000c,
00000000,
000a0000,
00000000,
08000000,
0c000000,
00000000,
001d000b,
00010001,
00000001,
00240000,
00000600,
0b000000,
00000004,
00000e00,
04060000,
00000000,
00000000,
00140006,
00000000,
00000000,
04000000,
00000700,
000f000d,
000b0000,
00000000,
00170000,
00000008,
09000000,
00000010,
00000c00,
07000000,
00000004,
00000000,
00140000,
00000000,
00000000,
00000000,
00000000,
0000000f,
00050000,
01000009,
0c000000,
00020403,
0a000011,
00000005,
09000400,
00000000,
00000600,
00000000,
00030000,
00030600,
10010000,
00000000,
000e0001,
00000011,
00000000,
00000000,
00001100,
00070800,
0400000d,
00000000,
03000000,
00050000,
00000000,
00000000,
00000000,
00000800,
0e000024,
00000000,
00000200,
00000107,
15000000,
00000400,
00000000,
00000000,
00000000,
04000000,
10040000,
000a0d00,
00000000,
00000000,
00000000,
00000200,
0000000b,
00000000,
0000000b,
00000000,
07000000,
00000000,
00000003,
00020000,
00000502,
03000000,
00000000,
00060300,
0a000000,
00000000,
00000000,
00000700,
00000003,
00000008,
0000000b,
00000000,
02000000,
03000000,
00000504,
00030000,
00000002,
01000000,
00000000,
00020600,
0a000100,
00000000,
00000000,
00060700,
02000002,
0000000a,
00000005,
00000000,
00000000,
03000000,
01000305,
00010000,
00020200,
01000000,
00000000,
00010600,
05000500,
00000000,
00000000,
00050700,
01000003,
00000005,
00000002,
00000000,
00000000,
02000000,
02000204,
00030000,
00030000,
00010000,
00020000,
00000600,
05000600,
00000000,
00020001,
00020800,
00000004,
00000004,
00000003,
00000000,
01000000,
02000001,
03000504,
00030000,
00020001,
00020000,
00030000,
00000400,
04000500,
00000100,
01010001,
00020700,
00000003,
00000002,
00000004,
00000000,
02000000,
04000000,
03000406,
01030000,
00020001,
01020000,
00040000,
00000300,
03000500,
00000300,
01000003,
00020700,
00000003,
00000001,
00000004,
00000000,
01000000,
05000001,
03000306,
01030000,
00030100,
01010000,
00030000,
00000200,
04000500,
00000300,
01000004,
00010600,
01000004,
00000000,
00000004,
00000000,
02000000,
06000000,
02000205,
00030000,
00030100,
01000000,
00040000,
00000100,
04000400,
00000000,
01000003,
00000503,
00000002,
00000000,
00020004,
00000000,
03000000,
05000000,
00000204,
00040000,
00050000,
05000000,
00020000,
00000100,
02000000,
00000000,
00000003,
00000102,
01000000,
00000000,
00000006,
00000000,
03000000,
01000000,
00000004,
00000000,
00040000,
07000000,
00010000,
00000000,
00000000,
00010000,
00000004,
01010500,
00000002,
01010000,
03010002,
05000000,
00000100,
00000000,
03000004,
01000000,
00030000,
02000000,
00060000,
03000000,
00000000,
00000200,
00000002,
00000500,
00000002,
03050000,
00030000,
00000000,
01000000,
00050000,
00000000,
0b030000,
01000000,
00000000,
00000000,
00000000,
00000000,
00000300,
00000000,
00000000,
00000000,
0109001a,
00000000,
01010000,
00000000,
000a0000,
00000000,
00010400,
03000000,
03000000,
00000000,
00020000,
00000000,
00000000,
00010400,
00000d02,
00000000,
00110007,
00000000,
09000000,
00000000,
00080000,
00000000,
00000000,
060a0002,
00050e00,
00000000,
00000003,
01000000,
00000000,
000a0000,
0007090e,
04000000,
0a040004,
01000000,
0e000300,
04000701,
00060300,
04000007,
05000600,
00180004,
000d1200,
00000000,
00000000,
00000000,
00010000,
00000000,
05000000,
00040000,
0a010000,
00010000,
0b000000,
07000200,
00080005,
00000000,
00150007,
09010000,
00060400,
16000500,
00000006,
00000000,
000c0000,
00040300,
0e000000,
00000000,
07000000,
00000004,
0c000005,
00000000,
00000000,
00000000,
00000000,
0c000000,
02080000,
03000500,
00030000,
00000000,
00060000,
00000000,
02000000,
0000000b,
00010000,
0000000b,
09000003,
00000600,
00000000,
01000100,
00000000,
0a000004,
02000000,
00040816,
00000000,
00000000,
00000000,
00000000,
01000000,
02000019,
00020000,
00000009,
01000000,
00000200,
03000000,
06000000,
05000000,
00000000,
00000000,
00090003,
01000000,
00030000,
00000000,
00000000,
03000100,
00000009,
00000000,
00000004,
00000000,
04000300,
02000000,
05000000,
04000000,
00030000,
00040000,
00070000,
02000000,
00000000,
00000000,
01000000,
02030300,
00000005,
00000003,
00000004,
00000000,
03000100,
03000000,
04000204,
02000000,
00030000,
01040000,
00050000,
00000100,
02000000,
00000000,
01000000,
01020400,
00000006,
00000003,
00000004,
00000000,
03000000,
03000000,
05000304,
02000000,
00030000,
01030000,
00040001,
01000200,
03000100,
00000100,
02000001,
02020300,
00000005,
00000000,
00000005,
00000000,
05000000,
05000000,
05000507,
01000000,
00020000,
01030000,
00050002,
00000500,
05000000,
00000000,
03000002,
02020100,
00000003,
00000000,
00000007,
00000000,
08000000,
08000000,
02000106,
00020000,
00020000,
01000000,
00000001,
00010900,
0a000000,
00000000,
01000006,
02030600,
00000005,
00000000,
00000109,
00000000,
06000000,
02000000,
00000005,
00060000,
00000000,
00000000,
00000000,
00030700,
0c000000,
00000000,
00000005,
00030a00,
00000001,
00000002,
0500010c,
00000000,
02000000,
00000000,
00000505,
04000000,
00000000,
03000000,
00000000,
00060400,
0a000000,
00000000,
00000000,
00030600,
00000000,
00000002,
00000008,
00000000,
06000000,
06000000,
03000104,
02000000,
00060000,
02000000,
00010000,
00040800,
0c000000,
00000000,
00020001,
00020300,
00000003,
00000000,
00000005,
00000000,
07000000,
05000001,
02000004,
00060000,
00070001,
04000000,
00000000,
00020600,
09000000,
00000000,
00020006,
00010608,
00000000,
02000000,
09000103,
00000000,
08000000,
01000003,
00000006,
00050000,
00000003,
04000500,
00000000,
01000000,
00000000,
00000000,
0000000b,
00001004,
00000000,
02000500,
0d000502,
00000000,
03000000,
00000000,
00000002,
00040000,
00000006,
03000a00,
00000000,
01000000,
03000000,
00000000,
0000000c,
00001106,
00000000,
00000000,
07000000,
00000000,
02000000,
00000000,
00000602,
00020000,
00000005,
09000203,
00000000,
00020000,
0a000000,
00000000,
00000001,
00010000,
00000000,
0200000b,
00000000,
00000000,
08000000,
00010009,
00000000,
0c020000,
00020000,
0b000003,
00000000,
00030100,
04000000,
00000000,
00000003,
00060000,
00070000,
00000016,
02000200,
00000001,
06000002,
00000021,
03000005,
00070600,
02000002,
08000100,
00000000,
00000000,
00000500,
00060000,
00000007,
00000002,
0a0d0000,
02000000,
04000300,
000b0005,
000b0006,
0000000f,
00030003,
00060903,
07000000,
00000000,
00000800,
00000005,
00000000,
00000600,
0000000b,
00000000,
070a0000,
06000000,
00000000,
00100008,
00190000,
08000000,
02090000,
00000907,
07000000,
07000000,
00001200,
00000002,
00000000,
01000000,
00010006,
00000000,
00030000,
00000000,
00000100,
0006000c,
00110000,
04000000,
10000000,
00000a0a,
03000000,
00000000,
00000d00,
00000000,
00000001,
00000000,
00000000,
00000000,
00060000,
00000000,
00000000,
0000000c,
00040203,
00000000,
01040000,
00000907,
01000000,
00000000,
03000a00,
00000000,
00000000,
00000200,
00000000,
00000200,
00040000,
00000000,
00000000,
0003000a,
00020000,
00000200,
000b0200,
0000030c,
00000000,
00000000,
00000900,
00000000,
00000000,
00000303,
00070000,
00000000,
00000000,
00000101,
00000000,
00040008,
00000000,
00000000,
00060000,
00000c0c,
01000000,
00000002,
00000700,
01000000,
00000000,
00000b00,
000f0000,
00000200,
000b0000,
00000000,
00000000,
00030008,
00030000,
05000000,
02010a00,
0000150d,
05000000,
00000000,
00000200,
05000000,
00000000,
00000300,
000d0000,
00001000,
00080003,
00000000,
00030200,
00000008,
00050000,
00000000,
00001400,
00000800,
00000003,
00000000,
08000000,
0f000000,
00000000,
00000000,
00030000,
00001301,
0100000b,
00000000,
00020000,
00000004,
0c000000,
00000000,
00000100,
02000000,
000c0000,
03000000,
0c040000,
00000000,
05000000,
00000000,
00000000,
00000700,
00000007,
00000000,
00010000,
00000000,
09000000,
02000000,
00000003,
00020000,
00070000,
02000000,
00020000,
00000400,
09000500,
00000000,
00000000,
00020500,
01000006,
00000004,
00000003,
00000000,
04000000,
04000000,
02000505,
00050000,
00010001,
01030000,
00020000,
00000400,
04010600,
00000000,
02020000,
00040501,
01000004,
00000004,
00000003,
00000000,
03000000,
04000001,
03000505,
01050000,
00020001,
01050000,
00010000,
00000400,
03010600,
00000000,
03020001,
00050600,
00000004,
00000003,
00000002,
00000000,
02000000,
04000001,
03000605,
01040000,
00020000,
01050000,
00020000,
00000400,
03000600,
00000000,
04020001,
00040600,
01000004,
00000003,
00000003,
00000000,
04000000,
04000001,
03000306,
01040000,
00030001,
00050000,
00030000,
00000400,
03000600,
00000000,
03020001,
00010600,
01000003,
00000003,
00000004,
00000000,
02000000,
04000000,
03000406,
01030000,
00020001,
01050000,
00020000,
00000400,
03000500,
00000100,
03010001,
00010600,
00000005,
00000003,
00000003,
00000000,
03000000,
04000001,
03000406,
01040000,
00020001,
02050000,
00020000,
00000200,
04000500,
00000100,
03020001,
00010600,
01000003,
00000004,
00000003,
00000000,
03000000,
05000002,
03000506,
01040000,
00020002,
02060000,
00020000,
00000200,
03010600,
00000000,
03030001,
00030600,
01000003,
00000005,
00000003,
00000000,
02000000,
05000001,
03000506,
01040000,
00020001,
02060000,
00030000,
00000200,
03010600,
00000100,
04030000,
00020600,
01000005,
00000003,
00000003,
00000000,
04000000,
04000001,
03000406,
02040000,
00030001,
01060000,
00040000,
00000300,
04000600,
00000000,
03020000,
00030600,
01000005,
00000003,
00000003,
00000000,
03000000,
05000001,
03000506,
01040000,
00020001,
01050000,
00040000,
00000300,
04000600,
00000100,
03020000,
00030500,
01000005,
00000004,
00000003,
00000000,
03000000,
04000000,
03000505,
01040000,
00020001,
02050000,
00030000,
00000300,
04000500,
00000100,
02020000,
00000500,
00000004,
01000003,
00000000,
00000000,
09000000,
00000004,
00000900,
05070000,
01070000,
03000000,
00000000,
01060600,
02000300,
00000100,
00030003,
00000007,
00000000,
0600000b,
00000100,
00000000,
10000000,
00000015,
02000000,
00060000,
02090000,
08000000,
00000000,
02080000,
00000c00,
00040000,
00010000,
00000003,
00000000,
0b000003,
02000000,
00000004,
0000000c,
00000014,
10000000,
00030800,
0d0c0013,
02000000,
00000000,
00000000,
00000800,
00000000,
00000000,
00000104,
07000000,
00000000,
05000001,
00000009,
00000000,
03000000,
090b0000,
000b0900,
0a0c000e,
00000000,
00000500,
03000000,
00000000,
00000000,
00060400,
00080000,
08030000,
00030000,
08000000,
000f040c,
00000000,
00000100,
00170000,
00000a00,
05030000,
00000000,
00000000,
0d070000,
00000011,
00000200,
02050000,
00010000,
0f000000,
0c000000,
07000000,
001b030c,
00000000,
00000000,
00230000,
00000600,
05000000,
00000000,
00000600,
000d0000,
0000000d,
00000000,
00120003,
00000000,
00000000,
0b000000,
00000500,
000f000c,
00000000,
00000300,
00190000,
00000904,
08000000,
0000000a,
00000d00,
07070000,
00000003,
00000000,
00170000,
00000000,
00000000,
00000000,
00000100,
0000000c,
00040000,
0000000d,
0b000000,
00000103,
0c000012,
0000000b,
0b000800,
00000000,
00000d00,
00000000,
00020000,
00000500,
0d000000,
00000000,
00060002,
00000014,
00000100,
00000000,
00000e00,
00080800,
03000010,
00000000,
00000000,
00010000,
00000000,
00000000,
00000000,
00000800,
16000015,
00000000,
00000000,
0000000b,
08000000,
00000500,
00000600,
00000000,
00030000,
02000000,
0b070000,
00060b00,
00000000,
00000000,
00000000,
00000200,
00000014,
00000000,
00000002,
00000000,
09000000,
00000000,
00000003,
00000000,
00000200,
01000000,
00040001,
00020100,
00000100,
00000000,
00000000,
00020800,
00000004,
00000003,
00000002,
00000000,
02000000,
04000000,
03000604,
01040000,
00010000,
01020000,
00030000,
00000200,
05000600,
00000100,
01000000,
00040600,
02000004,
00000004,
00000002,
00000000,
03000000,
04000001,
03000405,
01050000,
00020000,
01020000,
00030000,
00000300,
03000600,
00000000,
01000001,
00050700,
02000003,
00000004,
00000003,
00000000,
02000000,
03000000,
03000305,
00040000,
00020000,
00020000,
00030000,
00000400,
03000500,
00000100,
01000002,
00020800,
01000004,
00000002,
00000004,
00000000,
03000000,
03000000,
03000405,
02030000,
00020000,
00030000,
00030000,
00000400,
04000500,
00000100,
01010002,
00010800,
00000003,
00000001,
00000004,
00000000,
03000000,
05000000,
03000306,
02030000,
00020200,
01010000,
00030000,
00000300,
04000400,
00000200,
02000003,
00010701,
00000003,
00000002,
00000005,
00000000,
02000000,
06000000,
02000405,
01030000,
00020200,
01000000,
00030000,
00000200,
04000400,
00000000,
02010004,
00010702,
01000004,
00000000,
00000004,
00000000,
01000000,
05000000,
01000304,
00030000,
00030100,
00000000,
00030000,
00000200,
03000300,
00000000,
01000003,
00020403,
01000002,
00000000,
00010002,
00000000,
01000000,
04000000,
00000302,
00060000,
00060000,
02000000,
02020000,
00000300,
03000000,
00000000,
00000001,
00000106,
00000000,
00000000,
00030003,
00000000,
00000000,
01010000,
00000002,
00040000,
00060000,
06000000,
00000000,
00000000,
00000000,
00010000,
00000003,
00040600,
00000000,
02030000,
03050200,
00000000,
00000000,
00040000,
00000002,
07000000,
00020000,
04000000,
00000000,
00000000,
00000000,
00000100,
00000006,
00010100,
00000000,
04030008,
00000000,
00000000,
00000000,
00080000,
00000000,
06000100,
02000000,
03000000,
00000000,
00020000,
00000000,
00000000,
00000000,
00000500,
00000000,
000e001d,
00000000,
06000000,
00000000,
000d0000,
00000302,
00030200,
07000000,
00000100,
00000000,
00000000,
00000000,
00000000,
00040201,
00000c07,
00000000,
000d0003,
00000000,
0a000000,
00000000,
000a0000,
00000100,
00000000,
05130004,
05080e00,
00000000,
00000004,
02000000,
00000000,
00080000,
00040609,
07020000,
0b040000,
02000000,
0d000100,
0b000802,
01050400,
06010007,
0c000802,
00170000,
000d1000,
00000000,
01000000,
00000004,
00000000,
00000000,
03000000,
00010300,
09040000,
00000003,
0d000001,
0b000300,
00080000,
00000000,
00100003,
09010000,
00050000,
10000200,
00010009,
00000000,
000f0000,
00050000,
0d000000,
00000000,
0b060000,
00000004,
0b000003,
00000000,
00040000,
00000000,
00050000,
0d000000,
00070100,
11000c00,
00000000,
00000000,
00040000,
00000000,
0c000000,
00000000,
00000000,
00000005,
15000002,
00000800,
00000000,
00000000,
00000000,
0c000000,
00010000,
00000f02,
00000000,
00000000,
00000000,
00000000,
00000000,
0300001b,
00030000,
0000000e,
01000000,
00000600,
00000000,
07000600,
00000000,
00000000,
00000000,
000d0414,
02000000,
00000000,
00000000,
00000000,
03000000,
0000000f,
00000000,
00000008,
00000400,
07000200,
01000000,
06000001,
07000000,
00000000,
00000000,
00090100,
03000000,
00000000,
00000000,
00000000,
02020300,
00000005,
00000002,
00000005,
00000000,
02000100,
03000000,
05000204,
02000000,
00040000,
00030000,
00050000,
01000300,
00000000,
00000000,
01000003,
02050400,
00000005,
00000004,
00000004,
00000000,
04000000,
03000000,
04000405,
02000000,
00030000,
01030000,
00040000,
01000300,
03000100,
00000000,
02000002,
01040500,
01000006,
00000004,
00000004,
00000000,
04000000,
04000000,
04000405,
03000000,
00030000,
00040000,
00040000,
00000300,
03000100,
00000000,
03000002,
01050400,
00000006,
00000003,
00000004,
00000000,
04000000,
04000000,
05000304,
03020000,
00030000,
00030000,
00030000,
01000300,
04000100,
00000100,
03000002,
02040500,
01000005,
00000003,
00000004,
00000000,
05000000,
03000000,
04000304,
03000000,
00030000,
00020000,
00030000,
00000400,
05000300,
00000100,
03000002,
01030500,
00000005,
00000004,
00000004,
00000000,
04000000,
02000000,
04000404,
03000000,
00020000,
01020000,
00040001,
00000300,
04000300,
00000100,
02000002,
00020600,
00000002,
00000003,
00000005,
00000000,
03000000,
04000001,
05000505,
01010000,
00020000,
00020000,
00050002,
00000300,
05000400,
00000100,
03010002,
00020500,
00000002,
00000000,
00000005,
00000000,
06000000,
05000001,
04000406,
00050000,
00020001,
00010000,
00020000,
00000600,
07000000,
00000100,
01010006,
00020600,
00000004,
00000000,
00000004,
00000000,
07000000,
04000000,
01000006,
00070000,
00000001,
03000000,
00000000,
00000700,
08000000,
00000000,
00000005,
00000a05,
00000003,
00000000,
01000005,
00000000,
03000000,
03000000,
00000105,
00060000,
00000001,
04000000,
00000000,
00000400,
08000000,
00000000,
00000003,
00030900,
00000000,
00000103,
00000004,
00000000,
04000000,
03000000,
00000504,
04020000,
00010001,
04010000,
00000000,
00010700,
07000100,
00000000,
00010001,
00030100,
00000000,
00000008,
00000001,
00000000,
08000000,
00000006,
01000001,
01070000,
00050000,
04000000,
00010000,
01030300,
04000000,
00000000,
00000007,
00000003,
00020000,
00000404,
09000300,
00000000,
0a000000,
00000016,
00000004,
000e0000,
0100000b,
07000a00,
00000000,
00000000,
00000000,
00070000,
0000000f,
00000011,
06070000,
07000500,
14000300,
00030003,
04090004,
00020315,
00050008,
000a0000,
0300000c,
03000400,
00000300,
01000000,
00000000,
00000000,
00000017,
00000516,
00090000,
04000300,
06000000,
000e0006,
00110000,
0000000c,
00040000,
00060301,
06000002,
04000001,
00000903,
00000000,
00000000,
00000002,
00000012,
00020511,
00070000,
00000000,
01000400,
00070006,
00110000,
0000000a,
07010000,
00000102,
05000003,
03000000,
00000902,
01000000,
00000000,
00000000,
00000009,
000c0000,
000a0000,
00000000,
00000100,
00000008,
00100304,
00030000,
06040000,
00000502,
03000002,
00000000,
00000700,
00000000,
00000001,
00000005,
00000002,
000c0000,
020a0000,
00000002,
00000209,
00000008,
00100200,
00070100,
000b0000,
00000e02,
02000003,
01000000,
03000700,
00000001,
00000003,
00000607,
00010007,
00020000,
07070000,
00000000,
00000204,
00060006,
00110000,
00000000,
00090000,
0000110a,
04000001,
00000008,
00000b00,
01000008,
00000000,
00000907,
000e0206,
00000200,
00050000,
00000000,
00000000,
000e0009,
00080006,
03000000,
00030900,
00001009,
05000000,
00000000,
00000200,
08000003,
00000200,
02000000,
000b0000,
00001100,
00000000,
00000000,
00000000,
0000000a,
00030000,
00000000,
00001100,
00000300,
01000001,
00000000,
03000000,
04000005,
00000000,
00000000,
00000000,
00001001,
01000008,
02000000,
00000000,
00000005,
0b000000,
00000000,
00000000,
00000000,
000b0100,
04000000,
0a010000,
00000100,
03000000,
00000000,
00000000,
00000500,
01000004,
00000001,
00010000,
00000000,
06000000,
02000000,
00000003,
00030000,
00070101,
03010000,
01020000,
00000600,
06000400,
00000000,
00000200,
00000400,
01000004,
00000004,
00000004,
00000000,
01000000,
04000000,
02000305,
00040000,
00010102,
03060000,
00040000,
00000400,
03000500,
00000100,
00020100,
00000300,
01000004,
00000104,
00000004,
00000000,
01000000,
03000001,
03000505,
00050000,
00010002,
02070000,
00040000,
00000300,
02000500,
00000100,
01030200,
00010400,
00000004,
00000003,
00000003,
00000000,
01000000,
03000001,
03000505,
00050000,
00010002,
01060000,
00030000,
00000300,
02010500,
00000100,
03030000,
00010400,
03000005,
00000103,
00000003,
00000000,
02000000,
03000001,
03000306,
01040000,
00020001,
02060000,
00030000,
00000300,
02000500,
00000200,
02040000,
00010300,
01000004,
00000003,
00000003,
00000000,
02000000,
04000000,
02000406,
01050000,
00020000,
03070000,
01030000,
00000300,
04000500,
00000100,
03040000,
00000300,
00000005,
00000004,
00000004,
00000000,
02000000,
05000001,
02000506,
00050000,
00010003,
04080000,
00030000,
00000200,
04020400,
00000001,
03040101,
00000200,
00000004,
00000005,
00000003,
00000000,
02000000,
05000001,
01000407,
00050000,
00020003,
04090000,
00030000,
00000300,
02000400,
00000001,
02040201,
00000300,
00000003,
00000104,
00000003,
00000000,
01000000,
04000001,
02000506,
00040000,
00020003,
03080000,
01030000,
00000200,
02000400,
00000001,
02040200,
00000400,
00000005,
00000102,
00000003,
00000000,
02000000,
04000001,
02000406,
00040000,
00020002,
02070000,
00030000,
00000300,
03010400,
00000001,
02040100,
00010400,
00000005,
00000003,
00000004,
00000000,
03000000,
04000001,
02000506,
01040000,
00020002,
02070000,
00030000,
00000400,
03000400,
00000000,
02030000,
00000400,
00000005,
00000004,
00000004,
00000000,
02000000,
03000001,
03000405,
00040000,
00020002,
01070000,
00030000,
00000400,
03000400,
00000100,
01020000,
00000500,
00000006,
01000003,
00000000,
00000000,
06000000,
00000003,
00000900,
04070000,
00060000,
02000000,
00020000,
00050700,
01000200,
00000100,
00030002,
00000008,
00000000,
0500000c,
00000000,
00000000,
0e000000,
00000014,
00000000,
00050000,
030a0000,
0a000000,
00000000,
01090500,
00000d00,
00030000,
00010000,
00000001,
00000000,
09000003,
01000000,
00000004,
0000000d,
00000016,
0d000000,
00000700,
0b0c0011,
00000000,
00000002,
00000000,
00000b00,
00000000,
00000000,
00000003,
04010000,
03000000,
05000000,
0000000a,
00000108,
08000000,
0c050000,
000e0903,
0b0e0007,
00000000,
00000200,
00000000,
00000000,
00000000,
03080000,
00000002,
00010000,
00000000,
05000006,
00070009,
00000000,
00000000,
08080300,
000a0e00,
07090000,
00000000,
00000300,
02000000,
00000000,
00000300,
0a000000,
000c0000,
16000000,
00000000,
09000005,
0014040b,
00000000,
00000000,
00160000,
00000600,
05000000,
00000000,
00000400,
010a0000,
00000000,
00000000,
00040000,
00000000,
00000000,
05000000,
06000000,
001a0f0d,
00000000,
00000300,
001e0000,
00000704,
05000000,
00000006,
00000500,
0a130000,
0000000f,
00000000,
00160000,
00000000,
00000000,
03000000,
00000100,
0000000d,
00020000,
0000000d,
03020000,
00000000,
0b000006,
0000000c,
03000803,
00000000,
00001400,
00000000,
00090000,
00000500,
06000000,
00000000,
00040000,
00000012,
00000002,
00000000,
00000a00,
00040700,
04000016,
00000000,
00000000,
00000000,
00000000,
00000000,
00000000,
00040500,
16000008,
00000000,
00000000,
0000000d,
00000000,
00000200,
00000d00,
00000000,
00020000,
03000000,
09040000,
00040900,
00000000,
00000000,
00000000,
00000100,
0000001b,
00000000,
00000002,
00000000,
0e000000,
00000000,
00000003,
00000000,
00040400,
01000000,
06050001,
00010400,
00000000,
00000000,
00000001,
00000700,
00000004,
00000003,
00000003,
00000000,
02000000,
03000000,
02000604,
00030000,
00000000,
01010000,
00030000,
00000300,
03000600,
00000000,
01010000,
00020700,
02000004,
00000004,
00000003,
00000000,
03000000,
03000000,
03000504,
00030000,
00020000,
01010000,
00030001,
00000300,
03000500,
00000000,
01010000,
00030701,
01000003,
00000002,
00000003,
00000000,
03000000,
02000000,
02000305,
01030000,
00020000,
00000000,
00030000,
00000400,
04000500,
00000100,
01000002,
00030701,
01000003,
00000001,
00000004,
00000000,
04000000,
03000000,
02000305,
02020000,
00020000,
01000000,
00030000,
00000300,
05000500,
00000300,
01010004,
00020600,
00000004,
00000003,
00000005,
00000000,
03000000,
04000000,
03000404,
01020000,
00020100,
02000000,
00030000,
00000200,
05000500,
00000101,
02000004,
00010701,
01000004,
00000001,
00000005,
00000000,
02000000,
05000000,
01000304,
01020000,
00030100,
01000000,
00030000,
00000200,
04000500,
00000000,
02010004,
00010601,
00000004,
00000000,
00000004,
00000000,
00000000,
04000000,
02000303,
00030000,
00040000,
01000000,
00040001,
00000300,
04000200,
00000000,
01000002,
00030300,
01000001,
00000000,
00000002,
00000000,
00000000,
03000000,
01000302,
00050000,
00060000,
00000000,
01050000,
00000500,
02000200,
00000000,
00000000,
00000405,
00000000,
00000000,
00030000,
00000000,
00000000,
00010000,
00000200,
00060000,
00080000,
06000000,
02000000,
00000000,
00000000,
00000000,
00000002,
00000000,
00000002,
02050000,
00000000,
00000000,
00000000,
00040002,
00000000,
09030000,
00010000,
03000000,
00000000,
00000000,
00000000,
00000200,
00000004,
00060000,
00000000,
01020014,
00000000,
01000000,
00000000,
00090000,
00000003,
00000200,
02000000,
00000000,
00000000,
00030000,
00000000,
00000000,
00040100,
00000a00,
00000000,
00110011,
00000000,
0b000000,
00000000,
000a0000,
00000103,
00010300,
04000003,
00040800,
00000000,
00000000,
00000000,
00000000,
00090000,
00000709,
00000000,
01020000,
00000000,
09000000,
00000300,
00080000,
00000000,
0b000006,
030f0002,
030b1200,
00000200,
00000003,
00050000,
00000000,
00020000,
02010000,
02020000,
08030004,
00000000,
0d000300,
0a000806,
00040200,
03000006,
0b000b03,
00110000,
00091100,
00040000,
04000000,
00000000,
00000000,
00000000,
08000001,
00000600,
0c060000,
00000000,
0e000000,
08000300,
00020000,
00070004,
00060009,
06000002,
00080001,
0d000800,
0002000c,
00000000,
000e0000,
00050000,
0a000001,
00000000,
08030000,
00000000,
0a000002,
00000000,
00030000,
00000000,
000a0000,
0a000000,
00010000,
10000700,
00000005,
00000000,
00070000,
00000000,
0e000000,
00000000,
03000000,
00000002,
0d000005,
00000300,
00000000,
00010000,
00000000,
0d000000,
00030000,
00000b00,
00000003,
00000000,
00030000,
00000000,
05000000,
0300000a,
00020000,
0000000f,
0b000001,
00000600,
00000000,
04000000,
00000000,
05000000,
00000000,
000c0c1b,
00000000,
00000000,
00000000,
00000000,
00000000,
00000017,
00000000,
00000010,
00000000,
02000500,
00000000,
08000300,
04000000,
00000000,
00000000,
000d0301,
03000000,
00000000,
00000000,
00000000,
03000100,
00000009,
00000000,
00000006,
00000000,
04000300,
03000000,
06000101,
05000000,
00000200,
00010000,
00070000,
01000200,
00000000,
00000000,
00000000,
02050401,
00000006,
00000003,
00000004,
00000000,
03000000,
03000000,
05000404,
03010000,
00030000,
00030000,
00040000,
01000300,
02000000,
00000000,
02000002,
02050501,
00000005,
00000003,
00000004,
00000000,
04000000,
03000000,
04000404,
03000000,
00020000,
00030000,
00030000,
00000400,
03000100,
00000000,
02000002,
02050400,
00000006,
00000003,
00000004,
00000000,
04000000,
04000000,
04000305,
03000000,
00030000,
00030000,
00040001,
01000400,
04000200,
00000100,
03000002,
01040400,
00000006,
00000003,
00000004,
00000000,
05000000,
03000000,
04000204,
02010000,
00020000,
00020000,
00030000,
00000400,
04000300,
00000100,
03000002,
01040500,
01000005,
00000004,
00000004,
00000000,
04000000,
02000000,
03000403,
01000000,
00020000,
01020000,
00020001,
00000400,
04000200,
00000100,
03000002,
00010601,
00000004,
00000004,
00000004,
00000000,
04000000,
03000000,
04000403,
02000000,
00020000,
01020000,
00030003,
00000400,
05000400,
00000100,
03000002,
00030700,
00000004,
00000004,
00000004,
00000000,
03000000,
04000002,
06000506,
02020000,
00020001,
00020000,
00030002,
02000100,
05000500,
00000200,
04000003,
00060700,
01000005,
00000003,
00000003,
00000000,
05000000,
03000001,
04000407,
00030000,
00020000,
00010000,
00040000,
00000400,
05000500,
00000000,
03000003,
00060902,
00000006,
00000002,
00000003,
00000000,
04000000,
03000001,
03000505,
01040000,
00020000,
00020000,
00020000,
00000600,
03000500,
00000000,
03020002,
00040700,
00000006,
00000002,
00000001,
00000000,
05000000,
01000001,
02000803,
05020000,
00000000,
03020000,
00020000,
00000400,
03000500,
00000200,
02020000,
00000400,
00000000,
00000200,
00000000,
00000000,
07000000,
00000000,
00000000,
06000000,
00000000,
07000000,
00010000,
00050000,
04000000,
00000100,
00010002,
00000000,
00020000,
00000500,
00000100,
00000200,
0b000009,
00000000,
00000000,
00000000,
00000008,
07000500,
00000000,
000b0000,
01000000,
00030000,
00000700,
00000000,
00000000,
00000500,
02000100,
00000004,
0b000004,
00000001,
00000000,
00030000,
0000000a,
00000900,
00000000,
03040000,
00000000,
00000000,
00000609,
00000316,
00000000,
00000800,
08000003,
00000005,
0e000000,
00000004,
00000000,
000b0006,
00000007,
04000a00,
00000100,
00010000,
00000000,
00000001,
00000009,
00000319,
00030000,
00000400,
09000100,
00000005,
05040000,
00000005,
01000000,
00040009,
04000009,
03000000,
00000100,
03000000,
00000000,
00000004,
00000006,
0000000a,
00080000,
04000000,
09000001,
00050007,
000c0000,
00000005,
04040000,
00020503,
05000009,
00000000,
00000000,
05000000,
00000001,
00000009,
00000003,
00050000,
050b0000,
05000000,
0000000a,
000a0009,
00120000,
00010000,
000e0000,
00000e07,
06000006,
00000000,
00000400,
01000000,
00000001,
00000005,
0002000c,
00000000,
010a0000,
00000000,
00000105,
00090008,
00140000,
05000000,
00120000,
00000e0a,
07000004,
00000005,
00000700,
00000000,
00000003,
00000005,
000c000e,
00000600,
00010000,
00000000,
00000000,
0006000b,
000c0000,
03000000,
00050700,
00000b06,
08000000,
00000000,
01000000,
0d010003,
00000000,
00000000,
00040000,
00001708,
00020000,
00000000,
00000100,
00000009,
00010000,
00000300,
00001000,
00000000,
0401000b,
00000000,
02000000,
02000006,
00000000,
00000000,
00000000,
00001200,
05000008,
02000000,
00000000,
00000002,
0d000000,
00000000,
00000000,
02000000,
000d0300,
03000001,
05000003,
00000400,
02000000,
00000000,
00000000,
00000700,
02000002,
00000002,
00010001,
00000000,
06000000,
02000000,
00000004,
00030000,
00060202,
03020000,
00000001,
00000500,
04000400,
00000100,
00010000,
00020600,
01000002,
00000103,
00000005,
00000000,
03000000,
03000001,
02000407,
01040000,
00010202,
02060000,
00010001,
00000400,
01000400,
00000100,
02030001,
00030600,
00000003,
00000102,
00000005,
00000000,
02000000,
02000001,
03000607,
00040000,
00010102,
01070000,
00030000,
00000400,
01000500,
00000001,
01040000,
00020701,
00000003,
00000102,
00000004,
00000000,
03000000,
03000001,
03000606,
01050000,
00020102,
00070000,
00030001,
01000400,
01010500,
00000000,
01020000,
00020600,
02000002,
00000102,
00000003,
00000000,
02000000,
03000002,
04000406,
01040000,
00010102,
01070000,
00020000,
00000400,
00000500,
00000000,
01020001,
00030600,
01000001,
00000003,
00000003,
00000000,
02000000,
03000001,
03000506,
01050000,
00020101,
01080000,
00030000,
00000500,
01000500,
00000000,
01020000,
00020600,
00000001,
00000003,
00000004,
00000000,
02000000,
03000002,
03000506,
02050000,
00010002,
00090000,
00030000,
01000400,
00000600,
00000000,
00030001,
00030700,
00000001,
00000002,
00000003,
00000000,
03000000,
02000002,
03000506,
01050000,
00020002,
00090001,
00030001,
01000400,
00000500,
00000000,
00030001,
00030901,
00000000,
00000101,
00010003,
00000000,
02000000,
02000001,
02000505,
01040000,
00020002,
00070001,
00020001,
01000400,
00000500,
00000001,
00040000,
00030800,
00000002,
00000101,
00010003,
00000000,
03000000,
02000001,
03000505,
02040000,
00020002,
00070000,
00020001,
00000400,
01000500,
00000100,
00040001,
00020700,
00000002,
00000102,
00000004,
00000000,
04000000,
02000000,
02000505,
02050000,
00020001,
00070000,
00030000,
01000400,
02000500,
00000100,
02030001,
00020700,
00000002,
00000002,
00000004,
00000000,
05000000,
02000001,
02000406,
02030000,
00020002,
00070000,
00030000,
00000400,
01000500,
00000100,
01030001,
00030800,
00000005,
00000001,
00000000,
00000000,
07000000,
00000002,
00000c00,
03080000,
00060000,
00000100,
00020000,
02040a00,
01000000,
00000200,
00030003,
00000206,
00000000,
0300000b,
00000000,
00000000,
10000000,
00000013,
00000000,
00070000,
020a0000,
09000000,
00000000,
030a0b00,
00000a00,
00030000,
00010000,
00000001,
00000000,
08000003,
06000000,
00000003,
0000000c,
00000018,
0c020000,
00000400,
080b000d,
00000002,
00000001,
00000000,
00000f00,
00000400,
00000000,
00000000,
07000000,
07000000,
00000000,
0000000b,
00000305,
05000000,
0b040000,
00000803,
07070004,
00000000,
00000300,
00000000,
00000600,
00000000,
00060000,
00000000,
00000000,
00000000,
00000000,
00000009,
00000300,
0e000000,
08030000,
000b090a,
0a020001,
00000000,
03000700,
00000000,
00000000,
00000000,
0c060100,
00010000,
07010000,
00000000,
00000004,
000a000c,
00000000,
00000000,
02090000,
000d0600,
08000000,
00000000,
00000600,
00000000,
00000000,
00000000,
00060000,
00150300,
00000000,
00010000,
08000000,
0016020e,
00000000,
00000000,
00160100,
00000600,
03000000,
00000000,
00000000,
0d0d0000,
0000000c,
00000200,
00090000,
00000000,
00000000,
02000000,
00000000,
0000000e,
00000000,
00000004,
00050000,
00000507,
07000000,
00000000,
00000000,
00030000,
0000110b,
00000000,
00100000,
00000000,
00000000,
00000000,
00040000,
0000000f,
00000000,
00000000,
00000400,
00030f00,
07000019,
00000000,
00000100,
00000000,
00000000,
00000000,
00000000,
00070700,
14000002,
00000000,
00010000,
0000000f,
00000000,
00000000,
00001000,
00000300,
00000000,
02000000,
09000000,
00030700,
00000000,
00000000,
00000000,
00000600,
06000021,
00000000,
00000001,
00000001,
13000000,
00000200,
00000002,
00000000,
00040600,
02000000,
09090000,
00010800,
00000000,
00000000,
00000000,
00020801,
00000004,
00000001,
00000003,
00000000,
03000000,
03000001,
03000405,
00030000,
00000002,
01000000,
00010000,
00000300,
03000400,
00000100,
01010001,
00040700,
02000003,
00000002,
00000003,
00000000,
03000000,
03000000,
03000304,
01030000,
00020000,
01000000,
00020000,
00000400,
05000400,
00000100,
01010000,
00040700,
00000004,
00000002,
00000004,
00000000,
02000000,
02000000,
03000304,
00020000,
00020000,
01000000,
00030000,
00000400,
06000500,
00000300,
01010001,
00030600,
01000004,
00000002,
00000005,
00000000,
03000000,
03000000,
01000404,
00010000,
00010100,
02000000,
00020000,
00000300,
04000500,
00000100,
01010003,
00020601,
01000005,
00000002,
00000005,
00000000,
02000000,
04000000,
02000404,
00010000,
00020100,
02000000,
00020002,
00000300,
03000300,
00000000,
02010003,
00010702,
00000004,
00000001,
00000004,
00000000,
02000000,
05000000,
01000304,
00020000,
00020200,
02000000,
00020001,
00000400,
03000200,
00000000,
01010004,
00020600,
00000003,
00000003,
00000004,
00000000,
00000000,
04000000,
02000403,
00030000,
00030100,
02000000,
00010000,
00000500,
04000200,
00000000,
01010002,
01030500,
00000002,
00000001,
00000001,
00000000,
00000000,
03000000,
02000302,
00040000,
00050000,
00000000,
00030000,
00000400,
01000200,
00000000,
00000000,
01000500,
00000001,
00000000,
00050000,
00000000,
00000000,
06000000,
00000100,
05030000,
00040000,
02000000,
02020000,
00010000,
00000000,
00000000,
00000000,
00000000,
00000000,
00010009,
00000000,
00000000,
00000000,
03030003,
00000000,
05000000,
03000000,
00000000,
00000000,
00010000,
00000200,
00000100,
00000000,
00000000,
00000000,
000c0016,
00000000,
03000000,
00000000,
000b0000,
00000000,
00000200,
05000000,
00000000,
00000000,
00010000,
00000000,
00030000,
00050600,
00000b03,
00000000,
000e0003,
00000000,
0d000000,
00000000,
000c0000,
00000400,
00000400,
03040004,
07070a00,
00000004,
00000002,
00000000,
00000000,
000a0000,
00000200,
00000000,
02010000,
00000000,
07000000,
05000200,
00080000,
02000000,
15000106,
00080000,
00060e00,
00000100,
00000000,
00000000,
00000000,
00000000,
03050000,
00040000,
0503000e,
00000000,
0c000400,
00000906,
00040500,
0200000a,
00000c02,
00080000,
00060a00,
00020000,
04000000,
00000001,
00010000,
00000300,
07000003,
00030400,
0b090000,
00000000,
11000000,
05000000,
00030004,
00080009,
0008000b,
06000004,
00060303,
0c000500,
0102000a,
00000000,
000a0000,
00090000,
07000002,
00000000,
0c040000,
00000000,
09000002,
06000000,
00020000,
00000000,
000d0000,
07000000,
00000000,
0d000000,
01000004,
00000000,
00020000,
00000000,
0b000005,
00000000,
0b050000,
00000000,
10000003,
00000000,
00000000,
00030000,
00000000,
0f000000,
00020400,
0c000e00,
00000000,
00000000,
00070000,
00000000,
0b000000,
03000000,
00000000,
00000002,
16000000,
00000500,
00000000,
00000000,
00000000,
0a000000,
00000000,
00001000,
00000000,
00000000,
00000000,
00000000,
00000000,
0300001a,
00000000,
00000013,
06000000,
00000700,
00000000,
0c000600,
00000000,
00000000,
00000000,
00120712,
03000000,
00000000,
00000000,
00000000,
04000000,
00000011,
00000000,
00000009,
00000300,
07000400,
00000000,
07000200,
07000000,
00000100,
00000000,
000c0200,
01000000,
00000000,
00000000,
00000000,
03020300,
00000006,
00000002,
00000005,
00000000,
02000000,
02000000,
06000203,
04000000,
00030000,
00000000,
00050000,
01000300,
01000000,
00000000,
02000002,
01060400,
01000006,
00000004,
00000003,
00000000,
04000000,
03000000,
04000304,
02010000,
00030000,
00030000,
00040000,
00000400,
04000200,
00000000,
02000001,
02050500,
00000006,
00000004,
00000003,
00000000,
03000000,
03000000,
04000304,
02000000,
00020000,
00020000,
00030000,
00000500,
03000200,
00000100,
02000002,
02040500,
00000006,
00000003,
00000003,
00000000,
05000000,
02000000,
04000204,
02010000,
00020000,
00020000,
00030000,
00000600,
05000200,
00000100,
02000002,
02040500,
00000004,
00000004,
00000004,
00000000,
03000000,
01000000,
03000403,
01010000,
00020000,
01020000,
00030000,
00000700,
05000200,
00000100,
02000001,
01030500,
00000005,
00000004,
00000004,
00000000,
04000000,
02000000,
04000403,
02000000,
00020000,
01040000,
00030001,
00000400,
05000400,
00000100,
03010001,
00020602,
00000004,
00000004,
00000003,
00000000,
03000000,
04000002,
06000505,
01020000,
00020001,
00030000,
00030002,
01000100,
03000500,
00000100,
03000003,
00050700,
01000005,
00000003,
00000004,
00000000,
04000000,
03000001,
05000406,
01030000,
00030001,
00030000,
00040000,
01000300,
04000400,
00000000,
03000002,
00030703,
01000009,
00000001,
00000001,
00000000,
06000000,
03000001,
02000603,
05030000,
00020000,
00010000,
00040000,
00000500,
04000600,
00000100,
01000000,
00000100,
00000007,
00000204,
00000000,
00000000,
08000000,
00000008,
02000500,
0b000000,
00000000,
07000000,
00000000,
00010100,
00000800,
00000900,
00000000,
00000000,
00010000,
0000030d,
00000000,
00000200,
00000000,
00030000,
01000000,
00000000,
00000000,
06000000,
00000000,
00040000,
04000300,
00010700,
00000200,
00000000,
00060000,
0000000a,
00000000,
00001807,
00000003,
00030300,
00000000,
00000400,
00000000,
00000000,
00000000,
000e0500,
03000000,
00050000,
00000e00,
08000000,
00080000,
00000000,
00050501,
0e001b05,
00000000,
00021400,
00000000,
00000000,
00000000,
00000000,
00000000,
000a0500,
00000000,
00000000,
00001000,
00000000,
00000000,
00000900,
0000070b,
00000002,
02000000,
00000000,
00000000,
00000000,
00000000,
03000002,
00000104,
00040000,
02000000,
00000003,
00000300,
00000000,
00000000,
00000800,
00000a01,
00000001,
06000000,
00000000,
00000000,
00000008,
00000001,
02000006,
00000000,
00060000,
00000000,
00000100,
00000000,
00000000,
00000000,
03000100,
05000500,
00030005,
00060000,
0000000c,
08010000,
0006090b,
02000003,
00000001,
00000500,
00000000,
00000001,
02000000,
00000005,
00050007,
0a050000,
07000000,
00000000,
00080007,
000f0001,
00000003,
030c0000,
00060c06,
05000000,
00000000,
03000700,
05000000,
00000000,
00000007,
02040008,
00020000,
00080000,
06000000,
00000100,
00090009,
00130000,
02000000,
010e0000,
00000d0a,
0a000000,
00000000,
00000600,
00000000,
00000108,
00000000,
0009000c,
00040900,
00070000,
00000000,
00000200,
00020008,
000a0000,
00000000,
00060a01,
00000b05,
05000007,
00000000,
02000000,
12030000,
00000007,
00000000,
00000002,
00001200,
00030002,
00000000,
00000400,
00000006,
00000000,
00000a00,
00000f01,
00000000,
01040009,
00000000,
08000000,
00000003,
00000000,
00000000,
00000000,
00000d02,
0200000a,
01000000,
00020000,
00000000,
10000000,
00000000,
00000001,
02000000,
000d0500,
03000105,
04010000,
00010500,
07020000,
00000000,
00000000,
00050600,
02000004,
00000004,
00010001,
00000000,
07000000,
02000000,
00000004,
00030000,
00050101,
02000000,
00010000,
00000500,
08000500,
00000200,
03010000,
00070701,
01000002,
00000002,
00000003,
00000000,
05000000,
01000001,
03000405,
01050000,
00030001,
00050000,
00010000,
00000300,
05000500,
00000100,
05020003,
00080802,
01000003,
00000001,
00000003,
00000000,
05000000,
02000000,
03000605,
03040000,
00020000,
00050000,
00020000,
00000400,
04000600,
00000000,
04030001,
00070802,
02000004,
00000001,
00000003,
00000000,
06000000,
02000000,
04000504,
04030000,
00020001,
00050000,
00030000,
00000400,
03000600,
00000200,
04020000,
00060600,
01000001,
00000002,
00000003,
00000000,
05000000,
02000001,
05000405,
03030000,
00020000,
00040000,
00030000,
00000400,
03000600,
00000200,
03010000,
00060700,
02000001,
00000003,
00000003,
00000000,
05000000,
01000000,
04000505,
03030000,
00020000,
00040000,
00030000,
00000500,
03000600,
00000200,
04030000,
00070801,
01000002,
00000001,
02000003,
00000000,
05000000,
00000001,
05000504,
04030000,
00020001,
00040100,
00020000,
02000400,
02000600,
00000400,
04020001,
000a0900,
01000001,
00000000,
03000003,
00000000,
05000000,
00000001,
04000405,
03030000,
00020000,
00020300,
00020000,
01000400,
04000600,
00000300,
04020001,
00080a02,
00000001,
00000000,
02000002,
00000000,
04000000,
00000001,
04000504,
04040000,
00010000,
00020200,
00010000,
00000400,
04000700,
00000300,
03020001,
00070802,
01000001,
00000001,
01000002,
00000000,
04000000,
01000001,
04000505,
03040000,
00010001,
00030000,
00010000,
00000300,
03000600,
00000200,
03010001,
00070801,
01000003,
00000002,
00000002,
00000000,
04000000,
02000000,
03000605,
03040000,
00020000,
00040000,
00010000,
00000300,
04000600,
00000200,
04020001,
00070801,
01000004,
00000002,
00000002,
00000000,
05000000,
02000001,
03000505,
02030000,
00030000,
00040000,
00000000,
00000400,
04000600,
00000100,
04020001,
00080700,
00000004,
00000001,
00000000,
00000000,
07000000,
00000002,
00000900,
03080000,
00050000,
00000100,
00010000,
00030a00,
05000300,
00000200,
00010002,
00000202,
00000000,
0200000a,
00000000,
00000000,
13000000,
00000012,
00000000,
00090001,
010a0000,
08000300,
00000000,
000a0b00,
00000b00,
00000200,
00010000,
00000003,
00000000,
06000002,
08000200,
00000003,
00000009,
0000001d,
0d000000,
00000400,
060b000c,
00000000,
00000000,
00000000,
00001000,
00000600,
00000000,
00000000,
0a000000,
0a000000,
01000000,
0000000c,
00000507,
04000000,
0b030000,
00000b00,
06060005,
00000000,
00000300,
00000000,
00000b00,
00000200,
00020000,
00000000,
01010000,
05000000,
00000000,
00000009,
00000601,
11000000,
01040000,
00000b0a,
08000001,
01000000,
00000800,
00000000,
00000000,
00000303,
03060500,
00000000,
00040000,
01000000,
00000004,
0001000a,
0000030c,
09000000,
02020000,
00070d06,
0c000006,
00000000,
00000800,
00000000,
00000000,
0000000a,
00080900,
00000000,
00000000,
00000000,
04000005,
0005000e,
00000004,
01000000,
00060000,
00000f01,
06000000,
00000000,
00000200,
04000000,
00000000,
00000101,
00040400,
00000000,
00000000,
00000000,
03000000,
0000000b,
00000001,
00000000,
00070000,
00000a06,
07000005,
00000000,
00000800,
00050000,
00000000,
00000000,
000a0100,
00000000,
00030000,
00000000,
00010000,
0000000f,
00000002,
00000000,
01000200,
00000600,
0800000c,
00000000,
00000300,
00000000,
00000000,
00000000,
000a0200,
00010700,
0f000000,
00000000,
00060000,
0000000e,
00000000,
00000000,
00001700,
00000600,
01000007,
00000000,
09010000,
00000000,
00000000,
00000000,
00020000,
00000700,
0c000026,
00000000,
00000000,
00000002,
17000000,
00000200,
00000000,
00000000,
00050100,
02000000,
080c0000,
00010600,
00000000,
00000000,
00000000,
00000502,
00000004,
00000002,
00000003,
00000000,
07000000,
02000001,
03000204,
00030000,
00010100,
02000000,
00020000,
00000200,
04000400,
00000000,
00000003,
00030700,
00000003,
00000004,
00000003,
00000000,
04000000,
03000001,
03000305,
01030000,
00020000,
01000000,
00020000,
00000400,
05000500,
00000201,
02000001,
00030600,
01000003,
00000002,
00000003,
00000000,
03000000,
02000000,
01000304,
00010000,
00020000,
02000000,
00020000,
00000300,
04000500,
00000100,
00010002,
00000601,
02000005,
00000002,
00000005,
00000000,
03000000,
02000000,
01000403,
00020000,
00020001,
03000000,
00020000,
00000400,
02000200,
00000000,
00000002,
00020600,
02000003,
00000002,
00000004,
00000000,
02000000,
03000000,
02000403,
00020000,
00020000,
01000000,
00020000,
00000500,
03000100,
00000000,
01000003,
00040600,
00000004,
00000003,
00000004,
00000000,
01000000,
04000000,
02000304,
00030000,
00030000,
02000000,
00030000,
00000600,
04000100,
00000000,
01010004,
01040601,
00000004,
00000003,
00000003,
00000000,
00000000,
05000000,
02000304,
01040000,
00040100,
01000000,
00020000,
00000400,
04000300,
00000000,
02010004,
02050701,
00000004,
00000000,
00010000,
00000000,
00000000,
03000000,
01000202,
03040000,
00040000,
00000000,
00040000,
01000300,
00000300,
00000000,
02000000,
00000000,
00000000,
00000006,
00000000,
00000000,
00000000,
03010003,
00000000,
0f020000,
01000000,
00000000,
03030000,
00000000,
00000300,
00000600,
00000000,
00000000,
00000000,
00050018,
00000000,
00000000,
00000000,
00090000,
00000000,
00000000,
06000000,
00000000,
00000200,
00030000,
00000000,
00000000,
00000b00,
00000300,
00000000,
00160010,
00000000,
07000001,
00000000,
000d0000,
00000000,
00000300,
06000003,
00000000,
00000000,
00000000,
00000000,
00000000,
00050000,
00000100,
00000000,
00040000,
00000000,
0e000000,
00000400,
00090000,
00000000,
06000002,
05040000,
020a0c00,
00000200,
00000005,
00000000,
00000000,
00040000,
00000000,
00010000,
0004000a,
00000000,
04000000,
00000000,
00050000,
00000001,
05000000,
03000000,
00000200,
00020103,
01020002,
00000000,
00000000,
00000300,
02030000,
00040000,
03050012,
00000100,
08030200,
00000405,
00050500,
0202030c,
00000d00,
00000000,
00040400,
00000000,
02000004,
00000000,
00010000,
00000300,
03050002,
00040a00,
0a070000,
00000001,
0e000001,
0b000301,
00050000,
00080002,
00080003,
05070002,
00020007,
0c000000,
05020007,
00000000,
000c0000,
00070000,
07000000,
00000000,
11020000,
00000000,
09000002,
05000000,
00060000,
00000001,
00090003,
08000000,
06000602,
15000300,
00000001,
00000000,
00000000,
00000002,
08000002,
00000000,
0f000000,
00000001,
12000002,
07000000,
00040000,
00010000,
00150000,
09000000,
00000900,
17000900,
00000004,
00000000,
000b0000,
00070000,
0a000000,
00000000,
06000000,
00000000,
0b000004,
00000100,
00000000,
00010000,
00000000,
0d000000,
00000000,
00000e00,
00000001,
00000000,
00000000,
00000000,
06000000,
02000004,
00000000,
0000020c,
11000000,
00000600,
00000000,
04000000,
00000000,
02000000,
00000000,
00080f13,
00000000,
00000000,
00000000,
00000000,
01000000,
00000015,
00000000,
00000010,
02000100,
00000500,
00000000,
09000600,
05000000,
00000000,
00000000,
00120302,
01000000,
00000000,
00000000,
00000000,
03000000,
0000000a,
00000000,
00000005,
00000000,
03000300,
00000000,
05000001,
01000000,
00000000,
00000000,
00080000,
01000100,
00000000,
00000000,
00000000,
01040300,
00000007,
00000002,
00000004,
00000000,
05000000,
01000000,
04000204,
02010000,
00030000,
00030000,
00050000,
00000300,
02000000,
00000000,
01000002,
02060400,
01000006,
00000004,
00000004,
00000000,
03000000,
02000000,
04000304,
02010000,
00020000,
00020000,
00040000,
01000400,
03000200,
00000100,
02000001,
02050400,
00000006,
00000004,
00000003,
00000000,
04000000,
02000000,
04000204,
02010000,
00030000,
01020000,
00030000,
00000400,
04000200,
00000200,
02000002,
01040500,
00000004,
00000004,
00000004,
00000000,
03000000,
02000000,
03000304,
02010000,
00030000,
01030000,
00030000,
00000500,
04000200,
00000200,
02010002,
01020400,
00000005,
00000005,
00000004,
00000000,
03000000,
02000000,
03000403,
01000000,
00020000,
01050000,
00040000,
00000400,
03000300,
00000100,
02010001,
00000500,
00000004,
00000005,
00000004,
00000000,
03000000,
03000002,
05000405,
02010000,
00030000,
01040000,
00040002,
01000200,
03000300,
00000100,
03000001,
00000600,
00000003,
00000002,
00000005,
00000000,
04000000,
03000001,
05000306,
02020000,
00020001,
00030000,
00050001,
01000000,
04000300,
00000300,
02000002,
00000501,
0000000e,
00000001,
00000000,
00000000,
06000000,
00000003,
00000a00,
05020000,
00000000,
04000000,
00040000,
00020300,
01000500,
00000200,
00000000,
00000000,
00000002,
0000000b,
00000000,
00000000,
08000000,
00020012,
00000000,
0e000000,
00000000,
0b000000,
00000000,
00030000,
00000800,
00000c01,
00000000,
00010000,
00080000,
0000001d,
00000200,
00000604,
00000008,
0000000e,
02000000,
00000700,
00000000,
07000000,
00000000,
00020000,
06000e00,
00000000,
00000300,
000e0000,
040f0000,
00000006,
00000000,
00080f06,
00000000,
00060300,
02000000,
00000300,
00000000,
00000000,
00000000,
00060006,
00000000,
00000700,
00000800,
00160000,
000c0000,
00000000,
00020005,
00081e06,
00000000,
00081200,
00080000,
00000106,
00000000,
00000000,
00000000,
000a0101,
0000000d,
00070700,
00000000,
00000000,
00000000,
00000000,
00040007,
00000008,
00000000,
00000000,
00000000,
00000100,
03000000,
00000000,
06000200,
00060202,
01000900,
00000002,
00000000,
00000000,
00030000,
00000000,
00030001,
00000106,
00000100,
00000000,
00000000,
00000500,
04000000,
00000000,
00000000,
00090500,
00000900,
00000000,
00000900,
00000000,
00020000,
07000000,
00000400,
00020104,
00000002,
00000002,
03010200,
00000703,
06000002,
00000000,
00000600,
00020000,
00000300,
03000000,
00000900,
00000000,
07000000,
04000000,
00000000,
00070007,
00050004,
00000006,
05050000,
00000400,
06000003,
00000002,
00000100,
05000000,
00000000,
00000000,
00030100,
00000002,
00040000,
08000000,
00000000,
00090309,
00070006,
05000000,
01040000,
00001204,
0a000002,
00000000,
02000400,
00000000,
00000000,
00000000,
00040002,
00000400,
00060000,
00000000,
02000100,
0004000a,
00070000,
00000000,
00050a00,
00001005,
00000003,
00000000,
00000000,
10020000,
00000004,
01000000,
00000003,
00041100,
00000007,
01000000,
00000100,
00000009,
00000000,
00000800,
00000d00,
00000000,
000a0003,
00000000,
07070000,
00000000,
00000000,
00000000,
00000000,
00000b00,
0000000d,
01000000,
00010000,
00000000,
0e000000,
00000000,
00000001,
00000000,
000d0000,
03000002,
07040000,
00000500,
09010000,
00000000,
00000000,
00020500,
01000004,
00000004,
00010002,
00000000,
04000000,
05000000,
00000005,
00040000,
00040101,
03030000,
00010000,
00000400,
06010600,
00000000,
02020002,
00030600,
00000004,
00000003,
00000003,
00000000,
04000000,
04000000,
02000505,
00050000,
00020002,
02050000,
00030000,
00000200,
04000500,
00000000,
04020002,
00030700,
00000005,
00000002,
00000003,
00000000,
04000000,
03000001,
03000504,
02040000,
00020001,
01040000,
00020000,
00000300,
05000500,
00000000,
03010000,
00040500,
02000006,
00000003,
00000003,
00000000,
04000000,
03000001,
04000404,
01020000,
00010000,
00030000,
00020000,
00000400,
05000500,
00000000,
03000000,
00030500,
01000004,
00000005,
00000004,
00000000,
04000000,
02000001,
04000405,
01030000,
00020100,
01030000,
00020001,
00000400,
05000600,
00000200,
03000000,
00030700,
02000003,
00000003,
00000003,
00000000,
04000000,
03000000,
03000505,
01030000,
00020100,
01030000,
00020000,
00000300,
05000500,
00000200,
03010002,
00040700,
00000005,
00000001,
00000004,
00000000,
05000000,
02000000,
03000405,
01030000,
00020000,
01020000,
00020000,
00000200,
06000500,
00000200,
04020001,
00020800,
01000004,
00000002,
00000004,
00000000,
04000000,
02000000,
03000305,
00030000,
00010001,
01010000,
00020000,
00000200,
06000600,
00000100,
03010001,
00030700,
01000005,
00000003,
00000003,
00000000,
04000000,
02000000,
03000404,
01030000,
00010100,
01010000,
00020000,
00000300,
06000600,
00000000,
03010000,
00030700,
00000004,
00000004,
00000003,
00000000,
03000000,
03000000,
03000505,
01040000,
00010101,
01020000,
00020000,
00000400,
05000600,
00000000,
03010000,
00050601,
01000003,
00000004,
00000003,
00000000,
03000000,
04000001,
03000505,
01040000,
00020001,
00030000,
00020000,
00000400,
04000600,
00000000,
03010000,
00040600,
00000004,
00000004,
00000002,
00000000,
03000000,
03000001,
03000405,
01040000,
00020000,
01040000,
00020000,
00000400,
05000600,
00000000,
03010000,
00050500,
00000003,
00000002,
00000001,
00000000,
05000000,
00000002,
00000700,
01080000,
00050000,
00000000,
00030000,
00020900,
05000300,
00000100,
00010001,
00000000,
00000000,
0200000a,
00000000,
00000000,
11000000,
00000011,
00000000,
000a0001,
03090000,
0a000000,
00000000,
00090b00,
00000b00,
00000300,
00020000,
00000002,
00000000,
05000007,
00000500,
00000002,
00000007,
0000001d,
0c000000,
00000400,
060a000c,
07000000,
00000000,
00000000,
00001000,
00000500,
00000000,
00000000,
0b000000,
0a000002,
00000000,
0000000b,
00000609,
02000001,
0a030000,
00000b00,
07030008,
00000000,
00000300,
00000000,
00000500,
00000000,
00000000,
00000000,
06060000,
05000000,
00000000,
0000000c,
01010200,
0c000000,
00080000,
00000805,
06000000,
01000000,
00000c00,
08000000,
00000000,
00000003,
00050101,
00000000,
00060000,
07000000,
00000001,
0007000b,
00090000,
0c000000,
030b0000,
00000c05,
09000003,
05000000,
00000c00,
00000000,
00000000,
00000002,
000b0507,
00000201,
00060000,
00000000,
00000001,
0005000d,
01030000,
08000000,
010a0000,
00010907,
09000003,
00000000,
00000800,
04000000,
00000000,
00000000,
00110001,
00000000,
00030000,
01000000,
00000000,
000c010d,
00030000,
00000000,
000e0000,
0000030d,
0b000000,
00000000,
00000600,
02000000,
00000000,
00000000,
000f0004,
00000000,
00000000,
00000000,
00000000,
0003000e,
00010000,
00000000,
00040600,
00000b04,
09000006,
00000000,
00000500,
00000000,
00000000,
00000000,
000b0005,
00000700,
0a000000,
00000000,
00090000,
00000011,
00000000,
00000000,
00001c00,
00000a00,
0400000c,
00000000,
05000000,
00000003,
00000000,
00000000,
00020000,
00000a00,
0d000026,
00000000,
00000000,
00000007,
16000000,
00000200,
00000000,
00000000,
00040000,
01000000,
0e080000,
00030700,
00000000,
00000000,
00000000,
00000401,
00000009,
00000003,
00000002,
00000000,
08000000,
00000002,
01000004,
00000000,
00020300,
01000000,
00020002,
00000400,
04000300,
00000000,
00000002,
00050701,
00000003,
00000004,
00000003,
00000000,
03000000,
04000001,
03000406,
01030000,
00020100,
01010000,
00010000,
00000300,
05000500,
00000100,
03010002,
00020600,
01000002,
00000002,
00000003,
00000000,
02000000,
04000000,
01000404,
00030000,
00020001,
02000000,
00010000,
00000400,
04000300,
00000000,
01020002,
00020600,
02000004,
00000001,
00000004,
00000000,
01000000,
04000000,
01000402,
00010000,
00020000,
03000000,
00010000,
00000600,
03000000,
00000000,
01020001,
00030500,
01000003,
00000003,
00000005,
00000000,
02000000,
03000000,
01000404,
00020000,
00020000,
02000000,
00020000,
00000600,
04000000,
00000000,
01010002,
01040600,
00000005,
00000003,
00000004,
00000000,
02000000,
03000000,
02000304,
01030000,
00020100,
01010000,
00030000,
00000500,
04000100,
00000100,
02020004,
01030600,
00000005,
00000001,
00000003,
00000000,
00000000,
05000000,
02000303,
03030000,
00030000,
01000000,
00030000,
00000400,
03000400,
00000000,
02010003,
00010400,
00000003,
00000003,
00000000,
00000000,
00000100,
02000001,
00000003,
09020000,
00000000,
00000000,
00050000,
00000300,
00000400,
00000900,
00000000,
00000000,
00000000,
00050011,
00000000,
00000000,
00000000,
00070002,
00000000,
09000000,
03000000,
00000000,
01000000,
00010000,
00000000,
00010400,
00000000,
00000000,
00000000,
00100019,
00000000,
08000000,
00000000,
000e0000,
00000100,
00000000,
07000000,
00000000,
00000000,
00010000,
00000000,
00050000,
00000400,
00000b0a,
00000000,
00110004,
00000000,
09000000,
00000000,
000b0000,
00000000,
00000000,
07040004,
00070600,
00000000,
00000003,
00000000,
00000000,
00050000,
00000003,
00020000,
00040000,
00000000,
0e000000,
01000000,
000a0000,
00000004,
04000000,
08030000,
000d0300,
00000100,
00040003,
00000000,
00000000,
00000000,
05000000,
00010000,
00020010,
00000100,
02050000,
00000000,
00040000,
00000005,
00000000,
08000000,
00010000,
00000009,
030b0003,
00000400,
00000000,
00000000,
04000003,
00030300,
03050002,
00000600,
01090000,
0008030c,
00030700,
0005060c,
00000900,
03010002,
00020700,
00000100,
01000006,
00000000,
00000000,
00000000,
050f0007,
00080d00,
07000000,
00000000,
07030000,
07000301,
00030001,
00070101,
00050206,
060a0000,
0000000b,
0a000000,
0608000b,
00000001,
00090000,
00020000,
03020000,
02050000,
10000000,
00020001,
00000307,
04000000,
00070000,
00000001,
00060300,
07000000,
02000000,
14000000,
00000003,
00000000,
00000000,
00000000,
04000000,
00000000,
13000000,
00000006,
0d000004,
0a000000,
00060000,
00000000,
00140000,
08000000,
02000a00,
1c000300,
00000001,
00000000,
00080000,
00000004,
0c000003,
00000000,
0c030000,
00000003,
0d000004,
00000000,
00010000,
00010000,
00040000,
0f000000,
01010600,
0f000c00,
00000000,
00000000,
00010000,
00010000,
0c000000,
02000000,
00000000,
00000102,
14000001,
00000600,
00000000,
00000000,
00000000,
0a000000,
00000000,
00001103,
00000000,
00000000,
00000000,
00000000,
00000000,
00000011,
00010000,
00000115,
09000000,
00000600,
00000000,
09000600,
00000000,
00000000,
00000000,
00150718,
00000000,
00000000,
00000000,
00000000,
02000000,
00000014,
00000000,
0000000d,
00000000,
03000700,
00000000,
06000000,
00000000,
00000000,
00000000,
00110200,
02000000,
00000000,
00000000,
00000000,
03000100,
00000009,
00000000,
00000005,
00000000,
04000100,
01000000,
04000002,
02000000,
00030100,
00010000,
00050000,
00000200,
00000000,
00000000,
01000002,
02060400,
00000007,
00000003,
00000004,
00000000,
05000000,
02000000,
04000305,
02010000,
00020000,
00020000,
00040000,
01000300,
03000100,
00000100,
02000002,
02060400,
00000006,
00000004,
00000005,
00000000,
04000000,
02000000,
04000305,
02010000,
00020000,
01020000,
00040000,
00000400,
04000200,
00000100,
03000002,
01050400,
00000005,
00000005,
00000004,
00000000,
03000000,
03000000,
03000305,
01010000,
00030000,
01040000,
00030000,
00000400,
03000200,
00000100,
02010003,
01030400,
00000004,
00000005,
00000004,
00000000,
02000000,
03000000,
03000404,
01010000,
00020000,
01050000,
00030000,
00000400,
03000200,
00000000,
03010002,
00010400,
00000005,
00000004,
00000004,
00000000,
04000000,
04000002,
04000106,
03010000,
00030000,
02050000,
00030001,
01000200,
03000300,
00000100,
01000002,
00000300,
00000002,
00000002,
00000004,
00000000,
02000000,
03000003,
02000108,
02000000,
00020001,
03030000,
00040004,
01000000,
03000200,
00000200,
01000004,
00000600,
0000000b,
00000002,
00000000,
00000000,
04000000,
00000003,
00000800,
06020000,
00010000,
03000000,
00030001,
00020300,
01000500,
00000000,
00000000,
00000000,
00000000,
00000011,
00000000,
00000002,
07000000,
00000014,
00000000,
03020000,
00010000,
09000000,
00000000,
00080000,
00000a00,
00000600,
00000000,
00000000,
00070000,
0000001b,
00000200,
00040005,
0000000a,
00000015,
00000004,
00000600,
03000000,
05000000,
00000000,
00010000,
06000d00,
00000300,
00000001,
00010000,
04090000,
00000000,
00000800,
00090007,
00010004,
00000305,
00020000,
00000104,
00000000,
00000000,
00000600,
00000002,
00000000,
00001100,
00000000,
00130000,
00000000,
00000000,
0000020b,
000e000a,
00000000,
00000000,
03070000,
00000c00,
00000000,
00000000,
00000600,
00000007,
00000006,
00000902,
00000000,
00000000,
00050000,
00000000,
00000009,
0000000a,
00000200,
00000000,
05000000,
00000400,
02000005,
00000000,
01000000,
000c0005,
00000b04,
00000000,
00000000,
00000000,
030b0000,
00000000,
00000003,
00001707,
00000800,
00000c00,
00000000,
00000100,
06000008,
00000000,
00000200,
00100000,
00000000,
00000000,
00000700,
00000000,
00040000,
02000000,
00000000,
00051106,
00000100,
00000d00,
000a0000,
00000003,
08000000,
00000000,
01000300,
000b0000,
00000000,
00000000,
00000900,
00000000,
00000000,
05000000,
00000000,
00080006,
00000001,
00000008,
00060000,
00000200,
08000003,
00000007,
00000202,
08030000,
00000000,
00000000,
00000000,
00000000,
00040000,
09000000,
00000000,
000c020b,
00000003,
05000004,
03020000,
00000d00,
0d000000,
00000000,
07000200,
00000000,
00000400,
00000000,
00000000,
00010900,
00030000,
01000000,
00000100,
0007000b,
00030000,
00000000,
00031000,
00000901,
05000000,
00000000,
03000000,
0c000000,
00000000,
00000000,
00020001,
00091500,
00000004,
02000000,
00000200,
00000009,
00000000,
00000100,
00001100,
00000000,
000d0000,
00000000,
06000000,
00000003,
00000000,
00000000,
00000000,
00000a00,
01000011,
01000000,
00040000,
00000000,
0e000000,
00000000,
00000001,
00000000,
000b0301,
02000000,
08050000,
00000300,
04000200,
00000000,
00000000,
00000600,
01000003,
00000004,
00000002,
00000000,
04000000,
03000001,
00000205,
00040000,
00030002,
02040000,
00020000,
00000200,
03000500,
00000000,
01020001,
00020700,
01000003,
00000002,
00000003,
00000000,
03000000,
04000000,
03000505,
01040000,
00020001,
01050000,
00030001,
00000300,
04000400,
00000000,
02030001,
00030700,
00000004,
00000002,
00000003,
00000000,
04000000,
03000001,
03000405,
02050000,
00020001,
00060000,
00040000,
00000400,
04000500,
00000200,
02020000,
00030600,
00000004,
00000004,
00000003,
00000000,
03000000,
03000002,
04000405,
01040000,
00020001,
00050000,
00030000,
00000600,
04000600,
00000100,
02010000,
00030600,
01000004,
00000003,
00000003,
00000000,
02000000,
03000001,
03000306,
01040000,
00020001,
00050000,
00030000,
00000400,
03000600,
00000200,
02010000,
00030600,
02000003,
00000002,
00000004,
00000000,
03000000,
03000001,
02000506,
00050000,
00020101,
02040000,
00030001,
00000300,
03000500,
00000100,
04020002,
00030600,
00000004,
00000002,
00000003,
00000000,
05000000,
03000001,
02000406,
01050000,
00010001,
01040000,
00020000,
00000300,
04000500,
00000000,
03020002,
00010600,
00000004,
00000003,
00000004,
00000000,
03000000,
03000001,
02000406,
00040000,
00010002,
02050000,
00020000,
00000200,
04000500,
00000000,
02020001,
00010700,
00000004,
00000003,
00000004,
00000000,
03000000,
04000001,
02000506,
01040000,
00010001,
02050000,
00030000,
00000400,
04000500,
00000000,
02020000,
00020600,
00000005,
00000004,
00000004,
00000000,
02000000,
04000001,
04000506,
01040000,
00010001,
01050000,
00030000,
00000400,
04000500,
00000000,
02020000,
00030600,
01000005,
00000003,
00000004,
00000000,
03000000,
04000001,
03000506,
01040000,
00020101,
01040000,
00030000,
00000400,
03000500,
00000100,
02020000,
00030600,
00000003,
00000004,
00000003,
00000000,
03000000,
04000002,
04000405,
01040000,
00020000,
00040000,
00030000,
00000400,
03000500,
00000100,
02010001,
00040700,
00000002,
00000003,
00000002,
00000000,
06000000,
00000001,
02000700,
00070000,
00040000,
00000000,
00040000,
00010800,
03000400,
00000300,
00020001,
00000100,
00000000,
0400000a,
00000000,
00000000,
10000000,
00000011,
00000100,
000b0000,
03080000,
09000000,
00000000,
02070800,
00000800,
00000400,
00020002,
00000002,
00020000,
0500000b,
00000300,
00000002,
00000002,
00000020,
0c000000,
00000801,
06090009,
07000000,
00000000,
00000000,
00000f00,
00030500,
00010000,
00000000,
0b000000,
09000000,
00000000,
0000000e,
0000020e,
00000000,
00010000,
00000b00,
0901000b,
00000000,
00000000,
00000000,
00000200,
00000000,
00000000,
00000003,
0b050000,
0b000000,
00000200,
0003050b,
06030000,
00000200,
000b0000,
00000400,
06000002,
01000000,
00000d00,
0d000000,
00000000,
00000000,
00020407,
00000000,
00040000,
0b000000,
00000500,
0006000a,
00100000,
00000002,
060c0000,
00000602,
06000004,
01000010,
00000e00,
00000000,
00000000,
0000000d,
0001000e,
00010200,
00000000,
04000000,
00000000,
0001000c,
00090005,
00000000,
05070000,
00070906,
04000002,
00000000,
00000500,
00000000,
00000200,
00000007,
00090006,
00000000,
02000000,
06000000,
00000000,
000a020c,
00000000,
00000000,
00100000,
00030d08,
05000002,
00000000,
00000b00,
00000000,
00000000,
00000000,
00090008,
00000000,
00040000,
01000000,
00000200,
0009000b,
00080000,
00000000,
000e0000,
00000a0e,
08000002,
00000006,
00000800,
01000000,
00000000,
00000000,
000f000c,
00000d00,
00000000,
00000000,
00050001,
00000012,
00030000,
00000000,
00001800,
00000800,
05000011,
00000000,
00000000,
00000004,
00000000,
00000000,
000a0000,
00000a00,
0d00001a,
00000000,
00000000,
0000000a,
0a000000,
00000100,
00000000,
00000000,
00010000,
03000000,
0d070000,
00040800,
00000000,
00000000,
00000000,
00000200,
01000013,
00000000,
00000000,
00000000,
0b000000,
00000000,
00000004,
00000000,
00010200,
00000000,
00050000,
00010200,
01000200,
00000000,
00000001,
00030700,
00000004,
00000004,
00000003,
00000000,
04000000,
05000001,
03000406,
00030000,
00020000,
02010000,
00020000,
00000100,
04000600,
00000100,
03000003,
00010601,
02000002,
00000002,
00000004,
00000000,
03000000,
04000000,
01000404,
00030000,
00020002,
03000000,
00020000,
00000200,
02000300,
00000000,
00020003,
00030600,
02000004,
00000003,
00000004,
00000000,
02000000,
03000000,
01000403,
00020000,
00030000,
03000000,
00020000,
00000600,
03000100,
00000000,
00020002,
01040600,
00000005,
00000002,
00000004,
00000000,
02000000,
02000000,
01000304,
01020000,
00030000,
02010000,
00020000,
00000500,
04000200,
00000000,
01020003,
01050700,
00000005,
00000001,
00000003,
00000000,
01000000,
04000000,
02000304,
01030000,
00020200,
02000000,
00020000,
00000400,
04000200,
00000000,
02020004,
01030601,
00000004,
00000001,
00000001,
00000000,
03000000,
05000000,
01000003,
07010000,
00020000,
00000000,
00050000,
01000600,
04000500,
00000400,
01000000,
00000000,
00000000,
0003000c,
00000000,
00000000,
00000000,
00000000,
00000001,
0f000000,
00000000,
00000000,
00060300,
00000300,
00000700,
00001100,
00000000,
00000000,
00000000,
000d001c,
00000000,
04000000,
00000000,
000b0000,
00000000,
00040000,
04000000,
00000000,
00000300,
00020000,
00000000,
00000000,
00000800,
05000e00,
00000000,
00160010,
00000000,
0c000000,
00000000,
000d0000,
00000000,
00050000,
06000001,
02000300,
00000000,
00000003,
00000000,
00000000,
00000000,
00000811,
00000000,
00060002,
00000000,
0d000000,
00000000,
00050000,
00000002,
04000002,
050c0003,
00090f00,
00000000,
00000000,
00050000,
00000000,
00030000,
00000000,
00050000,
040a0000,
00000000,
0b000000,
03000000,
00000200,
00000002,
01000000,
02000000,
00060000,
00000000,
00000000,
00000000,
00000000,
00000000,
03000000,
00010300,
00010004,
00000200,
07040000,
00000000,
00000502,
01000007,
00000000,
07000000,
00000000,
00030200,
000f0001,
00000002,
00000000,
00000000,
04000010,
01080400,
05040000,
00000400,
04050a00,
00050701,
00001400,
04090111,
00000400,
03000006,
00040b00,
00000300,
00000003,
00000005,
02000000,
00000000,
02090008,
00080a00,
05000000,
00000100,
03090000,
07020406,
00000112,
02050002,
0009040a,
050b0000,
0000020a,
07000200,
0703000a,
00000302,
02040100,
03000000,
00030000,
06040000,
0b000000,
00050000,
00060008,
00000005,
00000000,
00000000,
00040400,
06000000,
00000000,
06000000,
0000000c,
00000000,
00000000,
00000000,
00000000,
02000000,
14000000,
00000005,
07000005,
06000000,
00030000,
00000000,
00080004,
05000000,
08000c00,
1b000700,
00010002,
00000000,
00080000,
00000003,
0b000004,
00000000,
0f000000,
00000004,
12000001,
05000000,
00040000,
00050000,
00170000,
09000000,
00000c00,
1a000900,
00000005,
00000000,
000c0000,
00080000,
0a000000,
00000000,
09000000,
00000000,
0d000005,
00000000,
00000000,
00030000,
00000000,
0e000000,
00000100,
00000d00,
00000001,
00000000,
000b0000,
00000000,
03000000,
00000003,
00020000,
0000020c,
14000002,
00000200,
00000000,
00000000,
00000000,
05000000,
01000000,
00010f13,
00000000,
00000000,
00000000,
00000000,
00000000,
00000017,
00000000,
00000214,
09000000,
00000400,
00000000,
08000200,
01000000,
00000000,
00000000,
00170503,
04000001,
00000000,
00000000,
00000000,
04000000,
0000000f,
00000000,
00000009,
00000000,
05000500,
00000000,
03000000,
00000000,
00000100,
00000000,
000c0000,
00000000,
00000000,
00000000,
00000000,
03010200,
00000008,
00000001,
00000005,
00000000,
04000000,
02000000,
04000103,
02000000,
00030000,
00010000,
00040000,
00000300,
01000000,
00000000,
02000004,
01050300,
00000006,
00000003,
00000005,
00000000,
04000000,
02000000,
04000304,
01010000,
00020000,
01020000,
00040000,
00000300,
04000100,
00000000,
02000003,
01060400,
00000005,
00000005,
00000004,
00000000,
03000000,
03000000,
04000204,
01020000,
00020000,
01040000,
00030000,
00000400,
03000200,
00000000,
02000002,
01050501,
00000004,
00000004,
00000004,
00000000,
02000000,
02000000,
04000404,
02010000,
00030000,
00040000,
00030000,
00000400,
03000200,
00000000,
02000002,
01040400,
00000003,
00000003,
00000004,
00000000,
04000000,
02000001,
04000005,
03000000,
00030000,
01030000,
00030000,
01000300,
02000200,
00000200,
02000002,
01010501,
00000002,
00000002,
00000004,
00000000,
03000000,
03000001,
02000207,
02000000,
00020000,
02020000,
00010002,
00000300,
02000300,
00000000,
02010005,
00000500,
00000003,
00000000,
00000000,
00000000,
04000000,
00000002,
00000600,
07010000,
00030000,
01000000,
00020001,
00020100,
02000200,
00000300,
00000001,
00000000,
00000000,
00000013,
00000200,
00000000,
06000000,
00000014,
05000000,
00060000,
02050000,
06000000,
00000000,
00090100,
00000c00,
00000000,
00000000,
00000000,
00030000,
00000011,
00000600,
00000000,
0005000b,
00000018,
00000005,
00060600,
06000013,
00000000,
00000000,
00000001,
00000400,
00000000,
00000005,
00000005,
02090000,
06000000,
00000500,
00030007,
00110000,
00000005,
00070000,
00000000,
04000007,
03000000,
00000900,
00000000,
00000000,
00000000,
0000000c,
00000000,
00070000,
00000000,
0000010e,
00050007,
000e0000,
00000000,
01050200,
00000500,
01000004,
01000000,
00000e00,
00000000,
00000000,
00000000,
0000000b,
00010000,
07090000,
00000000,
0800000f,
00000007,
02050000,
00000000,
07040000,
00000000,
00000000,
00000000,
00000a00,
02030000,
00000008,
00000000,
00000000,
000a0000,
06090000,
00000000,
0900000c,
00020d0b,
02000a00,
00001b00,
07090000,
00000003,
00000000,
00000000,
00040800,
000b0000,
00000015,
00030b00,
00000000,
00000000,
00000000,
00020000,
00000009,
00050c0c,
00000600,
00001900,
000c0300,
00000301,
02000000,
00000000,
00000700,
000d0000,
00000014,
00000b00,
00000000,
00000000,
00000000,
05070000,
00000000,
000a0109,
00000000,
00000a00,
000d0000,
00000700,
07000000,
00000007,
00000500,
00060000,
0000000a,
00000f00,
00000000,
00000000,
00000000,
09000000,
00000000,
0009020a,
00000005,
00000002,
01050000,
00000e00,
09000000,
00000000,
02000600,
00000000,
00000500,
00000000,
00040000,
00010900,
00060000,
04000000,
00000000,
0001000b,
00070000,
00000000,
00040f00,
00000900,
02000001,
00000000,
08000000,
05000000,
00000000,
00000000,
00040007,
00000e00,
03000005,
03000000,
00020000,
00000008,
00010000,
00000000,
00000c00,
00000100,
00080002,
00000000,
0b020000,
00000005,
00000000,
00000000,
00000000,
00000800,
04000017,
00000000,
00030001,
00000000,
14000000,
00000000,
00000000,
00000000,
000a0400,
03000001,
0a060000,
00020400,
00000000,
00000000,
00000000,
00020601,
01000004,
00000003,
00000002,
00000000,
04000000,
02000000,
01000204,
00030000,
00030101,
02010000,
00020000,
00000400,
04000500,
00000000,
02010001,
00040800,
00000002,
00000002,
00000003,
00000000,
03000000,
03000000,
03000505,
02030000,
00030001,
00030000,
00020000,
00000400,
04000500,
00000100,
03020002,
00040800,
02000002,
00000003,
00000004,
00000000,
04000000,
04000000,
04000406,
02030000,
00030001,
00050000,
00030000,
00000300,
03000600,
00000200,
03020001,
00030700,
00000003,
00000003,
00000004,
00000000,
03000000,
03000001,
05000506,
02030000,
00030001,
00040000,
00030000,
00000300,
03000600,
00000200,
03010001,
00040700,
01000003,
00000002,
00000003,
00000000,
04000000,
04000002,
05000406,
02030000,
00020101,
00040000,
00030000,
00000400,
03000500,
00000200,
02000001,
00030700,
02000003,
00000002,
00000005,
00000000,
03000000,
03000000,
04000505,
01040000,
00020201,
00040000,
00020001,
00000400,
03000500,
00000100,
03010001,
00030700,
01000004,
00000002,
00000004,
00000000,
04000000,
04000001,
04000405,
02050000,
00010001,
00040000,
00020000,
00000400,
03000600,
00000000,
02010001,
00030701,
01000002,
00000003,
00000004,
00000000,
03000000,
04000001,
02000405,
02030000,
00010101,
01040000,
00020000,
00000300,
03000600,
00000000,
01010002,
00020701,
01000002,
00000002,
00000004,
00000000,
03000000,
04000000,
02000505,
03020000,
00020001,
01040000,
00030000,
00000300,
02000500,
00000100,
02010002,
00030700,
00000003,
00000002,
00000004,
00000000,
04000000,
03000001,
04000505,
02030000,
00020001,
00030000,
00040001,
00000300,
03000600,
00000100,
02010002,
00030700,
01000004,
00000002,
00000003,
00000000,
05000000,
03000001,
04000405,
02040000,
00020001,
00030000,
00040000,
00000400,
03000600,
00000200,
01010001,
00040700,
00000003,
00000003,
00000004,
00000000,
03000000,
03000002,
04000505,
02030000,
00020001,
00030000,
00030000,
00000500,
03000600,
00000200,
02000001,
00060700,
00000002,
00000003,
00000003,
00000000,
05000000,
00000001,
03000601,
02060000,
00040000,
00010000,
00040000,
00000600,
03000400,
00000300,
00000001,
00000100,
00000000,
04000008,
00000000,
00000000,
10000000,
0000000f,
01000100,
010b0000,
02080000,
08000003,
00000000,
04070600,
00000700,
00000700,
00010005,
00000002,
00000000,
03000009,
05000400,
00000003,
03000002,
00000022,
0d000000,
00070700,
07090008,
05000300,
00000000,
00000000,
00000d00,
00040200,
00000002,
00000000,
0a010000,
09000000,
05000000,
0000020c,
00000010,
00000000,
00040000,
00000900,
09030012,
00000000,
00000000,
00000000,
00000000,
00000000,
00000000,
00000000,
09020000,
0c000000,
00000200,
03030c09,
03000000,
00000e00,
00120000,
00000007,
05000000,
00000000,
00000c00,
08030000,
00000007,
00000000,
00050205,
00000000,
00000000,
0a000000,
00000000,
0001000b,
00050000,
00000000,
060c0000,
00000605,
06000003,
00000011,
00000807,
00000000,
00000002,
00000000,
000a0000,
00000303,
00000000,
01000000,
00000000,
0000000c,
00010000,
08000000,
09010000,
00000f0b,
0900000a,
00000000,
00000800,
00000000,
00000000,
00000000,
00080000,
00000002,
09030000,
05000000,
00000000,
000a040a,
02000000,
06000000,
000f0000,
0004090c,
09000000,
00000000,
00000a00,
08000000,
00000000,
00000000,
000e0004,
00000000,
00070000,
03000000,
00000000,
000c000c,
00060000,
00000200,
00110000,
00000a0f,
0a000000,
00000005,
01000900,
0a000000,
00000003,
00000000,
0011000b,
00000a00,
00000000,
00000000,
00050001,
00000011,
00050000,
00000000,
00001000,
00000a00,
04000016,
00000000,
00000000,
00000000,
00000000,
00000000,
00060000,
00000500,
0d000011,
00000000,
00000000,
0000000b,
04000000,
00000100,
00000800,
00000000,
00000000,
00000000,
08030000,
00050200,
00000000,
00000000,
00000200,
00000000,
0000001a,
00000000,
00000003,
00000000,
0e000000,
00000000,
00000005,
00000000,
00020400,
00000000,
05050001,
00000200,
00000000,
00000000,
00000003,
00010701,
01000004,
00000003,
00000004,
00000000,
04000000,
04000000,
02000304,
00030000,
00010000,
02000000,
00020000,
00000200,
02000400,
00000000,
00010003,
00020701,
02000002,
00000002,
00000004,
00000000,
02000000,
04000000,
01000403,
00020000,
00020000,
03000000,
00020000,
00000400,
02000200,
00000000,
01020002,
00030600,
01000003,
00000003,
00000004,
00000000,
02000000,
02000000,
01000404,
00020000,
00020000,
02010000,
00020000,
00000600,
04000000,
00000000,
01020003,
01030500,
00000005,
00000000,
00000003,
00000000,
03000000,
03000000,
00000204,
01030000,
00010000,
02000000,
00020000,
00000400,
04000000,
00000000,
00020004,
01040500,
00000005,
00000101,
00000002,
00000000,
02000000,
03000000,
02000102,
06010000,
00010000,
00000000,
00050000,
01000600,
04000500,
00000000,
01000000,
00010300,
00000000,
00000108,
00000000,
00000000,
04000200,
02000001,
00000002,
0e000000,
00000000,
00000000,
00080500,
00000400,
00000600,
00000f00,
00000000,
00000000,
00000000,
000b0017,
00000000,
00000000,
00000000,
00050000,
00000001,
06000000,
01000000,
00000000,
00000800,
00020000,
00000000,
00000700,
00000400,
00000600,
00000000,
00140019,
00000000,
0a000000,
00000000,
000c0000,
00000500,
00070000,
05000000,
00000000,
00000600,
00000004,
00000000,
00000000,
00000000,
00001105,
00000000,
00110003,
00000000,
0c000001,
00000000,
00090000,
00000000,
00000000,
05030001,
05080c00,
00000002,
00000001,
00000000,
00000000,
00080000,
00000500,
00000000,
05050000,
00000000,
0b000000,
04000000,
00080000,
00000002,
11000005,
020b0000,
000b0d00,
00000000,
00020000,
00060000,
00000000,
00030000,
02000000,
00000000,
00080000,
00000300,
0c000000,
00000000,
00000000,
00000000,
00000000,
06000000,
00000100,
00010200,
01050000,
00000000,
00000000,
00000000,
02000000,
00000b00,
00060007,
00001000,
0c010000,
00000000,
00000100,
07000000,
00000000,
03000000,
00000000,
00000200,
06070003,
00000001,
00000000,
00000000,
00070505,
09010e00,
09030000,
01000900,
01050400,
00040504,
00001400,
0e08000b,
00000000,
00080000,
00060902,
01000400,
01010004,
00000009,
02000000,
00000000,
00000309,
00070800,
07000200,
03000000,
03030000,
0c020805,
00000513,
02050001,
000c040a,
060c0005,
00000304,
0b000000,
08000006,
00000c08,
05040000,
07000000,
00000009,
08010000,
0a000000,
00030000,
00000003,
00000008,
00000006,
00020002,
00020002,
0807000a,
00000000,
06000200,
0002000c,
00000000,
00000000,
00000100,
02000000,
07000000,
0e010000,
00000000,
07000004,
06000000,
00060000,
00010002,
00000000,
06000000,
01000100,
0b000600,
0001020b,
00000000,
00010000,
00000000,
04000000,
00000000,
0f000000,
00000003,
0e000000,
01000000,
00060000,
00000000,
00100000,
09000000,
00000800,
12000800,
00000008,
00000000,
00050000,
00000002,
09000007,
00000000,
0d060000,
00000000,
0d000005,
00000000,
00000000,
00000000,
000d0000,
0f000000,
00030900,
17000c00,
00000000,
00000000,
00020000,
00000000,
08000000,
00000000,
01000000,
00000000,
13000002,
00000000,
00010000,
00000000,
00000000,
0e000000,
01000000,
00000e00,
00000000,
00000000,
00000000,
00000000,
00000000,
00000013,
00000000,
00000116,
0b000002,
00000200,
00000000,
03000000,
00000000,
00000000,
00000000,
000f0c14,
00000000,
00000000,
00000000,
00000100,
01000000,
00000017,
00000000,
00000013,
03000000,
01000500,
00000000,
05000000,
00000000,
00000000,
00000000,
00180400,
00030000,
00000000,
00000000,
00000400,
04000000,
0000000c,
00000000,
00000008,
00000000,
05000300,
00000000,
02000000,
00000000,
00000300,
00000000,
00080001,
00000200,
00000000,
00000000,
00000000,
01030300,
00000007,
00000002,
00000005,
00000000,
04000000,
01000000,
03000304,
02010000,
00020000,
00010000,
00040000,
00000300,
02000000,
00000000,
02000004,
01060500,
00000007,
00000003,
00000004,
00000000,
05000000,
02000000,
04000304,
02020000,
00020000,
00030000,
00040000,
00000400,
03000100,
00000000,
02000002,
02060501,
00000005,
00000003,
00000004,
00000000,
04000000,
02000000,
05000304,
03010000,
00030000,
00030000,
00030000,
00000500,
03000100,
00000200,
02000001,
01040400,
00000004,
00000003,
00000004,
00000000,
04000000,
03000000,
04000205,
02000000,
00020000,
01020000,
00020000,
00000400,
04000100,
00000200,
02000003,
01030500,
00000005,
00000003,
00000004,
00000000,
03000000,
03000000,
03000305,
01010000,
00020000,
01020000,
00020000,
00000400,
04000100,
00000000,
04010003,
00020600,
00000002,
00000001,
00000000,
00000000,
04000000,
00000006,
00000800,
05010000,
01020000,
04000000,
00040000,
00020400,
00000000,
00000600,
00020004,
00000100,
00000000,
00000016,
00000100,
00000000,
06000000,
0000000b,
04000000,
00030100,
05040000,
05000000,
00000000,
00070400,
00000100,
00000000,
00000001,
00000000,
000a0000,
0000000b,
00000300,
00040400,
0006000f,
00000206,
08040004,
00080700,
0900000c,
00000000,
00000000,
02000000,
00000005,
00000000,
00000000,
0000000b,
000f0000,
05000000,
00000000,
00000606,
00110000,
01000600,
01060000,
000e0307,
08000006,
00000000,
09000500,
01000000,
00000002,
00000000,
00000000,
0000000b,
000d0000,
03000000,
00010004,
00000306,
00100000,
00000000,
00010000,
00010602,
0400000a,
00000000,
00000c00,
00000000,
00000000,
00000003,
00000005,
00000000,
00080000,
00000000,
0200070d,
00010006,
000d0000,
00000000,
00000000,
00000000,
00000005,
00000000,
00000b00,
00000000,
00000000,
00000106,
0000000d,
00090000,
00040000,
00000000,
0a000816,
00060007,
00060000,
00000000,
01030000,
00000200,
00000000,
00000000,
00000800,
00000001,
00000000,
00000704,
00000002,
00100000,
00020000,
00000000,
07000515,
00050008,
00040000,
00000200,
00090200,
00000500,
00000000,
00000000,
00000600,
0003000a,
00000009,
00000600,
00000000,
00020000,
02010000,
00000000,
09000012,
000a0007,
000b0000,
00000000,
020e0000,
00000500,
00000000,
00000007,
00000a00,
0002000b,
0000000b,
00000100,
00000000,
00000000,
00020000,
05000000,
00000004,
00090409,
00070000,
00000000,
09090000,
00000800,
05000000,
00000008,
00000f00,
00000000,
00000000,
00000000,
00000000,
00080200,
000a0000,
02000000,
00000100,
0000000f,
000a0000,
00000300,
01040b00,
00000600,
01000001,
00000000,
00000100,
01000000,
00000006,
00000500,
00000009,
00040600,
07000004,
07000000,
00020200,
0000000b,
00060000,
00000000,
00001200,
00000000,
01000003,
01000000,
0e050000,
0000000b,
00000000,
00000000,
00030000,
00000900,
0a00001e,
00000000,
00020000,
00000002,
17000000,
00000000,
00000000,
01000000,
00080400,
03000001,
0e080000,
00000400,
00000000,
00000000,
00000000,
00040602,
00000005,
00000002,
00000001,
00000000,
06000000,
01000000,
01000104,
00040000,
00030000,
02000000,
00000000,
00000500,
06000500,
00000000,
02010001,
00040803,
00000005,
00000003,
00000003,
00000000,
04000000,
04000001,
03000504,
02030000,
00020001,
00020000,
00010001,
00000400,
04000600,
00000000,
03010001,
00050701,
02000004,
00000003,
00000003,
00000000,
04000000,
04000001,
03000505,
02030000,
00020001,
01030000,
00020000,
00000300,
04000600,
00000000,
03020001,
00030701,
00000004,
00000003,
00000004,
00000000,
04000000,
04000000,
04000406,
02030000,
00020000,
00020000,
00030001,
00000300,
04000600,
00000100,
03010001,
00020701,
00000003,
00000002,
00000003,
00000000,
04000000,
03000001,
03000405,
02030000,
00020001,
00020000,
00020000,
00000400,
04000500,
00000100,
03010001,
00030701,
01000003,
00000002,
00000003,
00000000,
03000000,
03000002,
03000505,
01030000,
00020001,
00030000,
00010000,
00000300,
03000500,
00000000,
04010002,
00040701,
01000005,
00000002,
00000003,
00000000,
05000000,
03000001,
04000504,
01040000,
00030001,
00030000,
00020000,
00000300,
03000600,
00000000,
04010001,
00040702,
02000004,
00000001,
00000002,
00000000,
04000000,
03000001,
03000405,
01030000,
00020000,
00020000,
00020001,
00000400,
03000500,
00000000,
02010001,
00040801,
01000004,
00000002,
00000003,
00000000,
03000000,
03000000,
03000504,
01030000,
00020000,
00020000,
00010001,
00000600,
04000400,
00000000,
03010002,
00040802,
00000004,
00000002,
00000003,
00000000,
04000000,
02000000,
03000604,
01030000,
00020000,
00020000,
00010001,
00000500,
05000500,
00000000,
03010001,
00040701,
01000005,
00000002,
00000003,
00000000,
04000000,
03000000,
04000504,
02020000,
00020000,
00010000,
00010002,
00000500,
04000500,
00000100,
03000001,
00040701,
00000004,
00000003,
00000003,
00000000,
04000000,
03000001,
04000404,
02030000,
00010000,
00010000,
00020000,
00000400,
04000500,
00000100,
03000001,
00030700,
00000002,
00000002,
00000004,
00000000,
05000000,
01000001,
04000702,
01030000,
00030000,
01010000,
00020000,
00000600,
05000300,
00000200,
02010001,
00000100,
00000000,
03000006,
00000000,
00000000,
0e000000,
0000000e,
00000200,
02090000,
02070000,
07000004,
00000000,
03060600,
00000600,
00000700,
00030005,
00000102,
00000000,
01000007,
04000300,
00000002,
02000001,
0000001c,
0c000000,
00090402,
07080008,
07000100,
00000000,
00020000,
00000e00,
00070000,
00020000,
00000000,
01000000,
05000000,
05000000,
0000020c,
00000010,
00000002,
00040300,
00040b00,
09030012,
00000000,
00000000,
00000000,
00000000,
00000000,
00000000,
00030400,
0b010000,
0b020000,
00000000,
0009050c,
02000000,
00000800,
00180500,
00000806,
04000000,
00000000,
00000800,
08030000,
00000004,
00000000,
000b0002,
00000000,
00000000,
0a000000,
00000400,
00020009,
00000000,
00000000,
050e0000,
00000a07,
07000003,
0100000c,
00000902,
00000000,
00000502,
00000000,
000c0000,
00000100,
00000000,
03000000,
00000000,
0000000a,
00030200,
07000000,
0f020000,
00000e07,
0900000a,
00000000,
00000900,
00000000,
00000000,
00000000,
000d0000,
00020000,
0d000000,
05000001,
03000000,
0008000b,
00000000,
00000000,
00110000,
00060705,
05000000,
00000000,
00000900,
09000000,
00000000,
00000000,
000a0100,
00000000,
00030000,
05000000,
00000000,
000b0009,
00070006,
00000100,
00140000,
00000d0a,
08000000,
00000005,
02000700,
02010000,
00000002,
00000000,
000c0002,
00000000,
00000000,
00000000,
00030000,
0000000e,
00060000,
00000000,
00000800,
00000d00,
06000016,
00000000,
00000000,
00000000,
00000000,
00000000,
00010000,
00050500,
0c000007,
00000000,
00000000,
0000000d,
00000000,
00000000,
00001000,
00000000,
00000000,
00000000,
0a030000,
00020100,
00000000,
00000000,
00000000,
00000200,
0200001c,
00000000,
00000003,
00000000,
13000000,
00000000,
00000002,
00000000,
00050500,
02000000,
08070000,
00000500,
00000000,
00000000,
00000001,
00030700,
02000005,
00000001,
00000004,
00000000,
03000000,
03000000,
02000403,
00030000,
00020000,
02000000,
00020000,
00000300,
04000200,
00000000,
01000002,
00050600,
01000004,
00000003,
00000004,
00000000,
03000000,
03000000,
02000403,
00020000,
00020100,
02000000,
00010000,
00000600,
04000100,
00000000,
01010003,
01030400,
02000001,
00000003,
00000004,
00000000,
03000000,
01000000,
00000006,
03010000,
00010000,
03020000,
00020000,
00000500,
04000100,
00000100,
00010003,
02000000,
00000004,
00000100,
00000003,
00000000,
00000000,
01000000,
00000105,
00000000,
00000000,
03000000,
00070000,
00000400,
03000100,
00000100,
00010102,
00000100,
00000006,
00000001,
00000000,
00000000,
01000300,
00000000,
00000000,
0a000000,
00000000,
00000000,
00090200,
01000400,
00000500,
00000a00,
00000000,
00000000,
00000000,
00080213,
00000000,
00000000,
01000000,
00000002,
00000002,
0a000000,
00000000,
00000000,
00040800,
00010000,
00000100,
00000b00,
00000300,
02000000,
00000000,
0011001d,
00000000,
09030000,
00000000,
000a0000,
00000300,
00040000,
03000000,
00000000,
00000b00,
00010000,
00000000,
00000000,
00000900,
00001500,
00000000,
0016000e,
00000000,
0d000001,
00000000,
00080000,
00000400,
00050000,
05000005,
03000500,
00000100,
00000004,
00000001,
00000000,
00050000,
00000d09,
00000000,
01060000,
00000000,
0c000000,
00000000,
00090000,
00000000,
07000003,
050a0003,
030d1600,
00000400,
00000001,
00050000,
00000000,
00040000,
00000100,
00000000,
00000006,
00000000,
08000000,
00000000,
00060000,
00000002,
07000003,
02010000,
000a0d00,
00000000,
03080001,
00010000,
00000000,
00000000,
0b000000,
00010900,
00000007,
00000000,
02000000,
00000000,
00030400,
00000001,
00000000,
0a000000,
00030100,
00000000,
010a0002,
00000000,
00000000,
00000000,
0a000300,
00001100,
00010006,
00000400,
07000000,
00030000,
00000000,
08000b00,
00000000,
05000001,
00000200,
00000100,
00030000,
00000000,
00000000,
00000000,
010a0303,
09030a00,
09010000,
00000400,
00000500,
00020501,
00000a00,
0b060107,
16000400,
00080000,
000a0000,
01000200,
03000000,
00000005,
08000000,
00000000,
00000607,
00060b00,
06000200,
00000000,
03000000,
13020c01,
0000080c,
05040003,
00070006,
02090006,
00000003,
08000000,
0a000001,
0000080a,
05050000,
03000000,
0000000c,
01020000,
09000000,
00000000,
00000000,
00020500,
00030104,
00030001,
00060006,
0800000b,
00000000,
05000500,
00000002,
00000003,
01030000,
00000000,
0400000a,
08000300,
0a040000,
00000000,
08000002,
00000000,
00080400,
00030000,
00000000,
0a000000,
00000000,
01000c00,
00010004,
00000000,
00000000,
00000000,
06000000,
02000500,
090a0000,
00000000,
0c000000,
00000000,
00030000,
00000100,
00000000,
09000000,
01000100,
06000c00,
00000004,
00000000,
00000000,
00000000,
08000005,
00000000,
0b000000,
00000002,
0e000000,
02000000,
00030000,
00000000,
001b0001,
07000000,
00000200,
1c000900,
00000004,
00020000,
00080000,
00000000,
0c000004,
00000000,
0c000000,
00000000,
0a000005,
00000000,
00000000,
00000000,
00000000,
11000000,
00030400,
0d000c00,
00000002,
00000000,
00090000,
00000000,
06000000,
00000000,
00050000,
0000000a,
12000002,
00000200,
00000000,
00000000,
00000000,
0a000002,
02000000,
00000f17,
00000000,
00000000,
00000000,
00000000,
00000000,
00000019,
00000000,
00000019,
07000001,
00000200,
00000000,
07000200,
00000000,
00000000,
00000000,
00140611,
00010000,
00000000,
00000000,
00000000,
02000000,
00000019,
00000000,
00000010,
00000000,
03000700,
00000000,
05000000,
00000000,
00000000,
00000000,
00130201,
00000000,
00000000,
00000000,
00000000,
04000000,
00000008,
00000000,
00000006,
00000000,
03000100,
01000000,
02000003,
00000000,
00000200,
00000000,
00050000,
00000300,
00000000,
00000000,
00000003,
02060500,
00000007,
00000002,
00000005,
00000000,
05000000,
03000000,
04000304,
03010000,
00030000,
00020000,
00040000,
00000400,
04000000,
00000100,
02000002,
01070500,
00000005,
00000003,
00000005,
00000000,
05000000,
03000000,
05000304,
03010000,
00020000,
00020000,
00030000,
00000500,
04000100,
00000200,
03000002,
01060500,
00000005,
00000004,
00000005,
00000000,
05000000,
03000000,
04000304,
02010000,
00020000,
01020000,
00030000,
00000400,
04000200,
00000100,
03000003,
01070701,
00000005,
00000004,
01000005,
00000000,
04000000,
02000000,
04000504,
01010000,
00020000,
01020000,
00020000,
00000500,
04000100,
00000000,
03010003,
00040000,
00000005,
00000006,
00000000,
00000000,
05000000,
00000009,
05000000,
06020000,
01000000,
08000000,
00050000,
01000000,
00000000,
00000400,
00000005,
00030000,
00030000,
00000019,
04000000,
00000000,
04000000,
00000014,
09000002,
00000100,
02000000,
07000000,
00000000,
05060000,
00000000,
00000000,
00000004,
00030000,
03130000,
03000004,
08000300,
00080000,
00080009,
00000108,
0b030008,
00000500,
05000000,
00000002,
00000000,
08000000,
00000006,
00000300,
00000000,
00070000,
040f0200,
06000000,
03000307,
00020202,
000c0400,
00000500,
0a070002,
01040304,
04000000,
00000000,
0b000800,
00000000,
0000000a,
05000300,
00000000,
00000002,
030b0000,
03000300,
00040409,
00000005,
000c0000,
01000200,
02010000,
00110006,
09000001,
01000000,
12000c00,
00000000,
00000003,
05000000,
00000000,
00000008,
000a0000,
05000500,
00030505,
00000008,
000f0000,
05000000,
00000003,
000c0000,
08000003,
07000000,
06000d00,
00000000,
00000000,
00000008,
00000004,
00000000,
000a0000,
00000100,
0000090e,
00070007,
000f0000,
02000000,
00010000,
00000304,
05000003,
07000000,
00000e00,
00000000,
00000000,
00000005,
00000012,
00000000,
000b0000,
00000000,
00000913,
00020008,
000b0000,
00000000,
00010100,
00000502,
0100000a,
03000000,
00000900,
00000000,
00000000,
0000000d,
0001000a,
00000000,
01030000,
00000000,
01000412,
00070008,
00060000,
00000000,
00090300,
00000701,
01000007,
00000006,
00000b00,
00000001,
00000000,
00000000,
0000000d,
00000000,
00080000,
07000000,
0200050f,
00090009,
000b0000,
00000000,
01090000,
00000502,
03000000,
0000000a,
00000e00,
04000000,
00000005,
00000000,
00070008,
00000200,
00060000,
03000000,
02000604,
0000000b,
000e0000,
00000005,
03020400,
00000500,
0100000e,
00000000,
00000200,
00000000,
00000000,
00000000,
0000000e,
000a0500,
03040000,
00000000,
00020301,
0000000c,
000c0100,
00000000,
00001700,
00000200,
00000011,
00000000,
01010000,
0000000f,
00000000,
00000000,
00000005,
00000a00,
0c00001b,
02000000,
00000000,
00000004,
17000000,
00000100,
00000000,
01000000,
00050600,
01000000,
0e070000,
00000300,
00000000,
00000000,
00000000,
00020700,
01000006,
00000002,
00000000,
00000000,
06000000,
00000000,
01000004,
00040000,
00030000,
01000000,
00010000,
00000500,
06000500,
00000100,
00000001,
00050800,
01000006,
00000002,
00000002,
00000000,
04000000,
03000000,
04000503,
00030000,
00020000,
00020000,
00020000,
00000400,
05000500,
00000100,
02000000,
00050701,
02000005,
00000003,
00000003,
00000000,
04000000,
04000001,
05000304,
01040000,
00010000,
00020000,
00010000,
00000500,
04000500,
00000000,
02000000,
00050701,
01000004,
00000003,
00000003,
00000000,
03000000,
04000000,
04000406,
02030000,
00010000,
00020000,
00010000,
00000400,
04000500,
00000100,
02010001,
00030700,
01000003,
00000003,
00000003,
00000000,
03000000,
04000001,
03000505,
01030000,
00020100,
01030000,
00030000,
00000400,
04000400,
00000100,
03020002,
00040701,
00000005,
00000003,
00000003,
00000000,
03000000,
05000001,
03000604,
00040000,
00020001,
00030000,
00020000,
00000400,
04000500,
00000000,
03010002,
00040701,
00000006,
00000002,
00000003,
00000000,
04000000,
03000001,
04000404,
01040000,
00020001,
00020000,
00010000,
00000400,
04000500,
00000000,
03000000,
00050600,
01000005,
00000002,
00000003,
00000000,
04000000,
03000001,
03000305,
01040000,
00020000,
00010000,
00020000,
00000500,
04000500,
00000100,
02000001,
00050700,
01000004,
00000003,
00000004,
00000000,
03000000,
02000000,
03000404,
00040000,
00010000,
00010000,
00020000,
00000600,
05000500,
00000100,
01000001,
00040700,
00000004,
00000003,
00000004,
00000000,
03000000,
02000001,
04000504,
01030000,
00010000,
00020000,
00030000,
00000500,
05000500,
00000200,
01000001,
00040700,
01000003,
00000004,
00000004,
00000000,
04000000,
03000001,
04000405,
01020000,
00010000,
00020000,
00030000,
00000400,
04000500,
00000300,
01000001,
00040600,
01000004,
00000004,
00000003,
00000000,
04000000,
02000001,
04000404,
00030000,
00010000,
00020000,
00040000,
00000300,
04000500,
00000300,
01000000,
00050600,
00000003,
00000004,
00000004,
00000000,
05000000,
01000001,
04000603,
00030000,
00030000,
01020000,
00030000,
00000500,
05000500,
00000300,
01010001,
00000100,
00000000,
03000005,
00000000,
00000000,
0e000000,
0000000c,
00000200,
020a0000,
02060000,
06000002,
00000000,
04050400,
01000600,
00000400,
00020006,
00000105,
00000000,
03000009,
03000100,
00000001,
08000000,
0000001e,
0c000000,
000a0101,
07070006,
06000000,
00000000,
00040000,
00000c00,
00080000,
00000000,
00000000,
00010000,
03000001,
00000000,
0000000d,
00000115,
0000000e,
00050000,
00030b02,
0a000012,
00000000,
00000100,
00000000,
00000400,
00000800,
00000000,
00020000,
0b000000,
04000002,
00000000,
0006050e,
00000000,
00000200,
00180e00,
00000b09,
03000000,
03000000,
00000900,
01010000,
00000003,
00000000,
00060000,
00000000,
00000000,
09000000,
00000002,
00030009,
06000000,
00000000,
02110000,
0000090b,
05000000,
0000000a,
00000c06,
00000000,
00000002,
00000000,
00120000,
00000000,
00000000,
03000000,
00000002,
0000000a,
00050201,
0e000000,
0c030000,
00000e09,
09000009,
00000000,
00000900,
00000000,
00000000,
00000000,
000c0000,
00000000,
0a010000,
00000001,
04000002,
0003000a,
00000000,
00000000,
000d0000,
00050d03,
05000000,
00000000,
00000a00,
09000000,
00000000,
00000300,
000a0502,
00020000,
00090000,
00000000,
00000000,
000c000b,
00090000,
00000000,
00150000,
00000d0c,
07000000,
00000006,
01000500,
07000000,
0000000e,
00000100,
00100000,
00000400,
00000000,
00000000,
00000100,
0001000e,
00070000,
00000000,
00000e00,
00000e00,
0800000b,
00000000,
00000000,
00000000,
00000000,
00000000,
00060000,
00050c00,
0b000002,
00000000,
00020000,
0000000e,
00000000,
00000000,
00001700,
00000200,
01000000,
00000000,
06020000,
00000001,
00000000,
00000000,
00010000,
00000500,
0800001c,
00000000,
00000000,
00000001,
16000000,
00000300,
00000002,
00000000,
000a0500,
03000000,
07090000,
00000a00,
00000000,
00000000,
00000000,
00040600,
00000004,
00000002,
00000004,
00000000,
03000000,
03000000,
02000202,
00020000,
00020000,
02000000,
00020000,
00000500,
06000300,
00000000,
01010002,
00060500,
03000005,
00000004,
00000004,
00000000,
02000000,
02000000,
02000302,
00030000,
00020000,
02000000,
00030000,
00000500,
05000300,
00000000,
01010002,
00020102,
02000000,
00000003,
00000005,
00000000,
04000000,
01000000,
00000008,
03020000,
00020000,
06030000,
00010000,
00000300,
01000000,
00000100,
00020003,
04000000,
00000000,
00020001,
00000003,
06000000,
00000000,
00000000,
0000000a,
01000000,
00000000,
01000000,
00080000,
01000300,
00000000,
00000400,
00000200,
00000000,
00000002,
00070207,
00000000,
02000000,
00000200,
00000000,
00000000,
0e000000,
01000000,
00000000,
00060800,
00000000,
00000200,
00000f00,
00000200,
01000000,
00000000,
000d001b,
00000000,
01000000,
00000000,
00090000,
00000000,
00000000,
02000000,
00000000,
00000b00,
00030000,
00000000,
00000000,
00000b00,
01000f00,
00000000,
00160014,
00000000,
0d000001,
00000000,
000f0000,
00000600,
00060000,
05000000,
00000000,
00000604,
00000004,
00000000,
00000000,
00030000,
00000f09,
00000000,
000c0001,
00000000,
0b000000,
00000000,
00090000,
00000100,
02000005,
02010004,
060b1100,
00000200,
00000001,
00000000,
00000000,
000b0000,
00000700,
00000000,
00020007,
00000000,
0a000000,
00000000,
000c0000,
00000000,
10000005,
02020000,
00061200,
00000500,
00010000,
00030000,
00000000,
00000000,
01000000,
00000000,
00020017,
00000100,
02000000,
00000000,
00000000,
00000001,
00000000,
01000000,
00020600,
00000000,
0c0c0004,
00000500,
00000000,
00000000,
0f000605,
00040a00,
00040005,
01000000,
00000100,
00000000,
00000900,
00000005,
00000000,
06000000,
00050000,
00000000,
000d0005,
00000000,
00000000,
00000000,
07000709,
00041000,
00030000,
00000200,
06000000,
00000000,
00000800,
08000405,
02000000,
05000001,
00070700,
00000000,
00030000,
00000000,
05000000,
00000000,
00020203,
07030800,
08020000,
00000200,
00000700,
00010500,
03000e00,
08070109,
13000406,
00080700,
000d0100,
07000100,
01000000,
00000004,
06000800,
00000000,
00000001,
00060900,
06000000,
00000200,
04000000,
0e030a03,
0000060a,
00010004,
00000000,
02030003,
00000001,
00030000,
08010001,
00000306,
03020400,
00000000,
00000000,
01000000,
08000000,
00000900,
00000000,
00000000,
00010005,
04000000,
00000000,
04000007,
00000000,
00000500,
00000001,
00000000,
00000000,
00000000,
0a00000e,
04000100,
06000000,
01000200,
07010000,
06000000,
00030000,
00030000,
00060000,
07000000,
00000002,
02000700,
00040005,
00000000,
00000000,
00000000,
1500000a,
00001000,
05000000,
00000000,
09010000,
00000000,
00040000,
00000008,
00000000,
09000000,
00000300,
00000600,
00000002,
00000000,
00000000,
00000000,
06000000,
00000000,
0d000000,
00000005,
09000000,
00000003,
00040000,
03000000,
000e0000,
09000000,
00000100,
14000300,
00000003,
00000000,
00000000,
00000003,
0e000005,
00000000,
0e000000,
00000007,
0e000003,
00000000,
00020000,
00050000,
001b0000,
0f000000,
00010b00,
1d000900,
00000002,
00000000,
00080000,
00000000,
0f000007,
00000000,
06000000,
00000000,
0f000006,
00000000,
00000000,
00000000,
00000000,
12000000,
08000000,
00000b00,
00030000,
00000000,
00010000,
00000000,
04000000,
0000000a,
00050000,
00000214,
11000002,
00000000,
00000000,
00000000,
00000000,
09000002,
07000000,
00000b19,
00000000,
00000000,
00000000,
00010000,
00000000,
0200001f,
00000000,
00000017,
07000000,
00000100,
00000000,
06000000,
04000000,
00000000,
00000000,
00150400,
01060000,
00000000,
00000000,
00000000,
04000000,
00000011,
00000000,
0000000b,
00000000,
01000500,
00000000,
03000000,
00000000,
00000000,
00000000,
000e0003,
00000000,
00000000,
00000000,
00000000,
02000200,
00000008,
00000000,
00000006,
00000000,
04000000,
02000000,
03000104,
03000000,
00030000,
00000000,
00050000,
00000200,
01000000,
00000000,
01000004,
01060400,
00000008,
00000004,
00000005,
00000000,
05000000,
03000000,
04000304,
02010000,
00020000,
00010000,
00040000,
00000300,
05000200,
00000100,
03000003,
01070500,
00000007,
00000004,
00000005,
00000000,
05000000,
02000000,
04000304,
02010000,
00020000,
00020000,
00030000,
00000400,
05000200,
00000000,
03000003,
02070500,
00000004,
00000003,
00000005,
00000000,
04000000,
02000000,
04000404,
02010000,
00020000,
00020000,
00040000,
00000400,
06000200,
00000100,
03000003,
00060000,
00000001,
00000003,
01000004,
00000000,
06000000,
00000005,
02000000,
03030000,
00040000,
05000000,
00040000,
01020000,
05000000,
00000000,
00000007,
00030007,
00010000,
00000006,
0a000401,
00000000,
0a000000,
00000015,
0b000003,
00020000,
00000000,
06000200,
00000000,
05060000,
00000000,
00000000,
0000000a,
00030012,
020e0000,
02000000,
1c000400,
00060200,
00000002,
00000013,
14000009,
00000000,
00000000,
00000003,
00000000,
07000000,
00000000,
02000000,
0000000b,
000a0006,
00100000,
09000000,
13000007,
00040005,
000c0300,
00000003,
11040000,
00000000,
00000000,
00000002,
00000a00,
00000000,
00000003,
03000000,
00000000,
000f0000,
030c0000,
00000000,
04000009,
00000004,
00110800,
00000000,
0c050000,
00000003,
00000000,
00000000,
00000b00,
00000000,
0000000a,
05000400,
00000000,
00080000,
050e0000,
00000100,
0000000b,
00000006,
000f0500,
02000000,
02020001,
000a0502,
06000000,
00000000,
06000c00,
00000000,
00000003,
07000000,
00000001,
00030004,
020a0000,
00000700,
0000000c,
00060005,
00110000,
05020000,
00010005,
00080406,
0b000002,
02000000,
09001000,
00000000,
00000000,
00000009,
0000000d,
00000009,
00130000,
00000300,
0000010e,
01060006,
080f0000,
04050600,
00050004,
00020004,
09000003,
00000000,
04000d00,
02000000,
00000000,
00000009,
0006000d,
00000005,
00130000,
04000000,
00000213,
03080006,
030e0000,
00030300,
00050002,
00000002,
08000000,
00000004,
00001000,
00000000,
00000000,
00000006,
00020010,
00000000,
00090000,
07000500,
00000512,
03080005,
010d0000,
00000000,
00060000,
00000307,
05000000,
00000003,
00001000,
00000000,
00000001,
00000004,
00050015,
00000000,
00080000,
06000000,
0100080b,
00030008,
000d0000,
00000000,
00000100,
00000507,
0600000c,
00000000,
00000600,
00000000,
00000000,
00000000,
00040011,
00000c00,
00010000,
00000000,
00000605,
0000000c,
00040000,
00000000,
00001f00,
00000500,
00000017,
00000000,
00000000,
00000002,
00000000,
00000000,
00000001,
00001000,
03000016,
00000000,
00000000,
00000006,
13000000,
00000400,
00000000,
04000000,
00070200,
00000000,
07090000,
00000400,
00000000,
00000000,
00000000,
00000600,
01000006,
00000001,
00000001,
00000000,
07000000,
01000000,
00000005,
00030000,
00040000,
01000000,
00030000,
00000400,
07000500,
00000200,
00000002,
00030700,
01000004,
00000003,
00000004,
00000000,
04000000,
03000000,
04000405,
00030000,
00020000,
01020000,
00040000,
00000300,
04000500,
00000300,
02000000,
00040700,
01000005,
00000003,
00000004,
00000000,
04000000,
03000001,
05000305,
01040000,
00010000,
00020000,
00050000,
00000400,
04000500,
00000300,
02000000,
00050700,
02000004,
00000004,
00000003,
00000000,
04000000,
03000001,
04000306,
01030000,
00010100,
00020000,
00040000,
00000300,
03000500,
00000400,
02000001,
00040800,
01000003,
00000004,
00000004,
00000000,
04000000,
03000001,
03000506,
00030000,
00020100,
01030000,
00030000,
00000300,
04000500,
00000200,
03010002,
00050800,
00000004,
00000003,
00000004,
00000000,
03000000,
04000001,
04000505,
01030000,
00020001,
00040000,
00040000,
00000300,
04000500,
00000200,
03010001,
00050800,
00000004,
00000002,
00000004,
00000000,
04000000,
03000001,
05000405,
01030000,
00020000,
00030000,
00040000,
00000300,
04000500,
00000300,
03010000,
00050800,
02000004,
00000003,
00000004,
00000000,
04000000,
03000001,
05000306,
01030000,
00010100,
00020000,
00040000,
00000400,
03000500,
00000400,
02000001,
00040700,
02000003,
00000003,
00000005,
00000000,
04000000,
03000001,
04000306,
00030000,
00010100,
00020000,
00040000,
00000300,
03000500,
00000400,
01000001,
00030700,
00000003,
00000004,
00000005,
00000000,
03000000,
04000001,
04000406,
00030000,
00010100,
01030000,
00040000,
00000300,
04000500,
00000300,
02010001,
00020700,
00000004,
00000003,
00000005,
00000000,
03000000,
04000001,
04000406,
00030000,
00020101,
01030000,
00040000,
00000200,
04000500,
00000300,
02010001,
00030700,
01000004,
00000004,
00000004,
00000000,
04000000,
03000000,
04000405,
00030000,
00010000,
01020000,
00030000,
00000300,
04000400,
00000200,
02010001,
00030700,
00000003,
00000003,
00000004,
00000000,
05000000,
02000002,
04000504,
01030000,
00020000,
01030000,
00030000,
00000500,
05000500,
00000200,
02010002,
00000400,
00000000,
02000004,
00000000,
00000000,
0e000000,
00000008,
00000200,
04090000,
01070000,
04000002,
00000000,
04050400,
01000400,
00000400,
00030006,
00000003,
00000000,
0300000a,
02000200,
00000001,
0a000000,
0000001a,
0c000000,
000b0000,
05060002,
06000000,
00000000,
00040000,
00000a00,
00030000,
00000000,
00000000,
00010000,
04000000,
08000000,
0000000b,
00000012,
00000015,
07040000,
000a0800,
0b03000f,
00000000,
00000100,
00000000,
00000000,
00000100,
00000000,
000a0000,
08030000,
03000000,
00000000,
0001000f,
00000000,
00000000,
00160500,
00000d08,
06000003,
01000000,
00000900,
00000000,
00000001,
00000000,
00060000,
00000000,
07000000,
06000000,
02000102,
00040007,
07020004,
00000000,
00140000,
00000c0e,
05000000,
00000008,
00000c01,
00000000,
00000008,
00000100,
00160004,
00000000,
00020000,
04000000,
00000004,
0002000a,
00060000,
04000000,
07070000,
00001008,
0b000003,
00000003,
00000900,
00000000,
00000000,
00000400,
00130001,
00000000,
01040000,
00000000,
00000004,
0006000d,
00050002,
00000000,
04080000,
00040d00,
05000000,
00000000,
00000800,
0a000000,
00000000,
00000804,
00080003,
000a0000,
00060000,
00000000,
00000000,
000c000f,
000c0004,
00000000,
010b0000,
00000e06,
00000000,
00000000,
00000400,
00000000,
00000404,
00000500,
00060009,
00001300,
00000000,
00000000,
0a040000,
00040012,
00080000,
00000000,
00001400,
00000f04,
00000000,
00000000,
00000000,
00000000,
00000000,
06000000,
0007000b,
00001900,
07000000,
00000000,
00000000,
00000010,
00000000,
00000000,
00001a00,
00000000,
00000003,
00000000,
00000000,
00000003,
00000000,
00000000,
00020000,
00000c00,
0f000010,
00000000,
00000000,
00000003,
13000000,
00000400,
00000000,
00000000,
000c0500,
05000000,
01080000,
00000900,
01000000,
00000000,
00000000,
00040600,
00000004,
00000003,
00000004,
00000000,
03000000,
03000000,
02000303,
00020000,
00020000,
02000000,
00010000,
00000400,
05000400,
00000000,
02000002,
00040500,
02000004,
00000002,
00000003,
00000000,
01000000,
04000000,
02000305,
00010000,
00010100,
02000000,
00020000,
00000200,
03000200,
00000000,
01000004,
00040002,
01000000,
00000004,
00000001,
00000000,
05000000,
02000000,
00000006,
06020000,
00010000,
03000000,
00040000,
00000500,
00000300,
00000100,
02000000,
00030000,
00000000,
02040008,
00000000,
05000000,
00000000,
00030000,
00000008,
0c000000,
00000000,
00000000,
00050700,
01000000,
00000100,
00000f00,
00000004,
00000000,
00000000,
020d0011,
00000000,
09000000,
00000000,
00070000,
00000001,
06000000,
02000000,
00000000,
00000a00,
00010000,
00000000,
00000000,
00000500,
01000400,
00000000,
00170017,
00010000,
0d000000,
00000000,
000e0000,
00000000,
00030000,
05000000,
00000000,
00000a00,
00000003,
00000000,
00000000,
00040000,
00001408,
00000000,
00130006,
00000000,
0c000002,
00000000,
000a0000,
00000000,
00000000,
02000006,
01050a00,
00000000,
00000003,
00000000,
00000000,
000c0000,
00000a06,
00000000,
00010104,
00000000,
0b000000,
00000100,
00090000,
00000000,
1400000a,
02030000,
01071400,
00000400,
00000000,
00000000,
00000000,
00020000,
00000200,
00000000,
00000311,
00000000,
05000000,
00000000,
00060000,
00000000,
00000000,
02000000,
00000f00,
00000000,
01080003,
00000100,
00000000,
00000000,
06000600,
00050400,
0002001b,
00000000,
00000000,
00000000,
00000100,
02000007,
00000000,
04000000,
00000400,
00000000,
0309000a,
00010800,
00000000,
00000000,
07000604,
02030a00,
00030600,
00000500,
02000000,
00000300,
00000d00,
02000008,
08000000,
01060000,
00090200,
00000000,
00060005,
00000004,
08000000,
00000000,
02000507,
05020b00,
00000000,
02000200,
04000300,
00000300,
00000c00,
06030303,
04000000,
02070000,
00050100,
00000002,
00020003,
00000002,
09000500,
00000000,
00000005,
03020800,
0a030100,
00000002,
00000700,
00000701,
04000a00,
07070507,
0a000507,
00090901,
000a0300,
0a000100,
00000002,
00000005,
07000700,
02000100,
00000001,
00020900,
03000000,
00000601,
08000000,
0b030300,
00040303,
00000001,
00000000,
06030002,
00000000,
01000200,
01020003,
00000000,
00070000,
00000000,
03000000,
00000b00,
05000000,
00000900,
04000000,
00000000,
00040000,
00000000,
00000000,
07000000,
03000000,
00000304,
00000000,
00000000,
00000000,
00000000,
0a000000,
00000a00,
00000500,
0000040b,
06010000,
02000800,
00000000,
05000000,
00070000,
03000000,
00000200,
00000500,
00040004,
00000000,
00000000,
00000000,
0d03000c,
00000d00,
00000000,
00000000,
01000002,
00000d00,
00000200,
00000000,
00000000,
06000000,
00000000,
00000500,
00020000,
00000000,
00000300,
00000000,
07000000,
06000000,
0f060000,
00000000,
02000002,
00000100,
00040000,
00000003,
00000000,
06000000,
01000000,
0b000600,
00000002,
00000000,
00000000,
00000000,
04000000,
00000000,
09000000,
0000000c,
0f000000,
06000300,
00060000,
00010000,
00190003,
0a000000,
00000000,
1a000800,
00000005,
00000000,
00060000,
00000000,
10000011,
00000000,
0c000000,
00000003,
07000005,
00000000,
00030000,
00010000,
000c0000,
10000000,
00070700,
1a000900,
00000301,
00000000,
000c0000,
00000000,
0b000000,
00000000,
00000000,
00000005,
10000003,
00000000,
00000000,
00000000,
00000000,
11000000,
02000000,
00000a01,
00040000,
00000000,
00000000,
00010000,
00000000,
0000001b,
00020000,
00000018,
0b000003,
00000100,
00000000,
00000000,
00000000,
04000000,
00000000,
00070a1a,
00030000,
00000000,
00000000,
00000000,
00000000,
0000001a,
00000000,
00000014,
03000000,
00000200,
00000000,
03000000,
00000000,
00000000,
00000000,
00160300,
00060000,
00000000,
00000000,
00000100,
02000000,
0000000e,
00000000,
00000009,
00000000,
02000300,
00000000,
01000000,
00000000,
00000000,
00000000,
00090003,
00000100,
00000000,
00000000,
00000000,
02000201,
00000008,
00000001,
00000005,
00000000,
04000000,
03000000,
02000204,
03010000,
00020000,
01000000,
00030000,
00000200,
03000100,
00000000,
02000004,
01040300,
00000006,
00000004,
00000005,
00000000,
04000000,
04000000,
04000304,
02010000,
00020000,
01010000,
00040000,
00000200,
04000200,
00000000,
03000003,
01040400,
00000006,
00000004,
00000005,
00000000,
04000000,
04000000,
05000405,
02010000,
00020000,
01020000,
00050000,
00000200,
04000200,
00000200,
03000003,
01050100,
00000001,
00000000,
00000009,
00000000,
07000000,
02000000,
01000004,
00030000,
00050000,
02000000,
00020000,
00010600,
0b000000,
00000000,
00000007,
02000002,
00000000,
00000000,
0200040a,
00000000,
0e000000,
00000002,
00000003,
00030000,
00020000,
07000000,
00000001,
00070400,
0b000000,
00000000,
0000000a,
0000000f,
02000000,
00000000,
17000d05,
00000000,
0e000000,
0000000c,
08000005,
00000000,
00000000,
05000000,
00000000,
06060000,
00000001,
00000000,
0000000d,
00000516,
01000000,
00000000,
1f000708,
00000003,
02000000,
0000000d,
10000000,
00000000,
00000000,
00000000,
00000001,
00000000,
00000000,
01000000,
00000009,
00040214,
02070000,
04000000,
17000303,
00030005,
00030000,
0000000d,
0d000002,
00000000,
00000000,
00000000,
00000700,
00000000,
00000000,
0b000000,
00000001,
00030007,
05090000,
02000000,
0a000408,
00090005,
000a0000,
00000002,
06040005,
00000200,
00000000,
00000000,
00000900,
00000000,
00000004,
07000001,
00000005,
000b0107,
02090000,
00000000,
0300020f,
000b0005,
00100000,
00000000,
07060000,
00000004,
02000000,
00000000,
00000b01,
00000000,
00000009,
03000005,
00000003,
00140002,
000e0000,
00000000,
0400000e,
000c0005,
00100000,
00000000,
0b0b0001,
0000000b,
05000000,
00000000,
00000c00,
00030000,
0000000e,
09000005,
00000000,
00150005,
040c0000,
00000000,
00000012,
00090006,
000d0000,
00000200,
000b0006,
0000070a,
06000000,
00000000,
00000c00,
00040000,
0000000a,
04000004,
00000003,
000a0000,
000c0000,
07000000,
0000000c,
00080005,
00110000,
00000000,
00090007,
00000908,
09000000,
00000000,
06001200,
00000000,
00000000,
00000107,
0002000e,
00000000,
000c0000,
04000000,
00000106,
00070007,
00140000,
03000000,
00050300,
00000808,
0a000004,
00000000,
00000c00,
00000000,
00000000,
00000000,
00090013,
00000f00,
00030000,
00000000,
00000300,
0100000a,
00080000,
00000100,
00001d00,
00000600,
01000005,
00000000,
00000000,
00000003,
00000000,
00000000,
00000000,
00001500,
00000015,
00000000,
00000000,
00000005,
13000000,
00000000,
00000000,
0c000000,
00070000,
00000000,
07060000,
00000300,
00000000,
00000000,
00000000,
00000601,
01000005,
00000002,
00000001,
00000000,
06000000,
00000000,
00000003,
00010000,
00040001,
02000000,
00020001,
00000300,
07000400,
00000000,
00000001,
00030700,
00000003,
00000003,
00000005,
00000000,
04000000,
04000000,
03000506,
01020000,
00020000,
01000000,
00040000,
00000100,
05000500,
00000100,
02000003,
00030700,
00000004,
00000003,
00000005,
00000000,
05000000,
03000000,
04000406,
02010000,
00020000,
00000000,
00040000,
00000100,
04000500,
00000300,
02000002,
00040700,
02000005,
00000003,
00000005,
00000000,
05000000,
03000000,
05000406,
01020000,
00010000,
01000000,
00040000,
00000200,
04000500,
00000300,
02000003,
00060801,
01000004,
00000004,
00000005,
00000000,
04000000,
04000000,
04000505,
01030000,
00020100,
01010000,
00040000,
00000200,
05000500,
00000200,
03000003,
00050800,
00000003,
00000003,
00000004,
00000000,
05000000,
04000000,
04000505,
03020000,
00020000,
00020000,
00030000,
00000200,
05000600,
00000300,
03000002,
00030700,
01000003,
00000003,
00000005,
00000000,
05000000,
04000001,
04000405,
02010000,
00020100,
00010000,
00040000,
00000200,
04000600,
00000400,
03000002,
00030700,
02000004,
00000003,
00000005,
00000000,
04000000,
03000000,
04000406,
01020000,
00020100,
00000000,
00040000,
00000200,
04000500,
00000400,
03000003,
00050701,
02000004,
00000003,
00000005,
00000000,
05000000,
03000000,
04000406,
01030000,
00020100,
01010000,
00030000,
00000100,
05000500,
00000200,
03000003,
00050801,
01000004,
00000003,
00000005,
00000000,
05000000,
04000000,
04000407,
02030000,
00010100,
01020000,
00030000,
00000200,
05000500,
00000100,
03010003,
00050700,
00000003,
00000002,
00000005,
00000000,
05000000,
04000000,
03000406,
02030000,
00020000,
01020000,
00030000,
00000200,
05000400,
00000100,
03010003,
00040700,
01000004,
00000003,
00000005,
00000000,
05000000,
04000000,
03000405,
02030000,
00020000,
01020000,
00030000,
00000300,
05000400,
00000100,
03010002,
00030701,
00000003,
00000002,
00000004,
00000000,
07000000,
03000000,
03000404,
02030000,
00020000,
01020000,
00030000,
00000300,
05000400,
00000200,
03010003,
00000400,
00000000,
03000002,
00000000,
00000000,
0d000000,
00000005,
00000600,
04070000,
01060000,
06000000,
00000000,
01060400,
04000200,
00000400,
00040006,
00000002,
00000000,
06000009,
00000400,
00000000,
0f000000,
00000014,
07000000,
00070001,
04060000,
0c000000,
00000000,
00040000,
00000b00,
00000000,
00000000,
00000000,
00000000,
07000000,
02000000,
00000008,
00000011,
00000015,
0e040000,
00100704,
0b060010,
00000000,
00000000,
00000000,
00000200,
00000000,
00000000,
00070000,
05040000,
01000000,
00000005,
0002000f,
00010000,
00000000,
01110800,
00091208,
07010007,
00000000,
00000900,
00000000,
00000000,
00000400,
00050003,
000c0000,
05000000,
00000000,
03000001,
0005000d,
00060000,
00000000,
00100000,
00000d0d,
01000000,
02000000,
00000900,
03000000,
0000000a,
00000300,
0006000a,
00010300,
00040000,
00000000,
09000000,
00080010,
02080000,
02000000,
00040000,
00000d05,
01000000,
01000000,
00000900,
00000000,
01000000,
00000000,
000c000f,
0000090a,
00040000,
00000000,
0b000000,
00080012,
00030000,
08000003,
00000000,
00000502,
00000000,
01000000,
00000400,
05000000,
00000000,
0000000a,
0007000a,
00001110,
00050000,
00000000,
080a0000,
00010011,
00050000,
04000008,
00000000,
00000201,
00000008,
00000000,
00000000,
05000000,
00000000,
00000003,
0000000f,
0000240d,
00000000,
00000000,
15080000,
00000012,
00000000,
00000000,
00001200,
00000000,
00000014,
00000000,
00000000,
00000000,
00000000,
00000000,
00000014,
00001f10,
06000000,
00000000,
04000000,
0000000c,
00000000,
00000000,
00001900,
00000000,
0000000d,
0d000600,
00000000,
00000000,
00000000,
00000000,
00000000,
00040e00,
0f000003,
00000000,
00000000,
00000001,
09000000,
01000100,
00000003,
05000000,
000b0000,
04000000,
00020000,
00000a00,
06000000,
00000000,
00000000,
00030601,
01000004,
00000003,
00000004,
00000000,
03000000,
05000000,
02000303,
00010000,
00020000,
02000000,
00020000,
00000200,
03000200,
00000000,
02000001,
00000300,
00000004,
00000000,
00000001,
00000000,
03000000,
06000000,
00000303,
06010000,
00000000,
00000000,
00060000,
00000400,
00000200,
00000000,
00000000,
00000000,
00000000,
0000000a,
00000000,
00000000,
04000400,
00000000,
00000001,
0c000000,
00000000,
00000000,
00070500,
00000100,
00000200,
00000b00,
00000000,
00000000,
00000000,
020e0013,
00000000,
05000000,
00000000,
00030000,
00000000,
09000000,
00000000,
00000000,
00000b00,
00000000,
00000000,
00000900,
00000400,
00000000,
00000000,
00110013,
00000000,
0a040001,
00000000,
00090000,
00000000,
00060000,
04000000,
00000000,
00000e00,
00010002,
00000000,
00000000,
00000300,
02000d00,
00000000,
00170005,
00000000,
0f000006,
00000000,
000a0000,
00000000,
00020000,
04000002,
00000300,
00000300,
00000000,
00000000,
00000000,
000b0000,
00000604,
00000000,
00040000,
00000000,
0d000000,
00000000,
00090000,
00000000,
08000005,
01000002,
02061200,
00000400,
00000000,
00010000,
00000000,
00050000,
00000000,
00020000,
00020003,
00000000,
04000000,
00000000,
000a0000,
00000000,
19000001,
00000000,
00000a00,
00000000,
00010000,
00000000,
00000000,
00000000,
00000000,
00050000,
0000001e,
00000000,
02000000,
00000000,
00020000,
00000003,
00000000,
03000000,
00000000,
00000000,
020a0006,
00000800,
00000000,
00000000,
00000700,
00080000,
00000005,
00000200,
00000000,
00000800,
00000900,
0300020a,
01000000,
02000006,
00030000,
00000000,
0204000b,
00010001,
05000000,
00000000,
01000300,
06050400,
01030200,
00000100,
02000000,
00000400,
00001100,
02020008,
0b000005,
00070300,
00080300,
00000000,
03000003,
00000002,
02000000,
00000000,
02000202,
03020b00,
01000100,
00000202,
04000000,
00000302,
00000900,
03060004,
01000002,
00060000,
00040001,
04000001,
01000306,
00000002,
04000000,
00000000,
01040103,
00000a00,
08020100,
00000104,
00000400,
00000701,
01000600,
03080807,
08000305,
00070400,
00080103,
0b000100,
00000003,
00000104,
04000501,
03000000,
08000006,
00010e00,
00000300,
00000602,
0c000000,
0e010400,
00050500,
00010000,
00060001,
08010001,
00050002,
04000300,
00060009,
00000000,
060a0000,
00000000,
13000000,
00001000,
02000000,
00000200,
05000000,
00000200,
00000000,
00000001,
00000000,
09000000,
00000000,
01000000,
00050305,
00000000,
00000000,
00000000,
0b000000,
00000c00,
02000500,
00000700,
04000000,
00000600,
00000000,
00000000,
05000000,
07000000,
00000000,
00000100,
00040000,
00000000,
00000000,
00000000,
07000000,
00000e00,
00000000,
00000d00,
09000000,
00000700,
00000000,
00000000,
00000000,
08000000,
00000000,
00000106,
00040003,
00000000,
00000400,
00000000,
07000000,
02000000,
06000000,
00000300,
00000001,
00000000,
00030000,
00000300,
00050000,
04000000,
00000000,
08000100,
0000000c,
00000000,
00000000,
00000000,
01080000,
02000000,
0b000000,
00000003,
0d000002,
05000003,
00020000,
01010000,
00050005,
07000000,
00000300,
15000800,
00000007,
00000000,
00080000,
00000002,
08000005,
00000000,
07000000,
00000006,
09000001,
00000300,
00020000,
00000000,
001b0002,
0d000000,
00000200,
21000500,
00000204,
00070000,
00010000,
00000000,
1100000d,
00000000,
09000000,
00000000,
05000004,
00000000,
00000000,
00020000,
00000000,
11000000,
00010400,
0f000800,
00050001,
00000000,
00000000,
00000000,
04000000,
00000000,
00040000,
0000000a,
12000002,
00000000,
00000000,
00000000,
00000000,
0f000000,
02000000,
00000d10,
00020000,
00000000,
00000000,
00030000,
00000000,
00000017,
00000000,
00000017,
06000002,
00000000,
00000000,
03000000,
00000000,
00000000,
00000000,
000e0811,
00040000,
00000000,
00000000,
00000000,
00000000,
0000001a,
00000000,
00000010,
03000000,
00000400,
00000000,
03000000,
00000000,
00000000,
00000000,
00170300,
00040000,
00000000,
00000000,
00000100,
03000000,
0000000d,
00000000,
00000009,
00000000,
02000300,
00000000,
00000000,
00000000,
00000000,
00000000,
00080002,
00000100,
00000000,
00000000,
00000000,
03000200,
00000004,
00000002,
00000006,
00000000,
03000000,
03000000,
01000104,
03000000,
00020100,
01000000,
00030000,
00000100,
00000000,
00000000,
02000005,
01020300,
00000005,
00000005,
00000005,
00000000,
03000000,
05000000,
04000405,
02010000,
00030000,
02020000,
00050000,
00000000,
02000100,
00000000,
03000004,
03020100,
00000002,
00000000,
00000008,
00000000,
05000000,
06000000,
04000307,
00010000,
00030000,
02010000,
00060000,
00000500,
06000000,
00000100,
02000006,
04000000,
00000000,
00000000,
0000000c,
00000000,
0a000000,
07000000,
00000006,
00030000,
00010000,
04000000,
00000001,
00040900,
0f000000,
00000000,
00000009,
01000004,
00000004,
00000000,
0000020d,
00000000,
0e000000,
04000000,
00000004,
00030000,
00000000,
07000000,
00000002,
00060100,
13000000,
00000000,
0000000b,
0000000c,
00000000,
00000000,
0600070e,
00000000,
12000000,
00000000,
00000002,
01000000,
00000001,
09000000,
00000000,
00050000,
0b000000,
00000000,
00000009,
00000016,
03000000,
00000400,
0d00070d,
00000001,
0c000000,
00000006,
06000000,
00010000,
00000002,
0a000000,
00000000,
00000000,
01000000,
00000000,
0000000b,
00000820,
00000000,
00000100,
15000208,
00030003,
07030000,
04000008,
03000004,
00050000,
00000002,
07000000,
00000000,
00000000,
00000000,
00000000,
00000013,
00000920,
00010000,
00000400,
15000306,
00050003,
06060000,
04000006,
02000004,
00000000,
01000001,
01000000,
00000401,
00000000,
00000000,
00000002,
00000010,
00030518,
00060000,
02000200,
15000505,
000b0003,
00050000,
00000006,
05000006,
00000001,
01000001,
00000000,
00000602,
02000000,
00000000,
04000001,
00000007,
00090212,
05070000,
00000000,
0c000407,
000f0004,
00060000,
00000002,
05030007,
00000006,
02000000,
00000000,
00000b01,
03000000,
00000005,
04000005,
00000005,
000b000c,
000d0000,
01000000,
09000108,
000f0007,
000d0000,
00000001,
02090007,
00010408,
05000000,
00000000,
00000e00,
00000000,
00000004,
01000001,
0000000c,
00040204,
000a0000,
01000000,
04000002,
000e0008,
00140000,
07000000,
000a0706,
0000090a,
07000000,
00000000,
00000c00,
00000004,
00000001,
01000000,
00060011,
00001703,
00040000,
00000000,
00070000,
00020009,
000a0000,
00000000,
00001501,
00000602,
00000003,
00000000,
00000100,
0000000b,
00000000,
00000000,
00030000,
00001601,
0000000c,
00000000,
00000000,
00000003,
0d000000,
00000000,
00000100,
07000000,
00040000,
01000000,
04000000,
00000000,
00000000,
00000000,
00000000,
00000600,
01000006,
00000002,
00000000,
00000000,
06000000,
00000000,
00000003,
00000000,
00040000,
02000000,
00010000,
00000300,
06000200,
00000000,
00000001,
00030601,
00000004,
00000004,
00000005,
00000000,
04000000,
04000000,
03000405,
00020000,
00020000,
02000000,
00030002,
00000100,
04000300,
00000000,
02000003,
00020601,
00000004,
00000003,
00000006,
00000000,
03000000,
04000000,
03000305,
01020000,
00020000,
01000000,
00030002,
00000100,
04000400,
00000100,
02000002,
00020601,
01000005,
00000003,
00000005,
00000000,
04000000,
04000000,
03000305,
01010000,
00020000,
02000000,
00040002,
00000100,
04000400,
00000100,
03000003,
00030601,
01000004,
00000004,
00000005,
00000000,
04000000,
05000000,
04000405,
01010000,
00020000,
01000000,
00040002,
00000100,
05000500,
00000100,
03000003,
00030601,
01000004,
00000003,
00000005,
00000000,
05000000,
05000000,
03000306,
01010000,
00020000,
01000000,
00040002,
00000000,
04000500,
00000200,
03000003,
00020600,
01000004,
00000003,
00000005,
00000000,
05000000,
05000000,
03000306,
00010000,
00020100,
02000000,
00040001,
00000100,
05000400,
00000200,
03010003,
00030600,
01000004,
00000003,
00000006,
00000000,
04000000,
05000000,
03000305,
00010000,
00020000,
02000000,
00040003,
00000100,
05000400,
00000100,
03010003,
00040601,
01000006,
00000003,
00000005,
00000000,
05000000,
04000000,
03000305,
00020000,
00010000,
01000000,
00040003,
00000100,
05000400,
00000000,
03000004,
00040602,
01000004,
00000003,
00000005,
00000000,
05000000,
05000000,
03000406,
02020000,
00010000,
01010000,
00040001,
00000100,
04000400,
00000100,
03000004,
00040601,
00000003,
00000002,
00000005,
00000000,
04000000,
05000000,
03000407,
01020000,
00020100,
02010000,
00030001,
00000100,
04000400,
00000100,
03000004,
00030601,
00000004,
00000003,
00000005,
00000000,
04000000,
05000000,
03000406,
02020000,
00020000,
02020000,
00030001,
00000200,
05000400,
00000000,
03010002,
00030500,
00000004,
00000004,
00000005,
00000000,
05000000,
05000000,
03000405,
02020000,
00030000,
02020000,
00030001,
00000200,
05000400,
00000200,
03010002,
00000300,
00000002,
02000005,
00000000,
00000000,
0b000000,
00000006,
00000900,
03060000,
01040000,
08000001,
00000000,
01050400,
01000400,
00000300,
00030004,
00000001,
00000000,
0600000d,
00000100,
00000001,
12000000,
00000016,
03000000,
00020000,
02050000,
0f000000,
00000000,
00050000,
00000c00,
00000400,
00000002,
00000000,
00050000,
06000000,
04000000,
0004000a,
0001000e,
00000013,
05000000,
00000505,
06000008,
03000000,
00000000,
00000000,
00000700,
00000600,
0000000a,
00000c05,
00000000,
00000000,
09030000,
00050013,
00000000,
02000000,
00020000,
00000a07,
02000000,
02000000,
00000700,
00000000,
00000000,
00000005,
00010009,
0000150a,
00010000,
00000000,
09040000,
00000014,
00000000,
04000000,
00000000,
00000402,
00000002,
03000000,
00000100,
06000000,
00000000,
00000008,
0000000e,
00001b16,
00000000,
00000000,
10000000,
00000010,
04010000,
01000000,
00000000,
00000000,
0000000a,
04000000,
00000000,
03000000,
00000000,
00000006,
00000014,
00001b19,
00000000,
00000700,
11000000,
0000000b,
01000000,
04000000,
00000000,
00000000,
0000000c,
05000300,
00000000,
03000000,
00000000,
00000000,
00000012,
00001c1d,
00000000,
00000a00,
0e010100,
0000010b,
00000000,
07000000,
00000000,
00060000,
01000011,
0b000400,
00000000,
00000000,
00000000,
00000000,
0000000c,
00002117,
00000000,
00000c00,
08000100,
0000000a,
00000000,
04060000,
00000d00,
00090000,
0000001a,
0e000b00,
00000000,
00000000,
00000000,
00000000,
00000005,
0000180d,
00000000,
00000501,
04000000,
00000006,
00000000,
06060100,
00001200,
00000000,
00010009,
10000500,
00000000,
00001200,
06000000,
00000000,
00000000,
00030a00,
06000001,
00000104,
00000000,
00000000,
08000000,
0b000000,
00000004,
0a000000,
000a0000,
01000000,
00020000,
00000c00,
06000000,
00000000,
00000000,
00000400,
01000006,
00000002,
00000002,
00000000,
02000000,
05000000,
00000302,
03010000,
00000000,
02000000,
00030000,
00000300,
01000100,
00000000,
02000000,
00000000,
00000000,
00000007,
00000000,
00000000,
02000200,
01000000,
00000003,
0a000000,
00000000,
00000000,
00070200,
00000000,
00000100,
00000800,
00000000,
00000000,
00000000,
000b0116,
00000000,
05000000,
00000000,
00040000,
00000001,
06000000,
01000000,
00000000,
00000c00,
00000000,
00000000,
00000e00,
00000500,
00000000,
00000000,
0111001d,
00000000,
0a040000,
00000000,
000d0000,
00000000,
00000000,
04000000,
04000000,
00001000,
00000001,
00000000,
00000000,
00000500,
00000b00,
00000000,
0013000c,
00000000,
0f040005,
00000000,
000e0000,
00000000,
00000000,
09000000,
00000000,
00000d00,
00020008,
00000000,
00000000,
000c0000,
05000000,
00000000,
000e0000,
00000000,
0d000003,
00000000,
00080000,
00000000,
00000000,
05000000,
00030300,
00000404,
00060003,
00000000,
00000000,
000a0000,
00000000,
00000000,
00060400,
00000000,
0b000000,
00000000,
000b0000,
00000000,
12000006,
00000000,
00000900,
00000500,
00010000,
00000000,
00000000,
00000800,
00000000,
00010000,
0004000e,
00000000,
04000000,
00000000,
00040000,
00000000,
00000300,
02000000,
00000000,
00000300,
02060002,
00000000,
00000100,
00030100,
00000600,
00060000,
00060013,
00000000,
00010000,
00010000,
00000000,
00000107,
00000400,
05000003,
00000000,
00000000,
05070010,
00000801,
00000000,
00000000,
00000501,
07040000,
00010000,
00000100,
00000000,
00030400,
00000900,
03010003,
04000005,
00040003,
00030000,
00000000,
0105000a,
00000005,
02000000,
00000000,
02000503,
07020400,
04040000,
00000000,
02000000,
00000200,
00000d00,
05040006,
03000003,
00090200,
00020300,
01000002,
04010003,
00000003,
01000000,
00000000,
02050301,
01020900,
02010300,
00000002,
03000100,
00000401,
00000700,
03060003,
02000003,
00060000,
00020101,
02000000,
00000306,
00000102,
03000000,
00000000,
01050201,
01000900,
08020200,
00000004,
00000400,
00000800,
00000500,
03080606,
08000405,
00070300,
00070302,
0a000000,
00000204,
00000205,
04010600,
03000000,
09000000,
00001300,
00020700,
00000700,
0e000000,
11010600,
00000700,
00050000,
00030007,
05000000,
00000002,
00000100,
0005000a,
00000103,
06060000,
00000000,
0d000003,
00001400,
00000000,
00000200,
00000000,
00000200,
00000200,
00000000,
00060000,
05000000,
00000000,
02000000,
00040002,
00000000,
01000000,
00000000,
0b030000,
00001000,
02000000,
02000300,
00000000,
00000000,
00000704,
00000000,
00000000,
08000000,
00000000,
07000300,
00000000,
00000000,
00000000,
00000000,
04000000,
00000b00,
01000000,
00000700,
09000000,
00010000,
00010002,
00000200,
00000000,
09000000,
00000000,
00000000,
00010005,
00000000,
00030000,
00000000,
00000000,
00000000,
01000000,
00000000,
00000001,
00050000,
00020000,
03000100,
00050200,
07000004,
00000000,
00000400,
00000009,
00000000,
00000000,
00000000,
000f0000,
03030000,
0b000000,
00000000,
00000004,
01020003,
00010000,
00060000,
00000005,
04000000,
00000000,
11000700,
00000008,
00000000,
000c0300,
00000002,
00040000,
01000000,
01000300,
00000003,
10000002,
00000600,
00040000,
02000000,
000d0004,
0a000000,
00000000,
13000600,
0000000b,
00000000,
00000000,
00020000,
0d000007,
00000000,
01000300,
00000000,
03000002,
00000300,
00010000,
00000000,
001f0000,
0c000000,
00000800,
23000900,
00000001,
00000000,
00020000,
00000000,
0e000005,
00000000,
00000000,
00000000,
0c000004,
00000000,
00000000,
00000000,
00000000,
12000000,
02000000,
03000a00,
00050000,
00000000,
00010000,
00000000,
00000000,
0000000a,
000d0000,
0000000f,
0b000002,
00000200,
00000000,
00000000,
00000000,
0b000003,
06000000,
00001124,
00000000,
00000000,
00000000,
00000000,
00000000,
0000001f,
00000000,
00000015,
02000001,
00000000,
00000000,
00000000,
00000000,
00000000,
00000000,
000d0902,
00040000,
00000000,
00000000,
00000000,
00000000,
0000001e,
00020000,
0000000e,
00000000,
00000800,
00000000,
00000000,
00000000,
00000000,
00000000,
04150400,
00000000,
00000000,
00000000,
00000000,
02000000,
00000014,
00000500,
00000007,
00000000,
01000100,
00000000,
00000000,
02000000,
00000900,
00000000,
05080200,
00000300,
00000000,
00000000,
00000000,
01000200,
0000000a,
00000500,
01000005,
00000000,
00000000,
06000000,
00000100,
03000000,
00000300,
00000000,
00050100,
00000100,
02000000,
00000200,
05030003,
01000200,
0000000b,
00000500,
02000005,
00000000,
02000000,
05000000,
00000000,
03000000,
00000200,
00000000,
00060100,
00000100,
03000000,
00000200,
06030003,
00000100,
00000007,
00000500,
01000007,
00000000,
00000000,
04000000,
00000000,
00000000,
00000200,
00000000,
00070000,
00000300,
06000000,
00000400,
05020003,
00000000,
00000007,
00000600,
00000009,
00000000,
04000000,
06000000,
00000002,
00000000,
00000200,
00000000,
00050000,
00020500,
0a000000,
00000300,
01020006,
00000000,
0000000a,
00000600,
0000000b,
00000000,
09000000,
09000000,
00000004,
00000000,
00000600,
01000000,
00000000,
00030700,
0d000000,
00000000,
00000006,
00000000,
0000000b,
00000600,
0000000d,
00000000,
0e000000,
09000000,
00000001,
00000000,
00000800,
01000000,
00000000,
00030500,
10000000,
00000000,
00000009,
00000200,
00000005,
00000800,
0500000d,
00000000,
11000000,
06000000,
00000000,
01030000,
00000100,
00000000,
00000000,
00020000,
11000000,
00000000,
0000000d,
00000102,
00000000,
00000b00,
0800000a,
00000000,
10000000,
01000000,
00000000,
01030000,
00000000,
00000000,
00000000,
00020000,
0a000000,
00000000,
00000010,
00000206,
00000000,
00000b00,
12000005,
00030001,
0b000000,
01000004,
00000000,
00000000,
00000000,
01000000,
00000200,
00010000,
01000000,
00000000,
00000012,
0000040a,
00000000,
00000c00,
13000002,
00080003,
05020000,
00000006,
00000005,
00010000,
00000000,
01000000,
00000600,
00000000,
00000000,
00000000,
00010014,
00000409,
00010000,
00000900,
14000100,
000c0004,
02080000,
00000009,
0000000a,
00030000,
00000000,
00000000,
00000800,
00000000,
00000000,
00000000,
00010013,
00000e0b,
00000000,
00000600,
12000000,
00110004,
00080000,
06010004,
0002030b,
00020006,
01000004,
00000000,
00000500,
03000000,
00000000,
00000000,
00010016,
00001d02,
00000000,
00000700,
04050000,
00050006,
00050000,
00030000,
00001107,
00000000,
00000006,
00000000,
00000000,
00000003,
00000000,
00000000,
00060007,
00001000,
00000006,
00000400,
00010000,
00000002,
05000000,
00000000,
00000000,
05000000,
00000400,
00000000,
00000000,
00000000,
06000000,
00000000,
00020000,
00000400,
0000000b,
00000401,
00000001,
00000000,
04000000,
02000000,
00000000,
00000000,
00000500,
00000000,
00040000,
00000400,
07000000,
00000400,
01020000,
00000300,
0000000a,
00000501,
01000005,
00000000,
02000000,
04000000,
00000102,
00000000,
00000500,
00000000,
00050000,
00000200,
04000000,
00000500,
03030003,
00000300,
00000009,
00000500,
00000005,
00000000,
01000000,
04000000,
00000001,
00000000,
00000400,
00000000,
00050100,
00000100,
03000000,
00000400,
04030001,
00000400,
0000000a,
00000500,
00000005,
00000000,
02000000,
05000000,
00000101,
00000000,
00000400,
00000000,
00060100,
00000100,
03000000,
00000400,
04030001,
00000400,
00000009,
00000500,
00000005,
00000000,
01000000,
05000000,
00000101,
00000000,
00000400,
00000000,
00060100,
00000000,
03000000,
00000400,
04030002,
00000400,
0000000a,
00000500,
00000005,
00000000,
01000000,
05000000,
00000101,
00000000,
00000500,
00000000,
00050100,
00000100,
04000000,
00000400,
04040002,
00000400,
0000000a,
00000401,
00000005,
00000000,
02000000,
05000000,
00000202,
00000000,
00000500,
00000000,
00050000,
00000200,
04000000,
00000400,
04040003,
00000500,
00000009,
00000500,
00000005,
00000000,
01000000,
04000000,
00000102,
00000000,
00000500,
00000000,
00060000,
00000200,
04000000,
00000300,
05030002,
00000500,
0000000b,
00000500,
00000005,
00000000,
02000000,
05000000,
00000101,
00000000,
00000500,
00000000,
00050000,
00000100,
04000000,
00000300,
04030001,
00000400,
0000000b,
00000500,
00000005,
00000000,
02000000,
05000000,
00000202,
01000000,
00000600,
00000000,
00050000,
00000100,
04000000,
00000400,
05030003,
00000500,
0000000a,
00000500,
01000005,
00000000,
02000000,
05000000,
00000202,
01000000,
00000600,
00000000,
00050000,
00000100,
04000000,
00000300,
05030003,
00000400,
0000000a,
00000500,
01000004,
00000000,
02000000,
05000000,
00000102,
01000000,
00000500,
00000000,
00050000,
00000100,
03000000,
00000300,
05040003,
00000300,
00000008,
00000501,
01000005,
00000000,
03000000,
05000000,
00000102,
01000000,
00000400,
00000000,
00050100,
00000100,
03000000,
00000500,
05040003,
00000300,
00000003,
00000402,
00000002,
00000000,
05000000,
00000002,
00000000,
00050000,
00000000,
00000000,
00020000,
00040100,
02000000,
00000300,
00040005,
00000100,
00000000,
00000108,
07000000,
00000003,
05000000,
0000001e,
00000000,
00050000,
00000000,
0c000000,
00000000,
00090000,
00000200,
00010000,
0000000a,
00000b00,
00000000,
00000400,
12060000,
0000000a,
00030000,
00000026,
00000000,
00000200,
00000016,
00000000,
00000000,
00000000,
00000000,
00000000,
0000001c,
00001a07,
00000000,
00000800,
0c020000,
00000010,
00010000,
03000000,
00000000,
00000000,
0000000b,
08000000,
00000000,
00000000,
00000000,
00000000,
00000010,
00001907,
00000000,
00000d00,
0b000000,
0000000c,
00000000,
07000000,
00000000,
00000000,
0000000e,
09000000,
00000000,
00000000,
01000000,
00000000,
0000000a,
00001602,
00000000,
00001100,
0a000000,
00000008,
05000000,
0c040000,
00000000,
00010000,
0000000e,
0b000000,
00000000,
00000000,
08000000,
00000000,
00000007,
00001200,
00000000,
00001100,
08000000,
00000004,
0a000000,
0e080000,
00000000,
00020000,
00000209,
07000000,
00000000,
00000800,
0c000000,
00000000,
00000004,
00000f00,
00000000,
00001000,
06000002,
00000002,
07000000,
0e080000,
00000100,
00000000,
00000407,
08000000,
00000000,
00010700,
09000000,
00000000,
00000001,
00000d00,
00000000,
00000800,
00000005,
00000000,
00000000,
0c060000,
00000500,
00000000,
00000507,
08000000,
00000000,
00000d00,
06000000,
00000000,
00000000,
00000900,
00000004,
00000804,
00000007,
00000000,
04000000,
09030000,
00000400,
04000000,
00000400,
04000000,
00050000,
00000c00,
06000000,
00000000,
00020000,
00000200,
0000000c,
00000500,
00010001,
00000000,
01000000,
08010000,
00000000,
02000000,
00000300,
00000000,
00070000,
00000200,
03000000,
00000300,
01040001,
00000000,
00000007,
00000802,
00000000,
00000000,
00000000,
00010000,
00000000,
07000000,
00000000,
00000000,
00060300,
00000100,
01000000,
00000500,
00000000,
00000000,
00000000,
00040511,
00000000,
00000000,
00000000,
00060000,
00000000,
09000000,
00000000,
00000000,
00020a00,
02010000,
00000000,
00001000,
00000200,
00000000,
00000000,
000e001b,
00000000,
0b010002,
00000000,
000f0000,
00000000,
00000000,
03000000,
00000000,
00001100,
00000001,
00000000,
00000000,
00000a00,
00000600,
00000000,
00170017,
00000000,
110a0002,
00000000,
00100000,
00000100,
00000000,
09000000,
01000000,
00001700,
0000000d,
00000000,
00000000,
00090000,
04000900,
00000000,
00110605,
00000000,
0d030002,
00000000,
00060000,
00000000,
00000000,
06000004,
00000700,
00000f00,
000c0008,
00000000,
00000000,
00140000,
14000a00,
00000000,
000c0000,
00000000,
08040000,
00000000,
000a0000,
00000003,
00000004,
07000000,
00000000,
00000a02,
00070006,
00000000,
00000000,
00020000,
00000100,
00000000,
000a0204,
00000000,
06000000,
00000000,
000e0000,
00000002,
05000000,
07000000,
00000000,
0000060e,
0000000a,
00000000,
00000400,
00080000,
00000600,
00000000,
0009001a,
00000000,
04050000,
00000000,
00040000,
00000001,
00000100,
09000000,
00000000,
00000405,
00070010,
00000900,
00000000,
00060200,
00000a05,
00000000,
00020002,
00000000,
00030000,
00050000,
00000400,
00000503,
00000000,
0700000a,
00000000,
00000200,
0704000b,
00000300,
00000000,
00000200,
00000602,
07000000,
02000000,
02000000,
00000000,
00010001,
00000300,
00000000,
00000000,
00020005,
00000000,
00000000,
00030000,
00000000,
00000000,
00000000,
02050902,
06000700,
00000000,
0b000000,
00000000,
01000001,
00000700,
00000003,
03000000,
00050000,
00000001,
00000007,
05030601,
00000000,
00000000,
00000000,
03060b04,
00000800,
00000400,
0b000001,
00000000,
00000000,
00000201,
01000401,
04000000,
00000000,
00000301,
00000001,
03020603,
00000400,
01000000,
00000000,
02080805,
00000800,
05000100,
05000001,
00000200,
01000300,
00000300,
02050907,
08000000,
00030400,
00030303,
06000000,
01000200,
00000303,
01000700,
00000000,
09080000,
01040900,
04070100,
06000204,
12000100,
0b020800,
00000301,
02090005,
000b0004,
03090002,
00030303,
05000000,
0000000e,
0000000b,
020f0000,
05040000,
07040601,
04000b00,
00070000,
09000300,
06000400,
00000700,
00000600,
0c050006,
00000001,
04080000,
00030000,
00000003,
00000007,
00000006,
09000b00,
00000000,
06050002,
00020800,
04060000,
07000000,
04000800,
00000500,
00000807,
07030002,
00060001,
06060000,
00010000,
00000000,
00000005,
00000004,
03020700,
00000000,
02030902,
00000100,
05010405,
04000001,
07000000,
00000700,
0000000d,
01040002,
000a0600,
08050008,
01040900,
03000000,
00000008,
00000004,
00060000,
00000000,
00000910,
010b0000,
04000600,
05000200,
03000200,
00030405,
0000060b,
0a04000b,
00040e0d,
0a030010,
02060201,
00000000,
00000009,
00000000,
0a000200,
00000004,
0000010e,
01090000,
0c000000,
05060001,
02000000,
00040402,
03000308,
050a0005,
0009080c,
03000011,
00000200,
08000300,
0000000b,
00000001,
080b0009,
00000004,
040c0101,
0a030000,
07000000,
03000003,
11000000,
00000600,
00000100,
01090005,
00000107,
05010006,
00070400,
0a000300,
00000710,
00000003,
00120000,
00030000,
00050000,
00010000,
04000500,
00000000,
0a000100,
06000900,
00000400,
06000000,
00190006,
09000000,
00000000,
14000000,
0000000b,
00000000,
00030000,
00060000,
1400000d,
00000000,
04040000,
01020002,
12000000,
00000200,
00030004,
00060000,
00190004,
0b000008,
020f0900,
1a000400,
0000090a,
00000000,
00200000,
00000000,
0d000010,
00000000,
00000000,
00000001,
1b000000,
00000100,
00000000,
00000000,
00000000,
11000008,
060b0000,
00000100,
0000010c,
00000000,
00070000,
000e0000,
00000000,
00000000,
00010000,
0000000c,
0f000000,
00000000,
00000000,
00000002,
00000600,
0800000b,
00020000,
00000015,
00000009,
00000000,
00000000,
00010001,
04000000,
06030001,
00000000,
00010007,
0b000000,
00000800,
00000000,
02000008,
00000400,
01000003,
00070000,
00050000,
00000008,
00000000,
00000000,
00000000,
06000000,
0700000a,
00000300,
00000006,
02000000,
00000900,
00000000,
01000004,
01000000,
02000200,
00080000,
000a0001,
00000305,
00000000,
01000002,
00020500,
05000000,
04000005,
00010706,
00000004,
01000000,
00000500,
00000000,
00000004,
00030000,
03000200,
000a0000,
00090001,
00000301,
03000000,
02000006,
00050900,
04000000,
02000005,
00010605,
00000004,
01000000,
00000500,
00000000,
00000004,
00020000,
03000100,
000a0000,
00090000,
00000301,
04000000,
03000006,
00050b00,
03000000,
00000004,
00010606,
00000005,
01000000,
00000600,
00000000,
00000004,
00010000,
03000100,
000a0000,
00090000,
00000200,
04000000,
04000006,
00040c00,
02000000,
00000004,
00000406,
00000006,
00000000,
00000600,
00000000,
00000005,
00010100,
03000204,
00090000,
00090000,
00000000,
03000000,
06000006,
00040d00,
01000000,
03010004,
00010404,
00000006,
00000000,
00000500,
00000000,
00000006,
00000200,
03000205,
00080000,
000a0001,
00000001,
03000000,
06000007,
00040e00,
01000000,
03000004,
00000601,
00000007,
00000000,
00000400,
00000000,
00000008,
00010000,
03000305,
00070000,
000a0002,
00000202,
07000000,
05000009,
00040f00,
02000000,
03010005,
00000700,
00000009,
00000000,
00000200,
00000000,
00000009,
00020000,
03000405,
01040000,
00080002,
00000503,
09000000,
04000008,
00031100,
03000000,
00000002,
00000800,
0000000c,
00000000,
00000000,
01000000,
00000009,
00030000,
04000205,
02020000,
00040001,
00000502,
0d000000,
04000006,
00020f00,
02000000,
00000003,
00000800,
0000010e,
00000000,
03000000,
01000000,
00000008,
00040000,
03000106,
01000000,
00000001,
00000100,
0c000000,
05000003,
00000f00,
00000000,
04010000,
00000b00,
0000030e,
00000000,
04000000,
00000000,
00000007,
00040000,
01000007,
02000000,
00000002,
00000000,
0b000000,
06020005,
00000b03,
00000006,
03030000,
00000c00,
0000040a,
01000000,
05000000,
02040000,
00000009,
00090002,
00000009,
02000000,
00000001,
00000000,
07000000,
05040005,
00030609,
0000000b,
00050000,
00000c00,
00000605,
04000000,
00000000,
02090000,
0000000a,
00070007,
00000009,
00000001,
00000001,
02000000,
01000000,
04030002,
0005000c,
00000205,
00030000,
00000a00,
00010604,
09000000,
00000000,
00060000,
00000309,
00000103,
0000000c,
02000006,
00000002,
00000000,
07000000,
00000002,
00060000,
00000000,
00000000,
00000800,
00020003,
04000000,
00000100,
00000000,
00000005,
05000000,
00000006,
00050003,
00050001,
00000102,
0a000000,
00000000,
00050b00,
00000000,
03000006,
00030407,
00010005,
00000000,
00000200,
00000000,
00000006,
00010100,
02000105,
00080000,
000a0002,
00000100,
05000000,
05000004,
00051200,
00000000,
03010005,
00010406,
00000006,
00000000,
00000400,
00000000,
00000007,
00010200,
03000205,
00090000,
000a0002,
00000001,
02000000,
07000007,
00041100,
00000000,
04010004,
00020505,
00000006,
00000000,
00000500,
00000000,
00000006,
00010200,
03000205,
00080000,
00090002,
00000001,
02000000,
06000008,
00050f00,
00000000,
03010004,
00010505,
00000005,
00000000,
00000500,
00000000,
00000005,
00010200,
03000204,
00080000,
00090001,
00000101,
03000000,
06000008,
00050e00,
00000000,
02010004,
00010506,
00000005,
00000000,
00000500,
00000000,
00000006,
00010200,
03000305,
00080000,
00090000,
00000101,
02000000,
06000008,
00050e00,
00000000,
03010005,
00020506,
00000006,
00000000,
00000500,
00000000,
00000006,
00010300,
03000305,
00090000,
00090001,
00000101,
02000000,
06000008,
00050e00,
00000000,
03010005,
00020506,
00000005,
00000000,
00000500,
00000000,
00000007,
00010300,
03000305,
00090000,
00090001,
00000001,
02000000,
06000008,
00050f00,
01000000,
03010004,
00010505,
00000005,
02000000,
00000400,
00000000,
00000007,
00010200,
02000205,
00090000,
00090002,
00000001,
02000000,
05000007,
00050f00,
00000000,
03010005,
00010504,
00000006,
00000000,
00000500,
00000000,
00000006,
00010100,
03000205,
00090000,
000a0002,
00000001,
03000000,
06000007,
00050f00,
00000000,
03000005,
00010506,
00000006,
00000000,
00000500,
00000000,
00000006,
00010200,
03000204,
00090000,
000a0002,
00000100,
03000000,
07000007,
00051000,
00000000,
03010005,
00010506,
00000006,
00000000,
00000400,
00000000,
00000007,
00020200,
03000205,
00090000,
000b0003,
00000000,
03000000,
07000007,
00051100,
00000000,
03010005,
00010506,
00000006,
00000000,
00000500,
00000000,
00000006,
00020200,
03000104,
00090000,
000b0003,
00000100,
03000000,
06000007,
00051000,
00000000,
03010005,
00010506,
00000005,
00000000,
00000400,
00000000,
00000007,
00020200,
03000104,
00080000,
000a0002,
00000100,
03000000,
06000007,
00051000,
00000000,
00000000,
00010304,
00000009,
00000000,
00000300,
00000000,
00000003,
00070000,
03010000,
00040000,
00080000,
00000203,
05000000,
09000007,
00050f00,
00000000,
00000000,
00000e06,
00040001,
00000000,
00000000,
00000004,
00000004,
00110302,
0700000d,
06000000,
07000000,
00020000,
00000000,
000a0000,
00000b03,
00000210,
00030000,
00001600,
040a0700,
00000000,
00000002,
00040009,
00000004,
00100007,
0700002e,
09000600,
00000002,
00000000,
00000000,
00000000,
0000030d,
0000060c,
01000000,
00001500,
00000200,
02000001,
00000000,
0b070200,
00000000,
00050005,
0200001d,
0c000000,
00000002,
00000000,
01000000,
00000001,
00000301,
00000104,
00000000,
00000e00,
00000001,
01000000,
00000000,
0c070000,
00000000,
00010000,
02000016,
09000000,
00000000,
00000a00,
0a000000,
00000004,
00030d00,
00000000,
00000000,
00000b00,
00000007,
00000000,
00000000,
09040000,
00000002,
00000000,
02000111,
06000000,
00020000,
00000e00,
09000000,
00000009,
00021200,
00000000,
01000002,
00000804,
0000000a,
00000000,
00000000,
06000000,
00000003,
00000000,
0100040c,
02010000,
00070000,
00000800,
07000000,
02000008,
00021100,
00000000,
00000002,
00000706,
00000008,
00000000,
00000100,
02000000,
00000004,
00010000,
03000409,
01020000,
00070000,
00000300,
04000000,
04000009,
00040f00,
00000000,
04000001,
00010606,
00000007,
00000000,
00000300,
00000000,
00000004,
00010000,
03000309,
00050000,
00070002,
00000300,
02000000,
04000009,
00050f00,
00000000,
05000003,
00010506,
00000005,
00000000,
00000300,
00000000,
00000005,
00010100,
03000305,
00070000,
00090002,
00000200,
01000000,
05000008,
00040e00,
00000000,
03000003,
00010607,
00000004,
00000000,
00000400,
00000000,
00000005,
00020000,
03000004,
00070000,
00080000,
00000102,
00000000,
04000006,
00060e00,
00000000,
00000000,
0000030a,
00000001,
00000000,
00000200,
00040002,
00000007,
00060000,
04000002,
02070000,
00030000,
00000003,
00000000,
03010000,
00020b00,
01000000,
00060000,
00040011,
00000000,
00000000,
00000000,
000b0003,
0000000a,
000e0000,
06000004,
00020000,
00000000,
00000009,
00000000,
00070000,
00000600,
09070000,
00020000,
00060012,
00000000,
0f000000,
00010000,
00100000,
0000000b,
00110000,
08000002,
04030000,
00000600,
00000010,
00000000,
000f0000,
00070000,
08020e06,
00000000,
000c0208,
00000000,
14000000,
00000000,
00080000,
0004000b,
00080001,
0a000004,
00070d00,
00000900,
00000010,
00000000,
00030000,
000c0000,
0d060802,
00000000,
0011020d,
02000200,
11000000,
00000000,
00050500,
0000000c,
00000003,
0a000002,
00000200,
00000400,
00010009,
00000000,
000c0000,
00080000,
0a000701,
00040000,
00170600,
00000600,
10000000,
00000000,
000c0500,
00040012,
00000005,
02000001,
00080000,
00000000,
0000000b,
00000000,
00000000,
00000000,
01050606,
00030000,
0007000f,
00000100,
0e000000,
00000000,
00060005,
00010011,
00000007,
05000004,
02100002,
00000300,
00000010,
00000000,
00000000,
000f0000,
02000d05,
00080000,
0006000b,
00000000,
0d010000,
00030000,
00000000,
0004000e,
00000402,
0700000e,
00090400,
00000200,
00010013,
00000000,
00000000,
00090000,
00000c0f,
00090000,
00060000,
05000000,
07000000,
00060300,
00000d00,
0806000b,
00000005,
0607000d,
00060001,
00000000,
00030008,
0000000c,
08000000,
00020000,
00000705,
08030000,
04090200,
04000000,
00000000,
00000700,
00000500,
06040004,
00000000,
010c000a,
00030000,
00000005,
00000005,
00000004,
06020100,
00000000,
04060700,
0a040000,
03070200,
05000003,
01000400,
01000800,
00000600,
07040006,
03000001,
000e0000,
00030003,
00000005,
02020506,
00000008,
06000900,
04000000,
03020601,
04030000,
00040400,
01000006,
00000500,
01000700,
00000301,
06030004,
00000001,
000b0000,
00000003,
00000004,
00010206,
01000106,
06000b00,
06000100,
00030003,
03020000,
07060305,
02000006,
00000500,
02000800,
00000300,
07060909,
01000303,
000a0200,
00060006,
01000001,
00000005,
00000107,
03010e01,
06030100;
