memory_initialization_radix=16;
memory_initialization_vector=
003e4038,
003d3f38,
00393a34,
00353732,
00343530,
0032332f,
002f302d,
002f302d,
002f2f2c,
002d2d2a,
002b2c2a,
002b2b28,
002a2a28,
00282927,
00272826,
00282827,
00262726,
00242624,
00242524,
00232423,
00242423,
00242423,
00222322,
00222322,
00222322,
00232322,
00222221,
00212222,
00202122,
00212221,
00212221,
00212221,
00222222,
00212222,
00222323,
00222323,
00232323,
00222323,
00232323,
00232323,
00232424,
00232424,
00232424,
00232424,
00232424,
00232424,
00232424,
00232424,
00232424,
00232424,
00232424,
00232424,
00232424,
00232424,
00232424,
00232424,
00232424,
00232424,
00232424,
00232424,
00232424,
00242525,
00242525,
00242525,
00232524,
00242525,
00242525,
00242525,
00242525,
00232524,
00242525,
00232524,
00242525,
00242525,
00242525,
00242525,
00242525,
00252626,
00252626,
00252525,
00252626,
00252626,
00252626,
00252626,
00252626,
00242625,
00252626,
00252626,
00252626,
00252626,
00232625,
00242626,
00242525,
00242525,
00252525,
00262626,
00262626,
00252525,
00242525,
00292929,
002b2b2c,
002b2b2b,
002b2c2c,
002b2c2c,
002b2d2c,
002b2c2c,
002c2c2c,
002d2c2c,
002d2c2c,
002d2d2d,
002d2d2d,
002d2d2c,
002d2d2d,
002d2d2d,
002d2d2d,
002d2d2d,
002d2d2d,
002e2d2d,
002e2d2d,
002e2e2e,
002d2d2d,
002d2d2d,
002d2d2d,
002d2d2d,
002d2e2c,
002d2d2d,
002e2e2e,
002c2e2d,
002d2e2e,
002e2e2e,
002d2e2e,
002e2e2e,
002d2d2d,
002e2e2e,
002d2e2e,
002d2d2d,
002e2e2e,
002e2e2d,
002e2e2e,
002d2d2d,
002d2d2d,
002d2d2d,
002b2c2c,
00272727,
00242424,
00272626,
00292728,
00262626,
00262626,
00252627,
00252627,
00262727,
00262627,
00252626,
00252626,
00252726,
00262727,
00262727,
00262727,
00252726,
00252627,
00252627,
00252626,
00252626,
00242625,
00252626,
00252626,
00252626,
00252626,
00252626,
00252626,
00252626,
00252627,
00252626,
00252626,
00252627,
00252628,
00242527,
00252627,
00252626,
00242526,
00242526,
00242526,
00242525,
00242526,
00242526,
00232425,
00242526,
00232425,
00242526,
00252525,
00242526,
00242525,
00242525,
00242525,
00242525,
00252626,
00252626,
00252626,
00252626,
00272526,
00252626,
00252626,
00242625,
00242625,
00242525,
00242525,
00252525,
00242525,
00242424,
00242525,
00242525,
00242525,
00242525,
00242525,
00242525,
00242525,
00252525,
00252525,
00252525,
00252525,
00252525,
00262626,
00262525,
00242525,
00252626,
00252525,
00262626,
00262626,
00272727,
00282828,
00292928,
002a2a29,
002a2a29,
002b2b2a,
002c2c2b,
002c2d2b,
002d2d2b,
002d2e2c,
002f302d,
0030312e,
0031312f,
00323330,
00333431,
00363631,
00373834,
003a3b37,
003d3d39,
003e3e3a,
003f403e,
003f3f3f,
003f3f3f,
003f3f3f,
003f3f3f,
003f3f3f,
003f3f3f,
003e4038,
003c3e37,
00373932,
00353631,
00343430,
0031322e,
002f302d,
002f302d,
002e2e2b,
002d2d2a,
002b2d2a,
002a2b28,
00292a28,
00282927,
00272926,
00272826,
00262726,
00252625,
00232524,
00232423,
00242423,
00242423,
00222322,
00222322,
00232322,
00222322,
00222221,
00212222,
00212121,
00222221,
00212221,
00222221,
00222222,
00222222,
00222323,
00222323,
00232323,
00222323,
00232323,
00232424,
00232424,
00232424,
00232424,
00232424,
00232424,
00232424,
00232424,
00232424,
00232424,
00232424,
00232424,
00232424,
00232424,
00232424,
00232424,
00232424,
00232424,
00232424,
00232424,
00232424,
00232524,
00242525,
00242525,
00242525,
00242525,
00242525,
00242525,
00242525,
00242525,
00242525,
00242525,
00242525,
00242525,
00242525,
00242525,
00242525,
00242625,
00252626,
00252626,
00252626,
00252626,
00252626,
00252626,
00252626,
00252626,
00252626,
00252626,
00252626,
00252626,
00252626,
00252625,
00262626,
00242424,
00262626,
00282929,
002a2a2a,
002a2b2b,
002a2b2b,
002a2a2a,
002b2b2b,
002b2c2b,
002c2c2c,
002c2c2c,
002d2d2d,
002c2c2c,
002c2d2d,
002d2d2d,
002d2d2d,
002d2d2d,
002e2e2d,
002d2e2d,
002e2e2d,
002e2e2e,
002d2d2d,
002d2d2d,
002e2e2e,
002e2e2e,
002d2d2d,
002d2d2c,
002d2d2d,
002d2d2d,
002d2d2d,
002d2d2d,
002d2d2d,
002d2e2d,
002d2e2e,
002e2e2e,
002e2e2e,
002d2e2e,
002e2e2e,
002e2e2e,
002d2e2e,
002d2e2e,
002d2e2e,
002f2e2e,
002e2e2e,
002e2e2e,
002e2e2d,
002e2e2f,
002e2e2e,
002e2e2e,
002e2e2e,
002d2d2d,
002c2d2c,
002c2d2c,
002c2c2b,
002d2d2d,
002d2d2d,
00282828,
00252525,
00262626,
00252627,
00252626,
00252626,
00252626,
00252726,
00262727,
00262727,
00262727,
00252726,
00262727,
00262627,
00252626,
00252626,
00252626,
00252626,
00252626,
00252626,
00252626,
00252726,
00252626,
00262727,
00262727,
00252626,
00252626,
00252626,
00252627,
00252626,
00252626,
00252626,
00252627,
00252626,
00252626,
00252626,
00242526,
00242526,
00242526,
00242526,
00242526,
00242526,
00242525,
00242526,
00242526,
00242625,
00242525,
00242525,
00252626,
00252626,
00252626,
00252626,
00262626,
00252626,
00252626,
00252626,
00242625,
00252525,
00252525,
00252525,
00252525,
00252525,
00242525,
00242525,
00242525,
00242525,
00242525,
00242525,
00252625,
00252525,
00252525,
00252525,
00252525,
00252525,
00252525,
00252525,
00252525,
00252525,
00262626,
00262626,
00262626,
00272726,
00282827,
00292928,
00292a29,
002a2a29,
002b2b29,
002c2c2a,
002c2d2b,
002d2e2b,
002e2e2c,
002f302d,
0030312e,
0031312f,
00323230,
00333431,
00353531,
00363733,
00393a36,
003c3c38,
003e3e39,
003f3f3e,
003f3f3f,
003f3f3f,
003f3f3f,
003f3f3f,
003f3f3f,
003f3f3f,
003e3f38,
003a3c35,
00363832,
00343631,
0033332f,
0030312d,
0030312e,
002f302c,
002d2e2b,
002c2d2a,
002a2b29,
002a2a27,
00292a27,
00282926,
00272826,
00272826,
00262725,
00252625,
00242524,
00242423,
00242423,
00242423,
00232423,
00232322,
00222322,
00212221,
00222221,
00222221,
00212221,
00202221,
00212221,
00212222,
00212222,
00212322,
00222323,
00222323,
00222323,
00222323,
00232323,
00232424,
00232424,
00242424,
00242424,
00232424,
00232524,
00232424,
00232424,
00232424,
00232424,
00232424,
00232424,
00232424,
00232424,
00232424,
00232424,
00232424,
00232424,
00232424,
00242525,
00242525,
00242525,
00242525,
00242525,
00242525,
00242525,
00242525,
00232524,
00242525,
00242525,
00242525,
00242525,
00242525,
00242525,
00242525,
00242625,
00242625,
00252626,
00252626,
00252626,
00252626,
00252626,
00252626,
00252626,
00242625,
00252626,
00242525,
00252625,
00252625,
00252625,
00262726,
00292a2a,
002a2b2b,
00292b2a,
00292b2a,
002a2b2b,
002a2b2b,
002b2c2c,
002b2c2c,
002c2c2c,
002c2c2c,
002c2d2c,
002c2d2c,
002c2d2c,
002c2d2d,
002c2d2d,
002c2d2c,
002d2d2c,
002e2d2d,
002e2d2d,
002d2e2d,
002e2e2d,
002d2e2d,
002d2d2d,
002d2e2e,
002d2e2e,
002d2e2e,
002d2d2d,
002e2e2e,
002e2e2d,
002e2e2d,
002d2e2d,
002d2e2d,
002e2e2e,
002e2e2e,
002c2e2e,
002d2e2e,
002d2e2e,
002e2e2e,
002d2e2e,
002d2e2e,
002e2e2e,
002d2e2e,
002e2e2e,
002d2e2e,
002d2e2e,
002e2e2e,
002e2e2e,
002e2e2e,
002e2e2e,
002d2e2e,
002e2e2e,
002e2e2e,
002e2e2e,
002e2e2d,
002e2e2d,
002d2d2d,
002d2d2d,
002d2d2d,
002d2d2d,
002d2c2c,
002c2c2c,
002e2d2d,
002b2b2b,
00252525,
00262526,
00262627,
00252726,
00262727,
00262727,
00252626,
00252626,
00262727,
00252726,
00262727,
00262727,
00252726,
00252626,
00252626,
00252626,
00252626,
00252626,
00252626,
00252626,
00262727,
00252726,
00252626,
00252626,
00252626,
00252626,
00252626,
00252626,
00252626,
00252626,
00252626,
00252626,
00252527,
00252527,
00242526,
00242526,
00242525,
00242525,
00242526,
00242525,
00242625,
00242525,
00242625,
00242525,
00252626,
00252626,
00252626,
00252626,
00252626,
00252626,
00252626,
00252525,
00252525,
00252525,
00242525,
00242525,
00242525,
00242525,
00232525,
00242525,
00242525,
00242525,
00242525,
00242525,
00242525,
00252525,
00252525,
00252525,
00252526,
00242525,
00252625,
00252525,
00242625,
00252626,
00262626,
00262626,
00272727,
00272827,
00282827,
00282928,
002a2a29,
002b2a29,
002b2b29,
002c2c2a,
002d2e2b,
002e2e2c,
002e2f2d,
002f302e,
0031312e,
0032322f,
00333431,
00343431,
00353632,
00383935,
003b3c38,
003d3e39,
003e3f3c,
003f3f3f,
003f3f3f,
003f3f3f,
003f3f3f,
003f3f3f,
003f3f3f,
003d3e37,
00393b34,
00333630,
00333530,
0031332e,
002f302c,
0030302d,
002d2f2b,
002c2d2b,
002b2d2a,
002a2b28,
002a2a27,
00292927,
00282926,
00272826,
00272725,
00242624,
00242524,
00242524,
00252423,
00242423,
00242423,
00232422,
00222322,
00222322,
00212221,
00222221,
00222221,
00222221,
00212221,
00212222,
00202221,
00212222,
00212222,
00212322,
00222323,
00222323,
00222323,
00232424,
00232424,
00232424,
00232424,
00242424,
00242424,
00232424,
00232424,
00232424,
00232424,
00232424,
00232424,
00232424,
00232424,
00232424,
00232424,
00232424,
00232424,
00232424,
00242525,
00232524,
00242525,
00242525,
00242525,
00242525,
00242525,
00242525,
00242525,
00242525,
00242625,
00242525,
00242625,
00242525,
00252626,
00242525,
00242625,
00252626,
00252626,
00252626,
00252626,
00252626,
00242626,
00242626,
00252626,
00242525,
00252626,
00242525,
00242525,
00282928,
002b2c2b,
00292a29,
002b2c2b,
002a2a2a,
002a2b2b,
002a2c2b,
002b2c2c,
002b2c2c,
002b2c2c,
002b2d2c,
002b2c2c,
002c2d2c,
002c2d2c,
002c2d2c,
002c2d2b,
002c2d2c,
002c2d2c,
002c2d2c,
002c2d2c,
002d2d2c,
002d2e2d,
002d2d2d,
002e2e2d,
002d2e2d,
002e2e2d,
002e2e2d,
002d2e2d,
002d2e2d,
002c2e2d,
002d2e2e,
002d2e2e,
002d2e2d,
002d2e2d,
002d2e2d,
002d2e2d,
002d2e2e,
002d2e2e,
002d2e2e,
002d2e2e,
002e2e2e,
002e2e2e,
002d2e2e,
002d2e2e,
002d2e2e,
002d2e2e,
002e2e2e,
002e2f2e,
002e2f2e,
002e2f2e,
002e2f2e,
002d2f2e,
002d2f2e,
002d2e2e,
002d2e2e,
002e2f2e,
002e2e2e,
002e2e2d,
002e2e2d,
002e2e2d,
002d2e2d,
002e2e2d,
002e2e2e,
002d2d2d,
002d2d2d,
002c2d2d,
002b2c2c,
002c2d2d,
002c2c2c,
002c2c2c,
00292929,
00242424,
00262626,
00262626,
00252626,
00252726,
00262727,
00252726,
00252726,
00262727,
00252726,
00262727,
00262727,
00252626,
00252626,
00252626,
00252626,
00252626,
00252726,
00252627,
00252627,
00252726,
00252626,
00252726,
00252626,
00252626,
00252626,
00252626,
00252626,
00252626,
00252626,
00252626,
00252627,
00242525,
00242525,
00242525,
00242526,
00252627,
00242625,
00252626,
00252626,
00252626,
00252626,
00242625,
00252626,
00252626,
00252626,
00252626,
00252525,
00252525,
00252525,
00242525,
00242525,
00242525,
00242525,
00242525,
00252525,
00242525,
00242525,
00242525,
00242525,
00242525,
00252525,
00242525,
00252626,
00242525,
00242625,
00242625,
00252625,
00242525,
00252626,
00262626,
00262626,
00262625,
00272726,
00282928,
00292928,
002a2a29,
00292a29,
002a2b29,
002b2c2a,
002d2d2b,
002e2e2c,
002e2f2c,
002f302d,
0031312e,
0031322f,
00333330,
00343431,
00353632,
00363733,
003a3b37,
003c3d38,
003d3e39,
003f3f3e,
003f3f3f,
003f3f3f,
003f3f3f,
003f3f3f,
003f3f3f,
003b3e36,
00373a33,
00353731,
00333530,
0030312e,
002e302c,
002e302d,
002d2e2c,
002c2d2a,
002b2c29,
002b2b28,
00292a27,
00282927,
00272926,
00262725,
00252625,
00242624,
00232523,
00232423,
00232423,
00232423,
00232422,
00222322,
00222321,
00212221,
00222221,
00222221,
00202221,
00212221,
00222221,
00212221,
00212222,
00212222,
00212222,
00222222,
00222323,
00222323,
00222423,
00232424,
00232424,
00232424,
00232424,
00232424,
00232424,
00232424,
00232424,
00232424,
00232424,
00232424,
00232424,
00232424,
00232424,
00232424,
00232424,
00232424,
00232424,
00232524,
00242525,
00242525,
00242525,
00242525,
00242525,
00242525,
00242525,
00242525,
00242525,
00242525,
00242625,
00242525,
00252626,
00242625,
00252626,
00252626,
00252626,
00252626,
00252626,
00242625,
00252626,
00242626,
00242626,
00252626,
00252525,
00252525,
002a2b2b,
002a2b2b,
002a2b2b,
002a2b2b,
002a2b2b,
002a2c2b,
002a2b2b,
002b2c2b,
002b2c2c,
002b2c2c,
002b2d2c,
002c2c2c,
002c2c2c,
002b2d2c,
002b2d2c,
002b2d2c,
002b2d2c,
002b2d2c,
002c2d2c,
002c2d2c,
002c2d2c,
002c2d2c,
002c2d2c,
002c2d2c,
002c2e2c,
002c2e2d,
002c2e2c,
002c2d2c,
002c2e2d,
002c2e2d,
002c2e2d,
002d2e2d,
002c2e2d,
002c2e2d,
002c2e2d,
002c2e2d,
002c2e2d,
002c2e2d,
002d2e2d,
002d2e2e,
002d2e2e,
002d2e2d,
002d2e2e,
002d2e2d,
002d2e2e,
002d2e2d,
002d2e2d,
002d2f2d,
002d2f2d,
002d2e2d,
002d2f2e,
002d2f2d,
002d2f2e,
002d2f2e,
002d2f2e,
002d2f2e,
002d2f2e,
002d2f2e,
002d2f2e,
002d2f2e,
002d2f2e,
002d2f2e,
002e2f2e,
002e2e2d,
002d2e2d,
002e2e2d,
002d2e2e,
002d2e2d,
002e2e2d,
002e2e2d,
002d2e2d,
002d2e2c,
002c2d2c,
002c2c2c,
002d2c2d,
002d2d2d,
002d2c2d,
00232323,
00272727,
00262727,
00252626,
00252726,
00262727,
00252727,
00252627,
00262727,
00262727,
00252626,
00252726,
00252726,
00252626,
00252626,
00252626,
00252726,
00262727,
00262727,
00262727,
00262727,
00252726,
00252626,
00252726,
00252626,
00252626,
00252626,
00252626,
00242526,
00242526,
00252526,
00252526,
00242525,
00232526,
00242626,
00252626,
00252626,
00252626,
00252626,
00252626,
00262626,
00262626,
00252525,
00252626,
00252525,
00242525,
00242525,
00252626,
00242525,
00242525,
00242525,
00242525,
00252525,
00252525,
00242525,
00242525,
00242525,
00252525,
00252525,
00242525,
00242525,
00242525,
00242525,
00242524,
00242525,
00252626,
00252625,
00262625,
00252525,
00262625,
00272726,
00272827,
002b2b2a,
00292a29,
002a2a29,
002a2b2a,
002b2c2a,
002c2d2b,
002d2e2b,
002e2f2c,
002f2f2c,
0030302e,
0031322e,
0032322f,
00333431,
00343532,
00363632,
00393a36,
003c3d38,
003d3e39,
003f3f3e,
003f403f,
003f3f3f,
003f3f3f,
003f3f3f,
003f3f3f,
003a3c36,
00363832,
00353631,
0032342f,
002f302c,
002e302c,
002d2f2b,
002c2e2b,
002b2d2a,
002a2b29,
002a2a27,
00282927,
00272927,
00262826,
00252725,
00252624,
00242523,
00242524,
00242423,
00242423,
00232423,
00222322,
00222322,
00222321,
00212221,
00222221,
00222221,
00212221,
00212221,
00212221,
00212121,
00212222,
00212222,
00212222,
00222322,
00222323,
00222323,
00232424,
00232424,
00232424,
00232424,
00232424,
00232424,
00232424,
00232424,
00232424,
00232424,
00232424,
00232424,
00232424,
00232424,
00232424,
00232424,
00232524,
00232424,
00232524,
00232525,
00242525,
00242525,
00242525,
00242525,
00242525,
00242625,
00242525,
00242525,
00252626,
00252626,
00252626,
00252626,
00252626,
00242625,
00252626,
00242626,
00242626,
00252626,
00232626,
00242626,
00242626,
00242525,
00242524,
002a2b2a,
002b2b2c,
002a2a2b,
002a2c2b,
002a2c2a,
002a2c2b,
002b2c2c,
002b2c2c,
002b2c2c,
002b2c2b,
002b2c2c,
002b2d2c,
002c2d2c,
002c2d2c,
002c2d2c,
002c2d2c,
002b2d2c,
002b2d2c,
002b2d2c,
002b2d2c,
002c2d2c,
002c2d2c,
002d2d2c,
002d2d2c,
002d2d2c,
002c2d2c,
002c2d2c,
002c2e2c,
002c2d2c,
002c2e2c,
002c2d2c,
002c2e2c,
002c2e2d,
002c2e2d,
002d2e2d,
002c2e2d,
002c2e2d,
002d2e2d,
002d2e2d,
002d2e2d,
002c2e2d,
002c2e2d,
002d2e2d,
002d2e2d,
002d2e2d,
002d2e2d,
002d2e2d,
002d2e2e,
002d2e2e,
002d2e2e,
002d2e2e,
002d2e2e,
002d2e2d,
002d2e2d,
002d2f2d,
002d2f2e,
002d2f2e,
002d2f2e,
002d2f2e,
002d2f2e,
002d2f2e,
002d2f2e,
002d2f2e,
002d2f2e,
002d2f2e,
002e2f2d,
002e2f2e,
002e2f2e,
002e2f2e,
002d2f2e,
002d2e2e,
002e2e2d,
002e2e2d,
002e2e2d,
002d2e2d,
002d2e2d,
002d2e2d,
002d2d2d,
002d2d2c,
002c2c2c,
002d2d2d,
002d2d2d,
002d2d2d,
00252424,
00252525,
00252726,
00262727,
00262727,
00252726,
00262727,
00262727,
00262727,
00262727,
00252726,
00252626,
00252626,
00252626,
00262727,
00262727,
00262727,
00252726,
00252726,
00262727,
00262727,
00252726,
00252626,
00252626,
00252626,
00252626,
00242526,
00242526,
00252626,
00242525,
00242526,
00242626,
00252626,
00252626,
00252626,
00252626,
00252626,
00252626,
00252525,
00242625,
00252626,
00242525,
00242525,
00242525,
00242525,
00242625,
00242525,
00242525,
00242525,
00242525,
00252525,
00242525,
00242525,
00242525,
00242525,
00242525,
00242525,
00242525,
00242525,
00242525,
00242525,
00252525,
00252525,
00252625,
00262525,
00252625,
00262625,
00262625,
00272726,
00282928,
00292928,
002a2a29,
002a2a29,
002b2b2a,
002c2c2a,
002c2d2b,
002e2e2c,
002f2f2d,
002f302d,
0030312e,
0031322f,
00323330,
00343431,
00363733,
00383935,
003b3c37,
003d3e39,
003e3f3a,
003f403e,
003f3f3f,
003f3f3f,
003f3f3f,
003f3f3f,
00383b34,
00343832,
00323530,
0031332e,
002e302c,
002e302c,
002d2e2b,
002c2e2b,
002b2c29,
00292b28,
00292a27,
00282926,
00282827,
00262826,
00252724,
00242623,
00232523,
00232423,
00232423,
00232423,
00222422,
00222322,
00222322,
00212322,
00212321,
00222221,
00222120,
00222221,
00202120,
00202120,
00202121,
00202221,
00212222,
00212222,
00212322,
00222322,
00232423,
00232424,
00232424,
00232424,
00232424,
00232424,
00232424,
00232424,
00232424,
00232424,
00232424,
00232424,
00232424,
00232424,
00232424,
00232424,
00232424,
00242525,
00242525,
00242525,
00242525,
00232525,
00242525,
00242525,
00232525,
00232525,
00242525,
00242625,
00242625,
00242625,
00252626,
00242625,
00252626,
00252626,
00242626,
00252626,
00252626,
00252626,
00242625,
00262626,
00252525,
00292a29,
002b2c2b,
002a2c2a,
002b2c2b,
002b2c2b,
002b2c2b,
002a2c2b,
002b2c2b,
002b2c2b,
002b2c2b,
002b2c2b,
002b2c2c,
002b2d2b,
002b2d2c,
002b2d2c,
002b2d2c,
002b2d2c,
002b2d2c,
002b2d2c,
002b2d2c,
002c2d2c,
002c2d2c,
002c2d2c,
002c2d2c,
002c2d2c,
002c2e2c,
002c2d2c,
002d2e2d,
002c2e2c,
002c2e2d,
002c2e2d,
002d2e2d,
002c2e2d,
002c2e2d,
002c2e2d,
002c2e2d,
002c2e2d,
002c2e2d,
002d2e2e,
002d2e2d,
002c2e2c,
002d2e2d,
002d2e2d,
002c2e2d,
002d2e2d,
002c2e2d,
002d2f2d,
002d2e2d,
002d2e2d,
002d2e2d,
002d2e2d,
002d2e2d,
002d2e2d,
002d2f2d,
002d2e2d,
002d2f2d,
002d2f2d,
002d2e2d,
002d2e2d,
002d2f2e,
002d2f2e,
002d2f2e,
002d2f2e,
002d2f2e,
002d2f2e,
002d2f2e,
002d2f2e,
002d2f2e,
002d2f2e,
002d2f2e,
002e2f2e,
002e2f2d,
002e2f2e,
002e2f2e,
002e2f2e,
002e2f2d,
002d2f2d,
002e2f2d,
002e2e2d,
002e2e2d,
002d2e2d,
002d2e2d,
002e2e2c,
002d2e2d,
002d2d2d,
002d2d2d,
002d2c2c,
002c2d2d,
002d2c2c,
00252425,
00262627,
00262727,
00252727,
00262727,
00262727,
00262727,
00262727,
00262727,
00252726,
00252726,
00252726,
00262727,
00262727,
00262727,
00252726,
00262727,
00262727,
00262727,
00262727,
00252726,
00252626,
00252626,
00252626,
00252626,
00252626,
00252626,
00242626,
00252626,
00252626,
00252626,
00252626,
00252626,
00252626,
00252626,
00252626,
00252626,
00252626,
00242625,
00242525,
00242625,
00242625,
00252626,
00252626,
00242525,
00242525,
00242525,
00242525,
00232525,
00242525,
00242525,
00242525,
00242525,
00242525,
00242525,
00242525,
00242525,
00242525,
00252525,
00252525,
00252625,
00252525,
00262625,
00262726,
00262625,
00272726,
00282827,
00292928,
002a2a28,
002a2a29,
002a2b29,
002b2c2a,
002c2d2a,
002c2d2b,
002e2f2c,
002e2f2d,
0030302e,
0031322f,
0032322f,
00343531,
00353632,
00383935,
003a3b36,
003d3e39,
003d3e39,
003f3f3e,
003f3f3f,
003f3f3f,
003f3f3f,
003f3f3f,
00373a33,
00343631,
00333530,
002f322c,
002f302c,
002e302b,
002c2e2a,
002c2e2a,
002a2b29,
00292b27,
00292926,
00272926,
00272827,
00252725,
00252724,
00232523,
00232522,
00222422,
00222423,
00232524,
00222422,
00222322,
00222322,
00212221,
00212221,
00212221,
00202220,
00202120,
00202120,
00202120,
00202121,
00202121,
00212221,
00212322,
00222322,
00222322,
00222422,
00222423,
00232423,
00232423,
00232423,
00222423,
00222423,
00232424,
00232424,
00232424,
00232424,
00232424,
00232424,
00222424,
00232424,
00242424,
00232524,
00242525,
00242525,
00242525,
00242525,
00232525,
00242525,
00242525,
00242525,
00242525,
00242525,
00242625,
00242625,
00252626,
00252525,
00242525,
00242625,
00242525,
00242625,
00252626,
00242525,
00252525,
00262827,
002c2c2c,
002b2c2b,
002b2c2b,
002b2c2b,
002a2c2a,
002a2c2b,
002b2c2b,
002b2c2b,
002b2c2b,
002b2c2b,
002b2c2b,
002b2d2b,
002b2c2b,
002b2d2b,
002b2d2b,
002b2d2c,
002b2d2c,
002b2d2c,
002b2d2c,
002c2d2c,
002c2d2c,
002c2d2c,
002c2e2c,
002c2e2c,
002c2d2c,
002c2e2c,
002c2e2c,
002c2e2d,
002c2e2d,
002c2e2d,
002c2e2d,
002c2e2d,
002d2e2d,
002d2e2d,
002c2e2d,
002c2e2d,
002c2e2d,
002c2e2d,
002c2e2d,
002c2e2d,
002d2e2e,
002d2e2e,
002d2e2d,
002d2e2d,
002d2f2d,
002d2e2d,
002d2e2d,
002d2e2d,
002d2e2d,
002d2e2d,
002d2e2d,
002d2e2d,
002d2e2d,
002d2f2d,
002d2f2d,
002d2f2e,
002d2f2d,
002e2f2e,
002d2f2e,
002d2f2e,
002d2f2d,
002d2f2e,
002d2f2e,
002d2f2e,
002d2f2e,
002d2f2e,
002d2f2e,
002d2f2e,
002d2f2e,
002d2f2e,
002d2f2e,
002d2f2e,
002e2f2e,
002e2f2e,
002e2f2f,
002e2f2f,
002e2f2e,
002e2f2e,
002e2f2e,
002e2f2e,
002f2f2e,
002e2f2e,
002d2f2d,
002e2e2e,
002e2e2d,
002e2e2d,
002e2e2e,
002d2e2e,
002c2e2d,
002d2d2d,
002c2d2c,
002c2d2c,
002e2e2d,
002a2929,
00262525,
00262626,
00252626,
00252626,
00252726,
00262727,
00252626,
00252726,
00262727,
00262727,
00262727,
00262727,
00252726,
00262727,
00262727,
00262727,
00262727,
00262727,
00252726,
00252626,
00252626,
00252626,
00252626,
00252626,
00252626,
00252626,
00252626,
00252626,
00252626,
00252626,
00252626,
00252626,
00252626,
00252626,
00252626,
00252626,
00252626,
00252626,
00252626,
00252626,
00252626,
00252626,
00242625,
00242525,
00242525,
00242525,
00242525,
00242525,
00232524,
00242525,
00232525,
00242525,
00242525,
00242525,
00242525,
00252524,
00252525,
00242525,
00252625,
00262625,
00262625,
00262625,
00262726,
00272726,
00282827,
002a2928,
00292a28,
002a2a29,
002b2b2a,
002b2c2a,
002c2d2b,
002d2e2c,
002e2f2c,
0030302e,
0031312e,
0031322f,
00333330,
00343531,
00363733,
00393b36,
003c3d37,
003d3e39,
003f3f3d,
003f3f3f,
003f3f3f,
003f3f3f,
003f3f3f,
00373832,
00343630,
0032342f,
002f302c,
002f302c,
002d2f2c,
002c2d2b,
002b2d2a,
00292b28,
00292a28,
00282927,
00262826,
00262825,
00252724,
00242624,
00232423,
00232423,
00232423,
00232423,
00232422,
00222322,
00222322,
00212322,
00212221,
00212221,
00202221,
00212120,
00202120,
001f201f,
00212120,
00212120,
00212120,
00212222,
00212222,
00222323,
00222323,
00222423,
00222423,
00222423,
00232423,
00232424,
00232424,
00232424,
00232423,
00232424,
00232424,
00232424,
00232424,
00232424,
00232424,
00232424,
00242525,
00232523,
00242525,
00242525,
00242525,
00242525,
00242524,
00242525,
00242525,
00242525,
00242525,
00242525,
00242625,
00242525,
00242525,
00242525,
00242525,
00242525,
00232525,
00252525,
00252525,
002a2a29,
002a2b2a,
002a2b2a,
002a2c2a,
002a2c2a,
002a2c2b,
002a2c2b,
002a2c2a,
002a2c2b,
002a2c2b,
002b2c2b,
002b2c2b,
002b2c2b,
002b2c2b,
002b2c2b,
002b2d2c,
002b2d2c,
002b2d2b,
002b2d2c,
002b2d2c,
002c2d2c,
002c2d2c,
002c2d2c,
002c2d2c,
002c2d2c,
002c2d2c,
002c2d2c,
002c2d2c,
002c2e2d,
002c2e2c,
002c2e2c,
002c2e2d,
002d2e2d,
002d2e2d,
002d2e2d,
002d2e2d,
002d2e2d,
002d2e2d,
002d2e2d,
002c2e2d,
002d2e2d,
002d2e2d,
002d2e2d,
002d2e2d,
002d2f2d,
002d2f2e,
002d2f2e,
002d2f2e,
002d2f2e,
002d2f2d,
002e2f2e,
002e2f2e,
002d2f2e,
002e2f2e,
002d2f2e,
002d2f2e,
002e2f2e,
002e2f2e,
002e2f2e,
002d2f2e,
002e2f2e,
002d2f2e,
002d2f2e,
002d2f2e,
002d2f2e,
002d2f2e,
002e2f2e,
002e2f2e,
002d2f2e,
002d2f2e,
002d2f2e,
002d2f2e,
002d2f2e,
002d2f2e,
002d2f2e,
002e2f2e,
002e2f2e,
002e2f2e,
002e2f2e,
002d2f2e,
002d2f2e,
002d2f2e,
002d2f2e,
002d2f2e,
002d2f2e,
002d2f2d,
002e2e2d,
002e2e2d,
002e2e2d,
002e2e2d,
002d2e2e,
002c2e2d,
002d2e2d,
002d2e2d,
002d2d2c,
002d2d2c,
002d2d2c,
002b2b2b,
002c2c2c,
00252625,
00272728,
00252626,
00252726,
00252626,
00252726,
00252726,
00252727,
00262727,
00262727,
00252726,
00262727,
00262727,
00262727,
00262727,
00262727,
00262727,
00252626,
00252626,
00252726,
00252626,
00252626,
00252626,
00242625,
00252626,
00252626,
00252626,
00252626,
00252626,
00252626,
00252626,
00252626,
00242625,
00252626,
00252626,
00252626,
00242625,
00252626,
00252626,
00252626,
00252626,
00242625,
00242525,
00242424,
00252525,
00242525,
00242525,
00232524,
00232524,
00242525,
00232524,
00242525,
00242525,
00242424,
00252525,
00252525,
00252625,
00262625,
00262625,
00262625,
00262625,
00272726,
00272827,
00272928,
00292a28,
002a2a28,
002a2b28,
002b2c29,
002b2c2a,
002c2d2b,
002e2f2c,
002f302d,
0030302d,
0031312e,
00323230,
00333430,
00363733,
00383934,
003b3c37,
003d3e39,
003e3f3c,
003f3f3f,
003f3f3f,
003f3f3f,
003f3f3f,
00343631,
00323530,
0031332e,
002e302b,
002e2f2c,
002d2e2b,
002c2d2a,
002a2c29,
00292b28,
00282a27,
00282926,
00262826,
00252724,
00242624,
00242623,
00232423,
00232423,
00232423,
00232423,
00232423,
00222322,
00222322,
00212322,
00212221,
00202221,
00202221,
00202120,
001f2020,
001f201f,
00212120,
00202120,
00212221,
00212322,
00222322,
00222323,
00222323,
00222323,
00232423,
00222323,
00222323,
00232424,
00232424,
00232423,
00232423,
00232424,
00232424,
00232424,
00232424,
00232424,
00232424,
00232524,
00242524,
00232524,
00242524,
00242525,
00242525,
00242525,
00242524,
00242525,
00242625,
00242525,
00242525,
00242525,
00242525,
00232525,
00232525,
00242525,
00242525,
00232524,
00262626,
002b2b2b,
002a2c2a,
002a2b2a,
00292b29,
002a2b2a,
002a2b2a,
002a2c2a,
002a2c2b,
002a2c2b,
002b2c2b,
002b2c2b,
002a2c2b,
002b2c2b,
002b2c2b,
002b2c2b,
002b2d2c,
002b2d2c,
002b2d2c,
002b2d2b,
002b2d2b,
002c2d2c,
002b2d2c,
002b2d2c,
002c2d2c,
002c2d2c,
002c2d2c,
002c2d2c,
002c2d2c,
002c2d2c,
002c2e2c,
002c2e2c,
002c2e2d,
002d2f2d,
002d2f2d,
002d2f2e,
002d2f2d,
002d2f2e,
002e2f2e,
002e2f2e,
002d2f2e,
002d2f2e,
002d2f2d,
002d2f2d,
002d2f2e,
002d2f2e,
002d2f2e,
002d2f2d,
002d2f2d,
002e2f2e,
002e2f2e,
002e2f2e,
002e2f2e,
002e302e,
002e2f2e,
002e2f2e,
002e2f2e,
002e302e,
002e302e,
002e2f2e,
002e302f,
002e302f,
002e302f,
002e302f,
002e302f,
002e302f,
002e302e,
002e302f,
002e302e,
002e2f2e,
002e2f2e,
002e2f2e,
002e2f2e,
002e2f2e,
002d2f2e,
002d2f2e,
002e2f2e,
002d2f2e,
002d2f2e,
002d2f2e,
002d2f2e,
002d2f2e,
002d2f2d,
002d2f2e,
002d2f2e,
002d2f2e,
002d2f2e,
002d2f2e,
002d2f2d,
002d2f2d,
002d2f2d,
002d2f2d,
002d2e2d,
002d2e2e,
002d2e2e,
002d2e2d,
002d2e2d,
002c2e2d,
002d2e2e,
002d2e2c,
002c2d2c,
002c2d2c,
002b2c2b,
002c2d2c,
00262626,
00262626,
00252626,
00252726,
00252727,
00262727,
00262727,
00252727,
00252727,
00262727,
00262727,
00262727,
00262727,
00262727,
00262727,
00262727,
00262727,
00252626,
00252626,
00252626,
00252626,
00252626,
00252626,
00252626,
00252626,
00252626,
00252626,
00252626,
00242625,
00252626,
00252626,
00242625,
00242625,
00252626,
00252626,
00252626,
00242625,
00252626,
00242625,
00252626,
00242525,
00242525,
00252525,
00242525,
00242525,
00242525,
00232524,
00242525,
00232524,
00242525,
00232524,
00242525,
00252525,
00252525,
00252524,
00252625,
00252625,
00262625,
00262625,
00262726,
00272726,
00282828,
00292928,
002a2a28,
002a2b28,
002a2b29,
002b2c2a,
002c2d2b,
002d2e2d,
002e2e2d,
0030302d,
0030312e,
0031322f,
00333330,
00353631,
00373833,
003a3b36,
003d3e38,
003e3f3a,
003f3f3f,
003f3f3f,
003f3f3f,
003f3f3f,
00343631,
0031342f,
002f312d,
002e302c,
002d2f2b,
002c2e2b,
002b2d2a,
00292b28,
00292a28,
00282a27,
00272926,
00262825,
00252724,
00242623,
00232522,
00232522,
00232423,
00232423,
00232423,
00222322,
00222322,
00212322,
00212322,
00212221,
00212221,
00212221,
001f2120,
001f2020,
001f2020,
00202120,
00202220,
00202220,
00222322,
00212321,
00222322,
00222322,
00222323,
00222322,
00222322,
00222323,
00222324,
00232424,
00222423,
00232424,
00232424,
00232424,
00242424,
00232424,
00232424,
00232424,
00242524,
00232524,
00232524,
00242524,
00232524,
00242525,
00242525,
00242524,
00242524,
00242524,
00232625,
00232625,
00232525,
00242525,
00252525,
00252526,
00232423,
00292929,
002a2b2a,
002a2b2a,
00292b29,
00292b2a,
002a2b2a,
002a2b2a,
002a2b2a,
002a2c2a,
002a2c2b,
002a2c2b,
002a2c2b,
002a2d2b,
002a2d2b,
002a2d2b,
002b2d2c,
002c2d2c,
002c2d2b,
002c2d2c,
002b2d2c,
002b2d2c,
002b2d2c,
002b2d2b,
002c2d2c,
002c2d2c,
002c2d2c,
002c2d2c,
002c2e2c,
002c2e2d,
002d2e2d,
002d2e2d,
002d2e2d,
002d2e2d,
002d2e2d,
002d2e2d,
002d2f2e,
002d2f2e,
002d2f2e,
002d2f2e,
002d2f2e,
002d2f2e,
002d2f2d,
002d2f2e,
002d2f2e,
002d2f2e,
002d2f2e,
002d2f2d,
002d2f2e,
002d2f2e,
002e2f2e,
002e2f2e,
002e2f2e,
002e2f2e,
002e2f2e,
002e2f2e,
002e2f2e,
002e2f2e,
002e2f2e,
002e2f2e,
002e2f2e,
002e302e,
002e302f,
002e302f,
002e302f,
002e302f,
002f302f,
002e302f,
002e302f,
002e302f,
002e302f,
002e302f,
002e302f,
002f302f,
0030302f,
002e302e,
002e302f,
002e302f,
002e302e,
002f2f2e,
002e2f2e,
002e2f2e,
002e2f2e,
002d2f2e,
002e2f2e,
002d2f2e,
002d2f2e,
002d2f2e,
002d2f2e,
002d2e2d,
002d2e2d,
002d2f2d,
002d2f2d,
002e2f2f,
002d2e2d,
002d2e2d,
002d2f2d,
002d2f2d,
002d2e2d,
002d2e2d,
002d2e2d,
002d2e2e,
002c2e2d,
002d2e2c,
002d2d2c,
002c2d2c,
002b2c2c,
002b2c2c,
002b2d2c,
00282828,
00252525,
00252726,
00252626,
00252726,
00252727,
00252727,
00262727,
00262727,
00262727,
00262727,
00262727,
00262727,
00252726,
00262727,
00252726,
00252726,
00252626,
00252626,
00252626,
00252626,
00242625,
00252626,
00252626,
00252626,
00252626,
00252626,
00252626,
00252626,
00252626,
00252626,
00252626,
00242625,
00252626,
00252626,
00252626,
00252626,
00242625,
00242626,
00252525,
00252525,
00242525,
00232424,
00242525,
00232424,
00232424,
00242525,
00232524,
00232423,
00232424,
00242525,
00252525,
00252524,
00252524,
00262625,
00262625,
00262625,
00262625,
00262726,
00272826,
00272827,
00292a28,
00292a28,
002b2b29,
002b2c2a,
002c2d2a,
002d2e2b,
002e2e2c,
002f302d,
0030312e,
0031312e,
00323330,
00343530,
00363732,
00393a35,
003c3d38,
003d3e38,
003f3f3d,
003f3f3f,
003f3f3f,
003f3f3f,
00333530,
0031332f,
0030312d,
002d2f2b,
002c2f2a,
002c2e2b,
002a2c29,
00292a28,
00282a27,
00272927,
00262826,
00252725,
00242624,
00232523,
00232522,
00232523,
00232523,
00222423,
00222423,
00222322,
00222322,
00212321,
00212321,
00202221,
00202221,
00202120,
001f201f,
001f2020,
001f2020,
00202120,
00202220,
00212221,
00212221,
00212222,
00212321,
00212321,
00212322,
00222322,
00222322,
00222322,
00222422,
00232424,
00222423,
00232424,
00232424,
00232424,
00242424,
00232424,
00242525,
00242524,
00242525,
00232524,
00242524,
00242525,
00242524,
00242525,
00242525,
00242524,
00242524,
00232624,
00232525,
00232525,
00242525,
00242525,
00242524,
00292928,
002a2b29,
002a2b29,
00292b29,
00292b2a,
00292b29,
00292b29,
002b2c2a,
002a2b2a,
002a2b2a,
002a2c2a,
002a2c2b,
002a2c2b,
002a2d2b,
002a2d2b,
002a2d2b,
002a2d2b,
002b2d2c,
002b2d2c,
002b2d2c,
002b2d2c,
002b2d2c,
002b2d2c,
002c2d2c,
002c2e2c,
002c2e2c,
002d2e2d,
002c2e2d,
002c2e2d,
002d2e2d,
002d2e2d,
002d2e2d,
002d2e2d,
002d2e2d,
002d2e2d,
002d2e2d,
002d2f2e,
002d2f2e,
002d2f2e,
002d2f2e,
002e2f2e,
002d2f2e,
002d2f2e,
002d2f2e,
002d2f2e,
002e2f2e,
002d2f2e,
002d2f2e,
002d2f2e,
002d2f2e,
002d2f2e,
002d2f2e,
002d2f2e,
002e2f2e,
002e2f2e,
002d2f2d,
002e2f2e,
002e2f2e,
002e2f2e,
002e2f2e,
002e2f2e,
002e2f2e,
002e2f2e,
002e302e,
002e302e,
002e302f,
002e302f,
002e302e,
002e302f,
002e302f,
002e302f,
002e302f,
002e302f,
002e302f,
002f302f,
0030302f,
002f302f,
002e302f,
002e302f,
002e302e,
0030302f,
002f302f,
002e302f,
002e2f2f,
002e2f2e,
002e2f2e,
002e2f2e,
002e2f2e,
002e2f2e,
002d2f2e,
002e2f2e,
002d2f2e,
002d2f2d,
002d2f2d,
002d2e2e,
002d2e2d,
002d2e2d,
002d2f2d,
002d2f2d,
002d2f2e,
002d2f2d,
002d2e2d,
002d2e2e,
002d2e2d,
002d2e2d,
002d2e2d,
002d2e2d,
002c2d2d,
002c2c2c,
002b2c2c,
002c2c2c,
002c2c2c,
00292a2a,
00232424,
00252626,
00252726,
00242727,
00252727,
00262727,
00262727,
00262727,
00272828,
00262727,
00262727,
00262727,
00262727,
00262727,
00252726,
00252626,
00252626,
00252626,
00252626,
00252626,
00252626,
00252626,
00252626,
00242625,
00242625,
00252626,
00242626,
00252626,
00252626,
00242625,
00242625,
00242625,
00252626,
00252626,
00252626,
00242626,
00252626,
00252525,
00242525,
00242525,
00232424,
00232424,
00232424,
00232424,
00232524,
00232423,
00232424,
00232424,
00242524,
00252524,
00252524,
00252625,
00262625,
00262625,
00262625,
00262726,
00272726,
00272827,
00272927,
002a2b29,
002b2b29,
002b2b29,
002b2c2a,
002c2d2b,
002d2d2c,
002e2e2b,
002f302d,
0030302d,
0031322f,
00333431,
00363733,
00383934,
003a3c36,
003e3f38,
003f3f3c,
003f3f3f,
003f3f3f,
003f3f3f,
00333530,
0031332e,
002e302c,
002d2f2b,
002c2e2a,
002b2d2a,
00292b28,
00292a28,
00282927,
00272926,
00252725,
00252724,
00242524,
00232523,
00232523,
00232423,
00232423,
00232423,
00222322,
00222322,
00212322,
00212322,
00212221,
00212221,
00202220,
001f2120,
001f2020,
001f2120,
001f2120,
00202120,
00202120,
00202221,
00202220,
00202220,
00202221,
00222323,
00222322,
00222322,
00222322,
00222422,
00222423,
00232423,
00232423,
00232424,
00232423,
00232424,
00232424,
00232524,
00232524,
00232423,
00242525,
00242525,
00242525,
00232525,
00242625,
00242525,
00242525,
00232524,
00232525,
00232525,
00242525,
00232524,
00242524,
00292a2a,
00292a29,
00292a29,
00292b29,
00292b2a,
00292b2a,
00292b2a,
00292b2a,
002a2b2a,
002a2b2a,
002a2b2a,
002a2b2a,
002a2c2b,
002b2c2b,
002b2c2b,
002a2d2b,
002a2d2b,
002b2d2b,
002b2d2c,
002b2d2b,
002b2d2b,
002c2d2c,
002c2d2c,
002c2d2c,
002c2e2c,
002c2e2d,
002c2e2c,
002c2e2d,
002c2e2d,
002c2e2d,
002c2e2d,
002d2e2d,
002d2e2d,
002d2e2d,
002d2e2d,
002d2e2d,
002d2e2d,
002d2e2d,
002d2e2d,
002d2e2d,
002d2e2d,
002d2f2d,
002d2f2e,
002d2e2d,
002d2e2d,
002d2e2d,
002d2e2d,
002d2e2d,
002d2f2d,
002d2f2e,
002d2f2d,
002d2f2d,
002d2f2e,
002d2f2e,
002d2f2e,
002d2f2e,
002d2f2e,
002d2f2e,
002d2f2e,
002d2f2e,
002d2f2e,
002e2f2f,
002e2f2e,
002e2f2e,
002e2f2e,
002e2f2e,
002e2f2e,
002e2f2e,
002e302e,
002e302e,
002e302f,
002e302f,
002e302f,
002e302f,
002e302f,
002e302e,
002e302f,
002e302f,
002e302f,
002e302f,
002e302f,
002e302f,
002e302f,
002e302f,
002e302f,
002e302f,
002e302f,
002e302f,
002e2f2e,
002e2f2e,
002e2f2e,
002e2f2e,
002e2f2e,
002d2f2e,
002d2f2e,
002d2f2d,
002d2f2d,
002d2f2d,
002d2e2d,
002d2e2d,
002d2e2d,
002d2e2d,
002d2f2e,
002d2f2d,
002d2e2d,
002d2e2d,
002d2e2d,
002c2e2d,
002c2e2d,
002d2e2d,
002c2d2d,
002c2d2c,
002c2d2d,
002b2d2c,
002b2c2c,
002b2c2b,
002c2d2d,
00242424,
00252727,
00252727,
00252727,
00262727,
00262727,
00262827,
00272727,
00262827,
00262727,
00262727,
00262727,
00262727,
00262727,
00252726,
00252626,
00252626,
00252626,
00252626,
00252626,
00252626,
00252626,
00252626,
00252626,
00252626,
00252626,
00252626,
00252626,
00242625,
00242625,
00242625,
00242625,
00252626,
00242625,
00252626,
00252626,
00252525,
00242525,
00232524,
00232424,
00232424,
00232424,
00232423,
00232423,
00232423,
00232423,
00232523,
00232524,
00242524,
00252524,
00262625,
00262625,
00262625,
00262726,
00262626,
00272826,
00282927,
00282a28,
002a2b29,
002a2b29,
002a2c29,
002c2c2a,
002c2d2b,
002d2d2a,
002f2f2c,
002f302d,
0030312e,
00333330,
00353632,
00373834,
00393b35,
003c3d37,
003e3f3a,
003f3f3e,
003f3f3f,
003f3f3f,
0031342f,
002f312d,
002d2f2b,
002d2f2a,
002c2d2a,
002a2c29,
00292b28,
00282a27,
00282a27,
00262826,
00252725,
00242624,
00242524,
00232523,
00232523,
00232523,
00222423,
00222423,
00222322,
00222322,
00212322,
00212321,
00212221,
00212221,
00202120,
00202120,
00202120,
00202120,
001f211f,
001f201f,
001f2120,
001f2120,
00202221,
00202121,
00212222,
00212322,
00222322,
00222323,
00222323,
00222423,
00232424,
00222423,
00222423,
00232424,
00232424,
00232424,
00232424,
00232524,
00232524,
00232424,
00232524,
00242524,
00242525,
00232525,
00232525,
00232525,
00232524,
00232524,
00232525,
00242525,
00242424,
00292a2a,
00282a28,
00292a29,
00292a29,
00292a29,
00292b29,
00292b2a,
00292b2a,
00292b2a,
002a2b2a,
002a2b2a,
002a2b2a,
002a2b2a,
002a2b2a,
002a2c2b,
002b2c2b,
002b2c2b,
002b2c2b,
002b2d2c,
002b2d2c,
002c2d2c,
002c2d2c,
002c2d2c,
002c2e2d,
002d2e2d,
002d2e2d,
002c2e2c,
002c2e2d,
002c2e2c,
002c2e2c,
002c2e2c,
002d2e2d,
002d2e2d,
002c2e2d,
002c2e2d,
002c2e2c,
002d2e2d,
002d2e2d,
002d2e2d,
002d2e2d,
002d2e2d,
002d2e2d,
002d2e2d,
002d2e2d,
002d2f2d,
002d2e2d,
002d2e2d,
002d2e2d,
002d2e2d,
002d2f2d,
002d2e2d,
002d2e2d,
002d2e2d,
002d2e2d,
002d2e2d,
002e2f2e,
002d2f2e,
002d2f2e,
002d2f2e,
002d2f2e,
002d2f2e,
002d2f2e,
002d2f2e,
002e2f2e,
002d2f2e,
002d2f2e,
002d2f2e,
002e2f2e,
002e2f2e,
002e2f2e,
002e2f2e,
002e2f2e,
002f302e,
002e302e,
002e302f,
002e302f,
002e302e,
002e2f2e,
002e302e,
002e302f,
002e302f,
002e302f,
002e302f,
002e302f,
002e302e,
002e302f,
002e302f,
002e302e,
002e302f,
002e302f,
002e302f,
002e302f,
002f302f,
002f302f,
002e302f,
002e302f,
002e2f2e,
002d2f2e,
002d2f2e,
002d2f2e,
002d2f2e,
002d2e2d,
002d2e2d,
002d2e2d,
002d2e2d,
002d2e2d,
002d2f2d,
002d2e2d,
002c2e2d,
002d2f2d,
002d2e2d,
002c2e2d,
002c2e2d,
002c2e2c,
002c2d2c,
002b2d2c,
002b2d2c,
002b2c2b,
002a2c2c,
002c2c2c,
002c2c2c,
00242424,
00252727,
00262727,
00262727,
00252727,
00262727,
00262727,
00262827,
00262727,
00262727,
00262727,
00262727,
00252726,
00252726,
00252626,
00252626,
00252626,
00252626,
00252626,
00252626,
00252626,
00252626,
00252626,
00252626,
00252626,
00252626,
00252626,
00242525,
00242525,
00242525,
00242625,
00242625,
00242625,
00242625,
00252626,
00242525,
00232524,
00232424,
00232524,
00232424,
00222423,
00232423,
00232423,
00242424,
00232423,
00242524,
00242524,
00242524,
00262625,
00262625,
00262625,
00262726,
00262626,
00272726,
00282926,
00282a27,
00292b29,
002a2b29,
002b2b29,
002b2c2a,
002c2c2a,
002d2d2b,
002e2e2b,
002f2f2c,
0030312e,
00323330,
00333430,
00383934,
00393a35,
003b3d36,
003e3f39,
003f3f3e,
003f3f3f,
003f403f,
0031332e,
002f302c,
002e2f2b,
002c2e2a,
002b2d2a,
002a2b28,
00292b28,
00282926,
00272926,
00262825,
00252724,
00242624,
00232524,
00232523,
00232523,
00232423,
00222423,
00222422,
00222322,
00222322,
00222322,
00212221,
00212221,
00202221,
00202120,
00202220,
00202220,
001f211f,
001f201f,
001f201f,
001f201f,
001f2020,
00202121,
00202221,
00212221,
00212321,
00222322,
00222323,
00222323,
00232423,
00232424,
00232424,
00222323,
00232424,
00232424,
00232423,
00232423,
00232424,
00242524,
00242525,
00232524,
00242525,
00232525,
00232525,
00232525,
00232524,
00232525,
00242525,
00242424,
00282829,
00282a28,
00282a29,
00292a29,
00292a29,
00292a29,
00292a29,
00292b29,
00292b2a,
00292b2a,
002a2b2a,
002a2b2a,
002a2b2a,
002a2b2a,
002a2c2b,
002a2c2b,
002b2c2b,
002b2d2b,
002b2d2c,
002b2d2c,
002c2d2c,
002c2d2c,
002c2e2d,
002c2e2c,
002c2e2d,
002c2e2d,
002c2e2d,
002c2e2d,
002d2e2d,
002c2e2d,
002c2e2c,
002c2e2c,
002c2e2c,
002c2e2c,
002d2e2d,
002c2e2d,
002d2e2d,
002c2e2d,
002d2e2d,
002d2e2d,
002d2e2d,
002d2e2d,
002d2e2d,
002d2e2d,
002d2e2d,
002d2e2d,
002d2e2d,
002d2e2d,
002d2e2d,
002d2e2d,
002d2e2d,
002d2e2d,
002d2e2d,
002d2e2d,
002d2e2d,
002d2e2d,
002d2e2d,
002d2e2d,
002d2f2e,
002d2f2e,
002d2f2e,
002d2f2e,
002e2f2e,
002d2f2e,
002d2f2e,
002d2f2e,
002d2f2e,
002d2f2e,
002e2f2e,
002e2f2e,
002e2f2e,
002e2f2e,
002e2f2e,
002e302e,
002f2f2e,
002e2f2e,
002e302e,
002e302f,
002e302f,
002e302e,
002e2f2e,
002e2f2e,
002e302e,
002e302f,
002e302f,
002e302f,
002e302f,
002e302f,
002e302f,
002e302f,
002e302f,
002e302f,
002e302f,
002e302f,
002e302f,
002e302f,
002e302f,
002e302f,
002e302f,
002f302f,
002f302f,
002f302e,
002e2f2e,
002e2f2e,
002d2f2e,
002e2f2e,
002d2e2d,
002d2e2d,
002d2e2d,
002d2e2d,
002d2e2d,
002d2e2d,
002d2e2d,
002d2e2d,
002c2e2d,
002c2e2d,
002d2e2d,
002c2e2d,
002c2d2c,
002b2d2c,
002c2d2d,
002b2d2c,
002c2d2d,
002c2d2d,
002c2b2b,
00252525,
00262727,
00252827,
00262727,
00262727,
00262727,
00262727,
00262727,
00252726,
00262727,
00262727,
00262727,
00252626,
00252626,
00252626,
00252626,
00252626,
00242625,
00252626,
00252626,
00252626,
00252626,
00252626,
00252626,
00252626,
00242625,
00242525,
00242525,
00242525,
00242525,
00242525,
00242525,
00242525,
00242525,
00232524,
00232524,
00232424,
00222423,
00222323,
00232323,
00232423,
00232424,
00242424,
00242423,
00242524,
00242524,
00262625,
00262625,
00262625,
00262726,
00272726,
00272726,
00282726,
00282927,
00292a28,
00292b28,
002a2b29,
002b2c2a,
002b2c2a,
002c2d2b,
002d2d2a,
002f2f2c,
002f302d,
0030312d,
0032332f,
00353732,
00373934,
003b3c36,
003d3e38,
003f3f3c,
003f3f3f,
003f403f,
002f312d,
002e302c,
002e2f2b,
002c2d2a,
002b2d29,
002a2b29,
00292a27,
00272926,
00262825,
00252725,
00242624,
00242623,
00232423,
00232523,
00232523,
00232423,
00222422,
00222322,
00222322,
00222322,
00212321,
00212221,
00212221,
00202220,
00202221,
00202220,
00202120,
001f201f,
001f201f,
001e201f,
001f1f1f,
001f1f1f,
00202121,
00202221,
00212221,
00212322,
00222322,
00222323,
00222323,
00232424,
00232424,
00232424,
00232423,
00232423,
00232423,
00232423,
00232523,
00242525,
00242524,
00242525,
00242524,
00242525,
00232525,
00232525,
00232525,
00232525,
00242424,
00272727,
00292a28,
00282a28,
00292a29,
00292a29,
00282a29,
00282a29,
00292a29,
00292b29,
00292b2a,
00292b2a,
00292b2a,
002a2b2a,
002a2b2a,
002a2b2a,
002b2c2b,
002a2c2b,
002b2c2b,
002b2d2b,
002b2d2c,
002c2d2c,
002c2e2c,
002c2e2d,
002c2e2d,
002d2e2d,
002d2e2c,
002c2e2d,
002c2e2d,
002c2e2d,
002c2e2d,
002d2e2d,
002d2e2d,
002c2e2d,
002c2e2d,
002d2e2d,
002c2e2d,
002d2e2d,
002d2e2d,
002d2f2d,
002d2e2d,
002d2e2d,
002d2e2d,
002d2e2d,
002d2e2d,
002d2e2d,
002d2f2d,
002d2e2d,
002d2e2d,
002d2e2d,
002d2e2d,
002d2e2d,
002d2e2d,
002d2e2d,
002d2e2d,
002d2e2d,
002d2e2d,
002d2e2d,
002d2e2d,
002d2e2d,
002d2f2d,
002d2e2d,
002d2e2d,
002d2e2d,
002d2f2d,
002d2f2d,
002d2f2d,
002e2f2e,
002d2f2d,
002d2f2e,
002d2f2e,
002e2f2e,
002e2f2e,
002e2f2e,
002e2f2e,
002e2f2e,
002e302e,
002e302e,
002e302e,
002e302e,
002e302e,
002e2f2e,
002e2f2e,
002e2f2e,
002e2f2e,
002e2f2e,
002e302e,
002e302f,
002e302f,
002e302f,
002e302f,
002e302f,
002e302e,
002e302f,
002e302f,
002e302f,
002e302f,
002e302f,
002e302f,
002e302e,
002e302f,
002e302f,
002f302f,
002f302f,
002f302f,
002f302f,
002e302f,
002e302e,
002e2f2e,
002d2f2e,
002d2f2e,
002d2f2d,
002d2e2d,
002d2e2d,
002d2e2d,
002d2e2d,
002d2e2d,
002d2e2d,
002c2e2d,
002d2e2d,
002d2e2d,
002c2e2d,
002c2e2c,
002c2d2d,
002c2d2c,
002b2d2c,
002b2d2b,
002b2d2b,
002d2e2d,
00282828,
00252626,
00262727,
00262827,
00262827,
00262827,
00262727,
00262727,
00262727,
00262727,
00262727,
00262727,
00252626,
00252626,
00252626,
00252626,
00252626,
00252626,
00252626,
00252626,
00252626,
00252626,
00252626,
00252626,
00252626,
00242525,
00242525,
00242525,
00242525,
00242525,
00242525,
00242525,
00242525,
00242525,
00232524,
00232424,
00222423,
00232323,
00232323,
00222323,
00232423,
00232424,
00232424,
00232524,
00242524,
00252625,
00252625,
00262725,
00262726,
00272726,
00272726,
00282726,
00282827,
00282927,
00292a28,
002a2b28,
002b2c29,
002c2c2a,
002c2d2a,
002d2d2a,
002e2e2b,
002f2f2c,
0030302e,
0031322f,
00333530,
00363833,
003a3b36,
003c3e38,
003e3f3b,
003f3f3e,
003f3f3e,
002e312c,
002d2f2b,
002d2e2b,
002c2d2a,
002a2c28,
00292b28,
00282927,
00272926,
00252825,
00252724,
00242623,
00232523,
00232423,
00232423,
00232423,
00222423,
00222423,
00222322,
00222322,
00212321,
00212221,
00212221,
00212221,
00212221,
00212321,
00212221,
001f2120,
001e201f,
001e201f,
001e1f1e,
001e1f1f,
001f2020,
00202121,
00212221,
00212221,
00212222,
00222323,
00222323,
00222323,
00232424,
00232424,
00232423,
00232424,
00232423,
00232423,
00232524,
00232524,
00242524,
00232524,
00232525,
00232525,
00232524,
00232524,
00232525,
00242524,
00252525,
00282928,
00292929,
00282928,
00282a29,
00282a29,
00282a29,
00292a29,
00292a29,
00292a29,
00292b29,
00292a29,
00292b2a,
002a2b2a,
002a2b2a,
002a2b2a,
002a2c2b,
002b2c2b,
002b2c2b,
002b2d2b,
002b2d2c,
002c2d2c,
002c2d2c,
002c2e2d,
002c2e2d,
002c2e2d,
002d2e2d,
002c2e2c,
002c2e2c,
002c2e2c,
002c2e2c,
002c2e2c,
002c2e2c,
002c2e2d,
002c2e2d,
002c2e2d,
002d2e2d,
002c2e2d,
002c2e2d,
002c2e2d,
002c2e2c,
002c2e2d,
002c2e2d,
002c2e2d,
002d2e2d,
002c2e2d,
002c2e2d,
002d2e2d,
002d2e2d,
002d2f2d,
002d2e2d,
002d2e2d,
002d2e2d,
002d2e2d,
002d2e2d,
002d2e2d,
002d2e2d,
002d2e2d,
002d2e2d,
002d2e2d,
002d2e2d,
002d2e2d,
002d2e2d,
002d2e2d,
002d2e2d,
002d2e2d,
002d2e2d,
002d2e2d,
002d2e2d,
002d2e2d,
002d2e2d,
002d2f2e,
002d2f2e,
002d2f2e,
002d2f2e,
002d2f2e,
002d2f2d,
002d2f2e,
002e2f2e,
002d2f2e,
002d2f2e,
002e2f2e,
002e2f2e,
002e2f2e,
002e2f2e,
002e2f2e,
002e2f2e,
002e2f2e,
002e302e,
002e302f,
002e302f,
002e302f,
002e302f,
002e2f2e,
002e2f2e,
002e2f2e,
002e302e,
002e302f,
002e302f,
002e302f,
002e2f2e,
002e2f2e,
002e302e,
002e302f,
002e302f,
002e302f,
002e302f,
002e302f,
002e302f,
002f302f,
002e2f2e,
002e2f2e,
002e2f2e,
002e2f2e,
002d2f2e,
002d2f2e,
002d2f2d,
002d2e2d,
002d2e2d,
002c2e2d,
002c2e2d,
002c2e2d,
002c2e2d,
002c2e2d,
002c2e2c,
002c2d2c,
002b2d2c,
002b2d2c,
002c2d2c,
002c2d2c,
002c2d2b,
002c2d2c,
00262727,
00262727,
00262727,
00262727,
00262727,
00262727,
00262727,
00262727,
00262727,
00262727,
00252726,
00252726,
00252626,
00252626,
00252626,
00252626,
00252626,
00252626,
00252626,
00252626,
00252626,
00252626,
00252626,
00252626,
00242625,
00242525,
00242525,
00242525,
00242525,
00242525,
00242525,
00242525,
00242525,
00232424,
00222423,
00232323,
00222323,
00232323,
00222323,
00222423,
00232424,
00232524,
00242524,
00252624,
00252625,
00252625,
00262725,
00262726,
00272726,
00272727,
00282827,
00282927,
00292a28,
002a2b28,
002a2b29,
002b2c2a,
002c2d2a,
002d2d2a,
002d2e2b,
002f2f2c,
002f302d,
0031312e,
0032342f,
00353732,
00393a35,
003b3d37,
003d3e39,
003f3f3e,
003f3f3e,
002d302b,
002d2f2b,
002d2d2a,
002b2d2a,
002a2c28,
00292a27,
00272926,
00262826,
00252725,
00242624,
00242623,
00232523,
00232423,
00232423,
00222423,
00222322,
00222322,
00232422,
00222322,
00212322,
00212221,
00212221,
00212221,
00212221,
00212221,
00202220,
001f211f,
001e201f,
001e1f1e,
001e1e1e,
001e201e,
001f201f,
00202120,
00202221,
00212222,
00222322,
00222323,
00222323,
00222323,
00222423,
00222423,
00232424,
00232424,
00232424,
00232524,
00242525,
00242525,
00232524,
00242524,
00232525,
00222424,
00232424,
00232425,
00222423,
00282927,
00282928,
00282928,
00282928,
00282928,
00292a28,
00282a29,
00292a29,
00292a29,
00282a29,
00292b29,
00292a29,
00292b29,
00292b2a,
002a2c2a,
002a2b2a,
002b2c2b,
002b2c2b,
002b2c2b,
002b2d2b,
002b2d2c,
002c2d2c,
002c2d2c,
002c2d2c,
002c2d2c,
002d2e2d,
002d2e2c,
002d2e2c,
002d2e2c,
002d2e2d,
002c2e2c,
002c2e2d,
002c2e2d,
002c2e2d,
002c2e2d,
002c2e2d,
002c2e2d,
002c2e2d,
002c2e2d,
002c2e2c,
002c2e2d,
002d2e2d,
002c2e2d,
002d2e2d,
002c2e2c,
002c2e2d,
002c2e2c,
002d2e2d,
002d2e2d,
002d2f2d,
002d2f2d,
002d2e2d,
002d2f2d,
002d2e2d,
002d2e2d,
002d2e2d,
002d2e2d,
002d2e2e,
002d2e2e,
002d2e2d,
002d2e2d,
002d2f2d,
002d2e2d,
002d2e2d,
002d2e2d,
002d2e2d,
002d2e2d,
002d2e2d,
002d2e2d,
002d2e2d,
002d2f2d,
002d2e2d,
002d2f2d,
002d2f2e,
002d2e2d,
002d2f2e,
002d2f2e,
002d2f2e,
002d2e2d,
002d2e2d,
002e2f2e,
002e2f2e,
002d2f2e,
002d2f2e,
002d2f2e,
002d2f2e,
002d2f2e,
002d2f2e,
002e2f2e,
002e2f2e,
002e2f2e,
002e2f2e,
002e302e,
002e302f,
002e302f,
002e302f,
002e2f2e,
002e2f2e,
002e2f2e,
002e2f2e,
002e2f2e,
002e2f2e,
002e2f2e,
002e2f2e,
002e2f2e,
002e302e,
002e2f2e,
002e2f2e,
002e302f,
002e302e,
002e302f,
002e302f,
002f302f,
002e2f2e,
002e2f2e,
002e2f2e,
002e2f2e,
002d2e2d,
002d2f2e,
002d2e2d,
002c2e2c,
002c2d2c,
002c2e2d,
002c2e2d,
002d2e2d,
002c2e2d,
002c2e2d,
002c2e2c,
002c2e2c,
002c2d2c,
002c2d2c,
002c2d2c,
002c2d2c,
002b2d2c,
002c2d2d,
00242424,
00262626,
00252627,
00262827,
00252727,
00262727,
00262727,
00262727,
00262727,
00262727,
00252726,
00252626,
00252626,
00252626,
00252626,
00252626,
00242525,
00252626,
00252626,
00242626,
00242625,
00242625,
00242625,
00242525,
00242525,
00242525,
00242525,
00242525,
00242525,
00242525,
00242525,
00232524,
00222423,
00222323,
00222323,
00222323,
00222323,
00222323,
00232423,
00242524,
00242524,
00242524,
00252624,
00262625,
00262625,
00272726,
00272726,
00272726,
00272827,
00282827,
00282a27,
00292a28,
002a2b29,
002b2c29,
002c2c2a,
002c2d2a,
002d2e2b,
002e2f2c,
002f302d,
0030312e,
00333430,
00363732,
00383a34,
003a3c37,
003d3f38,
003f3f3d,
003f3f3e,
002d2f2a,
002c2d29,
002c2d2a,
002a2c29,
00292b28,
00292a27,
00272926,
00262825,
00252724,
00242623,
00232523,
00232423,
00232423,
00232423,
00222423,
00222423,
00222422,
00232322,
00222322,
00212322,
00212221,
00212322,
00212221,
00212221,
00202221,
00202120,
001f201f,
001e1f1f,
001d1f1e,
001f1f1f,
001e201f,
001f201f,
001f211f,
00202120,
00212222,
00212322,
00222422,
00222323,
00222423,
00222423,
00222423,
00232424,
00232424,
00242524,
00232524,
00242524,
00242524,
00242524,
00232524,
00232525,
00232524,
00232524,
00252726,
00272927,
00272928,
00282928,
00282928,
00282928,
00282a28,
00292a29,
00282a29,
00292b29,
00292a29,
00292a29,
00292b29,
00292b29,
00292b2a,
002a2b2a,
002a2c2b,
002a2c2b,
002b2c2b,
002b2d2b,
002b2d2b,
002b2d2b,
002c2e2c,
002c2d2c,
002c2d2c,
002c2d2c,
002d2e2c,
002d2e2d,
002c2d2c,
002c2e2c,
002c2e2c,
002d2e2d,
002c2e2d,
002c2e2d,
002c2e2d,
002c2e2d,
002c2e2d,
002c2e2d,
002c2e2d,
002c2e2d,
002c2e2d,
002c2e2c,
002c2e2c,
002d2e2d,
002c2e2d,
002c2e2d,
002d2e2d,
002d2e2d,
002d2f2c,
002d2e2d,
002d2e2e,
002d2f2d,
002d2f2d,
002d2e2d,
002d2f2d,
002d2e2d,
002d2e2d,
002d2e2d,
002d2e2d,
002d2f2d,
002d2e2d,
002d2e2d,
002d2e2d,
002d2f2e,
002d2f2d,
002d2e2d,
002d2e2d,
002d2e2d,
002d2e2d,
002d2e2d,
002d2e2d,
002d2e2d,
002d2e2d,
002d2e2d,
002d2f2e,
002d2f2e,
002d2e2d,
002d2e2d,
002d2e2d,
002d2e2d,
002d2f2d,
002d2e2d,
002d2e2d,
002e2f2e,
002d2f2d,
002d2f2d,
002d2f2e,
002d2f2e,
002d2f2e,
002e2f2e,
002e2f2e,
002e2f2e,
002e2f2e,
002e2f2e,
002e2f2e,
002e2f2e,
002e302e,
002e302e,
002e302f,
002e2f2e,
002e2f2e,
002e2f2e,
002e2f2e,
002e2f2e,
002e2f2e,
002e2f2e,
002e2f2e,
002e2f2e,
002e2f2e,
002e2f2e,
002e2f2e,
002e302f,
002e302f,
002e302f,
002e302f,
002e302e,
002e2f2e,
002e302e,
002e2f2e,
002e2f2e,
002d2f2e,
002d2f2d,
002d2e2d,
002c2d2c,
002c2d2c,
002c2d2d,
002c2e2c,
002c2e2c,
002c2e2d,
002c2e2d,
002c2d2c,
002c2d2c,
002c2d2c,
002c2d2c,
002c2d2c,
002c2d2c,
002c2e2c,
002c2d2c,
002c2c2c,
00262626,
00262727,
00262727,
00262727,
00262727,
00262727,
00262727,
00262727,
00252726,
00252726,
00252626,
00252626,
00252626,
00252626,
00252626,
00252626,
00252626,
00242626,
00242625,
00242625,
00242525,
00242525,
00252525,
00242525,
00242525,
00242525,
00242525,
00242525,
00232424,
00232524,
00232424,
00222323,
00222323,
00222323,
00222323,
00222323,
00232423,
00232524,
00242524,
00242524,
00252624,
00252625,
00252625,
00262726,
00272726,
00272726,
00272726,
00282827,
00282927,
00292a28,
002a2b29,
002a2b29,
002c2c2a,
002d2d2a,
002d2d2a,
002d2e2b,
002f2f2c,
0030302d,
0032322f,
00343631,
00373934,
003a3c37,
003d3e38,
003e3f3a,
003f403f,
002c2f2a,
002b2c28,
002c2c29,
002a2c28,
00292b28,
00282a27,
00262826,
00262825,
00252724,
00232523,
00232522,
00232423,
00232423,
00232423,
00232423,
00222422,
00222423,
00222422,
00222321,
00222321,
00212322,
00212321,
00212221,
00212221,
00202220,
00202120,
001f201f,
001e1f1e,
001e1f1f,
001e201f,
001e201e,
001f201f,
001f201f,
00202120,
00212221,
00212321,
00212322,
00222322,
00222423,
00222423,
00232423,
00232524,
00232524,
00232423,
00232523,
00232424,
00232424,
00232424,
00242524,
00242424,
00242525,
00272827,
00272928,
00282928,
00282a28,
00272a28,
00282928,
00282a29,
00282a29,
00282a28,
00282a29,
00292a29,
00292b29,
00292a29,
00292b2a,
00292b2a,
002a2b2a,
002a2c2b,
002a2c2b,
002b2c2b,
002b2c2b,
002b2d2c,
002b2d2c,
002b2d2c,
002c2e2b,
002c2d2c,
002c2d2c,
002c2d2c,
002c2e2c,
002c2d2c,
002c2d2c,
002c2d2c,
002c2d2c,
002c2e2c,
002c2e2d,
002c2e2d,
002d2e2d,
002e2e2d,
002d2e2d,
002d2e2d,
002c2e2d,
002c2e2d,
002c2e2d,
002d2e2d,
002d2f2c,
002d2f2d,
002d2e2d,
002d2e2d,
002d2e2d,
002d2f2d,
002d2f2d,
002d2f2d,
002d2f2d,
002d2e2d,
002d2f2d,
002d2e2d,
002d2e2d,
002d2e2d,
002d2e2d,
002d2e2d,
002d2e2d,
002d2f2d,
002d2f2c,
002d2f2d,
002d2e2d,
002d2e2d,
002d2e2d,
002d2e2d,
002d2e2d,
002d2e2d,
002d2e2d,
002d2e2d,
002d2e2d,
002d2e2d,
002d2e2d,
002d2e2d,
002d2f2d,
002d2f2e,
002d2e2d,
002d2f2e,
002d2e2d,
002d2f2d,
002e2f2e,
002d2f2e,
002d2f2e,
002d2f2e,
002e2f2e,
002d2f2e,
002e2f2e,
002e2f2e,
002d2f2e,
002e2f2e,
002e2f2e,
002e2f2e,
002e302e,
002e2f2e,
002e2f2e,
002e2f2e,
002e2f2e,
002e2f2e,
002e302f,
002e302f,
002e2f2e,
002e302e,
002e2f2e,
002e302e,
002e2f2e,
002e2f2e,
002e302f,
002e302e,
002e2f2e,
002e2f2e,
002e2f2e,
002e2f2e,
002e2f2e,
002e302e,
002e302f,
002e302f,
002e302f,
002e302f,
002e302e,
002e2f2e,
002e2f2e,
002e302e,
002d2f2e,
002d2e2d,
002c2e2d,
002c2d2c,
002c2d2c,
002c2d2c,
002c2e2c,
002c2e2d,
002d2e2d,
002c2d2c,
002c2d2c,
002c2d2c,
002c2d2c,
002c2e2c,
002c2d2c,
002c2d2c,
002c2d2c,
002e2d2d,
00292828,
00272726,
00252627,
00252627,
00262727,
00262727,
00262727,
00262727,
00262727,
00252726,
00252626,
00252626,
00252626,
00252626,
00252626,
00252626,
00242625,
00242625,
00252626,
00242525,
00242525,
00242525,
00242525,
00242525,
00242525,
00232525,
00242525,
00242525,
00232424,
00232424,
00222323,
00212322,
00222322,
00222323,
00222323,
00222423,
00232523,
00232524,
00242524,
00252625,
00262625,
00262725,
00262625,
00272726,
00272726,
00272726,
00272726,
00282827,
00282a27,
002a2b29,
00292b28,
002c2c2a,
002d2d2a,
002d2d2a,
002e2e2b,
002e2f2c,
002f302d,
0031322e,
00333430,
00373834,
00393a35,
003c3e37,
003e3f3a,
003f3f3e,
002c2d29,
002b2c28,
002b2c29,
002a2c28,
00292a27,
00282a27,
00262825,
00252725,
00242624,
00232523,
00232522,
00232423,
00232423,
00232422,
00232423,
00222423,
00222422,
00222322,
00222322,
00212322,
00212322,
00212321,
00212221,
00212221,
00202120,
001f2120,
001e201f,
001e201e,
001f2020,
001e201f,
001e201e,
001e201f,
001f2120,
00202220,
00212221,
00212322,
00212322,
00222322,
00222423,
00222423,
00232423,
00232424,
00232424,
00232423,
00232423,
00232424,
00222424,
00222424,
00232424,
00272826,
00272827,
00272928,
00272928,
00272928,
00282928,
00272a28,
00282a28,
00282a29,
00282a29,
00282a28,
00282a29,
00292a29,
00292a29,
00292b2a,
002a2b2a,
002a2b2a,
002a2c2b,
002a2c2b,
002b2d2b,
002b2d2a,
002b2d2b,
002b2d2b,
002b2d2c,
002b2d2c,
002c2e2b,
002c2d2c,
002c2d2c,
002c2d2c,
002c2d2c,
002c2d2c,
002c2d2c,
002c2d2d,
002c2d2d,
002c2d2c,
002c2e2d,
002c2e2d,
002d2e2d,
002e2e2d,
002d2e2d,
002d2e2d,
002c2e2d,
002d2e2d,
002d2e2d,
002d2e2d,
002d2f2d,
002d2e2d,
002d2e2d,
002d2e2d,
002d2e2d,
002d2e2d,
002d2f2d,
002d2f2d,
002d2f2d,
002d2e2d,
002d2f2d,
002d2e2d,
002d2e2d,
002d2e2d,
002d2e2d,
002d2e2d,
002d2e2d,
002d2e2e,
002d2f2d,
002d2e2d,
002d2e2d,
002d2e2d,
002d2e2d,
002d2e2d,
002d2e2d,
002d2e2d,
002d2e2d,
002d2e2d,
002d2e2d,
002d2e2d,
002d2e2d,
002d2e2d,
002d2e2d,
002d2e2d,
002d2e2d,
002d2e2d,
002d2e2d,
002d2e2d,
002d2e2d,
002d2f2d,
002d2f2d,
002e2f2e,
002d2f2e,
002d2f2e,
002d2f2e,
002e2f2e,
002e302e,
002e2f2e,
002e2f2e,
002e2f2e,
002e2f2e,
002e2f2e,
002e2f2e,
002e2f2e,
002e2f2e,
002e2f2e,
002e2f2e,
002e302e,
002e302e,
002e2f2e,
002e2f2e,
002e2f2e,
002e2f2e,
002e2f2e,
002e302e,
002e2f2e,
002f302e,
002f302e,
002e2f2e,
002e2f2e,
002e2f2e,
002e2f2e,
002e302e,
002e302f,
002e302f,
002e302f,
002e302e,
002e2f2e,
002e2f2e,
002d2f2e,
002e2f2e,
002d2f2e,
002d2f2d,
002d2e2d,
002c2e2d,
002c2d2c,
002c2d2c,
002c2d2c,
002c2e2c,
002c2e2c,
002c2e2d,
002c2d2c,
002c2d2c,
002c2d2c,
002c2d2c,
002c2d2c,
002d2e2d,
002d2d2c,
002c2d2c,
002c2d2c,
00252625,
00262726,
00262727,
00262727,
00262727,
00262727,
00262727,
00262727,
00262727,
00252626,
00242626,
00252626,
00252626,
00252626,
00242625,
00242625,
00252626,
00242525,
00242525,
00242525,
00242525,
00242525,
00242525,
00232525,
00242525,
00232525,
00232424,
00232424,
00232423,
00222323,
00222322,
00212222,
00222323,
00222323,
00232424,
00232523,
00242524,
00252524,
00252625,
00262625,
00262625,
00272726,
00272726,
00272726,
00282726,
00272726,
00282927,
00292b28,
002a2b29,
002c2c29,
002d2d2b,
002d2e2b,
002e2f2c,
002e2e2b,
002f2f2c,
0030312d,
0032332f,
00363733,
00383a34,
003b3c36,
003d3e38,
003f403c,
002b2c28,
002a2c28,
002a2b28,
00292b28,
00282a28,
00272926,
00262825,
00252724,
00242623,
00242523,
00232523,
00232522,
00232422,
00232423,
00232423,
00222423,
00222322,
00222422,
00232322,
00212322,
00212322,
00212221,
00212221,
00202221,
00202120,
001f2120,
001f201f,
001f201f,
001f201f,
001f2020,
001f201e,
001f201f,
00202120,
00202221,
00212221,
00212321,
00222322,
00222322,
00222423,
00222423,
00232423,
00232424,
00232424,
00222423,
00222424,
00222424,
00232424,
00232524,
00272827,
00272927,
00272928,
00272928,
00282a28,
00282a28,
00282928,
00282928,
00292a29,
00292a29,
00282a29,
00292a29,
00292a29,
00292b29,
00292b2a,
002a2b2a,
002a2c2a,
002a2c2b,
002a2c2b,
002a2c2a,
002b2c2b,
002b2c2b,
002b2c2b,
002b2d2b,
002b2d2c,
002c2d2c,
002c2d2c,
002b2d2c,
002c2d2c,
002d2e2c,
002d2d2c,
002c2d2c,
002c2d2c,
002c2e2b,
002c2e2b,
002c2d2c,
002d2e2c,
002d2e2d,
002c2e2c,
002c2e2c,
002c2e2d,
002c2e2d,
002c2e2d,
002c2e2c,
002c2e2d,
002d2e2d,
002d2e2d,
002d2e2d,
002d2e2d,
002d2f2d,
002d2f2d,
002d2e2d,
002d2e2d,
002d2e2d,
002d2e2d,
002d2e2d,
002d2f2d,
002d2e2d,
002d2e2d,
002d2f2d,
002d2f2d,
002d2e2d,
002d2e2d,
002d2e2d,
002d2e2d,
002d2e2d,
002d2e2d,
002d2e2d,
002d2e2d,
002d2e2d,
002d2e2d,
002d2e2d,
002d2e2d,
002d2e2d,
002d2e2d,
002d2e2d,
002d2e2d,
002d2e2d,
002d2e2d,
002d2e2d,
002d2e2d,
002d2e2d,
002d2e2d,
002d2e2d,
002d2e2d,
002d2e2d,
002d2e2d,
002d2e2d,
002d2f2e,
002d2f2d,
002d2f2e,
002d2f2e,
002d2f2e,
002e2f2e,
002e2f2e,
002e2f2e,
002e2f2e,
002e2f2e,
002e2f2e,
002e2f2e,
002e2f2e,
002e2f2e,
002e2f2e,
002e2f2e,
002e2f2e,
002e2f2e,
002e2f2e,
002d2f2e,
002e2f2e,
002e2f2e,
002e2f2e,
002e2f2e,
002e2f2e,
002f302e,
002e302f,
002e302e,
002e302f,
002e302e,
002e2f2e,
002e302e,
002e302f,
002e302f,
002e302f,
002e2f2e,
002e2f2e,
002d2f2d,
002d2f2e,
002d2f2d,
002d2f2e,
002d2f2e,
002d2f2d,
002d2e2d,
002c2e2c,
002c2e2c,
002c2d2c,
002c2d2c,
002c2d2c,
002c2e2c,
002c2d2c,
002c2d2c,
002c2d2c,
002c2d2c,
002c2d2c,
002c2d2c,
002c2d2c,
002c2d2c,
002d2d2c,
002a2a29,
00262626,
00252626,
00252726,
00262727,
00252726,
00262727,
00262626,
00252726,
00242626,
00252726,
00252626,
00242625,
00252626,
00242625,
00242625,
00242525,
00242525,
00242525,
00242525,
00242525,
00242524,
00232525,
00242525,
00242525,
00232524,
00232424,
00222323,
00222323,
00212322,
00212322,
00222323,
00222323,
00222423,
00232423,
00232524,
00242524,
00252625,
00262725,
00262726,
00262726,
00262726,
00272726,
00272726,
00272826,
00272926,
002a2a28,
002b2c29,
002b2c2a,
002c2d2a,
002e2e2b,
002f2f2c,
002e2f2c,
002f302c,
0030302d,
0031322e,
00343631,
00373933,
003a3c36,
003d3e38,
003e403a,
002b2c28,
002a2b27,
002a2b28,
00292a28,
00282a27,
00272926,
00262825,
00242624,
00242523,
00242522,
00232423,
00232522,
00232423,
00232522,
00222422,
00222322,
00222322,
00222422,
00232322,
00212322,
00212322,
00212321,
00212221,
00202221,
00202120,
001f2120,
001f211f,
001f201f,
001f201f,
001f2020,
001f201f,
0020211f,
00202121,
00202121,
00202221,
00212322,
00222322,
00222422,
00222423,
00222423,
00232423,
00232424,
00232424,
00222424,
00222424,
00222423,
00262726,
00272827,
00272928,
00272928,
00262927,
00272a28,
00282a28,
00282928,
00282928,
00282928,
00292a29,
00292a29,
00292b29,
00292a29,
00292b29,
002a2b2a,
002a2b2a,
002a2b2a,
002a2c2a,
002a2c2b,
002a2c2b,
002b2c2b,
002b2c2b,
002b2c2b,
002b2d2b,
002b2d2b,
002b2d2c,
002c2d2c,
002c2d2c,
002c2d2c,
002b2d2c,
002d2d2c,
002c2d2c,
002c2d2c,
002c2d2c,
002c2e2b,
002d2e2c,
002d2e2b,
002d2e2d,
002d2e2d,
002d2e2c,
002d2e2c,
002c2e2d,
002c2e2d,
002c2e2d,
002c2e2c,
002d2e2d,
002d2e2d,
002d2e2d,
002d2f2d,
002d2e2e,
002d2f2d,
002e2e2c,
002e2e2d,
002d2e2d,
002d2e2d,
002d2e2d,
002d2e2d,
002d2e2d,
002d2e2d,
002d2e2d,
002d2f2d,
002d2f2d,
002d2e2d,
002d2e2d,
002d2e2d,
002d2e2d,
002d2e2d,
002d2e2d,
002d2e2d,
002d2e2d,
002d2e2d,
002d2e2d,
002d2e2d,
002d2e2d,
002d2e2d,
002d2e2d,
002d2e2d,
002d2e2d,
002d2e2d,
002d2e2d,
002d2e2d,
002d2e2d,
002d2e2d,
002d2e2d,
002d2e2d,
002d2e2d,
002d2e2d,
002d2e2d,
002d2e2d,
002d2f2d,
002d2e2d,
002d2f2e,
002e2f2e,
002d2f2e,
002e2f2e,
002e2f2e,
002e2f2e,
002e2f2e,
002e2f2e,
002e2f2e,
002e2f2e,
002e2f2e,
002e2f2e,
002e2f2e,
002e2f2e,
002e2f2e,
002e2f2e,
002e2f2e,
002e2f2e,
002e2f2e,
002e2f2e,
002e2f2e,
002e2f2e,
002e2f2e,
002e2f2e,
002e302f,
002e302e,
002f302f,
002f302f,
002e302e,
002e2f2e,
002e2f2e,
002e302e,
002e302e,
002e302e,
002e2f2e,
002e2f2e,
002d2f2e,
002d2f2d,
002d2e2d,
002d2f2d,
002d2f2d,
002d2f2e,
002d2f2d,
002d2e2d,
002c2e2d,
002c2e2d,
002c2d2c,
002c2d2c,
002c2d2c,
002c2d2c,
002c2d2c,
002b2d2c,
002c2d2c,
002c2d2c,
002c2d2c,
002c2d2c,
002c2d2c,
002c2d2c,
002d2d2c,
00252626,
00252726,
00252726,
00262727,
00262727,
00262626,
00252626,
00252727,
00242626,
00252626,
00252626,
00252626,
00252626,
00242625,
00242525,
00242525,
00242525,
00242525,
00242525,
00242524,
00242525,
00232524,
00232424,
00232424,
00232424,
00222423,
00222323,
00222323,
00212322,
00222323,
00222322,
00222423,
00232423,
00232524,
00242524,
00242625,
00252625,
00252625,
00262725,
00252725,
00262726,
00272726,
00272826,
00272827,
00292a27,
002b2b29,
002b2c2a,
002c2d2a,
002d2e2b,
002e2f2c,
002f302d,
0030302d,
0030312e,
0030312d,
0031332e,
00363833,
003a3b35,
003c3d38,
003e3f39,
002a2b28,
00292a27,
002a2a27,
00292a27,
00282926,
00272925,
00252725,
00242624,
00242523,
00242522,
00242522,
00242523,
00252523,
00232522,
00222423,
00222322,
00222322,
00222322,
00222322,
00212321,
00212322,
00212321,
00212221,
00202221,
00202120,
00202120,
001f211f,
001f201f,
001f201f,
001f2020,
001f201f,
001f201f,
0020201f,
00202121,
00212222,
00212322,
00222422,
00222422,
00222422,
00222423,
00222423,
00232423,
00222424,
00232424,
00242424,
00262726,
00272827,
00272928,
00272928,
00262928,
00272928,
00272a28,
00272a28,
00282a28,
00282a28,
00282a28,
00282a29,
00292a29,
00292a29,
00292b2a,
00292b2a,
002a2b2a,
002a2b2a,
002a2b2a,
002a2c2a,
002a2c2b,
002a2c2b,
002a2c2b,
002b2c2b,
002b2c2b,
002c2d2c,
002b2d2c,
002b2d2c,
002c2d2c,
002b2d2c,
002b2d2c,
002b2d2c,
002d2d2b,
002c2d2c,
002c2d2c,
002c2d2c,
002d2e2c,
002c2e2c,
002d2e2c,
002d2e2d,
002d2e2d,
002d2e2c,
002d2e2c,
002c2e2d,
002d2e2e,
002c2e2c,
002c2e2c,
002d2f2c,
002d2e2d,
002d2e2e,
002d2e2e,
002d2e2d,
002d2f2c,
002e2e2d,
002e2e2d,
002d2e2d,
002d2e2d,
002d2e2d,
002d2e2d,
002d2e2d,
002d2e2d,
002d2e2d,
002d2e2d,
002d2e2e,
002d2e2d,
002d2e2d,
002d2e2d,
002c2e2d,
002c2e2d,
002c2e2d,
002c2e2d,
002c2e2d,
002d2e2d,
002d2e2d,
002d2e2d,
002d2e2d,
002c2e2d,
002d2e2d,
002c2e2d,
002d2e2d,
002d2e2d,
002d2e2d,
002d2e2d,
002d2e2d,
002d2e2d,
002c2e2d,
002d2e2d,
002d2e2d,
002d2e2d,
002c2e2d,
002d2e2d,
002e2e2d,
002d2e2d,
002d2e2d,
002d2f2e,
002d2f2e,
002d2f2d,
002e2f2e,
002e2f2e,
002e302e,
002e2f2e,
002e2f2e,
002e2f2e,
002e2f2e,
002e2f2e,
002e2f2e,
002e2f2e,
002e302e,
002e302e,
002e2f2e,
002e2f2e,
002e2f2e,
002e2f2e,
002e2f2e,
002e2f2e,
002f2f2e,
002e2f2e,
002e2f2e,
002e2f2e,
002f302e,
002f302e,
002f302e,
0030302f,
002e2f2f,
002e2f2e,
002e2f2e,
002e2f2e,
002e302e,
002e2f2e,
002e2f2e,
002e2e2d,
002d2f2d,
002d2f2d,
002d2e2d,
002d2e2d,
002d2e2d,
002d2e2d,
002d2e2d,
002d2e2d,
002d2e2d,
002c2d2c,
002b2d2b,
002b2d2c,
002b2d2c,
002c2d2c,
002c2d2c,
002c2d2c,
002c2d2c,
002c2d2c,
002c2d2c,
002b2d2c,
002c2d2c,
002b2c2b,
002b2a2a,
00262626,
00262626,
00262727,
00252726,
00252726,
00252626,
00252626,
00252626,
00252626,
00252626,
00252626,
00252626,
00242525,
00242525,
00242525,
00242525,
00242525,
00242525,
00242524,
00232524,
00232424,
00232424,
00232424,
00232424,
00222323,
00222323,
00222323,
00222323,
00222323,
00232424,
00232424,
00242525,
00252524,
00262625,
00262625,
00252625,
00262725,
00272726,
00272826,
00272726,
00272726,
00282826,
00282927,
00292b29,
002b2d2a,
002c2d29,
002e2e2b,
002f2f2c,
002f302d,
002f302d,
0030312d,
0031322e,
0032332f,
00353732,
00373a34,
003b3d37,
003d3e37,
00292a27,
00292a27,
00292a27,
00292926,
00272926,
00262825,
00252725,
00242623,
00242523,
00242523,
00242523,
00232522,
00242523,
00232522,
00222423,
00222422,
00222322,
00222322,
00222322,
00212321,
00212322,
00212221,
00212221,
00202220,
00202220,
00202120,
001f2120,
001f201f,
001e201f,
001f201f,
001e201f,
001e1f1f,
001f1f1f,
00202120,
00202221,
00222322,
00222323,
00222322,
00222423,
00222423,
00232523,
00232523,
00232424,
00242524,
00262827,
00262827,
00272827,
00272928,
00272928,
00272928,
00272928,
00272a28,
00272a28,
00282a28,
00282a28,
00292a29,
00292a29,
00292b2a,
00292b2a,
00292b2a,
00292b2a,
002a2b2a,
002a2b2a,
002a2b2a,
002a2c2a,
002a2c2b,
002a2c2b,
002a2c2b,
002b2c2b,
002c2d2b,
002c2d2c,
002b2d2c,
002b2d2c,
002d2d2c,
002c2d2c,
002b2d2c,
002c2d2c,
002d2d2b,
002c2d2b,
002c2d2c,
002c2d2c,
002d2d2d,
002c2e2c,
002c2d2c,
002d2e2c,
002d2e2c,
002d2e2d,
002d2e2d,
002c2e2d,
002d2e2d,
002c2e2c,
002c2e2c,
002c2e2c,
002d2e2d,
002d2f2d,
002d2f2c,
002c2e2c,
002d2f2d,
002d2e2d,
002d2e2d,
002c2e2c,
002d2e2d,
002d2e2d,
002d2e2d,
002c2e2d,
002c2e2d,
002c2e2c,
002c2e2c,
002c2e2c,
002c2e2c,
002c2e2c,
002c2e2c,
002c2d2c,
002c2e2c,
002c2e2c,
002c2d2c,
002c2e2c,
002c2d2c,
002c2e2c,
002c2e2c,
002c2e2c,
002c2e2c,
002c2e2c,
002c2d2c,
002c2e2c,
002c2e2c,
002c2e2c,
002c2e2d,
002c2e2c,
002c2e2c,
002d2e2d,
002c2e2d,
002c2e2c,
002c2e2c,
002c2e2d,
002c2e2d,
002d2e2d,
002d2e2d,
002d2e2d,
002d2e2d,
002d2f2d,
002d2f2d,
002d2f2e,
002d2f2e,
002d2f2e,
002e2f2e,
002e2f2e,
002e2f2e,
002e2f2e,
002e2f2e,
002e2f2e,
002e2f2e,
002e2f2e,
002e2f2e,
002d2f2e,
002e2f2e,
002e2f2e,
002e2f2e,
002e2f2e,
002f2f2e,
002f2f2e,
002e2f2e,
002e2f2e,
002e2f2e,
002e2f2e,
002e302e,
002f302f,
002f302f,
002f302f,
0030302f,
002f302e,
002e2f2e,
002e2f2e,
002e2f2e,
002e2f2e,
002e2f2e,
002d2f2e,
002d2f2e,
002d2f2d,
002d2e2d,
002d2e2d,
002d2e2d,
002d2e2d,
002d2e2d,
002d2e2d,
002c2e2d,
002c2d2c,
002b2d2b,
002b2d2c,
002c2d2c,
002b2d2c,
002b2d2c,
002c2d2c,
002c2d2c,
002c2d2c,
002c2d2c,
002c2d2c,
002c2c2b,
002b2c2b,
002b2c2b,
00252626,
00252626,
00252726,
00252626,
00252626,
00252626,
00252626,
00252626,
00252626,
00252626,
00252626,
00252626,
00242525,
00242525,
00242525,
00242525,
00242525,
00242524,
00242524,
00232424,
00232424,
00232424,
00222423,
00222323,
00222323,
00222323,
00222323,
00222323,
00222423,
00232424,
00232524,
00242524,
00252625,
00262625,
00252625,
00262725,
00262726,
00262726,
00272826,
00272726,
00282826,
00282826,
00282a28,
002b2d2a,
002d2d2a,
002d2e2b,
002e2f2c,
002f302d,
002f302d,
0030312d,
0031322e,
0033332f,
00353631,
00373934,
003b3d36,
003c3e37,
00292a27,
00292a27,
00292926,
00272926,
00262825,
00262825,
00242624,
00242523,
00242423,
00242423,
00242423,
00242623,
00232523,
00222422,
00222322,
00222422,
00222322,
00222322,
00212322,
00212322,
00212322,
00212221,
00212221,
00212221,
00202221,
00202220,
00202120,
001e201f,
001e201e,
001f1f1e,
001d1e1e,
001e1e1e,
001f1f1f,
00202020,
00202220,
00212322,
00222323,
00222423,
00222423,
00222423,
00232422,
00232423,
00262726,
00262827,
00262827,
00272827,
00272827,
00282927,
00272928,
00262927,
00272928,
00272a28,
00282928,
00282a28,
00282a28,
00292a29,
00292a29,
00292b29,
00292b2a,
00292b2a,
002a2b2a,
002a2b2a,
002a2b2a,
002a2b2a,
002a2c2b,
002a2c2b,
002a2c2b,
002a2c2a,
002b2c2b,
002b2c2b,
002b2d2b,
002b2d2b,
002b2d2c,
002d2d2c,
002c2d2c,
002b2d2c,
002d2d2c,
002c2d2c,
002c2d2d,
002c2d2c,
002c2d2c,
002c2d2c,
002c2e2b,
002c2e2c,
002c2e2d,
002c2e2d,
002c2e2d,
002d2e2e,
002c2e2d,
002c2e2d,
002c2e2d,
002c2e2c,
002c2e2c,
002c2e2d,
002c2e2d,
002c2e2c,
002c2e2c,
002c2d2c,
002c2e2c,
002c2d2c,
002c2d2c,
002c2e2c,
002c2e2c,
002c2e2c,
002c2e2d,
002c2d2c,
002c2e2b,
002c2d2c,
002c2d2c,
002c2d2c,
002c2d2c,
002b2d2c,
002b2d2c,
002c2e2b,
002b2d2c,
002b2d2c,
002c2d2c,
002c2d2c,
002c2e2c,
002c2d2c,
002c2d2c,
002c2d2c,
002c2d2c,
002c2d2c,
002c2d2c,
002c2e2c,
002b2d2c,
002c2d2c,
002c2e2c,
002c2d2c,
002b2d2c,
002b2d2c,
002c2d2c,
002c2d2c,
002c2d2c,
002c2d2c,
002c2e2c,
002c2e2d,
002c2e2d,
002d2e2d,
002d2e2d,
002d2e2d,
002d2f2d,
002d2f2d,
002d2f2d,
002d2f2e,
002d2f2e,
002e2f2e,
002e2f2e,
002e2f2e,
002e302e,
002e2f2e,
002e2f2e,
002e2f2e,
002e2f2e,
002d2f2e,
002e2f2e,
002e2f2e,
002e2f2e,
002f2f2e,
00302f2e,
002f2f2e,
002e2f2e,
002e2f2e,
002e2f2e,
002e2f2e,
002f302f,
002e302e,
002e302e,
002f302e,
002f302f,
002f2f2e,
002e2f2e,
002e302e,
002e2f2e,
002e302e,
002e2f2e,
002e2f2e,
002d2f2e,
002d2f2d,
002d2e2d,
002d2e2d,
002d2e2d,
002d2e2d,
002d2e2d,
002c2e2c,
002c2e2c,
002c2d2c,
002b2d2c,
002b2c2b,
002b2c2b,
002b2d2b,
002c2d2c,
002c2d2c,
002b2d2c,
002c2d2c,
002b2d2c,
002b2d2b,
002b2d2b,
002b2c2b,
002c2c2b,
00292928,
00262626,
00252626,
00252626,
00252626,
00252626,
00252726,
00252626,
00252626,
00252626,
00242626,
00252626,
00242525,
00242525,
00252525,
00242525,
00242525,
00242525,
00232424,
00232424,
00222323,
00222323,
00222323,
00222323,
00222323,
00222322,
00222322,
00222423,
00232424,
00232524,
00242524,
00252625,
00252625,
00262625,
00262625,
00252625,
00262726,
00262726,
00272726,
00272827,
00282826,
00282927,
002a2c29,
002c2d2a,
002d2e2b,
002e2f2c,
002f302d,
0030312e,
0030312d,
0031322e,
0032332f,
0033342f,
00363732,
003a3c36,
003c3e38,
00292a27,
00282926,
00292a27,
00282825,
00262825,
00252724,
00232523,
00232523,
00232424,
00242422,
00252523,
00232522,
00232422,
00222422,
00222322,
00212422,
00222322,
00222322,
00222322,
00212322,
00212322,
00212221,
00212221,
00212221,
00202221,
00202120,
001f211f,
001f201f,
001e1f1e,
001e1e1d,
001d1e1d,
001e1e1e,
001f1f1f,
00202020,
00202220,
00212321,
00222323,
00222323,
00222323,
00222323,
00232423,
00262826,
00262827,
00262927,
00262827,
00272827,
00272827,
00272827,
00272928,
00272928,
00272a28,
00282a28,
00292a29,
00292a29,
00292a29,
00292a29,
00292a29,
00292b29,
00292b2a,
002a2b2a,
002a2b2a,
002a2b2a,
002a2c2a,
002a2c2a,
002a2c2b,
002a2c2b,
002a2c2b,
002a2c2b,
002a2c2a,
002b2d2b,
002b2d2b,
002b2d2c,
002b2d2c,
002d2d2c,
002c2d2b,
002b2d2c,
002d2d2c,
002c2d2b,
002c2d2c,
002c2d2c,
002c2d2c,
002c2d2d,
002c2d2c,
002c2e2b,
002c2d2c,
002c2e2c,
002c2e2c,
002c2d2d,
002c2d2c,
002c2d2c,
002c2d2d,
002c2e2b,
002c2d2c,
002c2d2d,
002c2d2c,
002c2e2b,
002c2d2d,
002c2d2c,
002c2d2c,
002c2d2c,
002b2d2c,
002c2d2c,
002c2e2b,
002c2e2b,
002c2d2c,
002b2d2c,
002b2d2b,
002b2e2c,
002b2d2c,
002a2e2d,
002a2e2d,
002b2e2d,
002b2e2d,
002b2f2c,
002b2e2d,
002b2f2e,
002b2f2e,
002c302f,
002b2f2e,
002c302f,
002c2f2e,
002d302f,
002c302f,
002b2f2e,
002b2f2e,
002c2f2e,
002b2e2d,
002d2f2d,
002c2e2e,
002b2d2d,
002b2e2c,
002c2d2c,
002c2d2c,
002c2d2c,
002c2e2c,
002c2e2c,
002c2e2d,
002c2e2d,
002c2e2d,
002d2e2d,
002d2e2d,
002d2e2d,
002d2e2d,
002d2e2d,
002d2e2d,
002d2e2d,
002d2f2d,
002d2f2d,
002d2f2d,
002e2f2e,
002d2f2e,
002d2f2e,
002e2f2e,
002e2f2e,
002e2f2e,
002e2f2e,
002d2f2e,
002d2f2e,
002e2f2e,
002f2f2e,
002e2f2e,
002e302e,
002e2f2e,
002e2f2e,
002e2f2e,
002e302e,
002e302e,
002e302f,
002e302f,
002f302e,
002f302e,
002e302e,
002e302f,
002f302f,
002f302e,
002e2f2e,
002e2f2e,
002d2f2e,
002d2f2e,
002d2f2e,
002d2f2e,
002d2f2e,
002d2e2d,
002d2e2d,
002c2e2d,
002c2e2d,
002d2e2d,
002c2e2d,
002c2d2c,
002c2d2c,
002b2d2b,
002a2d2b,
002b2d2c,
002c2d2c,
002c2d2b,
002d2d2c,
002d2d2c,
002c2d2c,
002c2c2b,
002b2c2b,
002b2d2b,
002c2c2b,
002d2d2c,
00252525,
00252626,
00252626,
00252626,
00252626,
00252626,
00252626,
00252626,
00242626,
00252626,
00242625,
00242524,
00252525,
00242525,
00242525,
00242525,
00232424,
00232424,
00222323,
00222323,
00222323,
00222323,
00222323,
00222322,
00222323,
00222323,
00232424,
00232424,
00242524,
00242524,
00252625,
00262625,
00262726,
00262726,
00272726,
00282726,
00272726,
00272827,
00282827,
00282826,
002a2b29,
002b2c2b,
002c2d2a,
002d2e2b,
002f302d,
0030312e,
0030312e,
0031322f,
0032332f,
0033342f,
00363733,
00393b35,
003c3e37,
00292a27,
00292926,
00292926,
00272825,
00272825,
00252624,
00252523,
00232522,
00242523,
00242522,
00242523,
00222422,
00232422,
00222322,
00222322,
00222322,
00222322,
00222322,
00212321,
00212321,
00212322,
00212321,
00212221,
00202221,
00202221,
00202120,
001f2120,
001e201f,
001d1f1d,
001f1e1d,
001d1e1c,
001e1f1d,
00201f1e,
001f201f,
00202221,
00212321,
00212322,
00222323,
00222423,
00232524,
00252726,
00262827,
00262827,
00262827,
00262827,
00262927,
00262927,
00272928,
00272928,
00272928,
00282928,
00282a29,
00292a29,
00292a29,
00292a29,
00292a29,
00292b2a,
00292b2a,
00292b2a,
002a2b2a,
002a2b2a,
002a2b2a,
002a2b2a,
002a2b2a,
002a2b2a,
002a2b2a,
002a2c2b,
002a2c2b,
002b2c2b,
002b2c2b,
002b2d2b,
002b2d2b,
002c2d2c,
002b2d2c,
002b2d2c,
002b2d2b,
002b2d2b,
002b2d2b,
002c2e2b,
002c2d2c,
002c2d2c,
002c2d2c,
002c2d2c,
002c2d2c,
002c2d2c,
002c2d2b,
002c2d2c,
002c2d2c,
002b2d2c,
002c2d2c,
002c2d2c,
002c2d2c,
002b2d2c,
002d2d2c,
002b2d2b,
002a2c2b,
002c2d2d,
002a2d2b,
002a2d2c,
002a2d2c,
00292d2b,
00292e2d,
002b2f2e,
002a2f2e,
00262b29,
00222524,
00202220,
001e1d1d,
001a1919,
00191718,
00191717,
00181716,
00171615,
00191717,
00181616,
001b1818,
001c1919,
001c1a19,
001d1a19,
001d1a1a,
001e1b1b,
001c1919,
001b1918,
001a1817,
001a1918,
00191817,
00181717,
00181717,
00181818,
00191919,
00201c1d,
00222121,
00212522,
00292c2a,
002a2e2d,
002d3130,
002b2f2e,
002c302f,
002b2f2e,
002a2d2c,
002b2d2d,
002c2d2c,
002e2e2d,
002c2e2c,
002d2e2d,
002e2e2d,
002c2e2d,
002d2e2d,
002d2e2d,
002e2f2e,
002d2f2d,
002e2f2d,
002e2f2d,
002d2f2d,
002d2f2d,
002d2f2e,
002d2f2e,
002d2f2e,
002d2f2d,
002e2f2e,
002f2f2e,
002e2f2e,
002e2f2e,
002e2f2e,
002e2f2e,
002e2f2e,
002e2f2e,
002e2f2e,
002f302f,
002f302f,
0030302e,
002f302e,
002e302e,
002f302f,
002f3030,
002e2f2e,
002e2f2e,
002d2f2e,
002d2f2e,
002d2f2e,
002e2f2e,
002d2f2e,
002d2f2e,
002d2e2d,
002d2e2d,
002c2e2d,
002c2e2d,
002c2e2d,
002c2e2c,
002c2d2c,
002b2d2c,
002b2c2b,
002b2c2b,
002b2c2b,
002b2d2c,
002c2d2c,
002d2d2c,
002c2d2c,
002b2d2b,
002b2c2b,
002b2c2b,
002b2c2b,
002b2c2b,
002c2c2b,
00262625,
00252625,
00262627,
00252626,
00252626,
00242625,
00252626,
00242625,
00252626,
00242625,
00242525,
00242525,
00242525,
00242625,
00242525,
00232524,
00232424,
00222323,
00222323,
00222323,
00222323,
00222323,
00222323,
00222323,
00232323,
00232323,
00232424,
00242525,
00242524,
00262625,
00262625,
00262625,
00272726,
00272726,
00272726,
00272827,
00282827,
00272827,
00272827,
00292a27,
002b2c2a,
002c2c2a,
002c2e2b,
002e2f2c,
002f302d,
0031322f,
0031312e,
00333330,
00343430,
00363732,
00383934,
003a3c36,
00292a27,
00282926,
00272825,
00272825,
00262724,
00252523,
00252423,
00242523,
00242523,
00232523,
00232423,
00222323,
00232323,
00222322,
00222322,
00222322,
00222322,
00222322,
00212322,
00212321,
00212322,
00212322,
00212221,
00202221,
00202220,
00202120,
001f211f,
001e1f1e,
001d1f1d,
001d1e1d,
001d1e1d,
001d1e1e,
001f1f1f,
001f2020,
00212222,
00212222,
00222322,
00212321,
00252625,
00252726,
00252725,
00262827,
00262827,
00262827,
00262827,
00262927,
00262927,
00272928,
00282928,
00282928,
00292a29,
00282a29,
00292b29,
00292a29,
00292a29,
00292b29,
00292b2a,
00292b2a,
002a2b2a,
002a2b2a,
002a2b2a,
002a2b2a,
002a2b2a,
00292b2a,
002a2b2a,
002a2c2a,
002a2c2b,
002b2c2b,
002b2c2b,
002b2c2b,
002b2d2b,
002b2d2b,
002b2d2b,
002b2d2b,
002b2d2c,
002b2d2c,
002b2d2c,
002b2d2c,
002b2d2b,
002b2c2c,
002b2d2b,
002b2d2b,
002b2d2c,
002c2d2c,
002b2d2c,
002b2d2c,
002c2d2b,
002c2d2b,
002b2d2c,
002b2d2b,
002b2d2c,
002b2d2c,
00292d2c,
002a2e2c,
002b2e2d,
00282b2a,
00222524,
001e1e1e,
001a1819,
00171616,
00181717,
001d1a1a,
00232222,
00252625,
002a2b2b,
002e2e2d,
002f2e2e,
002d2d2d,
002c2c2c,
002c2a2b,
002c2b2b,
002a2b2a,
00282a29,
00282a29,
00292b2a,
00292b29,
002a2c2a,
00292b2a,
00292b2a,
002a2b2a,
002a2b2a,
00292a29,
00292a29,
00292b29,
002a2b2a,
002a2b2a,
002a2b2b,
002a2b2b,
002b2d2c,
002d2e2e,
002c2f2e,
002d302e,
0031302f,
002d2c2c,
00272727,
00222222,
001d1c1b,
001b1918,
00171616,
001b1819,
001d1d1d,
00232524,
00292c2b,
002c2f2f,
002c312f,
002b2f2e,
002b2e2d,
002b2e2c,
002c2e2d,
002d2e2d,
002d2e2d,
002c2e2d,
002d2e2d,
002d2e2d,
002c2e2d,
002d2e2d,
002d2e2d,
002d2e2d,
002d2e2d,
002d2f2d,
002e2f2e,
002e2f2e,
002d2f2d,
002d2f2e,
002e2f2e,
002e2f2e,
002e2f2e,
002f2f2e,
002f2f2f,
002f302f,
002f302e,
002e302e,
002e302e,
002f302f,
002f302f,
002f302f,
002f302e,
002e2f2e,
002d2f2e,
002d2f2e,
002d2f2e,
002d2f2e,
002d2f2e,
002d2f2e,
002d2e2d,
002d2e2d,
002c2e2d,
002c2e2d,
002c2e2d,
002c2e2d,
002c2d2c,
002b2d2c,
002b2d2c,
002b2c2b,
002a2c2b,
002b2c2b,
002b2c2b,
002d2d2c,
002b2c2b,
002b2c2b,
002b2c2b,
002a2c2b,
002b2d2b,
002a2c2a,
002b2c2b,
00282828,
00252626,
00252626,
00252726,
00252626,
00252626,
00252626,
00242525,
00242525,
00242525,
00242525,
00242525,
00242525,
00242525,
00232524,
00232424,
00222323,
00222323,
00222323,
00222323,
00222323,
00222323,
00222423,
00232423,
00232423,
00242424,
00242525,
00242525,
00252625,
00242624,
00252625,
00272726,
00272726,
00272726,
00272726,
00282827,
00272827,
00272827,
00282927,
002a2b29,
002b2c2a,
002c2d2b,
002d2e2b,
002f302d,
0031322f,
0030312e,
00323330,
00333430,
00343530,
00373833,
00393b35,
00282825,
00272825,
00262825,
00252724,
00262624,
00242523,
00242522,
00242523,
00232523,
00232423,
00222422,
00242322,
00242322,
00222322,
00222322,
00222322,
00222322,
00222322,
00212322,
00212321,
00222322,
00212321,
00212221,
00202221,
00202220,
00202120,
001f201f,
001e1f1e,
001d1f1d,
001d1e1d,
001d1e1d,
001d1f1e,
001e1f1f,
001f2020,
00202121,
00212222,
00222222,
00242625,
00252625,
00252726,
00252726,
00262726,
00262827,
00262827,
00272827,
00272927,
00272928,
00282928,
00282928,
00292a29,
00282a29,
00292a29,
00292a29,
00292a29,
00292b29,
00292b2a,
00292b2a,
002a2b2a,
002a2b2a,
00292b2a,
002a2b2a,
002a2b2a,
002a2b2a,
002a2b2a,
002a2c2b,
002a2c2b,
002a2c2b,
002a2c2b,
002b2c2b,
002b2c2b,
002b2c2b,
002b2c2b,
002b2c2b,
002b2c2b,
002b2c2b,
002b2c2b,
002a2c2b,
002b2c2b,
002b2c2b,
002b2c2b,
002b2d2b,
002b2c2b,
002b2c2b,
002b2d2b,
002b2d2c,
002a2c2b,
002b2e2c,
00282c2a,
002a2e2d,
00292c2b,
00202423,
001d1b1b,
00171515,
001a1716,
00221f1f,
002c2929,
002d2d2c,
002f2e2d,
002b2c2b,
00292a29,
00282a28,
00292a28,
00292a29,
002a2a29,
00292a29,
00292a29,
00292b2a,
00292a29,
00282a28,
00292a29,
00292b29,
00292a29,
00292a29,
00292b29,
00292b2a,
00292b2a,
00292b2a,
002a2b2a,
002a2b2a,
002a2b2a,
002a2b2a,
00292b2a,
002a2b2a,
002a2b2a,
002a2b2a,
002a2b2a,
002a2c2a,
002a2c2a,
002a2b2a,
002b2c2a,
002b2b2b,
002a2b2b,
002b2c2b,
002a2c2a,
002a2c2a,
002a2c2a,
002a2b2a,
002a2b2a,
002a2b2b,
002c2c2b,
002e2f2f,
0031302f,
002d2c2b,
00252222,
00171717,
00151414,
00191818,
001e201e,
00262a29,
002c3130,
002d2f2e,
002b2d2c,
002c2d2c,
002c2d2c,
002b2d2c,
002c2e2c,
002c2e2c,
002c2e2c,
002d2e2d,
002d2e2d,
002d2e2d,
002d2e2d,
002d2f2d,
002d2f2e,
002d2f2e,
002e2f2e,
002e2f2e,
002e2f2e,
002e2f2e,
002e2f2e,
002e2f2e,
002e2f2e,
002e2f2e,
002e302f,
002e302f,
002f302f,
002f302f,
002e302e,
002e302e,
002e2f2e,
002e2f2e,
002d2f2e,
002d2e2d,
002d2e2d,
002d2e2d,
002e2e2d,
002d2e2d,
002c2e2d,
002c2e2d,
002c2e2c,
002c2d2c,
002c2d2c,
002b2d2c,
002c2d2c,
002b2d2c,
002b2c2b,
002b2c2b,
002c2d2b,
002b2c2b,
002b2c2b,
002a2c2b,
002b2c2b,
002a2c2b,
002a2c2a,
002a2c2b,
002a2c2b,
002a2b2a,
00242524,
00252525,
00252625,
00252626,
00252626,
00242625,
00242525,
00242525,
00242525,
00242525,
00242525,
00242525,
00232424,
00232424,
00222423,
00222323,
00212222,
00222323,
00222323,
00222323,
00232424,
00232423,
00232524,
00232423,
00242524,
00242525,
00242625,
00262625,
00262625,
00262625,
00262726,
00272726,
00272726,
00272827,
00272826,
00272827,
00272827,
00282927,
002b2c2a,
002b2d2a,
002c2d2b,
002f2f2c,
002f312e,
0031322f,
00323330,
00343531,
00343531,
00363732,
00383a35,
00242623,
00262725,
00262724,
00252623,
00252523,
00252523,
00252523,
00252524,
00232523,
00222421,
00222322,
00232323,
00232323,
00222322,
00222322,
00232322,
00232322,
00222322,
00222422,
00222322,
00212321,
00212221,
00212221,
00202221,
00202220,
00202120,
001f201f,
001e201e,
001d1f1e,
001d1e1d,
001d1e1e,
001d1f1e,
001e1f1f,
001f2020,
001f2020,
00212220,
00242524,
00242625,
00252625,
00252726,
00262726,
00262726,
00262827,
00262827,
00272827,
00282927,
00282928,
00282928,
00282a29,
00282a29,
00292a29,
00292a29,
00292a29,
00292b2a,
00292b2a,
00292b2a,
00292b2a,
002a2b2a,
002a2b2a,
00292b2a,
002a2b2a,
002a2b2a,
002b2b2a,
002b2c2b,
002a2c2a,
002a2c2b,
002a2c2b,
002a2c2b,
002a2c2b,
002b2c2b,
002b2c2b,
002a2c2a,
002a2c2b,
002a2c2b,
002a2c2b,
002a2b2a,
002a2c2b,
002a2c2b,
002a2c2b,
002a2c2a,
002b2d2a,
002a2c2b,
00292c2b,
002c2f2e,
002c2f2e,
00212423,
00191918,
00181516,
001c1a1a,
002a2928,
002f2f2f,
002d2d2c,
00292a29,
002a2a29,
00292a29,
00292a2a,
00292a29,
00292b29,
002a2a29,
002a2b29,
00292b2a,
00292a29,
00292b29,
00292b2a,
002a2b29,
002a2b2a,
002a2a29,
002a2b2a,
00292b2a,
00292b2a,
00292b2a,
00292b2a,
002a2b2a,
002a2b2a,
002a2b2b,
00292b2a,
00292b2a,
002a2c2a,
002a2b2a,
002a2b2a,
002a2b2a,
002a2c2a,
002a2b2a,
002a2b2a,
002a2b2a,
002a2b2a,
002a2c2b,
002a2b2b,
002a2b2a,
002a2b2b,
00292b2a,
002a2c2a,
002a2b2a,
002a2b2a,
002b2c2b,
00292b2a,
002a2b2a,
002a2b2a,
002a2b2b,
002a2b29,
002b2c2a,
002a2c2b,
002a2b29,
002b2c2b,
002a2b2a,
002b2c2c,
002c2c2c,
00313131,
002d2c2c,
001f1c1c,
00161514,
00161515,
001d1d1d,
00282a29,
002f3231,
00292d2c,
002a2d2c,
002b2d2b,
002b2d2b,
002c2e2d,
002c2d2c,
002d2e2d,
002d2e2d,
002d2e2d,
002d2e2d,
002d2e2d,
002d2f2e,
002e302e,
002e2f2e,
002e2f2e,
002e2f2e,
002e2f2e,
002e2f2e,
002e2f2e,
002e302e,
002e2f2e,
002e302f,
002e302e,
002e302e,
0030302f,
002f302f,
002d2f2e,
002d2e2d,
002d2e2d,
002d2e2d,
002e2f2d,
002d2e2d,
002d2e2d,
002c2e2d,
002c2e2c,
002c2d2c,
002c2d2c,
002c2d2c,
002c2d2c,
002b2d2c,
002c2d2c,
002b2c2b,
002b2c2b,
002b2c2b,
002b2c2b,
002c2c2b,
002b2c2b,
002a2c2b,
002a2c2b,
002a2b2a,
002a2c2a,
002b2c2b,
002b2b2b,
00252524,
00252625,
00252626,
00252626,
00242625,
00242525,
00242525,
00242524,
00242525,
00242525,
00232524,
00222423,
00232424,
00232424,
00222323,
00222323,
00212222,
00222323,
00232424,
00232424,
00232423,
00242524,
00242525,
00242424,
00242525,
00252626,
00252625,
00262625,
00262625,
00262625,
00272726,
00272726,
00272726,
00272827,
00272826,
00282828,
00282927,
002b2b29,
002b2c2a,
002b2d2a,
002e2f2c,
002e302d,
0031322f,
00333330,
00333430,
00343531,
00363732,
00373833,
00262725,
00262725,
00262724,
00242523,
00252524,
00242523,
00242523,
00232523,
00222422,
00212321,
00222322,
00232322,
00232322,
00232322,
00222322,
00222422,
00222322,
00222322,
00232422,
00222322,
00212322,
00212221,
00212221,
00202221,
00202120,
001f211f,
001f2120,
001e201f,
001d1f1e,
001d1e1e,
001d1e1e,
001d1f1e,
001e1f1f,
001e1f1f,
00202020,
00232423,
00242524,
00242625,
00252625,
00252726,
00252726,
00262827,
00272827,
00272827,
00272927,
00282928,
00282928,
00282a28,
00282a29,
00282a29,
00282a29,
00292a29,
00292a29,
002a2b2a,
00292b2a,
00292b2a,
00292b2a,
002a2b2a,
00292b2a,
00292b2a,
002a2b2a,
002a2b2a,
002a2b2a,
002a2b2a,
002a2c2a,
002a2c2b,
002a2c2b,
002a2c2b,
002a2c2a,
002a2c2a,
002a2b2a,
002a2c2a,
002a2b2a,
002a2b2a,
002a2b2a,
002a2b2a,
002a2b2a,
002b2c2b,
002b2c2b,
002a2d2c,
00262a28,
001c1f1e,
00181717,
00171717,
00282626,
002f302f,
00292928,
00272827,
00292a29,
00292a29,
00282a29,
00282a29,
002a2a29,
002a2a29,
002a2b29,
002a2b2a,
00292b29,
00292b2a,
00292b29,
00292b29,
00292b2a,
00292b2a,
00292b2a,
00292b2a,
00292b2a,
00292b2a,
00292b2a,
00292b29,
00292b2a,
002a2b2a,
002a2b2a,
002a2b2a,
002a2b2a,
002a2b2a,
002a2b2a,
002a2b2a,
002a2c2b,
002a2c2b,
002a2c2b,
002a2c2b,
002a2c2b,
002a2c2b,
002a2c2a,
002a2c2a,
002a2c2a,
002a2c2b,
002a2c2b,
002a2c2b,
002a2c2b,
002a2c2a,
002a2c2a,
002a2c2b,
002a2c2a,
002a2c2a,
002a2c2a,
002a2c2a,
002a2c2a,
002a2b2a,
002a2b2a,
002a2b2a,
002a2b2a,
002a2b2a,
002a2b2a,
002a2b2a,
002a2b2a,
002a2b2a,
002a2b2a,
002a2b2a,
002b2c2b,
002a2b2a,
002b2b2a,
002b2b2a,
0030302f,
002c2a2a,
001a1717,
00161313,
00171716,
00232524,
002c302e,
002b2e2d,
002a2c2b,
002c2e2d,
002b2d2c,
002c2e2c,
002c2e2c,
002d2e2d,
002e2f2e,
002d2e2d,
002d2f2d,
002d2f2e,
002e2f2e,
002e302e,
002e2f2e,
002e2f2e,
002e2f2e,
002e2f2e,
002e2f2e,
002e2f2e,
002e2f2e,
002e2f2e,
002e2f2e,
002e2f2e,
002d2f2e,
002d2f2d,
002d2e2d,
002d2e2d,
002c2e2d,
002d2e2d,
002c2e2d,
002c2e2d,
002c2e2c,
002c2d2c,
002b2d2c,
002c2d2c,
002c2d2c,
002b2d2c,
002b2d2c,
002b2c2b,
002b2c2b,
002a2c2b,
002c2c2b,
002b2c2b,
002a2c2b,
002a2c2b,
002a2c2b,
002a2c2a,
002a2b2a,
002a2b2a,
002a2b2a,
00262726,
00252525,
00242625,
00242625,
00242525,
00242525,
00242525,
00242525,
00242525,
00232424,
00222423,
00222323,
00222323,
00222423,
00212323,
00222323,
00222323,
00222323,
00232424,
00232424,
00242524,
00242525,
00242525,
00242524,
00242624,
00252625,
00252625,
00262625,
00262625,
00272726,
00262726,
00262726,
00272827,
00282827,
00282827,
00282926,
002a2a28,
002b2c29,
002b2c29,
002d2e2b,
002d302d,
0030312e,
0031322f,
00333430,
00343631,
00363832,
00363833,
00252724,
00262724,
00262724,
00242523,
00252523,
00242523,
00242523,
00232522,
00222322,
00222422,
00222422,
00222322,
00232422,
00232423,
00232423,
00222423,
00222322,
00222322,
00222322,
00212321,
00212322,
00212321,
00212221,
00202221,
00202120,
00202120,
001f2020,
001e2020,
001f1f1f,
001e201f,
001e1f1f,
001c1e1e,
001d1e1d,
001f2020,
00212221,
00232423,
00242524,
00242624,
00252725,
00252726,
00252826,
00262827,
00272827,
00272927,
00272928,
00282928,
00282928,
00282a28,
00282a29,
00282a28,
00292a29,
002a2b29,
002a2b2a,
002a2b2a,
00292b29,
00292b2a,
00292b2a,
002a2b2a,
00292b2a,
00292b2a,
002a2b2a,
002a2b2a,
002a2b2a,
002a2b2a,
002a2c2a,
002a2b2a,
002a2b2a,
00292b2a,
002a2b2a,
002a2b2a,
002a2b2a,
002a2b2a,
002a2b2a,
00292b2a,
00282b2a,
00282c2b,
00292b2b,
00212121,
00181818,
001b1a1a,
00282727,
002c2b2b,
00292a29,
00282928,
00282a28,
00282a28,
00282a29,
00292a29,
00292a29,
00292a29,
00292a29,
00292a29,
00292a29,
00292a29,
00292b2a,
002a2b2a,
002a2b2a,
00292b29,
00292b2a,
00292b2a,
00292b2a,
00292b2a,
00292b2a,
002a2b2a,
00292b2a,
00292b29,
00292b2a,
002a2b2a,
00292b2a,
002a2b2a,
002a2b2a,
002a2b2a,
002a2b2a,
002a2b2a,
002a2c2a,
002a2c2a,
002a2c2a,
002a2c2b,
002a2c2a,
002a2c2b,
002a2b2a,
002a2c2a,
002a2c2a,
002a2c2a,
002a2c2b,
002a2c2b,
002a2c2b,
002b2c2b,
002b2c2b,
002a2c2b,
002b2c2b,
002b2c2b,
002a2c2b,
002a2c2b,
002b2c2b,
002a2c2b,
002a2c2a,
002a2c2a,
002a2b2a,
002a2c2a,
002a2b2a,
002a2b2a,
002a2b2a,
002a2b2a,
002a2b2a,
002a2b2a,
002a2b2a,
002b2b2a,
002a2b2a,
002a2c2b,
002b2c2a,
002a2b29,
002b2b2a,
002a2b29,
00292b29,
002a2b29,
002d2d2c,
002e2c2c,
00211f1f,
00161414,
00171515,
00242424,
002b2f2e,
002a2e2d,
002b2d2c,
002c2e2c,
002c2e2c,
002c2e2c,
002d2e2c,
002d2e2d,
002d2f2e,
002d2f2d,
002d2f2d,
002e302e,
002e302e,
002e302e,
002e2f2e,
002e2f2e,
002e2f2e,
002e2f2e,
002e2f2e,
002e2f2e,
002e302e,
002e2f2e,
002d2f2d,
002d2f2d,
002c2e2d,
002c2e2d,
002c2e2d,
002c2e2d,
002c2e2d,
002c2d2c,
002c2d2c,
002c2d2c,
002d2d2c,
002c2d2c,
002b2d2c,
002b2d2b,
002b2c2b,
002b2c2b,
002a2c2b,
002a2c2a,
002b2c2b,
002a2c2b,
002a2b2a,
002a2b2a,
002a2b2a,
002a2b2a,
00292b2a,
002a2b2a,
00282928,
00242525,
00242525,
00242525,
00242525,
00242525,
00232524,
00242525,
00232424,
00232323,
00212222,
00212322,
00222323,
00222323,
00222323,
00222323,
00222323,
00232424,
00232423,
00242524,
00242524,
00242524,
00242524,
00242624,
00242625,
00252625,
00262625,
00262625,
00262726,
00252726,
00272726,
00272827,
00282827,
00282827,
00282827,
00292927,
002b2b29,
002c2d2a,
002c2e2a,
002d2f2c,
002f302d,
0031322f,
00323330,
00343632,
00353732,
00373933,
00252623,
00242623,
00252623,
00242523,
00242523,
00242623,
00232522,
00222322,
00222322,
00222322,
00222322,
00222322,
00222322,
00232423,
00232423,
00222423,
00222322,
00222322,
00222322,
00212321,
00212321,
00212221,
00212221,
00202220,
00202120,
001f211f,
001f201f,
001f201f,
001e201e,
001d1f1e,
001c1e1d,
001c1d1d,
00212120,
00202220,
00212220,
00232423,
00242524,
00242624,
00252625,
00252726,
00262826,
00272827,
00272827,
00272827,
00272928,
00282928,
00282928,
00282a28,
00282a29,
00292a29,
00292a29,
00292a29,
00292a29,
002a2b29,
00292a29,
00292a29,
00292a29,
002a2b2a,
00292b2a,
00292b2a,
002a2b2a,
002a2b2a,
002a2b2a,
002a2b2a,
00292b29,
00292b2a,
00292b29,
00292b2a,
00292b2a,
00292b2a,
00282b29,
00282b2a,
00292d2b,
00252726,
001b1b1a,
001a1918,
00272625,
002b2b2b,
00292929,
00282928,
00282928,
002a2a29,
00292a29,
00292a29,
00292a29,
00292a29,
00292a29,
00292a29,
00292a29,
00292b29,
00292b2a,
00292b29,
00292b29,
00292b2a,
00292b2a,
00292b2a,
00292b2a,
00292b29,
00292b2a,
00292b2a,
00292b2a,
00292b2a,
00292b2a,
00292b2a,
00292b2a,
00292b2a,
00292b2a,
00292b2a,
00292b2a,
00292b2a,
00292b2a,
00292b2a,
00292b2a,
002a2b2a,
002a2b2a,
002a2b2a,
002a2b2a,
002a2b2a,
002a2b2a,
002a2c2a,
002a2b2a,
002a2b2a,
002a2c2a,
002a2b2a,
002a2b2a,
002a2b2a,
002a2c2a,
002a2c2b,
002a2c2b,
002a2c2b,
002a2c2b,
002a2c2b,
002a2c2b,
002a2c2b,
002a2c2b,
002a2c2b,
002a2c2a,
002a2c2a,
002a2c2b,
002a2c2a,
002a2b2a,
002a2b2a,
002a2c2a,
002a2c2a,
002a2b2a,
002a2b2a,
002a2b2a,
002b2b2a,
002a2b2a,
002a2b2b,
002a2b2a,
002a2b2b,
002b2b2a,
002a2c29,
002a2c29,
002b2b29,
002b2b29,
002a2a28,
002b2b29,
002c2b29,
002d2d2b,
002d2b2b,
001d1a1a,
00161313,
001b1a1a,
00272b2a,
002d3130,
002b2d2c,
002c2e2c,
002c2e2d,
002c2e2c,
002d2e2d,
002d2e2d,
002d2f2d,
002d2f2e,
002d2f2e,
002e2f2e,
002d2f2e,
002e2f2e,
002e2f2e,
002e2f2e,
002e2f2e,
002e2f2e,
002e2f2e,
002e2f2d,
002d2f2d,
002d2e2d,
002d2e2d,
002c2e2c,
002c2d2c,
002c2d2c,
002c2d2c,
002d2e2c,
002c2d2c,
002c2d2c,
002d2d2c,
002b2d2c,
002b2d2c,
002b2c2b,
002b2c2b,
002b2c2b,
002a2c2b,
00292b2a,
002a2c2b,
002a2c2b,
002a2b2a,
002a2b2a,
002a2b2a,
002a2b2a,
00292b2a,
00292a29,
00292a29,
00252525,
00242525,
00232524,
00232524,
00232524,
00232524,
00232424,
00222323,
00212222,
00212222,
00222322,
00222323,
00222323,
00222323,
00222323,
00222423,
00232423,
00232524,
00242524,
00242524,
00252625,
00252625,
00242625,
00252625,
00252625,
00252625,
00262726,
00252726,
00272726,
00272726,
00282827,
00282827,
00282827,
00282927,
002a2b28,
002b2c2a,
002c2d2a,
002d2e2b,
002e2f2c,
0031312e,
0030322e,
00323530,
00343631,
00363833,
00252523,
00242523,
00242523,
00242623,
00242623,
00232523,
00222422,
00222322,
00222322,
00222322,
00222422,
00222422,
00222422,
00222422,
00232422,
00222423,
00222322,
00222322,
00222322,
00212322,
00212321,
00212221,
00202221,
00202121,
00202121,
001f2020,
001f2020,
001e1f1f,
001d1e1e,
001b1d1c,
001b1d1b,
00212221,
00202220,
00202220,
00202221,
00222423,
00232524,
00242624,
00242624,
00262726,
00262826,
00262826,
00272827,
00272928,
00272928,
00282928,
00282928,
00282a28,
00282a28,
00292a29,
00292a29,
00292a29,
00292a29,
00292a29,
00292a29,
00292a29,
00292a29,
00292b2a,
00292b2a,
00292b29,
00292b2a,
00292a29,
00292b29,
00292b29,
00292a29,
002a2b2a,
00282b2a,
00282b2a,
00272b2a,
002a2d2b,
00212221,
00191818,
001f1e1e,
002a2b2a,
00272928,
00272928,
00272928,
00282928,
00282928,
00282a29,
00282a29,
00292a28,
00282a29,
00292a29,
00292a29,
00292b29,
00292a29,
00292a29,
00292b29,
00292b2a,
00292b29,
00292b2a,
00292b2a,
00292b2a,
00292b2a,
00292b2a,
00292b2a,
00292b2a,
00292b2a,
00292b2a,
00292b2a,
00292b2a,
002a2b2a,
002a2b2a,
00292b2a,
00292b2a,
00292b2a,
00292b2a,
00292b2a,
00292b2a,
00292b2a,
00292b2a,
002a2b2a,
00292b2a,
002a2b2a,
002a2b2a,
002a2b2a,
002a2b2a,
002a2b2a,
002a2b2a,
002a2b2a,
002a2b2a,
002a2b2a,
002a2b2a,
002a2b2a,
002a2b2a,
002a2b2a,
002a2b2a,
002a2b2a,
002a2c2a,
002a2b2a,
002a2c2a,
002a2c2b,
002a2c2b,
002a2c2b,
002a2b2a,
002a2c2a,
002a2c2a,
002a2b2a,
002b2c2a,
002a2b2a,
002a2b2a,
002b2c2b,
002b2c2a,
002b2b2a,
002a2b2a,
002a2b2a,
002a2c2a,
002a2c2a,
002a2c2a,
002b2c2a,
002b2b2a,
002b2b2a,
002b2b2a,
002b2b29,
002a2b29,
002a2b29,
002a2b29,
002a2b29,
002a2a29,
002a2a28,
002b2a29,
002a2a28,
002a2a28,
002e2d2b,
00272625,
00171615,
00171515,
00252725,
002f3332,
002a2e2c,
002b2e2d,
002d2e2c,
002c2e2d,
002d2e2d,
002d2e2d,
002d2f2d,
002d2f2d,
002d2f2d,
002d2f2e,
002e2f2e,
002e2f2e,
002e2f2e,
002d2f2d,
002e2f2e,
002e2f2e,
002d2e2d,
002d2e2d,
002c2e2d,
002c2d2c,
002b2d2c,
002b2d2c,
002c2d2c,
002c2d2c,
002c2d2c,
002c2d2c,
002b2d2c,
002b2d2c,
002b2d2c,
002b2d2c,
002b2c2b,
002a2c2b,
002a2c2a,
00292b2a,
002a2b2a,
002a2c2a,
002a2b2a,
002a2b2a,
002a2b2a,
00292b2a,
00292a29,
00292a29,
00292a29,
00232322,
00232525,
00232524,
00232524,
00232424,
00222423,
00222323,
00212222,
00202122,
00202121,
00212322,
00222423,
00232423,
00222423,
00232424,
00232424,
00232524,
00242524,
00242624,
00252625,
00252625,
00242625,
00242625,
00262625,
00252625,
00252726,
00262726,
00272726,
00272726,
00272827,
00272827,
00292827,
00292927,
00292a28,
002a2c29,
002c2d2a,
002d2e2b,
002e2f2c,
0030302d,
0030312e,
0031332e,
00343530,
00363631,
00242523,
00242522,
00242523,
00242623,
00232523,
00222422,
00212322,
00222322,
00222422,
00222423,
00222422,
00222422,
00222423,
00222423,
00232423,
00222422,
00222322,
00222322,
00222322,
00212321,
00212221,
00212221,
00202221,
00202121,
00202120,
001f2020,
001e201f,
001c1d1d,
001a1b1b,
001c1c1b,
0020201f,
00202120,
00202120,
001f2120,
00202120,
00222422,
00232523,
00242524,
00252725,
00252726,
00262726,
00262827,
00272827,
00272928,
00272928,
00282928,
00282a28,
00282a28,
00282a29,
00292b29,
00292a29,
00292a29,
00292a29,
00292a29,
00292a29,
00292a29,
00292a29,
00292a29,
00292b29,
00292a29,
00292a29,
00292a29,
00292a29,
00292b29,
00292b29,
00272b29,
00292d2c,
00232524,
001b1b1a,
001e1e1d,
002e2d2d,
00282827,
00282a29,
00282a28,
00282a28,
00282928,
00282928,
00282a28,
00282a29,
00282a29,
00282a29,
00292a29,
00292a29,
00292a29,
00292a29,
00292b29,
00292a29,
00292a29,
00292b29,
00292a29,
00292b29,
00292b2a,
00292b2a,
00292b2a,
00292b2a,
00292b2a,
00292b2a,
00292b2a,
00292b2a,
00292b2a,
00292b2a,
00292b2a,
00292b2a,
00292b2a,
00292b2a,
00292b2a,
00292b2a,
00292b2a,
00292b2a,
00292b2a,
00292b2a,
00292b2a,
00292b2a,
002a2b2a,
002a2b2a,
002a2b2a,
002a2b2a,
002a2b2a,
002a2b2a,
002a2b2a,
002a2b2a,
002a2b2a,
002a2b2a,
002a2b2a,
002a2b2a,
002a2b2a,
002a2b2a,
002a2b2a,
002a2b2a,
002a2c2a,
002a2c2a,
002a2c2a,
002a2b2a,
002a2b2a,
002a2b2a,
002a2b2a,
002a2b2a,
002a2b2a,
002a2b2a,
002a2b2a,
002a2b2a,
002a2b2a,
002a2b2a,
002a2c2a,
002b2b2a,
002a2b2a,
002a2b2a,
002a2b2b,
002a2b2b,
002a2b2a,
002a2b2a,
002b2b2a,
002b2b2a,
002b2b2a,
002a2a29,
002a2a29,
002a2b28,
002a2b28,
002a2b28,
002a2a29,
002a2a29,
002b2b29,
002a2b28,
002a2a28,
002a2a29,
00292928,
00282928,
002c2c2b,
002b2b2a,
001b1919,
00181515,
00232525,
002c3130,
002b2e2d,
002c2e2d,
002c2e2d,
002d2e2d,
002d2e2d,
002d2e2d,
002d2e2d,
002d2f2d,
002d2f2d,
002d2f2e,
002d2f2d,
002d2e2d,
002d2e2d,
002d2e2d,
002c2e2d,
002c2e2d,
002c2d2c,
002b2d2c,
002b2d2c,
002b2d2c,
002b2d2c,
002c2d2b,
002c2d2c,
002c2d2c,
002b2c2b,
002b2c2b,
002c2d2c,
002b2c2b,
002b2c2b,
00292b2a,
002a2b2a,
002a2b29,
00292b2a,
002a2b2a,
002a2b2a,
00292b2a,
00292b2a,
00292a29,
00292a29,
00292a29,
00292a29,
00242525,
00232424,
00232424,
00232424,
00222323,
00212322,
00202221,
00212222,
00202121,
00202221,
00222323,
00232423,
00232424,
00232423,
00232424,
00232524,
00242524,
00242624,
00242625,
00252625,
00252625,
00242625,
00252625,
00252625,
00262725,
00262726,
00272726,
00272726,
00262726,
00272827,
00282826,
00282927,
00282927,
002a2b29,
002c2d2a,
002d2d2a,
002d2e2b,
002e302d,
0030312d,
0031322f,
00343531,
00343530,
00242422,
00232422,
00252523,
00242523,
00232523,
00222322,
00232422,
00222322,
00222423,
00222423,
00222423,
00222422,
00222422,
00232423,
00232423,
00222422,
00222322,
00222322,
00222322,
00212322,
00212221,
00202221,
00212221,
00202120,
001f2020,
001d201f,
001b1d1d,
001a1b1b,
001c1d1c,
001d1f1d,
001f201f,
001f2120,
001f2120,
001d201e,
00202120,
00222322,
00232423,
00242624,
00252625,
00252725,
00262826,
00272827,
00272827,
00272928,
00282928,
00282928,
00282a29,
00282a29,
00282a29,
00282a29,
00282a29,
00282a29,
00292a29,
00292a29,
00292a29,
00292a29,
00292a29,
00282a29,
00282a29,
00282a29,
00292a29,
00292a29,
00282a29,
00282c2b,
00262727,
001b1a1a,
001e1f1e,
002a2b2b,
00272928,
00282928,
00282928,
00282928,
00282928,
00282928,
00282928,
00282a29,
00282a29,
00282a29,
00282a28,
00282a29,
00292a29,
00292a29,
00292a29,
00292a29,
00292a29,
00292a29,
00292a29,
002a2b2a,
002a2b2a,
002a2b2a,
00292b2a,
00292b2a,
00292b2a,
00292b2a,
00292b2a,
00292b2a,
00292b2a,
00292b2a,
00292b2a,
00292b2a,
00292b2a,
00292b2a,
00292b2a,
00292b2a,
00292b2a,
00292b2a,
00292b2a,
00292b2a,
00292b2a,
00292b2a,
00292b2a,
002a2b2a,
00292b2a,
00292b2a,
00292b2a,
002a2b2a,
002a2b2a,
002a2b2a,
00292b2a,
002a2b2a,
002a2b2a,
002a2b2a,
002a2b2a,
002a2b2a,
002a2b2a,
002a2b2a,
002a2b2a,
002a2b2a,
002a2b2a,
002a2b2a,
002a2b2a,
002a2b2a,
002a2c2a,
002a2b2a,
002a2b2a,
002a2b2a,
002a2b2a,
002a2b2a,
002a2b2a,
002a2b2a,
002a2b2a,
002b2b2a,
002a2c2a,
00292b2a,
002a2b2a,
002a2b2a,
002a2b2a,
002a2b2a,
002b2c2a,
002a2b2a,
002a2b2a,
002b2b2b,
002a2b2a,
002a2b29,
002b2b2a,
002c2b2a,
002a2b29,
002a2b28,
002a2a29,
002a2a2a,
002b2a29,
002a2b28,
002a2b28,
002a2b29,
002a2a29,
002b2b29,
002a2a29,
002a2a29,
002a2a28,
002a2a28,
002b2b29,
002b2b2a,
001d1a1a,
001c1919,
00282828,
002c312f,
002c2e2d,
002f2f2f,
002d2e2d,
002d2e2d,
002d2e2d,
002d2e2d,
002d2e2d,
002d2e2d,
002d2e2d,
002d2e2d,
002c2e2d,
002c2d2c,
002c2d2c,
002c2e2d,
002d2e2c,
002b2d2c,
002b2d2c,
002b2c2b,
002b2c2b,
002b2c2b,
002d2d2c,
002d2d2c,
002b2c2b,
002b2d2b,
002c2d2c,
002b2c2b,
002a2c2b,
002a2c2a,
002a2b2a,
002a2b2a,
00292b29,
00292b2a,
002a2b2a,
00292b29,
00292a29,
00292a29,
00292a29,
00292928,
00282928,
00232424,
00232424,
00232424,
00222423,
00212222,
001f2120,
00202121,
00202121,
00202220,
00212222,
00222323,
00232424,
00232424,
00232424,
00232524,
00242525,
00242625,
00242625,
00252625,
00252625,
00252625,
00252725,
00252625,
00252625,
00252625,
00262726,
00262726,
00272826,
00262826,
00272826,
00282926,
00282927,
002b2a29,
002b2c29,
002c2d2a,
002d2e2b,
002e2f2c,
0030312d,
0030322e,
0032342f,
00333530,
00232522,
00242523,
00242523,
00242623,
00212322,
00222322,
00232423,
00232422,
00232423,
00222423,
00242423,
00232423,
00222422,
00232423,
00232423,
00222322,
00222322,
00222322,
00212322,
00212321,
00212221,
00202221,
001f2220,
001e211f,
001d1e1e,
001a1c1c,
00191b1b,
001b1d1c,
001d1e1d,
001c1e1c,
00222624,
00202221,
001c201e,
001b1d1c,
001f1f1e,
00232322,
00232523,
00242624,
00252625,
00252726,
00262827,
00272827,
00272927,
00272928,
00282928,
00282928,
00282a28,
00282a29,
00282a28,
00282a29,
00282a29,
00282a29,
00292a29,
00292a29,
00282a29,
00282928,
00282a28,
00282a29,
00282a28,
00282a28,
00272b2a,
00282b2a,
001e1c1c,
001d1c1c,
00282928,
00272928,
00282827,
00282928,
00282928,
00282928,
00282928,
00282928,
00282928,
00282a28,
00282a28,
00282a28,
00282a29,
00282a29,
00282a28,
00282a29,
00292a29,
00292a29,
00292a29,
00292a29,
00292a29,
00292a29,
00292a29,
00292b29,
00292b2a,
00292b29,
00292b2a,
00292b2a,
00292b2a,
00292b2a,
00292b2a,
00292b2a,
00292b2a,
00292b2a,
00292b2a,
00292b2a,
00292b2a,
00292b2a,
00292b2a,
00292b2a,
00292b2a,
00292b2a,
00292b2a,
00292b2a,
00292b2a,
00292b2a,
00292b2a,
00292b2a,
002a2b2a,
002a2b2a,
00292b2a,
002a2b2a,
002a2b2a,
002a2b2a,
00292b2a,
002a2b2a,
002a2b2a,
00292b2a,
00292b2a,
00292b2a,
002a2b2a,
002a2b2a,
002a2b2a,
002a2b2a,
002a2b2a,
002a2b2a,
002a2b2a,
002a2b2a,
002a2b2a,
002a2b2a,
002a2b2a,
002a2c2a,
002a2b2a,
002a2b2a,
002a2b2a,
002a2b2a,
002a2b2a,
002a2b2a,
002a2c2a,
002a2b2a,
002a2b2a,
002b2b2a,
002b2b2a,
002a2b2a,
002a2b2a,
002a2b2a,
002a2b2a,
002a2b2b,
002a2b2a,
00292b2a,
002a2b2a,
002b2b2a,
002b2b2a,
002b2b29,
002a2a29,
002a2a2a,
002a2a29,
002a2b29,
002a2b28,
002a2a29,
002a2a2a,
002a2a29,
002b2b29,
002b2a29,
002a2b29,
002a2b29,
002b2a29,
002b2b2a,
002a2a2a,
002c2c2b,
002c2a2a,
001a1818,
001c1b1b,
002b2f2d,
002c2f2e,
002c2e2d,
002d2e2d,
002d2e2d,
002c2e2d,
002d2e2d,
002d2e2d,
002c2e2d,
002c2e2c,
002b2d2c,
002c2d2c,
002c2e2c,
002c2d2c,
002d2d2c,
002c2d2c,
002c2c2b,
002b2c2b,
002b2d2b,
002c2c2b,
002c2c2b,
002b2c2b,
002b2d2b,
002b2d2b,
002b2c2b,
002b2c2b,
002a2c2a,
002a2c2a,
002a2c2a,
002a2c2a,
00292b2a,
00292a29,
00292b2a,
00292a29,
00292a29,
00282a29,
00282928,
00282928,
00272827,
00242424,
00222324,
00222323,
00202221,
00202121,
001f2020,
00202121,
00202220,
00202121,
00212222,
00232424,
00232524,
00242524,
00232524,
00242525,
00242625,
00252625,
00252626,
00252625,
00252725,
00252625,
00252625,
00262725,
00272726,
00262726,
00262726,
00262825,
00262726,
00272827,
00282926,
00282927,
002a2928,
002a2b29,
002b2d2a,
002d2d2a,
002e2f2c,
002f302d,
002f312d,
0031332e,
00333530,
00252523,
00242523,
00232523,
00222421,
00222422,
00222422,
00222423,
00232423,
00232423,
00222423,
00232423,
00232423,
00222423,
00222423,
00222423,
00222423,
00222322,
00222322,
00212321,
00212221,
00212221,
001f2221,
001e2120,
001c1f1e,
001a1c1c,
001a1c1c,
001b1d1c,
001b1d1c,
001d1d1d,
0019201e,
00060505,
00070606,
00070405,
00181717,
001e1e1e,
00232322,
00232423,
00242524,
00252625,
00252726,
00262826,
00272827,
00272927,
00282928,
00282928,
00282928,
00282928,
00282928,
00282928,
00282a29,
00282a29,
00282a29,
00282928,
00272928,
00282928,
00282a29,
00282929,
00272929,
00272b2a,
00242525,
001a1818,
00272727,
00282928,
00272827,
00272927,
00272928,
00272928,
00282928,
00282928,
00282928,
00282928,
00282a28,
00282a28,
00282a28,
00282a29,
00282a29,
00282a28,
00282a29,
00282a29,
00282a29,
00282a29,
00292a29,
00292a29,
00292a29,
00292a29,
00292a29,
00292a29,
00292a29,
002a2b2a,
00292b2a,
00292b2a,
00292b2a,
00292b2a,
00292b2a,
00292b2a,
00292b29,
00292b2a,
00292b2a,
00292b29,
002a2b2a,
00292b2a,
00292b2a,
00292b2a,
00292b29,
00292b2a,
00292b29,
00292b2a,
00292b2a,
00292b2a,
00292b2a,
00292b29,
00292b2a,
00292b2a,
00292b2a,
00292b2a,
00292b2a,
002a2b2a,
00292b2a,
00292b2a,
00292b2a,
00292b2a,
00292b2a,
00292b2a,
00292b2a,
00292b29,
00292b2a,
002a2b2a,
002a2b2a,
002a2b2a,
002a2b2a,
002a2b2a,
002a2b2a,
002a2b2a,
002a2b2a,
002a2b2a,
002a2b2a,
00292b2a,
00292b2a,
00292b29,
00292b2a,
002a2b2a,
002a2b2a,
002a2b2a,
002a2b2a,
002a2b2a,
002a2b2a,
002a2b2a,
00292b2a,
002a2b2a,
002a2b2a,
002a2b2a,
002a2b2a,
002a2b2a,
002a2b29,
002b2b2a,
002a2a2a,
002a2b2a,
002a2b2a,
002a2b29,
002a2b29,
002a2a29,
002a2a29,
002b2b29,
002a2a29,
002a2b29,
002a2a28,
002a2a29,
002a2a29,
002b2b29,
002a2a29,
002b2b2a,
002b2b2a,
002a2a29,
002a2a29,
00292a29,
00292a29,
002b2c2b,
00292828,
00191717,
00202121,
00303433,
002b2e2c,
002c2e2c,
002e302e,
002c2e2d,
002d2e2c,
002b2d2b,
002c2d2c,
002b2d2c,
002c2d2b,
002c2d2c,
002c2d2c,
002d2d2c,
002d2d2c,
002d2c2b,
002b2c2b,
002b2c2b,
002c2c2b,
002b2c2b,
002b2c2b,
002b2c2b,
002b2c2b,
002a2c2b,
002a2c2b,
002a2c2b,
002a2c2b,
002a2c2b,
002a2b2a,
00292b2a,
00292a29,
00292a29,
00282a29,
00292a28,
00292928,
00292928,
00272827,
00262726,
00232323,
00222322,
00212222,
00202121,
00202120,
00202121,
00202221,
00212221,
00202221,
00222323,
00232424,
00242525,
00242524,
00242525,
00242624,
00242625,
00252626,
00252625,
00252625,
00252625,
00252625,
00262726,
00272726,
00272726,
00272726,
00272726,
00282726,
00272827,
00282927,
00282826,
00282927,
00292a28,
002b2c29,
002c2d2a,
002d2e2c,
002e2f2c,
0030312e,
0031322f,
00333431,
00262624,
00242623,
00232522,
00222421,
00222422,
00232423,
00232423,
00232423,
00232423,
00232423,
00232423,
00232423,
00232423,
00222423,
00222423,
00222422,
00222422,
00212322,
00212321,
00212321,
00202221,
001e2020,
001c1e1e,
001b1d1c,
001a1c1c,
001b1d1d,
001b1d1c,
001b1d1d,
00191d1c,
00040605,
00070506,
00070506,
00080606,
00171515,
001e1e1e,
00222322,
00232423,
00242625,
00252625,
00262726,
00262826,
00272827,
00272928,
00272928,
00272928,
00282928,
00282928,
00282928,
00282928,
00282928,
00282928,
00282928,
00282928,
00282928,
00272a28,
00262928,
00282c2a,
001c1e1d,
001d1c1c,
002b2a2a,
00272828,
00272828,
00272927,
00272928,
00272928,
00272928,
00272928,
00272928,
00282928,
00282928,
00282928,
00282a28,
00282a28,
00292a29,
00282a29,
00282a29,
00282a28,
00282a28,
00282a29,
00282a29,
00282a29,
00292a29,
00292a29,
00292a29,
00292a29,
00292a29,
00292a29,
00292a29,
00292a29,
00292b29,
00292b29,
00292b2a,
00292b2a,
00292b2a,
00292b2a,
00292b29,
00292b2a,
00292b2a,
00292b29,
002a2b2a,
00292b2a,
00292b2a,
00292b2a,
00292b2a,
00292b2a,
00292b2a,
00292b29,
00292b2a,
00292b2a,
00292b2a,
00292b2a,
00292b2a,
00292b2a,
00292b2a,
00292b2a,
00292b2a,
00292b2a,
00292b2a,
00292b2a,
00292b2a,
00292b2a,
00292b2a,
00292b29,
00292b2a,
00292b29,
00292b2a,
00292b2a,
002a2b2a,
002a2b2a,
002a2b2a,
002a2b2a,
002a2b2a,
002a2b2a,
002a2b2a,
002a2b2a,
002a2b2a,
00292b2a,
00292b2a,
00292b2a,
002a2b2a,
002a2b2a,
002a2b2a,
002a2b2a,
002a2b2a,
00292b2a,
002a2b2a,
002a2b2a,
00292b2a,
002a2b2a,
002a2b2a,
002a2b2a,
002a2b2a,
002a2b2a,
002b2b2a,
002b2b2a,
002a2b2a,
002a2b2a,
002a2b29,
002a2b29,
002a2b29,
002a2b29,
002b2b29,
002b2b29,
002b2b2a,
002a2b29,
002a2a28,
002a2a29,
002a2a29,
002b2b29,
002a2a29,
002a2b2a,
002b2b2a,
002b2b2a,
002a2b2a,
00292b2a,
002a2b2a,
002a2b2a,
002a2b2a,
00292a29,
00302f2f,
001f1e1d,
00181a19,
002e3130,
002c2e2e,
002c2e2d,
002c2d2c,
002b2c2b,
002b2c2b,
002a2c2b,
002b2c2b,
002b2d2c,
002b2d2c,
002d2d2c,
002d2d2c,
002c2d2c,
002c2d2c,
002c2c2b,
002c2c2b,
002b2c2b,
002b2c2b,
002b2c2b,
002b2c2b,
002a2c2b,
002a2c2b,
002a2c2b,
002a2c2b,
002a2c2b,
002a2b2a,
002a2b2a,
00292b29,
00282a29,
00282a28,
00282928,
00282928,
00282928,
00272827,
00262826,
00252625,
00222222,
001f2120,
001f2120,
001f2121,
00202121,
00202120,
00212221,
00212222,
00212222,
00222423,
00242525,
00242524,
00242624,
00242624,
00242625,
00252626,
00252625,
00252625,
00252625,
00252625,
00262726,
00262726,
00262725,
00252726,
00262726,
00262726,
00262827,
00272827,
00282926,
00282927,
00292a27,
002a2b28,
002c2d2a,
002c2e2b,
002e2f2c,
002f302d,
0030322d,
0032332e,
00262624,
00242523,
00222422,
00222421,
00222422,
00232422,
00242423,
00232422,
00242422,
00232523,
00232423,
00232423,
00232423,
00232423,
00232423,
00222322,
00222422,
00212322,
00212222,
001f2121,
001e2120,
001c1f1e,
001b1e1e,
001a1d1d,
001b1d1c,
001b1d1d,
001b1d1d,
001b1d1c,
00171c1b,
00050505,
00060606,
00060506,
00080506,
00161314,
001e1f1e,
00232322,
00232423,
00242624,
00252625,
00262726,
00262827,
00272827,
00272927,
00272928,
00272928,
00282928,
00282928,
00282928,
00272927,
00272928,
00272928,
00282928,
00272928,
00272a28,
00272928,
001b1c1a,
00242423,
00282827,
00272827,
00272827,
00272827,
00272827,
00272928,
00272928,
00272928,
00272928,
00272928,
00282928,
00282928,
00282928,
00282928,
00282a28,
00282a29,
00282a29,
00282928,
00282a28,
00282a29,
00282a29,
00282a29,
00282a29,
00282a29,
00292a29,
00292a29,
00292a29,
00292a29,
00292a29,
00292a29,
00292a29,
00292a29,
00292b2a,
00292b2a,
00292b2a,
00292b2a,
00292b2a,
00292b2a,
00292b2a,
00292b2a,
00292b29,
00292b2a,
00292b2a,
00292b2a,
00292b29,
00292b2a,
00292b2a,
00292b2a,
00292b29,
00292b2a,
00292b2a,
00292b2a,
00292b2a,
00292b2a,
00292b2a,
00292b2a,
00292b2a,
00292b2a,
00292b2a,
00292b2a,
00292b2a,
00292b2a,
00292b2a,
00292b2a,
00292b2a,
00292b2a,
00292b2a,
00292b2a,
00292b2a,
00292b2a,
002a2b2b,
002a2b2a,
002a2b2a,
002a2b2a,
002a2b2a,
002a2b2a,
002a2b2a,
002a2b2a,
002a2b2a,
00292b2a,
00292b2a,
00292b29,
00292b2a,
00292b2a,
002a2b2a,
00292b2a,
002a2b2a,
002a2b2a,
00292b2a,
00292b2a,
002a2b2a,
002a2b2a,
002a2b2a,
002a2b2a,
002a2b2a,
002b2c2a,
002b2b2a,
002b2b2a,
002b2b2a,
002b2b2a,
002b2b29,
002a2b29,
002a2b29,
002b2b29,
002b2b29,
002a2b2a,
002a2b2a,
002b2b29,
002b2b29,
002a2b29,
002a2b29,
002b2b2a,
002b2b2a,
002a2b2a,
002a2b2a,
002a2b2a,
002a2b2a,
002a2b2a,
00292b29,
002a2b2a,
002a2b2a,
002a2b2a,
00292b2a,
00292b29,
002a2b2b,
00262626,
00141313,
00232525,
002f3331,
002a2d2b,
002a2c2a,
002a2b2a,
002b2c2b,
002b2d2b,
002b2d2c,
002c2d2c,
002c2d2c,
002d2d2c,
002d2d2c,
002c2c2b,
002c2c2b,
002b2c2b,
002b2c2b,
002b2c2b,
002b2c2b,
002b2c2b,
002b2c2b,
002a2c2b,
002a2c2b,
002a2c2b,
002a2b2a,
00292b29,
00292b2a,
00292a29,
00292a28,
00282928,
00272927,
00272827,
00272827,
00262827,
00262725,
00242524,
001f201f,
001e1f1f,
001f2020,
001f2120,
001f2120,
00202120,
00212222,
00212221,
00222322,
00232524,
00242625,
00242524,
00242625,
00252625,
00252626,
00252725,
00252725,
00262726,
00252625,
00252625,
00262726,
00262726,
00272726,
00272726,
00262726,
00262726,
00272827,
00282926,
00282927,
00282927,
002a2a28,
002b2b29,
002c2e2a,
002e2f2c,
002f302d,
0030312e,
0031332f,
00252623,
00222522,
00232422,
00222422,
00222422,
00232422,
00232423,
00232422,
00252423,
00232522,
00232423,
00232423,
00232423,
00232423,
00222422,
00222322,
00222322,
00202221,
001f2121,
001d2120,
001c1f1e,
001d1f1e,
001c1f1e,
001b1e1e,
001a1c1c,
001b1d1d,
001b1c1c,
001a1c1b,
00010403,
00070506,
00060606,
00060506,
00090607,
00151212,
001f1f1f,
00222322,
00242423,
00242624,
00252625,
00262726,
00262827,
00272827,
00272827,
00272827,
00272928,
00272928,
00272927,
00272827,
00272928,
00272928,
00272928,
00272a29,
00252625,
001c1c1b,
00272726,
00272827,
00262827,
00272927,
00272827,
00272827,
00272827,
00272927,
00272928,
00272928,
00272928,
00272928,
00272928,
00282928,
00282928,
00282928,
00282928,
00282928,
00282a29,
00282a29,
00282a29,
00282a28,
00282a29,
00282a29,
00282a29,
00282a29,
00292a29,
00292a29,
00292a29,
00292a29,
00292a29,
00292a29,
00292a29,
00292b2a,
002a2b2a,
00292b2a,
00292b2a,
00292b2a,
00292b29,
00292b2a,
00292b2a,
00292b2a,
00292b2a,
00292b29,
00292b29,
00292b29,
00292b29,
00292a29,
00292b29,
00292a29,
00292a29,
00292a29,
00292b29,
00292b29,
00292a29,
00292b29,
00292b2a,
002a2b2a,
002a2b2a,
00292b2a,
00292b2a,
00292b2a,
00292b2a,
00292b2a,
00292b2a,
00292b2a,
00292b2a,
00292b2a,
00292b2a,
00292b2a,
00292b2a,
00292b2a,
002a2b2b,
002a2b2b,
002a2b2a,
002a2b2a,
002a2b2a,
002a2b2a,
002a2b2a,
002a2b2a,
002a2b2a,
00292b2a,
00292b2a,
00292b2a,
00292b2a,
00292b29,
00292b2a,
00292b2a,
00292b2a,
002a2b2a,
002a2b2a,
00292b2a,
00292b2a,
00292b2a,
00292b29,
002a2b2a,
002a2b2a,
002a2b2a,
002b2b2a,
002b2b2a,
002b2b2a,
002b2b2a,
002b2b29,
002b2c29,
002b2c29,
002b2c29,
002b2b29,
002b2b2a,
002b2b2a,
002b2b2a,
002b2b29,
002b2b29,
002b2b2a,
002a2b29,
002a2b29,
002b2b29,
002b2b2a,
002b2b2a,
002b2b2a,
002b2b2a,
002a2b2a,
002a2b2a,
002a2b2a,
002a2b2a,
002a2c2a,
002a2b2a,
00292b29,
00292b2a,
00292a29,
00282829,
002b2a2a,
00191718,
001a1b1b,
002b2f2e,
00282b2a,
002a2b2a,
002b2c2b,
002b2d2c,
002c2d2c,
002d2d2c,
002c2d2c,
002c2d2c,
002c2d2c,
002c2c2b,
002c2c2b,
002c2c2b,
002a2c2b,
002a2c2b,
002b2c2b,
002b2c2b,
002a2c2b,
002a2c2b,
002a2b2a,
002a2b2a,
002a2b2a,
00292b2a,
00292b29,
00292a29,
00282928,
00272927,
00262826,
00262726,
00262726,
00252726,
00242423,
00222221,
001d1e1d,
001d1d1d,
001f2020,
001f2120,
00202120,
00202120,
00212221,
00222322,
00232423,
00242525,
00242625,
00252626,
00252626,
00252625,
00252725,
00252725,
00262726,
00262726,
00262726,
00262726,
00262726,
00262726,
00272726,
00262726,
00262726,
00272827,
00282926,
00282926,
00282927,
002a2a28,
002b2b29,
002c2d2a,
002e2f2c,
002e302d,
002f312d,
0030322e,
00232522,
00222422,
00222422,
00222422,
00232522,
00232522,
00232522,
00232522,
00232423,
00232423,
00232423,
00232423,
00232423,
00222523,
00222422,
00212422,
00212221,
00202121,
001d2020,
001c1f20,
001c1f1f,
001d201f,
001c1f1e,
001b1e1e,
001b1d1d,
001b1d1c,
001b1c1c,
00151a1a,
00060606,
00060606,
00060505,
00070506,
00070506,
00171313,
0020201f,
00222221,
00232423,
00242625,
00262625,
00262726,
00262827,
00272827,
00272827,
00272827,
00272927,
00272827,
00282928,
00272928,
00272928,
00272a29,
00232423,
001d1d1c,
00272826,
00272827,
00262827,
00272827,
00272827,
00272827,
00272827,
00272827,
00272827,
00272927,
00272928,
00272928,
00272927,
00272928,
00272928,
00272928,
00272927,
00282928,
00282a28,
00282928,
00282928,
00282a29,
00282a29,
00282a29,
00282a28,
00282a29,
00282a29,
00282a29,
00282a29,
00292a29,
00292b29,
00292a29,
00292a29,
00292a29,
00292a29,
00292a29,
00292a29,
00292a29,
00292b2a,
00292b29,
00292b29,
00292b29,
00292b29,
002a2b2a,
00292b29,
00292b2a,
00292a29,
00292b29,
00292b29,
00292a29,
00292b29,
00292a29,
00292a29,
00292a29,
00292a29,
00292b29,
00292a29,
00292b29,
00292b2a,
00292b2a,
00292b29,
00292b2a,
00292b29,
00292b2a,
00292b2a,
00292b29,
00292b29,
00292a2a,
00292a29,
00292b2a,
00292b2a,
00292b2a,
00292b2a,
00292b2a,
00292b2a,
002a2b2a,
00292b2a,
002a2b2a,
002a2b2a,
002a2b2b,
002a2b2a,
002a2c2a,
002a2b2a,
00292b2a,
00292b2a,
00292b2a,
00292b2a,
00292b2a,
00292b2a,
00292b2a,
00292b2a,
00292b2a,
00292b2a,
00292b2a,
00292b2a,
00292b2a,
002a2b2a,
00292b2a,
00292b29,
002a2b2a,
002a2b2a,
002b2b2a,
002a2b29,
002a2b2a,
002a2b2a,
002c2b2a,
002a2b2a,
002a2b2a,
002b2b29,
002b2b2a,
002b2b2a,
002b2b2a,
002b2b29,
002b2b29,
002b2b2a,
002a2b2a,
002a2b2a,
002a2b29,
002a2b29,
002a2b2a,
002b2b2b,
002b2b2a,
002b2b2a,
002b2b2a,
002a2c2a,
002a2b2a,
002a2b2a,
002a2b2a,
002a2b2a,
00292b2a,
00282a28,
00282928,
00272928,
00272927,
00292929,
001e1c1e,
000e1011,
00282e2d,
002b2f2f,
002c2f2e,
002c2e2c,
002c2d2c,
002b2d2b,
002b2c2b,
002b2c2b,
002c2c2b,
002d2c2b,
002c2c2b,
002b2c2b,
002b2c2b,
002a2c2b,
002a2c2b,
002c2c2b,
002b2c2b,
002a2b2a,
002a2b2a,
002a2b2a,
00292b2a,
00292b29,
00292a29,
00282a29,
00272927,
00272827,
00262726,
00262726,
00252625,
00232423,
00202221,
00202220,
00202020,
001b1c1b,
001e201e,
001e201f,
00202120,
00202221,
00222322,
00222423,
00232524,
00242525,
00242625,
00252625,
00252625,
00252625,
00252625,
00252726,
00252726,
00262726,
00272726,
00262726,
00262726,
00262726,
00262726,
00272826,
00272827,
00272826,
00282926,
00282927,
00282a27,
00292b29,
002b2c29,
002c2e2b,
002e2f2d,
002f302e,
0030322f,
00222422,
00222422,
00232522,
00232522,
00232522,
00232522,
00232522,
00232523,
00232524,
00232423,
00232423,
00222523,
00222523,
00222422,
00222422,
00202221,
001f2120,
001d201f,
001e201f,
001c2020,
001d2020,
001c1f1f,
001c1f1e,
001c1e1d,
001b1d1d,
001a1c1c,
00191b1a,
00111614,
00060606,
00060606,
00070506,
00070506,
00080606,
00161313,
0020201f,
00222221,
00232423,
00262625,
00272625,
00262726,
00262726,
00262826,
00262827,
00262827,
00282927,
00272827,
00252927,
00262927,
00232423,
001d1e1e,
00262726,
00272726,
00252725,
00262827,
00272827,
00272827,
00272827,
00272827,
00272827,
00272827,
00272827,
00272927,
00272827,
00272827,
00272928,
00272928,
00272928,
00282928,
00272928,
00282a28,
00272928,
00282a28,
00282a29,
00282a29,
00282a29,
00282a29,
00282a28,
00282a29,
00282a29,
00282a29,
00292a29,
00292a29,
00282a29,
00292a29,
00292a29,
00292a29,
00292a29,
00292a29,
00292a29,
00292a29,
00292a29,
00292a29,
00292a29,
00292a29,
00292a29,
00292a29,
00292a29,
00292a29,
00292a29,
00292b29,
00292b29,
00292a29,
00292a29,
00292a29,
00292a29,
00292a29,
00292b29,
00292a29,
00292a29,
00292a29,
00292b29,
00292b29,
00292a29,
00292b2a,
00292b29,
00292b2a,
00292b2a,
00292b29,
00292b2a,
00292b2a,
002a2b2a,
00292b2a,
00292b2a,
00292b2a,
00292b2a,
00292b2a,
00292b2a,
00292b29,
00292b2a,
002a2b2a,
002a2b2a,
002a2b2b,
002a2b2a,
002a2b2a,
002a2b2a,
00292b29,
002a2b2a,
00292b29,
00292a29,
00292b29,
00292b2a,
00292a29,
00292b29,
00292b29,
00292b29,
00292b29,
00292b29,
00292b29,
00292a29,
00292b29,
00292a29,
00292a29,
00292b29,
00292b29,
002a2a2a,
002a2b2a,
002a2b2a,
002b2b2a,
002a2b2a,
002b2b2a,
002b2b2a,
002b2b2a,
002b2b2a,
002b2b29,
002b2b29,
002c2b2a,
002b2b2a,
002b2b2a,
002a2b29,
002a2b29,
002a2b29,
002b2c2a,
002a2b2b,
002b2c2a,
002b2b2a,
002b2b2a,
002a2b2a,
002b2b2a,
002b2b2a,
002a2b2a,
002b2c2a,
00292b2a,
00282a29,
00282a28,
00282928,
00272828,
00262727,
00232524,
00181619,
0008090d,
00040406,
00181c1b,
00252a29,
00292d2b,
002a2d2b,
002b2c2b,
002b2c2b,
002c2d2b,
002b2c2b,
002b2d2b,
002b2c2b,
002b2c2b,
002a2c2b,
002a2c2b,
002b2c2a,
002a2b2a,
002a2b2a,
002a2b2a,
00292b2a,
00292b2a,
00292b2a,
00292a29,
00292a29,
00282928,
00272827,
00272726,
00262725,
00252625,
00232423,
00202221,
00202220,
00212222,
001f1e1d,
001b1b1b,
001d1f1e,
001e2020,
00202221,
00222321,
00222422,
00232423,
00242524,
00242624,
00252625,
00252725,
00252725,
00252726,
00252726,
00252726,
00252726,
00262726,
00272726,
00262726,
00262726,
00262726,
00272826,
00272827,
00272826,
00282926,
00282927,
00282a27,
00292b28,
002b2c29,
002c2d2a,
002e2f2c,
002e302d,
002f302d,
00222422,
00232522,
00232522,
00232523,
00232522,
00232522,
00232522,
00232523,
00232523,
00232423,
00232523,
00222423,
00212422,
00212422,
001f2221,
001d211f,
001d1f1f,
001c1e1e,
001d1f1f,
001c1f1f,
001c201f,
001b1f1f,
001b1e1e,
001b1d1d,
001b1d1c,
001a1c1b,
00191a19,
00090c0b,
00070707,
00060606,
00050505,
00060505,
00070505,
00171414,
00212020,
00222221,
00242523,
00242624,
00252625,
00262726,
00262826,
00262827,
00262827,
00262827,
00272827,
00272928,
00222423,
001f1e1d,
00262726,
00262726,
00262826,
00262826,
00262726,
00262827,
00272827,
00272827,
00272827,
00272927,
00272827,
00272827,
00272827,
00272827,
00272827,
00272927,
00272928,
00272928,
00282928,
00282928,
00282928,
00282928,
00282928,
00282a29,
00282a29,
00282a28,
00282a28,
00282a29,
00282a29,
00282a29,
00282a29,
00282a29,
00282a29,
00282a29,
00292a29,
00292a29,
00292a29,
00292a29,
00292a29,
00292a29,
00292a29,
00292a29,
00292b29,
00292a29,
00292a29,
00292a29,
00292a29,
00292a29,
00292a29,
00292a29,
00292a29,
00292a29,
00292a29,
00292a29,
00292a29,
00292a29,
00292b29,
00292a29,
00292a29,
00292a29,
00292a29,
00292a29,
00292a29,
00292a29,
00292b29,
002a2b2a,
00292b2a,
002a2b2a,
002a2b2a,
00292b29,
00292b29,
00292b29,
00292b29,
00292b2a,
00292b2a,
002a2b2a,
00292b2a,
00292b2a,
00292b2a,
00292b2a,
00292b2a,
002a2b2a,
002a2b2a,
002a2b2a,
002a2b2a,
002a2b2a,
002a2b2a,
00292b2a,
00292b2a,
00292b29,
00292b2a,
00292a2a,
00292a29,
00292a2a,
00292a29,
00292a29,
00292b29,
00292b29,
00292b29,
00292a29,
00292a29,
00292a29,
00292a29,
00292929,
00282929,
00282a29,
00262828,
00282a29,
00292b29,
00292a29,
00292b2a,
002b2c2a,
002a2b2a,
002a2b2b,
002b2b2b,
002b2b2a,
002a2b29,
002b2b29,
002b2b2a,
002b2b2a,
002a2b2a,
002b2b2a,
002b2b2a,
002a2b2a,
002a2b2a,
002a2b2a,
002b2b2a,
002c2b2a,
002b2b2a,
002b2b2a,
002b2b2a,
002b2b2a,
002b2b2a,
002a2b2a,
00292a29,
00292a29,
00282928,
00272927,
00262727,
00242626,
00111213,
001d2120,
00212222,
000f0b0c,
00020000,
00232727,
00252827,
00282b2a,
002a2c2b,
002b2c2b,
002b2c2b,
002b2c2b,
002b2c2b,
002b2c2b,
002b2c2b,
002a2c2b,
002a2c2b,
002a2b2a,
002a2b2a,
002a2b2a,
00292b2a,
00292b29,
00292b2a,
00292a29,
00282a29,
00282a28,
00272927,
00262826,
00252725,
00242525,
00212222,
00212321,
00202221,
00212221,
00242322,
00202020,
001b1b1b,
001d1f1e,
001f2120,
00212221,
00222322,
00232423,
00232524,
00242524,
00252625,
00252625,
00252726,
00252726,
00252726,
00252726,
00252726,
00252726,
00262726,
00262726,
00262726,
00262726,
00262726,
00262827,
00272826,
00272926,
00282927,
00292927,
002a2a28,
002b2b29,
002b2c29,
002d2e2c,
002e2f2d,
002e302d,
00232522,
00232522,
00232522,
00232522,
00232522,
00232522,
00232523,
00232523,
00232423,
00232423,
00212423,
00212422,
00212322,
00202321,
001e2120,
001c1f1e,
001c1e1d,
001c1e1d,
001b1e1d,
001b1e1d,
001b1f1e,
001a1f1e,
001b1e1e,
001b1d1c,
001b1d1c,
001a1c1b,
00181a18,
00030505,
00060606,
00050505,
00050505,
00050505,
00070505,
00171515,
00212020,
00222221,
00242423,
00242524,
00252625,
00252725,
00272726,
00262726,
00262827,
00252827,
00242625,
001e1e1e,
00262626,
00252625,
00252725,
00262726,
00262726,
00262826,
00262726,
00262826,
00262827,
00272827,
00262827,
00272827,
00272827,
00272827,
00272827,
00272827,
00272928,
00272928,
00272928,
00272928,
00282928,
00282928,
00282928,
00282928,
00282a28,
00282a29,
00282a29,
00282a28,
00282a28,
00282a29,
00282a29,
00282a29,
00282a29,
00282a29,
00282a29,
00282a29,
00282a29,
00292a29,
00292a29,
00292a29,
00292a29,
00292a29,
00292a29,
00282a29,
00292a29,
00292a29,
00282a29,
00292a29,
00282a29,
00292a29,
00292a29,
00292a29,
00292a29,
00292a29,
00292a29,
00292a29,
00292a29,
00292a29,
00292a29,
00292a29,
00292a29,
00292a29,
00292a29,
00292a29,
00292a29,
00292a29,
00292a29,
00292b29,
00292b29,
00292a2a,
00292a2a,
00292b29,
00292a29,
00292a29,
00292b2a,
00292b2a,
00292b29,
00292b29,
00292b2a,
00292b29,
00292b2a,
00292b2a,
00292b2a,
002a2b2a,
002a2b2a,
00292b2a,
002a2b2a,
002a2b2a,
002a2b2a,
00292b2a,
00292b2a,
00292b2a,
002a2b2a,
002a2b2a,
00292a29,
00292a2a,
00292a29,
00292a29,
00292b29,
00292b29,
00292a29,
00292a29,
00292a29,
00282a29,
00282928,
00262827,
00242525,
00171514,
00212220,
001e201e,
00222222,
00262726,
00272927,
00272928,
00282a28,
00292a29,
00292b2a,
00292b29,
00292b2a,
002a2b2a,
002b2b2a,
002b2b2a,
002a2b29,
002a2b29,
002b2b2a,
002b2c2a,
002a2b2a,
002a2b2a,
002a2b2a,
002a2c2a,
002a2c2a,
002a2c2b,
002a2c2b,
002b2c2b,
002b2b2a,
002b2b2a,
00292a29,
00282a29,
00282928,
00272928,
00262827,
00252626,
000e0f11,
001e2222,
001f2020,
00252727,
002b2b2b,
00100e10,
001c1d21,
00222324,
00242625,
00292b2a,
002a2c2b,
002b2c2b,
002b2c2b,
002b2c2b,
002b2c2b,
002b2c2b,
002a2c2a,
002a2b2a,
002a2b2a,
00292b29,
00292b29,
00292b29,
00292b2a,
00292a29,
00282a29,
00282a29,
00272928,
00262827,
00252726,
00242524,
00212020,
000f0e0f,
00020303,
00202422,
00222322,
00222120,
001e1f1d,
001b1d1b,
001d1e1d,
00202220,
00212321,
00232423,
00232523,
00242524,
00242625,
00252625,
00252725,
00252725,
00252726,
00252726,
00252726,
00262726,
00252725,
00262726,
00272726,
00262726,
00262726,
00262827,
00272826,
00272826,
00282927,
00282927,
00292a27,
002b2b29,
002b2c29,
002c2d2a,
002e2f2d,
002e302d,
00232522,
00232522,
00232522,
00232522,
00232523,
00232523,
00232523,
00232522,
00222423,
00222423,
00212422,
00212322,
00202222,
001d2120,
001c1f1e,
001b1e1c,
00121413,
00101112,
00181917,
00171919,
00191c1c,
001b1e1d,
001a1d1c,
001a1d1c,
001a1c1b,
00181b1a,
00161918,
00010201,
00060606,
00050505,
00050505,
00050505,
00070506,
00171516,
001f1e1d,
00222321,
00232423,
00242524,
00242625,
00252725,
00252725,
00262726,
00262827,
001b1c1c,
00252625,
00252625,
00252725,
00252726,
00252726,
00262726,
00262726,
00262726,
00262826,
00262827,
00272827,
00272827,
00272827,
00272827,
00272827,
00272827,
00272827,
00272928,
00272928,
00272928,
00272928,
00282928,
00282928,
00282928,
00282928,
00282928,
00282a28,
00282a29,
00282a29,
00282a29,
00282a29,
00282a29,
00282a29,
00282a29,
00282a29,
00282a28,
00282a29,
00282a29,
00282a29,
00282a29,
00282a29,
00292a29,
00292a29,
00282a29,
00282a29,
00282a29,
00282a29,
00292a29,
00282a29,
00282a29,
00282a29,
00282a29,
00292a29,
00292a29,
00282a29,
00292a29,
00292a29,
00292a29,
00292a29,
00292a29,
00282a29,
00292a29,
00282a29,
00292a29,
00292a29,
00292a29,
00292a29,
00292a29,
00292a29,
00292a29,
00292b29,
00292a29,
00292a29,
00292b2a,
00292a29,
00292a29,
00292a29,
00292b29,
00292b29,
00292a29,
00292b2a,
00292b2a,
002a2b2a,
00292b2a,
00292b2a,
00292b2a,
002a2b2a,
002a2b2a,
002a2b2a,
002a2b2a,
002a2b2a,
00292b2a,
002a2b2a,
002a2b2a,
002a2b2a,
00292b2a,
00292a29,
00292a2a,
00292a29,
00292a29,
00292a29,
00292a29,
00282a29,
00282a28,
00282928,
00272927,
00262826,
00252625,
00222323,
001a1514,
0017100e,
00212220,
00242524,
00202120,
00212220,
00202120,
00212220,
00252524,
00262827,
00272a28,
00282a28,
00282a28,
00292a29,
00292a29,
002a2b29,
00292b29,
002a2b2a,
002a2b2a,
002a2b2a,
002a2b2a,
002b2c2a,
002a2c2b,
002a2c2b,
002a2c2b,
002a2c2b,
002b2c2b,
002b2c2b,
002a2b2a,
00292a29,
00282a28,
00282928,
00282928,
00262827,
00252626,
00101214,
001e2323,
00212323,
000d0707,
001c1c1c,
00252626,
001e1f20,
002d2d2e,
001e1e1f,
00252425,
00252625,
00282a29,
00292c2b,
002a2c2a,
002b2c2b,
002b2d2b,
002a2c2b,
002a2c2b,
002a2b2a,
00292b2a,
00292b29,
00292b29,
00292a29,
00292a29,
00282a28,
00282928,
00272928,
00272827,
00252726,
00252525,
00201f1f,
000a0809,
00070707,
00060606,
000c0e0d,
00202220,
001d1f1d,
001e1e1e,
001d1e1d,
001e201f,
00212221,
00212322,
00222523,
00242524,
00242624,
00252625,
00252625,
00252726,
00252726,
00262726,
00262726,
00262726,
00262726,
00272726,
00272726,
00272726,
00262726,
00262826,
00272827,
00282826,
00282827,
00282927,
00282927,
002a2b28,
002b2c29,
002c2d2a,
002d2f2c,
002e302d,
00232523,
00232523,
00232522,
00232523,
00232423,
00232523,
00222523,
00222422,
00222422,
00222422,
00212322,
00202321,
001d211f,
001c1f1e,
001a1d1c,
00151615,
001b1c1c,
001c1c1d,
001a1e1d,
001b1c1d,
00191b1b,
00181c1b,
00191c1c,
001a1e1d,
00181a1a,
00181a19,
00161817,
00020404,
00060606,
00050505,
00050404,
00060404,
00070505,
00171515,
001f1f1e,
00222322,
00222423,
00242524,
00242625,
00242725,
00262826,
001d1e1d,
00242524,
00242524,
00242625,
00252625,
00252625,
00252726,
00252726,
00252726,
00262726,
00262726,
00262826,
00262827,
00272827,
00272827,
00272827,
00272827,
00272827,
00272827,
00272927,
00272927,
00272928,
00272928,
00282928,
00282928,
00282928,
00282928,
00282928,
00282a29,
00282a29,
00292a29,
00282a29,
00282a29,
00282a29,
00282a29,
00282a29,
00282a29,
00282a29,
00282a28,
00282a29,
00282a29,
00282a29,
00282a28,
00282a29,
00282a28,
00282a29,
00282a28,
00282a29,
00282a29,
00282a29,
00282a29,
00282a29,
00282a29,
00292a29,
00292a29,
00292a29,
00292a29,
00282a29,
00282a28,
00292a29,
00282a29,
00282a29,
00282a29,
00282a28,
00282a29,
00282a29,
00292a29,
00292a29,
00292a29,
00292a29,
00292a29,
00292a29,
00292a29,
00292b2a,
00292b29,
00292a29,
00292a29,
00292a29,
00292a29,
00292a29,
00292a29,
00292a29,
00292b29,
00292a29,
00292b2a,
002a2b2a,
00292b2a,
00292b2a,
00292b2a,
002a2b2a,
00292b2a,
00292b2a,
002a2b2a,
00292b29,
00292b2a,
00292b2a,
00292b2a,
00292a2a,
00292b2a,
00292b29,
00292a29,
00292a2a,
00292a29,
00282a29,
00282a28,
00282928,
00272928,
00272827,
00262826,
00252726,
00242525,
00212222,
001b1513,
001b1410,
000e0d0f,
0012141f,
0015191d,
0017191a,
001b1d1d,
00232423,
00222220,
0021201f,
00212220,
001f201f,
00232422,
00272827,
00262827,
00272928,
00282928,
00282a29,
00282a28,
002a2b29,
00292b2a,
002a2c2a,
002a2c2b,
002a2c2b,
002a2c2b,
002a2c2a,
002a2b2a,
002a2b2a,
00292b2a,
00282a29,
00282a29,
00272928,
00282828,
00262827,
00252526,
00181b1c,
001e2223,
00212423,
001d1918,
001d1c1c,
001e1c1b,
002b2d2b,
002c2e2c,
002c2e2c,
002c2c2d,
001e1c1e,
00242424,
00252726,
00272a29,
00282b29,
002a2c2a,
002a2c2b,
002a2c2b,
002a2b2a,
00292b2a,
00292b2a,
00292a29,
00292a29,
00292a29,
00282a28,
00282928,
00272928,
00272827,
00262726,
00242524,
00201f1f,
00080606,
00070707,
00060606,
00070606,
000b0c0c,
001c1f1d,
001d1e1e,
001e1f1e,
001f201f,
001f2120,
00202221,
00222422,
00232523,
00242524,
00252625,
00252725,
00252726,
00262726,
00262726,
00262726,
00262726,
00272726,
00262726,
00262726,
00262726,
00272726,
00272826,
00272827,
00272827,
00272927,
00282927,
00282927,
002a2a28,
002b2b28,
002a2c29,
002c2e2b,
002d2f2c,
00232523,
00232523,
00242523,
00232523,
00232523,
00232523,
00212321,
00222422,
00222423,
00212322,
00202221,
001d2120,
001d201f,
001a1d1c,
00191a1a,
001b1d1d,
001d1f1f,
001e2020,
001c201f,
001c1e1f,
001b1e1d,
00191c1b,
00181a1a,
001a1c1c,
00171919,
00171918,
00151717,
00020404,
00060606,
00050505,
00050404,
00050404,
00060403,
00171515,
001f1f1e,
00212221,
00222422,
00232524,
00242524,
00222322,
001e1e1d,
00262625,
00242524,
00242625,
00252625,
00252625,
00252625,
00252726,
00252725,
00252726,
00262726,
00262827,
00262826,
00272827,
00272827,
00272827,
00272827,
00272827,
00272827,
00272927,
00272928,
00272928,
00282928,
00282928,
00282928,
00282928,
00282928,
00282928,
00282928,
00282a29,
00282a29,
00282a29,
00282a29,
00282a28,
00282a28,
00282a28,
00282a29,
00282a29,
00282a28,
00282a29,
00282a28,
00282a28,
00282a29,
00282a29,
00282a29,
00282a29,
00282a29,
00282a29,
00282a29,
00282a28,
00282a28,
00282a28,
00282a29,
00282a29,
00282a29,
00292a29,
00292a29,
00292a29,
00282a29,
00292a28,
00292a29,
00282a29,
00282a29,
00282a29,
00282a29,
00282a28,
00282a29,
00292a29,
00282a29,
00292a29,
00292a29,
00292a29,
00292a29,
00292a29,
00292a29,
00292a29,
00292a29,
00292a29,
00292a29,
00292a29,
00292a29,
00292b29,
00292b29,
00292b29,
00292a29,
00292b2a,
00292b29,
00292b2a,
00292b2a,
00292b2a,
00292b2a,
00292b2a,
002a2b2a,
002a2b2a,
00292b29,
00292b29,
00292b2a,
00292a2a,
00292a2a,
00292b29,
00292a29,
00292a29,
00282a29,
00282a29,
00282a28,
00282928,
00292928,
00272827,
00262826,
00262726,
00252625,
00242525,
00202121,
001d1513,
001a1511,
0014151e,
001c1e29,
000f1323,
000e1220,
00111322,
00111323,
00121520,
001b1b20,
001d1f1f,
00222423,
00222220,
0021211e,
001e1f1f,
001d1e1f,
001f2120,
00242625,
00262727,
00272827,
00282928,
00272928,
002a2b29,
002b2c2b,
002b2c2b,
002b2c2b,
002a2c2a,
002a2b2a,
00292b29,
00282a29,
00282a28,
00282928,
00272828,
00262727,
00242425,
001f2224,
001f2323,
00212323,
00252221,
00262725,
001c1b1b,
002c2e2d,
002c2e2d,
002b2d2a,
002c2d2c,
002c2d2c,
002a2a29,
001e1c1d,
00232524,
00252827,
00272a29,
002a2b2a,
002a2b2a,
002a2b2a,
00292b2a,
00292b2a,
00292a29,
00282a29,
00282a29,
00282a28,
00272928,
00272827,
00262827,
00252726,
00242624,
001f1e1d,
00090707,
00060606,
00070606,
00070607,
00070707,
00141715,
001c1d1d,
001d1f1d,
001f201f,
00202120,
00202120,
00212221,
00222322,
00232524,
00242624,
00242625,
00252725,
00252726,
00262726,
00262726,
00262726,
00272726,
00262726,
00262726,
00262726,
00272726,
00262827,
00262826,
00282827,
00282827,
00282927,
00282927,
002a2a28,
002a2b29,
002a2c29,
002c2d2a,
002d2e2b,
00232523,
00232523,
00242523,
00232523,
00222523,
00202321,
00212322,
00222423,
00222423,
00202322,
001e2120,
001d211f,
001a1d1b,
00161817,
001d1e1e,
001e211f,
001e2121,
001f2121,
001e2120,
001d2020,
001c1f1f,
001a1d1d,
00181b19,
00191a19,
00141716,
00171817,
00141616,
00020404,
00060505,
00050404,
00050404,
00050404,
00070606,
00161515,
0020201f,
00222322,
00222422,
00232423,
001b1c1b,
00242524,
00232523,
00242624,
00242524,
00252625,
00242625,
00252625,
00252625,
00252726,
00262726,
00262726,
00262827,
00262827,
00272827,
00272827,
00272827,
00272827,
00272827,
00272927,
00272927,
00272928,
00272928,
00282928,
00282928,
00282928,
00282928,
00282928,
00282928,
00282928,
00282928,
00282a29,
00282a29,
00282a29,
00282a29,
00282928,
00282928,
00282928,
00282a28,
00282a28,
00282a28,
00282928,
00282a28,
00282928,
00282a28,
00282a29,
00282a29,
00282a29,
00282a29,
00282a29,
00282a29,
00282a28,
00282a28,
00282a28,
00282a29,
00292a29,
00292a29,
00292a29,
00292a29,
00282a29,
00282a29,
00292a29,
00292a29,
00292a29,
00292a29,
00282a29,
00282a29,
00282a28,
00282a29,
00282a29,
00282a29,
00282a29,
00292a29,
00292a29,
00292b29,
00292a29,
00292a29,
00292a29,
00292a29,
00292a29,
00292a29,
00292a29,
00292a29,
00292b2a,
00292b29,
00292a29,
00292a29,
00292a29,
00292b2a,
00292b2a,
00292b29,
00292b2a,
00292b2a,
00292b2a,
00292b2a,
00292b2a,
00292b29,
00292a29,
00292a2a,
00292a2a,
00292a2a,
00282a29,
00282a29,
00282a29,
00282928,
00282929,
00282928,
00272928,
00282828,
00272827,
00272726,
00262726,
00242625,
00232424,
001f201f,
001d1513,
00191412,
00101221,
000b1022,
000d1227,
000e1529,
000e1326,
000e1426,
000d1324,
000d1220,
00141924,
00181c24,
00191c20,
0018191c,
001e1f21,
001d1d1f,
00272828,
00212223,
00222323,
001f2020,
00222322,
00282828,
00272928,
00282a29,
002a2b2a,
002a2c2a,
002b2c2a,
002a2b2a,
00292b2a,
00282928,
00282928,
00272928,
00272828,
00262727,
00242425,
00202425,
001f2323,
00202323,
000a0809,
001e2020,
001f201f,
002b2d2c,
002d2e2c,
00353633,
002a2e2f,
002c2d2c,
002c2d2c,
002d2e2c,
00252526,
001d1d20,
00232628,
00262827,
00282a29,
00282b29,
00292b2a,
00292b2a,
00292a29,
00292a29,
00282a29,
00282928,
00272928,
00272827,
00262726,
00252725,
00232524,
001e1d1e,
00080707,
00070606,
00070606,
00060606,
00070606,
00070908,
001a1e1c,
001d1e1d,
001f201f,
00202120,
00202221,
00202221,
00212222,
00212423,
00232524,
00242625,
00252625,
00252726,
00252726,
00262726,
00272726,
00262726,
00262726,
00262726,
00262726,
00272827,
00272827,
00272827,
00272827,
00282827,
00282927,
00282927,
002a2928,
002a2b29,
002c2c29,
002c2d2a,
002d2d2a,
00232523,
00232523,
00232523,
00232523,
00222322,
00212422,
00222423,
00222423,
00202322,
001f2120,
001d2120,
001b1e1c,
00171918,
001c201f,
001e2120,
001e2220,
001e2221,
001e2221,
001e2121,
001e2121,
001d2020,
001b1f1e,
001a1d1c,
001a1d1c,
00030303,
00161616,
00131514,
00030505,
00050505,
00060405,
00050404,
00050505,
00070506,
00171616,
00202120,
00222321,
001e1f1e,
00212221,
00232423,
00232423,
00232523,
00242524,
00242624,
00242625,
00242625,
00252625,
00252726,
00262726,
00262826,
00262827,
00262827,
00262827,
00272827,
00272827,
00272827,
00272827,
00272827,
00272928,
00272928,
00272928,
00272928,
00282928,
00282928,
00282928,
00282928,
00282928,
00282928,
00282928,
00282928,
00282a28,
00282a29,
00282a29,
00282a28,
00282928,
00282928,
00282928,
00282a28,
00282928,
00282928,
00282928,
00282928,
00282928,
00282928,
00282928,
00282a28,
00282a28,
00282a28,
00282a29,
00282a28,
00282928,
00282928,
00282a28,
00282a29,
00292a29,
00292a29,
00292a29,
00282a29,
00282a28,
00282a28,
00282a28,
00292a28,
00292a29,
00292a29,
00282a29,
00282a28,
00282a28,
00282a29,
00282a29,
00292a29,
00282a29,
00292a29,
00292a29,
00292a29,
00292a29,
00292a29,
00292a29,
00292a29,
00292a29,
00292a29,
00292a2a,
00292a2a,
00292b2a,
00292a29,
00292a29,
00292a29,
00292a29,
00292a2a,
00292a29,
00292a29,
00292b29,
00292b29,
00292b2a,
00292b2a,
00292b29,
00292b29,
00292a29,
00292a29,
00292a29,
00282a29,
00282a29,
00282a29,
00282a29,
00282929,
00282929,
00272928,
00272928,
00272828,
00262826,
00262727,
00252626,
00242525,
00232424,
001f201f,
001d1513,
00181412,
00101221,
000d1225,
000b1127,
000b1127,
000c1226,
000c1227,
000c1327,
000d1427,
000f1528,
000e1326,
000d1223,
000c111d,
00151925,
001c2029,
001a1c23,
001a1b20,
001c1c1f,
001f1e21,
00242526,
00212223,
00202020,
001f201f,
002a2b29,
00292b29,
00292c2a,
002a2b2a,
00292a2a,
00282929,
00282928,
00282928,
00262827,
00262727,
00242324,
00202425,
001f2323,
00202324,
00202424,
001d1f1f,
00212222,
002c2e2c,
002c2e2c,
00353230,
001a1c1e,
002c2d2c,
002c2e2c,
002c2e2c,
002b2d2c,
002c2e2c,
001f2022,
00222424,
00232627,
00272928,
00282a29,
002a2b29,
00292b29,
00292a29,
00292a29,
00282928,
00272827,
00262827,
00262726,
00252625,
00232322,
001e1c1d,
00080607,
00070606,
00060606,
00070606,
00070606,
00060807,
00181c1a,
001c1e1d,
001e201e,
001f211f,
00212221,
00212321,
00212222,
00212222,
00222424,
00232524,
00242625,
00252726,
00252726,
00262726,
00262726,
00262726,
00262827,
00262826,
00272827,
00272827,
00272826,
00272827,
00272827,
00272927,
00282926,
00282927,
002a2928,
00292a28,
002b2c29,
002c2c29,
002c2d2a,
00232623,
00232523,
00232623,
00232523,
00232423,
00232523,
00222422,
00202322,
001f2221,
001d2220,
001b1e1c,
00161715,
001d1f1e,
001e2120,
001e2221,
001f2221,
001f2222,
001f2221,
001f2222,
001f2222,
001e2121,
001c201f,
001b1f1e,
001a1d1c,
000e100f,
00070505,
00101010,
00040706,
00060606,
00060505,
00060505,
00060505,
00060405,
00181717,
00202020,
00181918,
00212221,
00222322,
00222423,
00232423,
00232524,
00242524,
00242524,
00242625,
00252625,
00252726,
00262726,
00262726,
00262827,
00272827,
00272827,
00262827,
00272827,
00272827,
00272827,
00272927,
00272928,
00272928,
00272928,
00272928,
00282928,
00282928,
00282928,
00282928,
00282928,
00282928,
00282928,
00282928,
00282928,
00282928,
00282928,
00282a29,
00282a29,
00282a28,
00282a28,
00282928,
00282928,
00282928,
00282928,
00282928,
00282a28,
00282928,
00282928,
00282928,
00282928,
00282928,
00282928,
00282928,
00282928,
00282928,
00282928,
00282a29,
00282a28,
002a2a29,
00282a29,
00292a28,
00282a29,
00282a28,
00282a28,
00282a29,
00282a28,
00292a29,
00282a29,
00282a29,
00292a29,
00282a28,
00282a29,
00282a29,
00282a29,
00292a29,
00292a28,
00292a29,
00292a29,
00292a29,
00292a29,
00292a29,
00292a29,
00292a29,
00292a29,
00292a2a,
00292a2a,
00292a2a,
00292a29,
00292a29,
00292a29,
00292a29,
00292a2a,
00292a29,
00292a29,
00292a29,
00292a2a,
00292a2a,
00292a29,
00292a29,
00292a29,
00292a29,
00292a29,
00292a29,
00292a2a,
00292a29,
00292a29,
00282929,
00282929,
00282928,
00272928,
00272828,
00262827,
00262727,
00262727,
00252625,
00242524,
00242424,
00201f1e,
001c1513,
00181312,
00101222,
000c1226,
000b1127,
000b1127,
000b1127,
000b1128,
000b1127,
000b1228,
000b1227,
000b1227,
000c1227,
000b1227,
000d1527,
000e1527,
000e1424,
000e1222,
001a1d29,
001a1d25,
00191b1f,
001f1f23,
001e2021,
00292a2a,
00232425,
00232625,
00272b29,
002a2b2b,
00292a2a,
00282929,
00282a29,
00272928,
00262827,
00252626,
00232223,
001f2323,
001d2223,
001e2324,
001f2324,
00202323,
00232625,
002d2e2d,
002b2e2c,
001d1313,
002f302d,
002c2e2c,
002d2e2d,
002c2e2c,
002c2e2c,
002d2e2c,
002e2f2c,
001b1a0d,
0023211d,
00232524,
00252826,
00282a29,
00292a29,
00292a29,
00292a29,
00282928,
00272827,
00262826,
00262726,
00252625,
00222322,
001f1d1d,
00070606,
00060606,
00060606,
00070707,
00070606,
00070707,
000c0e0d,
001b1e1d,
001e1f1e,
001f211f,
00212221,
00212222,
00222323,
00222324,
00212323,
00232524,
00242524,
00252725,
00252726,
00252726,
00262726,
00262726,
00262827,
00262827,
00272827,
00272828,
00272827,
00262826,
00272827,
00272827,
00282926,
00282927,
00292927,
00292a28,
002b2c29,
002b2c29,
002c2d2a,
00232623,
00232523,
00232523,
00232523,
00232423,
00222423,
00202322,
001e2221,
001f2221,
001c201e,
00151616,
001e201f,
001e2120,
001f2221,
001f2221,
00202222,
00202322,
001f2222,
001f2222,
001f2222,
001f2221,
001d2120,
001c1e1e,
001a1b1b,
00181b1a,
00151716,
00040504,
00050706,
00060606,
00050505,
00060505,
00060606,
00090606,
00181818,
001b1b1b,
001e1f1e,
00212221,
00222322,
00222423,
00232423,
00232524,
00242524,
00242624,
00252625,
00252726,
00252726,
00262726,
00262726,
00262726,
00262827,
00272827,
00272927,
00272927,
00272827,
00272927,
00282928,
00272928,
00272928,
00272928,
00272928,
00282928,
00282928,
00282928,
00282928,
00282928,
00282928,
00282928,
00282928,
00282928,
00282928,
00282928,
00282a29,
00282a29,
00282928,
00282928,
00282928,
00282928,
00282928,
00282928,
00272928,
00272928,
00282928,
00282928,
00282928,
00282928,
00282928,
00282928,
00282928,
00282928,
00282928,
00282928,
00282a29,
00282a28,
00292a29,
00282a29,
00282a28,
00282a29,
00282a28,
00282a28,
00282a29,
00282a28,
00282a29,
00282a29,
00282a29,
00282a29,
00282a28,
00282a29,
00282a28,
00282a29,
00292a29,
00292a29,
00292a29,
00292a29,
00292a29,
00282a29,
00292a29,
00292a29,
00292a29,
00292a29,
00292a2a,
00292a2a,
00292a29,
00292a29,
00292a29,
00292a29,
00292a29,
00292a2a,
00292a29,
00292a29,
00292a29,
00292a2a,
00292a2a,
00292a29,
00292a29,
00292a29,
00292a29,
00292a29,
00282a29,
00292a29,
00282a29,
00282a28,
00282929,
00282929,
00272928,
00272828,
00272828,
00262827,
00262727,
00252726,
00252626,
00242525,
00232423,
00201f1f,
001a1412,
00161112,
00111221,
000c1226,
000b1126,
000b1127,
000b1127,
000b1127,
000a1127,
000a1127,
000a1227,
000a1127,
000b1227,
000b1227,
000b1227,
000b1227,
000c1428,
000b1327,
000e1427,
000f1428,
000a1024,
00111724,
001c2027,
00181c1f,
001e2023,
001e2122,
001b1c1d,
002b2e2d,
00282a29,
00272928,
00272929,
00272828,
00262727,
00252626,
00222122,
001f2224,
00181e22,
00181f21,
001f2323,
00202324,
00232726,
002c2d2b,
00312d2d,
00140b0b,
00343432,
00211f1e,
002d2e2d,
002d2e2d,
002b2d2b,
002a2d2a,
00120a06,
00291d0d,
00271e0e,
00231c16,
00252524,
00232524,
00272928,
00282a29,
00282a29,
00282928,
00272927,
00262826,
00262726,
00252625,
00222423,
001f1c1c,
00070606,
00060606,
00060606,
00060606,
00070707,
00070707,
00080808,
001a1d1c,
001d1f1d,
001f211f,
00202220,
00212222,
00222322,
00222323,
00222424,
00222323,
00232524,
00242625,
00252625,
00252725,
00262726,
00262726,
00262827,
00262827,
00272827,
00272827,
00262827,
00262827,
00272827,
00272827,
00282926,
00282926,
00292927,
00292a28,
002b2c29,
002b2c29,
002b2c29,
00232523,
00232623,
00232523,
00222523,
00222523,
00212322,
001e2221,
001e2220,
001c201e,
00121312,
001d1f1d,
001e2221,
001f2221,
00202222,
001f2321,
00202321,
00202322,
00202322,
00202322,
00202322,
001f2222,
001c2020,
001d1f1f,
001c1d1d,
001b1c1c,
00181a1a,
00131616,
00060909,
00070606,
00070506,
00050606,
00060606,
00090506,
00191c1c,
001a1c1c,
001e1e1e,
00222321,
00222322,
00232423,
00232523,
00242524,
00242624,
00252625,
00252625,
00252725,
00252726,
00262726,
00262726,
00262827,
00262826,
00262827,
00262827,
00272827,
00272827,
00272827,
00272927,
00272927,
00272928,
00272928,
00272928,
00272928,
00282928,
00282928,
00282928,
00282928,
00282928,
00282928,
00282928,
00282928,
00282928,
00282928,
00282928,
00282928,
00282928,
00282928,
00282928,
00282928,
00282928,
00282928,
00282928,
00282928,
00282928,
00282928,
00282928,
00282928,
00282928,
00282928,
00282928,
00282928,
00282928,
00282928,
00282a29,
002a2a29,
00292a29,
00282a28,
00282a29,
00282a29,
00292a29,
00282a29,
00282a29,
00282a29,
00282a29,
00282a29,
00282a29,
00282a29,
00282a29,
00282a29,
00282a29,
00292a29,
00292a29,
00292a29,
00292a29,
00292a29,
00292a29,
00292a29,
00292a29,
00292a29,
00292a29,
00292a29,
00292a29,
00292a29,
00292a29,
00292a29,
00292a29,
00292a29,
00292a29,
00292a29,
00292a29,
002a2b29,
00292a29,
00292a29,
00292b29,
00292a29,
00292a29,
00292a2a,
00292a2a,
00292a29,
00282a29,
00282a28,
00282a28,
00282928,
00282929,
00272829,
00282928,
00272828,
00272828,
00262827,
00262727,
00252626,
00242625,
00242525,
00232323,
001c1d1e,
00141313,
00141012,
00101222,
000d1227,
000a1127,
000b1127,
000c1127,
000b1127,
000c1128,
000a1026,
000b1127,
000a1127,
000a1128,
000b1127,
000b1127,
000a1127,
000a1227,
000a1227,
000b1227,
000c1227,
000b1228,
000c1328,
000d1427,
000b1122,
000d1222,
00121622,
00151822,
001b1f24,
00242828,
00272927,
00282928,
00272828,
00262827,
00252626,
001f1f21,
001c2122,
00191e23,
001d2123,
001f2323,
00202425,
001b1e1f,
002a2e2b,
000f0808,
001d1b19,
002e2d2b,
00272625,
00282827,
002d2f2c,
002b2e2d,
001f1814,
00291d0e,
00281e0e,
001c1c17,
00281e0f,
00271f11,
0024211c,
00202222,
00262927,
00282a28,
00282928,
00272827,
00272827,
00272726,
00262725,
00222322,
001f1c1c,
00070607,
00070606,
00060606,
00050505,
00060606,
00090708,
00090708,
000d0f0e,
001d1f1e,
001f201f,
00202121,
00202222,
00212322,
00222422,
00222423,
00232424,
00222423,
00232624,
00242625,
00252625,
00252726,
00262726,
00262826,
00262827,
00262826,
00262827,
00272827,
00282827,
00262827,
00282827,
00282827,
00282827,
00292927,
00282a27,
00292b28,
002b2c29,
002b2c29,
00232523,
00232623,
00222523,
00222523,
00212422,
001e2221,
001e2120,
001c201e,
00191a19,
001d1f1e,
001f2221,
001f2221,
00202321,
00212323,
00202323,
00202322,
00202323,
00202323,
00202323,
00202222,
001f2221,
001f2221,
001e201f,
001c1e1d,
001b1c1c,
00191b1a,
00161816,
00080b0b,
00070606,
00060606,
00070506,
00060505,
00090405,
001a1c1c,
001b1d1c,
001e1f1e,
00222221,
00222322,
00232423,
00242524,
00242625,
00242625,
00252625,
00252725,
00252726,
00252726,
00262726,
00262726,
00262826,
00262826,
00262827,
00262826,
00262827,
00272827,
00272827,
00272927,
00272927,
00272927,
00272928,
00272928,
00272928,
00282928,
00282928,
00282928,
00282928,
00282928,
00282928,
00282928,
00282928,
00282928,
00282928,
00282928,
00282928,
00282928,
00282928,
00282928,
00282928,
00282928,
00282928,
00282928,
00282928,
00282928,
00282928,
00282928,
00282928,
00282928,
00282928,
00282928,
00282a29,
00282a29,
00282a29,
00282a29,
00292a29,
00292a28,
00282a28,
00282a29,
00282a29,
00282a29,
00282a29,
00282a29,
00282a29,
00282a29,
00282a29,
00282a29,
00282a29,
00282a29,
00282a29,
00292a29,
00292a29,
00292a29,
00292a29,
00292a29,
00292a29,
00292a29,
00292a29,
00292a29,
00292a29,
00292a29,
00292a29,
00292a29,
00292a29,
00292a29,
00292a29,
00292a29,
00292b29,
00292b29,
00292b2a,
002a2b2a,
00292b2a,
00292b29,
00292a29,
00292b29,
00292a29,
00292a29,
00292a2a,
00292a29,
00292a29,
00292a2a,
00292a29,
00282a28,
00282928,
00282928,
00272928,
00282928,
00272828,
00262827,
00262727,
00252726,
00252626,
00242625,
00232524,
00222323,
001d1c1e,
0012121c,
00111014,
000f1221,
000c1126,
000b1028,
000b1127,
000b1126,
000b1127,
000b1127,
000c1127,
000a1127,
000b1127,
000b1127,
000b1127,
000b1127,
000b1127,
000c1127,
000b1127,
000b1127,
000c1127,
000b1127,
000b1227,
000c1227,
000c1327,
000d1428,
000f1526,
00111626,
00101524,
000f1422,
001b2025,
00272828,
00262728,
00262726,
00242525,
001e1e20,
00161618,
001c1e1e,
001e2323,
00202425,
00202423,
00222525,
002b2e2d,
00171514,
00373735,
002d2e2c,
00252323,
002c2e2c,
002d2e2d,
0034322f,
00271d10,
00291d0d,
00271d0e,
00162a2a,
0023231e,
00231d0f,
00261e0e,
00221d15,
00212220,
00262827,
00282928,
00262826,
00272726,
00262726,
00252726,
00222422,
001d1919,
00070606,
00060606,
00060505,
00050505,
00060505,
00070707,
00080708,
00050606,
001c1e1c,
001e1f1f,
001f2120,
001f2221,
00212322,
00222322,
00232423,
00232424,
00232424,
00222423,
00232524,
00252625,
00252725,
00262726,
00262726,
00262827,
00262827,
00272827,
00272827,
00282827,
00272827,
00282827,
00282827,
00282927,
00282927,
00282a27,
00282a28,
002b2c29,
002b2c29,
00242624,
00242623,
00232523,
00212423,
001e2221,
001e2221,
001c1e1d,
001c1d1c,
001e201f,
001f2220,
001f2322,
00202322,
00212322,
00212322,
00202323,
00212322,
00212423,
00212322,
00202222,
00212323,
00212322,
001f2121,
001d201f,
001b1e1e,
001b1d1d,
00191b1b,
00181818,
000c0f0d,
00060606,
00060606,
00060505,
00080606,
000b080a,
001b1d1d,
001c1d1d,
001e1f1e,
00212221,
00232422,
00242523,
00242524,
00242625,
00252625,
00252625,
00252725,
00252726,
00262726,
00262826,
00262726,
00262726,
00262827,
00262827,
00262827,
00262827,
00272827,
00272827,
00272827,
00272827,
00272928,
00272928,
00272928,
00282928,
00282928,
00282928,
00282928,
00282928,
00282928,
00282928,
00282928,
00282928,
00282928,
00282928,
00282928,
00282928,
00282928,
00282928,
00282928,
00282928,
00282928,
00282928,
00282928,
00282928,
00282928,
00282928,
00282928,
00282928,
00282928,
00282928,
00282928,
00282928,
00282a28,
00282a29,
00282a28,
00282a28,
00282a29,
00282a29,
00282a29,
00282a29,
00282a29,
00282a29,
00282a29,
00292a29,
00292a29,
00282a29,
00282a29,
00282a29,
00292a29,
00282a29,
00292a29,
00292a29,
00292a29,
00292a29,
00292a29,
00292a29,
00292a29,
00292a29,
00292a29,
00292a29,
00292a29,
00292a29,
00292a29,
00292a29,
00292a29,
00292a29,
00292a29,
00292b2a,
00292a29,
00292b2a,
00292a29,
00292a29,
00292a29,
00292a29,
00292a29,
00292a29,
00292b29,
00292a29,
00292a29,
00292a29,
00292a2a,
00292a2a,
00282a28,
00282928,
00282928,
00272928,
00272928,
00272828,
00272828,
00262727,
00252726,
00252626,
00242625,
00232424,
00222323,
001d1c1e,
00111121,
000f101b,
000f1122,
000a1126,
000b1126,
000b1026,
000b1126,
000b1027,
000b1127,
000a1127,
000b1027,
000b1127,
000b1127,
000b1127,
000b1127,
000b1127,
000b1127,
000b1127,
000c1228,
000c1127,
000c1127,
000c1127,
000c1228,
000b1227,
000b1328,
000c1328,
000d1327,
000d1426,
000f1528,
000f1526,
00232828,
00262727,
00262626,
00242525,
001c1c20,
000a0a0c,
00121417,
00161716,
00191a1c,
001b2020,
00212526,
00232524,
00302f2e,
00171110,
002b2d2b,
002c2e2c,
002d2d2b,
00383836,
0024190e,
00291e0d,
00291d0d,
00261d0e,
00162726,
00272f2b,
0019190f,
00222520,
00251d0f,
00241e11,
0023211c,
00242624,
00252726,
00252726,
00262726,
00262726,
00242524,
001a1616,
00070606,
00060505,
00040404,
00050505,
00060505,
00070707,
000a0a0a,
00080909,
001b1d1c,
001d1f1d,
001d1f1e,
00242525,
000c0c0b,
001f221f,
00222523,
00222423,
00232423,
00232423,
00232423,
00242525,
00252625,
00262726,
00262726,
00262827,
00262827,
00272827,
00272827,
00282827,
00282827,
00272827,
00282827,
00282927,
00282927,
00272927,
00292b28,
002a2c29,
002b2d29,
00222523,
00232523,
00222423,
00202321,
001d2120,
001a1c1b,
001c1e1c,
001f2120,
00202321,
00202321,
00202322,
00202322,
00212323,
00212322,
00212423,
00212422,
00202322,
00212322,
00222423,
00222323,
00212322,
00202222,
001e2120,
001d1f1e,
001b1d1d,
001a1c1c,
00191919,
00101313,
00060606,
00060606,
00060606,
00070405,
001b1c1c,
001c1d1e,
001c1e1d,
001f1f1f,
00222221,
00232423,
00242524,
00242624,
00242625,
00252625,
00252625,
00252725,
00252726,
00262726,
00262726,
00262726,
00262726,
00262827,
00262827,
00262827,
00262827,
00272927,
00272827,
00272827,
00272928,
00272928,
00272928,
00272928,
00282928,
00282928,
00282928,
00282928,
00282928,
00282928,
00282928,
00282928,
00282928,
00282928,
00282928,
00282928,
00282928,
00282928,
00282928,
00282928,
00282928,
00282928,
00282928,
00282928,
00282928,
00282928,
00282928,
00282928,
00282928,
00282928,
00282928,
00282928,
00282928,
00282a28,
00282a28,
00282a28,
00282a28,
00282a29,
00282a29,
00282a29,
00282a29,
00282a29,
00282a29,
00282a28,
00282a29,
00292a29,
00292a29,
00282a29,
00292a29,
00292a29,
00292a29,
00292a29,
00292a29,
00292a29,
00292a29,
00292a29,
00292a29,
00292a29,
00292a29,
00292a29,
00292a29,
00292a29,
00292a29,
00292a29,
00292b29,
00292a29,
00292a29,
00292a29,
00292a2a,
00292a29,
00292a29,
00292a29,
00292a29,
00292a29,
00292a29,
00292a29,
00292a29,
00292a29,
00292b29,
00292a29,
00292a29,
00292a29,
00292a2a,
00282a28,
00282928,
00282928,
00272928,
00272928,
00272828,
00272828,
00262727,
00262727,
00252626,
00242525,
00232424,
00232223,
001a1b1d,
0014121f,
00101120,
000f1121,
000b1025,
000c1026,
000b1026,
000b1027,
000b1027,
000b1127,
000b1027,
000b1027,
000b1127,
000a1026,
000b1127,
000b1127,
000b1127,
000b1128,
000a1027,
000b1127,
000b1127,
000b1127,
000a1127,
000c1227,
000b1227,
000b1228,
000b1328,
000d1328,
000d1327,
00101529,
00101528,
00202527,
00252726,
00252626,
00232524,
0019191d,
00101013,
00141618,
00181513,
00181620,
00121a1a,
00212626,
002a2c2b,
002b2f2d,
002b2e2c,
002c2d2c,
002d2d2c,
00323431,
001e120a,
00291e0c,
00291e0d,
00291e0d,
00251b0d,
00172b2b,
001b2c2a,
00181a12,
001d2c2c,
0026312b,
001c1a0e,
00251d0e,
00201c14,
00242420,
00252726,
00252726,
00262726,
00252524,
00191616,
00070606,
00040404,
00050404,
00050505,
00060606,
00060707,
00121413,
00151717,
001b1d1b,
001b1c1b,
000c0b0b,
00040202,
00020100,
00020000,
00070706,
00242724,
00232524,
00232523,
00232423,
00242525,
00232524,
00242625,
00252726,
00262726,
00262827,
00272827,
00272827,
00272827,
00272827,
00272827,
00282827,
00282927,
00282927,
00282a27,
00282928,
00292b29,
002a2c2a,
00242524,
00222423,
001f2321,
001e2220,
00181d1a,
001a1c1b,
001f2120,
00202322,
00212423,
00202423,
00202423,
00202423,
00202423,
00212423,
00212423,
00202322,
00212422,
00212422,
00212422,
00212422,
00212322,
00202221,
001f2121,
001d1f1f,
001c1e1e,
001a1c1d,
00191a19,
00121615,
00060606,
00050606,
00060505,
00141213,
001c1d1d,
001d1e1e,
001d1e1e,
001f201f,
00222221,
00232423,
00232524,
00242624,
00242625,
00252625,
00252625,
00252726,
00252726,
00252726,
00262726,
00262726,
00262726,
00262827,
00262827,
00262827,
00272827,
00272827,
00272827,
00272927,
00272928,
00282928,
00272928,
00272928,
00282928,
00282928,
00282928,
00282928,
00282a28,
00282928,
00282928,
00282928,
00282928,
00282928,
00282928,
00282928,
00282928,
00282928,
00282928,
00282928,
00282928,
00282928,
00282928,
00282928,
00282928,
00282928,
00282928,
00282928,
00282928,
00282928,
00282928,
00282a28,
00282a29,
00282a28,
00282a28,
00282a29,
00282a29,
00282a29,
00282a29,
00282a29,
00282a29,
00282a29,
00282a29,
00292a29,
00282a29,
00292a29,
00292a29,
00282a28,
00282a29,
00292a29,
00292a29,
00292a29,
00292a29,
00292a29,
00292a29,
00292a29,
00292a29,
00292a29,
00292a29,
00292a29,
00292a29,
00292a29,
00292a29,
00292a29,
00292b2a,
00292b2a,
002a2b2b,
00292a2a,
00292a29,
00292a29,
00292a29,
00292a29,
00292a29,
00292a2a,
00292a2a,
00292a2a,
00292a29,
00292b29,
00292a29,
00292a29,
00292a29,
00292a2a,
00292a2a,
00282a28,
00282928,
00282929,
00282928,
00272828,
00272828,
00272828,
00262727,
00262727,
00262626,
00252524,
00232424,
00222323,
001a1b1c,
0019171e,
00131322,
00121424,
000b1026,
000c1028,
000b1027,
000b1026,
000a1026,
000b1127,
000b1027,
000b1027,
000b1127,
000b1127,
000c1027,
000b1027,
000b1128,
000a1127,
000a1127,
000b1127,
000b1027,
000b1227,
000a1127,
000b1227,
000c1228,
000b1228,
000b1228,
000c1328,
000d1428,
000f1528,
00111729,
00232827,
00252626,
00252626,
00222423,
00161618,
001c2023,
00131919,
00262929,
00222324,
00191d1d,
00232828,
00292d2c,
00232423,
002c2e2c,
002d2e2e,
002c2e2c,
00120c0a,
00281e0f,
00291e0f,
00291d0c,
00291d0d,
0021190b,
001d2a28,
00162929,
00151c16,
00182c2b,
001e312e,
00202927,
001d1e1a,
00241d0f,
00221b0d,
00232221,
00242725,
00252725,
00252523,
001b1617,
00070606,
00050404,
00050404,
00050404,
00070606,
00070707,
00111313,
00151716,
001e1e1e,
00020000,
00020102,
00232423,
00202120,
00222221,
00151314,
00020504,
00222624,
00242524,
00242524,
00232524,
00232524,
00232524,
00252726,
00262826,
00262827,
00272827,
00282827,
00282827,
00272827,
00272827,
00272827,
00282927,
00282927,
00292a27,
002a2a28,
002a2b28,
002a2c2a,
00202423,
00202322,
001f2221,
001c1f1d,
001a1b1a,
001f211f,
00202321,
00212422,
00212524,
00212423,
00212423,
00202423,
00212423,
00212423,
00212322,
00222423,
00222423,
00212422,
00212322,
00212323,
00212322,
00202222,
001f2121,
001d1f1f,
001c1f1d,
001a1d1c,
00191a1a,
00141716,
00060606,
00050505,
00050505,
000d0a0a,
001c1d1d,
001c1e1d,
001d1e1e,
0020201f,
00222221,
00232423,
00232523,
00242524,
00242625,
00252625,
00252625,
00252725,
00252726,
00252726,
00262726,
00262726,
00262827,
00262827,
00262827,
00272827,
00272827,
00272827,
00272827,
00272928,
00272928,
00282928,
00272927,
00272928,
00282928,
00282928,
00282928,
00282928,
00282928,
00282928,
00282928,
00282928,
00282928,
00282928,
00282928,
00282928,
00282928,
00282928,
00282928,
00282928,
00282928,
00282928,
00282928,
00282928,
00282928,
00282928,
00282928,
00282928,
00282928,
00282a29,
00282a28,
00282a29,
00282a28,
00282a29,
00282a29,
00282a28,
00282a28,
00282a28,
00282a28,
00282a28,
00282a29,
00282a29,
00282a29,
00282a28,
00282a29,
00282a28,
00282a28,
00282a29,
00282a29,
00282a29,
00292a29,
00282a29,
00292a29,
00292a29,
00292a29,
00292a29,
00292a29,
00282a29,
00282a29,
00292a29,
00292a29,
00292a29,
00292a29,
00292a29,
00282a29,
00292a29,
00292a2a,
00292b2a,
00292a29,
00292a29,
00292b29,
00292a29,
00292a29,
00292a2a,
00292b2a,
00292a2a,
00292b29,
00292b29,
00292b29,
00292a29,
00292a2a,
00282a29,
00282929,
00282929,
00282929,
00282928,
00282928,
00272828,
00272828,
00272828,
00262727,
00262727,
00252626,
00242525,
00232424,
00212222,
001b1b1c,
00201f21,
00131322,
000f1121,
000a1026,
000b1027,
000b1027,
000a1027,
000a1026,
000a1026,
000b1027,
000b1026,
000a1026,
000b1127,
000b1027,
000b1027,
000b1027,
000b1127,
000b1127,
000b1127,
000c1127,
000c1227,
000a1127,
000b1127,
000c1227,
000b1228,
000c1228,
000c1328,
000e1428,
000e1528,
000e1528,
00232625,
00252626,
00242525,
00222323,
000e1013,
001c2021,
00131518,
00121516,
001b1c1b,
00222526,
00252929,
002a2d2c,
002c2e2d,
002e302f,
002c2d2c,
00131414,
002a2d2d,
002f2e2d,
00221b10,
00291e0e,
00291e0d,
001f180d,
000c1411,
00172b2b,
00131e1c,
00142a2a,
001d302d,
00152421,
00181b16,
0016201d,
00241c0f,
00251c0f,
00221e18,
00242525,
00232422,
001e191a,
00060505,
00050404,
00050404,
00050505,
00060505,
00070707,
00141514,
000e0e0e,
00030202,
000a0909,
001f2120,
00202120,
00212321,
00232422,
00242424,
001b1719,
00070a09,
00232623,
00242625,
00252525,
00242524,
00242524,
00242624,
00252726,
00262826,
00272827,
00272827,
00272927,
00272827,
00272827,
00272926,
00282927,
00282927,
00282927,
00292a27,
00292a28,
00292b29,
00202322,
001f2221,
001c1f1e,
001c1f1d,
001e211f,
00202221,
00212323,
00212524,
00222524,
00212524,
00212423,
00212423,
00212423,
00222422,
00222523,
00222523,
00222423,
00222322,
00212322,
00212323,
00212322,
00202222,
001f2121,
001e2020,
001d1f1f,
001b1d1d,
001a1b1b,
00141716,
00030403,
00050404,
00050404,
000a0506,
001c1d1d,
001c1e1d,
001e1f1e,
001f201f,
00222221,
00232423,
00232524,
00242524,
00242524,
00252625,
00252625,
00252725,
00252726,
00252726,
00262726,
00262726,
00262827,
00262827,
00272827,
00272827,
00272827,
00272827,
00272928,
00272928,
00272928,
00272928,
00272928,
00282928,
00272928,
00282928,
00282928,
00282928,
00282928,
00282928,
00282928,
00282928,
00282928,
00282928,
00282928,
00282928,
00282928,
00282a28,
00282928,
00282928,
00282a28,
00282a28,
00282a28,
00282928,
00282928,
00282928,
00282928,
00282928,
00282928,
00282928,
00282928,
00282928,
00282928,
00282928,
00282928,
00282928,
00282928,
00282a28,
00282a28,
00282a28,
00282928,
00282928,
00282a28,
00282928,
00282a28,
00282928,
00282a29,
00282a29,
00292a29,
00292a29,
00282a29,
00282a29,
00282a28,
00282a29,
00282a29,
00282a29,
00282a29,
00282a29,
00282a29,
00292a29,
00292a29,
00292b29,
00292b29,
00292a29,
00292a29,
00292a29,
00292b29,
00292a29,
00292a29,
00292a29,
00292a29,
00292a29,
00292a29,
00292a2a,
00292a2a,
00292a2a,
00292a29,
00292b29,
00292b2a,
00292a29,
00282a2a,
00292a2a,
00282929,
00282929,
00282929,
00282929,
00272928,
00272828,
00272828,
00262727,
00262727,
00252726,
00252626,
00252525,
00242424,
00222221,
00181719,
00191a1b,
00101220,
000c1022,
000a1025,
000b1026,
000a1026,
000a1026,
000a0f26,
000a1026,
000b1027,
000b1026,
000a1026,
000b1026,
000a1027,
000b1027,
000b1026,
000b1026,
000b1027,
000b1127,
000b1127,
000b1127,
000b1127,
000b1127,
000b1227,
000c1228,
000c1328,
000d1328,
000e1428,
000d1428,
000d1528,
00242525,
00252626,
00242525,
00222323,
000b0d10,
001a1c1b,
00131317,
001b1e1d,
001c1e1c,
00202424,
00272b2b,
002a2d2c,
002a2d2c,
00222323,
001b1c1b,
002b2e2d,
00282c2c,
00282c2c,
00282c2c,
002c2f2c,
00221b10,
00281f10,
001d1a10,
001c2623,
00152221,
001c2c2b,
001c2c2b,
000f1f1d,
001c1c13,
00172927,
00231c13,
001f231d,
00251c10,
0022190e,
00252321,
001e1c1c,
00070506,
00060505,
00050405,
00050505,
00050505,
00080707,
00040204,
00020102,
001e1f1f,
001d201e,
0020211f,
00212221,
00222322,
00232523,
00232523,
00232323,
00181415,
000a0c0b,
00222524,
00252625,
00242525,
00242625,
00242525,
00242625,
00252726,
00272827,
00272827,
00272928,
00272827,
00272827,
00272827,
00282928,
00272927,
00282927,
00292a27,
00292a28,
00292b28,
001e2320,
001d201e,
001b1d1c,
001f2120,
00212221,
00212422,
00222523,
00222524,
00222524,
00212524,
00212524,
00212423,
00222523,
00232624,
00222523,
00222523,
00222423,
00222423,
00212323,
00212323,
00212323,
00202222,
001f2121,
001e2020,
001d1f1e,
001b1e1d,
001a1c1b,
00181918,
00131615,
00040404,
00050404,
00080404,
001b1d1d,
001c1d1d,
001f1f1f,
001f201f,
00212321,
00222423,
00232523,
00242524,
00242624,
00252625,
00252625,
00252725,
00252726,
00262726,
00262726,
00262826,
00262827,
00262826,
00272827,
00272827,
00272827,
00272827,
00272927,
00272928,
00272827,
00272927,
00272827,
00272927,
00272928,
00272928,
00272928,
00272928,
00272928,
00272928,
00272927,
00272928,
00282928,
00282928,
00282928,
00282928,
00282928,
00282928,
00282928,
00282928,
00282928,
00282928,
00282928,
00282928,
00282928,
00282928,
00282928,
00282928,
00282928,
00282928,
00282a28,
00282928,
00282928,
00282928,
00282928,
00282928,
00282928,
00282928,
00282928,
00282928,
00282928,
00282928,
00282928,
00282928,
00282928,
00282928,
00282928,
00282a28,
00282a29,
00292a29,
00282a29,
00282a29,
00282a28,
00282a29,
00282a29,
00282a29,
00282a29,
00282a29,
00282a29,
00282a29,
00282a28,
00282a29,
00282a29,
00292a29,
00282a29,
00282a29,
00292a29,
00292a29,
00292a29,
00292a29,
00292a29,
00292a29,
00292a29,
00292a2a,
00292a2a,
00292a29,
00292a29,
00292a29,
00292a29,
00292a29,
00282a29,
00282a28,
00282a29,
00292a29,
00282929,
00282928,
00272928,
00272828,
00262827,
00262727,
00262727,
00252626,
00252626,
00252525,
00232424,
00222222,
0015141a,
001a1a1f,
00111221,
000b0f23,
000a1025,
000b0f26,
000b0f26,
000a1026,
000a0f26,
000a0f26,
000a1026,
000a1026,
000b1027,
000b1027,
000b1027,
000b1026,
000b1026,
000b1026,
000b1027,
000b1128,
000b1127,
000b1127,
000b1127,
000b1127,
000b1227,
000c1228,
000c1328,
000e1328,
000e1428,
000d1427,
000e1528,
00242525,
00242625,
00242525,
00222324,
00111315,
000f0c0b,
00121212,
00171a1f,
00151315,
00202424,
00272b2b,
002a2d2c,
002a2d2c,
002b2d2c,
002b2f2e,
00292d2c,
00292d2c,
00282c2c,
00272b2a,
00292d2c,
00252c2b,
002c2d2a,
00201b10,
00272112,
00282c28,
002a312f,
001c2b29,
000c1b19,
001e1f15,
001d2c28,
001c190f,
001f2b2a,
001a211d,
001d1b11,
0024190e,
00150907,
00070506,
00060505,
00060505,
00050505,
00060606,
00080808,
00171817,
001d1e1e,
001e1f1e,
001f2020,
00212221,
00212322,
00222423,
00242524,
00242524,
00242525,
00242423,
000e0a0c,
000f1311,
00232524,
00242524,
00252625,
00252625,
00242625,
00242625,
00252726,
00272827,
00262827,
00272927,
00272927,
00272827,
00282928,
00292927,
00282a27,
00282a27,
00292a28,
00292a28,
001d211f,
001c1e1c,
001f201f,
00212221,
00212422,
00212524,
00222524,
00222625,
00222625,
00222524,
00222423,
00232524,
00232524,
00232524,
00222523,
00222523,
00222423,
00222424,
00222323,
00222323,
00212322,
00212222,
00202221,
001f2120,
001e201f,
001e1e1e,
001b1c1b,
00181918,
00151817,
00040404,
00050404,
00070303,
001c1e1e,
001b1d1c,
001e1f1e,
0020211f,
00212221,
00222423,
00232524,
00242524,
00242625,
00252625,
00252625,
00252725,
00252726,
00262726,
00262726,
00262826,
00262827,
00272827,
00272827,
00272926,
00272827,
00272828,
00272827,
00272927,
00272928,
00272827,
00272827,
00272827,
00272928,
00272928,
00272928,
00272928,
00272928,
00272928,
00272928,
00272928,
00282928,
00282928,
00282928,
00282928,
00282928,
00282928,
00282928,
00282928,
00282928,
00282928,
00282928,
00282928,
00282928,
00282928,
00272928,
00272928,
00272928,
00272927,
00272928,
00282928,
00282928,
00282928,
00282928,
00282928,
00282928,
00282928,
00282928,
00282928,
00282928,
00282928,
00282928,
00282928,
00282928,
00282928,
00282928,
00282928,
00282a28,
00282a29,
00292a29,
00292a29,
00282a28,
00282a28,
00282a29,
00282a29,
00292a2a,
00292a2a,
00282a29,
00282a29,
00282a29,
00292a2a,
00292a29,
00282a29,
00292a29,
00292a29,
00282a29,
00282a29,
00282a29,
00282a29,
00292a29,
00292a29,
00292a29,
00282a29,
00292a2a,
00292a2a,
00282a29,
00292a29,
00292a29,
00282a29,
00282a29,
00282928,
00282928,
00282929,
00282929,
00282929,
00282928,
00272828,
00272828,
00272828,
00262727,
00262727,
00252626,
00242525,
00222423,
00202121,
00121017,
00161320,
00121220,
000b1023,
000b1026,
000a1026,
000a0f26,
000a0f26,
000a1026,
000b1026,
000b1026,
000a1027,
000b1027,
000b1027,
000a1026,
000a1026,
000b1027,
000b1027,
000b1027,
000b1027,
000b1127,
000b1026,
000c1127,
000b1127,
000b1227,
000c1228,
000c1328,
000c1328,
000d1327,
000e1328,
000c1427,
00242625,
00242525,
00232425,
00222323,
00181b1e,
00171211,
00171d19,
00161821,
00120c0e,
00212524,
00262b2b,
00292d2c,
002a2d2c,
002a2d2c,
00292d2c,
002a2d2c,
002a2d2c,
00282d2c,
00282d2c,
00292c2c,
00292c2c,
00282c2b,
002a2d2d,
0027231d,
002a1f13,
00221c11,
00212520,
00161f1d,
001d2725,
001e2824,
001d1910,
000f1c19,
00172120,
00192926,
001f2118,
00261b0c,
0019100e,
00060506,
00050505,
00050505,
00060606,
00070808,
00171918,
001b1d1c,
001d1f1e,
00202121,
00212222,
00222322,
00232523,
00242524,
00242625,
00242624,
00242524,
00232322,
00090607,
00191f1c,
00242524,
00232625,
00252725,
00252626,
00252626,
00252625,
00262826,
00272827,
00272827,
00272827,
00272827,
00272928,
00272927,
00272927,
00282927,
00292a28,
00292a28,
001d1f1c,
001f201f,
00212321,
00202322,
00212423,
00212524,
00222524,
00222625,
00232525,
00222523,
00232624,
00232624,
00232624,
00232524,
00222523,
00222523,
00222423,
00222423,
00222423,
00222323,
00212322,
00202222,
00202221,
001f2121,
001e201f,
001e1f1e,
001a1c1b,
00181a18,
00060909,
00040404,
00060505,
00181414,
001d1e1e,
001d1e1d,
001f201e,
00202120,
00212221,
00232423,
00232524,
00242524,
00242625,
00252625,
00252625,
00252625,
00252726,
00262726,
00262726,
00262726,
00262827,
00272827,
00262827,
00262826,
00272827,
00272828,
00272827,
00272827,
00272827,
00272827,
00272827,
00272827,
00272927,
00272927,
00272927,
00272927,
00272928,
00272928,
00272928,
00282928,
00282928,
00282928,
00282928,
00282928,
00282928,
00282928,
00272928,
00272928,
00272928,
00282928,
00282928,
00272928,
00272928,
00282928,
00272928,
00272928,
00282928,
00282928,
00282928,
00282928,
00282928,
00282928,
00282a28,
00282928,
00282928,
00282928,
00282928,
00282928,
00282928,
00282928,
00282928,
00282928,
00282928,
00282928,
00282928,
00282928,
00282928,
00282928,
00282928,
00282a28,
00282a28,
00282a28,
00282a29,
00282a29,
00292a29,
00292a29,
00292a29,
00282a29,
00282a29,
00292a2a,
00282a28,
00282a29,
00282a29,
00282a29,
00282a29,
00282a29,
00282a29,
00282a29,
00282a29,
00282a29,
00292a29,
00282a29,
00282a29,
00282a29,
00282a29,
00282a28,
00282a28,
00282a29,
00282928,
00282928,
00282928,
00282a28,
00272928,
00282928,
00272828,
00272827,
00272827,
00272828,
00262727,
00262727,
00252626,
00242525,
00232424,
00202222,
00070609,
000c0b12,
0011121f,
000c1023,
00090f25,
00090f26,
000a0f26,
000a0f26,
000a1026,
000b1026,
000b1026,
000b1027,
000c1027,
000b1027,
000b1027,
000b1027,
000c1027,
000b1027,
000a1026,
000b1026,
000c1127,
000b1127,
000b1126,
000b1127,
000b1127,
000c1228,
000c1328,
000c1228,
000d1327,
000d1328,
000c1325,
00242525,
00242525,
00232425,
00222323,
001e2124,
00171516,
00191b18,
00121419,
00130a0d,
00212525,
00272c2c,
00292d2c,
002a2d2d,
002a2d2d,
002a2d2d,
002a2d2c,
002a2d2c,
00292d2c,
00282d2c,
00292c2c,
00292c2c,
00282c2c,
00282c2c,
00272b2b,
002d2f2c,
00231a13,
00281e11,
00232219,
001a211c,
0019211a,
00211f15,
00142220,
00151a16,
00141f1b,
00222d28,
00271b0b,
00251913,
00040505,
00050505,
00050505,
00060606,
00080909,
00181918,
001c1e1c,
001e201f,
00202221,
00212322,
00222423,
00242524,
00242625,
00242625,
00252625,
00252625,
00242624,
00242223,
00090708,
00222625,
00262625,
00252625,
00252726,
00262726,
00262626,
00252726,
00262827,
00272827,
00272827,
00272827,
00272927,
00272927,
00272927,
00282a27,
00292a28,
002a2a28,
001e211e,
00212221,
00222323,
00212423,
00212524,
00222524,
00222625,
00222625,
00232524,
00232624,
00232624,
00232624,
00232624,
00222523,
00222523,
00222523,
00222523,
00222423,
00222423,
00222422,
00212323,
00212223,
00202221,
00202121,
001f2020,
001d1f1d,
001b1d1c,
00171a19,
00020303,
00040404,
00070506,
00211f1f,
001d1e1f,
001d1e1d,
001e1f1e,
00202120,
00222321,
00232423,
00232523,
00242524,
00242625,
00242625,
00252625,
00252625,
00252725,
00262726,
00262726,
00262726,
00262827,
00262827,
00262827,
00262827,
00262827,
00262827,
00262827,
00262827,
00272827,
00272827,
00272827,
00272827,
00272827,
00272827,
00272827,
00272827,
00272928,
00272928,
00272928,
00272928,
00272928,
00272928,
00272928,
00282928,
00272928,
00272928,
00272927,
00272928,
00272928,
00272928,
00272928,
00272928,
00272928,
00282928,
00272928,
00272928,
00282928,
00282928,
00282928,
00282928,
00282928,
00282928,
00282928,
00282928,
00282928,
00282928,
00282929,
00282928,
00282928,
00282928,
00282928,
00282928,
00282928,
00282928,
00282928,
00282928,
00282928,
00282a28,
00282a28,
00282928,
00282a28,
00282a29,
00282a29,
00282a29,
00282a29,
00282a29,
00282a29,
00282a29,
00282a29,
00292a29,
00292a29,
00282a29,
00282a29,
00282a29,
00282a28,
00292a29,
00282a29,
00282a29,
00282a29,
00282a29,
00282a29,
00282a29,
00282a29,
00282a29,
00282a29,
00282a29,
00282a28,
00282a28,
00282928,
00282929,
00282929,
00282929,
00272927,
00272928,
00272828,
00272827,
00272827,
00262727,
00262727,
00252626,
00252626,
00242525,
00222423,
00212222,
000b0c0d,
0014151b,
0011121e,
000b0f23,
000a0f25,
000a0f26,
000a0f25,
000a0f26,
000a0f26,
000a0f26,
000a0f26,
000b1027,
000b1027,
000b1027,
000b1027,
000b1027,
000c1027,
000b1027,
000a1026,
000b1027,
000c1027,
000b1127,
000b1126,
000b1127,
000b1227,
000c1227,
000c1228,
000c1328,
000c1327,
000c1328,
00090f20,
00242525,
00242525,
00242424,
00202122,
001e2224,
00202124,
001e2021,
00141418,
001d1a1c,
00171b1d,
00292c2c,
002a2d2d,
002a2e2d,
002b2e2d,
002a2d2d,
002a2d2d,
002a2d2c,
002a2d2c,
00282d2c,
00292c2c,
00292c2c,
00282c2c,
00292c2b,
00282c2b,
00282c2c,
00292c2c,
002a2621,
00271d0e,
00271e0e,
00201b0c,
002d312b,
00111f1d,
001b2422,
00151b15,
00171c15,
00261a0c,
001a0e09,
00040505,
00040505,
00050505,
00060606,
000a0b0b,
001b1a19,
001d1e1d,
001f201f,
00212222,
00212322,
00232423,
00242524,
00252625,
00252625,
00252625,
00252625,
00262725,
00252625,
00211f21,
00070908,
00232624,
00252725,
00242726,
00252726,
00262727,
00262726,
00252726,
00262827,
00272827,
00272928,
00272927,
00272927,
00272927,
00282a27,
00292a28,
002a2a28,
00212321,
00212422,
00222424,
00212524,
00222524,
00232624,
00232624,
00232624,
00252625,
00232624,
00232624,
00232624,
00232624,
00222523,
00222523,
00222423,
00232523,
00222523,
00232423,
00222423,
00212323,
00202223,
00202221,
00202121,
001f211f,
001d1f1d,
001b1c1b,
00151917,
00040404,
00040505,
00080505,
001d1e1e,
001e1f1f,
001d1e1e,
001e201f,
00202221,
00222322,
00232423,
00242524,
00242524,
00252625,
00252625,
00252625,
00252625,
00252725,
00262726,
00262726,
00262726,
00262826,
00262726,
00262726,
00262827,
00262827,
00262827,
00272827,
00272827,
00272827,
00272827,
00272827,
00272827,
00272827,
00272827,
00272827,
00272827,
00272827,
00272928,
00272928,
00272928,
00272927,
00272927,
00272927,
00272928,
00272928,
00272928,
00272928,
00272928,
00272928,
00272928,
00282928,
00272928,
00272928,
00282928,
00272928,
00272928,
00272928,
00282928,
00272928,
00282928,
00282928,
00282928,
00282928,
00272a28,
00282928,
00282928,
00272928,
00282928,
00282928,
00282928,
00282928,
00272928,
00282928,
00282928,
00282928,
00282928,
00282928,
00282929,
00282929,
00282a28,
00282a29,
00282a29,
00282a29,
00282a29,
00282a29,
00292a2a,
00292a2a,
00282a29,
00282a29,
00282a28,
00282a28,
00282a29,
00292a29,
00292a2a,
00282a28,
00292a29,
00282a29,
00282a29,
00282a29,
00282a29,
00282a28,
00282a29,
00282a29,
00282928,
00282a28,
00282a29,
00282a28,
00282929,
00282929,
00282928,
00282929,
00272928,
00272928,
00272828,
00272828,
00272827,
00272827,
00262827,
00262727,
00252626,
00242625,
00242525,
00222423,
001f2020,
001d1e20,
001c1b23,
00121220,
000c0f24,
000a0f25,
000a0f26,
000a0f25,
000a0e25,
000a0f26,
000b0f26,
000a0f26,
000b1027,
000a1026,
000b1027,
000b1026,
000b1026,
000c1027,
000b1027,
000a1026,
000a1026,
000b1126,
000b1126,
000b1126,
000b1127,
000b1127,
000c1227,
000c1228,
000c1328,
000c1227,
000d1227,
00090e1e,
00242525,
00242525,
00222423,
001e1e21,
001c2021,
00111314,
00171514,
001e2020,
001f2223,
00202425,
00292c2c,
002a2d2d,
002b2e2e,
002b2e2d,
002a2e2d,
002a2d2d,
002a2d2c,
002a2d2c,
00292c2c,
00292c2c,
00292c2c,
00282d2c,
00282c2c,
00282c2c,
00282c2b,
00292c2c,
00272b2a,
00281d0b,
00281d0e,
00281d0d,
00211d10,
001d211c,
001d2a28,
00192321,
0016150c,
00261b0c,
00180b09,
00050405,
00040505,
00050505,
00070707,
000f1110,
001b1b1a,
001d1e1d,
00202120,
00212222,
00212322,
00232423,
00242524,
00252625,
00252625,
00262726,
00272726,
00262726,
00262726,
00252625,
00171415,
001a1c1a,
00232625,
00252726,
00252726,
00262826,
00262727,
00252726,
00262726,
00272827,
00282928,
00272927,
00272927,
00272927,
00282a27,
00292a28,
00292a28,
00202423,
00212524,
00212524,
00222524,
00222524,
00232624,
00242624,
00242625,
00242625,
00232624,
00232624,
00232524,
00232624,
00222523,
00222523,
00232423,
00232423,
00222523,
00222423,
00232423,
00212323,
00212323,
00212222,
00202120,
001f201f,
001d1f1d,
001b1c1b,
00141a17,
00050505,
00060505,
000a0506,
001d1f1e,
001e201f,
001e1f1f,
001f2020,
00212221,
00222322,
00232523,
00242524,
00242524,
00242624,
00242625,
00252625,
00252625,
00252725,
00262726,
00262726,
00262726,
00262726,
00262726,
00262726,
00262726,
00262827,
00262827,
00272827,
00272827,
00272827,
00272827,
00272827,
00272827,
00272827,
00272827,
00272827,
00272827,
00272928,
00272928,
00272928,
00272928,
00272928,
00282928,
00272928,
00272928,
00272928,
00272928,
00272928,
00272928,
00272928,
00272928,
00272928,
00272928,
00272928,
00282928,
00272928,
00272928,
00272928,
00272928,
00272928,
00272928,
00272928,
00282928,
00282928,
00282928,
00272928,
00282928,
00272928,
00272928,
00272928,
00272928,
00282928,
00282928,
00272928,
00282928,
00272928,
00272928,
00282928,
00272928,
00272928,
00272927,
00272928,
00282928,
00282929,
00282a28,
00282929,
00282929,
00282a29,
00282a29,
00282a29,
00282a29,
00292a29,
00282a29,
00292a29,
00292a2a,
00292a29,
00292a29,
00282a29,
00292a29,
00292a2a,
00292a29,
00282a29,
00292a29,
00282a29,
00282a29,
00282a29,
00282a29,
00282a28,
00282928,
00282928,
00282928,
00282929,
00282929,
00272827,
00272828,
00272827,
00262827,
00262727,
00262727,
00262727,
00252626,
00242525,
00232524,
00222323,
00212221,
0029282e,
001e1d28,
00111120,
000c0f23,
000a0f25,
000a0f25,
000a0f25,
000a0f25,
000a0f26,
000b0f25,
000b0f26,
000a0f26,
00090e25,
00121024,
000f0f21,
00141529,
000c1026,
000c1027,
000d1128,
000b1026,
000c1127,
000b1126,
000c1126,
000b1127,
000b1227,
000c1227,
000d1228,
000c1227,
000c1227,
000c1226,
001d222b,
00242525,
00242525,
00232424,
001e1d20,
00191e1f,
001b1f20,
001c1918,
0020201f,
001f2223,
001f2223,
00292c2c,
002a2d2d,
002b2e2d,
002b2e2e,
002b2e2e,
002a2d2d,
002a2d2d,
00292d2d,
00292c2c,
00292c2c,
00292c2c,
00292c2c,
00282c2c,
00292c2c,
00292c2c,
00282c2c,
002c2b29,
002b1e16,
00140509,
001c1010,
0025211b,
0023170c,
00272822,
00192422,
00111109,
00261c0b,
001e1715,
00050404,
00050606,
00050505,
00070707,
00121514,
001b1c1b,
001e1f1e,
00202121,
00212321,
00222322,
00232423,
00242624,
00252625,
00252625,
00262726,
00272726,
00272726,
00262726,
00252725,
00262425,
00060404,
00232725,
00242726,
00252726,
00262826,
00262726,
00262827,
00262726,
00262726,
00272927,
00272928,
00272927,
00272927,
00282927,
00292a28,
00292a28,
00222524,
00222625,
00222625,
00222625,
00222625,
00232624,
00242625,
00242625,
00232624,
00242625,
00232624,
00232524,
00232524,
00232524,
00232423,
00232423,
00232423,
00232523,
00222423,
00232423,
00222323,
00212323,
00212222,
00202220,
001f201f,
001d1e1d,
001b1c1b,
00141917,
00050505,
00060505,
000e0809,
001e1f1f,
001f2020,
001f2020,
00202221,
00212322,
00222422,
00232523,
00242524,
00242524,
00242624,
00242624,
00252625,
00252625,
00252725,
00252726,
00252726,
00262726,
00252726,
00262726,
00262726,
00262726,
00262827,
00262826,
00272827,
00272827,
00272827,
00272827,
00272827,
00272827,
00272827,
00272827,
00272928,
00272927,
00272928,
00272928,
00272928,
00272928,
00272928,
00282928,
00272928,
00272928,
00272927,
00272928,
00272928,
00272928,
00272928,
00272928,
00272928,
00272928,
00272928,
00272927,
00272928,
00272928,
00272928,
00272928,
00272928,
00272927,
00272928,
00272928,
00272928,
00272928,
00272927,
00272928,
00282928,
00272927,
00272928,
00272927,
00272928,
00272927,
00272928,
00272928,
00282928,
00282928,
00272927,
00282928,
00272928,
00282929,
00282929,
00282929,
00272928,
00272927,
00282929,
0028292a,
0028292a,
00282928,
00282928,
00282928,
00282a28,
00282928,
00292a29,
00282a29,
00282a29,
00292a29,
00292a2a,
00292a29,
00292b29,
00282b2a,
00292b29,
00292a29,
00282a2a,
00292a2a,
00292a29,
00282a29,
00282a28,
00282928,
00282929,
00282928,
00272928,
00282929,
00272828,
00272828,
00272828,
00262827,
00262727,
00252726,
00252626,
00252626,
00242525,
00242424,
00222323,
001f2021,
002a2a2e,
0015151d,
00111120,
000c0f23,
000a0f25,
000a0e25,
000a0f25,
000a0e25,
000a0e25,
000a0e25,
000a0f26,
000a0f26,
00091024,
000b0b15,
0036373d,
0007060b,
0033303b,
000f0e1c,
00111120,
0008081d,
000c0e25,
000c1127,
000a1126,
000b1227,
000b1227,
000b1127,
000c1127,
000d1228,
000c1127,
000c1228,
0023282c,
00242525,
00242525,
00232324,
001c1c1e,
0017181f,
0016171e,
00161b1b,
001d2222,
001d2222,
001e2223,
00292d2c,
002a2d2d,
002b2f2e,
002b2f2e,
002b2f2e,
002a2e2d,
002a2d2d,
00292d2c,
00292c2c,
00292c2c,
00292c2c,
00292c2c,
00292c2c,
00292c2c,
00282c2c,
00292c2b,
00261a14,
00170a0e,
001d181a,
002d2729,
000e0508,
002c302e,
001e1710,
00211a0f,
001b1a11,
0025241e,
00191715,
00040303,
00060506,
00050505,
00070707,
00161918,
001b1d1b,
001e201e,
00212221,
00212322,
00222423,
00232523,
00242625,
00252625,
00252625,
00262726,
00272726,
00262726,
00272726,
00272726,
00262625,
00242122,
00060806,
00252826,
00252726,
00262826,
00262827,
00262826,
00262827,
00252726,
00272827,
00272927,
00272927,
00282a27,
00282a27,
00292a28,
00292a28,
00232624,
00222625,
00222625,
00222625,
00232624,
00242625,
00252625,
00242625,
00242625,
00242625,
00242625,
00232624,
00232524,
00232523,
00232423,
00232423,
00232423,
00232524,
00222423,
00232423,
00222323,
00212323,
00202222,
00202221,
001f201f,
001e1f1d,
001a1c1a,
000b0e0d,
00050505,
00070505,
001e1b1b,
001f2020,
00202121,
001f2120,
00212221,
00222322,
00232423,
00232523,
00242524,
00242524,
00242625,
00242625,
00252625,
00252625,
00252625,
00252726,
00252726,
00252726,
00262726,
00262726,
00262726,
00262826,
00262827,
00272827,
00272827,
00272827,
00272827,
00272827,
00272827,
00272827,
00272827,
00272928,
00272928,
00272928,
00272928,
00272928,
00272928,
00272928,
00272928,
00272928,
00272928,
00272928,
00272928,
00272928,
00272928,
00272928,
00272928,
00272928,
00272928,
00272928,
00272927,
00272928,
00272928,
00272928,
00272928,
00272928,
00272928,
00272928,
00272928,
00272928,
00272928,
00272928,
00272928,
00272928,
00272928,
00272928,
00272928,
00272928,
00272928,
00272928,
00272928,
00272928,
00282928,
00272928,
00272927,
00272928,
00272928,
00282929,
00282929,
00282929,
00272928,
00282928,
00282929,
00282929,
00282929,
00282929,
00282928,
00282928,
00282a29,
00292a29,
00282a29,
00282a29,
00282a29,
00292a29,
00292a29,
00282a29,
00292a28,
00282a29,
00292a29,
00282a29,
00282a29,
00282a29,
00292a2a,
00292b2a,
00282a29,
00292a29,
00282929,
00282929,
00282929,
00282929,
00272828,
00272828,
00272828,
00262727,
00262727,
00262727,
00252626,
00242625,
00242525,
00232524,
00222323,
001e1f1f,
0014141b,
0008080d,
00101120,
000b0f24,
000a0e25,
000a0e26,
000a0e25,
000a0f25,
000a0e25,
000a0f25,
000b0e25,
000b0f26,
000c1027,
002d303a,
0035373d,
000b0d13,
002d2e33,
002e2f2f,
0024242b,
0022222c,
001c1d25,
0037363e,
000c1228,
000b1127,
000b1126,
000b1127,
000c1228,
000c1228,
000c1227,
000b1227,
00232729,
00242525,
00242525,
00222424,
001a1a1c,
001c1f22,
0013151a,
00131818,
00131a19,
00111918,
001e2424,
002a2d2c,
002a2e2d,
002b2f2e,
002c2f2e,
002b2f2e,
002b2e2d,
002a2d2d,
00292d2c,
00292c2c,
00292c2c,
00292c2c,
00292c2c,
00292d2c,
00282c2c,
00282c2b,
002a2c2b,
001d0c09,
000f0b0e,
002a2c2a,
002b2d2b,
00312e2f,
00141415,
00242928,
00292522,
00261b0f,
00282116,
00191615,
00060405,
00050505,
00050404,
00080707,
00171a19,
001c1d1c,
001e201e,
00212222,
00222322,
00222423,
00232524,
00242625,
00252625,
00252625,
00252726,
00262726,
00262827,
00272827,
00272827,
00262726,
00252625,
00181314,
000c100e,
00252725,
00252826,
00272827,
00272827,
00262827,
00262827,
00262726,
00272927,
00272927,
00272927,
00282a27,
00282a27,
00292a28,
00232725,
00232625,
00232625,
00232624,
00242624,
00242625,
00252625,
00242625,
00242624,
00252625,
00242624,
00232624,
00232524,
00222524,
00232523,
00232423,
00232523,
00232523,
00222423,
00222423,
00212322,
00202323,
00212322,
00202221,
001e201f,
001d1e1d,
00171b19,
00010302,
00050505,
00070404,
00222121,
001f2020,
00202121,
00202121,
00212221,
00222322,
00232423,
00232524,
00242524,
00242524,
00252625,
00252625,
00252726,
00252725,
00252726,
00252726,
00262726,
00262726,
00262726,
00262726,
00262726,
00262826,
00262827,
00272827,
00272827,
00272827,
00272827,
00272827,
00272827,
00272827,
00272927,
00272927,
00272927,
00272927,
00272928,
00272928,
00272928,
00272928,
00272928,
00272928,
00272927,
00272928,
00272928,
00272928,
00272928,
00272928,
00272928,
00272928,
00272928,
00272928,
00272928,
00272928,
00272928,
00272928,
00272928,
00272928,
00272928,
00272928,
00272928,
00282928,
00272928,
00272928,
00282929,
00282928,
00282928,
00272928,
00272928,
00272928,
00272927,
00272928,
00272928,
00272928,
00272928,
00272928,
00282928,
00282928,
00282929,
00282928,
00282928,
00282929,
00282929,
00282928,
00282929,
00282928,
00282928,
00282a29,
00282928,
00282928,
00282928,
00292a29,
00282a29,
00282a29,
00282a29,
00282a29,
00292a29,
00282a29,
00292a29,
00292a29,
00282a29,
00282a29,
00282a29,
00282a28,
00282a29,
00292a2a,
00282a29,
00282a29,
00282929,
00282929,
00282929,
00282929,
00282929,
00272828,
00272828,
00272828,
00262727,
00262727,
00252726,
00252626,
00242525,
00232424,
00212323,
001f1e1f,
0014111d,
000f0f1a,
000f1121,
000b0e24,
000a0e25,
000a0e26,
000a0e25,
000a0e25,
000a0e26,
000b0e26,
000e0d1d,
0007081b,
000b0e26,
000d1225,
000c0f27,
000c0f26,
00080c20,
00090c1f,
0030353d,
0030353a,
000e0f1d,
00090b19,
000b1125,
000b1026,
000b1126,
000c1127,
000c1127,
000c1227,
000b1127,
000b1127,
00232526,
00242525,
00232524,
00212322,
00161619,
001a1f1f,
001c1f22,
001c1f20,
001f2323,
00161b1c,
001f2626,
002a2d2c,
002a2e2d,
002b2f2e,
002c2f2e,
002b2f2e,
002a2e2d,
002a2d2d,
002a2d2c,
00292c2c,
00292c2c,
00292c2c,
00292c2c,
00282c2c,
00292c2b,
00292c2b,
00282b2a,
001a090c,
002f3432,
00292c2b,
002a2c2b,
002b2c2b,
000d0b0d,
002f3336,
00242a28,
002a2c2a,
001e1914,
001c1819,
00050405,
00050304,
00040605,
00070808,
00191b1a,
001c1e1c,
001f201f,
00212222,
00222322,
00232423,
00242524,
00252625,
00252725,
00252625,
00252726,
00262726,
00272827,
00272827,
00272827,
00272827,
00262726,
00262726,
000d0809,
000a0c0a,
00242825,
00272827,
00272827,
00262826,
00272827,
00272827,
00262726,
00272927,
00272927,
00282a27,
00282a27,
00292a27,
00232726,
00232625,
00232625,
00242725,
00232624,
00242625,
00242625,
00242625,
00242624,
00242625,
00242624,
00232624,
00232524,
00232524,
00232523,
00222523,
00232523,
00232423,
00222423,
00222423,
00222422,
00212322,
00202222,
00212221,
001e201f,
001c1e1c,
00161a18,
00040505,
00040404,
00090405,
001f1f1f,
001f2120,
00202121,
00202121,
00222221,
00222322,
00232423,
00242524,
00242624,
00252624,
00252625,
00252625,
00262726,
00252726,
00252726,
00252726,
00262726,
00262726,
00262726,
00262726,
00262726,
00262726,
00262827,
00272827,
00272827,
00272827,
00272827,
00262927,
00272827,
00272827,
00272827,
00272827,
00272827,
00272827,
00272928,
00272927,
00272928,
00272928,
00272928,
00272928,
00282928,
00272928,
00272928,
00272928,
00272928,
00272928,
00272928,
00272928,
00272928,
00272928,
00272928,
00272928,
00272928,
00272928,
00282928,
00282928,
00282928,
00282928,
00282928,
00282928,
00282928,
00282928,
00282929,
00282928,
00282928,
00282928,
00282928,
00282928,
00272928,
00282928,
00282928,
00282928,
00282a28,
00282a28,
00282929,
00282929,
00282929,
00282928,
00282928,
00282928,
00282928,
00282928,
00282928,
00282928,
00282a29,
00282928,
00282928,
00282928,
00282928,
00282a29,
00282a29,
00292a29,
00282a29,
00282a29,
00292a29,
00292a2a,
00292a2a,
00292a29,
00292a29,
00282a28,
00282a29,
00282a28,
00282a29,
00292a2a,
00282a29,
00282a29,
00282929,
00292929,
00282929,
00282929,
00272928,
00272927,
00272828,
00272828,
00262727,
00262727,
00252726,
00252626,
00242525,
00232424,
00222323,
001e1d20,
00252327,
0013111e,
000f1121,
000b0f25,
000a0e25,
000a0e25,
000a0e25,
000a0e25,
000b0e26,
00080b1f,
0027292b,
00111216,
00121020,
00131723,
00303038,
0009091a,
00020216,
000d1027,
00121329,
000c1027,
000e1127,
000e1126,
000b1025,
000b1126,
000b1126,
000b1126,
000b1127,
000c1127,
000b1127,
000d1328,
00212523,
00242525,
00232424,
00222222,
00131417,
001a1f20,
001c1f21,
00181b1d,
001d2122,
001b2022,
00212828,
002a2d2c,
002a2e2d,
002b2e2e,
002b2f2e,
002b2f2e,
002b2e2d,
002a2d2d,
002a2d2d,
002a2c2c,
00292c2c,
00292c2c,
00292c2c,
00292c2c,
00292c2b,
00282c2b,
00292c2b,
00150810,
00252f2a,
002a2c2b,
002a2c2b,
00292c29,
00141d17,
0011121c,
00262d2e,
00262a2a,
00272928,
00191617,
00060405,
00060405,
00030404,
00161918,
001b1c1b,
001d1e1d,
001f211f,
00212221,
00222422,
00232423,
00242524,
00252625,
00252726,
00252625,
00252726,
00262726,
00282827,
00272827,
00272827,
00272827,
00262826,
00262726,
00282626,
000a0506,
00070806,
00292c28,
00262826,
00272827,
00272927,
00272827,
00262827,
00262826,
00272927,
00282a27,
00282a27,
00282a27,
00242725,
00242725,
00252725,
00242725,
00242625,
00242625,
00242624,
00242625,
00242624,
00242524,
00242624,
00232624,
00232524,
00232524,
00232524,
00232524,
00232423,
00232523,
00222423,
00222422,
00222323,
00222323,
00202221,
00202120,
001e201f,
00181b1a,
00060707,
00070506,
00151515,
00090505,
001f1f1f,
00202120,
00212221,
00212221,
00212221,
00222322,
00232524,
00242624,
00242625,
00252625,
00252725,
00252625,
00252725,
00252726,
00262726,
00262826,
00262826,
00262726,
00262726,
00252726,
00262826,
00262726,
00262827,
00272827,
00272827,
00272827,
00272827,
00262827,
00272827,
00272827,
00272827,
00272827,
00272827,
00272927,
00272827,
00272927,
00272928,
00272928,
00272928,
00272928,
00272928,
00272928,
00272928,
00272927,
00272928,
00272928,
00272928,
00272928,
00272928,
00282928,
00272928,
00282928,
00282928,
00282928,
00282928,
00282928,
00282928,
00282928,
00282928,
00282928,
00282928,
00282928,
00282a29,
00282929,
00282928,
00282928,
00282928,
00282a28,
00282928,
00282928,
00282928,
00282928,
00282929,
00282a28,
00282928,
00282928,
00282a29,
00282a28,
00282929,
00282928,
00282a29,
00282a29,
00282a29,
00282a29,
00282a29,
00282a28,
00282a29,
00282a28,
00282928,
00282a29,
00282a29,
00282a29,
00282a29,
00292a29,
00292a2a,
00282a29,
00292a2a,
00292b29,
00292a2a,
00292a2a,
00282a29,
00292a29,
00292a29,
00292a2a,
00282a29,
00282a29,
00292a2a,
00282929,
00282929,
00282929,
00282928,
00282929,
00272829,
00262727,
00262827,
00262727,
00262727,
00252626,
00242525,
00232424,
00222323,
001c1d1e,
00222323,
0014131b,
000e1120,
000a0e25,
000a0f25,
000a0e25,
000a0e24,
000a0e25,
000b0e26,
0005081d,
0006091c,
001b1f20,
00292e2f,
002a2b2d,
00171a1a,
002e2f34,
002c2b38,
0005081b,
002d2b33,
00191a25,
000e1019,
00050415,
00111128,
000f1228,
000b1025,
000c1126,
000c1127,
000c1127,
000c1127,
000d1126,
00222524,
00232424,
00232424,
00202222,
000d0f12,
00070709,
001c2022,
001c2022,
001c2022,
00191e22,
00242929,
00292d2c,
002a2e2d,
002b2e2e,
002c2f2e,
002b2f2e,
002a2e2d,
00292d2d,
00292d2b,
00262c29,
00292c2c,
00292c2c,
00292d2c,
00292c2b,
00292c2b,
00292c2b,
00292c2b,
00120b1d,
00232b2a,
002b2c2b,
002a2c2b,
00212221,
00131f19,
0011191f,
000f171e,
00272a2a,
002a2c2c,
00171617,
00060505,
00040404,
00050405,
00171b1a,
001b1c1b,
001d1f1d,
001f2120,
00212222,
00222422,
00232423,
00242624,
00252625,
00262726,
00262725,
00262726,
00262726,
00282827,
00272827,
00272828,
00272827,
00272827,
00262827,
00262826,
00272726,
00191415,
00070305,
001d201d,
00262826,
00282928,
00272827,
00272827,
00272827,
00262827,
00282a27,
00282a27,
00282a27,
00252825,
00252825,
00252725,
00242725,
00242725,
00252625,
00242624,
00242625,
00242625,
00242624,
00242624,
00232624,
00232524,
00232524,
00232524,
00232524,
00232523,
00232523,
00232423,
00222423,
00212322,
00212322,
00212321,
00202220,
001e1f1e,
00060908,
00070606,
00080707,
00121312,
00100a0a,
001f201f,
00212121,
00212222,
00212221,
00212221,
00222423,
00232524,
00242624,
00242625,
00242625,
00252724,
00262725,
00262725,
00252726,
00252726,
00262826,
00262726,
00262726,
00252726,
00252726,
00252726,
00262826,
00262826,
00272827,
00272827,
00272827,
00272827,
00272827,
00272827,
00272827,
00262927,
00272827,
00272827,
00272827,
00272927,
00272928,
00272928,
00272928,
00272928,
00272928,
00272928,
00272928,
00272928,
00272928,
00272928,
00272928,
00272928,
00272928,
00282928,
00282928,
00282928,
00282928,
00282928,
00282928,
00282928,
00282928,
00282928,
00282928,
00282928,
00282a29,
00282a29,
00282a28,
00282a28,
00282a28,
00282a29,
00282a28,
00282928,
00282a29,
00282a28,
00282a29,
00282928,
00282928,
00282a29,
00292a2a,
00282a29,
00282a29,
00282a29,
00282a29,
00292a2a,
00282a29,
00282a29,
00282a29,
00282a29,
00282a29,
00282a29,
00292a29,
00282a29,
00282a28,
00282a29,
00282a29,
00292a29,
00292a29,
00292a29,
00292a29,
00292a2a,
00292b2a,
00292b2a,
00292a2a,
00292a2a,
00292a2a,
00292a2a,
00292a2a,
00292a29,
00292a29,
00292a2a,
00282a29,
00292a2a,
00282929,
00282929,
00282929,
00272928,
00282928,
00272828,
00272828,
00262827,
00262727,
00262727,
00252626,
00242525,
00232424,
00222323,
001d1c1e,
00202321,
0015141d,
000e1121,
000a0e24,
000a0f25,
000a0e25,
000a0e25,
000a0e25,
000b0e26,
000b1026,
00090e25,
000a0c21,
00080b22,
0016172e,
00050718,
00303539,
002b2e37,
00070d19,
001f2024,
00323337,
002b2d34,
002e3038,
002b2a33,
00323438,
000d1127,
000b1026,
000c1127,
000c1127,
000c1127,
000c1125,
00232424,
00222424,
00232424,
00212222,
00101316,
00040305,
001b1f21,
001c2021,
00191e21,
001a2023,
00262a2a,
00292d2d,
002b2e2e,
002b2f2e,
002c2f2e,
002b2e2e,
00303433,
00303332,
001e221e,
00212522,
00292c2c,
00292c2b,
00292c2c,
00292c2b,
00292c2b,
00292c2b,
00292b2b,
00181228,
0029302e,
002a2c2b,
002a2c2b,
002c2e2c,
00111e18,
00151d23,
00121a1f,
00262a29,
002d2d2d,
00161717,
00070506,
00050404,
00050405,
000d1110,
001b1c1b,
001d1f1d,
001f2120,
00212222,
00222423,
00232523,
00242624,
00252625,
00262726,
00262726,
00262826,
00262726,
00282827,
00272827,
00272828,
00272827,
00272927,
00272927,
00282928,
00292928,
00272827,
00272525,
00050204,
00161916,
00262826,
00272827,
00272928,
00272928,
00262826,
00272927,
00282a27,
00282a27,
00262826,
00262825,
00252725,
00242725,
00252625,
00252625,
00242625,
00242625,
00242625,
00242625,
00232624,
00232624,
00232524,
00232524,
00232524,
00232524,
00222523,
00222523,
00232523,
00222422,
00222322,
00222322,
00202222,
00202221,
001e201e,
00030505,
00060505,
00070606,
00060404,
00201b1b,
001f201f,
00202220,
00212222,
00212222,
00212221,
00232423,
00242524,
00252625,
00242625,
00252625,
00252625,
00252625,
00252726,
00272726,
00262726,
00262726,
00262726,
00262826,
00252726,
00252726,
00252726,
00252726,
00262726,
00262827,
00262827,
00272827,
00272827,
00272827,
00272827,
00272827,
00272827,
00272827,
00272827,
00272928,
00272928,
00272928,
00282928,
00272928,
00272928,
00272928,
00272928,
00272928,
00272928,
00272928,
00272928,
00272928,
00282928,
00282928,
00282928,
00282928,
00282928,
00282929,
00282929,
00282928,
00282928,
00282a28,
00282a29,
00282a29,
00282a29,
00282a28,
00282a28,
00282a28,
00282a29,
00292a29,
00282a28,
00282a29,
00282a28,
00282a29,
00282a29,
00282a29,
00282928,
00282a29,
00282a29,
00282a29,
00282a29,
00282a29,
00282a29,
00292a29,
00282a29,
00292a29,
00282a29,
00282a29,
00282a29,
00292a29,
00292a29,
00282a29,
00282a28,
00282a29,
00282a29,
00282a29,
00282a28,
00292b29,
00292a2a,
00292a29,
00292a29,
00292a2a,
00292a2a,
00292a2a,
00292a2a,
00292a2a,
00292a2a,
00292b2a,
00292a29,
00292a2a,
00292a2a,
00292a2a,
00282a29,
00292a29,
00282929,
00282929,
00282929,
00272928,
00272828,
00272828,
00272828,
00262727,
00262727,
00252626,
00242625,
00232524,
00222323,
001c1c1d,
000c0d0f,
0013121c,
000e1122,
000b0e24,
000a0e25,
000a0e26,
000a0f26,
000a0e26,
000b0e26,
000b0e26,
000b0f26,
000b0f26,
000b0f26,
000b1027,
000b1026,
000c1026,
00090e24,
00080d23,
00070b20,
00151a27,
001b1f2e,
001e232a,
00191b1e,
0027292c,
000c1026,
000b1026,
000c1127,
000c1127,
000c1127,
000c1224,
00232424,
00232424,
00222323,
00212122,
0017191c,
001a1d1f,
001c2021,
001c2122,
001c2022,
001d2123,
00282b2c,
002a2d2d,
002b2e2e,
002b2f2e,
002b302f,
002e2f2f,
002d2e2d,
00333533,
002f302d,
0032312d,
00282c2b,
00272c2c,
00272c2b,
002a2d2c,
00282c2c,
00282c2b,
00282c2b,
001b1b22,
0026292c,
002a2928,
00292c2a,
00282a2a,
00161c18,
000b1517,
00181b20,
00272a29,
002a2929,
00171819,
000e0c0d,
00060404,
00060405,
00060707,
001d1d1c,
001d1e1d,
00202120,
00222322,
00222423,
00232523,
00242624,
00252725,
00252726,
00252726,
00262726,
00272827,
00272827,
00282927,
00272827,
00272927,
00272928,
00282928,
00292928,
002a2929,
00292827,
00272825,
00272625,
00080205,
00181d1a,
00262826,
00272927,
00272927,
00272927,
00272926,
00282a27,
00272927,
00262825,
00262826,
00252725,
00242725,
00252625,
00252625,
00242625,
00242625,
00242624,
00242624,
00232624,
00232624,
00232524,
00232524,
00232524,
00232524,
00232423,
00232423,
00232523,
00232423,
00222322,
00222322,
00212322,
00202222,
001f201f,
00161919,
00070606,
00070606,
000b0607,
001d1e1e,
001f2020,
00212222,
00212221,
00212222,
00212221,
00242523,
00252625,
00242625,
00242625,
00252625,
00252625,
00252625,
00252725,
00262726,
00252725,
00252726,
00262726,
00252725,
00252726,
00252725,
00252625,
00252726,
00262726,
00262827,
00262827,
00272827,
00272827,
00272827,
00272827,
00272827,
00272827,
00272827,
00272827,
00272827,
00272928,
00272928,
00272928,
00272928,
00272928,
00272928,
00272928,
00272928,
00282928,
00282928,
00282928,
00282928,
00282928,
00282928,
00282928,
00282928,
00282928,
00282929,
00282929,
00282928,
00282928,
00282928,
00282a28,
00282928,
00282a28,
00282a28,
00282a29,
00282a29,
00282a28,
00282a29,
00282a28,
00282a29,
00282a28,
00282a28,
00282a28,
00282a29,
00282a28,
00282a29,
00282a29,
00282a29,
00282a29,
00282a29,
00282a29,
00282a29,
00282a29,
00292a29,
00282a29,
00282a29,
00282a29,
00292a29,
00292a29,
00282a29,
00282a28,
00282a29,
00282a29,
00282a29,
00282a29,
00292a29,
00292a29,
00292a2a,
00292a2a,
00292a2a,
00292a2a,
00292a2a,
00292a2a,
00292a29,
00292a2a,
00292a2a,
00292a2a,
00292a2a,
00292a2a,
00292a29,
00292a29,
00292a29,
00282929,
00282929,
00282929,
00282929,
00272828,
00272828,
00272828,
00262727,
00262727,
00252626,
00252626,
00242525,
00232323,
001b1a1d,
0013101b,
0011101a,
000d1022,
000b0f25,
000a0f25,
000a0e26,
000a0e26,
000b0e26,
000b0e26,
000b0e26,
000b0f26,
000b0f26,
000a0f26,
000b0f26,
000b0f26,
000b1026,
000b1027,
000c1027,
000d1128,
000b1026,
000a0f26,
000e1128,
0005081b,
00080c1c,
000c1127,
000b1026,
000c1127,
000c1127,
000b1127,
00060b1b,
00232424,
00232424,
00222323,
00212020,
001b1e1f,
001b1f21,
001c2021,
001d2022,
001d2122,
001e2222,
00282c2c,
002a2d2d,
002b2e2e,
002c2f2e,
002d2f2f,
001c1b1c,
001b1618,
00141111,
002f2b29,
00312d2a,
00373a38,
00303332,
00313433,
00303534,
002d3130,
00292d2c,
00272a2b,
00282b2a,
002a2b2c,
000d040a,
002f3234,
00272a29,
00252724,
0001090e,
00141d20,
00272a29,
001d1e1e,
00191a1a,
00181718,
00050404,
00050505,
00050505,
001b1c1b,
001d1e1d,
00202120,
00222322,
00232423,
00232524,
00242625,
00252725,
00262726,
00262726,
00262726,
00272827,
00272827,
00272827,
00272827,
00272927,
00272928,
00282928,
00292928,
00282928,
00282a27,
00282927,
00282826,
00282626,
00070304,
00282c29,
00272927,
00282a27,
00282a28,
00272927,
00272927,
00272927,
00262825,
00262826,
00252725,
00252725,
00262625,
00252626,
00242625,
00242625,
00242625,
00242524,
00242524,
00232624,
00232524,
00232524,
00232524,
00232524,
00232523,
00222423,
00232423,
00222423,
00222422,
00222322,
00212323,
00202222,
001f2020,
001c1f1e,
00080506,
00060506,
00141112,
001f2020,
00202221,
00212222,
00222322,
00222322,
00222322,
00242524,
00252625,
00242625,
00242625,
00252725,
00262725,
00252625,
00252625,
00262725,
00252725,
00252725,
00262826,
00252726,
00252625,
00252625,
00252625,
00252725,
00262726,
00262826,
00262827,
00262827,
00272827,
00272827,
00272827,
00272827,
00272827,
00272827,
00272827,
00272827,
00272927,
00272927,
00272928,
00272928,
00272927,
00272927,
00272928,
00272928,
00282928,
00282928,
00282928,
00282928,
00282928,
00282928,
00282928,
00282928,
00282928,
00282928,
00282928,
00282928,
00282928,
00282928,
00282928,
00282928,
00282928,
00282928,
00282929,
00282a29,
00282a28,
00282a28,
00282a29,
00292a29,
00282a28,
00282a28,
00282a28,
00282a29,
00282a29,
00282a29,
00282a29,
00282a29,
00282a29,
00292a29,
00292a29,
00292a29,
00282a29,
00282a28,
00282a29,
00292a29,
00292a29,
00282a29,
00282a29,
00282a29,
00282a29,
00282a28,
00282a28,
00282a29,
00292a29,
00292a29,
00282a29,
00292a2b,
00292a2a,
00292b29,
00292a2a,
00292a2a,
00292a29,
00292a29,
00292a2a,
00292a2a,
00292a2a,
00292a2a,
00292a29,
00282a29,
00292a2a,
00282929,
00282929,
00282929,
00282929,
00282929,
00272828,
00272828,
00262727,
00262727,
00262727,
00252626,
00242625,
00242525,
00232323,
001a191c,
0014111f,
0010101a,
000c0f22,
000b0f25,
000a0f25,
000a0e25,
00090e25,
000a0e26,
000a0e26,
000a0e26,
000a0e26,
000a0f27,
000a0f26,
000b0f27,
000b1026,
000b1026,
000b1026,
000b0f26,
000b0f26,
000b0f27,
000b1027,
000b1026,
000b1126,
000b1026,
000c1126,
000b1026,
000c1127,
000d1127,
000c1127,
00151b23,
00232523,
00222423,
00222323,
001f1f1f,
00191c20,
00131617,
001c2022,
001c2121,
001e2122,
001f2223,
00282b2b,
002a2d2d,
002b2e2d,
002c2f2f,
002a2f2f,
001d1b1c,
001b0e12,
001a0d12,
002a2b28,
002b2c2b,
003b3c3c,
002b2d2d,
00373a39,
002c2d2c,
002f3030,
00161616,
00212223,
001c1c1e,
001d1d1f,
00151112,
001c181d,
000c0d0d,
00292a28,
00060f12,
00171b22,
00272929,
00191a1a,
00191b1b,
0019191a,
00080405,
00040404,
00050505,
001a1e1c,
001e1e1d,
001f211f,
00212322,
00232423,
00242524,
00252625,
00252725,
00262826,
00262826,
00262826,
00272827,
00272827,
00272827,
00272827,
00272928,
00272928,
00272928,
00292a28,
00292a29,
00282a29,
00292a28,
00292927,
00282827,
00262424,
00070707,
00282b27,
00282a27,
00282a27,
00282a28,
00282928,
00272827,
00272825,
00262826,
00252725,
00252725,
00252625,
00252725,
00242625,
00242625,
00242625,
00242524,
00242524,
00232624,
00232524,
00232524,
00232523,
00232524,
00232523,
00232423,
00232423,
00222423,
00222422,
00222322,
00222322,
00212222,
00212121,
001d201e,
0020201e,
001e201f,
001f201f,
00202221,
00212222,
00222322,
00222322,
00222323,
00232323,
00242524,
00252625,
00242625,
00242625,
00252726,
00252625,
00252625,
00252625,
00252726,
00252726,
00252725,
00262726,
00252726,
00252625,
00252625,
00252625,
00252625,
00262726,
00262826,
00272827,
00272827,
00272827,
00272827,
00272827,
00262827,
00272827,
00272827,
00272827,
00272827,
00272827,
00272927,
00272928,
00272827,
00282928,
00272928,
00272928,
00272928,
00282928,
00282928,
00282928,
00282928,
00282928,
00282928,
00282928,
00272928,
00282928,
00282928,
00282928,
00282928,
00282928,
00282928,
00282928,
00282928,
00282928,
00282928,
00282929,
00282929,
00282928,
00282928,
00282929,
00282929,
00282928,
00282928,
00282929,
00282929,
00282928,
00282928,
00282a28,
00282a29,
00282a29,
00282a29,
00292a2a,
00292a2a,
00282a29,
00282a28,
00282a29,
00292a29,
00292a29,
00282a29,
00282a29,
00282a29,
00282a29,
00282a28,
00282a28,
00282a29,
00292a29,
00292a29,
00292a2a,
00292a2a,
00292a2a,
00292a2a,
00292b29,
00292a2a,
00292a29,
00292a29,
00292a2a,
00292a2a,
00292a2a,
00292a2a,
00292b2a,
00292a2a,
00282929,
00282929,
00282929,
00282929,
00282929,
00272928,
00272828,
00262827,
00262827,
00262727,
00252726,
00252626,
00242525,
00252425,
00222323,
00161518,
000f0e17,
0011111b,
000c0f22,
000b0f24,
000a0e25,
000a0e24,
000a0e26,
000a0e26,
000a0e26,
000a0e26,
000a0e26,
000a0e26,
000a0f26,
000a0f26,
000a0f26,
000a0f26,
000b1026,
000b1026,
000b1026,
000b0f26,
000b0f27,
000b1026,
000c1127,
000b1126,
000b1127,
000c1126,
000c1127,
000d1227,
000d1228,
00202629,
00222423,
00222323,
00212222,
001c1d1f,
00191e1f,
000a0b13,
00080d0f,
001d2122,
001e2122,
001d2223,
00272b2b,
002a2d2c,
002b2e2d,
002c2f2e,
002b2d2d,
00313131,
001a0c13,
0014060d,
00241e1a,
00312c2f,
00181b29,
00262b2e,
0019221d,
001c2622,
00211c14,
002c2a26,
001b1316,
00322f2f,
002e2f2f,
001b1c20,
002c2f2d,
00252b27,
002a2c2a,
00101514,
00161a1f,
00262929,
001a1b1b,
001b1d1c,
00191b1b,
00080506,
00050505,
00060505,
000e1211,
001c1e1c,
001f201f,
00212321,
00232423,
00242524,
00252625,
00252625,
00262726,
00262726,
00262726,
00262827,
00272827,
00272827,
00282928,
00272928,
00272928,
00282928,
00282a27,
00292a28,
00292a28,
002a2a29,
00292a28,
00292928,
00272827,
001e1b1c,
00101512,
00272927,
00282a28,
00282a28,
00282a28,
00282927,
00262825,
00262825,
00252725,
00252725,
00252625,
00252625,
00242625,
00242625,
00242624,
00242524,
00242524,
00232624,
00232524,
00222524,
00232524,
00232524,
00232423,
00232423,
00232423,
00222423,
00222423,
00212323,
00222322,
00212221,
00202220,
00202120,
0020211f,
00202120,
00202221,
00212221,
00212321,
00222323,
00222423,
00222322,
00222322,
00242524,
00242625,
00242624,
00242625,
00252625,
00252625,
00252625,
00252726,
00252726,
00252726,
00252726,
00262726,
00252726,
00252725,
00252625,
00252625,
00252625,
00262726,
00262827,
00262827,
00272827,
00272827,
00272827,
00272827,
00272827,
00272827,
00272827,
00272827,
00272827,
00272827,
00272927,
00272827,
00292928,
00282928,
00272927,
00272928,
00282928,
00272928,
00272928,
00272928,
00282928,
00282928,
00282929,
00282929,
00272928,
00272928,
00272928,
00272928,
00282928,
00282929,
00282928,
00272928,
00282928,
00282928,
00282928,
00282a29,
00282929,
00282929,
00282929,
00282929,
00282929,
00282928,
00282928,
00282928,
00282928,
00282929,
00282929,
00282928,
00282928,
00282a29,
00282928,
00282a28,
00292a29,
00282a29,
00292a29,
00292a29,
00282a29,
00282a29,
00282a28,
00282a29,
00282a29,
00292a2a,
00292a2a,
00292a29,
00282a29,
00282a29,
00292a2a,
00292a2a,
00292a2a,
00292a2a,
00292a2a,
00292a2a,
00292a2a,
00292a2a,
00292a2a,
00292b2a,
00292a2a,
00292a2a,
00292a2a,
00292a2a,
00282a29,
00282928,
00282929,
00282929,
00282929,
00272829,
00272828,
00272827,
00272827,
00262727,
00262727,
00252726,
00252626,
00242625,
00232524,
00212223,
00131317,
00242528,
0011121d,
000d1023,
000a0e24,
000a0e25,
000a0e24,
000a0e26,
000b0e26,
000a0e26,
000b0e26,
000a0e26,
000b0e27,
000a0e27,
000b0f27,
000b0f27,
000b0f27,
000b0f26,
000b0f26,
000b1026,
000b0f26,
000b1027,
000b1027,
000b1027,
000b1027,
000c1127,
000c1127,
000c1127,
000c1127,
000d1328,
0021262a,
00222324,
00212323,
00212222,
001a191c,
00121114,
000e1218,
000b0f18,
00100f09,
001d2024,
001d2225,
00282c2b,
002a2d2c,
002b2e2e,
002b2f2e,
002b2d2c,
003b3838,
0010080c,
00353635,
0020150f,
002d242b,
00101026,
0020242e,
00101f14,
000a1c14,
0023180f,
002b231a,
00180a10,
00170910,
00211f22,
00141129,
00252c29,
00112017,
00282b29,
000c120e,
00191f23,
00262928,
001c1d1d,
001c1c1c,
001a1c1b,
00141314,
00060405,
00050505,
00050706,
001a1d1b,
001e201f,
00212322,
00232423,
00242524,
00252625,
00252625,
00262726,
00272726,
00272827,
00272827,
00272827,
00272827,
00272928,
00272928,
00272928,
00282928,
00292a28,
00292a29,
002a2a29,
00292b28,
002a2a28,
00292928,
00272928,
00262726,
000e0b0c,
002c2f2b,
00292a28,
00292b28,
00282a28,
00282a28,
00262825,
00262825,
00252725,
00252725,
00252725,
00252625,
00242625,
00252624,
00242524,
00242524,
00242524,
00232624,
00232524,
00232524,
00232524,
00232524,
00232423,
00232423,
00232423,
00222423,
00222423,
00222323,
00222322,
00222321,
00212221,
00202221,
00202220,
00202221,
00212221,
00212322,
00222322,
00222322,
00232423,
00222422,
00222322,
00232524,
00242625,
00252625,
00252625,
00252625,
00252625,
00252725,
00252726,
00252726,
00252726,
00262726,
00262726,
00262726,
00252726,
00252625,
00252625,
00252726,
00262726,
00262827,
00262827,
00272827,
00272827,
00272827,
00272827,
00272827,
00272827,
00272827,
00272827,
00272827,
00272827,
00272827,
00272928,
00272927,
00272827,
00272927,
00272928,
00272927,
00272928,
00272927,
00272927,
00272928,
00272928,
00282928,
00282928,
00272928,
00272928,
00272928,
00272928,
00282928,
00282928,
00272928,
00272928,
00272927,
00272928,
00272928,
00282928,
00282929,
00282928,
00282928,
00282928,
00282928,
00282928,
00282928,
00282928,
00282928,
00282929,
00282a28,
00282928,
00282928,
00282928,
00282928,
00282928,
00282928,
00282929,
00282929,
00282929,
00282a28,
00282929,
00282a28,
00282a29,
00282a29,
00292a29,
00292a29,
00292a29,
00292a29,
00282a29,
00292a29,
00292a2a,
00292a2a,
00292a2a,
00282a29,
00292a2a,
00292a2a,
00292a2a,
00292a2a,
00292a29,
00292a2a,
00292a2a,
00282a29,
00292a2a,
00292a2a,
00282928,
00282929,
00282929,
00282929,
00282928,
00272828,
00272828,
00262827,
00262727,
00262727,
00252626,
00252626,
00242525,
00232424,
00212222,
00121217,
00242526,
0012131d,
000c0f22,
000a0f24,
000a0e24,
000a0e24,
000a0e26,
000a0e26,
000a0e26,
000a0e26,
000a0e26,
000a0e26,
000a0e26,
000b0f27,
000a0f27,
000a0f27,
000a0f26,
000b0f26,
000b0f26,
000b1026,
000b1026,
000a1026,
000b1027,
000b1027,
000b1027,
000c1127,
000d1227,
000d1227,
000d1328,
001f2424,
00222324,
00222323,
00212222,
0019171b,
000d0708,
0012151a,
00111318,
00191009,
001c2123,
001d2121,
00292c2c,
002a2d2d,
002b2e2e,
002b2f2e,
002d3131,
003d3b3d,
000c080a,
002a2c2b,
001d120a,
00231926,
00262030,
00242a31,
0019261f,
000e1d15,
002e2d2a,
00322421,
00261c20,
0034292f,
002e292e,
002c2839,
001e2725,
000e1c15,
00292c2a,
00161a16,
001c2024,
00262928,
001d1d1d,
001c1d1d,
001b1c1c,
001a1a1a,
00060506,
00050505,
00050505,
00121615,
001e201e,
00222322,
00232423,
00242524,
00252725,
00252726,
00262726,
00272726,
00272827,
00272827,
00272827,
00272827,
00272928,
00282928,
00272928,
00282928,
00282a28,
00292b28,
00292a2a,
002a2b29,
002b2b29,
00292a28,
00282a28,
00272a27,
00262323,
00080a07,
00282a27,
00292b29,
00292b28,
00292b28,
00262725,
00262826,
00252725,
00252725,
00252725,
00252625,
00242624,
00242624,
00242524,
00242524,
00242524,
00242624,
00242624,
00232524,
00242524,
00232523,
00232423,
00232423,
00232423,
00232423,
00222423,
00222422,
00222322,
00212321,
00212321,
00212221,
00202221,
00212221,
00212321,
00222322,
00222322,
00222422,
00222422,
00222423,
00222323,
00242625,
00242624,
00252625,
00252625,
00252625,
00252726,
00252726,
00252726,
00252726,
00252726,
00262726,
00262726,
00262726,
00252725,
00252625,
00252625,
00252625,
00252726,
00262726,
00262827,
00272827,
00272827,
00272827,
00262826,
00262827,
00262827,
00272827,
00262827,
00272827,
00272827,
00272827,
00272827,
00272827,
00272827,
00272927,
00272928,
00272927,
00272928,
00272928,
00272927,
00272928,
00282928,
00272928,
00272928,
00272928,
00272928,
00272928,
00272928,
00272928,
00272928,
00272928,
00272928,
00282928,
00282928,
00282928,
00272928,
00272928,
00272927,
00282928,
00282929,
00282928,
00282928,
00272928,
00282928,
00282928,
00282a28,
00282929,
00282929,
00282928,
00282928,
00282928,
00282928,
00282928,
00282929,
00282928,
00282928,
00282929,
00282929,
00292a29,
00282a28,
00282a29,
00282a29,
00282a29,
00292a29,
00292a2a,
00292a2a,
00292a29,
00282a29,
00282929,
00282a29,
00292a2a,
00292a29,
00282a29,
00282a29,
00282a29,
00282a29,
00292a29,
00292a2a,
00292a2a,
00282a29,
00282929,
00282929,
00282929,
00272928,
00282928,
00272927,
00272828,
00272828,
00262827,
00262727,
00262727,
00252626,
00242625,
00232524,
00232424,
00222222,
00100f16,
002a2b2b,
0012121d,
000c0f24,
000a0e25,
000a0e24,
000a0e24,
000a0e25,
000a0e26,
000a0e26,
000a0e26,
000a0f26,
000a0e26,
000a0e27,
000a0e26,
00090e26,
000a0f26,
000a0f26,
000a0f26,
000a0f26,
000b0f25,
000b1026,
000b1027,
000b1027,
000b1027,
000b1027,
000b1126,
000d1127,
000d1227,
000e1327,
00212423,
00232323,
00222223,
00212121,
00171519,
00100b0b,
000b0e16,
00111317,
00190e06,
001d2223,
00212626,
00282c2c,
002a2d2d,
002b2e2d,
002b2f2e,
00363637,
003a383a,
00130e10,
002c2e2c,
001e120b,
001c1423,
002f2734,
0025292e,
001d2a23,
00132119,
0022160c,
00352823,
00363437,
002d2b2c,
00302a33,
0035333d,
0018211e,
000e1713,
002b2d2c,
00181e1b,
0020262b,
00272928,
001d1e1e,
001c1e1d,
001b1d1d,
001a1b1a,
00080506,
000e0e0e,
00070606,
00080707,
001b1f1d,
00212322,
00232423,
00242524,
00252725,
00252725,
00262726,
00282827,
00272827,
00272827,
00272827,
00282927,
00282928,
00282928,
00282928,
00282a28,
00292a28,
00292b28,
00292a29,
002a2b29,
002a2b29,
00292b28,
00292b28,
00282a28,
00272927,
00161113,
00232723,
00292b28,
00292b28,
00292b28,
00262725,
00262826,
00252725,
00252725,
00252724,
00252625,
00242625,
00252624,
00242524,
00242524,
00242524,
00242624,
00242624,
00232524,
00242524,
00232524,
00232423,
00232423,
00232423,
00232423,
00222423,
00222322,
00222322,
00212322,
00212322,
00212221,
00212221,
00212321,
00212322,
00222322,
00222322,
00222322,
00222423,
00222422,
00232423,
00242524,
00252725,
00252625,
00252725,
00252726,
00252726,
00262726,
00252726,
00262726,
00262726,
00262726,
00262726,
00262726,
00252725,
00252625,
00252625,
00252625,
00252625,
00262726,
00262827,
00262827,
00272827,
00272827,
00272827,
00262827,
00262827,
00262827,
00262827,
00272827,
00272827,
00272827,
00272827,
00272827,
00272827,
00272827,
00272827,
00272827,
00272927,
00272828,
00272828,
00272827,
00272827,
00272927,
00272928,
00272928,
00272927,
00272828,
00282929,
00282929,
00282929,
00272928,
00272928,
00282928,
00282928,
00282928,
00282928,
00272927,
00272927,
00282929,
00282929,
00272928,
00272928,
00272928,
00272928,
00272928,
00282929,
00282928,
00272928,
00282a28,
00282928,
00282928,
00282928,
00282928,
00282928,
00282928,
00282928,
00282a29,
00282929,
00292a29,
00282928,
00282929,
00282a29,
00282928,
00282a29,
00282a28,
00282929,
00292a2a,
00282a29,
00282929,
00282a29,
00292a2a,
00292a29,
00282a29,
0028292a,
00292a2a,
00282a29,
00282a29,
00292a2a,
00292a2a,
00292a29,
00282928,
00272928,
00282929,
00282929,
00272928,
00272827,
00272828,
00262828,
00262727,
00262727,
00262727,
00252626,
00242625,
00242525,
00242424,
00222222,
000f0f12,
0013121c,
0011121f,
000c0f23,
000a0f25,
000a0e24,
000a0e24,
000a0e26,
000a0e26,
000a0e26,
000a0e26,
000a0e26,
000b0e26,
000b0e27,
000b0e25,
000a0f26,
000a0f26,
000b0f26,
000b0f26,
000b0f26,
000a0f25,
000a0f25,
000b0f26,
000b1027,
000b1027,
000b1027,
000b1126,
000d1227,
000d1227,
000f1427,
00212322,
00222423,
00222223,
00202121,
00161316,
00100d12,
0007080f,
000e1013,
0018110a,
001a2120,
00232a29,
00282c2c,
002a2d2d,
002b2e2e,
002b2e2e,
003a3a39,
003b3539,
00151013,
00110d0e,
0024170e,
00140e1f,
00312e38,
002b2c2f,
00242f2c,
001e281f,
002e2319,
00352926,
00383537,
002e2a2b,
002d2a34,
0028272f,
00121c17,
000f1612,
00282b2a,
001c211e,
0022292d,
00292a2a,
001e1e1e,
001c1e1e,
001b1e1d,
001a1c1c,
000e090b,
000b0b0b,
000a0a0a,
00070707,
000c0f0d,
00222221,
00232423,
00242624,
00252625,
00252726,
00262726,
00272827,
00272827,
00272827,
00272827,
00282927,
00282928,
00282928,
00282928,
00282928,
00292a28,
00292b29,
00292b28,
002a2b29,
002a2b29,
00292b28,
00292b28,
00292a28,
00292a29,
00262525,
000a0b09,
00282a28,
00292b28,
00292b28,
00262825,
00262825,
00252725,
00252725,
00252724,
00252725,
00242625,
00242624,
00242524,
00242624,
00242524,
00242624,
00232624,
00232524,
00232524,
00232524,
00232523,
00232423,
00232423,
00232423,
00232423,
00222423,
00222323,
00222322,
00212322,
00212322,
00212322,
00212322,
00222322,
00222322,
00222322,
00222423,
00232423,
00232423,
00232423,
00232524,
00252725,
00252726,
00252725,
00262726,
00262726,
00262726,
00262726,
00262726,
00262726,
00262726,
00262726,
00262726,
00252625,
00242625,
00252625,
00252625,
00252625,
00262726,
00262827,
00262827,
00262827,
00262827,
00262827,
00262827,
00262827,
00272827,
00262827,
00262827,
00262827,
00272827,
00272827,
00272827,
00272827,
00272827,
00272827,
00272827,
00272828,
00272828,
00272828,
00272828,
00272827,
00272827,
00272927,
00272827,
00272927,
00272827,
00272927,
00272928,
00272928,
00282928,
00272928,
00272927,
00282928,
00282928,
00272927,
00282928,
00282928,
00282929,
00282929,
00282928,
00272928,
00272928,
00282929,
00282928,
00272928,
00272928,
00272928,
00282928,
00282928,
00282928,
00282928,
00282929,
00282929,
00282928,
00282928,
00282929,
00282929,
00282929,
00282928,
00282a28,
00282a28,
00282928,
00282928,
00282928,
00282a29,
00282929,
00282929,
0028292a,
00292a29,
00282a28,
00292a2a,
00282a29,
00282a29,
00282a29,
00282a29,
00292a2a,
00292a2a,
00282a29,
00292a29,
00282a29,
00282929,
00282929,
00282929,
00272928,
00272828,
00272828,
00262827,
00262727,
00262727,
00252626,
00252626,
00242525,
00242525,
00232323,
00212220,
0019191c,
00100d16,
0010111f,
000b0f24,
000a0e24,
000a0e24,
000a0e25,
000a0e25,
000a0e25,
000a0e26,
00090e26,
00090e26,
00090e26,
000a0e26,
000a0f25,
000a0f26,
00090f26,
000a0f26,
000a0f26,
000a0f26,
000a0f25,
000a0f25,
000b0f26,
000b1027,
000b1027,
000c1027,
000b1126,
000c1127,
000e1227,
000e1328,
00222423,
00222323,
00222322,
00212122,
00151113,
00110f17,
000c0f19,
0008080b,
0012130d,
00151f1c,
00272b2b,
00282c2c,
002b2e2e,
002b2e2e,
002c2f2e,
003c3b3b,
00373236,
00170c10,
0011060c,
002a1c0f,
00130c22,
0026242f,
00272c2c,
0028312e,
001f2920,
002f261c,
003c3331,
00342b2e,
003c343a,
0026252d,
000d0e22,
000e1912,
00151a15,
00272a29,
00262929,
00232a2b,
002b2c2c,
001d1f1e,
001d1e1e,
001c1e1e,
001b1d1d,
00181718,
00060506,
00070707,
00070606,
00151918,
00212321,
00232423,
00242625,
00252625,
00252726,
00252726,
00262826,
00272827,
00272827,
00272827,
00272927,
00282928,
00282928,
00282a27,
00292a28,
002a2a29,
00292b28,
002a2b29,
002a2b29,
002a2b29,
002a2b29,
00292b29,
00292b28,
002a2b29,
00292b29,
001b1818,
00212623,
00292a29,
002a2b29,
00262825,
00262825,
00252725,
00252725,
00252724,
00242624,
00242624,
00242624,
00242524,
00242624,
00242524,
00242624,
00232524,
00232524,
00232524,
00232524,
00242524,
00232423,
00232423,
00232423,
00232423,
00222422,
00222323,
00222323,
00222422,
00212321,
00222322,
00222322,
00222322,
00222322,
00222422,
00222423,
00232423,
00232423,
00222424,
00242524,
00262726,
00262726,
00262826,
00262726,
00262826,
00262726,
00262726,
00262726,
00262826,
00262826,
00262726,
00262726,
00252625,
00242624,
00242625,
00242625,
00252625,
00262726,
00262827,
00262827,
00262827,
00262826,
00262827,
00262827,
00262827,
00262827,
00262827,
00262827,
00262826,
00262827,
00262827,
00262827,
00262827,
00272827,
00272827,
00272827,
00272827,
00272827,
00272828,
00272828,
00272827,
00272827,
00272828,
00272828,
00272827,
00272827,
00272828,
00272828,
00272828,
00272828,
00272828,
00272928,
00272928,
00282828,
00272827,
00272827,
00272829,
00272829,
00272828,
00272828,
00272827,
00272827,
00272928,
00282928,
00272928,
00272928,
00272928,
00272928,
00282928,
00282928,
00282928,
00282929,
00282929,
00282928,
00282928,
00282928,
00282929,
00282929,
00282929,
00282a28,
00282a28,
00282928,
00282928,
00282928,
00282929,
00282929,
00282929,
00282929,
00292a2a,
00282a28,
00292a2a,
00282a29,
00282a29,
00282a29,
00282a29,
00292a29,
00292a2a,
00292a2a,
00292a2a,
00282a29,
00282929,
00282929,
00272828,
00272928,
00272828,
00272827,
00272827,
00262727,
00252726,
00252626,
00252626,
00242525,
00242424,
00242424,
00212221,
00131317,
000f0e13,
00101120,
000b0f25,
000a0e24,
000a0e24,
000a0e25,
000a0e25,
000a0e25,
000a0e26,
000a0e26,
00090e26,
00090e25,
000a0e26,
000a0f25,
00090e25,
000a0f26,
000a0f26,
000a0f26,
000a0f25,
000a0f25,
000b0f25,
000b0f26,
000b1026,
000b1026,
000b1027,
000b1126,
000c1227,
000e1227,
000c1224,
00222424,
00222323,
00212322,
00212122,
00100e0f,
00131318,
00101018,
000b1019,
0008100f,
00161e21,
00262a2a,
00292c2c,
002b2e2e,
002b2f2e,
002d2f2f,
00353434,
00383537,
001c0f13,
001c191b,
00241912,
00150f20,
00181721,
00212726,
00282e2b,
00232926,
00201508,
00271e1f,
002d2629,
00292529,
002a2b2e,
000d0f1e,
00171a18,
00151a17,
00262928,
00202121,
00222728,
00222323,
001f1f1f,
001e201f,
001d1f1f,
001d1e1e,
001a1b1b,
00080607,
00070707,
00080808,
001c201f,
00222321,
00232523,
00242625,
00252625,
00252726,
00252726,
00262826,
00262827,
00272827,
00272827,
00272927,
00282928,
00282928,
00282a28,
00292a29,
002a2a29,
00292b28,
00292b28,
002a2b29,
002a2b29,
00292b29,
002a2b29,
00292b29,
002a2b29,
00292a27,
002a2828,
00090909,
00262b27,
002a2b2a,
00262825,
00262825,
00252725,
00252725,
00252724,
00252625,
00242624,
00242624,
00242524,
00242524,
00242524,
00242524,
00242524,
00232524,
00232524,
00242524,
00232523,
00232423,
00232524,
00232423,
00232423,
00222423,
00222422,
00222322,
00222422,
00222322,
00222322,
00222322,
00222423,
00222422,
00222422,
00222423,
00232423,
00232523,
00232424,
00232424,
00262726,
00262726,
00262726,
00262726,
00262726,
00262726,
00262726,
00262726,
00262726,
00262726,
00262726,
00252726,
00252725,
00242624,
00242624,
00242524,
00252624,
00272726,
00262726,
00262826,
00262827,
00262827,
00262827,
00262827,
00252827,
00262827,
00262827,
00262827,
00262827,
00262827,
00262827,
00262827,
00262827,
00272827,
00272828,
00272828,
00272827,
00272827,
00272827,
00272827,
00272827,
00272827,
00272828,
00272828,
00272828,
00272827,
00272828,
00272828,
00272828,
00272828,
00272828,
00262828,
00272828,
00282828,
00272828,
00272828,
00272827,
00272828,
00272828,
00272828,
00272828,
00272928,
00272827,
00272828,
00272928,
00272928,
00272928,
00272927,
00272928,
00272928,
00272928,
00282928,
00282929,
00282928,
00272928,
00282928,
00282a28,
00282929,
00282929,
00282929,
00282928,
00282928,
00282928,
00282a29,
00282929,
00282929,
00282928,
00282a28,
00282a29,
00282a28,
00292a29,
00292a29,
00282a29,
00282a29,
00282a29,
00292a2a,
00282a29,
00292a29,
00282a29,
00282929,
00272928,
00282929,
00272928,
00272828,
00272828,
00272827,
00262827,
00262727,
00262727,
00252626,
00242625,
00242525,
00232424,
00232323,
00212221,
000c0c12,
000a090d,
000e101f,
000b0f24,
000b0e25,
000a0e24,
000a0e24,
000a0e25,
000a0e25,
000a0e26,
000a0e26,
00090e26,
000a0e26,
000a0e26,
000a0e25,
000a0e26,
000a0e26,
000a0e25,
000a0f26,
000a0f26,
000a0f25,
000b0f25,
000b1026,
000b1026,
000a1026,
000b1026,
000b1026,
000c1127,
000d1227,
00090f1c,
00222423,
00222323,
00222323,
00202021,
00120b0e,
000f1116,
000e0f18,
00101118,
000c0e14,
00070818,
00262c2b,
00292c2c,
002b2e2e,
002b2f2e,
002d302f,
002b2d2d,
00171417,
003b3e3b,
002f312f,
00333230,
002a302c,
002a302d,
002a2c2b,
00282a29,
00292a29,
002b2c2a,
002a2b2a,
002a2b2b,
002c2d2c,
00272521,
003e3c3b,
003d3d3d,
00343536,
00252827,
00181919,
00202626,
001e1f1f,
001f2020,
001f2020,
001f2020,
001f2020,
001e1f1f,
00151314,
00030303,
00171717,
001f2220,
00222322,
00232524,
00252625,
00252725,
00252726,
00262826,
00272827,
00272827,
00292827,
00272827,
00272928,
00272928,
00282a29,
00282928,
00292a28,
00292a29,
00292b28,
002a2b29,
002a2b29,
002a2b29,
00292b29,
002a2b29,
00292b29,
00292b29,
00292b29,
002a2b29,
001f1e1e,
00191b19,
00272c29,
00262825,
00262825,
00252725,
00252725,
00252724,
00242625,
00242625,
00242625,
00242524,
00242524,
00242524,
00242524,
00242624,
00242524,
00242524,
00242524,
00232523,
00232524,
00232523,
00232423,
00232423,
00222423,
00232423,
00222322,
00222423,
00222323,
00232322,
00222322,
00222422,
00222423,
00222422,
00222423,
00232423,
00242524,
00232424,
00232424,
00262726,
00262726,
00262726,
00262726,
00262726,
00252725,
00252725,
00262726,
00262726,
00262726,
00262726,
00252726,
00242625,
00242524,
00242524,
00242524,
00252524,
00262726,
00262726,
00262726,
00262826,
00262827,
00262826,
00262826,
00262826,
00272826,
00262826,
00262827,
00262827,
00262827,
00272827,
00262827,
00262827,
00262827,
00272828,
00272827,
00262826,
00262827,
00262827,
00262827,
00272827,
00272927,
00272828,
00272828,
00272828,
00272828,
00272828,
00272828,
00272828,
00272828,
00272828,
00272828,
00272828,
00282828,
00272828,
00272928,
00272827,
00272828,
00272827,
00272827,
00272828,
00272828,
00272827,
00272828,
00272828,
00272828,
00272827,
00272827,
00272928,
00272928,
00272928,
00272928,
00272928,
00272928,
00272927,
00272927,
00282928,
00282929,
00282929,
00282929,
00282929,
00282929,
00282928,
00282929,
00282929,
00282929,
00282928,
00282929,
00282a29,
00282a29,
00282a29,
00292a29,
00282a29,
00282a29,
00292a2a,
00292a2a,
00282a29,
00282a29,
00282a29,
00282929,
00282929,
00272928,
00282929,
00272828,
00272828,
00272828,
00262827,
00262727,
00252726,
00252626,
00252625,
00242525,
00242424,
00232323,
001f1f1f,
00101016,
0008060c,
0010111e,
000f0d1b,
000f0e22,
000e0e24,
000c0e25,
000a0d24,
000a0e25,
000a0e25,
000b0e25,
000a0e25,
000a0e24,
000a0e25,
00090f25,
000a0f26,
000a0e25,
00090e25,
000a0f26,
000a0f26,
000b0f26,
000a0f25,
000b1027,
000a1026,
000a1026,
000a1026,
000b1026,
000c1127,
000d1327,
00191e27,
00222323,
00222323,
00212222,
001f1f21,
000e0b11,
00090a11,
00090c16,
0015161c,
000c0b1a,
00040515,
00272c2b,
00282d2c,
002a2e2e,
002c2f2f,
002d302f,
002d2e2e,
00191216,
00090306,
00140a0e,
0030342f,
00102115,
000e2117,
002a2c2b,
002a2c2c,
00292b2a,
002b2d2b,
002b2d2a,
002a2c2a,
0034312c,
002f2a22,
002d2a29,
00221f21,
00303131,
00262827,
00030606,
00212727,
001f1f1f,
00202121,
00202121,
001f2121,
00202121,
00202120,
00202020,
001d1f1e,
00202220,
00212323,
00232423,
00232524,
00252625,
00252725,
00252726,
00262826,
00272827,
00272827,
00292827,
00272827,
00272928,
00272928,
00282928,
00282928,
00292a29,
00292a29,
00292b28,
002a2b29,
002a2b29,
002a2b29,
002a2b29,
002a2b29,
002a2b29,
002a2c29,
002a2c2a,
002a2c29,
00292828,
00080406,
00141614,
00262826,
00262825,
00262825,
00252725,
00252724,
00242625,
00252625,
00242624,
00242524,
00242524,
00242524,
00242524,
00242524,
00242524,
00242524,
00242524,
00232524,
00232524,
00232523,
00232523,
00222423,
00222423,
00222423,
00222423,
00222423,
00222422,
00242423,
00222422,
00222423,
00222423,
00222323,
00222423,
00232423,
00232423,
00232523,
00232423,
00252625,
00252726,
00252726,
00252726,
00252726,
00252726,
00252726,
00262726,
00252726,
00262726,
00252726,
00262726,
00232625,
00242524,
00232523,
00232523,
00242524,
00262625,
00262726,
00262826,
00262826,
00262826,
00262726,
00262726,
00262726,
00262726,
00262726,
00262726,
00262726,
00262826,
00262826,
00262827,
00262827,
00272827,
00272828,
00272828,
00262826,
00262827,
00272828,
00272827,
00262827,
00272827,
00272827,
00272827,
00272828,
00272828,
00272828,
00272828,
00272828,
00272828,
00272828,
00272928,
00272928,
00272828,
00272828,
00272828,
00272828,
00272828,
00272927,
00272827,
00272828,
00272828,
00272827,
00272827,
00272827,
00272827,
00272827,
00272827,
00272828,
00282929,
00272928,
00282928,
00282929,
00282928,
00272927,
00282928,
00282929,
00282929,
00282929,
00282929,
00282929,
00282929,
00282929,
00282929,
00282929,
00282929,
00282929,
00282929,
00282929,
00282929,
00292a29,
00282a29,
00282a29,
00282929,
00282929,
00282929,
00282929,
00282929,
00282929,
00282929,
00282929,
00282929,
00272928,
00272828,
00272828,
00272828,
00262828,
00262727,
00252726,
00252626,
00252525,
00252524,
00242423,
00232322,
00201f20,
000f0f17,
00120f17,
000f0f19,
00231b13,
00251d18,
00262119,
00231f1a,
00211518,
001a111a,
000e0a17,
000e0c1c,
00110e24,
000f0f24,
00090d25,
000a0e24,
000a0e25,
000b0f25,
00090e25,
000a0e25,
000a0f25,
000a0f26,
000b0f26,
000a0f25,
000b1026,
000b0f27,
000b1026,
000b1026,
000c1227,
000d1326,
00212529,
00222323,
00222323,
00212222,
001d1c1f,
000b0b18,
000c0f19,
0003050f,
000e1019,
000b0b1c,
00060918,
00262b2b,
00292d2c,
002a2e2d,
002b2f2f,
002d2f2f,
002b2f2e,
002a2d2d,
002a2b2c,
003a3739,
00282c29,
00111f15,
00101c19,
00120f23,
0022262b,
00130a0c,
0010090d,
002c2d2a,
00101d15,
001d1710,
00221b10,
00292b29,
00292b2a,
00272a29,
00252625,
00151e1a,
00212828,
001f2120,
00202121,
001f2121,
001f2121,
00202121,
00212221,
00212222,
00212222,
00212221,
00222323,
00232424,
00242524,
00252625,
00252726,
00252726,
00262726,
00262827,
00272827,
00282827,
00272827,
00282928,
00282928,
00282928,
00282928,
00292a28,
002a2a28,
00292b28,
002a2b29,
002a2b29,
002a2b29,
002a2b29,
002a2b29,
002b2b29,
002a2c29,
002a2c29,
002a2c29,
002a2c29,
00292929,
000a0204,
00262826,
00252725,
00262825,
00252725,
00252724,
00252625,
00252625,
00242625,
00242524,
00242624,
00242524,
00242524,
00242524,
00242524,
00242524,
00242624,
00232524,
00232524,
00232524,
00232524,
00232423,
00232423,
00222423,
00222423,
00222423,
00222423,
00222423,
00222423,
00222423,
00222423,
00222423,
00222423,
00232423,
00232523,
00232423,
00232423,
00252625,
00252725,
00252726,
00252725,
00252725,
00252625,
00252725,
00252725,
00252725,
00252726,
00252726,
00262726,
00242625,
00232523,
00232523,
00232423,
00232423,
00252625,
00252726,
00262726,
00262726,
00262726,
00262726,
00262726,
00262726,
00262726,
00262726,
00262726,
00262726,
00262726,
00262727,
00262727,
00262727,
00262726,
00272827,
00262827,
00262726,
00262726,
00262827,
00262827,
00262827,
00262827,
00262826,
00272827,
00272827,
00272827,
00272827,
00272827,
00272827,
00272827,
00272828,
00272828,
00272827,
00272828,
00272827,
00272827,
00272828,
00272828,
00272828,
00272828,
00272828,
00272828,
00272827,
00272828,
00272827,
00272827,
00272927,
00282928,
00282929,
00282929,
00282929,
00282928,
00282929,
00282928,
00272928,
00282928,
00282928,
00282928,
00282928,
00272928,
00282928,
00282928,
00282929,
00282929,
00282929,
00282929,
00282928,
00282929,
00282929,
00282929,
00282928,
00282928,
00282929,
00282929,
00282929,
00282929,
00282929,
00282929,
00282929,
00282929,
00282929,
00272928,
00272828,
00272828,
00272828,
00272828,
00262827,
00262727,
00252726,
00252626,
00252624,
00252524,
00242423,
00232323,
001e1d1c,
0013121c,
0015151a,
00121215,
00261d14,
00251e13,
00251f12,
00251d12,
00241e13,
00231d13,
00241d11,
00251d14,
00261f16,
0028211a,
00251d1c,
001c151a,
000a080f,
000d0a17,
00110d21,
000d0f24,
000c0f26,
000c0f26,
000a0f24,
000b0e26,
000c1026,
000c0f26,
000b1026,
000d1126,
000c1127,
000c1227,
00212528,
00222323,
00212322,
00212222,
001b191c,
000b0b19,
000f0f18,
0004040f,
00090e19,
000d0a1e,
00171d24,
00272c2c,
00292d2c,
002a2e2d,
002f2d2e,
002a2b2b,
002d2f2f,
002c2d2c,
002c2d2c,
00393536,
00323131,
00121f15,
00323437,
0012102c,
00101324,
0018090f,
0014080d,
00161d17,
00121f18,
001e1710,
00221c16,
00292b29,
00292b2a,
00292b29,
00202321,
00101e18,
00242828,
00212121,
00202121,
00202221,
00202222,
00212222,
00212222,
00212223,
00212322,
00222322,
00222423,
00232424,
00242525,
00252625,
00252726,
00252726,
00262726,
00262827,
00262827,
00272827,
00272827,
00282927,
00282928,
00282928,
00282928,
00282a29,
00292a28,
00292b28,
002a2b29,
002a2b29,
002a2b29,
002a2b29,
002a2b29,
002a2c29,
002a2c29,
002a2c29,
002b2d2a,
002a2b2a,
002a2b28,
00272827,
00262726,
00252725,
00262825,
00252725,
00252724,
00252625,
00252625,
00242625,
00242524,
00242524,
00242524,
00242524,
00242524,
00242524,
00242524,
00242524,
00232524,
00242524,
00232524,
00232524,
00232423,
00232423,
00222423,
00222423,
00222423,
00222423,
00222423,
00222423,
00222423,
00222423,
00222422,
00222422,
00232424,
00232424,
00232423,
00232423,
00242624,
00252625,
00252725,
00252725,
00252625,
00252625,
00252725,
00252625,
00252625,
00252625,
00252625,
00262625,
00252625,
00232424,
00232424,
00232423,
00232423,
00242524,
00252725,
00252726,
00262726,
00262726,
00252726,
00252726,
00262726,
00262726,
00262726,
00252726,
00252726,
00262726,
00262727,
00262727,
00252726,
00262726,
00262726,
00262727,
00262727,
00262727,
00262727,
00262827,
00262826,
00262727,
00262827,
00262827,
00262827,
00262727,
00262827,
00262727,
00262827,
00262726,
00262726,
00262826,
00262727,
00272827,
00272828,
00262827,
00262827,
00262828,
00272827,
00272827,
00272828,
00272827,
00272828,
00272828,
00272827,
00272827,
00272927,
00282928,
00282929,
00282929,
00282929,
00282928,
00282928,
00272928,
00272928,
00282928,
00282928,
00272928,
00282929,
00272928,
00282929,
00282928,
00282928,
00282929,
00282929,
00282929,
00282928,
00282929,
00282929,
00282928,
00282928,
00282928,
00282929,
00282929,
00282929,
00282928,
00282929,
00282929,
00282929,
00282929,
00282929,
00272828,
00272828,
00272827,
00272828,
00262827,
00262727,
00262727,
00252626,
00242625,
00252524,
00242524,
00242423,
00212222,
001e1d1c,
00131117,
0017171d,
00141315,
00251f15,
00251f16,
00251f14,
00241f13,
00241e12,
00241e12,
00251e13,
00241e12,
00241e13,
00241d13,
00241e14,
00251f13,
00251e15,
00241f16,
00262118,
0028251f,
002b2420,
00241c1d,
000a060c,
0008050f,
00120b20,
000f1127,
000b1126,
000d1227,
000d1225,
000d1327,
00202224,
00222323,
00222222,
00202221,
0018181b,
000b0a17,
000f1015,
000c0f19,
00070812,
000a0a1d,
00202729,
00272c2b,
00292d2c,
002a2e2d,
001c1619,
001a151a,
00161622,
001e2120,
002a2d2b,
002d2e2d,
00050103,
00121f16,
0022212b,
001f1c2f,
000a0c1f,
00343334,
0014080e,
00111a13,
00272f2c,
00241c16,
00262423,
002a2b2a,
00292b2a,
00292a2a,
00191f1b,
00192321,
00252828,
00212222,
00202121,
00202222,
00202222,
00212222,
00222323,
00222323,
00222322,
00222323,
00232424,
00232524,
00252626,
00252625,
00252726,
00252726,
00262726,
00262827,
00282827,
00282827,
00272827,
00282927,
00282928,
00282928,
00282928,
00292a29,
00292a28,
00292b28,
002a2b29,
002a2b29,
002a2b29,
00292b29,
00292c29,
002a2c29,
002a2c29,
002a2c29,
002a2c2a,
002a2c2a,
002a2c29,
002a2a28,
00252725,
00252725,
00262825,
00252725,
00252724,
00242625,
00242625,
00242625,
00242524,
00242524,
00242524,
00242624,
00242524,
00242524,
00242524,
00242524,
00242524,
00232524,
00232524,
00232523,
00232423,
00232423,
00232423,
00222423,
00222423,
00222423,
00222423,
00222423,
00222423,
00222423,
00222423,
00222322,
00222323,
00232423,
00232423,
00232423,
00242625,
00252625,
00252725,
00252625,
00242624,
00242625,
00242625,
00252625,
00252625,
00252625,
00252725,
00252725,
00252625,
00232424,
00232424,
00222423,
00222423,
00232524,
00252625,
00262726,
00262726,
00252726,
00252726,
00252726,
00252726,
00252726,
00252726,
00252725,
00252725,
00252726,
00262727,
00262727,
00252726,
00252726,
00252726,
00262727,
00262727,
00262727,
00262827,
00262726,
00262727,
00262827,
00262727,
00262727,
00262727,
00262726,
00262727,
00262727,
00262727,
00262827,
00262727,
00262727,
00252726,
00262826,
00262727,
00262727,
00262727,
00272828,
00262827,
00272827,
00262827,
00262727,
00262726,
00262827,
00262827,
00272827,
00272828,
00272828,
00272928,
00272828,
00282928,
00282928,
00272929,
00272928,
00272928,
00272928,
00272928,
00282928,
00282929,
00282929,
00272928,
00282928,
00282928,
00282929,
00282929,
00282929,
00282929,
00282929,
00282928,
00282928,
00282928,
00272928,
00282929,
00282929,
00282928,
00282928,
00282928,
00282928,
00282929,
00272828,
00272828,
00272828,
00272828,
00272828,
00272828,
00262727,
00262727,
00252726,
00252626,
00242525,
00242524,
00242524,
00232423,
00212322,
001e1b1b,
00171414,
00191a1e,
00171817,
0024211b,
0025221b,
00252018,
00251f15,
00241f15,
00241f13,
00241e13,
00251e13,
00241f14,
00251f13,
00251f14,
00251f15,
00261f16,
00251f15,
00251f13,
00261f14,
00251f14,
00251f14,
00252015,
00251f15,
00252016,
0028241c,
0029251f,
00221d1d,
000e0b0f,
000e0e12,
00212323,
00222323,
00212322,
00202121,
00161518,
00090a15,
000f1016,
0010121b,
000c0f19,
000a0a1c,
00212727,
00282b2b,
00272d2c,
002a2e2d,
00302f2f,
001f1a26,
00282730,
002a2d2a,
002c2d2c,
002c2e2c,
000d0908,
00121f17,
00161325,
0025232b,
000d0d20,
00211b1d,
00180b0f,
00151c15,
00121f18,
001c1108,
0022221f,
00292b2a,
00292c2a,
002d2c2d,
00121f14,
00202727,
00272b2a,
00202221,
00202221,
00202222,
00212222,
00212222,
00222322,
00222323,
00222323,
00222423,
00232424,
00242525,
00252626,
00252625,
00252726,
00262726,
00262726,
00272827,
00272827,
00272827,
00272827,
00272928,
00272928,
00282928,
00282928,
00292a28,
002a2a28,
002a2a28,
002a2c29,
002a2b29,
002b2b2a,
00292b2a,
00292b29,
002a2c29,
002a2c29,
002a2c2a,
002a2c2a,
002b2d2b,
002b2d2a,
00292b29,
00252725,
00252725,
00262825,
00252725,
00252724,
00242625,
00242625,
00242625,
00242524,
00242524,
00242524,
00242524,
00242524,
00242524,
00242524,
00242524,
00242524,
00232524,
00242524,
00242524,
00232423,
00232423,
00232423,
00222423,
00232523,
00222423,
00222423,
00222423,
00222423,
00222423,
00222322,
00222322,
00222422,
00232423,
00232423,
00222423,
00242525,
00252625,
00262625,
00252625,
00252625,
00242625,
00242625,
00242625,
00252625,
00252625,
00242625,
00242625,
00242624,
00232423,
00232423,
00222423,
00222423,
00232424,
00252625,
00262725,
00252725,
00252726,
00252726,
00252725,
00252625,
00252725,
00252725,
00252725,
00252726,
00252725,
00262726,
00262726,
00252726,
00252726,
00252726,
00262726,
00262727,
00262727,
00262727,
00252726,
00262727,
00262727,
00262727,
00262727,
00262727,
00262726,
00262727,
00262727,
00262827,
00262727,
00262727,
00262727,
00262726,
00262726,
00262727,
00262727,
00262727,
00262727,
00262827,
00262727,
00272827,
00272827,
00272828,
00272827,
00262826,
00262827,
00272828,
00272828,
00272827,
00272828,
00272828,
00272829,
00272929,
00282929,
00272927,
00272928,
00272928,
00272928,
00272928,
00272828,
00282928,
00282928,
00282928,
00282929,
00282929,
00282929,
00282929,
00282929,
00282928,
00282928,
00282928,
00282928,
00282929,
00282929,
00282928,
00282928,
00282928,
00282928,
00272928,
00272828,
00272828,
00272828,
00272828,
00272828,
00272828,
00262727,
00262726,
00262727,
00252626,
00242524,
00242524,
00242423,
00232322,
00222221,
00181515,
00181411,
0018181c,
00232224,
0025231d,
0025231e,
0025221b,
00252019,
00252119,
00252017,
00252017,
00252017,
00242016,
00251f14,
00241f14,
00251f15,
00251f15,
00251f14,
00251f13,
00251f14,
00251f14,
00251f14,
00252014,
00262015,
00262015,
00262015,
00242015,
00252117,
00262117,
00221f19,
00222323,
00222323,
00212222,
00202121,
00131415,
0005070c,
00090912,
0013131a,
0011101a,
00060718,
00262c2b,
00282a2d,
00171f25,
00272d2e,
00313334,
00212027,
00232426,
002b2d2c,
002b2d2c,
002b2d2c,
00181515,
00111f16,
000e0b22,
00282830,
00121525,
00180910,
0011070d,
00242824,
000d1e15,
001c0f08,
001c1a19,
001d1e1d,
00292b2a,
002d2e2b,
00101f18,
00232829,
00262828,
00212222,
00202222,
00202222,
00212222,
00222222,
00222323,
00222322,
00222423,
00232424,
00232423,
00242525,
00252626,
00252625,
00252726,
00262726,
00262726,
00272827,
00272827,
00272827,
00272827,
00272928,
00272928,
00282928,
00282928,
002a2a28,
00292a28,
00292a28,
002a2b29,
002a2b28,
002a2b2a,
00292b2a,
002a2c29,
002a2c29,
002a2c29,
002a2c2a,
002a2c2a,
002b2d2a,
002b2d2a,
002a2c29,
00262825,
00262825,
00262825,
00252725,
00252724,
00252625,
00242625,
00242625,
00242624,
00242524,
00242524,
00242524,
00242524,
00242524,
00242524,
00242525,
00242524,
00232524,
00232423,
00232523,
00232423,
00232423,
00232423,
00232423,
00222423,
00222423,
00222423,
00222423,
00222423,
00222322,
00222422,
00222422,
00222322,
00222422,
00232423,
00232423,
00232525,
00252625,
00272c2a,
00232322,
00242625,
00242524,
00242624,
00242624,
00242625,
00242625,
00242625,
00242625,
00242524,
00222422,
00222423,
00222422,
00222422,
00222422,
00242624,
00252725,
00252625,
00252725,
00252625,
00252625,
00252625,
00252625,
00252725,
00252625,
00252625,
00252626,
00252625,
00252625,
00252625,
00252726,
00262726,
00252726,
00262727,
00262727,
00262727,
00262726,
00262727,
00262727,
00262727,
00262727,
00262727,
00252726,
00262727,
00262726,
00262726,
00252726,
00252726,
00252726,
00262727,
00262727,
00262727,
00262727,
00262727,
00262727,
00262727,
00262727,
00272727,
00272727,
00262827,
00262827,
00262827,
00262826,
00272828,
00272827,
00272827,
00262826,
00262727,
00272828,
00272827,
00272828,
00272827,
00272927,
00272927,
00272828,
00272828,
00272929,
00272928,
00272927,
00272928,
00282928,
00282928,
00282928,
00272928,
00272828,
00282929,
00282929,
00282929,
00282929,
00282929,
00282929,
00272928,
00282928,
00282928,
00282928,
00272928,
00272828,
00272828,
00272928,
00272828,
00272828,
00272828,
00262727,
00262727,
00252626,
00252626,
00242524,
00242523,
00232423,
00232322,
00222222,
00141110,
00181412,
00131216,
00262726,
0025241f,
0025231f,
0024221d,
0025221c,
0025221a,
0026211a,
0025211a,
0025221c,
0026231c,
00252117,
00252016,
00252015,
00242015,
00242015,
00262015,
00261f15,
00261f15,
00252015,
00262015,
00262115,
00241f14,
00262116,
00262117,
00262118,
00272118,
0026221c,
00222323,
00212322,
00212222,
00202121,
000f1113,
000a0e14,
000c101b,
000d0f1a,
000f0f1b,
00050718,
00242a2a,
00212327,
00131a24,
001a2025,
0022292c,
00222528,
00292b2d,
002b2d2d,
00282a2a,
002b2b2b,
00313233,
000f1f16,
000f081e,
00323138,
0022222f,
00222023,
00090409,
00252926,
00131e16,
0027170e,
00313130,
00262724,
00262725,
00141b14,
001d2527,
00252a29,
00222423,
00212222,
00212222,
00202222,
00212322,
00222323,
00222323,
00232423,
00232424,
00232424,
00232524,
00242525,
00252626,
00252626,
00252726,
00262726,
00262726,
00272827,
00272827,
00272827,
00272827,
00272827,
00282928,
00282928,
00292a28,
002a2a28,
00292a28,
00292b28,
002a2b29,
002b2b29,
002a2b2a,
00292b29,
002a2c29,
002a2c29,
002a2c29,
002a2c2a,
002a2c2a,
002b2d2a,
002b2d2a,
002b2d2a,
00262825,
00262825,
00252725,
00252725,
00252724,
00252725,
00242624,
00242625,
00242625,
00242524,
00242524,
00242524,
00242524,
00242524,
00242524,
00242525,
00232523,
00232523,
00232523,
00232524,
00232423,
00232423,
00232423,
00222422,
00222423,
00222423,
00232423,
00222423,
00222422,
00222322,
00222422,
00222423,
00222322,
00222423,
00232423,
00222423,
00222424,
00202322,
000a0a09,
000e090a,
00262524,
00242524,
00242524,
00242624,
00242624,
00242625,
00242624,
00242524,
00242524,
00232423,
00222322,
00222422,
00222422,
00222423,
00242524,
00242625,
00252625,
00252625,
00252625,
00252625,
00252625,
00252625,
00252625,
00252625,
00252626,
00252626,
00252625,
00252625,
00252626,
00252726,
00252726,
00252726,
00252626,
00252726,
00262727,
00252726,
00252726,
00252626,
00262727,
00262727,
00262726,
00252726,
00262727,
00262726,
00262726,
00262727,
00262727,
00252726,
00262727,
00262727,
00262727,
00262727,
00262727,
00262727,
00262727,
00262726,
00262727,
00262727,
00262727,
00262727,
00262727,
00262727,
00262727,
00262727,
00262827,
00262826,
00262827,
00262827,
00272827,
00272828,
00272827,
00272828,
00272828,
00272828,
00282828,
00272828,
00272828,
00272928,
00272928,
00282928,
00282928,
00272828,
00272928,
00272928,
00272928,
00282929,
00282928,
00282928,
00282928,
00282928,
00272928,
00282929,
00282928,
00282928,
00272928,
00272828,
00272828,
00272828,
00272828,
00262827,
00262828,
00262727,
00262727,
00252626,
00252626,
00242524,
00232523,
00232423,
00242322,
00222222,
00140f0e,
00181410,
0007070c,
00272825,
00272521,
00252520,
0025241f,
0025231e,
0024221c,
0026221d,
0025221c,
0026231c,
0025221c,
0025221a,
00252119,
00242017,
00252118,
00262119,
00252119,
0026221a,
0026221a,
0026221a,
0026231a,
0026231b,
0025231c,
0025231e,
0026231d,
0027221c,
0026221b,
0023201c,
00222323,
00212322,
00212222,
00202021,
000d1010,
00090b13,
000a0b17,
00080a14,
000f111c,
000a0a19,
00252a2a,
001f2127,
00171d26,
001e2429,
001d2327,
0022232a,
002a2d2d,
002c2c2d,
000c0a0a,
00181414,
003b3c3b,
00091a10,
00120b23,
000f0f22,
002b2530,
0021171b,
000c050a,
00131e15,
000e1a14,
0027180e,
0017090c,
00222221,
001a1d1a,
00212523,
00242729,
00262a29,
00202121,
00212222,
00212222,
00212222,
00222323,
00222323,
00222423,
00242424,
00232424,
00232424,
00242524,
00242624,
00252626,
00252626,
00252726,
00262726,
00262726,
00272827,
00272827,
00272827,
00272827,
00272827,
00272827,
00282928,
00292928,
002a2a28,
002a2a28,
002a2b29,
002a2b29,
002a2a29,
002a2b2a,
00292b29,
002a2c29,
002b2b2a,
002a2b2a,
002a2c2a,
002a2c2a,
002b2d2a,
002b2d2a,
002b2d2a,
00262725,
00262825,
00252726,
00252725,
00252724,
00242624,
00242624,
00242625,
00252625,
00242623,
00242623,
00242524,
00242524,
00242524,
00242524,
00232524,
00232524,
00232524,
00242523,
00242524,
00232524,
00232423,
00232423,
00232423,
00222423,
00222423,
00222422,
00222423,
00222423,
00222322,
00222322,
00222322,
00222323,
00232423,
00232424,
00232523,
001b1d1c,
000a0b0a,
00080808,
00070707,
002c2a29,
00242524,
00242524,
00242524,
00242524,
00242524,
00232624,
00232524,
00232423,
00222322,
00222322,
00222322,
00222323,
00222323,
00232524,
00242624,
00252625,
00252625,
00252625,
00252625,
00252625,
00252625,
00252625,
00252626,
00252626,
00252626,
00252625,
00252625,
00252626,
00252626,
00252625,
00252625,
00252626,
00252625,
00252627,
00252726,
00252726,
00252726,
00252726,
00252726,
00262727,
00262727,
00252726,
00252726,
00252726,
00252726,
00252626,
00252626,
00252726,
00262727,
00262727,
00252726,
00262726,
00262726,
00262726,
00262726,
00262727,
00262727,
00262726,
00252726,
00262727,
00262727,
00262727,
00262727,
00262827,
00252826,
00262827,
00262827,
00272827,
00262827,
00272827,
00272827,
00272828,
00272828,
00272828,
00272828,
00272928,
00282928,
00282929,
00282928,
00272928,
00282928,
00282928,
00282928,
00282928,
00282929,
00272927,
00282928,
00272928,
00272928,
00282928,
00282928,
00282929,
00282929,
00282929,
00272828,
00272828,
00272828,
00272828,
00272827,
00262827,
00262727,
00262727,
00252726,
00252625,
00252624,
00242523,
00242423,
00232322,
00212121,
00191311,
0017120f,
00100d14,
00242624,
00252521,
00262520,
0025231f,
0026241f,
0025231e,
0026241f,
0025241f,
0026241e,
0026231e,
0025221d,
0025221a,
0025221b,
0025231e,
0025231d,
0025231d,
0026231d,
0025231c,
0026231d,
0027251e,
00272521,
000d0a0f,
0024241f,
0027241e,
0027231d,
0027231c,
0022221e,
00222322,
00212322,
00202221,
001f1f20,
000b100e,
00080d12,
000a0d15,
000d0f1a,
00090b0f,
00050715,
00272b2c,
001e1f27,
00161c25,
001d2329,
001e2328,
00181723,
00272a2b,
000c0c0a,
00302f2c,
002d2e2d,
00353532,
00091a13,
00120e1e,
00100f28,
002c262b,
0014060b,
00161115,
000f1711,
00262d2a,
001e1a16,
00120207,
00282929,
00292b2a,
00232628,
00242a2a,
00272a2a,
00212322,
00202222,
00202222,
00212223,
00222323,
00222423,
00232423,
00232424,
00232423,
00232524,
00242525,
00242625,
00252625,
00252725,
00262726,
00262726,
00262726,
00272827,
00262827,
00272827,
00272827,
00272827,
00272928,
00282928,
00292928,
00292a29,
002a2a29,
002a2b28,
002b2b29,
002a2b29,
00292b29,
00292b28,
002b2c2a,
002b2c29,
002b2b29,
002b2c2a,
002a2c2a,
002b2d2a,
002b2d2b,
002b2d2a,
00262725,
00252725,
00252725,
00252725,
00252724,
00242624,
00242624,
00242625,
00242625,
00242525,
00242525,
00242524,
00242524,
00242524,
00242524,
00232524,
00232524,
00232524,
00242523,
00232423,
00232423,
00232423,
00232423,
00232423,
00222423,
00222423,
00222422,
00222423,
00232423,
00222322,
00222322,
00222322,
00222323,
00222323,
00232424,
00222625,
00080808,
00070707,
00060606,
00080607,
00252323,
00232524,
00232523,
00232524,
00232524,
00232523,
00222423,
00222423,
00222422,
00222322,
00212321,
00212322,
00222323,
00222323,
00232424,
00242524,
00242625,
00252625,
00252625,
00242625,
00242625,
00242625,
00242625,
00252626,
00252625,
00252625,
00252625,
00252625,
00252626,
00252626,
00252625,
00252625,
00252626,
00252626,
00252626,
00252626,
00252626,
00252626,
00252626,
00252626,
00252626,
00252626,
00252626,
00252626,
00252626,
00252626,
00252626,
00252626,
00252626,
00252626,
00252626,
00252726,
00252626,
00252626,
00262726,
00252726,
00252726,
00252726,
00252726,
00262726,
00262726,
00262726,
00252726,
00252726,
00252626,
00242726,
00262726,
00272827,
00262726,
00262826,
00262827,
00262827,
00272827,
00272828,
00272828,
00272828,
00272828,
00272928,
00282929,
00282928,
00272928,
00272828,
00272928,
00282928,
00282928,
00282929,
00282928,
00282929,
00282929,
00282929,
00282928,
00282929,
00282929,
00282929,
00282929,
00272828,
00272828,
00272828,
00272828,
00272827,
00262827,
00262727,
00252726,
00252626,
00252626,
00242524,
00242523,
00242423,
00232322,
00222222,
001a1512,
00140f0d,
0015141c,
00242522,
00252420,
0025231e,
0025231d,
0025231e,
0026241f,
0026241f,
0026241e,
0026221e,
0026231c,
0025231d,
0026221d,
0026231c,
0026231e,
0026231d,
0026231d,
0026231c,
0026231d,
0026241e,
0026231f,
0027231e,
000b0a0b,
0024211a,
0026231c,
0026231c,
0026231b,
00222220,
00222222,
00212222,
00202121,
001b1d1d,
000c0f0d,
00070a0d,
0008080d,
000e1116,
00070810,
00060917,
00272a2a,
00151721,
00171d25,
001f252a,
001e2327,
001e1f24,
00333333,
0034302d,
00281a0c,
0024190d,
002a2b2a,
00282d2b,
0030302f,
002e3032,
00292b29,
00313536,
002d2f2f,
002d2f2e,
0031302d,
002f2b29,
00140508,
00090607,
001c1f1e,
00252a2a,
00252a2a,
00262a29,
00222323,
00212222,
00202222,
00222322,
00222323,
00222423,
00232424,
00232424,
00232524,
00242525,
00242525,
00252625,
00252625,
00252726,
00252726,
00262726,
00262726,
00262827,
00262827,
00262826,
00272827,
00272827,
00272928,
00282928,
00292928,
002a2a29,
002a2a29,
002a2b28,
002a2a28,
002a2b29,
00292b28,
00292b29,
002b2c2a,
002b2c29,
002b2c29,
002b2c2a,
002b2c2a,
002b2d2a,
002b2d2b,
002b2d2a,
00262725,
00262725,
00262725,
00252725,
00252724,
00242624,
00242625,
00252625,
00242524,
00242524,
00242524,
00242524,
00242524,
00242524,
00242524,
00232524,
00232524,
00232523,
00232423,
00232423,
00232523,
00232423,
00232423,
00232423,
00222423,
00222423,
00222423,
00222423,
00222423,
00222322,
00222322,
00222322,
00212322,
00222422,
00222323,
00131818,
00080708,
00060606,
00060606,
00070607,
00191516,
00232523,
00232524,
00232523,
00232524,
00232423,
00222423,
00222423,
00222323,
00212322,
00212222,
00222322,
00222323,
00222423,
00232423,
00242524,
00242624,
00242625,
00252625,
00242625,
00242625,
00242625,
00242625,
00252626,
00252626,
00252626,
00242625,
00252626,
00252626,
00252626,
00252626,
00252625,
00252625,
00252626,
00252726,
00252726,
00252626,
00252626,
00252626,
00252626,
00252626,
00252626,
00252626,
00252626,
00252626,
00242625,
00242625,
00252626,
00252626,
00252626,
00252626,
00252726,
00252626,
00252626,
00252626,
00252626,
00252626,
00252626,
00252626,
00252626,
00262626,
00252626,
00222323,
001b1c1b,
00222323,
00222424,
00222323,
001e201f,
001b1c1b,
00252626,
00252726,
00262826,
00262827,
00272828,
00272827,
00272828,
00272828,
00272828,
00272828,
00272828,
00272828,
00272928,
00272928,
00272928,
00282929,
00282929,
00282928,
00282928,
00282929,
00282929,
00272928,
00282929,
00272928,
00282929,
00282929,
00272828,
00272928,
00272828,
00262827,
00272827,
00262827,
00262727,
00262726,
00252625,
00252625,
00252524,
00242524,
00242423,
00232322,
00222121,
001a1512,
00191713,
001d1d25,
0023231e,
0025231f,
0025231e,
0025231e,
000b0b0c,
00191820,
00272725,
002d2c26,
00282721,
00272521,
001a1717,
00191816,
0026231c,
0026221c,
0026231b,
0026231c,
0025221c,
0024241f,
0025221d,
0025231a,
00282421,
00272621,
0027231d,
0026241e,
0027241f,
0027241f,
00232322,
00212222,
00212222,
00202121,
001a191a,
000b0f0c,
0009080e,
0006080f,
000c0e13,
00050411,
00131821,
00262a29,
00121720,
001b2128,
001e2328,
00202529,
002a2c2c,
00181518,
0020180d,
00291b0b,
00291b0c,
002a2726,
00393738,
00222220,
001a211c,
00121b16,
00141321,
0013112a,
00181d25,
0024150a,
0020150a,
0018080e,
00150a10,
001e2120,
00262a29,
00262a29,
00272a29,
00222222,
00212222,
00212322,
00222323,
00222423,
00232424,
00232424,
00232524,
00242525,
00242525,
00242625,
00252625,
00252725,
00252726,
00262726,
00272726,
00272726,
00272827,
00262827,
00262827,
00272827,
00272827,
00272927,
00282928,
00282928,
00292928,
002a2a28,
002a2b28,
002a2a29,
002b2b29,
002a2b29,
00292b29,
002b2c2a,
002a2c29,
002a2c29,
002b2c2a,
002b2c2a,
002b2d2a,
002b2d2b,
002b2d2b,
00262725,
00262725,
00262725,
00252725,
00252724,
00242624,
00242625,
00252625,
00242524,
00242525,
00242525,
00242524,
00242524,
00242524,
00232524,
00232524,
00232524,
00232523,
00232423,
00232423,
00232423,
00232423,
00222423,
00222423,
00222423,
00222423,
00222423,
00222423,
00222422,
00222322,
00222322,
00222322,
00212321,
00212322,
00222322,
00131817,
00070809,
00060607,
00060506,
00070607,
000d0809,
00232423,
00232423,
00222523,
00222424,
00222422,
00222322,
00222322,
00212322,
00212321,
00212222,
00212222,
00222323,
00222323,
00222422,
00232523,
00242524,
00242625,
00242625,
00242625,
00242625,
00242625,
00242625,
00252625,
00242625,
00242625,
00242626,
00242625,
00252625,
00252625,
00252626,
00242625,
00252625,
00252626,
00252626,
00252626,
00252626,
00252626,
00242625,
00252626,
00252626,
00242625,
00242625,
00252626,
00252626,
00252626,
00252626,
00252626,
00242625,
00252626,
00252626,
00252626,
00252626,
00252626,
00252626,
00252626,
00252626,
00252626,
00252626,
00242625,
00232524,
00141515,
001a1a1a,
00252625,
00232524,
00252625,
00232524,
001d201f,
00171817,
00151615,
00242524,
00252626,
00262727,
00262827,
00272828,
00272827,
00272828,
00272828,
00272827,
00272828,
00272828,
00272828,
00272828,
00272828,
00272828,
00282929,
00282929,
00282929,
00272928,
00282929,
00282929,
00282928,
00272928,
00282929,
00282929,
00272828,
00272828,
00272828,
00262827,
00272827,
00262727,
00262727,
00262726,
00262626,
00262625,
00252524,
00242524,
00232423,
00232322,
00222121,
001b1612,
00201f1b,
001c1d25,
00242420,
00252420,
00262420,
0025241f,
000b081d,
000c0a26,
000d0b25,
000c0b25,
000b0921,
00272724,
00252624,
00272624,
0026231f,
0026231e,
0026231c,
0025221b,
0013110e,
0008090c,
0021201a,
0025231d,
00090608,
0025241f,
0026231e,
0027241f,
0026251f,
00272520,
00222323,
00222223,
00202221,
001f2020,
00171719,
000b0f0a,
00080d14,
00060810,
00111317,
0009070f,
0024292b,
00262a2a,
001a2027,
00151b23,
001f2529,
001d2225,
002b2e2e,
00070608,
00291b10,
00342d27,
00291a0d,
000e0207,
0014070f,
00262826,
0017241f,
000e1e14,
000c0820,
0014102b,
001a1e27,
0029190c,
0021140b,
0015070d,
00160b13,
00252828,
00262a29,
00262a29,
00272a2a,
00222222,
00212222,
00222323,
00222323,
00222423,
00232424,
00232424,
00232524,
00242525,
00242525,
00242625,
00252626,
00262727,
00262727,
00262726,
00262726,
00262827,
00262827,
00262827,
00272827,
00272827,
00272927,
00272928,
00282928,
00282928,
002a2a28,
00292a28,
002a2a28,
002a2a29,
002a2a2a,
00292b2a,
00292b2a,
002b2b2a,
002a2c29,
002a2c29,
002b2c2a,
002b2c2a,
002b2d2a,
002b2d2a,
002b2d2a,
00252725,
00252725,
00252725,
00252725,
00252724,
00242624,
00242624,
00242625,
00242524,
00232524,
00232524,
00242524,
00242524,
00232524,
00232524,
00232524,
00232524,
00232423,
00232423,
00232423,
00232423,
00232423,
00222423,
00222423,
00222423,
00222423,
00222423,
00222423,
00222322,
00222422,
00222322,
00222322,
00212322,
00222322,
00212322,
001f2424,
000c0b0b,
00060606,
00060507,
00050607,
00140f11,
00232423,
00232423,
00222423,
00222423,
00222323,
00222323,
00212322,
00212222,
00212222,
00212222,
00212222,
00222323,
00222323,
00232323,
00242423,
00242524,
00242625,
00242625,
00252625,
00242625,
00242625,
00242624,
00242625,
00252625,
00242625,
00242624,
00252625,
00242625,
00242625,
00252626,
00252626,
00252626,
00252626,
00252626,
00242625,
00252626,
00252626,
00242625,
00252626,
00242625,
00242625,
00242525,
00242525,
00242525,
00242525,
00242525,
00252525,
00242625,
00252626,
00252626,
00252626,
00252626,
00252626,
00252626,
00252626,
00252626,
00252626,
00252525,
00242525,
00161818,
00151616,
00181919,
001f2020,
001f2020,
00202221,
001f2121,
001d1e1f,
00141617,
00111111,
00222323,
00242524,
00252626,
00262727,
00262727,
00272828,
00272828,
00272827,
00272827,
00272827,
00272827,
00272827,
00272828,
00272828,
00272828,
00272828,
00272928,
00272928,
00282929,
00282929,
00282929,
00272928,
00282928,
00282928,
00282929,
00272828,
00272828,
00272828,
00272828,
00262827,
00262727,
00262727,
00252725,
00252626,
00262625,
00252524,
00242423,
00242423,
00232322,
00212120,
001b1612,
0022201d,
0011131b,
0009080f,
001d1d26,
002f2d36,
002f2f2f,
000e0d20,
00343536,
0000000f,
000a0824,
000c0926,
00222521,
00252622,
00242523,
0025231e,
0026241f,
0026241f,
0028251f,
00030103,
00090a12,
00232221,
000c0b0c,
00040306,
0026231d,
0026231c,
0026231c,
0027231f,
00252420,
00212222,
00212222,
00202122,
001f1f20,
00161519,
000f0e0b,
000e1118,
000b0d16,
000a0a10,
0009060a,
0022292a,
00262a2a,
00171a25,
00131824,
00181f25,
001a2024,
00292b2b,
00131013,
002a1b0d,
002a2b28,
00353432,
0013070d,
000f040a,
0020231f,
00212c25,
000d1d13,
00140e27,
002b2336,
0023252b,
00251d13,
002d2b2a,
000c0408,
000e060a,
00292b2a,
00262a29,
00262a29,
00242727,
00212322,
00212222,
00212322,
00222323,
00222423,
00232424,
00232424,
00232524,
00232524,
00252525,
00242625,
00252626,
00252726,
00262726,
00272726,
00272726,
00262827,
00272827,
00272827,
00272827,
00272827,
00272827,
00272928,
00282928,
00292928,
00292928,
002a2a29,
002a2b28,
002a2a29,
002a2a29,
00292a29,
002a2b29,
002a2b2a,
002b2c2a,
002a2c29,
002b2c29,
002b2d2a,
002b2d2a,
002b2d2a,
002b2d2b,
00262725,
00252725,
00252725,
00252724,
00252724,
00242624,
00242624,
00242524,
00242524,
00232524,
00232523,
00242524,
00242524,
00232524,
00232524,
00232524,
00232524,
00232423,
00232423,
00232423,
00232423,
00232423,
00222423,
00222423,
00222423,
00222423,
00222423,
00222423,
00222322,
00222422,
00222322,
00222322,
00212322,
00212222,
00212322,
00202423,
0009090a,
00060608,
00070608,
00060607,
000c080a,
00232523,
00222423,
00222423,
00222423,
00222323,
00222323,
00212222,
00212222,
00212222,
00212222,
00212222,
00212222,
00212222,
00222322,
00232423,
00232423,
00242524,
00242624,
00242624,
00242624,
00242525,
00242624,
00252626,
00252626,
00252625,
00242625,
00242625,
00252626,
00252626,
00252626,
00242625,
00252626,
00252626,
00252626,
00242525,
00242625,
00242625,
00242525,
00242625,
00242525,
00242525,
00242525,
00242525,
00242525,
00242525,
00242525,
00242525,
00242525,
00242625,
00252626,
00252626,
00252626,
00252626,
00252626,
00252626,
00242625,
00242525,
00242424,
00222323,
00141515,
00161717,
001d1f1e,
001e2020,
00202222,
00151716,
001f2121,
001e2020,
001b1e1e,
000c0e0e,
00222222,
00222423,
00242525,
00252626,
00262727,
00252727,
00262827,
00262827,
00272927,
00272927,
00272827,
00272828,
00272828,
00272827,
00272827,
00272827,
00272928,
00272928,
00282929,
00282929,
00272928,
00272927,
00272827,
00272927,
00282928,
00272828,
00272828,
00272828,
00272828,
00262727,
00262727,
00252726,
00252625,
00252625,
00252524,
00252524,
00242524,
00232423,
00232322,
00202121,
001c1511,
00201f1b,
0014141c,
00130b08,
00130b08,
00120c09,
0010080c,
000a071b,
002f302e,
00282928,
000d0725,
000c0927,
00181a1f,
00252827,
00151216,
00252522,
0023221e,
0023221c,
00252320,
000f0d0f,
000a0a10,
000d0c15,
00030105,
0026231f,
0026231c,
0026231d,
0026231d,
0026241d,
00252420,
00212322,
00212222,
00202221,
001f1f20,
00121215,
000f0c0c,
000b0d15,
000f0f18,
00070811,
000a070a,
00232928,
00282a2b,
00161822,
00151b25,
00191f25,
001e2426,
00292c2c,
003b3b3c,
002a1b0b,
00282a28,
002a2c2b,
00150a10,
00313333,
00151a14,
00242e2a,
000b1b12,
00131028,
00201b29,
002b292b,
002c2820,
002f302e,
00150f14,
000a0408,
00272a2a,
00262a29,
00272a2a,
00202222,
00212323,
00212322,
00212322,
00222323,
00232424,
00232424,
00232424,
00242525,
00242524,
00252525,
00252626,
00252626,
00252726,
00262726,
00272726,
00272726,
00272827,
00282827,
00272827,
00272827,
00272827,
00272927,
00272928,
00292928,
00292928,
00292a29,
002a2a29,
002a2a29,
00292a29,
002a2a29,
00292a29,
002a2b2a,
002a2c2a,
002b2c2a,
002b2c2a,
002b2b29,
002b2c2a,
002b2d2a,
002b2d2a,
002b2d2b,
00262725,
00262725,
00252725,
00252724,
00242624,
00242624,
00242624,
00242624,
00242624,
00232524,
00232524,
00232524,
00242524,
00232524,
00232524,
00232524,
00232523,
00232423,
00232423,
00232423,
00232423,
00232423,
00222423,
00222423,
00222423,
00222423,
00222423,
00222423,
00222322,
00222322,
00212322,
00222322,
00212223,
00212222,
00222222,
001f2322,
0009080a,
000d0d11,
0005090b,
00060507,
00090608,
00252524,
00222423,
00222423,
00222423,
00222423,
00222423,
00212322,
00212222,
00212222,
00202121,
00202221,
00212222,
00212222,
00212222,
00232323,
00232423,
00242524,
00242524,
00242524,
00242525,
00242525,
00242524,
00242525,
00242625,
00242525,
00252525,
00242625,
00242525,
00242525,
00242525,
00242625,
00242625,
00242625,
00242525,
00242525,
00242525,
00242525,
00242525,
00242625,
00242525,
00242525,
00242525,
00232525,
00232524,
00232525,
00242525,
00242525,
00242525,
00242525,
00242525,
00242525,
00242625,
00242625,
00252626,
00242525,
00242525,
00232524,
00232424,
00222323,
000f0f10,
001c1d1d,
001c1e1e,
00161817,
00222323,
00232323,
001c1e1e,
00212222,
001c1e1d,
001a1c1c,
00212121,
00222323,
00232424,
00242625,
00252626,
00252726,
00252726,
00262727,
00262827,
00272827,
00272828,
00272828,
00272828,
00272928,
00272828,
00272828,
00272828,
00282929,
00272928,
00282929,
00272828,
00272927,
00272828,
00272828,
00272828,
00272828,
00272828,
00272828,
00272828,
00272827,
00262727,
00252726,
00252625,
00242625,
00252525,
00252524,
00242423,
00232423,
00232322,
001f1f1f,
001d1612,
001f1e1a,
00111017,
00130a06,
00140a07,
00130a07,
00150b06,
00050417,
00252727,
00272828,
001e1f21,
000b0c15,
00140b0b,
00140e0f,
00120d11,
000b0608,
000a0305,
00070304,
00030308,
00222224,
00080509,
0007050b,
002c2e30,
002c2f30,
00242525,
0024241e,
00252420,
0026231e,
00252421,
00212222,
00212222,
00202121,
001f1f20,
00121012,
00100b0a,
00070c14,
000b0a11,
00101218,
00090509,
00232929,
00252b2a,
000e070c,
00140f17,
00232426,
002e2f2f,
00262a2a,
003b3b3a,
00291b0b,
00282b28,
00292a29,
00150910,
00282b29,
00141a12,
002c312d,
00111c17,
000f1027,
00100c20,
002a2220,
0032312b,
00373333,
00282327,
00060306,
00242929,
00252a2a,
00262929,
00212121,
00212323,
00212322,
00222323,
00222323,
00232424,
00232424,
00232524,
00242525,
00242524,
00242524,
00252626,
00252626,
00262726,
00262726,
00262726,
00262726,
00272827,
00282827,
00262826,
00272827,
00272927,
00272928,
00272928,
00282928,
00282928,
002a2a29,
002a2a29,
00292a29,
00292a2a,
002a2a29,
00292b29,
002b2b29,
002b2c2a,
002b2c2a,
002b2c2a,
002b2c2a,
002a2c2a,
002b2d2a,
002b2d2a,
002b2d2a,
00262725,
00262725,
00252724,
00252724,
00242624,
00242625,
00242525,
00242525,
00242525,
00242524,
00242524,
00232524,
00232524,
00232523,
00232524,
00232523,
00232423,
00232423,
00232423,
00232423,
00222423,
00232423,
00222423,
00222423,
00222423,
00222423,
00222423,
00222423,
00222322,
00222322,
00212322,
00222322,
00212222,
00212222,
00212222,
001f2222,
00050406,
0014191d,
00131619,
00060608,
00080607,
00272525,
00222423,
00222423,
00222423,
00222422,
00222323,
00212321,
00202221,
00212222,
00202121,
00202221,
00212222,
00212222,
00212222,
00222323,
00222423,
00232424,
00242524,
00232524,
00232523,
00232524,
00242524,
00242525,
00242524,
00242524,
00242525,
00242525,
00242525,
00242525,
00242525,
00242625,
00242525,
00242525,
00242525,
00242525,
00242525,
00242525,
00242525,
00232524,
00232524,
00242525,
00232524,
00232424,
00222424,
00232424,
00232424,
00232424,
00232424,
00242525,
00242525,
00242525,
00242625,
00242525,
00242525,
00242525,
00232524,
00232424,
00222423,
001f2121,
001a1a1a,
001d1e1e,
001d1f1f,
001e1f1f,
001f1f1f,
00080909,
002b2c2c,
000e0d0f,
001b1d1d,
001b1c1c,
00202121,
00222323,
00232424,
00242525,
00252626,
00252626,
00262626,
00262827,
00272828,
00272827,
00272827,
00272828,
00272828,
00272828,
00272828,
00272828,
00272828,
00272828,
00272928,
00272828,
00272828,
00282928,
00272828,
00272828,
00272828,
00272828,
00262827,
00262827,
00262827,
00262827,
00262727,
00262727,
00252626,
00252625,
00262525,
00252524,
00242423,
00232423,
00232322,
00201f1e,
001d1612,
001d1c1a,
00121015,
00160b07,
00140a07,
00150b07,
00150a08,
00020115,
00252626,
00282828,
00272729,
000a0813,
00150a07,
00160d09,
001b1112,
00180c07,
001a0c09,
00170c09,
000c0a0e,
002c2d2e,
00020206,
000b0707,
00120a07,
00140905,
000d0301,
00080202,
00060302,
000b080c,
00141617,
00212222,
00202221,
00202122,
001e1e20,
00110f0f,
000d0c10,
000b0e18,
00090e16,
001b1b21,
00030405,
00262b29,
00272a2a,
0014090f,
000b080b,
00232525,
00282c2b,
002d2e2e,
00322d2c,
0026190a,
00292c2a,
002a2b29,
0011080e,
00282a28,
00121d16,
00292e28,
0018221f,
00090b20,
000f0921,
00251a17,
00342f29,
003a2d2d,
00312a2f,
00191619,
00262929,
00252a29,
00262929,
00222323,
00212323,
00202322,
00222323,
00222423,
00232424,
00232424,
00232523,
00242525,
00242525,
00242525,
00252626,
00252626,
00262726,
00262726,
00262726,
00262726,
00262726,
00272827,
00262826,
00272827,
00272827,
00272927,
00272928,
00272928,
00282928,
002a2a29,
002b2a29,
00292b28,
00292a29,
00292a29,
00292b29,
002a2c29,
002b2c2a,
002b2c2a,
002c2c2a,
002b2c2a,
002b2c2a,
002b2d2a,
002b2d2a,
002b2d2a,
00262725,
00262725,
00252724,
00252724,
00242624,
00252625,
00252525,
00242524,
00242524,
00232524,
00232423,
00232524,
00232524,
00232523,
00232523,
00232423,
00232423,
00232423,
00232423,
00232423,
00222423,
00222423,
00232423,
00222423,
00222423,
00222423,
00222423,
00222422,
00222322,
00222322,
00212322,
00212321,
00212222,
00212222,
00202222,
001f2221,
00050407,
00161a1e,
00090d10,
00060608,
00070607,
001f1919,
00232323,
00222323,
00222323,
00222323,
00212322,
00212322,
001f2120,
001f2121,
001f2121,
00202121,
00212221,
00212322,
00212222,
00222322,
00222323,
00222323,
00242524,
00232524,
00242525,
00242524,
00242524,
00242524,
00232524,
00232524,
00232524,
00242524,
00242525,
00242525,
00252525,
00232525,
00242525,
00242525,
00242525,
00232524,
00232524,
00242524,
00242525,
001b1c1c,
00212222,
00202121,
00222323,
00222324,
00222424,
00222324,
00232424,
00232424,
00232424,
00232424,
00232524,
00232524,
00232524,
00232524,
00232524,
00232424,
00232424,
00222423,
00222323,
00202222,
00100d0f,
001e1f1f,
001d201f,
001c1f1e,
001e2120,
001d1f1f,
00242625,
001e1f20,
00181818,
001f1f1f,
001f2021,
00222323,
00232424,
00242525,
00242625,
00252626,
00252626,
00262726,
00252726,
00262827,
00272827,
00262827,
00272828,
00272828,
00272828,
00272828,
00272828,
00272828,
00272828,
00272828,
00272828,
00272828,
00272828,
00272828,
00272828,
00272828,
00272828,
00272827,
00272828,
00262727,
00262727,
00252726,
00252626,
00242625,
00242524,
00252524,
00242423,
00232423,
00222221,
001f1e1d,
001c1712,
001f1d1b,
00171416,
00221812,
00190f09,
00150a04,
00110905,
000b0a25,
0008051b,
00080710,
0019171f,
000e0a1e,
00160b08,
00180c08,
00120c0a,
00170d0a,
00190c08,
00190c09,
0009080c,
00252627,
00000002,
00201b19,
001a0d08,
001b0d08,
001a0e07,
001b0e0a,
001b0f0c,
001a100b,
0020201f,
00212222,
00202221,
00202121,
001c1c1e,
000c0b11,
00100f14,
00080a12,
00090d14,
00131319,
00090e0e,
00252929,
00242a29,
00190e13,
002e3031,
00232424,
00292a2b,
00303132,
0032302d,
0026170a,
00241c16,
00291e1a,
000f070d,
00282a29,
000e1c13,
00142117,
001d2624,
000b0d20,
00100d27,
00211512,
0028180a,
001f1214,
002b272c,
002f2d2e,
00232928,
00252929,
00262929,
00222323,
00222323,
00212323,
00222323,
00222423,
00232424,
00232424,
00232524,
00242524,
00242525,
00242625,
00252626,
00252626,
00262727,
00252726,
00262726,
00272726,
00272726,
00262726,
00262726,
00272827,
00272927,
00272927,
00282928,
00282928,
00282928,
00292a28,
002a2b28,
002a2b28,
00292a29,
00292a29,
00292b29,
002b2c29,
002b2c2a,
002b2c2a,
002b2c2a,
002b2c2a,
002b2c2a,
002b2c2a,
002b2d2a,
002b2d2a,
00262725,
00252725,
00252724,
00242624,
00242624,
00242623,
00252524,
00242624,
00232523,
00242524,
00232423,
00232524,
00232524,
00232524,
00232523,
00232423,
00232423,
00232423,
00232423,
00232423,
00222423,
00222423,
00222422,
00222423,
00222423,
00222423,
00222423,
00222322,
00222322,
00222322,
00212322,
00212221,
00212222,
001c1e1d,
00212222,
00202121,
00040808,
0015181c,
00101517,
00060608,
00050607,
000e0607,
00222324,
00222423,
00222423,
00222323,
00212323,
00202222,
001f2120,
001f2121,
00202121,
00202121,
00202221,
00212322,
00212222,
00222323,
00222323,
00232423,
00232524,
00242525,
00232524,
00242524,
00242524,
00242524,
00232524,
00242525,
00242525,
00232524,
00232525,
00242525,
00242525,
00232525,
00232525,
00232524,
00232424,
00232424,
00232424,
002b2a2a,
001d1d1c,
001d1f1e,
00181919,
001d1e1e,
00202121,
00222224,
00212223,
00212223,
00222323,
00222323,
00222423,
00232424,
00232424,
00232424,
00232424,
00232424,
00232424,
00222423,
00222323,
00222323,
00212322,
001f2120,
000f0706,
000b0304,
001b1717,
001c1a19,
001d1b19,
001e1c1a,
00181212,
00313032,
001a1c1b,
001f201f,
001f2020,
00212322,
00232424,
00242524,
00242625,
00252626,
00252625,
00252625,
00262827,
00262727,
00272828,
00272828,
00272827,
00272828,
00262827,
00272828,
00272828,
00272828,
00272828,
00272828,
00272828,
00272828,
00272928,
00272828,
00272828,
00272828,
00272827,
00262827,
00262727,
00262727,
00252726,
00252725,
00262725,
00252624,
00242524,
00252524,
00242423,
00232322,
00222221,
001d1c1b,
001c1611,
001e1e1c,
00191615,
0022170d,
0021170c,
0023180d,
00251d19,
00262736,
0028292a,
000c0d0c,
00060609,
00080711,
0020160e,
001c1209,
00140a06,
000e0b0e,
00140b07,
00130b09,
00090706,
00242523,
00000002,
00110705,
001b0e08,
001b0d08,
001b0e08,
001c0f09,
001d0f09,
001c100a,
00262625,
00212222,
00202121,
00202021,
001a1a1d,
000b0b17,
000c0e15,
000e1018,
0008080f,
00080b0c,
0015181a,
00262a2a,
0025292a,
00180c11,
00272929,
00242625,
00282a2a,
00323334,
00383532,
00281809,
00291a0c,
00312726,
000a0309,
002a2b28,
000f1d12,
000c1c12,
00262e2e,
00121220,
00111022,
002a2726,
001c130d,
00241f20,
00313132,
001f2121,
00242829,
00252929,
00272a2a,
00212323,
00212323,
00212322,
00222323,
00232424,
00232424,
00232424,
00242525,
00232524,
00242525,
00252626,
00252626,
00252626,
00262726,
00262726,
00262726,
00262726,
00272726,
00262727,
00272826,
00272827,
00272927,
00272927,
00282927,
00282928,
00292928,
00292a28,
00292b28,
002a2a29,
00292a29,
00292a29,
00292b2a,
002a2b29,
002b2c2a,
002b2c2a,
002b2c2a,
002b2c2a,
002c2d2a,
002b2d2a,
002b2d2a,
002b2d2a,
00252724,
00252724,
00252724,
00242624,
00242624,
00242524,
00252524,
00252623,
00242523,
00242523,
00232424,
00232523,
00232523,
00232524,
00232423,
00232423,
00232423,
00232423,
00232423,
00222423,
00222423,
00222423,
00222423,
00222423,
00222422,
00222422,
00222322,
00222423,
00222322,
00222322,
00212322,
00212221,
00212222,
00212222,
001f2222,
00212222,
000d0f10,
00101316,
00101619,
00060608,
00050506,
000f0708,
00212323,
00222423,
00222322,
00222323,
00212323,
00212322,
00202121,
00202121,
001f2121,
00202120,
00202221,
00212222,
00212222,
00212222,
00212322,
00222322,
00232424,
00232524,
00242524,
00232524,
00242525,
00242525,
00242525,
00242525,
00242525,
00242525,
00242525,
00242525,
00242525,
00242424,
00232424,
00232424,
00222323,
001d1e1e,
001b1b1b,
00353535,
00151615,
00171817,
000c0d0d,
001b1c1d,
001b1b1b,
001e1f21,
001e1f21,
001f2021,
00202122,
00212223,
00222323,
00222423,
00232424,
00232424,
00232424,
00232424,
00232424,
00232424,
00222323,
00222323,
00222322,
00212222,
000f0607,
00140706,
00140504,
00120605,
00120504,
00150706,
001a0705,
00282626,
001e1f1f,
00140f0f,
00212020,
00212222,
00232424,
00242524,
00242525,
00252625,
00252626,
00262726,
00252726,
00262727,
00272828,
00272828,
00272827,
00272827,
00272828,
00272828,
00272827,
00272828,
00272828,
00272828,
00272828,
00272828,
00272828,
00272828,
00272828,
00272828,
00272827,
00262827,
00262827,
00262727,
00252726,
00252726,
00262626,
00262625,
00252524,
00242423,
00242423,
00232322,
00222221,
001c1b1a,
001d1813,
00181918,
001b1513,
0022160d,
0022170c,
0022170c,
00191111,
00303136,
00262728,
00282828,
00333435,
00070607,
0022170d,
0023180d,
0023170c,
001a140f,
00050101,
00060304,
00211914,
00252525,
00000002,
001d120c,
0020130b,
001a0e06,
00190d06,
00190e07,
001a0e07,
001a1008,
00202222,
00202121,
00202121,
001f1f20,
0016171a,
000b0916,
00070911,
00090b13,
00090e18,
00070c0b,
00222728,
00252a29,
00222728,
00170b11,
00222524,
00232525,
00282a2a,
00333334,
00302f2e,
00281809,
00271909,
00393433,
00070407,
001f2321,
000e1611,
001a1e1a,
00292b2b,
002d3131,
00363535,
00262423,
001f1719,
000b0101,
00070407,
00202325,
00232829,
00252a29,
00262727,
00212323,
00212323,
00212323,
00222323,
00232424,
00232424,
00232424,
00232524,
00242525,
00242525,
00242625,
00252626,
00252626,
00252726,
00252726,
00252726,
00262726,
00272727,
00262727,
00262827,
00272827,
00272827,
00272827,
00282827,
00292928,
00292928,
002a2a29,
002a2a28,
002a2a29,
00292a29,
00292a29,
002a2b2a,
002a2c29,
002b2c2a,
002b2c2a,
002b2c2a,
002c2c2a,
002b2d2a,
002b2d2a,
002b2d2a,
002b2d2a,
00262724,
00252724,
00252725,
00252625,
00242624,
00242524,
00242524,
00242523,
00242524,
00242523,
00232423,
00232423,
00232524,
00242524,
00232423,
00232423,
00232423,
00232423,
00222423,
00222423,
00232423,
00222423,
00222423,
00222423,
00222322,
00222322,
00222322,
00222322,
00222322,
00222322,
00212322,
00212221,
00212222,
00212222,
00212222,
00212121,
001c2120,
001d1f21,
00090b0e,
00060508,
00080607,
00171515,
00242423,
00232423,
00222423,
00222422,
00222323,
00212322,
001f2121,
00202020,
001f2020,
00202121,
00202121,
00212222,
00202221,
00212222,
00212222,
00222323,
00232423,
00232524,
00232424,
00232424,
00232524,
00232524,
00242525,
00242525,
00242525,
00242525,
00242525,
00232524,
00242525,
00232424,
00232424,
00222323,
001a1b1b,
001a1a1a,
001b1a1a,
00212221,
001e1e1e,
001d1e1e,
001b1c1c,
00141415,
001a191a,
001c1d1f,
001d1d1f,
001e1e20,
001f2020,
00202122,
00212222,
00222323,
00222323,
00222423,
00232424,
00232424,
00232424,
00222424,
00222323,
00212322,
00212222,
00212323,
000d0808,
00100505,
00110402,
00120504,
00140505,
00150504,
00150504,
00232223,
00201f20,
00120a09,
00221f1f,
00212222,
00222423,
00242524,
00242525,
00252625,
00252726,
00262726,
00262727,
00262727,
00262727,
00262827,
00262828,
00262827,
00272828,
00272828,
00272828,
00272828,
00272828,
00282828,
00272828,
00272828,
00272828,
00272828,
00272828,
00272828,
00272828,
00272828,
00262727,
00262727,
00262726,
00252626,
00252626,
00242625,
00242524,
00242423,
00232423,
00232322,
00222221,
001b1918,
00191510,
00141218,
001d1411,
0021160c,
0021160c,
0022160b,
0007010a,
0009071c,
0010101e,
001c1b2a,
00222131,
00141110,
0022170c,
0022170c,
0024180d,
0023170c,
001d120e,
00110905,
0021160f,
00202222,
00000001,
0024190f,
0023190e,
0023180d,
0023190e,
0023190f,
0024190f,
00241a10,
001e2121,
00202122,
001f2021,
001e1f20,
00141418,
000a0811,
00090a11,
00080b13,
00101018,
0008100b,
00202828,
0025292a,
00222528,
00170c11,
00212423,
00232525,
00292a2a,
002b2d2d,
00282729,
001a1510,
002e2a27,
002d2f2d,
00343435,
000a0607,
003b3635,
001c1919,
000a0101,
00020105,
001e1d1f,
00232223,
002c2f2f,
00282c2a,
00272a29,
00222628,
0022292c,
00232a2a,
00222323,
00212323,
00212323,
00212323,
00222424,
00232424,
00232424,
00232424,
00242525,
00242525,
00242625,
00242626,
00252626,
00252626,
00252726,
00252725,
00252726,
00262726,
00272727,
00262727,
00262827,
00282827,
00272927,
00272827,
00282827,
00292928,
00292928,
00292a29,
00292a29,
002a2a29,
00292a29,
00292b28,
002a2b2a,
002a2c29,
002b2c2a,
002b2c2a,
002b2c2a,
002c2c2a,
002b2d2a,
002b2d2a,
002b2d2a,
002b2d2a,
00252724,
00252724,
00252625,
00242625,
00242624,
00242624,
00242624,
00232523,
00232524,
00232523,
00232423,
00242423,
00242524,
00232523,
00232423,
00232423,
00232423,
00232423,
00222423,
00222423,
00232423,
00222423,
00222423,
00222423,
00222322,
00222322,
00222322,
00222322,
00222322,
00222322,
00212322,
00212221,
00212222,
00212222,
00212222,
00212221,
001e2323,
000a0a0f,
0007060c,
00060507,
00070607,
00131212,
00222322,
00232423,
00222423,
00222422,
00222323,
00212323,
001f2121,
001f2020,
001f2020,
00202121,
00202121,
00212222,
00212222,
00212222,
00212222,
00222323,
00232423,
00232524,
00232523,
00232524,
00232524,
00232424,
00232524,
00242525,
00232524,
00232524,
00232524,
00242525,
00232424,
00232524,
00222423,
00161717,
00191b1b,
00181919,
001b1b1c,
001a1b1b,
001d1e1e,
001d1f1d,
001c1d1d,
00191c1c,
000f1015,
001c1d1f,
001b1d1e,
001d1e20,
001e1f20,
001f2021,
00202122,
00212223,
00222323,
00222323,
00222423,
00232424,
00232424,
00222423,
00222323,
00212322,
00212222,
00202121,
000f0b0c,
000f0606,
00120605,
00110504,
00110505,
00160605,
00160706,
001d1d1e,
00120c0d,
00242322,
001b1b1b,
00212222,
00222423,
00232524,
00242525,
00242625,
00252625,
00252726,
00262726,
00262727,
00262727,
00262827,
00272827,
00262827,
00272828,
00272828,
00272828,
00272828,
00272828,
00272828,
00262828,
00272828,
00272828,
00272828,
00272828,
00272828,
00272828,
00262827,
00262727,
00262727,
00262726,
00252626,
00252625,
00242625,
00232524,
00232423,
00232423,
00232322,
00222221,
00181614,
00120e0a,
000f0e15,
001a100c,
0020120a,
0021130a,
0020120a,
0005000e,
000b0826,
000c0825,
00242331,
0012121a,
001c1612,
0021160b,
0022170c,
0022170c,
0023170c,
0023180c,
0022170b,
001c1415,
002b2c33,
00020106,
0024170b,
0024180d,
0023180d,
0022180e,
00231a0f,
00241a0f,
00251a11,
001f2121,
00202021,
001f2021,
001e1e1f,
00131216,
0008060b,
0007090f,
00080b11,
000f1016,
0008110c,
00202828,
0024282a,
001f2326,
00160c10,
00222323,
00222525,
00292929,
00252828,
000a0408,
00221f22,
0010070a,
00090102,
00282a29,
00302d2e,
002e2c2c,
002e3132,
00272a29,
00252928,
00272b2b,
00272b2a,
00272a2a,
00252929,
00282a29,
001f2327,
000b1019,
00252c2e,
001f2121,
00212323,
00212322,
00212323,
00222424,
00232424,
00232424,
00232424,
00242525,
00242525,
00242525,
00252626,
00252626,
00252626,
00252626,
00252725,
00252726,
00262726,
00262727,
00262726,
00262826,
00282827,
00272927,
00272827,
00282827,
00292928,
00292928,
00292a29,
00292a28,
00292a29,
00292a29,
00292b29,
002a2b2a,
002a2b29,
002b2c2a,
002b2c2a,
002b2c2a,
002c2c2a,
002b2d2a,
002a2c2a,
002b2d2a,
002b2d2a,
00252724,
00252724,
00252625,
00242625,
00252625,
00242624,
00242624,
00242524,
00242524,
00242523,
00232523,
00242423,
00242523,
00232523,
00232423,
00232423,
00232523,
00222423,
00222423,
00222423,
00232423,
00222423,
00222423,
00222322,
00222322,
00222322,
00222322,
00222322,
00222322,
00212322,
00212321,
00212221,
00212221,
00212221,
00212121,
00202221,
001e2121,
0008080a,
00050609,
00070708,
00060607,
00080606,
001f1b1b,
00222422,
00232423,
00222423,
00222323,
00212323,
001f2221,
00202020,
00202020,
00202121,
00202121,
00212222,
00212222,
00212322,
00212222,
00222323,
00222423,
00232524,
00242524,
00242524,
00242525,
00232424,
00232424,
00232524,
00232423,
00232423,
00232424,
00232424,
00232424,
00222423,
00222423,
00171718,
001c1d1d,
00181a19,
00272929,
002b2b2a,
000b0c0a,
001e1f1f,
001d1f1f,
00131718,
000a0811,
00131217,
001b1c1e,
001d1d1f,
001d1e20,
001f2021,
00202121,
00212222,
00212322,
00222323,
00222423,
00232424,
00232424,
00232424,
00222323,
00212322,
00212222,
00202121,
000e0a0b,
000e0909,
00110605,
00110505,
000f0504,
00160605,
00170705,
001c201f,
00100808,
0021211f,
00171717,
00212222,
00222423,
00232424,
00242525,
00242525,
00252625,
00252626,
00262726,
00262727,
00262727,
00262727,
00262727,
00262828,
00272828,
00272828,
00272828,
00272828,
00272828,
00262828,
00262828,
00272828,
00262827,
00272827,
00262827,
00272828,
00262827,
00262727,
00262827,
00262727,
00262727,
00252726,
00252626,
00242525,
00242524,
00242524,
00232423,
00232322,
00212221,
00181513,
00120e0a,
00121216,
00110807,
001b0d0a,
001f110c,
001f140e,
000a0817,
00010007,
00030208,
002f3032,
00030112,
001c130e,
0021120a,
0021130a,
0021140a,
0022140b,
0021150b,
0021150b,
000e091a,
000c0921,
000c0816,
0023170c,
0022170b,
0023180c,
0023180d,
0023180e,
0021180d,
00231913,
00202122,
00202021,
001f2021,
001d1e1f,
00121014,
0007070c,
00080c16,
000a0a12,
000a0d11,
0006100d,
00222828,
0023282b,
001e2228,
00201713,
00292926,
00222424,
00282a29,
0025292a,
00303232,
00373735,
003d3d3b,
002d302f,
00282a29,
00252929,
00252929,
00262929,
00272929,
00282929,
0013171f,
00252b2c,
00252726,
00262929,
002b2c2e,
000b0c16,
000d111d,
00242a2b,
00212222,
00212322,
00212322,
00212323,
00232424,
00232424,
00232424,
00232424,
00242525,
00242525,
00242525,
00252626,
00252626,
00252626,
00252626,
00252726,
00262726,
00262726,
00262727,
00262726,
00272827,
00282927,
00272827,
00272927,
00272827,
00282928,
00282928,
00292a28,
00292a29,
00292a29,
00292a29,
00292a29,
002a2b29,
002a2b29,
002a2c29,
002b2c2a,
002b2c29,
002c2c2a,
002b2c2a,
002b2d2a,
002b2d2a,
002b2d2a,
00252724,
00252724,
00252625,
00242625,
00242525,
00242524,
00252623,
00242523,
00242524,
00242423,
00232423,
00232423,
00242423,
00232423,
00232423,
00232423,
00222423,
00222423,
00222423,
00222423,
00222422,
00222422,
00222422,
00222322,
00222322,
00222322,
00222322,
00222322,
00222322,
00212322,
00222322,
00212221,
00212221,
00212222,
00202221,
00202121,
001e2121,
0008090a,
00090b0c,
00080809,
00060607,
00070607,
000c080a,
00151213,
00222423,
00222422,
00222323,
00212323,
00202221,
001f2020,
001f2120,
001f2020,
00202121,
00202222,
00202221,
00212222,
00212222,
00212222,
00222423,
00242525,
00242524,
00242524,
00242525,
00232524,
00232524,
00232524,
00232524,
00232424,
00232424,
00232424,
00232424,
00222423,
00212323,
00101111,
00171819,
000a0c0b,
001f2121,
001b1e1e,
001d1f1f,
001d1f1f,
001b1e1f,
0004040b,
000b0714,
000d0b16,
001c1c1f,
001c1d1f,
001d1e1f,
001e1f1f,
00202021,
00212222,
00212222,
00222323,
00222323,
00222423,
00232424,
00232424,
00222323,
00222323,
00212222,
001f2120,
000c0909,
000e090a,
00120706,
00100505,
000f0505,
00160605,
00190907,
00252322,
00241e1e,
001d1b1b,
00151616,
00212222,
00222423,
00232424,
00242525,
00242525,
00252626,
00252626,
00262726,
00262727,
00262727,
00272727,
00262727,
00262727,
00262827,
00272828,
00272828,
00272828,
00262828,
00272828,
00262828,
00262827,
00262827,
00272828,
00272828,
00272828,
00262827,
00262727,
00262727,
00262727,
00262727,
00252626,
00252625,
00242525,
00232524,
00242423,
00232423,
00232322,
00212120,
001b1614,
00201d1a,
00181a1e,
0017110a,
00160e07,
00190e0a,
00180d0a,
000b091d,
00262725,
00252726,
00272828,
0004010f,
00070302,
000f0603,
00180a07,
001e120c,
0020140e,
001e140c,
0020150e,
000b091d,
000d0a23,
000d0b1b,
001f130b,
0021130b,
0021140b,
0021150a,
0022150b,
0022160c,
001c1510,
00222121,
00202021,
001e1f20,
001c1d1e,
000f0d11,
000c0a10,
000f0f17,
0008090f,
000c0e17,
0009110c,
00242929,
00232729,
001e2428,
001b110e,
002b2a26,
001e1f25,
00252a2c,
00252929,
00262829,
0012151f,
00101a26,
001a2122,
00252928,
00272929,
00272929,
00252929,
00262928,
00232529,
000c111b,
00121c20,
00262929,
00272929,
001b1b22,
000d101d,
000b101a,
00232a2b,
00212222,
00212322,
00212323,
00222323,
00232424,
00232424,
00232424,
00232524,
00242525,
00242525,
00242525,
00252626,
00252626,
00252626,
00252626,
00262727,
00262726,
00262726,
00262727,
00252726,
00282827,
00262827,
00272827,
00272827,
00272827,
00282928,
00282928,
00282928,
00292a29,
00292a29,
00292a29,
00292a29,
002a2b29,
002a2b29,
002a2c29,
002b2c2a,
002b2c2a,
002b2b29,
002b2c2a,
002b2d2a,
002b2d2a,
002b2d2a,
00252725,
00252724,
00252624,
00242625,
00252525,
00242524,
00252524,
00232524,
00232524,
00242523,
00242423,
00242423,
00242423,
00242423,
00242423,
00232423,
00222423,
00222423,
00232422,
00232322,
00232422,
00222322,
00222322,
00222322,
00222322,
00222322,
00222323,
00222323,
00222322,
00212322,
00212322,
00212222,
00212221,
00212222,
00202221,
00202121,
001f2121,
00060809,
000c0d0e,
00070708,
00070607,
00070608,
00080809,
000a090b,
000b0808,
00252524,
00212422,
00212322,
00202222,
001e2020,
001f2020,
001f2020,
001f2120,
00202121,
00212222,
00212222,
00212222,
00212222,
00222323,
00232524,
00242525,
00242525,
00242525,
00232524,
00232524,
00232524,
00232524,
00232524,
00232424,
00232424,
00232424,
00222423,
00212322,
00191a1c,
001a1d1c,
001d1e1e,
001c1e1e,
001d1e1f,
001f2121,
0016181b,
0004030e,
00080614,
00090817,
000c0a18,
001c1c20,
001c1c1e,
001d1d1f,
001e1f21,
001f2021,
00202121,
00212222,
00212222,
00222323,
00222323,
00222323,
00222423,
00222323,
00222323,
00212222,
00202221,
000d0708,
000e0506,
00140807,
00100504,
000f0505,
00140605,
00140504,
000b0604,
0020181a,
001d1718,
001b1919,
00212222,
00222323,
00232424,
00242525,
00242525,
00252625,
00252725,
00252725,
00252726,
00262727,
00262726,
00262727,
00262828,
00262827,
00272828,
00272828,
00272828,
00272828,
00262828,
00262827,
00262727,
00272828,
00262827,
00262827,
00262828,
00262727,
00272727,
00262727,
00262727,
00252626,
00252626,
00242526,
00242525,
00242424,
00232423,
00232322,
00232322,
00202120,
001a1714,
00252320,
0015161f,
0021170d,
0022180e,
0021170d,
0021170c,
000e0b21,
002f3337,
00303134,
002c2d30,
000a0a1a,
001e1710,
001d140e,
0019110b,
00191009,
00170e07,
00190e08,
00170f0d,
000d091d,
000d0a23,
000d0b1d,
000e0604,
00110402,
00160806,
001a0b07,
001c0f09,
001e120c,
00181716,
001f2121,
00202021,
001e1f20,
001b1b1d,
000a090c,
000d0d15,
000d0f15,
000c1019,
0005060b,
000d0c08,
00242929,
0023282a,
001f2529,
0013080c,
001e1a1e,
00090c1c,
000d141c,
00252928,
00262929,
0012161d,
001f2125,
00282e2e,
00282929,
00282a2a,
001d201f,
00262829,
002c2c2e,
0012161f,
00101a20,
00171d24,
002a2d2f,
00272927,
000b0b17,
000b101b,
000f161e,
00252b2d,
00212223,
00212323,
00212323,
00212323,
00222424,
00232424,
00232424,
00232424,
00232524,
00242525,
00242525,
00242625,
00252626,
00252625,
00252626,
00252726,
00252726,
00252726,
00252726,
00262726,
00272827,
00262827,
00262827,
00272827,
00272827,
00282928,
00292928,
00292a28,
00292a29,
00282a29,
00292a29,
00292a29,
002b2b2a,
002b2b29,
002b2c29,
002b2c2a,
002b2c29,
002c2c2a,
002b2d2a,
002c2d2b,
002b2c2b,
002b2d2b,
00252624,
00262724,
00252624,
00242625,
00242525,
00242524,
00242524,
00232524,
00232423,
00232423,
00232523,
00232423,
00232423,
00232423,
00232423,
00232422,
00222423,
00222423,
00232422,
00232322,
00222322,
00222322,
00222322,
00222322,
00222322,
00222322,
00222323,
00222323,
00222322,
00212322,
00212322,
00212222,
00212221,
00212221,
00171918,
001f2020,
00202121,
000f1112,
000f0f10,
00060506,
00060608,
00060607,
00070708,
00080809,
000b090b,
000a0608,
00222222,
00212322,
00202222,
001e2020,
001e1f1f,
001f2020,
001f2020,
00202121,
00202221,
00212222,
00212222,
00212222,
00222323,
00232424,
00242525,
00242525,
00232524,
00232524,
00232424,
00232424,
00232424,
00232424,
00232424,
00232424,
00222423,
00222423,
00212323,
0009080d,
00151516,
00161817,
00151617,
00131416,
0004030a,
00080514,
00090818,
00080616,
000a0818,
000b0918,
001d1c20,
001b1c1e,
001c1d1f,
001e1e20,
001e2020,
00202121,
00212222,
00212222,
00212322,
00222323,
00222323,
00222323,
00222323,
00222323,
00212222,
00212222,
000b0707,
000d0505,
00140606,
00110505,
000f0505,
00150705,
00110202,
00070000,
001d1a1a,
00110808,
001b1a19,
00212222,
00222323,
00232424,
00242525,
00242525,
00252625,
00252625,
00252726,
00262726,
00262727,
00262727,
00262727,
00252727,
00262827,
00272828,
00272828,
00272828,
00272828,
00262828,
00272828,
00272828,
00272828,
00272828,
00262827,
00262727,
00262727,
00262727,
00252726,
00262727,
00252626,
00252626,
00242525,
00242525,
00242423,
00232423,
00232322,
00232322,
00202120,
001a1612,
0024231f,
00171720,
0021170e,
0023180e,
0022180e,
0020170d,
000c0923,
000a061d,
000c0927,
00040111,
000a0a20,
0022180d,
0023190d,
0023190e,
0021190e,
0022190f,
00211810,
00231a12,
00090507,
000a0a11,
000c0b15,
00241b13,
00201810,
001e160f,
001b140e,
0019120b,
0018120c,
00222323,
001f2121,
001f2021,
001e1f20,
0017171b,
00070508,
00090b10,
000d0f16,
000d0f16,
000e1013,
0015110f,
00252929,
00232729,
00202527,
00050208,
00161623,
000a0f1e,
000a121e,
00202728,
00252727,
000e101b,
0011121a,
00292c2d,
00272a28,
0027292a,
00282a2c,
0028262f,
00161425,
000e141d,
00131b22,
00191e25,
00292c2f,
00252826,
0010111d,
000d121b,
000f171e,
001e2325,
00212222,
00212322,
00212323,
00212423,
00222424,
00232424,
00232424,
00232424,
00242525,
00242525,
00242525,
00252626,
00252625,
00252626,
00252626,
00262726,
00252726,
00252726,
00252726,
00262826,
00272827,
00262827,
00262827,
00272827,
00282827,
00282928,
00292928,
00292a28,
00282928,
00282a29,
00282a29,
00292a29,
002b2b2a,
002a2b29,
002b2b29,
002b2c2a,
002b2c29,
002b2c2a,
002b2d2a,
002c2d2b,
002a2c2a,
002a2c2a,
00262724,
00252624,
00252624,
00242624,
00242524,
00242524,
00242524,
00232524,
00232423,
00242423,
00232423,
00222423,
00232423,
00232423,
00232423,
00222422,
00222423,
00222422,
00222322,
00232322,
00222322,
00222322,
00222322,
00222322,
00222322,
00222322,
00222322,
00222322,
00212322,
00212322,
00212321,
00212221,
00212321,
00202221,
00202121,
00202121,
001f2121,
00101414,
000e0e0f,
00070606,
00030404,
00060608,
00070608,
00070708,
0008080a,
000a080a,
00100e10,
00202222,
00202221,
001e201f,
001e1f1f,
001e201f,
001f2020,
00202121,
00202221,
00202221,
00202221,
00212222,
00212322,
00232424,
00232524,
00232524,
00232424,
00232424,
00232424,
00232424,
00232424,
00232424,
00232424,
00232424,
00222424,
00222323,
00202324,
00080712,
00070611,
0005030d,
0006040f,
00040110,
000a071e,
0011102a,
0009081c,
00090718,
000a0819,
000a0918,
0019181e,
001a1b1e,
001c1d1f,
001d1e20,
001e1f21,
00202121,
00212222,
00212222,
00212322,
00222323,
00222323,
00222323,
00222323,
00222323,
00212222,
00212222,
00080505,
000d0405,
00140605,
00100505,
000d0404,
00150605,
000d0101,
00151010,
001d1313,
000f0506,
00222020,
00212222,
00222323,
00232424,
00242524,
00242625,
00252625,
00252626,
00262727,
00262727,
00262727,
00262827,
00262727,
00262727,
00262727,
00262827,
00272828,
00262828,
00272828,
00272828,
00262827,
00262828,
00272828,
00272828,
00272828,
00262727,
00262727,
00262727,
00262727,
00262727,
00252626,
00252626,
00242525,
00242524,
00242523,
00232423,
00232322,
00232321,
00212020,
001a1512,
001f1e1b,
0015131a,
0022170d,
0023180d,
0022180e,
0021170f,
00020114,
003a3a3c,
000e0c24,
002e2e31,
000c0d19,
0022180f,
0023190d,
0023190e,
00221a10,
00231a10,
00241b10,
00241a0f,
0022190f,
00090911,
000d0c14,
00231a10,
00241b11,
00231a0f,
00251c10,
00231c10,
00221d11,
0020211f,
00202121,
001f2020,
001e1f20,
0015151a,
00070808,
00090a0f,
000a0b14,
000c0d14,
00100c0d,
00222321,
00242929,
00222729,
001f2528,
00151721,
000b1121,
00090e1f,
0008121c,
001a2125,
00333334,
0006080f,
00030609,
00242928,
00262829,
00232524,
00181521,
00131128,
0011151f,
000e141e,
00151d23,
000d0d13,
00181d21,
00252827,
0013151f,
000d131c,
0010161d,
001e2224,
00212222,
00212322,
00212323,
00222424,
00222423,
00232424,
00232424,
00232424,
00242525,
00232525,
00242525,
00242625,
00252626,
00252626,
00252626,
00252726,
00262727,
00262727,
00262727,
00262727,
00262827,
00262827,
00262827,
00272827,
00282827,
00282928,
00292928,
00282928,
00292a28,
00282a29,
00282a29,
002a2a29,
002a2a29,
002a2b29,
002b2c29,
002b2c29,
002b2c29,
002b2c2a,
002b2d2a,
002b2d2a,
002a2c2a,
002a2c2a,
00262624,
00252624,
00242624,
00242624,
00242524,
00242524,
00242524,
00242523,
00232423,
00242423,
00232423,
00222422,
00222423,
00222423,
00232423,
00222422,
00222423,
00222422,
00222322,
00232322,
00222322,
00222322,
00222322,
00222322,
00222322,
00212322,
00222322,
00222322,
00212322,
00212322,
00212321,
00212221,
00212221,
00202221,
00212222,
00202121,
001f2120,
00060809,
00070708,
00090808,
00040403,
00060608,
00060508,
00060508,
00080708,
00080809,
000b0709,
00212222,
00202222,
001e201f,
001e1f1f,
001e1f1f,
001e1f1f,
001f2020,
00202121,
00212222,
00212222,
00212222,
00212222,
00232423,
00232523,
00232524,
00232424,
00232424,
00232424,
00232424,
00232424,
00222424,
00232424,
00232424,
00222424,
00222423,
00202324,
00090814,
000a0718,
000a091d,
000d0a22,
0015132c,
001f1f36,
000e0f2a,
000b091d,
00090717,
00090716,
000a0816,
00141219,
001a1a1d,
001b1c1e,
001c1d1f,
001e1f20,
001f2021,
00202121,
00212222,
00212222,
00222323,
00222323,
00222323,
00222323,
00222323,
00212222,
00202121,
000b0808,
000d0405,
00140505,
00110505,
000d0404,
00150605,
001d1414,
00242323,
00180f0f,
00150c0b,
00212020,
00202221,
00222323,
00232424,
00232524,
00242625,
00252625,
00252626,
00262727,
00262727,
00262727,
00262827,
00262727,
00262727,
00262727,
00262827,
00262828,
00262828,
00272828,
00272828,
00262828,
00262828,
00272828,
00272828,
00262827,
00262727,
00262727,
00262727,
00262727,
00252726,
00252626,
00242625,
00242525,
00242525,
00232423,
00232423,
00232322,
00222221,
0021211f,
001b1611,
001e1e1c,
00110f15,
0022170d,
0022180d,
0022180d,
00221912,
0011111e,
00282829,
0008051d,
00272728,
0006040e,
0022180e,
0023180f,
0023190f,
00231a0f,
00231911,
001f170f,
001b120b,
001b130c,
000b0910,
000c0d13,
00221a10,
00241a10,
00251c12,
00231b11,
00251c11,
00231c13,
00212020,
001f2020,
001f2020,
001c1d1f,
00131217,
00080d0b,
000e0e15,
000c0d14,
0003070e,
000b0c0b,
00232726,
00262929,
00232728,
001f2528,
000f111c,
000b1121,
000a111f,
000e1821,
001e2427,
000c0c17,
000b0a16,
00070b10,
00282928,
00262827,
00232625,
000d0b1a,
00111111,
000e131d,
000f171f,
00151d22,
001e2122,
001d2222,
00242726,
00161820,
00111720,
001b2025,
00202222,
00202222,
00212322,
00212323,
00222424,
00222423,
00232424,
00232424,
00232424,
00242525,
00232525,
00242525,
00252626,
00252626,
00252626,
00252626,
00252626,
00252726,
00262726,
00252726,
00262726,
00262826,
00262827,
00272827,
00272827,
00292827,
00282928,
00282928,
00282928,
00292a28,
00282a29,
00292a29,
002a2a29,
002a2b29,
002a2b29,
002b2c29,
002b2b2a,
002b2b29,
002b2c2a,
002b2d2a,
002b2d2a,
002a2c2a,
002a2c2a,
00262624,
00262624,
00262624,
00242524,
00262524,
00242524,
00242524,
00242524,
00232523,
00232423,
00232423,
00222423,
00222423,
00222423,
00222423,
00222423,
00222422,
00222322,
00222322,
00222322,
00222322,
00222322,
00222322,
00222322,
00222322,
00212322,
00222322,
00222322,
00212322,
00212322,
00212321,
00212221,
00212222,
00212221,
00202221,
00202221,
001b201f,
0008080a,
0009090a,
000b0a0c,
00060306,
000f0e0f,
00040405,
00070608,
00070608,
00080708,
00080809,
00232222,
001f2221,
001d1f1e,
001c1e1e,
001d1e1e,
001e1f1f,
001e201f,
001f2120,
001f2221,
00212222,
00212222,
00212222,
00222323,
00232524,
00232524,
00232424,
00232424,
00232424,
00232424,
00232424,
00232424,
00232424,
00222424,
00232424,
00222323,
00171b20,
00080714,
0009081a,
000c091f,
00100d28,
0017142e,
0024243d,
0011102c,
000c0a21,
00080719,
0006050f,
00080713,
000f0e16,
001a1a1d,
001b1b1e,
001d1c1f,
001d1e1f,
001f2020,
00202121,
00202221,
00212222,
00222323,
00222323,
00222323,
00222323,
00222323,
00212322,
00212222,
000c0b0b,
000c0505,
00140505,
00120505,
000f0405,
00150605,
00262221,
001e2020,
000b0506,
000e0809,
001f2020,
00212121,
00222323,
00232424,
00242525,
00242525,
00252626,
00252626,
00262726,
00252726,
00262727,
00262727,
00262727,
00262727,
00262727,
00262827,
00272828,
00262828,
00272828,
00272827,
00272828,
00272828,
00272828,
00262828,
00272828,
00262727,
00242727,
00252727,
00262727,
00252626,
00252626,
00242625,
00242525,
00232524,
00232423,
00232422,
00232322,
00222221,
001f1f1f,
001b1611,
00211f1d,
000f0d0f,
0021180f,
0022180d,
0022180e,
00211915,
00060818,
00272928,
002f2f31,
002f2e34,
00040109,
0022190e,
0022190e,
0023190f,
0023190f,
00221912,
001d1312,
001c0c05,
001b0904,
00070306,
000c0e14,
0022180f,
002a1f1c,
00312825,
00322826,
00332a26,
002f2826,
00212020,
001f2020,
001e1f20,
001c1d20,
00111115,
000b0e0a,
000b0e15,
000c0e15,
00080d16,
000a0a14,
00232727,
00252829,
00232828,
001d2427,
0016161a,
000b1320,
000e1922,
000d1820,
00232528,
000a0a15,
000c1014,
000d1217,
00282929,
00232625,
00222726,
00212626,
00242729,
000e1521,
000e181f,
000e151a,
000d0f13,
0015181f,
00252728,
001b1e23,
000f0f1e,
00292f30,
00212222,
00202222,
00212322,
00212323,
00212323,
00232424,
00222424,
00232424,
00232424,
00242525,
00242525,
00242525,
00252626,
00252626,
00252626,
00252626,
00252626,
00252725,
00262727,
00262726,
00262827,
00272828,
00272827,
00272827,
00282827,
00282827,
00292928,
00292928,
00292a28,
00282928,
00282a29,
00282a29,
00292a29,
002b2a29,
002a2b29,
002b2c29,
002b2c29,
002a2b29,
002b2c2a,
002b2d2a,
002b2c2b,
002a2c2a,
002a2c2a,
00252624,
00252624,
00242624,
00242624,
00252624,
00252524,
00242524,
00242523,
00232523,
00232423,
00222423,
00222423,
00222423,
00222423,
00222423,
00222422,
00222322,
00222322,
00222322,
00222322,
00222322,
00222322,
00222322,
00222322,
00212322,
00212322,
00222322,
00222322,
00212322,
00212321,
00212321,
00212221,
00212222,
00212221,
00202222,
001f2120,
00191f1e,
0009080a,
00090708,
00050507,
00060508,
00060406,
000d0c0e,
00141316,
0008080a,
00070607,
00090809,
00242222,
001f2121,
001d1f1e,
001c1e1d,
001c1e1e,
001d1e1e,
001e1f1f,
001f2020,
001f2121,
00212222,
00212222,
00212222,
00222323,
00232524,
00232524,
00232424,
00232424,
00232424,
00232424,
00232424,
00222424,
00232424,
00222424,
00222424,
00222323,
001a1d20,
00080714,
000b081b,
000c091f,
00131029,
001d1a32,
002d2b40,
0028293f,
000e0d25,
00090819,
00070611,
00080713,
000f0d16,
0019191d,
001a1b1d,
001c1c1e,
001d1e1f,
001e1f20,
00202021,
00202121,
00212222,
00212222,
00212322,
00222323,
00222323,
00222323,
00212222,
00212222,
00111010,
000c0505,
00140505,
00110605,
000f0405,
00150605,
00292726,
001f2120,
001f2020,
001e1f1f,
001f2020,
00212121,
00222323,
00232424,
00232524,
00242525,
00252626,
00252626,
00252626,
00262727,
00262727,
00262727,
00262727,
00262727,
00262727,
00262827,
00262828,
00262828,
00272828,
00272827,
00262827,
00262827,
00262828,
00272828,
00272828,
00262727,
00262727,
00262727,
00262727,
00252626,
00252626,
00242625,
00242525,
00232524,
00232423,
00222322,
00232322,
00222221,
001e1e1e,
001b1612,
001d1c1c,
00151113,
0021180e,
0021180d,
0021180e,
001a1113,
000c0925,
00272827,
00262628,
0008061b,
00151114,
0023180e,
0022180e,
0023190f,
0022190f,
00231a0e,
00221b14,
002c211c,
00231916,
00050104,
00080b10,
00120802,
00150a03,
00180b04,
001d0e08,
001e1009,
0018120f,
001f1f20,
001f2020,
001d1f1f,
001b1c1e,
000f0f13,
00090e0b,
00090913,
00040911,
00070a15,
000b0b1a,
00232927,
00252929,
00242829,
00202528,
001f1513,
00131c24,
000f1822,
001a2224,
00262828,
002a2b2a,
00333634,
002e2f2e,
001e2223,
0020272a,
0010161d,
001b2427,
001c2124,
000d131d,
00111c21,
001a1e24,
0016181f,
00030608,
00262827,
0015151c,
00100d21,
002a2e2e,
00212222,
00202222,
00212322,
00222323,
00222323,
00232424,
00222424,
00222424,
00232424,
00242525,
00242525,
00242625,
00242626,
00252626,
00252626,
00252626,
00252626,
00252625,
00262727,
00272727,
00272727,
00262727,
00272827,
00272827,
00272827,
00272827,
00272928,
00282928,
00292928,
00282928,
00292a28,
00282a28,
00292a29,
002b2b2a,
002b2b2a,
002b2b2a,
002b2c29,
002a2b29,
002b2c2a,
002b2d2a,
002b2d2a,
002a2c2a,
002a2c2a,
00272624,
00262624,
00252624,
00252624,
00242524,
00242524,
00232523,
00232423,
00242423,
00232423,
00222322,
00232422,
00222322,
00222423,
00222423,
00222422,
00222322,
00222422,
00222322,
00222322,
00222322,
00222322,
00212322,
00222322,
00222322,
00222323,
00222322,
00222322,
00212322,
00212321,
00212321,
00212221,
00202221,
00212222,
00202121,
001e2120,
00020606,
000a0809,
00101010,
00060508,
00050407,
00050306,
00070508,
00060406,
00070508,
00070608,
00080708,
00151212,
001f2120,
001d1f1f,
001c1e1d,
001c1e1d,
001d1e1e,
001e1f1f,
001f2020,
001f2120,
00202221,
00212222,
00212222,
00222323,
00232524,
00232523,
00232424,
00232424,
00232424,
00232424,
00232424,
00232424,
00222424,
00222424,
00222424,
00222323,
00212526,
00080715,
000a081c,
000a091e,
000a081c,
000f0c23,
00110d26,
00242434,
0008071b,
000b091b,
00080714,
00090714,
000f0d17,
0018191c,
001a1a1d,
001c1c1e,
001d1e1f,
001e1f20,
001f2021,
00202122,
00202221,
00212222,
00212322,
00222323,
00222323,
00222323,
00212222,
00212222,
0019191a,
000b0505,
00140606,
00110605,
000f0505,
00160606,
00242323,
001f2121,
001e2020,
001e201f,
001d1e1e,
00202121,
00222323,
00232424,
00232524,
00242525,
00252626,
00252626,
00252626,
00262727,
00262727,
00262727,
00262727,
00262727,
00262827,
00272828,
00262827,
00262827,
00262827,
00272827,
00262827,
00262827,
00262827,
00262827,
00262727,
00262727,
00262727,
00262727,
00262727,
00252726,
00252626,
00242625,
00242525,
00232524,
00232424,
00222323,
00232321,
00212221,
001d1d1c,
001c1713,
0019191a,
00171313,
0021170e,
0022180d,
0022170f,
0011090c,
00000015,
00030213,
000a0617,
000c0925,
00221e1a,
0022180e,
0022190e,
0023190f,
0018180c,
00151c0f,
00191a0f,
0021231e,
001a1213,
0007070c,
00100c0f,
001a0a03,
00150a02,
00170c06,
001b100c,
001d110d,
001f1b1b,
001e1f20,
001e1f1f,
001d1e1e,
001a1a1d,
000b0f11,
0006090b,
0001040c,
000a1018,
000b0e17,
00070716,
00252929,
00252929,
00232729,
001f2327,
0025140d,
001d242c,
000e161b,
00222427,
00222329,
00272826,
000f1812,
00181d1b,
001b232a,
000c151f,
000b101c,
001c2329,
00192024,
00111921,
00192027,
00070d19,
00181b20,
00111419,
00232626,
00282a2a,
00110b1d,
00242929,
00212222,
00202222,
00212322,
00222323,
00222423,
00232424,
00222424,
00222424,
00232424,
00232524,
00242525,
00242525,
00252626,
00252626,
00252626,
00252626,
00252626,
00252626,
00252726,
00252726,
00262727,
00262727,
00262827,
00272827,
00262827,
00272927,
00272928,
00272928,
00292928,
00292928,
00292928,
00292a29,
00292a29,
002a2a29,
002a2b29,
002a2b29,
002b2b29,
002a2b29,
002a2c29,
002a2d2a,
002b2d2a,
002b2d2a,
002a2d2a,
00252524,
00242624,
00242624,
00242523,
00242623,
00252524,
00242523,
00232423,
00242423,
00232423,
00232322,
00222322,
00222322,
00222423,
00222423,
00222422,
00222322,
00222422,
00222322,
00232322,
00222322,
00212322,
00212322,
00212321,
00222322,
00222323,
00222323,
00212322,
00212322,
00212321,
00212221,
00212221,
00202221,
00202221,
00202121,
001c2120,
0006090a,
00070506,
00030507,
00060507,
00060607,
00060607,
00050607,
00060507,
00060507,
00070608,
00070708,
00090506,
001d2020,
001e201f,
001c1d1d,
001c1e1d,
001d1e1e,
001e1f1f,
001e1f1f,
001f2020,
00202121,
00212222,
00212222,
00212322,
00232424,
00232424,
00232524,
00232424,
00232424,
00232424,
00232424,
00222424,
00222424,
00222424,
00212323,
00212323,
001f2323,
00080714,
00090717,
00080716,
000a0817,
000a0818,
00060412,
000a0817,
000b081a,
000b081b,
00090716,
00090713,
000d0b15,
0019191c,
001a1a1d,
001b1c1e,
001c1d1f,
001e1e1f,
001f2021,
00202021,
00202121,
00212222,
00212222,
00222323,
00222323,
00222323,
00212222,
00212222,
001e1e20,
000a0505,
00130606,
00120605,
000f0505,
00150605,
001f2020,
001f2121,
001e2020,
001a1c1d,
001e1f20,
00202121,
00212322,
00222423,
00232524,
00242525,
00242625,
00252626,
00252626,
00262727,
00262727,
00262727,
00262727,
00262727,
00262727,
00262827,
00262827,
00252727,
00262827,
00272828,
00262827,
00262727,
00272828,
00272828,
00262727,
00262827,
00262727,
00262727,
00262727,
00252626,
00252626,
00252625,
00242525,
00242525,
00232424,
00222323,
00232321,
00212221,
001a1a19,
001a1512,
00131217,
001a1513,
0021170e,
0021170e,
0022170e,
0007020b,
001d201f,
001b1d21,
0005050a,
00131220,
00211a13,
0022180e,
0022180f,
001b2012,
000e2110,
000d2211,
000a2210,
000f2111,
000b090d,
000a090f,
00181011,
0022120a,
0023120b,
001e1309,
001f130a,
001e1309,
0022201e,
001e1f20,
001e1f1f,
001d1e1e,
0017171a,
000a0f0e,
0006090d,
00090e15,
00080e16,
000b0f18,
00060915,
00232828,
00242929,
00232628,
00212527,
0025160c,
001b1b2c,
002e3137,
000a0815,
000e0d26,
000d1119,
00111a16,
00050810,
00121c23,
00121921,
000c121b,
001b2428,
001a2127,
000e111d,
000a0e17,
00070b17,
000c1621,
0021282b,
000f1410,
00252728,
000c0815,
00202324,
00212222,
00202222,
00212322,
00222323,
00232424,
00222424,
00222424,
00222424,
00232424,
00232524,
00242525,
00242525,
00252626,
00252626,
00252626,
00252626,
00252626,
00252626,
00252726,
00252726,
00262727,
00262727,
00262827,
00262827,
00272827,
00272827,
00272928,
00272928,
00282928,
002a2928,
00282928,
00292a29,
00292a29,
002a2a29,
002a2b29,
002a2b29,
002a2b29,
002b2b29,
002a2c29,
002a2c2a,
002b2d2a,
002a2c2a,
002a2c2a,
00242623,
00242623,
00242524,
00242524,
00242524,
00242523,
00252524,
00242423,
00242423,
00242423,
00222322,
00222422,
00222422,
00222423,
00222423,
00222422,
00222322,
00222322,
00222322,
00222322,
00222323,
00222323,
00222322,
00222322,
00212321,
00222322,
00212322,
00212322,
00212322,
00212222,
00212221,
00212221,
00212221,
00202121,
001f2120,
001d2020,
0009080b,
001e1a1c,
00040406,
00060507,
00060508,
00060507,
00060507,
00050507,
00050507,
00050507,
00080608,
000b090a,
001e1f20,
001d1f1f,
001b1d1d,
001c1d1d,
001c1e1d,
001d1e1e,
001e1f1f,
001f2020,
00202121,
00202221,
00212222,
00212222,
00232423,
00232524,
00232424,
00232424,
00222424,
00222424,
00232424,
00232524,
00212424,
00222424,
00222323,
00222323,
00202323,
00080815,
00090715,
00080614,
00080613,
00080713,
00070511,
00070512,
0009081a,
0009081a,
000a0818,
00090815,
000c0913,
0018181c,
0019191d,
001b1c1e,
001c1d1e,
001e1f1f,
001f2021,
00202021,
00202122,
00212222,
00212222,
00212222,
00212222,
00212222,
00212222,
00202221,
00212326,
000a0407,
00130507,
00140606,
00110605,
00130606,
001f211f,
001f2121,
001f2120,
0008070d,
001e1f20,
001f2120,
00212222,
00222323,
00232524,
00242524,
00242525,
00252625,
00252626,
00262727,
00252726,
00262727,
00262727,
00252827,
00252727,
00262727,
00262827,
00262727,
00262827,
00272828,
00272828,
00272828,
00272827,
00262827,
00262727,
00262727,
00262727,
00262727,
00262727,
00252626,
00252626,
00252626,
00242525,
00232524,
00242423,
00232322,
00222322,
00222222,
00161715,
00181311,
00121118,
001f1611,
0022170d,
0022170c,
0021170e,
00090617,
001f2224,
002b2d30,
00363639,
0008051b,
0020170e,
0023180f,
00171a0d,
000d2110,
000c2211,
000a2211,
000c2212,
000b2011,
001b231b,
000d080e,
001c110d,
0020110a,
0022120a,
0021120a,
0022130a,
0022130a,
0021201f,
001e1f20,
001d1e1f,
001c1e1e,
00151518,
000a0f0c,
0005090c,
000b0e15,
000a0c16,
000a0d17,
00171c22,
0025282a,
00252929,
00242829,
00202527,
001b120c,
00130e1b,
000d0d24,
000b0823,
000c0a26,
00080a1b,
00212525,
0020242a,
000b121c,
000c131c,
000b111a,
00101920,
00131722,
000c0f1a,
00090f1a,
0010141c,
000b0b14,
00232829,
000a0e0f,
0020212b,
0008060f,
001e2121,
00222222,
00212222,
00222323,
00212323,
00222423,
00232424,
00222423,
00222424,
00232424,
00242525,
00242525,
00242625,
00252626,
00252626,
00252626,
00252626,
00252626,
00252726,
00252626,
00262727,
00262727,
00262727,
00262826,
00272727,
00272826,
00272827,
00282927,
00292928,
00292928,
00292928,
00282928,
00292a29,
00292a29,
00292b29,
002a2b29,
002b2b2a,
002b2b29,
002a2b29,
002a2c2a,
002a2c2a,
002a2c2a,
002a2c2a,
002a2c2a,
00252524,
00252623,
00252524,
00242524,
00242524,
00242523,
00252524,
00242423,
00242423,
00242423,
00222322,
00222322,
00222322,
00222422,
00222423,
00222322,
00222322,
00222322,
00222322,
00222322,
00222322,
00222322,
00232323,
00222322,
00212322,
00222322,
00222323,
00222323,
00212222,
00212222,
00212221,
00202221,
00212221,
00202221,
00202121,
00191e1e,
00080709,
00100e0f,
00070709,
00060507,
00060507,
00050506,
00060507,
00060607,
00060506,
00050507,
00070508,
000a0809,
00212021,
001e2020,
001b1d1d,
001c1e1d,
001b1d1d,
001d1e1e,
001d1f1e,
001f2020,
00202121,
00202121,
00212222,
00212222,
00232424,
00232524,
00232524,
00232423,
00232424,
00232424,
00232424,
00232424,
00222424,
00222424,
00222323,
00222323,
00212322,
000a0b17,
000a0816,
00080715,
00080614,
00080714,
00070611,
00070612,
000b091c,
000c091d,
000e0d1a,
000a0815,
000c0a14,
0018181c,
00191a1d,
001b1b1e,
001c1d1e,
001e1f20,
001f2021,
001f2021,
00202121,
00212222,
00212222,
00212222,
00212322,
00212222,
00212222,
00202221,
00222426,
0009050b,
00130606,
00140605,
0011070c,
00100707,
00201f25,
001f2020,
001f2120,
0007060c,
001e1f20,
001f2020,
00212222,
00222323,
00232424,
00232524,
00242525,
00242525,
00252626,
00252726,
00262727,
00262727,
00262727,
00262727,
00262727,
00262727,
00262727,
00262727,
00262827,
00262827,
00272828,
00262827,
00262827,
00262727,
00262727,
00262726,
00262727,
00262727,
00262727,
00252726,
00252626,
00252625,
00242525,
00232524,
00232423,
00232322,
00222322,
00222120,
00151514,
00100c0b,
00111118,
00201610,
0022170e,
0021170d,
0021170c,
000d0a1f,
00090721,
0009071a,
0008061c,
000b0a24,
0022190d,
001d180d,
00102110,
000c2110,
000c2211,
000b2211,
000c2212,
000c2211,
000c2112,
00080606,
00211313,
0021120a,
0022120a,
0021120a,
0021130a,
0023130b,
001c1e1e,
001d1e1f,
001d1e1f,
001c1d1e,
00121217,
000d0c0a,
00080c0d,
000c0e15,
00070914,
00080916,
001f2428,
00232728,
00252928,
00242828,
00222629,
00202123,
0024150d,
00120c18,
0023242a,
000a0a16,
0026292c,
00202323,
000c0f1a,
00091019,
0012171f,
000b0f18,
00080d16,
00121921,
00040a14,
001a1f27,
00090c15,
00232626,
00232727,
0014181d,
00111622,
00020207,
00202223,
00212222,
00212222,
00212222,
00212323,
00222423,
00232424,
00232424,
00232424,
00232424,
00242525,
00242525,
00242625,
00252626,
00252626,
00252626,
00252626,
00252626,
00252626,
00252626,
00262727,
00262727,
00262727,
00262826,
00262826,
00262827,
00272827,
00282928,
00292928,
00292928,
00282928,
00282928,
00292a29,
002a2a28,
002a2a29,
002a2b29,
002b2b2a,
002b2b29,
002a2c29,
002a2c2a,
002a2c2a,
002a2c2a,
002a2c2a,
002a2c2a,
00252524,
00252623,
00252524,
00242524,
00242523,
00252524,
00242423,
00232423,
00232423,
00222322,
00222322,
00222322,
00222322,
00222322,
00222422,
00222322,
00222322,
00222322,
00222322,
00222322,
00222322,
00222222,
00232323,
00222322,
00212322,
00212322,
00222322,
00212322,
00212221,
00212221,
00202221,
00202221,
00212221,
00202121,
001f2020,
00191f1f,
00070709,
00080809,
00060607,
00050507,
00060507,
00050507,
00050507,
00050507,
00050506,
00050506,
00060507,
0009080a,
00242122,
001d201f,
001c1d1d,
001b1d1d,
001c1d1d,
001c1e1e,
001d1f1e,
001e201f,
001f2020,
00202121,
00212222,
00212222,
00232424,
00232523,
00232424,
00232423,
00232424,
00232424,
00232424,
00232424,
00232424,
00232424,
00222323,
00212323,
00212322,
00080a14,
000a0818,
00090716,
00090716,
00090715,
00070613,
00080615,
000a081e,
000a081f,
00090517,
00080610,
000c0914,
0018181c,
00191a1d,
001b1b1e,
001c1d1e,
001e1e1f,
001f2021,
001f2021,
00202121,
00212222,
00212222,
00212322,
00222323,
00212222,
00212222,
00202121,
00212322,
0007030c,
0012070a,
00140605,
000e080f,
000f0710,
001a1426,
00222123,
00232426,
00030209,
001f1f20,
001f2020,
00212222,
00222323,
00232424,
00232525,
00242525,
00252626,
00252626,
00252726,
00262727,
00262727,
00262727,
00262727,
00262727,
00262727,
00252727,
00252727,
00252727,
00262828,
00272828,
00262727,
00262726,
00262727,
00262727,
00262726,
00262727,
00262727,
00262727,
00252626,
00252626,
00242625,
00242525,
00232424,
00222423,
00232322,
00222221,
00212221,
00191818,
00161411,
000f111a,
00201610,
0021160e,
0022160c,
0021160c,
00120d1e,
000c0b25,
000c0b21,
000a0825,
000d0b1f,
0021180e,
001a2113,
000d2110,
000c2211,
000a2211,
000a2111,
00091f0f,
000e2514,
000c2112,
00060906,
00262221,
00170a06,
0020120a,
0021120a,
0020120a,
0021130c,
001c1e1f,
001d1e1f,
001d1e1f,
001b1c1d,
00111116,
000d0c09,
000a0b0d,
0005070d,
000c0f19,
000a0c13,
00202626,
00242829,
00242829,
00242829,
00232727,
00212528,
001e1409,
00231509,
00202423,
00202425,
00212525,
00232629,
000b0f1b,
000d131c,
000e171f,
00080a12,
00060c13,
0010191f,
001b2229,
00090b15,
00090f16,
00161d1f,
00242628,
001a1c1f,
0015141f,
000e0e12,
00202222,
00212222,
00212222,
00222323,
00222323,
00212423,
00222424,
00232424,
00232424,
00232424,
00242525,
00242525,
00242525,
00242625,
00252626,
00252626,
00252626,
00252626,
00252626,
00252626,
00262727,
00262727,
00262727,
00262726,
00262726,
00272827,
00282927,
00282928,
00292928,
00292928,
00292928,
00282928,
00292a29,
00292a28,
002a2a29,
002a2b2a,
002b2b29,
002b2b29,
002a2c29,
002a2c29,
002a2c2a,
002a2c2a,
002a2c2a,
002a2c2a,
00252523,
00252624,
00262524,
00242524,
00242523,
00252524,
00242423,
00232423,
00232423,
00232423,
00222322,
00222322,
00222322,
00222322,
00222322,
00222322,
00222322,
00222322,
00222322,
00222322,
00232322,
00222120,
00282a28,
00212322,
00212322,
00212321,
00212322,
00212221,
00212221,
00212221,
00212221,
00202221,
00202120,
00202120,
001f2020,
001a1f1f,
00070709,
0007070a,
00050506,
00060508,
00060507,
00050507,
00050507,
0007070a,
00060507,
00050507,
00060507,
00080708,
000c0909,
001d1f1f,
001c1d1d,
001b1d1c,
001c1d1d,
001d1d1d,
001d1e1e,
001e201f,
001f2020,
00202121,
00212222,
00212222,
00232424,
00232524,
00232425,
00232424,
00232424,
00232424,
00222424,
00222424,
00232424,
00232424,
00232424,
00212323,
00212322,
00070911,
000b0918,
000a0817,
00080615,
00090719,
00080617,
00090617,
000a081c,
000a0920,
00090815,
000b0b13,
000b0715,
0019191c,
00191a1d,
001b1b1e,
001c1d1f,
001e1e1f,
001f2021,
001f2021,
00202121,
00212222,
00212222,
00222323,
00222323,
00212222,
00212222,
00212222,
00202221,
0009050d,
00100713,
00120a12,
00100a16,
000e060e,
00090512,
00211e2a,
0025262d,
00040409,
001f2020,
001f2020,
00212222,
00222323,
00232424,
00232524,
00242525,
00242625,
00252626,
00262727,
00252726,
00262727,
00262827,
00262827,
00262727,
00262727,
00262727,
00262727,
00262827,
00272828,
00272828,
00262727,
00262727,
00262727,
00262727,
00262727,
00262726,
00262727,
00262727,
00252626,
00252626,
00242525,
00232525,
00232424,
00232323,
00232322,
00222221,
00222221,
00161313,
00181613,
0010121c,
0021160e,
0021160d,
0020160d,
0020160c,
00221a12,
001d1712,
00191412,
000f0b08,
00110b05,
0019120a,
000c2110,
000c2110,
000b2110,
000b2110,
000b1f10,
00010b01,
00000f03,
000a2110,
00050d0c,
001c1a18,
002e2b2a,
001f100a,
0020120a,
0020120a,
001e120b,
001d1f20,
001d1e1f,
001c1d1e,
001b1b1c,
00110f14,
00100c08,
000c0d11,
0004050d,
000c0f15,
00080c11,
00222928,
00242929,
00242828,
00242828,
00232827,
00232626,
00241608,
001c120a,
001f2323,
001f2322,
001f2424,
000b0d17,
000b0f1b,
000c161e,
00131721,
00090b12,
000b1319,
00101821,
000a0e17,
000b1017,
000d131b,
00181c24,
0026272b,
00151824,
00100e1d,
00292a2b,
001f2122,
00212222,
00212322,
00222323,
00222323,
00222323,
00232424,
00232424,
00232424,
00232424,
00242525,
00242525,
00242525,
00242525,
00252626,
00252626,
00252626,
00252626,
00252626,
00252626,
00262626,
00262727,
00262727,
00262827,
00272826,
00272826,
00282827,
00282928,
00292928,
00282928,
00292928,
00282928,
00292a28,
00292a28,
00292a29,
002a2a29,
002a2b29,
002b2b29,
002a2b29,
002a2c29,
002b2c2a,
002a2c2a,
002a2c2a,
002a2c2a,
00252623,
00252623,
00242523,
00252523,
00242523,
00242524,
00232524,
00222423,
00222423,
00232422,
00232322,
00222322,
00222322,
00222322,
00222322,
00222323,
00222423,
00222322,
00222322,
00222422,
00252423,
002b2c2a,
002a2c2a,
00222322,
00212322,
00212322,
00212222,
00212221,
00222221,
00212221,
00212221,
00212221,
00202220,
00202120,
00202120,
001c2020,
00070609,
001f2326,
000e1718,
000a0b10,
00050506,
00040407,
0006060e,
000e111c,
00060507,
00060508,
00060507,
00070609,
000a0608,
001d1f1f,
001c1e1e,
001b1d1d,
001c1d1d,
001d1d1d,
001d1e1e,
001e1f1f,
001f2020,
00202121,
00212222,
00212222,
00222323,
00242524,
00232524,
00232525,
00232424,
00232424,
00222424,
00222424,
00232424,
00232424,
00222423,
00212323,
00222323,
0012161b,
000b0a18,
00070614,
000a0719,
0005030c,
000d0f11,
00110d15,
00100d1f,
000c091e,
000f0d13,
00161721,
000c0916,
0019191d,
00191a1d,
001b1b1e,
001c1d1f,
001d1e20,
001f2021,
00202021,
00202121,
00212222,
00212222,
00222323,
00222323,
00212322,
00212222,
00212222,
00202121,
0009050a,
000e0710,
000f0810,
000d060b,
0010050d,
00232329,
00161322,
00050310,
001f2020,
00212222,
00202020,
00202221,
00222323,
00232424,
00232524,
00242525,
00252626,
00252626,
00252727,
00252726,
00262727,
00262727,
00262727,
00262727,
00262727,
00262727,
00262727,
00262727,
00262828,
00262828,
00262827,
00262727,
00262727,
00262827,
00252726,
00252726,
00262727,
00262626,
00252626,
00252626,
00242525,
00242525,
00232424,
00232322,
00232322,
00222221,
00202120,
001b1514,
00161512,
0010111b,
0021160e,
0022170e,
0021170e,
0021160e,
0021150d,
0020150c,
001e140c,
001c120a,
001b130a,
00140f07,
000c2110,
00000900,
00020b03,
00132216,
00020a02,
000d1a0e,
00061b0c,
000b2011,
00081211,
00090812,
001d170f,
002d2a29,
00190c08,
001e110a,
00150c0a,
001d1e1f,
001d1e1f,
001c1d1e,
0019191c,
00100e11,
00120c07,
000c0d14,
0008090f,
000e0f14,
00070f10,
00232828,
00242828,
00252829,
00242728,
00242728,
001d1e1f,
001d1815,
00222323,
001d2124,
00161d23,
001b2125,
000d0f1f,
000b101c,
000c161e,
00070910,
000e1219,
0010161e,
000f141d,
000f151e,
000b1018,
00181f26,
000e131c,
000a0b11,
000b111e,
000e0b1b,
00222424,
001f2222,
00212222,
00222323,
00222323,
00222323,
00222423,
00232424,
00232424,
00232424,
00232424,
00242525,
00242525,
00242525,
00242525,
00242525,
00252626,
00252626,
00252626,
00242625,
00252626,
00262626,
00262727,
00262727,
00262727,
00262726,
00272827,
00272827,
00282827,
00282827,
00282927,
00282928,
00292928,
00292928,
002a2a29,
002a2a29,
002a2b2a,
002a2b29,
002b2b29,
002a2b29,
002a2c29,
002b2c2a,
002a2c2a,
002a2c2a,
002a2d2a,
00252624,
00252523,
00242523,
00242523,
00252523,
00242423,
00232423,
00232423,
00232423,
00232322,
00232322,
00222422,
00222322,
00212322,
00222322,
00232322,
00232322,
00222322,
00222323,
00232222,
002d2c2a,
002c2d29,
00292b29,
00222322,
00222322,
00212322,
00212222,
00212221,
00222222,
00212221,
00212221,
00202221,
00202121,
00202120,
00202120,
001c201f,
00030205,
00182223,
00151d20,
000f101d,
0003020c,
000b0818,
000a071c,
000a091b,
0006050a,
00040406,
00060507,
00070508,
000a080a,
001d1f1f,
001c1f1e,
001b1d1c,
001b1d1c,
001c1d1d,
001d1e1e,
001e1f1f,
001f2020,
00202121,
00202221,
00212222,
00222323,
00232524,
00232525,
00232425,
00232424,
00232424,
00222424,
00222424,
00232424,
00232424,
00232424,
00222323,
00212323,
001a1f22,
000a0814,
00090713,
000b0918,
00222323,
001e1c20,
001c1d1f,
000c091e,
000b0915,
00010109,
00171721,
000a0714,
0017161b,
00191a1d,
001a1b1d,
001c1c1f,
001d1e20,
001f2021,
00202021,
00202122,
00212222,
00212222,
00222323,
00222323,
00222323,
00212222,
00212222,
001f2120,
000b0607,
00100608,
0010070a,
00120b11,
000f070c,
00090712,
001f2122,
001f2020,
001d201f,
000f0a0a,
00202020,
00212222,
00222323,
00232424,
00232524,
00242525,
00242625,
00252626,
00252726,
00252727,
00252727,
00262727,
00262727,
00262727,
00262727,
00262727,
00262727,
00262828,
00252827,
00262827,
00262827,
00252727,
00262827,
00252727,
00252727,
00252727,
00252727,
00262626,
00252626,
00242625,
00242525,
00232524,
00232424,
00232322,
00222322,
00222221,
0020201f,
001d1613,
001b1a18,
0011121b,
0022160e,
0022170d,
0022160d,
0020170d,
0021170c,
00211911,
00211a12,
0021160d,
0021160e,
001b1c10,
000b2110,
00051408,
00000901,
000d2013,
000d2315,
000d2313,
00142717,
00081c0c,
000a1108,
00130d0b,
00231a0f,
00201c15,
001b1b19,
0022130a,
001e1a19,
001e1e1f,
001d1e1f,
001c1d1e,
0017171a,
000f0d0d,
00110b07,
000c0c12,
00080910,
0008080d,
00050c0b,
00242829,
00242828,
00242829,
00242828,
00232728,
001a1b1d,
00232727,
001e2223,
001d2429,
001d252b,
00141a22,
000a0e1b,
000b121b,
000e141c,
00090b11,
000d1119,
001c2428,
00121821,
00121920,
00131920,
000c0d16,
00121819,
000b050b,
000b0911,
000b080e,
00202222,
00212222,
00212222,
00212322,
00222323,
00222323,
00222423,
00232424,
00232424,
00232424,
00232424,
00242525,
00242525,
00242525,
00242525,
00242525,
00252626,
00252626,
00252626,
00252626,
00252626,
00252626,
00262727,
00262727,
00262726,
00272726,
00272827,
00282827,
00282827,
00282827,
00292928,
00282928,
00282928,
00292a28,
002a2a29,
002a2a29,
002a2b29,
002a2b29,
002a2b29,
002a2b29,
002a2c29,
002a2c2a,
002a2c29,
002a2c2a,
002a2c2a,
00252623,
00242523,
00232523,
00252524,
00262524,
00242423,
00232423,
00232423,
00232423,
00222322,
00222322,
00222322,
00222322,
00222322,
00222322,
00222322,
00222322,
00222322,
00232323,
002f2e2d,
002c2d2a,
002c2d2a,
00262725,
00232423,
00222322,
00222323,
00212222,
00212221,
00212221,
00212321,
00202221,
00202221,
00202221,
00202121,
00202021,
001e2020,
00202325,
00151c1e,
00162021,
000a091a,
000a091b,
00121025,
000b071c,
00131524,
0005040a,
00040405,
00060507,
00070608,
000a080b,
001e1f1f,
001c1f1f,
001b1c1c,
001a1c1c,
001b1d1c,
001c1e1d,
001e1e1e,
001e201f,
001f2120,
00202221,
00212222,
00222323,
00232424,
00242525,
00232424,
00232424,
00232424,
00232524,
00222424,
00232424,
00232424,
00232424,
00222323,
00212323,
001f2324,
000c0a16,
00212223,
00242428,
00222326,
0007020d,
00040606,
000b0713,
00201f21,
0018181d,
000e0d17,
000b0814,
00131219,
0019191c,
001b1b1d,
001c1d1f,
001d1e1f,
001f1f20,
00202021,
00202122,
00212222,
00212222,
00222323,
00222323,
00212222,
00212222,
00212222,
00202121,
000b0a0b,
0014080b,
00150707,
00090302,
001a1c1d,
001f2020,
001f2121,
00202121,
00242121,
00170d0d,
00202020,
00212222,
00222323,
00232424,
00232524,
00242525,
00242625,
00252626,
00252726,
00262727,
00262727,
00262727,
00252727,
00262727,
00262727,
00252727,
00262827,
00262828,
00262828,
00262827,
00262827,
00252727,
00252727,
00252727,
00252727,
00262727,
00252727,
00252626,
00252626,
00252626,
00242525,
00242525,
00232424,
00232322,
00222322,
00212221,
00201f1e,
001c1612,
001e1e1d,
00121219,
0022170e,
0021170d,
0022170d,
0022170d,
00180e0c,
00090609,
00080508,
0019130d,
0020170d,
001c2315,
000c2010,
000b2010,
00132619,
00102114,
00010c02,
00000700,
000d180f,
00071a0d,
001b1a0f,
00231a11,
0022190f,
00231a11,
00282824,
00170d0b,
00222120,
001d1e1f,
001c1d1e,
001b1c1e,
00131418,
000d0b0f,
000a090f,
00080b12,
0007080e,
00050509,
00101516,
00242828,
00242828,
00242828,
00242827,
00232728,
001f2223,
001f2123,
00161a1d,
000c111c,
0009101c,
00090e1b,
000b111b,
000b121c,
000a0c13,
00040609,
0003080e,
00151e23,
000f131b,
00131a1f,
0013141c,
0009070b,
00212625,
000f0809,
00140f19,
00161b1b,
001f2221,
00212222,
00212222,
00212322,
00222323,
00222323,
00222323,
00232424,
00222423,
00232424,
00232424,
00232525,
00232525,
00242525,
00242525,
00242525,
00242625,
00242525,
00252626,
00252626,
00252626,
00252626,
00262727,
00252726,
00262726,
00262726,
00262826,
00272827,
00282827,
00282827,
00282927,
00282928,
00282928,
00292a28,
00292a29,
002a2a29,
002a2a29,
002b2b29,
002a2b29,
00292b29,
002a2c29,
002a2c29,
002a2c29,
002a2c29,
002a2c29,
00252524,
00252523,
00242523,
00252523,
00252523,
00232423,
00232423,
00232423,
00222422,
00222322,
00232322,
00222322,
00222321,
00222322,
00222322,
00222322,
00222322,
00222323,
00222221,
002d2d2a,
002d2e2b,
002b2c29,
00252625,
00222423,
00222322,
00222322,
00212222,
00202221,
00212222,
00212222,
00202220,
00202221,
00202221,
00202121,
001f2121,
001e2020,
000e1314,
00000305,
00141b1e,
00050610,
000b081f,
0009081c,
000e0b1f,
00090919,
00060508,
000b0c0d,
00070507,
00060508,
000b080b,
00211f1f,
001c1e1e,
001a1c1c,
001b1c1c,
001b1d1c,
001c1d1d,
001d1e1e,
001e1f1f,
001f2020,
00202121,
00212222,
00212322,
00232424,
00242525,
00232424,
00232424,
00222424,
00222423,
00212424,
00222423,
00222423,
00232424,
00222323,
00222323,
00202323,
000c0a14,
00040306,
0017131a,
00151716,
00030208,
000b080f,
00131415,
000d0f0d,
000e0b19,
00080611,
00090713,
000f0d15,
00191a1c,
001a1b1d,
001b1c1e,
001e1e1f,
001f1f20,
00202021,
00212222,
00212222,
00212222,
00212322,
00222323,
00222323,
00222323,
00212222,
00202221,
00161719,
000f0c12,
0017111e,
001c1d27,
00101d20,
00050313,
00262530,
001f1718,
00170908,
00190c0b,
00212020,
00202221,
00222323,
00232424,
00232524,
00242525,
00242625,
00252626,
00252626,
00262727,
00262727,
00262727,
00262727,
00262727,
00262727,
00262827,
00262827,
00262827,
00262828,
00252828,
00252828,
00252828,
00252827,
00252727,
00252726,
00262727,
00262727,
00252626,
00252626,
00242626,
00242525,
00242525,
00232424,
00222323,
00222321,
00222221,
0021201f,
001a1512,
001b1a1a,
00121217,
0021160f,
0021170d,
0022170d,
002b211d,
00060607,
00080708,
00080609,
00090709,
00050000,
00192113,
00020e04,
000e1a10,
001b221a,
0009100a,
0019231a,
000b1b0f,
000b1d10,
00112515,
001e1911,
00181209,
00161109,
00231a10,
00221b11,
00282927,
001c1e1e,
001d1e1f,
001c1d1e,
001b1c1e,
00121316,
000b0910,
0008070f,
0004070f,
000a0d13,
00090b0f,
00212627,
00242828,
00242828,
00242727,
00252624,
00232625,
001e2122,
001c2022,
001e2528,
00090d18,
0007090f,
0012161e,
000c141d,
000d151b,
00080a11,
000b0c12,
000a1218,
00161d23,
00090c14,
001c2227,
0009080d,
00030203,
00161214,
0020150c,
00120d1a,
00222928,
00202221,
00212222,
00212222,
00202221,
00222323,
00222323,
00222323,
00232424,
00232424,
00232424,
00232424,
00232525,
00232525,
00242625,
00242525,
00242525,
00242525,
00242525,
00242625,
00242625,
00252626,
00252626,
00262727,
00262726,
00272726,
00262726,
00272826,
00272827,
00272827,
00282927,
00272827,
00282928,
00292a29,
002a2a29,
002a2a29,
00292a29,
002a2a2a,
002a2b2a,
002a2b29,
00292b29,
002a2c29,
002a2c29,
002a2c29,
002a2c29,
002a2c29,
00252524,
00252524,
00252523,
00242523,
00242523,
00232423,
00232423,
00232423,
00222322,
00222322,
00222322,
00222322,
00222322,
00212322,
00212322,
00222422,
00222322,
00212222,
002e2d2b,
002e2d2a,
002d2e2b,
00282927,
00262725,
00232423,
00222322,
00222322,
00212221,
00202221,
00212222,
00212222,
00202221,
00202221,
00202220,
00202121,
00202121,
001f2020,
00030808,
000f1617,
00182021,
00010408,
00090617,
000a091d,
0008071a,
0009081c,
00040506,
000f1112,
00060507,
00060507,
00080709,
00171314,
001b1e1d,
00191c1c,
00191b1b,
001a1c1c,
001c1d1d,
001d1e1e,
001d1f1e,
001f2020,
00202121,
00202221,
00212222,
00222323,
00232424,
00222424,
00232424,
00232323,
00222323,
00222323,
00222323,
00222323,
00222323,
00212323,
00212322,
00202221,
0006050e,
001a1c1f,
000a0411,
00030404,
001f1f20,
00252225,
00232327,
0014141d,
000c081c,
00070611,
00080712,
000f0d16,
0019191c,
00191b1d,
001b1c1d,
001e1e1f,
001f2021,
00202021,
00202122,
00212222,
00222323,
00212322,
00222323,
00222323,
00212322,
00212222,
00202221,
00161719,
0018181e,
000b0818,
000a091a,
00141d23,
000d0c1f,
0014101f,
0015090a,
00160808,
00180b0b,
0020201f,
00202221,
00222323,
00232424,
00232524,
00242525,
00242625,
00252626,
00252626,
00262727,
00262727,
00262727,
00262727,
00262727,
00262727,
00262827,
00272828,
00262827,
00272828,
00272828,
00272828,
00272828,
00262727,
00252727,
00262727,
00262726,
00262727,
00252626,
00262626,
00252626,
00242525,
00242525,
00232424,
00222323,
00222321,
00212120,
00201f1e,
001c1612,
001b1918,
00151214,
0021170e,
0022170d,
001f1610,
00090707,
000a090c,
00020001,
00343434,
000e1012,
001f1e1f,
00161e10,
00152016,
000b160b,
000d2010,
00112517,
000b2011,
0009200f,
000a2210,
000f2011,
00211913,
00211611,
00110803,
00221910,
00231b11,
001e1912,
001d1e1f,
001d1e1f,
001c1d1e,
001a1b1d,
00111115,
00080509,
0008060a,
00090a14,
000e1017,
0006080a,
00202424,
00242827,
00232827,
001e2020,
00252422,
00222424,
001e2123,
001c2224,
00181b23,
000c0d19,
00090d15,
00050a14,
000c161e,
000d1119,
000c1117,
000d0e14,
000d161b,
00121920,
00070a12,
00191c24,
0008080c,
0028282a,
001b130d,
001e1114,
0004030a,
00242829,
00202221,
00212222,
00212222,
001d1f1e,
00222323,
00222323,
00222423,
00232424,
00232424,
00232424,
00232424,
00232525,
00232525,
00242525,
00242525,
00242525,
00242525,
00242525,
00242525,
00242625,
00252626,
00252626,
00252626,
00252626,
00262725,
00262726,
00272826,
00272827,
00272827,
00272827,
00272827,
00272928,
00282928,
00292928,
002a2a29,
00292a29,
002a2a29,
002a2b29,
00292b29,
00292b29,
002a2c29,
002a2c29,
002a2c29,
002a2c29,
002a2c29,
00252524,
00252524,
00252524,
00242524,
00232423,
00232423,
00232423,
00242423,
00232423,
00222322,
00232422,
00232322,
00222322,
00212322,
00212321,
00222322,
00222323,
00222322,
00312f2e,
002e2e2b,
002a2a27,
00282827,
00262626,
00242424,
00222323,
00212322,
00212322,
00212221,
00212221,
00212222,
00212221,
00202221,
00202221,
00202121,
00202120,
00202020,
001a1f1f,
00192123,
0014181a,
000d1618,
000c0918,
00121322,
00161826,
000a0819,
00060607,
0007090a,
00060507,
00060507,
00070709,
000a0708,
00191d1c,
00181a19,
00191a19,
00191a1a,
001a1b1b,
001b1c1d,
001d1e1e,
001e1f1f,
001f2020,
00202121,
00202221,
00222323,
00222424,
00222424,
00232424,
00222423,
00212323,
00212323,
00222323,
00222323,
00222323,
00222323,
00212222,
00202222,
000d0d17,
000d0b13,
000a0b0d,
000a070f,
00222323,
00171719,
001c1d23,
000b091f,
0012111d,
00080713,
00080712,
000e0b17,
00191a1c,
00191b1d,
001b1c1e,
001d1e1f,
001e1f20,
00202021,
00202121,
00212222,
00212322,
00222323,
00222323,
00222323,
00222323,
00212222,
00202121,
00151618,
001c1d1f,
001c1e21,
0014181e,
00101a1e,
00161115,
00160706,
00170708,
00140909,
00170b0a,
0020201f,
00212222,
00222323,
00232424,
00232525,
00242525,
00252626,
00252626,
00252726,
00262727,
00262727,
00262727,
00262727,
00262727,
00262727,
00272828,
00272828,
00262828,
00262828,
00262828,
00262827,
00262828,
00252727,
00252727,
00262727,
00262727,
00262727,
00252626,
00252726,
00252626,
00242525,
00232524,
00232423,
00222323,
00212222,
00212120,
001f1e1d,
001b1511,
001c1b1c,
00181412,
0021170e,
0021180d,
00130c09,
00030201,
002e2e2e,
000b0b0b,
00211f21,
000a080b,
00030001,
001a1b0f,
00102314,
000a200f,
000b2110,
000a2110,
000b2110,
000b2210,
000c2111,
0013160b,
00241811,
00241a12,
001f170e,
00231a10,
00241b11,
00211b12,
001e1e1f,
001d1e1f,
001c1d1e,
00191a1c,
00100f14,
00070608,
00080609,
0007070c,
000a0c14,
000e1013,
00232727,
00242728,
00242828,
00242827,
00242726,
00222626,
00202426,
0012181d,
000e121f,
00030914,
00172024,
00171e25,
00080c15,
00080b12,
000c131b,
0006070d,
00050a11,
000c0e19,
00080a11,
0010131a,
00010409,
00181113,
00181017,
000e0c1b,
00141919,
00212323,
00212222,
00212222,
00202222,
00212323,
00222323,
00222323,
00222323,
00232424,
00232424,
00232424,
00232424,
00232525,
00232525,
00242525,
00242625,
00242525,
00242525,
00242525,
00242525,
00252626,
00252626,
00252626,
00252626,
00252726,
00262726,
00262726,
00262726,
00272827,
00272827,
00282827,
00272827,
00292928,
00292a28,
00292928,
002a2a29,
00292a29,
002a2a29,
002a2b29,
002a2b28,
002a2b29,
002a2b29,
002a2c29,
002a2c29,
002a2c29,
002a2c29,
00252524,
00252524,
00252524,
00242523,
00232423,
00232423,
00222423,
00232423,
00222322,
00222322,
00222322,
00232322,
00222322,
00212322,
00212321,
00222323,
00222323,
00222222,
00292726,
002b2c29,
00292927,
00282827,
00262725,
00242524,
00212322,
00212222,
00212222,
00202221,
00212222,
00212222,
00202221,
00212221,
00202221,
00202121,
001f2120,
001f201f,
001c2020,
001d2424,
00161e1e,
000c1618,
000c0919,
0009071c,
000a081e,
000a0818,
00070708,
0009090c,
00040506,
00060507,
00070608,
00090708,
00171a1a,
00161818,
00171717,
00151717,
00191a1a,
001a1b1b,
001b1c1c,
001c1d1d,
001e1e1e,
001f1f1f,
00202020,
00222222,
00222423,
00222424,
00222423,
00212323,
00222323,
00222323,
00222323,
00222323,
00222323,
00212322,
00202222,
00202222,
000a0b14,
000a0711,
00090a0b,
00222223,
00100c11,
00010101,
00090915,
000b0920,
001b1b22,
000a0716,
00090713,
000d0917,
00191a1c,
001a1b1c,
001b1c1d,
001d1e1f,
001e1f20,
00202021,
00202122,
00212222,
00212222,
00222323,
00222323,
00222323,
00222323,
00212222,
00202221,
001a1b1d,
001b1b1f,
001d1e20,
001f2021,
000d0505,
001a0708,
0019090b,
00170808,
00140909,
00160a09,
001f1f1e,
00222121,
00222323,
00232424,
00232525,
00242525,
00252626,
00252626,
00252626,
00262727,
00262727,
00262727,
00262727,
00262727,
00262727,
00262827,
00262827,
00272827,
00262827,
00262828,
00262828,
00262828,
00252727,
00252727,
00262727,
00262727,
00262727,
00252626,
00252626,
00252626,
00242525,
00232424,
00222423,
00222322,
00212222,
00212120,
001d1c1b,
00181513,
00151417,
001b1513,
0021170e,
0022180e,
00070200,
00010002,
00030104,
00363435,
00111112,
00010101,
00100e0e,
001f170d,
000b2010,
00092110,
000a2110,
000b2110,
000a2110,
000b2110,
000d2112,
001f190f,
0022190f,
0021170e,
00221a10,
00231a10,
00241b11,
00201a14,
001e1e1f,
001c1e1f,
001c1d1e,
0019191b,
000d0e11,
00090e0b,
0007060a,
0007080d,
000a0d15,
0007090c,
00232727,
00232727,
00242827,
00232726,
00222726,
00222627,
0013161d,
001b2128,
000d111f,
00141b24,
000f191e,
00151b22,
00090d15,
00090d14,
000c151e,
000d131d,
000f161f,
00181d25,
00050910,
00070b12,
00252927,
00170f12,
000d0e22,
000d0a0f,
00222a27,
001f2020,
00212222,
00202221,
00212222,
00212323,
00222323,
00222323,
00222323,
00232424,
00222424,
00232424,
00232424,
00232524,
00242525,
00242525,
00242525,
00242525,
00242525,
00242525,
00242525,
00252626,
00252626,
00252626,
00252626,
00252626,
00262726,
00262726,
00262726,
00262827,
00272827,
00272827,
00282827,
00292928,
00292928,
00292928,
002a2a29,
00292a29,
002a2a29,
002a2a29,
002a2a29,
002a2b2a,
002a2b29,
002a2b2a,
00292b29,
00292b29,
00292b29,
00242523,
00242524,
00242523,
00242524,
00242423,
00232423,
00232423,
00232423,
00222422,
00232322,
00232322,
00232322,
00232322,
00232322,
00232322,
00212322,
00212323,
00222322,
00232221,
002a2a27,
002a2a28,
00282826,
00262725,
00242523,
00212322,
00212222,
00212222,
00212221,
00202221,
00212221,
00212222,
00212222,
00212221,
00202121,
00202121,
001f2020,
001d201e,
000f1013,
00090808,
00141d20,
000a0919,
000c081e,
000b081e,
000f0d20,
0009080a,
00121518,
00020406,
00050506,
00070608,
000a080a,
001a1c1c,
001a1b1b,
001a1c1c,
001a1c1c,
001c1d1d,
001d1e1e,
001c1e1e,
001d1f1f,
001e1e1e,
001e1e1e,
001d1e1d,
001e1e1e,
00202121,
00212222,
00222323,
00212322,
00212222,
00212322,
00222222,
00222222,
00222222,
00212222,
00212222,
00202221,
000b0e15,
000f0d18,
00101112,
0019181a,
00242425,
000c0914,
00060613,
00070516,
00080713,
000a0818,
00090716,
000c0a17,
001a1a1c,
001a1b1d,
001c1d1e,
001e1e1f,
001f1f20,
00202021,
00212222,
00212222,
00212222,
00222323,
00222323,
00222323,
00212322,
00212222,
00202121,
001a1c1d,
001a1c1d,
00101214,
001a1b1e,
00160a0a,
0018090e,
0018090d,
00160806,
00160808,
00150909,
001f1e1e,
00212121,
00222323,
00232424,
00242424,
00252525,
00252525,
00252626,
00242726,
00262727,
00272726,
00262727,
00252727,
00262727,
00262727,
00262727,
00262827,
00272828,
00272828,
00262828,
00272828,
00272828,
00262827,
00262727,
00262727,
00262726,
00262726,
00252627,
00252626,
00252626,
00242525,
00232424,
00222423,
00212322,
00222221,
00202120,
001a1918,
00161412,
000f1015,
001f1511,
0020170e,
0021180d,
00060100,
00010100,
000a0909,
002b2b2b,
00010101,
00050206,
000d0905,
0022180f,
00161e12,
000c2110,
000b2110,
000b2110,
000b2210,
000b200f,
0019190e,
0022190f,
0022190f,
0022190f,
00221910,
00231a11,
00241a10,
00201b16,
001d1d1f,
001d1e1f,
001c1d1d,
00161719,
000b0d0f,
00070e0c,
0007080c,
000a0d14,
0003040b,
00040607,
00232728,
00242828,
00232727,
00232727,
00232725,
0011141b,
001d2228,
001f252c,
000c0e1a,
000d161d,
00111b22,
00151b23,
00090d16,
000b1118,
000a151d,
000b101a,
000b101b,
000c0d1b,
000a0d15,
00191f21,
00130e10,
00190f0b,
00130c18,
000b0f0f,
00222727,
00212121,
00212222,
00212222,
00202222,
00212323,
00212323,
00212323,
00222323,
00232424,
00222424,
00222424,
00232524,
00232524,
00232524,
00242525,
00242525,
00242525,
00242525,
00242525,
00242525,
00252626,
00252626,
00252626,
00252726,
00252626,
00262726,
00262725,
00272826,
00272827,
00262826,
00262826,
00272827,
00282928,
00292a28,
00292a28,
00292a29,
002a2a29,
002a2a29,
002a2b28,
00292a29,
002a2b29,
00292b29,
00292b29,
00292b29,
00292b29,
00292b29,
00242524,
00242523,
00232423,
00242423,
00242423,
00232423,
00232423,
00222322,
00222322,
00232322,
00232322,
00222322,
00222322,
00232322,
00232322,
00232322,
00222323,
00222323,
00242222,
002a2b28,
00292927,
00272826,
00272725,
00232523,
000c0909,
00212222,
00212221,
00212221,
00202221,
00212221,
00212221,
00212221,
00212221,
00202121,
00202221,
001f2020,
001e201f,
00020306,
001a1f21,
00131d20,
000b0e1d,
000a091f,
000b081e,
000c0c1e,
0007050e,
000e1213,
00030405,
00060607,
00060608,
000a070a,
001d1d1e,
001b1d1d,
001a1c1c,
001b1d1c,
001c1e1d,
001e1f1f,
001f2020,
00202020,
001f2121,
00202121,
00202221,
00212323,
00222323,
00222323,
00222323,
00222323,
00212222,
00212222,
00202222,
00202222,
00202121,
001f2120,
00202121,
001f2121,
00161a1e,
000e0c19,
00212124,
00262428,
001e1c20,
000b091c,
000b081c,
00181821,
000b0818,
000b091a,
000a0818,
000b0917,
00191a1c,
00181b1d,
001a1c1d,
001d1e1f,
001e1f20,
00202021,
00212222,
00212222,
00212222,
00222323,
00222323,
00222323,
00212222,
00212222,
00202121,
001b1d1d,
001b1d1e,
001e1f20,
00202122,
00160707,
00160807,
00170707,
00170707,
00160707,
00150908,
001f1e1e,
00212221,
00212322,
00222423,
00232524,
00242525,
00252626,
00252626,
00252626,
00262727,
00262727,
00262727,
00262727,
00262727,
00262727,
00262727,
00262727,
00262727,
00262727,
00262827,
00262827,
00262727,
00262727,
00262727,
00262727,
00262726,
00262726,
00252626,
00252626,
00252626,
00242525,
00232424,
00222423,
00212322,
00222221,
00202120,
00151413,
000c0b09,
000f0f17,
0020160f,
0022170d,
0022180e,
00130d09,
00080608,
000e0c0f,
00121314,
00212020,
00060407,
001e180f,
0021170d,
001e190f,
00142012,
000b200f,
000a200f,
000f1f11,
0016190d,
00231911,
0022190f,
00221a0f,
0022190f,
00231a10,
00231a11,
00231b10,
00201e1d,
001d1e1f,
001c1e1f,
001b1c1d,
00141417,
00090e0f,
00080d0d,
000a0a10,
000d0e13,
000a0b10,
00171c1c,
00232728,
00232728,
00242728,
00232727,
00232627,
00222524,
000c0e1c,
001d242c,
000b0e19,
00181d25,
000a0f1c,
00121822,
000a0d14,
0002020a,
00111720,
000c131c,
000d0f1a,
000a0c15,
0003070d,
0026282b,
00100f21,
0015101f,
000c070d,
001c2321,
00242827,
00202121,
00202222,
00202221,
00202222,
00212323,
00222323,
00222323,
00232424,
00232424,
00222423,
00232424,
00232525,
00242525,
00232524,
00242525,
00242525,
00242525,
00242525,
00242525,
00242525,
00242625,
00252626,
00252626,
00252626,
00252626,
00262726,
00262725,
00272826,
00272827,
00262827,
00262827,
00272827,
00282928,
00282928,
00282928,
00292a28,
002a2a29,
002a2a29,
002a2a29,
00292b29,
00292a29,
002a2b29,
002a2b29,
00292b29,
00292b29,
00292b29,
00242524,
00242523,
00242423,
00242524,
00242423,
00242423,
00242423,
00232422,
00232423,
00222322,
00222322,
00212322,
00212321,
00212321,
00222222,
00222322,
00212322,
00212322,
00232322,
002b2a28,
00292927,
00282826,
00272725,
00212523,
000a0303,
00202222,
00212222,
00212222,
00212221,
00212221,
00212222,
00212221,
00212221,
00202221,
00202121,
001f2120,
001f201f,
000a0d0e,
00161f20,
00131a1b,
000b101d,
000a0c1f,
000c091e,
0019192a,
000b081c,
0009080e,
00090a0f,
00030406,
00060607,
0008070a,
00191819,
001b1d1c,
001c1d1d,
001c1e1e,
001e1f1f,
001f2020,
001f2020,
00202121,
00202221,
00212222,
00222222,
00222222,
00222323,
00222323,
00222323,
00212322,
00222323,
00212322,
00212322,
00212322,
00212222,
00212222,
00212222,
00202122,
001f2226,
000d0b1a,
0016151e,
000b091b,
00090718,
000b081b,
001e1e28,
00090813,
000b091b,
000b091a,
000a0818,
000c0918,
0018171b,
00191a1d,
001b1c1d,
001d1d1e,
001e1f20,
001f2021,
00202121,
00212222,
00212222,
00212322,
00222323,
00222323,
00212222,
00212222,
00202121,
001c1d1e,
001d1d1f,
001e1f1f,
00202120,
00180707,
00170706,
00190706,
00180707,
00160707,
00160908,
00201f1f,
00202121,
00212322,
00222423,
00232424,
00242525,
00252626,
00252626,
00252626,
00252626,
00262726,
00252727,
00252727,
00262827,
00262727,
00262727,
00262727,
00262727,
00262727,
00262827,
00262827,
00262727,
00262727,
00262727,
00262727,
00262727,
00252726,
00252626,
00252626,
00242625,
00242525,
00232424,
00222323,
00212322,
00212221,
0020201f,
00131110,
000c0c0c,
000e101a,
00201710,
0022180e,
0021180e,
0020160d,
00080708,
00030204,
00060607,
00070608,
000b0805,
0022170d,
0021180d,
0021180e,
0021180e,
0018170c,
0019180d,
001e180f,
0022190f,
00221910,
00221a0f,
00221a0f,
00221a0f,
00231a10,
00231a11,
00211b10,
001f1e1e,
001d1e1f,
001c1d1e,
001a1c1d,
00121315,
000a0d0e,
00090e0e,
0008070e,
000b0a0f,
000f0d0c,
00202323,
00232727,
00232727,
00232727,
00232628,
000e091c,
0027292d,
000d1420,
000f161f,
000b0e1b,
001c1f29,
00080d19,
00050b16,
000e1723,
0010161e,
0010151f,
000d111c,
000a0d15,
000c1013,
00222727,
0016151c,
000e0e20,
000b0914,
00060707,
00111918,
00232726,
00202121,
00202221,
00202222,
00202222,
00212323,
00222323,
00222323,
00222424,
00232424,
00232424,
00232424,
00232525,
00242525,
00232424,
00232524,
00242525,
00242525,
00242525,
00242525,
00242525,
00252626,
00252626,
00252626,
00252626,
00252626,
00262727,
00262726,
00262726,
00272828,
00272828,
00272828,
00272827,
00272928,
00282928,
00282928,
00292a29,
002a2a28,
002a2a29,
002a2b29,
00292b28,
00292b2a,
00292b29,
00292b29,
00292b28,
00292b28,
00292b29,
00242623,
00242523,
00242423,
00242423,
00242423,
00242423,
00242423,
00232322,
00232322,
00222322,
00212322,
00212322,
00212321,
00212321,
00222222,
00222222,
00232322,
00232322,
00212222,
002c2b2a,
00292927,
00282826,
00252724,
000a0d0b,
000d0606,
00232322,
00212222,
00202221,
00212221,
00212222,
00212222,
00212222,
00212221,
00212221,
00202121,
00202121,
001f2020,
001a1e1e,
001b2022,
0016181a,
0011181d,
00101721,
000c0a1f,
00151626,
000b081b,
000d0c1b,
000c0a1c,
000d1316,
00050607,
0007070a,
000c0a0c,
001b1d1c,
001c1e1d,
001d1f1e,
001e1f1f,
00202020,
00202121,
00212222,
00212222,
00212322,
00212323,
00212322,
00222323,
00222323,
00222323,
00222323,
00222323,
00212322,
00222322,
00222322,
00222323,
00222323,
00212222,
00212221,
001e2123,
000c0b19,
000c0a19,
000d0b1d,
00181724,
00161523,
000a0814,
000b091a,
000b091c,
000a081a,
000a0818,
000a0817,
0016141b,
001a1b1d,
001b1c1e,
001d1e1f,
001e1f20,
001f2021,
00202121,
00202121,
00212222,
00212222,
00212222,
00212222,
00212222,
00202221,
001f2120,
001d1e1e,
001d1e1f,
001e1f20,
00242524,
00180808,
00180706,
00190706,
00180707,
00150707,
00160908,
00201f1f,
00202020,
00212222,
00222323,
00232424,
00242525,
00242525,
00252626,
00252626,
00252626,
00262727,
00262727,
00262727,
00262727,
00262727,
00262727,
00262727,
00262727,
00272727,
00262727,
00262727,
00262727,
00262727,
00262727,
00262727,
00262727,
00252726,
00252726,
00242625,
00242525,
00232424,
00232424,
00222323,
00212222,
00212221,
00201f1e,
00151212,
00060707,
0010121c,
0021170e,
0022170d,
0021180e,
0021180d,
001d140f,
00070609,
00070709,
00060301,
001f170e,
0022170e,
0022180e,
0021180d,
0021180d,
0022180f,
00221910,
0021190f,
00221910,
00221910,
0022190f,
0022190f,
00221a10,
00221910,
00231a11,
00211a10,
001d1e1f,
001d1e1e,
001b1d1d,
001a1b1c,
00111114,
00080c0c,
00060909,
0008080e,
00080810,
000a0912,
00212625,
00232727,
00232727,
00242729,
00222728,
000a0b1d,
00252626,
000d1220,
0001050e,
00060915,
00090c17,
00090d18,
00030610,
000e1319,
0007080f,
00080d15,
000d0f19,
00131519,
00202524,
00252322,
00160d0d,
00110f15,
000e0809,
000e1b15,
00222928,
001f2020,
001f2121,
00202221,
00202222,
00202222,
00212323,
00222323,
00222323,
00222424,
00232424,
00232424,
00232424,
00232525,
00232424,
00242525,
00242525,
00242525,
00242525,
00242525,
00242525,
00242525,
00252626,
00252626,
00252626,
00252626,
00252626,
00262727,
00262726,
00262726,
00272728,
00272828,
00272828,
00272827,
00292928,
00282928,
00282928,
00292929,
002a2a28,
002a2a29,
002a2a29,
00292b29,
00292a29,
002a2a29,
002a2a28,
00292b28,
00292b28,
00292b28,
00252623,
00242523,
00242524,
00242423,
00242423,
00232423,
00222322,
00232322,
00232423,
00222322,
00222322,
00232322,
00232322,
00222221,
00222221,
00212322,
00222322,
00222222,
00222222,
00272626,
00292927,
00272726,
00272a28,
00050405,
00090506,
00251e1f,
00212222,
00202222,
00212222,
00212222,
00212222,
00212222,
00202221,
00212222,
00202121,
00202121,
001f201f,
001c1f1f,
0016171a,
00191f20,
0010181c,
00131f23,
00151c24,
00111421,
000a0819,
00141322,
000c0a1e,
00191d24,
00080608,
00070609,
000b0809,
001b1d1c,
001d1e1e,
001d1f1e,
001f2020,
00202121,
00202121,
00212222,
00222323,
00222323,
00222323,
00222323,
00222323,
00232323,
00222323,
00222323,
00222323,
00212323,
00212323,
00212323,
00222323,
00222323,
00212222,
00212222,
001f2122,
000b0b18,
000b0a18,
000b091a,
000d0a1a,
000c0919,
000b0a19,
000b091a,
000b081b,
000b081a,
000b0918,
000b0917,
00110e15,
001a1c1e,
001c1d1e,
001d1e1f,
001f1f20,
00202021,
00202121,
00212222,
00212222,
00212222,
00212222,
00212222,
00212222,
00212222,
00202121,
001e1f1f,
001c1e1e,
001e201f,
002c2a2a,
00180807,
00170706,
00190707,
00190707,
00170807,
00160909,
00211f1f,
001f2020,
00212222,
00222323,
00222423,
00232424,
00242525,
00242525,
00242625,
00252626,
00252626,
00252726,
00252726,
00262726,
00262727,
00262727,
00262727,
00252727,
00252727,
00262727,
00272727,
00262727,
00262727,
00262727,
00262727,
00262727,
00252726,
00252626,
00242625,
00242525,
00232524,
00232424,
00222323,
00212222,
00212121,
001f1f1e,
00161313,
00050507,
0010111b,
0022160e,
0023180e,
0022180d,
0021170e,
0022180f,
00211910,
00221c15,
0020170c,
0021180d,
0021170d,
0021180e,
0021180e,
0022180d,
0022180f,
00221810,
0022190e,
0022190f,
0022190f,
0022190f,
00221910,
00231910,
00221910,
00231911,
00211913,
001d1d1d,
001c1d1d,
001b1d1d,
0019191a,
00101014,
00070d0c,
00050708,
0008070e,
00090714,
000a0918,
00222728,
00232728,
0025292a,
00232827,
0013101f,
00262b2e,
00242726,
0015171e,
00010710,
00171925,
000b0f1b,
00080a14,
000d131d,
000d0f18,
0000030f,
00070d16,
00101418,
00272829,
00151111,
00140b0b,
00180f0d,
00120b0b,
000e120f,
0012201c,
00232727,
001e201f,
00202121,
00202221,
00212222,
00212222,
00212323,
00212323,
00212323,
00232424,
00232424,
00242424,
00232424,
00232524,
00232424,
00232525,
00242525,
00242525,
00242525,
00242525,
00242525,
00242625,
00252626,
00252626,
00252625,
00252626,
00252626,
00252726,
00262726,
00262727,
00272827,
00272827,
00272827,
00272827,
00282928,
00292928,
00292928,
00292928,
00292928,
002a2a28,
00292a28,
00292a29,
00292a29,
002a2a29,
00292a29,
00292b28,
00292b28,
00292b28,
00242523,
00242523,
00242423,
00242423,
00242423,
00222322,
00222322,
00232322,
00232322,
00222322,
00222322,
00232322,
00232322,
00222321,
00222321,
00212222,
00222322,
00212221,
00212222,
00212121,
00282a26,
002a2b2a,
00050506,
00050304,
00060506,
000c0405,
00202222,
00212222,
00212222,
00212222,
00212222,
00212222,
00212222,
00202221,
00202221,
00202221,
001f2020,
001e2120,
00040509,
00030508,
00161c1f,
00171d22,
00070814,
00110e1d,
001c1e24,
00171923,
000b091e,
0012141f,
00040508,
00070609,
000a090a,
001c1c1c,
001d1e1e,
001e1f1f,
001f2020,
00202121,
00212222,
00212322,
00222323,
00222323,
00222323,
00222323,
00222423,
00232424,
00222423,
00222323,
00222323,
00222323,
00222323,
00222323,
00222323,
00222323,
00212322,
00212222,
001f2121,
000b0c17,
000c0a1a,
000c0a1b,
0015151a,
000e0e18,
000c091a,
000b0919,
000b091b,
000b0919,
000b0918,
000a0818,
00100d15,
001b1c1d,
001d1e1f,
001e1f20,
001f2021,
00212121,
00202221,
00212222,
00212222,
00212222,
00222323,
00212222,
00212222,
00212222,
00202121,
001f2020,
001d1e1e,
001e1f1f,
001f1c1b,
00170707,
00180706,
001a0807,
00180706,
00160807,
00160909,
00222020,
00202020,
00212222,
00222323,
00222323,
00232424,
00232524,
00242525,
00242525,
00242525,
00242625,
00242625,
00252626,
00252626,
00252626,
00252626,
00252626,
00252626,
00252626,
00252626,
00252626,
00252626,
00252626,
00252626,
00252626,
00252626,
00252626,
00242625,
00242525,
00232424,
00232424,
00222323,
00212222,
00212222,
00202120,
001e1e1e,
00161313,
000a090a,
00101018,
0023170e,
0022180d,
0022180d,
0022170e,
0021180d,
0023180e,
0021160c,
0020170e,
0021180e,
0022170e,
0021180e,
0022180e,
0022180d,
0022180f,
0022190f,
0022190f,
0022190f,
0022190f,
0022190f,
00211910,
00221910,
00221910,
00231a11,
00201914,
001c1c1c,
001b1c1c,
001a1b1b,
00171819,
000e1011,
00070f0c,
00040807,
00070607,
0007050e,
00050614,
00222727,
00242729,
00292a2b,
00242727,
000f0a20,
00080910,
00232627,
001e1f22,
000e131c,
00161c24,
00090d19,
00080a13,
00131824,
000c0c19,
00050713,
000e1418,
00242625,
000d0c09,
000c0708,
000b090b,
000d0a0c,
00070707,
000c1a15,
00212827,
00242726,
001f2020,
00202121,
00202222,
00212222,
00212322,
00212323,
00212323,
00222423,
00232424,
00232424,
00232424,
00232424,
00232524,
00242424,
00242525,
00242525,
00242525,
00242525,
00242525,
00242625,
00242525,
00252626,
00252626,
00252625,
00252625,
00252626,
00252726,
00262726,
00272826,
00272827,
00262727,
00272827,
00282928,
00282928,
00282928,
00282a28,
00292928,
002a2a29,
002a2a29,
00292a28,
002a2a2a,
00292a29,
00292b29,
00292b29,
00282a28,
00292b28,
00292b28,
00252524,
00252524,
00242423,
00242423,
00242423,
00222322,
00222322,
00222322,
00222322,
00222322,
00222222,
00232322,
00232322,
00212222,
00212222,
00232223,
00222222,
00212221,
00212222,
00212221,
00151411,
00070706,
00050405,
00040505,
00060405,
00100709,
00222222,
00212222,
00212222,
00212222,
00212222,
00212222,
00212222,
00212222,
00202221,
00202121,
00202121,
00202222,
00030509,
00192223,
000f1519,
000d0a1b,
001b1d23,
001d1d24,
00090819,
000f0d21,
000d0a1e,
001a1b21,
0003090b,
00080608,
000a080a,
001c1c1c,
001d1e1e,
001e1f1f,
001f2020,
00202221,
00212222,
00222323,
00222323,
00222323,
00222323,
00222323,
00232424,
00232424,
00232424,
00232424,
00222323,
00222323,
00222423,
00222323,
00222323,
00222323,
00222323,
00202222,
00202221,
000a0d16,
000c0a19,
000d0a19,
000a0910,
00161619,
000c0a1c,
000c0a1a,
000b081b,
000b0919,
000a0919,
000a0918,
000d0c15,
001b1c1c,
001d1e1f,
001e1f20,
00202021,
00212121,
00212222,
00212222,
00212222,
00222323,
00222323,
00222323,
00212222,
00212222,
00202121,
001f2020,
001d1e1f,
001e2020,
00120c0c,
00190808,
00190806,
00190706,
00180706,
00160707,
00150909,
00222121,
00202121,
00212222,
00222323,
00232424,
00232424,
00242525,
00242525,
00242525,
00242525,
00242625,
00252626,
00252626,
00252626,
00252626,
00252626,
00252626,
00252626,
00252626,
00252626,
00252626,
00252626,
00252626,
00252626,
00242625,
00252626,
00242525,
00242525,
00242525,
00232424,
00232424,
00222323,
00212222,
00212121,
00202020,
001e1f1e,
00151414,
00181617,
00111117,
0020170d,
0021170d,
0021180d,
0022180e,
0021180e,
0021170d,
0021180d,
0021170e,
0021170e,
0022170e,
0022180e,
0022180e,
0022180e,
0022180e,
0022180f,
00221910,
00221810,
0022190f,
0022190f,
00221910,
00221910,
00221910,
00231a10,
001b1613,
001c1b1c,
001a1b1c,
0019191a,
00151618,
000d0f10,
00060e0c,
00030b08,
00040505,
0008050a,
00070a13,
00242424,
001e1d1b,
00221f1e,
00222323,
00161316,
00171717,
00212221,
00222220,
001c1e1d,
000b0b17,
00090c16,
00191d22,
000b0c17,
0002050c,
00232929,
00212222,
000b0d0b,
00070d0a,
000a0a0a,
00090709,
00070a09,
000b1813,
00182322,
00212626,
00232727,
001f2020,
001f2121,
00202222,
00202222,
00212323,
00212323,
00222323,
00232424,
00232424,
00232424,
00232424,
00232424,
00232525,
00232424,
00242525,
00242525,
00242525,
00242525,
00242525,
00242525,
00242525,
00252626,
00252626,
00252626,
00252626,
00252626,
00252726,
00252726,
00262827,
00262827,
00272828,
00272827,
00282928,
00292928,
00282928,
00292928,
00292928,
002a2a29,
00292a29,
00292a29,
00292a29,
00292a29,
002a2a28,
002a2a28,
00292a28,
00292b28,
00292b28,
00252524,
00252524,
00242423,
00242423,
00232423,
00232322,
00232322,
00222322,
00222322,
00222322,
00222323,
00212321,
00212221,
00212222,
00212222,
00212222,
00222222,
00212221,
00212222,
00202221,
00111514,
00050505,
00050405,
00040507,
00060405,
000a0406,
00232222,
00212222,
00212222,
00212222,
00212222,
00212222,
00212221,
00212221,
00202221,
00202121,
00212321,
00212323,
0015191a,
00181e1f,
000b0f13,
000d091e,
000a0b19,
000d0c20,
000e0d21,
000c0c1f,
000e0a1d,
00121316,
00162123,
00060609,
000a080a,
001c1b1c,
001c1e1d,
001e1f1f,
001f2120,
00202221,
00212222,
00222323,
00222323,
00222323,
00222323,
00222423,
00232424,
00232424,
00232424,
00232424,
00222323,
00222323,
00222323,
00222323,
00222323,
00222323,
00212322,
00212222,
001f2222,
000d1017,
000b0919,
000b0914,
0017171a,
000c0c15,
000b0919,
000b0a19,
000b091a,
000b0919,
000b091a,
000a0818,
000d0b16,
001c1d1d,
001e1e1f,
001f1f20,
00202121,
00212222,
00212222,
00222323,
00222323,
00222323,
00222323,
00222323,
00222323,
00212322,
00202221,
001f2021,
001d1e1f,
001e1f1f,
000a0202,
001a0808,
00190707,
001a0807,
00180707,
00160807,
00150908,
001f1f1f,
00212121,
00212322,
00222323,
00222423,
00232424,
00242525,
00242525,
00242525,
00242525,
00242626,
00252626,
00252626,
00252626,
00252626,
00252626,
00252626,
00252626,
00252626,
00252726,
00252626,
00252626,
00242625,
00252626,
00242625,
00252626,
00242625,
00242525,
00232524,
00232424,
00232424,
00222323,
00222323,
00222222,
00212120,
001e1f1e,
00171515,
00232224,
00141216,
0022170d,
0021170d,
0021180d,
0021180e,
0022180d,
0022180e,
0021180e,
0022170e,
0022170e,
0023180e,
0021180d,
0021180d,
0022180e,
0022180e,
0022190f,
00221910,
0022190e,
0022190f,
0022190f,
00221910,
00221a0f,
00231910,
00241a12,
001e1a1a,
001a1b1c,
001a1c1c,
00191b1c,
0017191b,
000f1111,
00060e0c,
00050d0a,
000a0d0d,
0008060a,
001b2028,
0022201e,
00242119,
0023221c,
001f1c16,
001e1d17,
001b1e18,
001f1c19,
00211f19,
00231f1b,
001c1e21,
00181f22,
0012181d,
00222629,
002a2d2c,
00141414,
00090c09,
00070607,
00090709,
00060608,
00070709,
0007100d,
001c2321,
00202122,
001c1d1d,
00252626,
00212222,
001f2122,
00202222,
00202222,
00212323,
00222323,
00222323,
00232424,
00232424,
00232424,
00232424,
00232524,
00232524,
00242525,
00242424,
00242525,
00242525,
00242525,
00242525,
00242525,
00242525,
00242625,
00252626,
00252626,
00252626,
00252626,
00252726,
00262727,
00262728,
00262727,
00272827,
00272827,
00292928,
00292928,
00272928,
00282928,
00292928,
002a2a29,
00292a29,
00292a29,
00292a29,
00292a29,
002a2b28,
00292a28,
002a2a28,
002a2a28,
002a2b28,
00232524,
00242524,
00242423,
00242423,
00242423,
00232322,
00232322,
00232322,
00232322,
00222322,
00222322,
00222322,
00212221,
00212321,
00212222,
00212222,
00222222,
00222222,
00212222,
00202221,
001c2120,
00040304,
00050609,
000f1718,
00040505,
00060406,
00242121,
00202221,
00212221,
00212222,
00212222,
00212221,
00212222,
00212222,
00212221,
00212222,
00222322,
00222323,
00202524,
001c2125,
00000003,
000b0a1c,
000e0c20,
000d0c1f,
000f0d22,
000b091b,
0015191f,
00181e20,
00172123,
00070608,
000a080b,
001b1a1a,
001d1d1d,
001f1f1f,
00202121,
00212222,
00222323,
00222323,
00222323,
00222323,
00222323,
00232424,
00232424,
00232424,
00232424,
00232424,
00232424,
00232424,
00232424,
00222323,
00222323,
00232323,
00222222,
00212222,
00202221,
00181c20,
000c0a19,
000b0a17,
000f0e16,
000a0918,
000b0918,
000b091a,
000b091a,
000b091a,
000b0819,
000a0818,
000c0a16,
001c1d1e,
001e1f20,
001f2021,
00202122,
00212223,
00222323,
00222323,
00222323,
00222323,
00222323,
00222323,
00222323,
00222323,
00212222,
00202021,
001c1e1e,
00202020,
000f0203,
00190707,
001a0807,
001a0807,
00180806,
00170706,
000c0303,
001d1e1e,
00212121,
00222323,
00222423,
00232424,
00232524,
00242525,
00232424,
00242525,
00242525,
00252626,
00252626,
00252626,
00252626,
00252626,
00252626,
00252626,
00252626,
00242525,
00242625,
00252626,
00252626,
00252626,
00252626,
00242625,
00252625,
00242525,
00242525,
00242525,
00242525,
00232424,
00222323,
00212322,
00212222,
00212120,
001f1f1e,
00151313,
001f1e20,
00191514,
0022170e,
0021170d,
0021170e,
0021180e,
0021180e,
0021180e,
0021180f,
0021180e,
0021180d,
0021170d,
0022180e,
0022180e,
0022180e,
0022180e,
0022180f,
0022180f,
0022190f,
0022190f,
00221910,
00221910,
0022190f,
00231a10,
00231911,
001d1d1e,
001b1c1c,
001a1c1d,
001a1b1c,
00181a1b,
00181919,
00070d0c,
00070f0b,
00050507,
0009060b,
00212728,
0023221c,
0023221a,
001e2018,
0021211a,
0022211b,
001c1e16,
0024201e,
001b1919,
0022211d,
00242726,
00252827,
00262827,
00121512,
000b0c0c,
000d0c0c,
00070b09,
00090609,
000b0913,
000b0a1a,
00090a16,
001f2424,
00212424,
00212323,
00232625,
00222222,
00222323,
00202121,
00202221,
00212322,
00212323,
00212323,
00222323,
00222424,
00232424,
00232424,
00232424,
00232424,
00232424,
00242525,
00242525,
00242525,
00232524,
00242525,
00242525,
00242525,
00242525,
00242625,
00242525,
00252626,
00252626,
00252626,
00252726,
00262726,
00262727,
00262727,
00262727,
00272827,
00282928,
00282928,
00292928,
00292928,
00282928,
00282928,
00292a29,
00292a29,
00292a29,
00292a29,
00282a28,
00282a27,
00292a28,
002a2a28,
002a2b28,
00232523,
00242524,
00242423,
00242423,
00232423,
00232322,
00232322,
00232322,
00232322,
00222322,
00212322,
00212221,
00212221,
00212222,
00212222,
00222222,
00212222,
00212222,
00212222,
00202221,
001c2121,
00081010,
00101517,
001d2020,
00000303,
00060406,
00161011,
001f2221,
00212221,
00212222,
00212222,
00212222,
00212222,
00212222,
00212221,
00222323,
00222323,
00222323,
001e2121,
000f1617,
00000003,
00090d1a,
000e0c22,
000a091d,
000a0d17,
00161e23,
000b1316,
00131c1e,
00010507,
00070608,
00090609,
00191717,
001d1e1e,
001f2020,
00212222,
00212322,
00222323,
00222323,
00212322,
00222323,
00222323,
00222323,
00232424,
00232424,
00232424,
00232424,
00232424,
00232424,
00232424,
00222323,
00222323,
00222323,
00212323,
00212222,
00202222,
001e2224,
000b0a19,
000a0918,
000a0918,
000a0817,
000b0918,
000b0919,
000a081a,
000b091c,
000b081a,
000a0817,
000b0916,
001c1d1d,
001e1f20,
00202121,
00212222,
00222323,
00222323,
00222323,
00222423,
00232424,
00222424,
00232424,
00222423,
00222323,
00212222,
001f2120,
001d1a1b,
001e201f,
00150506,
001b0708,
001a0808,
001a0807,
00190706,
00130605,
001f1e1e,
001f1f1f,
00212222,
00222323,
00232424,
00232424,
00242525,
00242525,
00242525,
00242525,
00242625,
00252626,
00252626,
00252626,
00252626,
00252626,
00252626,
00252626,
00252626,
00252626,
00242525,
00232524,
00242625,
00252626,
00252626,
00242625,
00242525,
00232525,
00242525,
00242525,
00242525,
00232524,
00232424,
00222323,
00212222,
00202121,
00202020,
001a1818,
001a181c,
00191412,
0021170e,
0021170d,
0021180e,
0021180e,
0021180e,
0021170f,
0022170e,
0022170e,
0021170e,
0021170d,
0021180e,
0021180e,
0022170e,
0022180e,
0022180f,
0022180f,
00221810,
0022180f,
00211910,
00221910,
00221910,
00221a10,
00221911,
001c1e1f,
001e1f1f,
001d1e1f,
001d1e1f,
001b1d1e,
001c1d1d,
000a0c0c,
00060f0b,
00070b09,
00030507,
00222627,
0024211b,
0024211b,
00191a13,
001e1f19,
001c1d14,
001c1c13,
001e1c16,
000e0b1b,
0005040a,
00080d07,
00060b06,
00060b08,
00070d09,
00060b09,
000a0c0d,
00090c0b,
00080609,
000a0918,
000a091c,
001a1d1d,
00222424,
00202322,
00222524,
00222524,
00222323,
00222424,
00202221,
00202221,
00212323,
00212322,
00212323,
00222423,
00232424,
00222423,
00232424,
00232424,
00232524,
00232524,
00242525,
00232525,
00232524,
00242525,
00242525,
00242525,
00242525,
00242525,
00242625,
00242525,
00252626,
00252626,
00252626,
00252726,
00262727,
00262727,
00262727,
00262727,
00262827,
00282927,
00282928,
00282928,
00282928,
00282928,
00282928,
00292a29,
00292a29,
00292a28,
00292a28,
00282a28,
00292a28,
00292a29,
00282a28,
00292b28,
00232524,
00242423,
00242423,
00242423,
00232423,
00222322,
00222322,
00232322,
00232322,
00222322,
00222322,
00222221,
00212221,
00212222,
00212222,
00202221,
00222121,
00232222,
00212222,
00222121,
001f2121,
0019201f,
001c201f,
001b1a18,
00121817,
00070506,
000b0406,
00202121,
00212222,
00212222,
00212222,
00212222,
00212222,
00212322,
00212221,
00222323,
00222423,
00222323,
00212323,
00020506,
0001070a,
000d1624,
00151b30,
00131b2c,
0011191f,
000f181c,
00151f23,
00182122,
00070709,
000b0a0c,
00080608,
001a1919,
001f1f1f,
00212222,
00212322,
00212322,
00212323,
00222323,
00222323,
00222323,
00222323,
00222323,
00222323,
00222323,
00222323,
00232424,
00222423,
00232424,
00222423,
00222323,
00222323,
00212323,
00212322,
00212322,
00212222,
001d2121,
00090917,
000a0819,
000a0818,
000b0919,
000a0919,
000a081a,
000a081a,
000a081b,
000a0819,
000a0817,
000b0915,
001d1e1e,
001f2021,
00212121,
00212222,
00212322,
00222323,
00222323,
00222423,
00232424,
00232424,
00232424,
00232424,
00222323,
00212322,
001f2222,
00150e0f,
00231d1d,
00160707,
001b0807,
001a0907,
00180808,
000b0302,
00202020,
00282423,
00262526,
00222222,
00232424,
00232424,
00232524,
00242525,
00242525,
00242525,
00242525,
00252626,
00252626,
00252626,
00252626,
00252626,
00252626,
00252626,
00252626,
00252626,
00252626,
00242625,
00232424,
00232524,
00252626,
00252626,
00252626,
00242626,
00242525,
00242525,
00242525,
00232525,
00232524,
00242424,
00222423,
00222323,
00212222,
00202020,
001d1b1d,
00131218,
001b1515,
00201713,
00211811,
00211711,
00211710,
00211710,
0020170f,
0020170e,
0020170f,
0022170f,
0021160f,
0021160f,
00221710,
0021170f,
0021170f,
00211810,
00221910,
00221810,
00221810,
00221810,
00221911,
00221911,
00201811,
00201914,
001d1e21,
001e1f20,
001e1f20,
001e1f20,
001d1e1f,
001c1d1d,
00191919,
00060f0c,
0005100b,
0006100e,
00232625,
0023201c,
0024211c,
0021231c,
001e1d15,
00151209,
00221c15,
0027201a,
000d0b15,
00090913,
00080c09,
00070d09,
00070d09,
00060806,
00070708,
00060b0a,
00090b0a,
0008070b,
00090819,
00060913,
001f201f,
00202323,
00212221,
00232423,
00242625,
00212324,
00222423,
00222323,
00202222,
00212323,
00222323,
00222323,
00222423,
00232424,
00222424,
00232424,
00232424,
00242525,
00232424,
00242525,
00232424,
00232524,
00232524,
00232524,
00242525,
00242525,
00242525,
00242525,
00242525,
00242625,
00252626,
00252626,
00262626,
00262727,
00262727,
00262727,
00272826,
00272827,
00272827,
00282928,
00282928,
00282928,
00282928,
00282928,
00282928,
00292a28,
00292a29,
00292a28,
00292a28,
00292928,
00292a28,
00292a28,
002a2b29,
00242524,
00242524,
00242423,
00232423,
00232322,
00232322,
00222322,
00232322,
00232322,
00232322,
00222322,
00222221,
00222222,
00212323,
00232221,
001b1110,
00180b0b,
00160708,
00222122,
00202121,
00202121,
00242625,
00202221,
00171213,
00141a19,
00050506,
000b0506,
00222222,
00212222,
00212222,
00212222,
00212222,
00212222,
00212221,
00222323,
00232423,
00232424,
00222323,
00212323,
00090f10,
000c1825,
00071026,
00090f29,
00090f26,
00111824,
00131e21,
001b2326,
00030405,
000a090b,
00060608,
00090608,
001e1d1d,
00212221,
00212322,
00222323,
00222323,
00222323,
00232424,
00222423,
00232424,
00222323,
00232323,
00222423,
00222323,
00232424,
00222424,
00222424,
00222423,
00222323,
00222423,
00222323,
00222323,
00212323,
00212222,
00212222,
001f2121,
000a0b17,
000a0818,
000a0819,
000a081a,
000b081a,
000a081a,
000a081a,
000a081b,
000a0818,
000a0816,
0009070f,
001f1f1f,
00202021,
00222222,
00222323,
00222323,
00222323,
00222423,
00232424,
00232424,
00232424,
00232424,
00232424,
00232424,
00222323,
00222323,
00191819,
001b0f10,
002b2827,
00262323,
00252121,
002a2a29,
001e1f1e,
00221f1f,
0016090a,
00222222,
00222323,
00232424,
00232524,
00242525,
00242525,
00242625,
00242525,
00242525,
00252626,
00252626,
00252626,
00252626,
00252626,
00252626,
00252626,
00252626,
00252626,
00252726,
00252626,
00242525,
00232424,
00242525,
00252626,
00252626,
00252626,
00252525,
00252525,
00242525,
00242525,
00242525,
00242525,
00232424,
00222423,
00212322,
00212121,
00201f20,
000d0d15,
000e0e21,
000f0e21,
000f0d23,
000e0b21,
000e0c20,
000d0b1f,
000e0b1f,
000f0b1f,
000e0a1e,
000e0a1d,
000f0a1d,
000e0a1d,
000f0b1e,
00100a1d,
000f0a1d,
000f0a1d,
000f091d,
000f0a1d,
000f0a1d,
000e0a1d,
000e0a1e,
000e0b20,
000d0b21,
000e0d1c,
001d1f20,
001f2022,
00202021,
001e2020,
001d1f20,
001d1e1f,
001b1d1d,
00090f0e,
0006100c,
0005100e,
00232626,
00252524,
00131a13,
000d1810,
0018150a,
00211508,
001d1306,
001f1207,
00130e0c,
000a0a15,
00070708,
00060c09,
00070d09,
00050806,
00070908,
00070c08,
00070908,
00080609,
000a0911,
0026282a,
001d1f1e,
00202221,
00232323,
001f2020,
00232525,
00232424,
00222424,
00222323,
00202222,
00212323,
00222323,
00222323,
00232424,
00232424,
00222424,
00232424,
00242525,
00232424,
00242525,
00242525,
00232524,
00232524,
00232524,
00242525,
00242525,
00242525,
00242525,
00242525,
00242525,
00242625,
00252626,
00252626,
00262626,
00262727,
00272727,
00272727,
00272827,
00282927,
00272827,
00282928,
00292928,
00292928,
00292928,
00292928,
00292a28,
00292a28,
00292a29,
00292a28,
00292a28,
00282a28,
00292a28,
00292b28,
00292b29,
00252524,
00242524,
00232423,
00232423,
00232322,
00232322,
00232322,
00222322,
00222322,
00222322,
00222322,
00222222,
00222222,
00212221,
000f0706,
00190a09,
00190a0a,
001a0b0a,
00241e1f,
00212120,
00202121,
00202121,
00222221,
00222120,
001d2020,
00060607,
00070405,
00262223,
00212222,
00212222,
00212222,
00212222,
00212222,
00212322,
00232423,
00232423,
00232423,
00222423,
00222323,
00182026,
00061028,
00071028,
00081027,
00081127,
000c1727,
0010151b,
00030506,
00080809,
00060607,
00070608,
000f0c0d,
00212221,
00222322,
00222323,
00222323,
00222323,
00222323,
00232424,
00232424,
00232424,
00222424,
00222423,
00232424,
00232424,
00232424,
00232424,
00232424,
00222423,
00222423,
00232424,
00222323,
00222323,
00222323,
00212322,
00212222,
001f2120,
000b0d16,
000b0918,
00090818,
00090819,
000b081a,
000a081a,
000a081a,
000b081a,
000a0818,
00090716,
001b1a1e,
001f201f,
00202021,
00212222,
00212322,
00222323,
00222423,
00232424,
00232424,
00232424,
00232424,
00232424,
00232424,
00232424,
00222423,
00222423,
001a1c1c,
001e1b1b,
00242120,
001a1919,
00141313,
001f1f1e,
00211c1b,
00160707,
000f090a,
00222222,
00232323,
00232424,
00232524,
00242525,
00242525,
00242525,
00242525,
00242625,
00252626,
00252626,
00252626,
00252626,
00252626,
00252626,
00252626,
00252626,
00252626,
00252626,
00252626,
00252626,
00232525,
00232525,
00242625,
00252626,
00252626,
00242625,
00242525,
00242525,
00242525,
00242525,
00242525,
00232424,
00232424,
00222323,
00222222,
00202020,
000f101a,
000b0e1f,
001b202b,
00181c28,
00060a1a,
00090d21,
000a0d21,
000a0d21,
000a0d21,
000a0d21,
000a0d22,
000a0d21,
000a0d21,
000b0d21,
000a0d20,
000a0d21,
000b0d22,
000a0d21,
000b0d21,
000b0d22,
00090d21,
000a0d22,
000b0d22,
000b0e22,
00101320,
001e2021,
001f2121,
00202122,
00202121,
001e2021,
001d1f20,
001c1e1e,
00090b0c,
0006110c,
000e1818,
00222627,
00232725,
000a1911,
000a180e,
00201508,
00241509,
00231608,
00221508,
001e130c,
000a0a16,
0008070a,
00080a09,
00060c09,
00050a07,
00080c0a,
00070c0b,
00070607,
0007060b,
000f0b0b,
00202122,
00212323,
00212322,
00222323,
00222423,
00222323,
00232424,
00222424,
00232323,
00222323,
00212222,
00212323,
00212323,
00232424,
00232424,
00232424,
00232424,
00242525,
00232524,
00242525,
00232524,
00232524,
00242525,
00232424,
00242525,
00242525,
00242525,
00242525,
00242525,
00242525,
00242625,
00252626,
00252626,
00252726,
00252726,
00262727,
00272727,
00272827,
00272827,
00272827,
00282927,
00282928,
00282928,
00292928,
00292928,
00292a28,
00282928,
00282a28,
00292a29,
00282a28,
00282a28,
002a2a28,
002a2b28,
002a2b29,
00242524,
00242524,
00232523,
00232423,
00232423,
00232322,
00232322,
00232322,
00232322,
00222322,
00222322,
00232323,
00212221,
00150e0d,
00190a09,
00180a09,
00190b0a,
00190a0a,
00150a0b,
00202222,
00202121,
001f2121,
00232121,
00212220,
00212220,
00000201,
00040404,
001c1516,
00202221,
00202221,
00212222,
00212222,
00212222,
00222423,
00222423,
00232423,
00232423,
00222424,
00212324,
000a1525,
00081128,
00081228,
00081327,
000a172a,
000a1628,
000c1320,
00080809,
00060508,
00080508,
00060406,
00222121,
00212222,
00222323,
00222323,
00222323,
00222323,
00222423,
00232424,
00232423,
00232423,
00232424,
00232424,
00232424,
00232424,
00232424,
00232424,
00232424,
00222424,
00232424,
00232424,
00222423,
00222323,
00222323,
00222323,
00212222,
00202221,
000a0c14,
000a0917,
000a0818,
00090819,
000b0819,
000a0719,
000b081a,
000b0a1b,
000a0717,
00080610,
001c1d1c,
001f2021,
00202121,
00212222,
00212222,
00222323,
00222323,
00222323,
00222423,
00222323,
00232424,
00232424,
00232424,
00232524,
00232424,
00232424,
00202121,
001c1c1b,
001a0b0c,
00110100,
00170807,
001d100f,
001c1010,
000a0101,
00222322,
00222323,
00232424,
00232524,
00242524,
00242525,
00252525,
00242525,
00242525,
00242625,
00242625,
00252626,
00252626,
00252626,
00242625,
00252626,
00252626,
00252626,
00252626,
00252626,
00252626,
00252626,
00252626,
00242525,
00242525,
00252626,
00252626,
00252626,
00242525,
00242525,
00242525,
00242525,
00242525,
00242525,
00232424,
00232424,
00222323,
00202121,
000e0f1a,
000b0f20,
001a1d2c,
00121521,
0007091e,
00090d1d,
00080c1c,
00090d1f,
00090c21,
00070a1d,
00080c21,
00090c20,
000a0c20,
00090c20,
000a0d20,
000a0d20,
000a0d21,
00090c20,
000a0c21,
00090c21,
000a0d22,
00090c21,
00090d22,
000a0d23,
001a1e23,
001e2021,
001f2122,
001f2122,
001f2121,
001f2121,
001e2020,
001c1f1f,
001a1b1c,
0008110d,
001a2323,
00222321,
00131a15,
000b1a12,
0017170e,
001f150a,
0021160a,
0023180d,
0023190e,
001d140c,
0018161b,
00171619,
00120f10,
00070707,
00191c18,
00080b0a,
00050507,
00070608,
00050509,
001d1e1b,
001b1e1f,
001f2121,
00212423,
00232626,
00262929,
00232424,
00242424,
00232424,
00232424,
00232424,
00212323,
00212323,
00222423,
00222424,
00232424,
00232424,
00232525,
00232525,
00232524,
00242424,
00232524,
00242525,
00242525,
00232424,
00232524,
00242525,
00242525,
00242525,
00242525,
00242525,
00242525,
00252626,
00252626,
00252626,
00252727,
00262727,
00262726,
00262827,
00282828,
00272827,
00272827,
00282827,
00282928,
00292928,
00292928,
00292928,
00292928,
00282a29,
00282928,
00292a28,
00282928,
00292a28,
00292a28,
00292b28,
00232524,
00232524,
00232423,
00232423,
00232423,
00232322,
00232322,
00222322,
00222322,
00222322,
00222322,
00222323,
00201c1b,
00180a0a,
00180a09,
00180a0a,
00190b0a,
00180a0a,
00130707,
00202122,
001f2120,
001e2020,
00171616,
001f201f,
00222221,
000b100f,
00050504,
000b0506,
00212221,
00202221,
00212222,
00212222,
00212222,
00222423,
00222423,
00232424,
00242424,
00232424,
001c2324,
00071028,
00061129,
00071227,
00081528,
000a172a,
000a1529,
000c1526,
00080607,
00080608,
000c0b0c,
00201f20,
00212222,
00212322,
00222323,
00222323,
00222323,
00222422,
00222423,
00232424,
00232423,
00232423,
00232424,
00232424,
00232424,
00232424,
00232424,
00232524,
00232424,
00232424,
00232424,
00232424,
00232424,
00222424,
00222323,
00222323,
00222323,
00212222,
001b1e22,
000a0916,
000f0d1b,
00090817,
000d0c1a,
0011101c,
000f0d19,
000e0f1b,
00060411,
001b1c1c,
001e1f1f,
00212222,
00212222,
00212322,
00222323,
00222323,
00222323,
00222423,
00222423,
00232424,
00232424,
00232424,
00232424,
00222423,
00232424,
00232424,
00212322,
001f2020,
000c0505,
00130606,
00150908,
000a0000,
00181515,
00222323,
00232323,
00232424,
00232424,
00232524,
00232524,
00242525,
00252525,
00252524,
00252525,
00252626,
00252626,
00252626,
00252626,
00252626,
00252626,
00252626,
00252626,
00252626,
00252626,
00252626,
00252626,
00252626,
00252626,
00252626,
00242525,
00242525,
00242625,
00252626,
00242625,
00242625,
00252626,
00242625,
00242525,
00242525,
00242525,
00232424,
00222423,
00212222,
000f111a,
000b0e21,
00161a2b,
001b1e2a,
000a0e1e,
00171b2a,
00141726,
00101324,
00161927,
00121423,
000a0c21,
00090c21,
000a0c20,
000a0d20,
000b0f22,
000b0f22,
000c1122,
000d1122,
000e1224,
000d1124,
000a0e1f,
000f1424,
000b0f21,
000a0d22,
001d1f21,
001f2122,
00202123,
00212223,
00212222,
00212222,
00202121,
001e2020,
001c1d1e,
00080c0c,
00202626,
0024231f,
00151b13,
00171b12,
00211a12,
00221710,
001e130b,
001f140d,
0022180e,
00241a19,
000f0b19,
000b0911,
000b080e,
00070509,
00040203,
00080709,
0005050a,
0002030a,
00202425,
001f2322,
001b1e1e,
001b1d1e,
00181a19,
001f2121,
00232425,
00232524,
00232424,
00232524,
00242424,
00232424,
00222423,
00212323,
00212323,
00222424,
00232424,
00222424,
00232524,
00222524,
00232524,
00232424,
00232524,
00232524,
00232424,
00232424,
00232524,
00242525,
00242525,
00242525,
00242525,
00242525,
00242525,
00252626,
00252626,
00252626,
00252726,
00262727,
00262727,
00272827,
00272828,
00272827,
00272827,
00272827,
00282927,
00292928,
00292928,
00292928,
00282928,
00282a28,
00282a29,
00292928,
00282928,
00282a28,
00292b28,
00282a28,
00252524,
00242524,
00232423,
00242423,
00232423,
00232322,
00232322,
00232322,
00222322,
00222322,
00222323,
00232422,
00170909,
00180909,
00180909,
00180a0a,
001a0b0a,
00180a0a,
00120507,
001f2020,
00202020,
001e2020,
001a1b1c,
00212120,
00222221,
001c2120,
00050404,
000a0607,
00222222,
00212222,
00202221,
00202221,
00222323,
00232423,
00232424,
00232424,
00232423,
00232424,
00172126,
00061127,
00091429,
00091528,
0009172b,
0009162a,
000a152a,
000a1327,
00050609,
001f201f,
00202121,
00212222,
00222323,
00222323,
00222323,
00222323,
00222323,
00222323,
00222323,
00232424,
00232424,
00232424,
00232424,
00232424,
00232424,
00242424,
00232424,
00232424,
00222424,
00222424,
00232424,
00232424,
00232424,
00232424,
00232424,
00232424,
00222323,
00222323,
001e2221,
0005070f,
000e0c19,
000e0e1a,
000f0e19,
0011111b,
00070513,
0006050e,
0018181a,
001f2020,
00212222,
00212222,
00222324,
00222324,
00212322,
00222323,
00232424,
00232424,
00232424,
00232424,
00232424,
00232424,
00232524,
00232424,
00232424,
00232524,
00222423,
00212323,
00232424,
00212322,
001f2120,
00202221,
00252625,
00232323,
00222423,
00242423,
00232423,
00242525,
00232524,
00242524,
00242424,
00242523,
00232524,
00242525,
00242625,
00242525,
00252626,
00252626,
00252626,
00252626,
00252726,
00252626,
00252626,
00252626,
00262727,
00252726,
00252626,
00252626,
00252626,
00242424,
00252625,
00252626,
00252626,
00242625,
00242525,
00242625,
00242625,
00242525,
00242525,
00242525,
00232424,
00222324,
00191c20,
000a0e20,
000a0d20,
000b0e21,
000b0f21,
000b0e21,
000b0e21,
000b0e23,
000a0d21,
000b0e22,
000b0d1f,
000b0d1f,
000b0d1f,
000b0e20,
000b0e1f,
000c0e1f,
000c0d20,
000b0d20,
000a0d20,
000a0d20,
000a0d20,
000a0d20,
000a0c21,
00070b19,
001f2122,
00212223,
00222224,
00212323,
00222323,
00212222,
00212222,
00202221,
001f2121,
00121416,
00232727,
001a1e1a,
00091810,
001a160a,
00201408,
00201408,
001d1408,
001d1208,
001e110e,
0007050c,
00090c12,
000d0e14,
0016171a,
00181b1c,
001f2122,
001f2122,
001f2121,
00212323,
00222323,
00222423,
00232424,
00232424,
00232525,
00242625,
00242626,
00242626,
00232525,
00242525,
00242525,
00242525,
00232525,
00222323,
00212323,
00212423,
00222424,
00232424,
00222424,
00232424,
00232524,
00232524,
00232524,
00242525,
00232424,
00232424,
00232525,
00232525,
00242525,
00242525,
00242525,
00242525,
00242525,
00242625,
00242526,
00252626,
00252726,
00262727,
00262727,
00262827,
00272828,
00272827,
00272927,
00272827,
00292928,
00292928,
00282928,
00282928,
00282928,
00282928,
00282928,
00292928,
00282a29,
00292a28,
00292a28,
00292a28,
00252524,
00242524,
00232423,
00242423,
00232423,
00232322,
00232322,
00222322,
00222222,
00222222,
00232322,
000e0807,
00190909,
00180909,
00180909,
00180a09,
00190a0a,
00150908,
000e0506,
00211b1b,
001e2020,
001d2020,
001f1f20,
00222221,
00212221,
001d2120,
00040404,
00070304,
00252221,
00202222,
00212222,
00212222,
00222422,
00232423,
00232424,
00232424,
00232423,
00212323,
00142025,
000c192b,
000d1b2c,
000e1b2b,
000e1a2c,
0009162a,
00091429,
000b1427,
00202022,
00212222,
00212222,
00222323,
00222323,
00212222,
00212222,
00212222,
00212222,
00222323,
00222323,
00222323,
00232424,
00232424,
00232424,
00232424,
00232424,
00242424,
00232424,
00232424,
00242424,
00232424,
00232424,
00232424,
00232424,
00232424,
00232424,
00232424,
00232424,
00222323,
00222423,
001e2121,
000a0b11,
0003030c,
0005040e,
0003010c,
0019191f,
00191a1a,
00202120,
00222323,
00222323,
00222323,
00222324,
00222324,
00222323,
00232424,
00232424,
00232524,
00232524,
00232524,
00232424,
00242525,
00232524,
00242525,
00232424,
00232424,
00232424,
00222423,
00232323,
00222323,
00222322,
00232424,
00242424,
00242424,
00252424,
00242424,
00242524,
00242525,
00242525,
00252525,
00252525,
00242524,
00242525,
00242525,
00242625,
00242625,
00242625,
00252626,
00252626,
00252626,
00252626,
00252626,
00252626,
00252626,
00252726,
00252626,
00252626,
00252626,
00252626,
00252626,
00252626,
00252626,
00252626,
00252626,
00252626,
00252626,
00242625,
00252625,
00242525,
00242525,
00242525,
00232424,
00222524,
00202324,
001e2222,
00202425,
001e2222,
001e2224,
001f2223,
00202324,
001f2323,
00202425,
00212425,
00202324,
00202324,
00212325,
00212424,
00222425,
00202324,
001e2223,
001e2222,
00202424,
001e2223,
001f2223,
001f2224,
001f2223,
00222323,
00222324,
00212223,
00212323,
00222323,
00212322,
00212322,
00202222,
00202222,
00202223,
001a1d1d,
001b1e1e,
00171e1b,
001f1f1b,
0023201f,
0023201f,
00232220,
00232221,
001f2121,
00212123,
00202222,
00202122,
00202221,
00202121,
00202122,
00202122,
00202121,
00202222,
00222323,
00232424,
00232524,
00242525,
00242525,
00232625,
00232626,
00242626,
00242626,
00242625,
00242525,
00242525,
00242525,
00242525,
00212323,
00212323,
00222424,
00232424,
00222524,
00232424,
00232424,
00232424,
00242525,
00232524,
00232424,
00222424,
00242525,
00242424,
00242525,
00242525,
00242525,
00242525,
00242525,
00252626,
00242526,
00252626,
00252726,
00262727,
00262727,
00262827,
00272828,
00272828,
00272828,
00272827,
00292928,
00292928,
00282928,
00282928,
00282928,
00282928,
00282928,
00282928,
00282a29,
00292a28,
00292a28,
00292a28,
00252524,
00252524,
00242523,
00232422,
00232423,
00232322,
00232322,
00222222,
00222222,
00222222,
00262524,
00170908,
00180908,
00190a09,
00190a09,
00190a09,
00190909,
00100605,
000e0406,
00100809,
001c1f1f,
001c1f1f,
001c1e1f,
00201d1f,
00222221,
001e2120,
00000302,
00060404,
00080202,
00212222,
00202120,
00222222,
00222423,
00232424,
00232424,
00232423,
00222423,
00212323,
00131f25,
000e1c2b,
000c1a2b,
000d182b,
000c182b,
000a162a,
00091428,
000a1327,
00222025,
00222323,
00222323,
00222323,
00212322,
00212222,
00202221,
00212222,
00222323,
00222323,
00222323,
00222323,
00232424,
00232424,
00232424,
00232524,
00232424,
00232424,
00232424,
00232424,
00232424,
00232424,
00232424,
00232424,
00232424,
00232424,
00232424,
00232424,
00232424,
00222323,
00222323,
00222323,
001f2322,
001b1f1e,
00101212,
00161717,
00212222,
00222323,
00222324,
00222423,
00232424,
00222423,
00232424,
00232424,
00232424,
00232424,
00232424,
00242525,
00242525,
00242525,
00242525,
00242525,
00242525,
00242525,
00242525,
00232524,
00232424,
00232424,
00242424,
00242424,
00242324,
00232424,
00242424,
00242424,
00242524,
00242525,
00242525,
00242525,
00242525,
00242625,
00242525,
00242525,
00242526,
00242626,
00252626,
00242625,
00252626,
00252626,
00252626,
00252626,
00252726,
00252626,
00252726,
00262727,
00262727,
00252626,
00252626,
00252726,
00262626,
00262626,
00252626,
00252626,
00252626,
00252626,
00252626,
00252626,
00252626,
00242625,
00242525,
00242525,
00242525,
00232524,
00232424,
00232325,
00222323,
00212224,
00212224,
00212324,
00212324,
00212324,
00212224,
00222225,
00212224,
00212224,
00212224,
00212224,
00212224,
00212224,
00212224,
00212224,
00212224,
00212224,
00212224,
00212324,
00212325,
00222324,
00222325,
00212324,
00212324,
00222323,
00232323,
00222323,
00222323,
00212323,
00212323,
00202423,
00222424,
00212323,
00222322,
00232322,
00232322,
00232321,
00222321,
00222321,
00232322,
00222322,
00222323,
00222222,
00212222,
00212222,
00212222,
00212222,
00212222,
00212222,
00212323,
00222423,
00232424,
00242525,
00242525,
00242525,
00252626,
00252626,
00252626,
00252626,
00242625,
00242625,
00242625,
00242525,
00212323,
00212323,
00222424,
00232424,
00222524,
00232524,
00232424,
00232424,
00232424,
00242424,
00232424,
00232424,
00232524,
00242525,
00242525,
00242525,
00242525,
00242525,
00242525,
00252626,
00252626,
00252626,
00262726,
00262727,
00262727,
00272828,
00272828,
00282927,
00272828,
00282927,
00292928,
00292928,
00292928,
00282928,
00282928,
00292928,
00292928,
00282928,
00282a28,
00292b28,
00282a28,
00282a28,
00242524,
00242524,
00232423,
00222422,
00232423,
00232322,
00222322,
00222222,
00222222,
00212222,
000e0604,
00180908,
00190a09,
00190a0a,
00190a09,
00190a0a,
00180a09,
000f0505,
000d0506,
00100608,
001c1f1f,
001d2020,
001e1f20,
000a090a,
001f2120,
00161e1e,
00020606,
00050404,
000a0606,
000e0909,
00232122,
00212322,
00222423,
00222423,
00232423,
00232424,
00232424,
00202323,
00151f24,
000e1a2b,
000d192c,
000b182b,
000c172c,
000a162a,
00091428,
00091326,
00252326,
00222323,
00222323,
00212322,
00212222,
00212222,
00212222,
00212222,
00222323,
00222323,
00222323,
00222423,
00232424,
00232424,
00232424,
00232524,
00232424,
00232524,
00242525,
00232524,
00232424,
00232424,
00232424,
00232424,
00232424,
00222423,
00232424,
00222423,
00232424,
00222323,
00222323,
00222323,
00222323,
00212322,
00212322,
00232424,
00232424,
00222323,
00222423,
00222423,
00232424,
00222423,
00232424,
00232424,
00232424,
00232424,
00232424,
00242525,
00242525,
00242525,
00242525,
00242525,
00242625,
00242525,
00242525,
00242525,
00242525,
00242424,
00242424,
00242424,
00232424,
00242424,
00242525,
00242525,
00252525,
00252525,
00252525,
00242525,
00242625,
00252626,
00252626,
00252626,
00252626,
00252626,
00252626,
00252626,
00252726,
00252626,
00252626,
00252626,
00252626,
00262727,
00262727,
00252726,
00262727,
00262727,
00252726,
00252726,
00252727,
00252727,
00252626,
00252626,
00252626,
00252726,
00252626,
00252726,
00252626,
00252626,
00252626,
00252626,
00252626,
00242525,
00242525,
00232425,
00232424,
00222425,
00222424,
00222424,
00222424,
00222324,
00232325,
00222324,
00222325,
00212224,
00212325,
00222325,
00222325,
00222224,
00212324,
00212324,
00212324,
00212324,
00212324,
00212324,
00222324,
00222324,
00232425,
00232424,
00232424,
00232424,
00232424,
00232424,
00222424,
00222424,
00222424,
00232424,
00232524,
00232524,
00232523,
00232423,
00232423,
00232422,
00242422,
00232322,
00232322,
00232323,
00232323,
00222323,
00222323,
00222323,
00222323,
00222323,
00222323,
00222323,
00222323,
00222423,
00232424,
00232424,
00232524,
00242625,
00242625,
00252626,
00252626,
00252626,
00242625,
00242625,
00252626,
00232525,
00222424,
00222323,
00222424,
00232424,
00232424,
00232524,
00232424,
00232424,
00232424,
00242424,
00232424,
00232424,
00232524,
00242525,
00232524,
00242525,
00242525,
00242525,
00242525,
00252626,
00252626,
00252626,
00262727,
00262727,
00262727,
00272828,
00272827,
00272827,
00282828,
00282827,
00292928,
00282928,
00282927,
00282928,
00292928,
00292928,
00292928,
00292927,
00292a28,
00292b28,
00282a28,
00292b28,
00242524,
00242524,
00232524,
00222422,
00222422,
00222322,
00222222,
00222222,
00222222,
00202321,
001a0908,
00190a09,
00190a0a,
00190a0a,
00190a0a,
00190a09,
00160808,
000d0505,
000c0405,
000d0506,
001d1d1d,
001e1f1f,
001e1f1f,
00212424,
00151c1c,
00081315,
00030506,
00050405,
00060505,
000a0607,
000c0404,
00212323,
00232323,
00222424,
00222423,
00222323,
00232323,
00222323,
001a2224,
000e1a2a,
000b172c,
000a172b,
0009152a,
0009152a,
00091428,
000e1326,
00212222,
00222323,
00212222,
00212222,
00202221,
00212222,
00212222,
00212322,
00222323,
00222323,
00222423,
00232424,
00232424,
00232424,
00232424,
00232424,
00232524,
00242525,
00242525,
00232524,
00232424,
00232424,
00232424,
00232424,
00232424,
00232424,
00232424,
00232424,
00222323,
00222323,
00212323,
00212322,
00212322,
00222323,
00222323,
00222323,
00222323,
00222323,
00222423,
00232424,
00232424,
00232424,
00232424,
00232424,
00232424,
00232524,
00242525,
00242525,
00242525,
00242525,
00242525,
00242625,
00242625,
00242525,
00242525,
00242525,
00252525,
00252525,
00242525,
00242525,
00242525,
00242625,
00252526,
00242524,
00252525,
00252525,
00252525,
00242525,
00252626,
00252626,
00252626,
00252626,
00252626,
00252626,
00252626,
00252626,
00252626,
00252626,
00252626,
00252626,
00252626,
00262727,
00262727,
00262727,
00262727,
00262727,
00252726,
00252726,
00262727,
00262727,
00262727,
00262727,
00252626,
00252626,
00252626,
00252626,
00252626,
00252626,
00252726,
00252626,
00252626,
00252626,
00242625,
00242525,
00232524,
00232425,
00232425,
00232425,
00232424,
00232424,
00232425,
00232424,
00232324,
00232324,
00232324,
00232324,
00222325,
00222325,
00232324,
00232324,
00232324,
00232324,
00232324,
00232324,
00232424,
00232424,
00232424,
00232524,
00232424,
00232424,
00232424,
00232424,
00222424,
00222424,
00232524,
00232525,
00242525,
00232525,
00232524,
00242524,
00242523,
00242423,
00242423,
00242423,
00232423,
00242424,
00232424,
00222323,
00222423,
00222323,
00222323,
00222323,
00222323,
00222323,
00222323,
00222423,
00232424,
00232424,
00232525,
00232525,
00242525,
00252626,
00252626,
00242626,
00242626,
00252626,
00252626,
00252626,
00252525,
00222323,
00222424,
00222524,
00222424,
00232424,
00232424,
00222524,
00232424,
00232424,
00232424,
00222424,
00232424,
00242525,
00242525,
00242525,
00242525,
00242525,
00242525,
00252626,
00252626,
00252626,
00262727,
00262727,
00262827,
00272828,
00262826,
00272827,
00272827,
00282928,
00292928,
00272928,
00272928,
00282928,
00282928,
00292928,
00292928,
00282a27,
00292a28,
00292b28,
00282a28,
00292b28,
00252524,
00242524,
00232524,
00222422,
00222422,
00222323,
00222222,
00222222,
00222222,
001c1615,
001b0a0a,
001a0a0a,
001a0a0a,
00190a0a,
00190a0a,
00180a0a,
00100504,
000e0404,
000b0505,
000c0506,
00171618,
001d1f1e,
001e1f1f,
00181e1e,
00071213,
00090e10,
00050405,
00040404,
00050505,
00070505,
00080606,
000a0203,
00222323,
00222323,
00222323,
00222423,
00232323,
00222323,
001d2324,
000c1a2a,
0009162a,
0009162a,
00091429,
00091428,
00091328,
00151623,
00212322,
00212221,
00202121,
001f2120,
00212222,
00212222,
00212222,
00222323,
00222323,
00222323,
00232424,
00232424,
00232424,
00232424,
00232424,
00232424,
00232525,
00242525,
00232524,
00232424,
00232424,
00232424,
00232424,
00232424,
00232424,
00232524,
00232424,
00232424,
00232424,
00232424,
00212323,
00222323,
00222323,
00222323,
00222323,
00222323,
00222323,
00222323,
00222423,
00222423,
00232424,
00222423,
00222423,
00232424,
00232524,
00232524,
00242525,
00242525,
00242525,
00242525,
00242525,
00242625,
00242625,
00242525,
00242525,
00242525,
00242525,
00242525,
00252525,
00252525,
00262626,
00262626,
00262625,
00242524,
00252525,
00242525,
00252626,
00252626,
00252626,
00252626,
00252626,
00252626,
00252626,
00252626,
00252626,
00252626,
00252626,
00252626,
00252626,
00252626,
00252726,
00262727,
00262727,
00262727,
00262727,
00262727,
00262727,
00262727,
00262727,
00262727,
00262726,
00262727,
00252626,
00252626,
00252626,
00252626,
00252626,
00252626,
00252626,
00252726,
00252626,
00252626,
00252626,
00242525,
00242525,
00242525,
00232424,
00232424,
00232424,
00232424,
00232424,
00232424,
00232424,
00232424,
00232424,
00232424,
00232424,
00232424,
00232424,
00232424,
00232424,
00232424,
00232424,
00232424,
00232424,
00232424,
00232424,
00232424,
00232524,
00232525,
00232524,
00242424,
00242424,
00232525,
00232525,
00242525,
00242625,
00242526,
00242525,
00242525,
00242525,
00242524,
00232523,
00232423,
00242424,
00242424,
00232424,
00232424,
00222423,
00222323,
00222323,
00222423,
00222423,
00222423,
00222323,
00232424,
00222424,
00232424,
00232525,
00232525,
00232525,
00242625,
00252626,
00242626,
00242626,
00252626,
00252626,
00242626,
00242625,
00232524,
00222424,
00222524,
00222424,
00232424,
00232424,
00232424,
00232424,
00232424,
00232424,
00232424,
00232424,
00232524,
00232524,
00232524,
00242525,
00242525,
00242525,
00252626,
00252626,
00252626,
00262727,
00262727,
00262827,
00272828,
00262827,
00262827,
00272827,
00292928,
00282827,
00272928,
00272928,
00292928,
00292928,
00292928,
00292928,
00292a28,
002a2b28,
00292b28,
00292b28,
00292b28,
00252524,
00242524,
00242525,
00232423,
00232422,
00222323,
00222222,
00222222,
00232323,
00130706,
00190a09,
00190a0a,
001a0a0a,
001a0b0a,
00190a09,
00160908,
000f0405,
000d0404,
000c0504,
000b0506,
00131214,
001c1f1e,
001e1f1f,
00191f1f,
0003090a,
00030303,
00040303,
00050404,
00050405,
00060505,
00070506,
00080707,
00100a0b,
00222323,
00232423,
00222423,
00232323,
00222323,
00202323,
000e1b2a,
00091529,
00081429,
00081328,
00091429,
000b1425,
001c1b21,
00212321,
001f2122,
001f2121,
00202221,
00212222,
00222323,
00222323,
00222323,
00222323,
00222323,
00232424,
00232424,
00232424,
00232424,
00232424,
00232424,
00232424,
00232424,
00232424,
00232424,
00232424,
00232524,
00232424,
00232424,
00232424,
00232424,
00222424,
00232424,
00232424,
00232424,
00222423,
00222323,
00222323,
00222323,
00222323,
00222323,
00222323,
00232424,
00232424,
00232424,
00232424,
00232424,
00232424,
00232424,
00232524,
00232424,
00242525,
00242525,
00232524,
00242525,
00242525,
00242525,
00242525,
00242525,
00242525,
00242525,
00242625,
00242525,
00252525,
00252525,
00252525,
00252525,
00252624,
00242525,
00252525,
00242625,
00252626,
00252626,
00252626,
00252626,
00252626,
00252626,
00252626,
00252626,
00252626,
00252626,
00252626,
00252726,
00252626,
00262727,
00262727,
00262727,
00262727,
00262727,
00252726,
00252726,
00262727,
00262727,
00262727,
00262727,
00252726,
00252726,
00252626,
00252626,
00252626,
00252626,
00252626,
00252626,
00252626,
00252626,
00252626,
00252625,
00252625,
00242525,
00242525,
00242525,
00232524,
00232524,
00232524,
00232424,
00232424,
00232424,
00232424,
00232424,
00232424,
00232424,
00232424,
00232424,
00232424,
00232424,
00232424,
00232424,
00232424,
00232524,
00232524,
00232424,
00242525,
00242525,
00242525,
00242525,
00242525,
00242525,
00232524,
00232524,
00232525,
00242525,
00252626,
00252626,
00242525,
00242525,
00242525,
00252525,
00242525,
00232425,
00242424,
00242424,
00232424,
00232424,
00222423,
00222323,
00222423,
00222323,
00222323,
00222323,
00222423,
00222423,
00232424,
00232424,
00242525,
00232525,
00232525,
00242525,
00242626,
00252626,
00252626,
00252626,
00252626,
00252626,
00242625,
00232525,
00212323,
00222524,
00222424,
00232424,
00232424,
00232424,
00232424,
00232424,
00232424,
00232424,
00232424,
00232424,
00232424,
00242525,
00242525,
00242525,
00242525,
00252626,
00252626,
00252626,
00252726,
00262727,
00262727,
00272828,
00272828,
00272827,
00272827,
00272827,
00272927,
00282928,
00282928,
00272928,
00272928,
00282928,
00292928,
00292a29,
00292b29,
00292b28,
00292b28,
00292b29,
00252523,
00252524,
00242525,
00242423,
00242423,
00222323,
00222222,
00212222,
00222220,
00190a09,
00180a09,
00190a09,
00190a0a,
00190a09,
00190909,
00100504,
000d0404,
000c0405,
000c0404,
000a0508,
000f0f12,
001d1e1f,
001e1f1f,
001c1f1f,
00050908,
00030203,
00050303,
00060506,
00040404,
00060405,
00060505,
00050505,
00090506,
00252323,
00232423,
00222423,
00232323,
00222323,
00212324,
000c1825,
000a1429,
00081328,
00091328,
000a1328,
000e1320,
001a1a20,
00202222,
00202223,
00222426,
00232227,
00222322,
00222323,
00222323,
00222323,
00222323,
00222423,
00232424,
00232424,
00232424,
00232424,
00232424,
00232424,
00232424,
00232424,
00232424,
00232424,
00232424,
00232424,
00232424,
00232424,
00232424,
00232424,
00222424,
00232424,
00232424,
00232424,
00222423,
00222323,
00232323,
00222323,
00222323,
00232424,
00232424,
00232424,
00232424,
00232424,
00232424,
00232424,
00232424,
00242525,
00232524,
00242525,
00242525,
00242525,
00242625,
00242525,
00252626,
00242625,
00252626,
00252626,
00242625,
00242525,
00242525,
00242525,
00252525,
00242424,
00252525,
00252525,
00252625,
00252525,
00252525,
00242625,
00252626,
00242626,
00252626,
00252626,
00252626,
00252626,
00252626,
00252726,
00252726,
00252626,
00252626,
00252726,
00252626,
00262727,
00262727,
00262727,
00252726,
00262727,
00262727,
00262727,
00262727,
00262727,
00262727,
00262727,
00252626,
00252626,
00252626,
00252626,
00252626,
00252626,
00252626,
00252626,
00252626,
00252626,
00252626,
00252625,
00252625,
00252626,
00242625,
00242525,
00242525,
00242525,
00242525,
00232424,
00232424,
00232424,
00232424,
00232424,
00232424,
00232424,
00232424,
00232424,
00232424,
00232424,
00232424,
00232424,
00232424,
00232424,
00232424,
00232524,
00242525,
00242525,
00242525,
00242525,
00242625,
00242525,
00242525,
00232524,
00232525,
00242525,
00252626,
00252626,
00252626,
00242525,
00242525,
00252525,
00242525,
00242525,
00232525,
00242525,
00242525,
00232424,
00232424,
00222424,
00222424,
00222424,
00222423,
00232424,
00222424,
00232424,
00232424,
00232524,
00242525,
00232525,
00232525,
00232525,
00232525,
00252626,
00252626,
00242626,
00242626,
00242626,
00242625,
00232525,
00222424,
00212424,
00222424,
00232424,
00232424,
00242424,
00232424,
00232424,
00232424,
00232424,
00242424,
00232424,
00232424,
00232424,
00242525,
00232525,
00242525,
00252626,
00252626,
00252626,
00252726,
00262727,
00262727,
00262827,
00272828,
00272827,
00272827,
00282827,
00292928,
00282928,
00282928,
00272927,
00272927,
00272928,
00292928,
00292a29,
002a2a29,
00292b29,
00292b29,
002a2c29,
00252524,
00242524,
00242524,
00232423,
00232423,
00222323,
00222222,
00222222,
00262322,
00190a0a,
00190b0a,
00190909,
00190a09,
00190908,
00160908,
000e0405,
000d0404,
000c0404,
000c0404,
0009090b,
000c0d10,
0019181b,
001e1f1f,
001d1f1f,
000f1312,
00040303,
00060303,
00070706,
00040405,
00040404,
00060405,
00060505,
00060607,
000b0506,
00222323,
00232423,
00232423,
00222324,
00212322,
00131c24,
000a1428,
00071329,
00091326,
000b101d,
0014141b,
00191921,
0011111d,
0009071c,
00100c26,
00100b25,
00211d24,
00222323,
00222323,
00222323,
00222323,
00222323,
00232424,
00222423,
00232424,
00232424,
00232424,
00232424,
00232424,
00232424,
00232424,
00232424,
00222424,
00222424,
00232424,
00222424,
00222424,
00232424,
00232424,
00232424,
00232424,
00232424,
00232424,
00222424,
00232424,
00222324,
00232424,
00232324,
00222324,
00232324,
00232424,
00232424,
00232424,
00232424,
00232524,
00232424,
00242525,
00242525,
00242525,
00242525,
00242525,
00242525,
00252626,
00252626,
00252626,
00252626,
00252626,
00252626,
00242625,
00242625,
00242625,
00252525,
00252525,
00252626,
00262626,
00252525,
00242625,
00252626,
00242625,
00252626,
00252625,
00252626,
00242625,
00252626,
00252726,
00252626,
00252626,
00252626,
00252626,
00252626,
00252626,
00252726,
00262727,
00262727,
00262727,
00262727,
00262727,
00262727,
00262727,
00262727,
00262727,
00262727,
00252726,
00252626,
00252626,
00252626,
00252626,
00252626,
00252626,
00252626,
00252626,
00252626,
00252626,
00242625,
00252626,
00252626,
00242625,
00242525,
00242525,
00242525,
00242525,
00242525,
00242524,
00242525,
00232424,
00232524,
00232424,
00232524,
00232524,
00232524,
00232424,
00232424,
00232424,
00232524,
00242424,
00242424,
00242424,
00242424,
00242525,
00242525,
00242525,
00242525,
00242525,
00242525,
00242525,
00242525,
00242525,
00242525,
00242625,
00252626,
00252626,
00242625,
00242625,
00242625,
00242525,
00242525,
00242525,
00242525,
00232524,
00242525,
00232524,
00232524,
00232424,
00232424,
00232424,
00232424,
00232424,
00222424,
00232424,
00242525,
00242525,
00242525,
00242625,
00232525,
00232525,
00242625,
00242625,
00242626,
00242626,
00252626,
00252626,
00242626,
00232525,
00222423,
00222424,
00222424,
00232424,
00232424,
00232424,
00232424,
00232424,
00232424,
00232424,
00232424,
00232424,
00232424,
00232424,
00232525,
00242525,
00252626,
00252626,
00252726,
00252627,
00262727,
00262727,
00262827,
00272828,
00272827,
00282827,
00282927,
00272928,
00272928,
00282928,
00292928,
00292928,
00282928,
00292928,
00282a29,
002a2b29,
00292b28,
00292b29,
002a2c29,
00242524,
00242524,
00242524,
00232523,
00232423,
00232323,
00222222,
00232222,
00181211,
00190b0a,
001a0b0b,
001a0b0a,
00190a09,
00180909,
00100504,
000e0505,
000d0404,
000d0404,
000b0404,
000a0a0c,
000b0e11,
00130e15,
001e1f1f,
001d1f20,
00161818,
00060404,
00090404,
00040403,
00050305,
00040404,
00050404,
00050505,
00070505,
000b0607,
00232323,
00222422,
00222423,
00232423,
00191e22,
000b0f1f,
000b0f20,
000c1120,
0011151d,
0013131a,
0016171e,
000c111d,
000c1022,
000b0a25,
000c0a24,
000c0c27,
00161226,
00212123,
00222323,
00222322,
00222323,
00222323,
00232424,
00222423,
00232424,
00232424,
00232424,
00232424,
00232424,
00232424,
00222424,
00232424,
00232424,
00232424,
00232524,
00232424,
00232424,
00232424,
00232424,
00232424,
00232424,
00232424,
00232424,
00222423,
00232424,
00222423,
00232424,
00232324,
00232324,
00232424,
00222423,
00232424,
00232424,
00232524,
00232424,
00232524,
00232524,
00242525,
00242525,
00242525,
00242525,
00252626,
00252626,
00252626,
00252626,
00252626,
00252626,
00242625,
00242625,
00252626,
00242525,
00252525,
00262626,
00252626,
00252525,
00252626,
00252626,
00252626,
00252626,
00252626,
00252726,
00252626,
00252626,
00252626,
00252726,
00252726,
00262727,
00262727,
00262727,
00252726,
00262726,
00262727,
00262727,
00262727,
00262727,
00262727,
00252726,
00252726,
00262626,
00252727,
00252727,
00262727,
00262726,
00252626,
00252726,
00252626,
00252626,
00252726,
00252626,
00252626,
00252626,
00252626,
00252626,
00242625,
00252626,
00252626,
00252626,
00242525,
00242525,
00242525,
00242524,
00242524,
00242424,
00242424,
00232423,
00232423,
00232424,
00232524,
00232523,
00232524,
00242523,
00242525,
00232524,
00232524,
00242525,
00242525,
00242524,
00242525,
00252525,
00242525,
00242525,
00242525,
00242525,
00242625,
00242525,
00242625,
00242625,
00242625,
00252626,
00252626,
00252626,
00252626,
00252626,
00252626,
00252626,
00252626,
00242525,
00242525,
00242525,
00242525,
00242525,
00242525,
00242525,
00232424,
00232424,
00222424,
00222524,
00232424,
00232525,
00232525,
00232525,
00242525,
00232525,
00242525,
00242525,
00242525,
00242625,
00242626,
00242625,
00252626,
00242625,
00242626,
00242625,
00232424,
00222424,
00222424,
00232424,
00232424,
00232424,
00232424,
00232424,
00232424,
00232424,
00232424,
00222424,
00222424,
00232424,
00242525,
00242525,
00252626,
00242625,
00252726,
00252726,
00262727,
00262727,
00262827,
00272828,
00272827,
00292827,
00282827,
00282928,
00272928,
00282928,
00292928,
00292928,
00282928,
00292a28,
00282a29,
002a2a29,
00292a28,
00292b29,
002a2c29,
00242625,
00242524,
00252524,
00242524,
00242423,
00232323,
00232323,
00222222,
00100705,
001a0b0a,
001a0b0b,
001a0b0a,
00190a09,
00140706,
000e0404,
000d0405,
000d0404,
000c0404,
00090506,
000a0b0e,
000a0e12,
000f0811,
001e1f1e,
001d201f,
00171717,
00040303,
00080203,
00020403,
00040304,
00040404,
00040404,
00040404,
00050404,
00060405,
00272222,
00222323,
00222423,
00212322,
000c1321,
000b1123,
000b0c1d,
00090813,
00131219,
00111118,
000e121b,
000d121f,
000c1022,
000a0b24,
00110e26,
000d0e24,
000c0b23,
0014111f,
00212322,
00222323,
00222323,
00222323,
00232424,
00232424,
00232424,
00232424,
00232424,
00232424,
00232424,
00222424,
00222424,
00232424,
00232424,
00232424,
00232424,
00232424,
00232424,
00232424,
00232424,
00232424,
00232424,
00232424,
00232424,
00232424,
00232424,
00232424,
00232424,
00232424,
00232424,
00232424,
00232424,
00232424,
00232424,
00232424,
00232424,
00242525,
00232524,
00242525,
00242525,
00242525,
00242525,
00242626,
00252626,
00252626,
00252626,
00252626,
00252626,
00252626,
00242625,
00252626,
00252626,
00252525,
00252525,
00252626,
00252626,
00252626,
00252626,
00252626,
00252626,
00252626,
00252626,
00252626,
00252626,
00252626,
00252626,
00252626,
00252726,
00262727,
00252726,
00252726,
00262727,
00262727,
00262727,
00262727,
00262727,
00262727,
00262727,
00262727,
00262726,
00252726,
00252727,
00262727,
00262727,
00252726,
00252626,
00252626,
00252626,
00252626,
00252626,
00252626,
00252726,
00252626,
00242625,
00242625,
00252626,
00252625,
00252625,
00252626,
00242625,
00242625,
00252625,
00252525,
00242525,
00242525,
00242525,
00242524,
00242524,
00242525,
00242625,
00242524,
00252524,
00242525,
00242525,
00232524,
00242525,
00242525,
00242525,
00242525,
00242625,
00242525,
00242525,
00242525,
00242625,
00242625,
00242525,
00242625,
00252626,
00252626,
00242626,
00252626,
00242625,
00252626,
00252626,
00252626,
00252626,
00252626,
00252626,
00242625,
00242525,
00242525,
00242525,
00242525,
00232525,
00242424,
00232424,
00222424,
00222524,
00232424,
00222424,
00232525,
00232525,
00242525,
00232525,
00242525,
00242525,
00242525,
00242525,
00242625,
00242626,
00232626,
00232626,
00242626,
00252626,
00242525,
00222424,
00222424,
00232424,
00232424,
00232424,
00222424,
00222424,
00222424,
00222424,
00222424,
00222424,
00232424,
00232424,
00232524,
00242525,
00242625,
00252626,
00252626,
00252726,
00262727,
00262727,
00262727,
00272828,
00272827,
00292827,
00292827,
00282827,
00272827,
00272928,
00292928,
00282928,
00282928,
00282928,
00292a29,
002a2b28,
002a2b29,
002a2b29,
002a2c29,
00252625,
00252625,
00262524,
00232424,
00242424,
00232423,
00232323,
00212222,
00120907,
001a0b0b,
001a0b0b,
001a0b0a,
00170908,
000f0404,
000e0304,
000d0405,
000d0405,
000c0304,
00080709,
000c0e12,
000a0e12,
000c0410,
001e1e1f,
001c1f1f,
00171616,
00030203,
00090304,
00030805,
00040404,
00040304,
00040404,
00040304,
00050405,
00050405,
000f0708,
00222424,
00222424,
00202323,
000c1325,
000c1125,
000b0f23,
000a0b1b,
000a0811,
000b0e17,
000c111b,
000c111d,
000c1021,
000b0e23,
000c0925,
000c0c24,
000c0b25,
00101220,
00161219,
00222323,
00222423,
00222323,
00222323,
00232424,
00222424,
00232424,
00232424,
00232424,
00232424,
00232424,
00222424,
00232424,
00232424,
00232424,
00232424,
00232424,
00232424,
00232424,
00232424,
00232424,
00232424,
00232424,
00232424,
00232424,
00232424,
00232424,
00232424,
00232424,
00232424,
00232424,
00232424,
00232424,
00232424,
00232424,
00232424,
00242525,
00242525,
00242525,
00242525,
00242525,
00242525,
00242625,
00252626,
00252626,
00252626,
00242625,
00252626,
00252626,
00252626,
00252626,
00252626,
00252626,
00262626,
00242626,
00252626,
00252626,
00252626,
00252626,
00252626,
00252626,
00252626,
00252626,
00252626,
00252626,
00252626,
00252726,
00262727,
00262727,
00252626,
00252726,
00252626,
00262727,
00262727,
00262727,
00262727,
00262727,
00252726,
00262727,
00262726,
00252726,
00252727,
00262727,
00262727,
00262727,
00252726,
00252626,
00252626,
00252626,
00252626,
00252626,
00252726,
00252626,
00252625,
00242525,
00252626,
00252626,
00252626,
00242625,
00252626,
00252626,
00252626,
00262625,
00242525,
00252525,
00242624,
00242624,
00242525,
00242625,
00242525,
00242524,
00252525,
00242524,
00242525,
00242625,
00242525,
00242524,
00242525,
00242525,
00242525,
00242525,
00242525,
00242525,
00242625,
00252626,
00252626,
00252626,
00252626,
00252626,
00242626,
00252626,
00252626,
00252626,
00252626,
00252626,
00252626,
00252626,
00252626,
00242625,
00242525,
00242525,
00232525,
00232525,
00242525,
00242525,
00242525,
00232525,
00222424,
00222424,
00232525,
00232525,
00232525,
00242525,
00232525,
00242525,
00242525,
00232524,
00232525,
00232525,
00242626,
00242626,
00242626,
00242626,
00252626,
00252626,
00222323,
00232424,
00232424,
00242424,
00222424,
00222524,
00222424,
00222424,
00222424,
00222424,
00222424,
00232424,
00232424,
00232525,
00232525,
00242625,
00242625,
00252626,
00252726,
00262727,
00272828,
00262727,
00272828,
00272928,
00282827,
00272827,
00272927,
00272927,
00272928,
00282928,
00282928,
00282928,
00292a28,
00282a28,
00292a28,
002b2b29,
002b2c2a,
002b2c2a,
00252625,
00252625,
00242524,
00242523,
00242424,
00242424,
00222323,
00212222,
00140c0b,
001a0b0b,
00190b0a,
00170a09,
00100404,
000e0404,
000d0404,
000c0404,
000d0405,
000b0405,
0008090c,
000b0e13,
00090c13,
000a0413,
001e1e20,
001f2222,
00181a17,
00040304,
00090304,
0009110e,
00050404,
00040304,
00040304,
00020406,
000c1517,
00070b0c,
000e0607,
00232423,
00222424,
001f2423,
000c1324,
000d1225,
000c1024,
000c1023,
000b0c19,
000b0d16,
000c111a,
000a0f1b,
000b0f1f,
000c0f22,
000c0a23,
000a0c1f,
000c0a26,
000d0f1e,
0014131e,
00222323,
00222323,
00222323,
00222323,
00222423,
00222423,
00232424,
00232424,
00222423,
00232424,
00232424,
00222423,
00232424,
00232424,
00232424,
00242424,
00232424,
00232424,
00232424,
00232424,
00232524,
00232424,
00232424,
00232424,
00232424,
00232424,
00232424,
00232424,
00232424,
00232424,
00232424,
00232424,
00232424,
00232424,
00232424,
00242525,
00242525,
00242525,
00242525,
00242525,
00242525,
00242525,
00242525,
00242625,
00252626,
00252626,
00252626,
00252626,
00252626,
00252626,
00252626,
00252626,
00252626,
00252626,
00242625,
00252626,
00252626,
00252626,
00252626,
00252626,
00252726,
00252626,
00252626,
00252626,
00252626,
00252626,
00252726,
00262727,
00262727,
00262727,
00262727,
00262727,
00262727,
00262727,
00262727,
00262726,
00252726,
00262727,
00252726,
00262727,
00252626,
00252626,
00252626,
00252726,
00262727,
00262727,
00252626,
00252626,
00252626,
00252626,
00252626,
00252626,
00252626,
00252625,
00242625,
00252626,
00252626,
00252626,
00252625,
00252625,
00252626,
00252626,
00252525,
00242525,
00242525,
00242524,
00242524,
00242525,
00242625,
00242525,
00242525,
00242525,
00242525,
00232524,
00242525,
00242525,
00242525,
00242525,
00242525,
00242525,
00242525,
00242525,
00242525,
00242625,
00242626,
00252626,
00252626,
00242626,
00252626,
00252626,
00252626,
00252626,
00252626,
00252626,
00252626,
00242525,
00242525,
00252626,
00252626,
00242626,
00252626,
00232525,
00242525,
00242525,
00242525,
00242525,
00242525,
00222424,
00232525,
00232525,
00232525,
00232525,
00222525,
00232525,
00232525,
00242525,
00232525,
00232525,
00232525,
00242525,
00252626,
00252626,
00252626,
00252626,
00252726,
00242625,
00222323,
00232424,
00232524,
00222424,
00222424,
00232424,
0017171d,
001b2025,
00242528,
00232425,
00232424,
00232524,
00222424,
00232525,
00232625,
00252626,
00252626,
00252626,
00262727,
00262727,
00262727,
00272828,
00272828,
00272828,
00272928,
00272828,
00272827,
00272927,
00282927,
00282928,
00282928,
00292a29,
00292a28,
00292a28,
002a2b29,
002b2c29,
002b2c2a,
00252625,
00252625,
00242524,
00242523,
00242424,
00232424,
00232323,
00222222,
00201c1b,
001a0c0b,
00160807,
000f0403,
000d0404,
000d0404,
000c0404,
000c0404,
000c0404,
00080507,
000a0c10,
000a0e13,
00080b10,
00100e19,
001c1c1e,
00212524,
001e1f1b,
00030204,
00080204,
00191b1a,
00050404,
00040304,
00060405,
00081013,
00071016,
00071011,
00090505,
00262424,
00242323,
001e2424,
000d1324,
000c1224,
000d1224,
000d1124,
000d1122,
000b0f1a,
000b0c14,
00060912,
000c0e1b,
00090a19,
000d0b24,
000c0b21,
000d0c26,
000e0f20,
00121522,
001d1a20,
00222323,
00222323,
00222323,
00222423,
00222423,
00232424,
00232424,
00232424,
00222423,
00232424,
00232424,
00232424,
00232424,
00222423,
00232424,
00232424,
00232424,
00232424,
00232424,
00242524,
00232424,
00232424,
00232424,
00232424,
00232424,
00232524,
00232524,
00232524,
00232424,
00232424,
00232424,
00232424,
00232424,
00232524,
00242525,
00232524,
00242525,
00242525,
00242525,
00242525,
00242525,
00242525,
00242525,
00252626,
00242626,
00252626,
00252626,
00252626,
00242625,
00252626,
00252626,
00252626,
00252626,
00242625,
00252626,
00252626,
00252626,
00252626,
00252626,
00252626,
00252626,
00252626,
00252626,
00252626,
00252626,
00252626,
00252626,
00262727,
00262727,
00262727,
00262727,
00262727,
00262727,
00262727,
00262727,
00262727,
00252726,
00262727,
00252626,
00262727,
00252626,
00262727,
00252726,
00252726,
00252626,
00252626,
00252626,
00252726,
00252626,
00252626,
00252626,
00252626,
00242625,
00252625,
00252626,
00252625,
00252625,
00252626,
00242625,
00242626,
00252626,
00252626,
00242625,
00242525,
00242525,
00242525,
00242525,
00242525,
00242525,
00232524,
00242525,
00242525,
00242525,
00242525,
00242525,
00242525,
00242525,
00242525,
00242525,
00242525,
00242625,
00242525,
00242525,
00242525,
00242626,
00252626,
00252626,
00252626,
00252726,
00252626,
00242626,
00252726,
00242626,
00252626,
00252626,
00252525,
00252626,
00252626,
00242626,
00252626,
00242625,
00242525,
00242525,
00242525,
00232525,
00232525,
00232525,
00232525,
00232525,
00232525,
00232525,
00232525,
00232524,
00232524,
00232524,
00232424,
00232424,
00232424,
00232524,
00242525,
00242625,
00252626,
00262626,
00252726,
00252626,
00222323,
00222424,
00232424,
00232424,
00232424,
00232323,
000e0b1b,
00111d27,
001c2128,
00141823,
00121420,
00181a23,
00232328,
00222524,
00242525,
00252626,
00252626,
00252726,
00262727,
00262727,
00262727,
00272828,
00272827,
00272828,
00272828,
00282828,
00282827,
00282927,
00272927,
00282928,
00292928,
002a2a29,
002a2a29,
00292a28,
002a2b29,
002b2c2a,
002c2d2b,
00252625,
00242625,
00242524,
00242524,
00242423,
00242424,
00232323,
00222222,
00232221,
001e1412,
00120504,
000e0404,
000c0404,
000d0404,
000c0303,
000c0404,
000b0505,
0008080b,
000a0e13,
00090d12,
00070a0a,
0019161f,
0016161a,
00202524,
00252421,
00040305,
00050203,
00212020,
00040404,
00040304,
0005080a,
00061014,
000c1316,
00081314,
00050506,
001f1a1a,
00222323,
001e2323,
000c1222,
000c1224,
000c1224,
000d1323,
000d1324,
000d111f,
000a0e17,
000b0d16,
00090a14,
000a0915,
000d0b22,
000d0c24,
000c0b25,
000e0d21,
00131723,
000d0911,
00212322,
00222323,
00222323,
00222323,
00232424,
00232424,
00232424,
00232424,
00232424,
00232424,
00232424,
00232424,
00232424,
00232424,
00222424,
00232424,
00232424,
00232424,
00232424,
00232424,
00232424,
00232424,
00232424,
00232524,
00242525,
00232524,
00232424,
00232424,
00232424,
00232424,
00232424,
00232424,
00232424,
00242525,
00232524,
00232524,
00232524,
00232524,
00242525,
00242525,
00242525,
00242525,
00252626,
00252626,
00242626,
00252626,
00252626,
00242625,
00242525,
00242625,
00252626,
00252626,
00252626,
00252625,
00252625,
00252626,
00252626,
00252626,
00252626,
00252626,
00252626,
00252626,
00252626,
00252626,
00252626,
00252626,
00252626,
00252626,
00252726,
00252726,
00252726,
00252726,
00262726,
00262727,
00262727,
00252726,
00262727,
00262727,
00262727,
00262727,
00262727,
00252726,
00252726,
00252626,
00252626,
00252626,
00252626,
00252626,
00252626,
00252626,
00252626,
00252626,
00242625,
00242625,
00252626,
00252626,
00252626,
00252626,
00252626,
00252626,
00252626,
00242625,
00242525,
00242525,
00242525,
00242525,
00242525,
00242525,
00242525,
00242525,
00242525,
00242525,
00242525,
00242525,
00232524,
00232524,
00242525,
00242525,
00242525,
00252626,
00232525,
00242626,
00252525,
00252626,
00242625,
00252626,
00252726,
00252626,
00252626,
00252626,
00252626,
00252626,
00252626,
00252626,
00252626,
00252525,
00252625,
00252626,
00252626,
00252626,
00242626,
00242625,
00242525,
00242525,
00232525,
00232525,
00232524,
00232424,
00232424,
00232424,
00232424,
00232424,
00232323,
00232424,
00222424,
00232424,
00232424,
00232424,
00232424,
00232323,
00222423,
00252625,
00252626,
00252626,
00252626,
00242525,
00222423,
00222424,
00232424,
00232524,
00242526,
000c091c,
00121a25,
001c1f25,
00191d25,
00131622,
001b1b23,
001a1824,
00232527,
00242525,
00242525,
00252626,
00252726,
00262727,
00262727,
00262727,
00272828,
00272827,
00272827,
00272828,
00272828,
00272827,
00272827,
00272928,
00282928,
00282928,
00292a29,
002a2a29,
00292a29,
002a2c29,
002b2c2a,
002c2d2b,
00252625,
00242625,
00212322,
00242424,
00242423,
00242424,
00232424,
00222323,
00212222,
001c1514,
000d0605,
000d0303,
000d0303,
000c0303,
000c0303,
000c0404,
00080507,
00090b0f,
00090e13,
00080c0e,
00060a05,
00110e15,
0017171b,
001d1f1f,
00262726,
00050404,
00030304,
00131011,
00030404,
00010203,
00091115,
00121417,
001d201f,
00151e1e,
00040708,
000d0607,
00212323,
001f2323,
000a1122,
000c1224,
000d1223,
000d1323,
000e1324,
000d1222,
000b0f1b,
000b0f1b,
00090d18,
00090913,
000a0a19,
00111225,
00100f25,
000c0d21,
00121622,
0017141f,
00212322,
00222322,
00222323,
00222323,
00222323,
00232424,
00222423,
00232424,
00232424,
00222423,
00232424,
00232424,
00232424,
00232424,
00232424,
00232424,
00232424,
00232524,
00232424,
00232424,
00232424,
00232424,
00232424,
00232424,
00232524,
00232424,
00232524,
00232424,
00232424,
00242424,
00232424,
00232424,
00232424,
00232524,
00242525,
00232424,
00242525,
00242525,
00242525,
00242525,
00252525,
00252525,
00252626,
00252626,
00252626,
00252626,
00242625,
00252626,
00242525,
00242625,
00252626,
00252626,
00252626,
00252626,
00252626,
00252626,
00242625,
00252626,
00252626,
00252626,
00252626,
00252626,
00252626,
00252626,
00252626,
00252626,
00252626,
00242625,
00252626,
00252726,
00252626,
00252626,
00262727,
00252726,
00252626,
00252726,
00252626,
00252626,
00252727,
00252726,
00262626,
00252626,
00252626,
00252626,
00242625,
00252626,
00242626,
00252626,
00252626,
00252626,
00252626,
00252626,
00242525,
00252625,
00252626,
00252626,
00252626,
00252626,
00252626,
00252626,
00252625,
00252625,
00242525,
00242525,
00242525,
00242525,
00242525,
00242525,
00232425,
00232424,
00242424,
00242425,
00232424,
00232423,
00232424,
001f2122,
00252526,
00232524,
00343232,
00252525,
00212424,
00252525,
00252625,
00252627,
00232425,
00262627,
00252726,
00252626,
00252626,
00252726,
00252626,
00252626,
00252626,
00262626,
00262727,
00242525,
00232626,
00242626,
00252626,
00252626,
00232525,
00242525,
00242525,
00232424,
00242524,
00222524,
00222424,
00232523,
00242424,
00232424,
00232424,
00222424,
00222424,
00232424,
00232424,
00242524,
00232524,
00222424,
00232525,
00222423,
00222323,
00242525,
00252626,
00252626,
00262727,
00252726,
00222323,
00222424,
00222424,
00222424,
0016111d,
000b081a,
000e1420,
001d2026,
0028272a,
00161725,
001c1c25,
0018141d,
001a1d21,
00232525,
00242625,
00242626,
00252626,
00262727,
00262727,
00262727,
00272828,
00262827,
00262827,
00272828,
00272828,
00272827,
00272827,
00282928,
00282928,
00282928,
002a2a29,
002a2a29,
00292b28,
002a2c29,
002b2d2a,
002c2e2b,
00252726,
00242625,
00212221,
00242423,
00242424,
00242424,
00232424,
00222323,
00212222,
001a1615,
000d0605,
000d0404,
000d0404,
000c0303,
000d0404,
00090403,
000a0b0d,
000b0f13,
00090d13,
00060b0a,
00060a04,
0009090b,
0017181c,
00171517,
001e2222,
00050404,
00040303,
00080302,
00070b0a,
00030204,
00091014,
001e1f20,
001d1f1f,
001b2020,
00080e0f,
000b0606,
00212121,
00202222,
000a121f,
000e1425,
000d1425,
000e1322,
000d1221,
000d1221,
000b101d,
000b101d,
000c111e,
00090914,
000d0919,
00141526,
00121127,
000c0e20,
00111522,
0013121f,
00222221,
00212423,
00222323,
00222323,
00222323,
00222323,
00222424,
00232323,
00222423,
00222423,
00222423,
00232424,
00232424,
00232424,
00232424,
00232424,
00232424,
00222423,
00232424,
00232424,
00232424,
00232424,
00232424,
00232424,
00232424,
00232424,
00232424,
00232424,
00232424,
00242424,
00232424,
00232424,
00232424,
00232424,
00232424,
00232524,
00242525,
00242525,
00242525,
00242525,
00242525,
00252626,
00252626,
00252626,
00252626,
00252626,
00252626,
00252626,
00252626,
00252626,
00252626,
00252626,
00252626,
00252626,
00252626,
00252626,
00252626,
00252626,
00252626,
00252626,
00242625,
00252626,
00252626,
00252626,
00252626,
00252626,
00252626,
00252626,
00252626,
00252626,
00252626,
00252626,
00252626,
00252626,
00252626,
00252626,
00242626,
00252626,
00242726,
00252726,
00252626,
00252626,
00252626,
00252626,
00252626,
00252626,
00252626,
00252626,
00252626,
00252626,
00252626,
00252626,
00242525,
00252625,
00252626,
00252626,
00252626,
00252626,
00252626,
00252626,
00252625,
00252625,
00242525,
00242525,
00242525,
00242525,
00242525,
00222324,
00222323,
00232324,
00222424,
00222423,
00222323,
00262728,
00242625,
003b3b3a,
00232424,
00232425,
00141013,
000e100f,
002c2d2b,
002f2d2d,
00242625,
00252625,
002a2b2b,
00262626,
00272827,
00252626,
00252626,
00252726,
00252626,
00252626,
00252626,
00262627,
00202324,
00242525,
00242524,
00242525,
00242525,
00242525,
00232424,
00222323,
00232524,
00232424,
00242525,
001c1d1e,
00151717,
00252727,
00212324,
00242525,
00242627,
00262729,
002a2b2d,
00262828,
00242526,
00232524,
00232425,
00232525,
00232524,
00222323,
00212322,
00232524,
00252626,
00252726,
00262726,
00262727,
00242525,
00222423,
00232525,
00232424,
000d0718,
000a081a,
000e0e1c,
00141a24,
00232025,
00171d29,
00131922,
00232729,
00272a2a,
00242525,
00242625,
00252626,
00252626,
00262727,
00262727,
00262727,
00272828,
00272828,
00272828,
00272828,
00282828,
00272827,
00272827,
00282928,
00282928,
00282928,
002a2a29,
002a2a28,
002a2b29,
002a2c2a,
002b2d2b,
002c2e2b,
00262726,
00252725,
00242624,
00252524,
00242424,
00242424,
00232424,
00222323,
00212222,
00201e1e,
00140f0c,
000d0403,
000c0303,
000b0403,
000b0404,
000c060a,
000d1011,
000d1415,
00090d11,
00050b04,
00060b03,
00070a06,
0016161b,
00181418,
001a201f,
00050505,
00060506,
00050303,
000e0d0c,
00030407,
000c0f12,
001f201f,
00191a1b,
001c1e1e,
00081112,
00070505,
00282424,
001f2221,
00141c20,
00151926,
00131924,
000d121f,
000f131d,
00111720,
000d1320,
000b101f,
000d1121,
000c101e,
000c0b18,
000b0922,
000c0c23,
000c0e1d,
0010131f,
00100f1c,
00222322,
00232324,
00222323,
00222323,
00222323,
00222323,
00222323,
00222323,
00222423,
00232424,
00222323,
00232424,
00232424,
00232424,
00222424,
00232424,
00242424,
00232424,
00232424,
00232424,
00232424,
00232424,
00232424,
00232424,
00232424,
00232424,
00232424,
00232424,
00232424,
00232424,
00222424,
00232424,
00232424,
00232424,
00232424,
00232424,
00242525,
00242525,
00242525,
00242525,
00252525,
00252525,
00242525,
00242625,
00242625,
00252626,
00252626,
00252626,
00252626,
00252626,
00252626,
00252626,
00252626,
00252626,
00252626,
00252626,
00252626,
00252626,
00242626,
00252626,
00252626,
00252626,
00252626,
00252726,
00252626,
00252626,
00252626,
00252626,
00252626,
00242626,
00252626,
00252626,
00252626,
00252626,
00252626,
00252626,
00242626,
00252626,
00252626,
00242626,
00242626,
00252626,
00252626,
00252626,
00252626,
00252626,
00252626,
00252626,
00252626,
00252626,
00252626,
00252626,
00242525,
00252626,
00252626,
00252626,
00252626,
00252626,
00252726,
00252626,
00242625,
00242626,
00242525,
00242525,
00232525,
00232425,
00212323,
00232328,
0024232d,
0025242f,
0023222e,
0022212b,
0025232d,
0022242d,
001e1f29,
0026242a,
0024222e,
0024212f,
00131223,
00111321,
0027242c,
003d3c3e,
00292531,
0023202f,
00252230,
00222228,
00262727,
00252626,
00252626,
00252626,
00242626,
00252525,
00252626,
00242525,
001d2020,
00242424,
00232423,
00232424,
00232524,
00242625,
00232525,
00232524,
00242525,
00242525,
00242525,
00141f22,
00020503,
00010201,
000e0f0f,
00151414,
0018191a,
001d2021,
00232727,
00212626,
00212425,
001e2222,
001e2324,
001b2121,
00232525,
00222323,
00222323,
00242525,
00252626,
00252726,
00252726,
00262727,
00252726,
00222323,
00222424,
00242426,
000e091d,
000b081c,
0011101d,
00121824,
00181a23,
001b2129,
001d242a,
00202227,
002a2b2c,
00252525,
00232525,
00242626,
00252626,
00252727,
00262727,
00262827,
00262827,
00272828,
00272828,
00262827,
00272828,
00282927,
00282827,
00282928,
00282928,
00282a28,
00282a28,
00292a28,
00292b29,
002a2c2a,
002c2e2b,
002d2f2c,
00262827,
00252726,
00242625,
00242524,
00242424,
00242424,
00232424,
00222323,
00212222,
00222221,
00201b19,
000e0504,
000c0304,
000c0303,
00090406,
000c090c,
001a1d1f,
000c1015,
00070c0c,
00050b04,
00050b04,
00050a04,
00151319,
0018171a,
00212928,
00020605,
00050505,
00030203,
00050304,
00080d0f,
001b1b1e,
001d1f1f,
00151516,
001c1d1c,
000f1919,
00040506,
00130c0c,
001f2121,
001a2020,
00101421,
000d1420,
000c111d,
0016161e,
00171920,
000d1420,
000c121f,
000c1221,
000d1322,
000a0813,
00131621,
00101521,
000f121e,
000f131e,
000f0f1c,
00252225,
00232323,
00222323,
00222323,
00222323,
00222323,
00222323,
00222323,
00222323,
00222323,
00222323,
00232424,
00232424,
00222424,
00222424,
00232424,
00242424,
00232424,
00232424,
00232424,
00222424,
00222424,
00232524,
00232424,
00232424,
00232424,
00232424,
00232424,
00232424,
00222424,
00222424,
00232424,
00232424,
00232424,
00232424,
00232424,
00242525,
00242525,
00242525,
00242525,
00242525,
00242625,
00252626,
00252626,
00252626,
00252626,
00242625,
00252626,
00252626,
00252626,
00252626,
00252626,
00252626,
00242625,
00252626,
00252626,
00252626,
00252626,
00242626,
00252626,
00252626,
00262626,
00252626,
00252626,
00252626,
00252626,
00252626,
00252626,
00252626,
00242626,
00252626,
00252626,
00252626,
00252626,
00262626,
00252626,
00252626,
00252626,
00252726,
00252626,
00252626,
00252626,
00252626,
00252626,
00252626,
00252626,
00242626,
00252626,
00252626,
00252626,
00252626,
00252626,
00242525,
00252626,
00252626,
00252626,
00252626,
00252626,
00252626,
00252626,
00252626,
00232525,
00242525,
00232525,
00222424,
00222424,
00201f28,
000d0b2a,
000c0d2d,
000c0d2b,
00161731,
000c0d29,
00090a22,
00232331,
001d1b31,
0011102c,
000d102a,
000f112a,
000f112b,
000e112b,
0011122c,
00171726,
001a1a2b,
000d0f2b,
000d0f2c,
000f0f2f,
001f1f27,
00242525,
00242525,
00242525,
00252626,
00252525,
00242626,
00242625,
00232625,
00252526,
00191d1e,
00232525,
00252626,
00242626,
00242626,
00242626,
00242525,
00242626,
00252627,
000a1d24,
00020508,
0008090b,
00040607,
00050709,
00040a0a,
00070c0d,
00060809,
00030505,
00020304,
00020202,
00020203,
00242827,
00262727,
00232424,
00222323,
00242525,
00252626,
00262727,
00262727,
00262727,
00262727,
00242525,
00222323,
001a171e,
000f0d1d,
000d0b1d,
0010101d,
000f111e,
00131b26,
00191e28,
00161d24,
001b1d24,
0026292d,
00272828,
00242625,
00242626,
00242726,
00252727,
00262727,
00262727,
00262827,
00272828,
00272828,
00272828,
00272828,
00282928,
00282827,
00282928,
00282928,
00292929,
00292a28,
00292a28,
002a2b29,
002b2d2b,
002c2e2c,
002e302d,
00272827,
00262726,
00252625,
00252525,
00242424,
00242525,
00232424,
00222423,
00222323,
00212222,
001a1716,
000c0504,
000d0404,
00090506,
0008080b,
000c0e14,
000c0f14,
000b0e13,
00060d06,
00060c03,
00050b04,
00060a04,
000c0a0c,
0018181c,
00252929,
00192323,
00040505,
00060706,
00060405,
000d1216,
001f2020,
001a1d1e,
001b1b1e,
001c1c1c,
001a1f20,
00050b0c,
000c0707,
001d1f1f,
001d2020,
000e141e,
000d121e,
000c111e,
0014151e,
0014171d,
000f1520,
000e1422,
000c1422,
000c1222,
00080915,
0010111a,
0010151f,
000d111a,
000f131d,
000f121e,
00201a21,
00232223,
00222323,
00212322,
00212323,
00222323,
00222323,
00222323,
00222323,
00222323,
00222423,
00222424,
00232424,
00232424,
00232424,
00232424,
00232424,
00232424,
00232424,
00232424,
00232424,
00232424,
00232424,
00232424,
00232424,
00242424,
00232424,
00232424,
00232424,
00232524,
00232525,
00232424,
00232424,
00232424,
00232524,
00232524,
00242525,
00242525,
00242525,
00242525,
00232525,
00242525,
00242525,
00242625,
00252626,
00252626,
00252626,
00252626,
00252626,
00252626,
00242625,
00242625,
00242525,
00242625,
00252626,
00242525,
00242525,
00242625,
00242525,
00242525,
00242625,
00252626,
00252626,
00252626,
00252626,
00252626,
00252626,
00262626,
00252626,
00252626,
00252626,
00252626,
00252626,
00252626,
00252726,
00252626,
00242626,
00242626,
00252626,
00252626,
00252626,
00252626,
00252626,
00252626,
00252726,
00252626,
00242625,
00242625,
00252626,
00252626,
00242625,
00242525,
00242525,
00242625,
00252625,
00252626,
00252626,
00242625,
00242625,
00242525,
00242525,
00232424,
00222423,
00222323,
00202122,
001f1f21,
00151425,
00090c2a,
00090c29,
000a0d29,
000b0e2a,
000c0f26,
002e2b37,
0017142a,
000e102a,
000d1029,
000e102a,
000f112b,
00262a34,
00292d36,
000d1228,
0010132b,
00141528,
000e102a,
000c0e2b,
000b0e29,
000d0e26,
00222523,
00222625,
00252626,
00242626,
00252626,
00242626,
00252626,
00252626,
00252626,
00252626,
00242626,
00242626,
00242626,
00242626,
00252726,
00242626,
00252626,
001f2325,
000b1d24,
000a171d,
00060908,
00070b11,
00090f15,
000c1b1a,
00081716,
0010201d,
000e1c16,
000b0f09,
00080a05,
000a0a04,
00080a03,
00242525,
00232424,
00232424,
00242525,
00262727,
00252727,
00262727,
00262727,
00262727,
00252526,
00212322,
00090813,
000b0a11,
000a0a1c,
000b0a1c,
000a0819,
00141622,
0014131b,
00121821,
0016181e,
001b2225,
001f2020,
00242626,
00242626,
00252626,
00262727,
00262727,
00262727,
00262727,
00262827,
00282828,
00282827,
00272827,
00272827,
00282827,
00292928,
00292928,
00292928,
002a2a27,
002a2a28,
002b2b29,
002c2d2b,
002d2e2d,
002e312f,
00282928,
00262827,
00252725,
00252525,
00252525,
00242525,
00232525,
00232424,
00222323,
00222222,
001e1e1e,
001b1a1a,
00090708,
0008080b,
00090c10,
000a0f13,
000b0f14,
00090d0c,
00060c05,
00060c03,
00050b04,
00060b04,
00090b0b,
0017151b,
00252524,
001d2423,
00101a19,
00050404,
00040303,
000b1014,
001d1f1f,
000f1112,
0018171a,
001a1a1a,
00191c1d,
00061011,
00090606,
00232121,
001e2020,
00151b21,
000c111d,
000c0f1c,
000c0e1b,
00090b19,
000e1020,
000e1420,
000c1322,
000c1321,
000d121e,
000b0c14,
0010141c,
000b1019,
000d1119,
000e111b,
000f0d17,
00212322,
00222323,
00222323,
00212323,
00222323,
00222323,
00222323,
00222323,
00222323,
00212323,
00212323,
00222423,
00222323,
00232424,
00232424,
00232424,
00232424,
00232424,
00232424,
00232424,
00232424,
00232424,
00232424,
00232424,
00232424,
00232424,
00232424,
00232424,
00242424,
00242424,
00232424,
00232424,
00232424,
00232524,
00242525,
00242525,
00242525,
00232524,
00242525,
00232525,
00242525,
00242625,
00252626,
00242625,
00242625,
00252626,
00252626,
00242525,
00242525,
00242625,
00242625,
00242525,
00242625,
00252626,
00242525,
00242525,
00232525,
00242525,
00242625,
00242625,
00252626,
00252626,
00252626,
00252626,
00242626,
00252626,
00252626,
00252626,
00252626,
00252626,
00252626,
00252626,
00252626,
00252626,
00242625,
00252626,
00252626,
00262626,
00262626,
00252626,
00252626,
00252626,
00252626,
00252626,
00252626,
00252626,
00242525,
00242525,
00242625,
00242625,
00242525,
00242625,
00242525,
00252625,
00252626,
00252626,
00252626,
00242525,
00242525,
00242525,
00232424,
00222423,
00222323,
00202122,
001e1f21,
0008061e,
000b0e26,
000a0e25,
000a0d24,
000c0e25,
000d0e26,
00111027,
000d0d25,
000b0e25,
000c0f25,
000b0e25,
000d0f27,
000f1024,
00100f27,
000a0c26,
000a0d24,
000c0e26,
000b0c25,
000a0f26,
000b0f26,
000d1129,
0025282d,
00232526,
00242626,
00252626,
00242626,
00242626,
00252726,
00252726,
00252726,
00252626,
00252726,
00252726,
00252726,
00242626,
00252727,
00242727,
00252626,
00131a20,
000a1c24,
000a1e23,
00040b07,
0010110d,
00090c08,
00080e07,
00051009,
000e1916,
0009150d,
00060c04,
00080c05,
000e0d07,
00141007,
00242827,
00242525,
00232524,
00232524,
00252626,
00252626,
00252626,
00252726,
00252626,
00242526,
00212023,
001f2326,
00222226,
000d081a,
000a081c,
000a081c,
00141c28,
00111a26,
00151f29,
0020272b,
0022282a,
00272928,
00242625,
00242626,
00252626,
00262727,
00262827,
00262727,
00262727,
00262827,
00272828,
00282827,
00272827,
00272827,
00282827,
00292928,
00292928,
00292929,
002a2a28,
002a2b29,
002b2c2a,
002c2d2b,
002e2f2d,
0031332f,
00282a28,
00272927,
00252725,
00252625,
00252525,
00242525,
00242525,
00232424,
00222323,
00212322,
00202121,
0027292b,
00080d10,
000a0d11,
000a0f13,
000a0e14,
000a0c0f,
00070c06,
00070c04,
00060c03,
00050b04,
00040a04,
00080e0c,
0017141a,
00231f20,
00262727,
001c2222,
00050d0c,
00010103,
000a1013,
001c1f1f,
001c1e1e,
00171518,
001b1b1b,
001c1c1d,
000a1414,
00060607,
001a1516,
001e201f,
001c2022,
000d111c,
000e0f1b,
0010111f,
000b0a1b,
000d0b1c,
00101221,
000e1020,
000c0d1d,
000b0f1d,
000d0d19,
000b0b16,
000c101a,
000d131a,
000e121a,
0013131f,
00212222,
00212322,
00222323,
00212323,
00222323,
00222323,
00222323,
00222323,
00222323,
00222323,
00222323,
00232323,
00222323,
00222323,
00222423,
00232424,
00232424,
00232424,
00232424,
00232424,
00232424,
00232424,
00232424,
00232424,
00242424,
00242424,
00232424,
00232424,
00232424,
00232424,
00232424,
00232424,
00232524,
00232524,
00242525,
00232525,
00232525,
00242525,
00232525,
00242525,
00242525,
00242525,
00242625,
00242625,
00242525,
00242525,
00242625,
00242525,
00242625,
00242625,
00252626,
00252626,
00242625,
00252626,
00242525,
00242525,
00242525,
00242525,
00242525,
00242525,
00242625,
00252626,
00252626,
00252626,
00252626,
00252626,
00252626,
00252626,
00252626,
00252626,
00252626,
00252626,
00252626,
00252626,
00252626,
00252626,
00262626,
00242626,
00242626,
00252626,
00242625,
00252626,
00252626,
00252626,
00252626,
00242625,
00242625,
00242625,
00252626,
00252626,
00252626,
00252626,
00252626,
00252626,
00252626,
00252626,
00252626,
00242525,
00242525,
00242525,
00232524,
00232424,
00212223,
00202122,
001e1e22,
000c0b27,
000c0e25,
000b0d27,
000a0c22,
000b0c20,
000b0c22,
000b0e24,
000b0e26,
000c0e27,
000c0f27,
000c0e27,
000c0e27,
000b0e26,
000b0d26,
00090d25,
00090c25,
000a0c26,
000a0d22,
000b1e24,
00091f24,
00040f20,
000d121f,
00252527,
00242626,
00252626,
00252626,
00252727,
00252727,
00252727,
00252727,
00252727,
00252727,
00252726,
00252726,
00242626,
00242626,
00262727,
00232626,
000d1b24,
000a1c24,
00061b23,
00060d0b,
001a110c,
000d0703,
00120d0a,
00170f0e,
00120d0f,
00070504,
000f100f,
000a0e0a,
00141713,
002a2928,
001e2421,
00232524,
00232424,
00232424,
00232424,
00242625,
00252626,
00252525,
00252525,
00242526,
001d1d22,
001d2021,
001a1a1b,
00150e1e,
000b081b,
0008091b,
00222931,
0020272f,
0021282e,
0021292e,
0020242a,
00282c33,
00242526,
00242626,
00252626,
00262727,
00272727,
00262727,
00262727,
00262827,
00272827,
00282828,
00272827,
00272827,
00292928,
00282928,
00282928,
00292929,
002a2a28,
002a2b29,
002b2c2a,
002e2e2c,
002f302d,
00313530,
00292b28,
00282a27,
00272826,
00262625,
00242524,
00242525,
00242525,
00232424,
00222423,
00222322,
00212223,
00282b2d,
000c1217,
000b0f13,
000a0e12,
00080c10,
00080c09,
00070c05,
00070d04,
00060c03,
00050b03,
00050b04,
00060e0b,
000c0b0e,
00120c10,
00272726,
00252625,
00121c1b,
00091113,
00121416,
00141616,
001c1f1f,
00181718,
001c1d1d,
00121213,
00141b1d,
00040709,
000c0506,
001e2020,
001e2120,
000f151c,
0014151d,
0015151e,
0011101b,
0012111c,
0011111d,
000e0d1c,
0010101c,
000f101c,
00110f1b,
0011111d,
000d101c,
0010151c,
0013171d,
00141420,
00232324,
00212322,
00222323,
00212323,
00212222,
00212322,
00222323,
00222323,
00222323,
00222323,
00222323,
00232323,
00222323,
00222323,
00222323,
00222323,
00222323,
00222323,
00222323,
00232424,
00232424,
00232424,
00232424,
00232424,
00232424,
00232424,
00232424,
00232424,
00232424,
00242424,
00232424,
00232424,
00232424,
00232524,
00242525,
00242525,
00242525,
00242525,
00232525,
00242525,
00242525,
00242525,
00242525,
00242525,
00242525,
00242525,
00242625,
00252626,
00252626,
00252626,
00242625,
00252626,
00252626,
00252626,
00242625,
00232525,
00242525,
00242525,
00242625,
00242525,
00252626,
00252626,
00252626,
00252626,
00252626,
00252626,
00252626,
00252626,
00252626,
00252626,
00252726,
00252626,
00242626,
00252626,
00252626,
00252626,
00252626,
00252626,
00252726,
00252626,
00252626,
00252626,
00252626,
00252626,
00252626,
00252626,
00252626,
00252626,
00252626,
00252626,
00252626,
00252626,
00242525,
00252626,
00252626,
00252626,
00252626,
00242625,
00242625,
00242525,
00242525,
00232424,
00212223,
00202122,
001e1e22,
000b0e27,
000c0e27,
000b0d27,
000c0d25,
00090b21,
000b0d25,
000c0e25,
000b0e26,
000b0e27,
000b0e27,
000b0e27,
000c0e27,
000b0e27,
000b0d26,
000a0c26,
00090c26,
000a0d25,
000c0e26,
000c1c24,
000a141a,
000d1d23,
00040b1e,
00242625,
00252626,
00252626,
00252727,
00252727,
00252726,
00252726,
00252727,
00262727,
00272727,
00262726,
00252727,
00242626,
00242626,
00242727,
00262729,
00081c23,
00061c23,
00071d22,
000a0f0e,
00110d08,
0014100a,
00120f0a,
00140c0b,
00120a0c,
00110b0c,
00131010,
00040605,
00161715,
002d2f2e,
00121411,
00232424,
00222423,
00232323,
00222323,
00222424,
00242525,
00242525,
00232524,
00232424,
0011111f,
001f1f1f,
00212222,
00100b17,
000b081c,
00111725,
00232a32,
0023292f,
0025292f,
0020252b,
001b232d,
0017202e,
00232426,
00242626,
00242626,
00262727,
00272727,
00262727,
00262727,
00272828,
00272828,
00272828,
00272826,
00272827,
00292928,
00282928,
00282928,
00292929,
002a2a28,
002a2b29,
002b2d2a,
002c2e2c,
002f322f,
00353733,
002a2c29,
00292b28,
00272926,
00252725,
00232424,
00242525,
00242525,
00242424,
00232424,
00222323,
00212322,
00222425,
00060f11,
00090d12,
00080c10,
00060b0a,
00060a04,
00080c06,
00060d04,
00060d04,
00050b03,
00040b03,
00070f0c,
00070a0b,
000d0810,
001b141b,
00262625,
00212524,
000a1111,
00211f20,
001e201f,
001b1c1c,
001a1b1b,
001c1d1d,
00161616,
00161b1b,
00050f10,
00090506,
001e1f20,
00202020,
001a1e21,
0014141d,
0012111b,
0011101a,
0013131b,
0013131c,
0011121d,
0013121d,
0011101b,
000e0d18,
00141320,
000c0c17,
000d1019,
000f141c,
000f0d19,
00232124,
00212223,
00222323,
00222323,
00212322,
00212222,
00222323,
00222323,
00222323,
00222323,
00222323,
00222323,
00222423,
00222323,
00222323,
00222323,
00222323,
00222323,
00222323,
00222423,
00222323,
00232424,
00232424,
00232424,
00222424,
00232424,
00232424,
00222423,
00222423,
00232424,
00232424,
00232424,
00232424,
00232524,
00242525,
00242525,
00242525,
00242525,
00242525,
00242525,
00232525,
00232625,
00242525,
00242525,
00242525,
00242525,
00242525,
00242525,
00242525,
00242625,
00242625,
00242625,
00242625,
00252626,
00252626,
00242625,
00242525,
00242525,
00252626,
00242626,
00252626,
00252626,
00242625,
00242626,
00252626,
00242625,
00252626,
00252626,
00252626,
00252626,
00252626,
00252626,
00252626,
00252626,
00252626,
00252626,
00242626,
00242626,
00252626,
00252626,
00252626,
00252626,
00252626,
00262626,
00252626,
00252626,
00252626,
00252626,
00242626,
00252626,
00242626,
00242626,
00252626,
00252626,
00252626,
00242625,
00252626,
00252626,
00252626,
00242525,
00242525,
00232525,
00212223,
001f2123,
001e1e24,
0011192b,
000b0e29,
000b0d28,
000c0d27,
0009091d,
00080a1d,
000b0e26,
000c0e27,
000b0e26,
000b0d27,
000b0d28,
000b0d27,
000b0e28,
000b0e26,
000a0c27,
00090c26,
000b0e26,
000a0d24,
00101b27,
001e2029,
0002050b,
00081725,
00232525,
00242626,
00252726,
00252626,
00252726,
00252626,
00252726,
00252726,
00262727,
00252726,
00252626,
00252726,
00252626,
00242626,
00242625,
00161a21,
00071b24,
00061b24,
00061b24,
00142124,
00112124,
00101b19,
000b1816,
00081514,
000d1a1b,
000f1d15,
00111d14,
000a150d,
00111811,
00171f16,
000a0e09,
00222424,
00232424,
00222323,
00222323,
00212323,
00222424,
00232424,
00232424,
00232525,
000d1121,
001c2120,
00202121,
00201c22,
000d081d,
0016212b,
0020282e,
0024262d,
0024252c,
001c1d23,
001b222d,
0018222b,
00232526,
00242526,
00242626,
00262727,
00272727,
00262727,
00262727,
00262827,
00272827,
00272827,
00272827,
00272927,
00292928,
00292928,
00282928,
00292a28,
00292a28,
002a2b29,
002c2d2b,
002d2f2c,
0031332f,
00363834,
002b2d2a,
00292b29,
00272927,
00262726,
00262726,
00252625,
00252625,
00242424,
00242424,
00222423,
00222323,
00212121,
00262b2b,
00090b0e,
00070a09,
00060904,
000c0e09,
001d221f,
0018201c,
00050d04,
00050c03,
00050b03,
00040b07,
00060d0b,
000a0710,
0019151e,
001d181e,
001a1b1b,
00202222,
00212120,
00202121,
001e1f1f,
001c1d1d,
00191a1a,
001a1b1a,
001b1d1d,
00081213,
00080506,
001d1a1a,
001f2020,
001d2021,
0011151b,
000f111d,
000d0d1a,
00100f1a,
0012121c,
0011121c,
0011121b,
000c0d1a,
000b0a13,
000d0c16,
000c0e16,
000c131a,
000c1119,
000d0c17,
001f1b22,
00212222,
00212222,
00212222,
00212222,
00212222,
00222323,
00222323,
00222323,
00222323,
00222323,
00222323,
00222323,
00222323,
00222323,
00222323,
00222323,
00222323,
00222423,
00222423,
00232424,
00232424,
00222423,
00222423,
00222423,
00222424,
00222323,
00222424,
00212322,
00222323,
00232424,
00232424,
00222423,
00232424,
00232524,
00242525,
00242525,
00242525,
00242525,
00242525,
00242525,
00232525,
00242525,
00242525,
00242525,
00242525,
00242525,
00242525,
00242525,
00242525,
00242625,
00252626,
00252626,
00242525,
00252626,
00242626,
00252525,
00252626,
00252626,
00242626,
00252626,
00252626,
00242626,
00242626,
00252626,
00252626,
00252626,
00252626,
00252626,
00252626,
00252626,
00252626,
00252626,
00242625,
00242626,
00242626,
00242626,
00252626,
00252626,
00252626,
00252626,
00242626,
00252626,
00252525,
00252626,
00252626,
00252626,
00252626,
00252626,
00252626,
00242625,
00242626,
00242626,
00242626,
00252626,
00252626,
00252626,
00252626,
00252626,
00242525,
00242525,
00232525,
00222324,
001f2123,
001e1e23,
00101d25,
000d0f29,
000c0e29,
000b0d27,
00090a1f,
0008091b,
000a0d24,
000a0e26,
000a0d25,
000b0d27,
000b0d28,
000c0e28,
000b0e26,
000c0e27,
00090d26,
000a0d26,
000a0d25,
000b0e26,
00081323,
00061118,
0007131a,
000a1d27,
0024282d,
00242625,
00242626,
00252626,
00252626,
00242626,
00242626,
00252626,
00252626,
00252626,
00252626,
00232524,
00242525,
00242625,
00242526,
000d1b23,
00071b24,
00071b24,
00071b23,
000d2327,
000d2327,
000b2224,
000c2326,
000a2326,
000c2527,
000b2225,
000b2326,
000e242a,
0010252a,
00122529,
00182625,
00222424,
00222424,
00222323,
00212222,
00202222,
00212322,
00222424,
00222423,
001c1c22,
000b1221,
0013191f,
001d1e1e,
00222223,
0007071c,
0018232c,
00242a31,
00212125,
0019181d,
0024232a,
001a222f,
001e2328,
00232526,
00242626,
00252727,
00262727,
00272727,
00262727,
00262727,
00262827,
00272827,
00272827,
00272827,
00272927,
00292928,
00282928,
00292928,
00292a28,
002a2b29,
002b2c2a,
002c2e2b,
002e302d,
00323431,
00393c37,
002c2d2b,
002a2c29,
00282a28,
00262826,
00262726,
00262625,
00262525,
00232525,
00232524,
00232424,
00222323,
00232222,
00262726,
000c0607,
00080704,
00070803,
001f1f20,
0020201f,
001e2120,
00030d05,
00060c04,
00050b03,
00050b05,
00050e0b,
0008090e,
000e0b14,
0019141b,
001f2223,
001f1d20,
00212020,
001f2020,
001e201f,
001b1d1d,
000d0d0d,
00191a1a,
00111212,
00121a1b,
00030606,
000f0809,
001e201f,
001e2020,
001a2120,
000c101e,
000d111d,
000d101b,
000f101b,
0011131d,
000e0f1a,
000b0e1a,
000b0e15,
000b0d14,
00090a12,
000c1219,
000b1018,
000d0e17,
0013121d,
00202221,
00202221,
00212222,
00212222,
00212222,
00212322,
00222323,
00222323,
00222323,
00222323,
00222323,
00222323,
00222323,
00222323,
00222323,
00222423,
00222323,
00232424,
00232424,
00232424,
00232424,
00232424,
00222424,
00232424,
00222423,
00222423,
00212323,
00222323,
00232424,
00222423,
00222423,
00222423,
00232424,
00222323,
00232424,
00232424,
00232424,
00242525,
00242424,
00242525,
00232525,
00242525,
00242525,
00242525,
00242525,
00242525,
00242525,
00242525,
00252525,
00242525,
00252626,
00252626,
00252626,
00252626,
00252626,
00252626,
00252626,
00252626,
00252626,
00242626,
00242626,
00252626,
00252626,
00252626,
00252626,
00252626,
00252726,
00252726,
00252626,
00242626,
00252626,
00242626,
00252626,
00232525,
00232525,
00242625,
00242625,
00242626,
00252626,
00242625,
00242525,
00252626,
00252626,
00242625,
00242625,
00242626,
00252626,
00252726,
00252626,
00242626,
00242626,
00242626,
00242626,
00252626,
00252626,
00252626,
00252626,
00252525,
00242525,
00242525,
00232425,
00222324,
001f2122,
001d1e23,
0007111a,
000c0f28,
000b0e28,
000b0d27,
000a0b22,
000a0b21,
00090d22,
000a0e26,
000a0d25,
000a0d26,
000c0e27,
000b0e26,
000b0e29,
000c0d28,
000c0d29,
00090c26,
00090d25,
000b0e27,
00040c22,
00031015,
000b171e,
00081d24,
0010141f,
00232525,
00242625,
00242525,
00242625,
00242625,
00242625,
00242625,
00232525,
00242525,
00242525,
00242525,
00232424,
00242525,
00262527,
00081a24,
00071b23,
00071b24,
00061c23,
000d2228,
000e2327,
00081514,
000e2326,
000e2429,
000d2329,
000d2228,
000c2227,
000c2227,
000d2329,
000e2329,
001c2527,
00232524,
00232424,
00222323,
00212222,
00202222,
00202222,
00212323,
00222423,
0015131e,
00081222,
00080f18,
00212321,
00232325,
00111928,
001d262f,
0026282e,
002d2f30,
002f2f2f,
0025242b,
0019232d,
00222425,
00232526,
00242626,
00252727,
00262727,
00262727,
00262727,
00262727,
00272828,
00272828,
00272827,
00272827,
00272928,
00292928,
00282928,
00282928,
00292a29,
002a2b2a,
002b2c2a,
002c2e2b,
002f322e,
00343732,
003b3f39,
002e2e2b,
002b2c2a,
00282a29,
00272827,
00262827,
00252726,
00252625,
00242525,
00242525,
00232424,
00222323,
00222323,
001f1e1e,
000a0503,
000b0605,
00201e1e,
001e201e,
001f2020,
00202121,
00181f1b,
00060b04,
00050b04,
00050b03,
00060f0c,
0006090c,
000b0813,
0017151e,
00242424,
00141116,
00202020,
00202020,
001e201f,
001b1c1c,
001a1b1b,
001a1b1b,
00181919,
00171d1c,
00060c0d,
000a0606,
001e1f1f,
001f2020,
001c201f,
000b111b,
000b101d,
000b101c,
000c111b,
000e121d,
000e121c,
000a0f1a,
000b0e17,
000c0e16,
000d0f16,
000b0e16,
000a0e16,
00111118,
00171920,
001f2120,
00202122,
00212222,
00212222,
00212222,
00212222,
00222323,
00222323,
00222323,
00222323,
00222323,
00222323,
00222323,
00222323,
00222323,
00222323,
00222323,
00222423,
00232424,
00232424,
00232424,
00232424,
00222424,
00232424,
00222423,
00222423,
00222424,
00222323,
00222323,
00222323,
00222423,
00222323,
00222423,
00232424,
00232424,
00232424,
00232424,
00232424,
00232524,
00232525,
00232525,
00242525,
00242525,
00242525,
00242525,
00232525,
00232525,
00242525,
00252525,
00242525,
00242625,
00242525,
00252626,
00252626,
00252626,
00252525,
00252626,
00252626,
00252626,
00242626,
00252626,
00242626,
00252726,
00252726,
00252726,
00252626,
00252626,
00252626,
00262626,
00252626,
00252626,
00242625,
00242525,
00232525,
00232625,
00242626,
00242626,
00242626,
00252626,
00242625,
00252626,
00242625,
00252626,
00242626,
00232625,
00242626,
00252626,
00252626,
00252626,
00242626,
00252626,
00242626,
00252626,
00242625,
00252626,
00242626,
00242626,
00242626,
00242625,
00242525,
00232525,
00222324,
00202223,
001d1f23,
00010d12,
00090e24,
000c0e28,
000c0e27,
0007091e,
00090a20,
00090c20,
000a0e26,
000b0e26,
000b0e26,
000c0e27,
000c0e27,
00090817,
00070814,
000d0f21,
000a0d25,
00090c25,
000a0d27,
000a0f28,
000c1b20,
0007131c,
00091c25,
00060d1c,
00212424,
00232424,
00232525,
00232524,
00232424,
00232525,
00222524,
00222424,
00232424,
00232424,
00232524,
00232424,
00232424,
001b1e22,
00081a22,
000b1b22,
00051b24,
000d2227,
000c2025,
00071415,
001a2827,
00020b0a,
00010b0a,
000d1b1b,
00142324,
00192627,
001a2828,
000f2327,
000f2328,
00222426,
00242424,
00232424,
00222323,
00212222,
00202222,
001f2122,
00202222,
00232424,
00171322,
000a1221,
00080e1b,
001e1e1f,
000f0a14,
00131f2c,
001c232a,
00242629,
001f201f,
00323133,
0025262e,
0019232b,
00242427,
00232526,
00242626,
00262727,
00262727,
00262727,
00262727,
00272828,
00272828,
00272828,
00272828,
00272827,
00272928,
00292928,
00282928,
00282928,
00292a29,
002a2c29,
002c2d2b,
002d2f2c,
00313330,
00373935,
003d3f3c,
002d2f2c,
002c2e2b,
00292b29,
00282928,
00272828,
00262726,
00252625,
00262626,
00242525,
00232424,
00232424,
00222323,
00232122,
00252724,
000e0504,
001f1f1e,
001f211f,
0021201f,
00202221,
001d211f,
00030b04,
00040b03,
00050b03,
00040c08,
00060d0b,
00090610,
0017151d,
001d1a1e,
001b1b1f,
00222121,
00212020,
001e201f,
00121011,
00191b1a,
001a1b1b,
001d1d1d,
001a1c1c,
00061011,
00070506,
00201e1e,
001e201f,
001e1f20,
0012191d,
000a101d,
000a101d,
000b0f1b,
000d111b,
000d111c,
000d111c,
000b0f17,
000b0d15,
000b0d13,
000b0b12,
000a0e15,
000e0f15,
001c1f1f,
001f2020,
00202121,
00202221,
00202222,
00202221,
00212222,
00212322,
00212322,
00212322,
00212322,
00222323,
00222323,
00232323,
00222323,
00212323,
00222423,
00232424,
00232424,
00232424,
00222424,
00232424,
00232423,
00232423,
00222423,
00222423,
00222423,
00222423,
00232424,
00232423,
00232424,
00232424,
00222424,
00222424,
00222424,
00232524,
00232424,
00222524,
00222424,
00232524,
00232524,
00232524,
00232524,
00242524,
00242524,
00232524,
00232424,
00232424,
00232524,
00242525,
00242525,
00232525,
00242525,
00242625,
00242625,
00242625,
00242625,
00242625,
00242625,
00252626,
00252626,
00252626,
00252626,
00252626,
00252626,
00252726,
00252626,
00252626,
00252626,
00252626,
00252626,
00252626,
00252626,
00242626,
00242525,
00242525,
00242625,
00252626,
00252626,
00242626,
00252626,
00252626,
00252626,
00252626,
00252626,
00252626,
00242625,
00242626,
00252626,
00242625,
00242626,
00252626,
00252626,
00252626,
00252626,
00242525,
00252626,
00242625,
00242525,
00242525,
00242525,
00232524,
00222424,
001f2223,
001e1f23,
00111d21,
00090f21,
000c0e27,
000c0e28,
000a0c25,
00090a1d,
00070a1d,
000a0e25,
000c0e26,
000b0e26,
000c0e28,
000e0f24,
000d1418,
00131d22,
00000007,
0006030f,
000b0c1f,
000a0d25,
000b0e26,
000a1b22,
000c1a22,
000a1b23,
000c1826,
00202223,
00222324,
00222424,
00222424,
00222424,
00242424,
00222424,
00222424,
00222424,
00232424,
00232424,
00232424,
00222323,
00141b21,
00081319,
00091b23,
00061a23,
000e2127,
00000811,
00050d0c,
000e1a19,
000e1614,
00000805,
00060e0c,
000f1615,
0009100e,
00101b19,
000e2124,
00132427,
00242525,
00242525,
00232524,
00222423,
00212322,
00202222,
001f2021,
001e2121,
00211f24,
000f0d1b,
00101220,
00080f1d,
001d2127,
00101321,
0016232d,
001e2228,
00242526,
002c2b2b,
00262427,
001d232c,
001d2428,
00232526,
00242527,
00242626,
00252726,
00262727,
00272727,
00262827,
00272828,
00262827,
00272828,
00272828,
00282928,
00282928,
00282928,
00282928,
00292a29,
00292a29,
002a2c29,
002c2d2b,
002e2f2d,
00323431,
00383b38,
003d3e3d,
002e302e,
002d2e2c,
00292b29,
00292a28,
00272928,
00262827,
00262726,
00262626,
00242625,
00242525,
00232424,
00222323,
00232222,
00313634,
00080502,
001f1f1e,
001e201e,
00080505,
00202121,
001e2220,
00040c04,
00040c03,
00040b03,
00040b05,
00060e0c,
0008080f,
000b0812,
0016131a,
00222426,
00221d20,
00202020,
001f2120,
00191919,
00191b1a,
000e0c0c,
001b1c1c,
00181919,
000f1719,
00050506,
00130b0c,
001e2020,
001f1f20,
001a2021,
000b111b,
000b0f1c,
000b0f1c,
000c101c,
000c111b,
000d101a,
000c1019,
000b0f16,
000b0e15,
000a0c13,
00090d14,
000d0d15,
001e1f1e,
001f2121,
00202121,
00202121,
00202221,
00212222,
00212222,
00212222,
00212222,
00212222,
00212322,
00222323,
00212322,
00222323,
00222323,
00222323,
00232323,
00222424,
00222423,
00222423,
00232424,
00232424,
00232424,
00232424,
00232424,
00222424,
00222423,
00222524,
00222424,
00232424,
00232424,
00232424,
00232424,
00232424,
00242525,
00232525,
00232525,
00232525,
00232525,
00222424,
00232525,
00232525,
00232424,
00232425,
00242525,
00232525,
00232524,
00232524,
00232525,
00232525,
00242625,
00242525,
00242525,
00242525,
00242525,
00242525,
00242525,
00242525,
00242525,
00252626,
00252626,
00252626,
00252626,
00252626,
00252626,
00252726,
00252626,
00252626,
00252626,
00242626,
00252626,
00252626,
00252625,
00242626,
00252626,
00242525,
00242525,
00252525,
00252626,
00252626,
00252726,
00252626,
00252626,
00252626,
00252626,
00252626,
00242626,
00242626,
00242525,
00242626,
00242626,
00242626,
00252626,
00252626,
00242525,
00242625,
00242626,
00242626,
00242625,
00242525,
00242525,
00232525,
00232424,
00202223,
001e2022,
00141d23,
00080d1d,
000b0e27,
000c0f29,
000b0d25,
00090a1a,
0007091b,
00090c26,
000b0e26,
000b0e26,
000c0e28,
000c0f26,
00070d12,
00051d22,
00061d22,
00102429,
00000006,
000c0c1c,
00090d25,
000c1d26,
00081d22,
00051216,
000a1e26,
00212429,
00222324,
00222424,
00222424,
00232424,
00232424,
00222424,
00232424,
00222423,
00222424,
00222323,
00222423,
00222424,
0001080d,
0000070c,
00061a22,
00061b23,
000d2127,
000d131c,
00262f31,
001d2c2c,
00182528,
00232c2d,
001c282b,
000b1515,
001a2423,
00060c0b,
00131c21,
001f2527,
00232525,
00232525,
00232525,
00222423,
00212222,
00202122,
001e2021,
001d1f20,
001f1f23,
0015141f,
0013131e,
000a1121,
00090e1d,
000e1826,
0016212c,
00202027,
00262526,
001e1d1d,
00222127,
0019222a,
00212426,
00232527,
00242626,
00252726,
00252726,
00262727,
00262727,
00262828,
00272828,
00262827,
00272828,
00272828,
00282928,
00292928,
00282928,
00292a28,
00292a29,
002a2b29,
002b2c2a,
002d2e2c,
002f312f,
00333531,
003c3e3b,
003e403f,
00313330,
002e2f2d,
002b2c2b,
00292a29,
00282928,
00272827,
00272726,
00262726,
00252625,
00242525,
00232524,
00232424,
00232323,
002a2b2a,
001c1f1b,
00201e1e,
001e1f1e,
00171614,
00202120,
001e221f,
00060c05,
00050c04,
00050b04,
00050b03,
00050d0a,
0006090c,
000b0712,
0013121a,
00232323,
00120e14,
0020201f,
001f2120,
001a1c1c,
00181a1a,
00161415,
001c1d1d,
00161616,
00161b1c,
00060b0d,
000d0607,
001e1e1f,
001f2020,
001c1f1f,
00090d14,
000c101b,
000b101c,
000d111b,
000b0d17,
000a0d15,
00090f18,
000a0f17,
000a0f16,
000b0f17,
00090e15,
000b0e16,
001f2020,
001f2120,
001f2120,
00202121,
00202121,
00202121,
00212222,
00212222,
00212222,
00212222,
00212322,
00212322,
00212322,
00222323,
00222323,
00222323,
00101114,
00151316,
00161719,
001b191c,
001f1e20,
001e1e20,
001d1f1f,
00222423,
00212222,
00242525,
00212323,
00242526,
00232425,
00232424,
00262728,
00252626,
00212322,
00222424,
00232524,
00232524,
00222423,
00232424,
00232524,
00242525,
00232424,
00242625,
00222524,
00222424,
00242524,
00242525,
00232424,
00232524,
00242525,
00242625,
00242525,
00252525,
00242625,
00252626,
00242525,
00242525,
00242525,
00242525,
00242525,
00252626,
00242626,
00242625,
00252626,
00252626,
00252626,
00252626,
00242625,
00242625,
00242625,
00242626,
00252626,
00252626,
00242625,
00242626,
00242626,
00252626,
00242626,
00242525,
00242525,
00252626,
00252626,
00252626,
00252626,
00252626,
00242625,
00252626,
00242626,
00242626,
00252626,
00242625,
00242626,
00242626,
00252626,
00242626,
00242626,
00242626,
00242626,
00242525,
00232525,
00242525,
00242525,
00242525,
00232424,
00212323,
001e2123,
000f1820,
000d1123,
000c0f28,
000c0f28,
000c0e25,
000a0b1e,
00090918,
000a0c23,
000b0e25,
000b0e26,
000b0f28,
000d0f28,
00050613,
0003090e,
000d2025,
00051d22,
000a1d22,
00010308,
000a0c1e,
00080f22,
00071b21,
0000050d,
000a1c25,
000b0f1d,
00222323,
00222424,
00222424,
00232424,
00222424,
00222423,
00222324,
00222323,
00212323,
00212323,
00202323,
001c1d1f,
00010c11,
00031116,
00051a23,
000a2126,
000d2126,
000d101a,
00111323,
000e1820,
00000c10,
001e2b2d,
000e171c,
00040304,
00090309,
00000103,
00102327,
00232426,
00232525,
00242625,
00242424,
00232424,
00212322,
001f2122,
001e2021,
001e1f22,
000f1316,
000a0912,
0010101b,
000b1322,
000a1322,
00121e2c,
001c242c,
00151521,
00262628,
0028272b,
00232730,
001a232a,
00232426,
00242526,
00242626,
00252727,
00262727,
00262727,
00262727,
00262828,
00262828,
00272828,
00272828,
00272927,
00282927,
00292928,
00282928,
00292a29,
00292a29,
002a2b29,
002c2d2b,
002d2f2c,
00303230,
00373835,
003e3f3d,
003f3f3f,
00323632,
002e302d,
002c2e2b,
002a2b29,
002a2a29,
00272928,
00272827,
00262726,
00262626,
00242625,
00242525,
00232424,
00232323,
00242122,
001e2522,
00130b0c,
001f1f1e,
001c201d,
001f1e1e,
00080a06,
00060c04,
00070c04,
00050b04,
00050a03,
00030b06,
00070c0b,
000a0713,
0013121b,
00181518,
0018191c,
00222122,
00202020,
001d1f1e,
00111212,
001b1a1a,
00171717,
001a1a1a,
00171a19,
00060f11,
00080606,
00211f1f,
001f2020,
001e201f,
0012181a,
00080b12,
00070a13,
00080b13,
000a0d16,
00090e17,
00090f18,
000a0f18,
000a0f17,
00090e16,
00090e18,
00090f17,
001c1c1d,
00202121,
001f2020,
001f2120,
00202121,
00202121,
00202121,
00212222,
00212222,
00212222,
00212222,
00212222,
00212222,
00212222,
00212222,
00212222,
000c1519,
000d161a,
000b151a,
000b1319,
00070e13,
0002060c,
0001050a,
0003050a,
0003050a,
0006080c,
00050508,
0007070b,
0006070b,
0006070b,
00090a0f,
000c0e13,
00040508,
00060509,
00111013,
000a0c10,
0006090d,
000b0c10,
0005070b,
000a0b0f,
0008080c,
000c0e12,
0012171a,
000b0d11,
000c0d11,
000f1012,
000b0c0e,
00161619,
00101215,
00141619,
00262626,
00252626,
00252626,
00252626,
00242625,
00252626,
00242525,
00242625,
00242625,
00252626,
00252626,
00252626,
00252626,
00242625,
00252626,
00252626,
00252626,
00252626,
00252626,
00252626,
00252626,
00242625,
00252625,
00252626,
00242626,
00242625,
00242625,
00242626,
00242525,
00242525,
00242625,
00242625,
00242525,
00252625,
00252625,
00242525,
00242625,
00242625,
00252626,
00242625,
00242626,
00242626,
00252626,
00242626,
00242626,
00242626,
00242626,
00242625,
00242525,
00242525,
00242626,
00242625,
00222524,
00212324,
001f2124,
0010171b,
000e1327,
000c1028,
000c0f28,
000b0e28,
000a0c24,
000a0c22,
00090d25,
000a0e26,
000b0e27,
000c0e27,
000b0f29,
000b0f27,
00090a19,
00020209,
00091117,
00091e22,
00091e23,
0001040a,
000b0d1e,
00030516,
0008101e,
00000111,
000a0e24,
00222324,
00212424,
00222424,
00222424,
00222423,
00222323,
00222323,
00212323,
00212322,
00212322,
00212322,
0012151a,
00111a1d,
00031015,
00051a24,
000b2226,
000c2126,
00090e18,
000b101e,
00121e25,
00192728,
00030d09,
000c0f09,
001d1111,
00150d13,
00192328,
00142427,
00232525,
00242625,
00242525,
00242525,
00232424,
00222323,
001f2121,
001d1f21,
001f2023,
00131920,
0017181e,
000d0b18,
000e1120,
000a1423,
00111e2a,
001e262d,
001b1b24,
00343337,
001d1b24,
001d242e,
001d2325,
00222526,
00242626,
00252726,
00252727,
00262727,
00262727,
00262727,
00272828,
00262828,
00272828,
00272828,
00282928,
00282928,
00282928,
00282928,
002a2a29,
002a2b28,
002b2b29,
002c2e2b,
002e2f2d,
00323430,
00393a37,
003f3f3e,
00403f3f,
00343734,
002f312e,
002d2e2c,
002b2c2a,
00292a28,
00282928,
00272827,
00262726,
00262727,
00252626,
00252626,
00242525,
00242424,
00232223,
002f3431,
000e0404,
001f1f1e,
001e1f1e,
00030502,
00090d07,
00070c04,
00080e07,
00050b04,
00050a03,
00030a04,
00060d0b,
00080810,
000d0a15,
0017141b,
00222324,
00211d20,
00202020,
001f2020,
00131514,
00171717,
00171818,
001b1c1c,
00171919,
000e1617,
00050405,
00120d0d,
001f2020,
001f1f1f,
00181e1e,
00071017,
00090f17,
000a0f17,
00090f18,
00091018,
00091018,
00091018,
00091018,
00080f18,
00090f18,
00080f17,
0017151a,
00202021,
001f2021,
001f2020,
001f2120,
00202021,
00202121,
00202221,
00212222,
00212222,
00212222,
00212222,
00212222,
00202221,
00212222,
00212221,
000c1619,
000b161b,
000b171b,
000a151a,
00051115,
00051014,
00050e13,
00050c10,
00081015,
000c191d,
00121f21,
00192325,
00282f30,
00303939,
00273234,
001b292c,
00151d20,
000c1317,
0002070d,
00060c11,
00060e12,
00030a0f,
0001090e,
00010a0e,
00071015,
000f1a20,
00101e22,
000c171c,
00070f15,
00061014,
00020b10,
00020b10,
0009151b,
000c171d,
00252626,
00252626,
00252626,
00242626,
00252626,
00252626,
00252626,
00252626,
00242626,
00252626,
00252626,
00252626,
00252626,
00252726,
00252626,
00252626,
00252626,
00252626,
00252626,
00252626,
00252626,
00252626,
00252726,
00252626,
00252726,
00252726,
00252626,
00252726,
00252726,
00242525,
00252626,
00252626,
00252626,
00252626,
00252626,
00252626,
00252626,
00252626,
00252626,
00252626,
00252626,
00252626,
00252626,
00252626,
00252626,
00252626,
00252626,
00242626,
00242625,
00252626,
00252626,
00242626,
00232525,
00222425,
00202225,
001a1c22,
000f1227,
000d1028,
000c0f29,
000b0e28,
000a0e27,
000a0c24,
000a0d26,
000a0e26,
000b0e27,
000b0e27,
000c0e29,
000c0e27,
00090916,
0009080d,
0008060c,
00091319,
00071e23,
000b1e23,
0001020a,
000a0f23,
000b0e26,
000b0e27,
000a0e26,
001f2223,
00212324,
00212323,
00222423,
00222425,
00222323,
00222323,
00212323,
00202322,
00202222,
00202121,
0013181d,
00070c0b,
00031014,
00051922,
000c2226,
000c2127,
00111520,
000c1017,
0011191d,
001c2626,
00161b17,
00161611,
00170e0f,
000d0c12,
000f2429,
001e2527,
00242525,
00242525,
00242525,
00242525,
00242525,
00222323,
001f2122,
001c1f21,
000c0c14,
00141821,
00181a1e,
000d0819,
000d0c1b,
000f1a29,
0014202d,
00212630,
0025262f,
00201d2a,
00242830,
0019242c,
00212425,
00232526,
00242627,
00252726,
00252727,
00262727,
00262727,
00262727,
00272828,
00272828,
00272828,
00272928,
00282929,
00272928,
00282928,
00282a28,
002a2a29,
002a2a28,
002b2c2a,
002d2e2c,
0030312f,
00343632,
003d3f3c,
003f3f3f,
003f403f,
00393c37,
00313431,
002f2f2d,
002b2c2a,
002a2c29,
00292a29,
00272928,
00272827,
00262727,
00252726,
00252626,
00242625,
00242424,
00242424,
002a2b29,
00191c18,
00231f20,
0020201f,
00141814,
00191c19,
00080d05,
00090f09,
00030b05,
00040b03,
00050a04,
00060d0a,
0006080a,
000b0816,
0013101c,
00211f22,
00120f14,
0021201f,
00202020,
00191b1b,
00151515,
001b1d1d,
001b1c1c,
001a1b1b,
00161b1c,
00060a0b,
000d0708,
00201f1f,
001f1f1f,
001d1f1f,
000c151a,
000a1118,
000c121a,
000b1219,
000a121a,
000b1119,
000c1219,
000a1119,
00091019,
00090f19,
00080f18,
000e0e16,
001f2020,
001f2021,
001f2020,
001f2020,
001f2020,
00202120,
00202121,
00202221,
00212222,
00212222,
00212222,
00212222,
00212222,
00202222,
00202222,
00101a1d,
000c161c,
000b181c,
000a161a,
00101d22,
00121f23,
00132022,
000e1a1d,
00081418,
00061015,
00050e13,
000e1a1b,
00182323,
00222d2d,
001e292b,
00122125,
001b272b,
001e2b2e,
000e1b1e,
000d1a1c,
00121f22,
00101e20,
00101f22,
00122125,
00162327,
001b2729,
001c292b,
0019282a,
00172526,
00111f21,
00162426,
00162326,
001b282b,
00172729,
00232525,
00242525,
00242525,
00242625,
00252626,
00252626,
00252626,
00252626,
00242626,
00252726,
00252626,
00252626,
00252726,
00252626,
00252626,
00252626,
00252626,
00252626,
00252626,
00252626,
00252626,
00252726,
00252726,
00252626,
00252726,
00252726,
00252626,
00252626,
00252726,
00242625,
00242525,
00242626,
00242626,
00242626,
00242626,
00242626,
00252626,
00252626,
00252626,
00252726,
00252626,
00252626,
00252626,
00252626,
00242625,
00252626,
00252626,
00252626,
00252626,
00252626,
00252626,
00252626,
00232525,
00232425,
00202224,
001d1e24,
000f1227,
000d1028,
000b0f2a,
000b0e29,
000b0e28,
000a0e26,
000a0e26,
000a0e26,
000a0e27,
000b0f27,
000b0f28,
000b0d25,
0005080d,
00142328,
00060f13,
00000308,
0007171b,
000b1f22,
00102125,
00070713,
000c0f27,
000c0f28,
000b0e27,
001e2227,
00212324,
00222424,
00222323,
00222423,
00222323,
00212323,
00212222,
00212222,
00212222,
00212122,
00050a09,
00030907,
0003121a,
000a1f25,
000c2226,
000d2227,
00050b12,
000a0c0e,
00080a0b,
0010110f,
000d0d0d,
00130d0c,
00040609,
00102327,
000d2226,
00252626,
00242525,
00242525,
00252626,
00242625,
00242525,
00222423,
001f2022,
001c1d1f,
0010121b,
00151721,
00181d20,
00090717,
000d1221,
000f1d2a,
00131f2b,
0020272e,
0013121c,
00282a30,
001a232c,
001b2329,
00222425,
00232626,
00242626,
00252727,
00262727,
00252727,
00262828,
00262827,
00272828,
00272828,
00272828,
00282929,
00272928,
00272928,
00282928,
00282a29,
002a2a29,
00292929,
002c2e2b,
002e2f2c,
00313330,
00363934,
003d3f3d,
003f3f3f,
003f3f3f,
003d403a,
00333632,
002e302d,
002c2d2b,
002a2c29,
00292a29,
00282929,
00272927,
00262827,
00262727,
00262626,
00262626,
00252525,
00242425,
00242222,
00202622,
00110b0b,
001d1f1e,
001f201f,
001d201f,
00050d07,
000c1d1b,
00081c1b,
00040c06,
00050b04,
00050b05,
00050906,
000a0714,
00100e18,
00141116,
00191a1d,
00212121,
00202020,
001d1f1e,
00161717,
00181b1b,
001a1b1b,
001b1d1c,
00191c1c,
00081011,
00080405,
00201d1d,
001d1f1f,
001d1e1f,
0012191b,
000b131a,
000a1119,
000b121a,
000a111a,
000a1019,
000a1118,
00091018,
00091019,
00091019,
00080f18,
000a0e17,
001e1f20,
001f2020,
001f2020,
001f2020,
001f2020,
001f2021,
00202121,
00202121,
00202221,
00202221,
00212222,
00212222,
00212222,
00202222,
00202221,
00162021,
000c181c,
00061318,
00081318,
00091518,
00111a1e,
001a2528,
001d2b2c,
00192628,
00132123,
000b191b,
00061214,
00051114,
000d1a1e,
000f1d1f,
000f1d21,
000f1b1f,
002a3539,
002a3637,
00263536,
00112023,
00142224,
00122224,
00122224,
00121c1f,
00191f21,
00121d20,
00131e22,
00121e21,
00182425,
00283536,
002b3838,
002d393a,
001f2d2e,
00212323,
00222323,
00232424,
00242525,
00242525,
00242625,
00252626,
00252626,
00252626,
00252726,
00262626,
00252626,
00252626,
00252626,
00252626,
00252626,
00252626,
00252626,
00252626,
00262727,
00252726,
00242626,
00252727,
00262727,
00242626,
00252726,
00252726,
00252726,
00252726,
00242626,
00242625,
00242626,
00252626,
00252726,
00252726,
00252726,
00252726,
00252726,
00242626,
00252626,
00252626,
00252727,
00252726,
00252626,
00252626,
00252626,
00252626,
00252626,
00252626,
00252626,
00252525,
00242626,
00242626,
00232425,
00202225,
001f2024,
000f1228,
000d1027,
000b0e2a,
000b0e2a,
000b0f29,
000a0e27,
000b0e26,
000b0e27,
000b0f27,
000a0e25,
000d0e28,
000e1025,
00141d22,
00081f23,
00071d21,
000b2024,
00132428,
00000105,
00091e21,
0004070d,
000c0f22,
000a0e2a,
000d0f29,
000f1121,
00202223,
00212324,
00212323,
00212323,
00212223,
00212223,
00212222,
00202221,
00202121,
00040605,
00080b08,
00000705,
000a1a20,
000c2227,
000c2227,
000b2226,
0014252a,
000a1013,
0002090a,
00090c0c,
000d0c0b,
00040606,
000e2125,
000d2127,
00172427,
00272626,
00252626,
00252626,
00252626,
00252626,
00242525,
00232424,
001f1f21,
001e1e21,
000f121b,
00151921,
001c2121,
00161621,
000b1623,
000f1e2a,
0014202c,
001c242b,
00242b2f,
0020272e,
0018222e,
001f2326,
00222526,
00242625,
00242626,
00252727,
00262727,
00262727,
00262828,
00262828,
00272828,
00272828,
00282929,
00282929,
00282928,
00282928,
00282928,
00282a29,
002a2b2a,
002c2c2b,
002d2e2c,
002e2f2d,
00333431,
00393b38,
003e3f3d,
003f3f3f,
003f3f3f,
003d3e3b,
00363934,
0030322f,
002d2f2c,
002b2c2b,
002a2b2a,
00292a29,
00282928,
00272827,
00282827,
00272726,
00262726,
00252626,
00242525,
00252424,
00333734,
00060301,
00201f1e,
0020201f,
00121615,
00081615,
00051d1e,
00071e20,
00051816,
00050b03,
00040a04,
00060904,
0008080d,
000e0c14,
0017171b,
00222425,
001e1b1d,
00212020,
00202020,
001d1e1f,
00171918,
001b1a1a,
001c1c1c,
001b1d1c,
000d1517,
00050505,
00140d0e,
001d1f1f,
001d1e1e,
00181e1e,
0009131b,
000b1119,
000e141b,
000f141b,
000b1219,
000c141a,
00091219,
00081019,
00091019,
00091018,
00080f17,
001c1a1d,
001f2021,
001f2021,
001f2021,
001f2120,
00202021,
00202021,
00202121,
00212121,
00212222,
00212222,
00212222,
00212222,
00212222,
00202221,
001a2122,
001f2c30,
001d282d,
000b161a,
00061214,
00051113,
000d1617,
00181e20,
00192627,
001e2d2e,
00232d2f,
001b272b,
00131f23,
00212d30,
000f1e21,
000f1a1f,
000c161a,
000c161b,
00182226,
00111d21,
001d282c,
00232f32,
00182629,
00142325,
00141f20,
00181e20,
00191e20,
00171c1e,
00161c1e,
00182021,
001c2326,
00212829,
00202929,
00162526,
001e2221,
00222223,
00222323,
00232424,
00232424,
00242525,
00252626,
00252626,
00252626,
00252626,
00252626,
00252626,
00262727,
00262727,
00252626,
00262727,
00262727,
00252727,
00262727,
00252727,
00252727,
00262727,
00252726,
00262626,
00252726,
00252626,
00262726,
00262727,
00252727,
00242626,
00252726,
00242626,
00242525,
00262626,
00262626,
00262626,
00262727,
00262727,
00252727,
00262727,
00262727,
00262727,
00262727,
00252626,
00252726,
00252626,
00252626,
00252626,
00252626,
00252626,
00252626,
00252626,
00242626,
00222425,
00212325,
00202025,
00101328,
000e1028,
000b0e2a,
000b0e2a,
000c0f2a,
000c0f29,
000b0e28,
000d0f29,
000b0e27,
000d0c1e,
0005050f,
000c0d24,
00000006,
000f1f26,
00010106,
0011151a,
00111e22,
0004060a,
00010106,
000d1e23,
00060611,
000b0f2a,
000c0f29,
000c0e28,
00202223,
00212324,
00212224,
00212224,
00202223,
00212222,
00202223,
00202121,
00202121,
00090c09,
00080c08,
00040e0e,
00071a22,
000c1f27,
000c2126,
000b2227,
000d2227,
00112429,
000d1b1e,
000a1416,
00182629,
000f2226,
000d2228,
000e2328,
00212726,
00252727,
00262727,
00252626,
00252626,
00252626,
00242525,
00242525,
00202122,
001e1e21,
000d131c,
000d121b,
001f2022,
001c1c23,
00121c28,
00121e2b,
0015202b,
00181d22,
001f2124,
001b232e,
001a232a,
00232426,
00242526,
00242626,
00252726,
00262727,
00262727,
00262827,
00272828,
00272828,
00272828,
00272828,
00282929,
00282928,
00282929,
00282929,
00282a28,
00282a29,
002b2b2a,
002c2c2b,
002d2e2c,
0030312e,
00353632,
003d3f3c,
003e3f3f,
003f3f3f,
00403f3f,
003f403f,
00373a36,
00323431,
002e302d,
002c2d2c,
002a2b2a,
00292a29,
00282928,
00282928,
00282827,
00262726,
00272727,
00262626,
00252526,
00242524,
002c2c2b,
001d1e1c,
00211e1d,
001f201f,
00151a19,
00081a1a,
00081c1c,
00071e20,
00051b1b,
00040b04,
00050a03,
00060904,
00070808,
000c0c12,
001c1a20,
001c1a1d,
00120d13,
00212120,
00202020,
001b1d1d,
001a1b1b,
001a1a1a,
001c1d1d,
001c1d1d,
00151d1d,
0005090a,
000b0506,
001c1d1e,
001d1e1e,
00191d1d,
000d171c,
000b1219,
000e131a,
000f141b,
000c131a,
000d131a,
00091119,
00081019,
00081019,
00091019,
00080f18,
00141519,
001e1f20,
001f1f20,
001f2020,
001f2120,
00202021,
001f2121,
00202121,
00212121,
00202221,
00212222,
00212222,
00212222,
00212222,
00202221,
00181f21,
00172124,
00142023,
00202c2f,
00192528,
00131d21,
00081415,
00050e10,
000c1317,
00111c1d,
00162426,
001b2829,
00172123,
000f1619,
00253234,
00142426,
00132024,
002c3a3c,
001d282b,
00131c21,
000c1419,
000e181b,
001c2a2c,
00142327,
00111e20,
00141c1f,
0012191c,
00151c1e,
0010181a,
00131c1f,
00161d21,
00151d20,
00121c1e,
000f1e21,
001e2222,
00212322,
00222323,
00232424,
00232524,
00242525,
00252626,
00252626,
00252626,
00252626,
00252726,
00252626,
00262727,
00252726,
00252626,
00252626,
00262727,
00252726,
00252726,
00252727,
00252727,
00252726,
00252626,
00252726,
00242626,
00242626,
00252626,
00252626,
00252626,
00252726,
00242626,
00242626,
00242626,
00252626,
00252626,
00252726,
00262727,
00262727,
00262727,
00252726,
00262727,
00252726,
00262727,
00252626,
00252626,
00252626,
00252626,
00252626,
00252626,
00252626,
00252626,
00242626,
00242626,
00232425,
00212325,
00202124,
00111428,
000f1128,
000b0f2a,
000b0e2a,
000b0e2a,
000c0f29,
000c0f29,
000b0f27,
00060714,
0008060c,
0006050a,
000b0e23,
0003030f,
00111f24,
0007070d,
0007060b,
00000206,
00162025,
00060409,
000d1215,
00000006,
000b1029,
000b0f2b,
000b0f28,
00202224,
00202224,
00212223,
00212323,
00212223,
00202122,
001f2122,
00202122,
00212121,
00080c09,
00070c08,
00151f1f,
00091e24,
000a141e,
000a0c17,
0013232a,
000c2227,
00112329,
00112228,
00102328,
000d2127,
000c2227,
000e2328,
000f2226,
00252726,
00262827,
00262827,
00262727,
00252626,
00242625,
00242525,
00242525,
00212021,
001c1b1c,
0010161c,
001b2024,
00222324,
00202025,
0014161c,
001c1c1f,
00232426,
001e2226,
00222325,
001b1e23,
001f2426,
00232526,
00242626,
00242626,
00252727,
00262727,
00262827,
00272828,
00272828,
00272828,
00282828,
00282929,
00282929,
00282928,
00282928,
00282928,
00292a29,
002a2b29,
002b2b2a,
002d2d2b,
002e2f2d,
00323330,
00373934,
003e3f3d,
003f3f3e,
003f3f3f,
003c3f3f,
003f3f40,
003c3e3b,
00343633,
002f312e,
002c2e2c,
002b2c2a,
002a2b29,
002a2a29,
00292928,
00282928,
00272827,
00272827,
00272727,
00262626,
00242624,
00242322,
00212522,
000f0807,
001f1f1e,
001a201f,
00071d1e,
00061918,
00081d1e,
00071d1f,
00010905,
00050a03,
00050903,
00060905,
000a0c10,
00110e13,
00141117,
001c1b20,
00222121,
00202021,
001c1e1e,
00131313,
00131313,
001c1c1c,
001d1e1e,
00171b1b,
00080f11,
00080506,
001f1c1e,
001c1d1d,
001c1d1d,
00151b1d,
000a131c,
000f141b,
000e141a,
000c131a,
000c1219,
000c121a,
0009111a,
0009101a,
0009111b,
00090f19,
000d1017,
001f1f20,
001e1f20,
001e1f20,
001f2020,
001f2021,
00202121,
00212121,
00202121,
00202221,
00212222,
00212222,
00212222,
00212222,
00202221,
00171f20,
00041013,
000a1819,
00162527,
00202d31,
00242e33,
00192326,
000e171a,
00020e0c,
00050b0b,
00081011,
000a1719,
000d191f,
00101619,
000e1618,
00233031,
00152123,
000f1d20,
00101c21,
00071116,
000d181c,
001a2728,
00172627,
00142326,
00122125,
00132225,
00142326,
00122125,
00112024,
00122226,
00152427,
00162428,
00142326,
00142225,
001e2123,
00202221,
00222323,
00232424,
00242525,
00242525,
00252626,
00252626,
00242625,
00252626,
00252726,
00252626,
00252726,
00252726,
00252726,
00252726,
00252727,
00262727,
00262727,
00262727,
00252727,
00252727,
00252726,
00252727,
00252726,
00242626,
00252626,
00252626,
00252727,
00252727,
00252727,
00252726,
00242626,
00242626,
00252626,
00242626,
00252727,
00262727,
00262727,
00262727,
00252726,
00262727,
00262727,
00252626,
00252626,
00252626,
00252626,
00252626,
00252626,
00252626,
00252626,
00242626,
00242626,
00232425,
00212225,
00202125,
00111323,
000f1228,
000b0e29,
000a0e2a,
000b0e2a,
000c0f29,
000c0f29,
000e0e28,
0007060c,
000f1316,
0006050b,
00090a19,
000c0e24,
00020207,
00010107,
0005050a,
0003060b,
000a1e23,
00010107,
0006070c,
00141e21,
000c0f25,
000b0f2a,
000a0e26,
00202328,
00212223,
00222224,
00212323,
00212222,
00202122,
001f2021,
001e1f21,
000b0c0b,
00070b09,
00070b08,
00061212,
00122328,
000b0c1e,
000b0a1b,
000d0e21,
000a0d26,
00080b21,
000c1022,
000b0e23,
0009091e,
00080b1d,
00050e18,
00172327,
00262725,
00262727,
00272727,
00272827,
00262727,
00252626,
00242525,
00242525,
00232323,
001a191a,
0017191d,
000d0d12,
00131318,
001a1d23,
00161419,
00131214,
001f1d20,
00232328,
001e1e24,
00222429,
00212325,
00242626,
00242626,
00242626,
00252727,
00262727,
00262828,
00272828,
00272828,
00272828,
00262828,
00272929,
00282929,
00282929,
00282929,
00292a29,
002a2a29,
002a2b2a,
002c2c2b,
002d2e2b,
002e302e,
00313330,
00393b37,
003e3f3e,
003f403f,
003f3e3e,
002c181b,
003f403f,
003e3f3d,
00363934,
0031322e,
002d2f2d,
002c2d2b,
002b2c2a,
002b2b2a,
002a2a29,
00272827,
00282928,
00272828,
00272827,
00262727,
00252626,
00242322,
00272b29,
00090504,
00211f1e,
001d201f,
00081e1f,
00061b1c,
00051616,
00061a1a,
00020c08,
00050b03,
00050904,
00070a07,
000a0c10,
000f0e12,
00111115,
0014121a,
001c181b,
0020201f,
001e1f1f,
00181a1a,
001a1a1a,
001a1b1b,
000c0e0d,
00181918,
000e1516,
00050506,
000e090a,
001b1c1c,
001b1c1c,
00181c1d,
000c141c,
000d131a,
000d131a,
000d131a,
000e151b,
000e151b,
0009121a,
0009111a,
0009111a,
00081019,
000a0f18,
001e1e20,
001e1f20,
001d1f20,
001f1f20,
001f2021,
001f2121,
001f2121,
00202121,
00202121,
00212222,
00212222,
00202221,
00202221,
00202121,
00182020,
0008161a,
00000b0b,
00020c0e,
00152324,
00283538,
002c3638,
00212c2e,
00142123,
00041113,
00000709,
0001090b,
00010f12,
00081417,
00111d21,
000b151a,
000d191d,
000e1b1f,
00091319,
001b2429,
00172527,
002e3b3d,
00233133,
001d2c2d,
001a292b,
00172629,
00162528,
00152527,
00142426,
00152528,
00152428,
00142327,
00142325,
00142325,
001d2122,
00202222,
00222323,
00232424,
00232524,
00242525,
00242625,
00252626,
00242626,
00252626,
00252726,
00252626,
00252626,
00252626,
00252626,
00252626,
00252727,
00262727,
00262727,
00262727,
00252727,
00252727,
00252726,
00252727,
00252727,
00252726,
00252726,
00262626,
00252727,
00262727,
00262727,
00262727,
00252727,
00252626,
00242625,
00242626,
00252726,
00262727,
00262727,
00262727,
00252726,
00262727,
00262727,
00252726,
00252626,
00242625,
00252626,
00252626,
00252626,
00252626,
00242626,
00242626,
00242626,
00242425,
00222326,
00202124,
00101220,
000f1227,
000b0e29,
000a0f29,
000b0e29,
000b0e29,
000c0f28,
000a0e25,
0007050b,
00000103,
0006060a,
00080814,
000c0e23,
00070d11,
00071e23,
00101a1f,
0006060b,
000e171c,
000a2026,
00000105,
00102123,
00080b1b,
000c0f2a,
000b0f28,
00101421,
00212124,
00212223,
00202222,
00212222,
001f2122,
001f2021,
001d1f20,
000b0c0a,
00060707,
00070a07,
00030e0f,
00112127,
000c0c1d,
000d0c1c,
0021222f,
001f222a,
00191926,
00111223,
001e212a,
001d1d2d,
000e0c23,
00010614,
00222626,
00252725,
00262727,
00262727,
00272827,
00262827,
00262727,
00242625,
00242525,
00232424,
001a191a,
00161517,
00171719,
001c1f21,
00141d28,
00121b27,
00141c27,
00191e27,
001a2029,
001b222b,
0020262b,
00212323,
00242625,
00242626,
00252727,
00252727,
00252727,
00262828,
00272828,
00272928,
00272828,
00272928,
00282929,
00282929,
00282929,
00292a29,
00292a29,
002a2a29,
002b2b2a,
002d2d2b,
002e2f2c,
0030322f,
00343632,
003c3e3c,
003f3f3f,
003f3f3f,
003f3f3f,
002d2425,
003f403f,
003f3f3e,
00393b37,
00333531,
002f302d,
002d2e2c,
002b2d2a,
002b2b2a,
002a2a2a,
00222321,
00282928,
00272927,
00282827,
00282827,
00252725,
00252424,
00262826,
00242725,
00241e1e,
001e1f1f,
00081d1e,
00061717,
00061716,
00061818,
00020e0a,
00060b04,
0009130c,
00080b0b,
00090c10,
000f0e10,
00222323,
00121515,
00120e16,
00211e1f,
0020201f,
00191b1b,
0019191a,
00181a19,
00151616,
00191818,
00161b1a,
0005090b,
00080404,
001a1b1b,
001b1c1c,
00191c1c,
000d141a,
000c131b,
000c131b,
000d131a,
000e141b,
000d141a,
000b131a,
0009121a,
000c131c,
000a121b,
00090f18,
0018181b,
001e201f,
001e201f,
001f1f20,
001f2021,
001f2021,
001f2121,
00202121,
00202121,
00212222,
00212222,
00212222,
00212222,
00212222,
001a2121,
000b171d,
000a161b,
000b1719,
000e191a,
00142023,
001d282b,
00263134,
00253033,
001c292b,
00101e1f,
00071515,
00041213,
000c1b1d,
00122124,
000f1e21,
001b2a2e,
00243336,
00152426,
00081518,
00101d20,
001f2b2d,
00212e30,
001e2b2e,
001e2d2e,
001c2c2d,
00182728,
00172628,
00182729,
00182629,
00162427,
00142326,
00162425,
00142424,
001f2122,
00212222,
00222323,
00232424,
00232525,
00242525,
00242625,
00252626,
00242626,
00242626,
00252726,
00252626,
00262626,
00252626,
00252726,
00252726,
00252726,
00262727,
00262727,
00262727,
00262727,
00262727,
00262727,
00262626,
00252727,
00252626,
00252626,
00252626,
00252726,
00262727,
00262727,
00262727,
00262727,
00252726,
00242626,
00252626,
00252626,
00262626,
00252626,
00262727,
00252726,
00252726,
00262727,
00262727,
00252726,
00242625,
00252626,
00252626,
00252626,
00252626,
00252626,
00252626,
00242626,
00232526,
00222425,
00202124,
00141521,
000f1228,
000b0f28,
000b0f28,
000c0f2a,
000b0e2a,
000b0e28,
000a0e28,
0005040d,
00090c12,
000b0c11,
0005040e,
000e0e23,
0019262b,
000b1f23,
000b1f25,
000f191f,
0006050b,
00122126,
00091f24,
00102025,
00060a15,
000c0f28,
000c0f28,
000a0c23,
00202224,
00212224,
00202223,
00202223,
001f2121,
001e2021,
00232222,
00080707,
00060808,
00060b07,
00132122,
00102129,
00080a1b,
00050819,
0008091a,
00050b17,
0007101e,
0006101c,
00060a1c,
000d0e22,
000e0f21,
00132023,
00262626,
00262726,
00262727,
00262827,
00272828,
00262827,
00262727,
00252626,
00242525,
00232424,
001a1a1b,
001d1b1a,
00202120,
00202126,
0016212b,
001e232a,
001c232a,
001c2228,
001d2328,
0020262c,
0024282a,
00252626,
00242625,
00242626,
00262727,
00262727,
00262828,
00262828,
00272828,
00272828,
00272928,
00282929,
00282a29,
00282929,
00282a28,
00282a29,
002a2a29,
002a2b29,
002c2c2b,
002d2e2b,
002e302d,
00323330,
00373834,
003d3f3e,
003f3f3f,
003f3f3f,
00403e40,
00242120,
003f3f3f,
003f3f3f,
003e3f3c,
00353733,
0031322f,
002e2f2d,
002d2e2b,
002c2c2b,
002a2b2b,
00292a29,
00292a28,
00292929,
00282928,
00272827,
00262726,
002a2b2a,
00232523,
00222522,
000a0605,
001e201e,
000a191a,
00061515,
00061716,
00071a1a,
00020c07,
00050c05,
00040d09,
00080c0d,
000a0c0f,
000e0d10,
00141111,
00242322,
001d2121,
000f0a0d,
00202020,
001e1e1e,
00191b1b,
00181818,
00161717,
00181818,
00161818,
00070e10,
00080506,
00191617,
00191a1b,
00191b1c,
00111619,
000e161c,
000d141b,
000e141b,
000e151b,
000e141b,
000d141b,
000d141b,
000d131b,
000c121a,
00090f18,
00101015,
001e2020,
001e1f1f,
001e1f20,
001e2021,
00202020,
00202020,
00202121,
00202121,
00212222,
00202222,
00202222,
00202222,
00202222,
001c2222,
00061419,
00061319,
0011161a,
00222424,
00191f20,
001a2020,
001e2322,
001a2627,
00273032,
00202525,
00101b1d,
00111d21,
00182425,
00172325,
00162225,
0019262a,
001e2b2d,
000e1b1c,
00081315,
00091617,
000a1819,
00131f20,
00172325,
00152326,
00182528,
001c292b,
001c292c,
001c2a2c,
001d2c2e,
001c2b2c,
00202e2f,
00253333,
00283335,
001e2021,
00202221,
00222323,
00232424,
00232525,
00242525,
00252626,
00242626,
00252626,
00252626,
00252626,
00252626,
00252626,
00252727,
00262727,
00262727,
00262626,
00262727,
00262727,
00252726,
00262727,
00252727,
00252726,
00262727,
00252727,
00262727,
00252727,
00262727,
00262727,
00262727,
00262727,
00262727,
00262727,
00252727,
00252726,
00242626,
00242626,
00252626,
00262727,
00262727,
00262727,
00252726,
00262727,
00252726,
00252626,
00252626,
00252626,
00252626,
00252626,
00252626,
00252626,
00252626,
00242626,
00232526,
00232426,
00202125,
00191a25,
000f1228,
000b0f28,
000b0e29,
000b0e29,
000b0e2a,
000c0f2a,
000c0f29,
00040512,
00070b11,
0012171d,
0006040c,
000d1024,
00131d22,
00040309,
0002060b,
000f2126,
00010207,
00040408,
001a2226,
0003080c,
000c0e21,
000b0f29,
000c0f29,
000c0f28,
001f2221,
00202223,
00202223,
00202223,
001f2122,
001e1f20,
00070607,
00080807,
00060807,
00060c09,
001f2d2a,
00092127,
000d2328,
000c2228,
00112227,
00132228,
00132426,
00122427,
00112325,
00112428,
00132429,
001d2727,
00262627,
00252726,
00262727,
00262827,
00272828,
00272828,
00262827,
00262827,
00242625,
00232424,
001c1c1d,
001c1d1d,
00222222,
00151c26,
00101c2a,
00131e2c,
00131e2b,
0015212a,
0022292d,
00202526,
00262929,
00272928,
00242625,
00252726,
00262727,
00272828,
00272828,
00272828,
00272828,
00272928,
00282929,
00282929,
00282a29,
00292a29,
00292a29,
00292a29,
002a2b2a,
002b2c2b,
00292928,
002e2e2c,
002f302e,
00333432,
003a3c37,
003e3f3e,
003f3f3f,
003f3f3f,
002e2a2a,
00313131,
003f3f3f,
003f3f3f,
003f403e,
00373a35,
00323330,
002f302e,
002d2e2c,
002c2d2b,
002b2c2b,
002b2b2a,
002a2a29,
00292a29,
00292a28,
00272827,
00252625,
002a2b2a,
002a2c29,
001b1b19,
00100908,
00070403,
000a0f11,
00091c1c,
00071a1c,
000a1f20,
00030a06,
0006100b,
00050c08,
00080b0e,
00090c10,
000d0d11,
001a1919,
00171112,
00201b1b,
00232524,
00202020,
00202020,
00161919,
00100f0f,
00181919,
00171818,
00171717,
000f1618,
00040506,
000d0909,
00181919,
00191b1c,
0016191c,
0011171d,
000c131b,
000d131a,
000e141b,
000e141b,
000f151c,
000f151b,
000f151c,
000b1219,
00091019,
000c0e16,
001e1f20,
001e1f20,
001e1f1f,
001f2020,
001f2021,
001f2021,
00202121,
00202121,
00202222,
00202222,
00212222,
00212222,
00202222,
001d2122,
00091419,
0008151a,
00191c1e,
000c090a,
00232121,
001d1f1f,
00070103,
000e1517,
00151a1c,
00080607,
00181c1d,
00091319,
001c2020,
00292828,
00232524,
00171f1f,
0020292a,
001f2323,
0011191b,
00171b1d,
00181e1d,
00151b1b,
00071011,
00071416,
00081415,
00151c1c,
00171e1d,
000b1415,
0011191c,
0011181c,
000c1316,
000d1316,
00060f14,
001e2021,
00202222,
00212323,
00232424,
00232525,
00242625,
00252626,
00252626,
00252626,
00252626,
00252626,
00252626,
00252626,
00252626,
00262727,
00252726,
00252726,
00262727,
00252727,
00252727,
00252726,
00242626,
00262727,
00262727,
00252727,
00252726,
00252726,
00262726,
00262726,
00262727,
00262727,
00262727,
00262726,
00252726,
00252726,
00252626,
00232525,
00242626,
00252726,
00262727,
00262727,
00252626,
00252726,
00252726,
00252726,
00252626,
00252626,
00252626,
00252626,
00252626,
00252626,
00252627,
00242527,
00232526,
00222426,
00212226,
001c1d26,
00101327,
000c1028,
000b0e2a,
000a0e2a,
000a0e2a,
000b0f2a,
000c0f2a,
00090a1c,
0007070d,
00000106,
0006060c,
000a0e26,
0003050a,
00030409,
00040308,
0002030a,
001b262a,
00070813,
0005060f,
00040613,
000c1129,
000b0e28,
000c0f2a,
000b0f28,
001f2225,
00202222,
00202223,
00212223,
001f2122,
001e1e1f,
000b0909,
00080807,
00070907,
00010806,
001b2a27,
0010212b,
000d1c24,
00141e24,
000a141c,
00162628,
0019272f,
001b252e,
00161e29,
0012232a,
000b1d1e,
00232727,
00252826,
00262727,
00262727,
00272828,
00272828,
00272828,
00272828,
00272828,
00262727,
00242524,
00242425,
001b1b1c,
00212124,
00101b28,
00131d2a,
00111c29,
00121d2a,
00192224,
00252627,
0026282a,
00272929,
00272929,
00242525,
00252726,
00262727,
00272828,
00272828,
00272828,
00272928,
00282929,
00282929,
00282929,
00282a29,
00292a29,
00292a29,
002a2b29,
002b2b2a,
002b2c2b,
002c2d2b,
002e2f2d,
00313330,
00353634,
003d3f3c,
003e403e,
003f3f3f,
003d3e3e,
00252020,
003f3f3f,
003f3f3f,
003f3f3f,
003f3f3e,
003a3d38,
00343532,
0030312f,
002e2f2d,
002d2e2b,
002c2c2b,
002b2c2b,
002b2b2a,
002a2a29,
002a2a29,
00282928,
00292928,
002c2c2c,
002a2c2a,
001f211f,
00100b0b,
000a0808,
00060707,
0009171a,
00091e1f,
00051513,
00050c06,
0009120d,
00070c0c,
00070c10,
000a0c0f,
00100f12,
001a1b1b,
001b1817,
001e1718,
00191112,
00212121,
001f2020,
00191c1c,
00161717,
00181919,
00171717,
00171717,
00161d1d,
00080b0c,
000a0606,
00181819,
001a1c1c,
00181b1d,
000e1217,
000d151c,
000c131a,
000d131a,
000e141a,
000e141b,
000f151b,
0010161c,
000c141a,
00091019,
000a0f17,
001b1b1d,
001e1f20,
001e1f1f,
001e1f20,
001f1f21,
00202021,
00202121,
00202121,
00212222,
00202222,
00212222,
00212222,
00212222,
001c2122,
0009151a,
0007161a,
001a1e1f,
00060607,
001f1d1e,
00131415,
00080608,
000e1414,
00030607,
00050506,
000f0f0e,
000e1317,
000c0b0b,
000a0606,
000a0405,
00191516,
00181e1d,
000c090b,
00211f1f,
000e0d0c,
00080000,
00090102,
001f2222,
000e181a,
00212223,
00050001,
00050000,
00191a1b,
00070d11,
00050d12,
00081218,
000c191e,
000d1920,
001d1f1f,
00202222,
00212323,
00232424,
00242525,
00242625,
00252626,
00242626,
00252626,
00262626,
00252626,
00252727,
00252726,
00252626,
00262727,
00262727,
00252727,
00252726,
00252727,
00252727,
00252727,
00242727,
00252727,
00262727,
00252727,
00252726,
00252727,
00262726,
00262726,
00252727,
00252727,
00252727,
00252727,
00252726,
00252727,
00252727,
00242626,
00242626,
00262727,
00262727,
00262727,
00252726,
00262727,
00262727,
00262727,
00252626,
00252626,
00252726,
00252726,
00252626,
00252626,
00252626,
00252626,
00252526,
00232326,
00212225,
001d1f26,
00101327,
000c1029,
000b0f2a,
000b0f2b,
000b0f2b,
000b0f2b,
000b0f29,
000b0d21,
00020309,
00071116,
0007070c,
000b0e27,
0005050f,
00070c11,
0006060b,
00000005,
00000308,
0005070e,
00090f28,
000a0f28,
000d1028,
000c0f28,
000c0f29,
000d0f2a,
001a1c27,
001f2123,
00202223,
00212223,
001f2122,
001f1f20,
00090808,
00070808,
00060908,
00000907,
00172428,
001e202b,
0024272c,
00070a12,
001a1b22,
00161c22,
002a2d2e,
0015161d,
00232428,
0010151b,
000d1c1c,
00252626,
00262727,
00262827,
00272828,
00272828,
00272828,
00272828,
00272828,
00272828,
00262827,
00262726,
00242425,
00161717,
001a1d24,
000e1b29,
00121d2c,
00101b29,
00121e2a,
00202425,
00242729,
00272a2a,
00282a2a,
00282a2a,
00282929,
00252727,
00252727,
00262827,
00262828,
00262828,
00272928,
00272928,
00292929,
00282a29,
00292a29,
00292b2a,
00292b2a,
002a2b2a,
002b2c2b,
002b2c2b,
002d2e2c,
0030302e,
00323430,
00383935,
003d3f3e,
003e3f3f,
003f3f3f,
003f3e3e,
001f1c1b,
003f3f3f,
003d3e3f,
003f3f3f,
003e3f3f,
003f403d,
00353934,
00323330,
002f302e,
002d2e2c,
002d2e2b,
002b2c2b,
002a2b2a,
002b2b2a,
00292a29,
00282828,
002d2d2c,
002d2d2c,
002b2d2b,
00242827,
00141c1b,
000b0f10,
000b0909,
00080809,
00081213,
00060c0a,
0006100a,
00060d07,
00080c0e,
00080c11,
00090c0f,
00141314,
001b1c1c,
001c1b1b,
00181212,
001b1616,
00110b0c,
00201f1f,
001f1f1f,
00161717,
00171717,
00171717,
00181818,
00171919,
00060e0e,
00060505,
00191414,
001a1b1b,
001a1d1c,
000e1215,
0010161c,
000b151b,
000c1319,
000c1218,
000d131a,
000d141b,
000d141b,
000b1219,
00081018,
00090f18,
0015161a,
001d1e1f,
001d1e1f,
001e1f20,
001e2020,
001e2020,
00202121,
00202121,
00212121,
00202221,
00212222,
00202222,
00202222,
001c2020,
00091519,
000a161b,
001c1f20,
00070507,
001e1d1d,
00060707,
00040406,
00141617,
00050507,
0006090a,
00050202,
00111414,
00040405,
00050505,
00020405,
000b0707,
001f2121,
00060507,
001f1e1e,
00070606,
00040506,
00050406,
00090507,
00191c1e,
00070607,
0007080a,
00040506,
00090608,
0012181a,
000a171b,
000b181e,
000a181d,
000c181d,
001e2121,
00202222,
00222323,
00232424,
00242525,
00242625,
00242625,
00252626,
00252626,
00252626,
00252626,
00252626,
00242626,
00252626,
00252727,
00262727,
00262626,
00252626,
00262727,
00252727,
00252726,
00262727,
00262727,
00262727,
00252727,
00252727,
00252727,
00252727,
00252727,
00262727,
00262727,
00262727,
00252727,
00252727,
00262727,
00262727,
00252726,
00252626,
00252626,
00252726,
00262727,
00252626,
00262727,
00262727,
00262727,
00252626,
00252626,
00252626,
00252626,
00252626,
00252726,
00252626,
00252626,
00242526,
00222426,
00222226,
001f1f24,
00111228,
000d1128,
000a0f29,
000b0f2a,
000b0f2b,
000b0e29,
000b0e28,
000c0e24,
0006060a,
0020282a,
0008050b,
000a0e27,
000a0c1e,
001f2426,
0007070c,
000d1e22,
00122329,
0004050c,
000a0f28,
000c1029,
000b0f27,
000c1029,
000c1029,
000d112a,
00090b1e,
00202223,
00212222,
00212222,
001f2122,
00050305,
00080808,
00080808,
00060b08,
00030c09,
00040d14,
000f0a1c,
00242625,
00191c22,
0006050a,
001d1d20,
00121318,
00232627,
00272530,
00101a1e,
00212827,
00262827,
00262727,
00272828,
00272828,
00272828,
00272828,
00272828,
00272828,
00272828,
00272828,
00272828,
00252726,
001a1b1b,
00121927,
000e1728,
000f172a,
00111b2c,
00131f2a,
00212428,
001b2326,
002a2a2a,
00292b2a,
00292b2a,
00282a2a,
00262727,
00262827,
00262828,
00262828,
00272928,
00272829,
00272928,
00282a29,
00292a2a,
00292a29,
002a2b2a,
00292b2a,
002b2b2a,
002c2c2b,
002c2d2b,
002f2f2d,
00313230,
00323431,
003a3c38,
003e3f3e,
003f3f3f,
003f3f3f,
00383233,
002e2d2d,
00404040,
003b272c,
003e3f3f,
003f3f3f,
003f3f3f,
00383b36,
00333431,
0030312f,
002e2f2d,
002e2e2c,
002c2d2b,
002b2c2b,
002b2c2b,
002a2b29,
00272726,
002e2e2d,
002e2e2d,
002c2d2b,
00282c2a,
00181e1d,
000f1314,
000f0f0f,
000d0807,
00080b08,
00050b07,
000b1511,
00080c0c,
00090d10,
00090d11,
000b0c0f,
00161617,
001c1d1d,
001e1e1d,
001a1615,
00181111,
001f1a1a,
001c1515,
001d1f1f,
001a1c1b,
00191818,
00171717,
00171717,
001b1d1c,
00050a0f,
00040607,
000c0708,
001b1b1b,
001c1d1d,
00171b1d,
0010161b,
000f161d,
000d151b,
000d1319,
000d141a,
000c141b,
000d141b,
0009121a,
00081019,
00090f18,
000f1118,
001d1d1e,
001c1e1f,
001c1e1f,
001d1f1f,
001f2020,
001f2120,
00202121,
00212222,
00212222,
00212222,
00212222,
00202222,
001f2121,
0009151a,
000a161a,
001f2222,
00080507,
00060405,
00080808,
00202223,
00040506,
00060405,
000d1011,
00050001,
00181a19,
00080809,
0009090a,
00222525,
00070506,
001e201f,
00070607,
001e1f1f,
00070607,
00242424,
00050506,
000e0e0f,
00010203,
00070707,
001a1c1b,
00000001,
00080708,
0014191a,
0009161b,
000a171d,
0009171c,
000b171d,
001d1f1e,
00202121,
00212323,
00222424,
00242525,
00252626,
00252626,
00252626,
00252626,
00252626,
00252626,
00252626,
00252726,
00252626,
00252727,
00262727,
00262727,
00252626,
00262727,
00262626,
00262626,
00262727,
00262727,
00262727,
00252727,
00262727,
00252727,
00262727,
00262727,
00262727,
00262727,
00262727,
00252727,
00252726,
00262727,
00262727,
00252726,
00252626,
00242625,
00252626,
00262626,
00262626,
00252726,
00252626,
00262727,
00252626,
00252626,
00252626,
00252626,
00252626,
00252626,
00242626,
00242526,
00242526,
00232426,
00212225,
001f2025,
00101227,
000d1128,
000a0f29,
000b0f2a,
000b0f2a,
000b0e28,
000a0e26,
000b0e25,
00060508,
001f2529,
0006060b,
000b0d22,
000c0f28,
0008080d,
000e1317,
00172227,
00162227,
0006060d,
000b0e25,
000d0e27,
000a0e28,
000b0f28,
000c1029,
000b102b,
000c102a,
001f2122,
00212223,
00212222,
00212122,
00090809,
00080808,
00070807,
00060b07,
00030c09,
00252b32,
000a0b18,
00202028,
0012131b,
00222428,
00171924,
00171622,
00202025,
00222128,
00091314,
00242727,
00262727,
00272828,
00272828,
00272828,
00272828,
00272828,
00272928,
00272828,
00272828,
00272828,
00272828,
00272928,
00202022,
000f1620,
0010181f,
00161e24,
001e252a,
00232a2d,
00292c30,
00272b2c,
002a2b2b,
002a2b2b,
002b2b2b,
002a2b2b,
00252626,
00262827,
00262828,
00262828,
00272929,
00282929,
00282929,
00282a28,
00292a2a,
002a2b2a,
002a2b2a,
002a2b2a,
002c2c2b,
002d2d2c,
002d2e2c,
002f302d,
00323331,
00353734,
003e3f3d,
003e403f,
003f3f3f,
003f3f3f,
00262222,
003f3f3f,
003e3e3e,
00291013,
003d3e3e,
003f3f3f,
003f3f3f,
003c3e3a,
00353733,
00313330,
002f312e,
002e2f2d,
002d2e2c,
002d2d2b,
002b2c2b,
002b2b2a,
002d2c2b,
002f2f2d,
002d2f2d,
002b2d2c,
00292c2a,
001b1e1d,
00151213,
000f0c0d,
000c0b09,
00070b06,
000f1913,
00050c08,
00090e0f,
00090d11,
00090d11,
000c0b0e,
00191919,
001d1e1e,
001e1f1e,
00171817,
001d1717,
00191514,
00100908,
001f1f1f,
001c1d1c,
00181718,
00181818,
00191919,
00191e1d,
00080a15,
00080b0f,
00090405,
001b1b1b,
001e1e1e,
001a1e1f,
0012171d,
0011171d,
0010161d,
0010151b,
000e141a,
000d141a,
000f151c,
000a1219,
00091119,
00091019,
000b1018,
001a1c1e,
001c1e1f,
001c1e1f,
001d1f20,
001f1f20,
001f2020,
001f2121,
00212222,
00202221,
00212222,
00212222,
00202222,
001e2121,
000a161b,
000b161a,
00141717,
001d1f20,
00040507,
00090608,
00222323,
00060506,
00060505,
00040405,
000a0506,
001b1e1e,
00070607,
000a0707,
00030202,
00070507,
001c1e1e,
00080607,
001c1f1e,
00060506,
00060505,
00060506,
001f1e1e,
00000000,
00070505,
001d1e1d,
00020203,
00080506,
000c1111,
000a171b,
000a171d,
000a171d,
000b181d,
001d1f1e,
00202121,
00222323,
00222424,
00232525,
00252626,
00252626,
00252626,
00252626,
00252626,
00252626,
00252726,
00252726,
00252626,
00252726,
00262727,
00262626,
00252726,
00252726,
00252626,
00262727,
00252626,
00252726,
00262626,
00262727,
00252726,
00252726,
00252726,
00252726,
00252726,
00252626,
00252626,
00252726,
00252726,
00262727,
00252726,
00252726,
00252626,
00252626,
00242626,
00252626,
00242625,
00252626,
00252626,
00252626,
00252626,
00252626,
00252626,
00252626,
00252626,
00242626,
00242626,
00252626,
00242626,
00232425,
00212225,
001f2025,
00101226,
000f1129,
000b1029,
000b0f2a,
000b0f2a,
000a0e28,
000b0e26,
000b0e26,
0007060a,
00202529,
0007060c,
00080a1a,
000b0f27,
0004050b,
000e2026,
00050e13,
0006090c,
000c0e19,
000a0d25,
00070716,
000a0e27,
000c0f28,
000c102a,
000b102b,
000a1029,
001d2021,
00202123,
00202122,
001f2020,
00080707,
00070707,
00060807,
00070d08,
00020a08,
00060e16,
00192025,
00162429,
00132327,
00152226,
00122427,
00162429,
000d141c,
00171b1d,
0017201c,
00252627,
00262827,
00272828,
00272828,
00272828,
00272828,
00282929,
00282929,
00272928,
00272828,
00272828,
00272828,
00282928,
00272928,
00272928,
0026282a,
0026292a,
00272a2c,
00292b2b,
00292b2c,
002b2c2b,
002a2b2b,
002a2b2b,
002b2c2c,
002b2c2c,
00292b2a,
00252727,
00262828,
00272929,
00282929,
00282929,
00282a29,
00292a29,
00292b2a,
002a2b2b,
002a2c2b,
002a2c2b,
002b2c2b,
002e2d2c,
002e2f2d,
0030312f,
00333432,
00383a37,
003f3f3d,
003f403e,
003e3f3f,
003f3e3e,
001d1b1b,
003f3f3f,
003f3f3f,
00231918,
003f3e3f,
003f3f3f,
003f3f3f,
003e3f3d,
00373a35,
00333531,
0030322f,
002f302e,
002e2f2d,
002d2e2c,
002c2d2c,
002b2b2a,
0030302e,
002f302e,
002e2f2d,
002c2e2c,
002b2d2b,
00282b29,
0015100f,
00100707,
000a0906,
00080c06,
00070c07,
000a0e0e,
000a0d13,
000a0e13,
000a0d11,
00110f11,
001b1c1d,
001f1f1f,
001e1f1f,
001d1f1f,
00110d0c,
001c1515,
001a1515,
00221e1f,
001e1f1f,
00171818,
00171717,
00151515,
0015181a,
000a0a19,
00090c11,
000a0608,
001c1b1b,
001e1e1e,
001c1e1f,
0014151e,
0012161c,
0013171d,
0012161c,
0011171d,
000f151b,
000e141b,
000a131a,
00091119,
00091019,
00091019,
0017181c,
001c1e1f,
001d1f1f,
001d1f1f,
001f1f1f,
00202020,
00202121,
00202121,
00202121,
00212222,
00212222,
00212222,
001f2121,
000a161a,
000e1619,
00212224,
000d0e10,
00121515,
00050304,
00000000,
00050506,
00030304,
00060607,
000b0606,
001d1f1e,
00060607,
00060607,
00090608,
00111111,
001a1b1b,
00050505,
001d1f1e,
00060506,
00020303,
00050505,
00080506,
00000000,
00050404,
001e1e1d,
00030304,
00050203,
00040a0d,
0009151a,
0009161b,
000b171c,
000c171c,
001c1e1d,
001f2121,
00212323,
00222424,
00232525,
00252626,
00252626,
00252626,
00252626,
00252626,
00252626,
00252626,
00252726,
00252626,
00252727,
00262727,
00262626,
00262727,
00262727,
00252726,
00272727,
00252727,
00252727,
00252727,
00252727,
00262727,
00252726,
00252626,
00252727,
00262727,
00252626,
00252726,
00262727,
00252726,
00262727,
00252626,
00262626,
00252626,
00252626,
00242626,
00242626,
00252726,
00252726,
00242626,
00252626,
00252626,
00252626,
00252626,
00252626,
00252626,
00252626,
00242626,
00252626,
00242626,
00232426,
00222325,
00202125,
000d0f22,
00101129,
000c1029,
000c0f2a,
000c0f29,
000b0e28,
000b0e26,
000a0f27,
0007050c,
0009070b,
0007080b,
000b0c1a,
00121428,
00162024,
00091f24,
00071e24,
0017232a,
0005040d,
000b0e22,
00070919,
000d0f27,
000c0f29,
000b0f2a,
000b102c,
000c102a,
0020232a,
00212222,
00202121,
001e1f20,
00070606,
00070707,
00060806,
00070f07,
00030b08,
00071317,
000f2227,
00122326,
00162329,
00162327,
00122327,
00102225,
000c1a1b,
0008120d,
00222625,
00262826,
00272827,
00272828,
00272828,
00272828,
00272928,
00272928,
00282929,
00282929,
00282929,
00272928,
00272928,
00272928,
00272828,
00262829,
00272929,
00272929,
00282a2b,
002a2b2c,
002b2c2c,
002a2c2c,
002b2b2b,
002b2b2b,
002b2c2c,
002b2c2c,
002a2c2b,
00252626,
00262828,
00272929,
00282a29,
00282a29,
00292a29,
00292b2a,
002a2b2a,
002a2c2b,
002b2c2b,
002b2c2b,
002c2d2c,
002e2e2d,
002f302d,
00303230,
00343633,
003c3d3a,
003f3f3f,
003f3f3f,
003f3f3f,
00292525,
00333333,
003d3e3e,
003f3f3f,
0022201b,
00321f20,
003e3f3f,
003f3f3f,
003f403f,
003a3d39,
00353732,
00323431,
0031312f,
002f302e,
002e2f2d,
002c2e2b,
002a2928,
0030312f,
0030312f,
002e302d,
002c2e2c,
002c2d2c,
00292c2a,
001b1918,
001d1413,
00141010,
00080c05,
00090d0d,
000a0e12,
000a0f14,
000a0e13,
000b0c10,
00161516,
001d1d1d,
00201f1e,
001f2020,
00212121,
00212423,
00161514,
00181313,
00181011,
001e201f,
00161818,
00171717,
00171717,
00080911,
00080815,
00080c0e,
00080506,
001d1c1c,
001f1e1e,
001d1f1f,
00101118,
0011161b,
0011161c,
0011161c,
0010151c,
000f151c,
000e141b,
000b121a,
000a1119,
000a1019,
000a0f18,
00111319,
001c1c1e,
001d1e1e,
001e1f1f,
001f2020,
001f2020,
00202121,
00202121,
00202121,
00202121,
00202221,
00202222,
00202121,
000a151a,
000b171a,
000c1418,
000c1418,
001b1d1f,
00212322,
000e1111,
00060706,
00202424,
000e1413,
00060406,
001f2222,
00070607,
000a0b0c,
00060507,
001e1c1d,
000c0e0e,
00060406,
001c1d1d,
00070506,
001b1e1d,
00010202,
00030202,
00000001,
00070506,
00232221,
00050506,
00050304,
00050e11,
000a171c,
000a171c,
000a161c,
000e171b,
001e1f1e,
00202222,
00222323,
00232524,
00242625,
00252626,
00252626,
00252626,
00252626,
00252626,
00252726,
00252626,
00252626,
00252626,
00252726,
00252626,
00252626,
00252726,
00262727,
00262727,
00262727,
00252727,
00252727,
00252727,
00252626,
00252626,
00252727,
00262727,
00262727,
00262727,
00252726,
00252626,
00252626,
00252626,
00252626,
00252726,
00252626,
00252626,
00252626,
00252727,
00252726,
00252626,
00252626,
00252626,
00252626,
00252626,
00262727,
00252626,
00252626,
00252626,
00252626,
00252626,
00252626,
00242526,
00232526,
00222325,
00212125,
00101321,
000f1228,
000c1029,
000c0f2a,
000c0f29,
000c1029,
000a0f26,
000a0e25,
00020309,
00162020,
0003070b,
0006070e,
000c0f23,
00182025,
0001060b,
00000006,
000f2127,
00182226,
00050611,
000a0c21,
00101126,
000c0f28,
000c1029,
000b102c,
000d102b,
000b0f1f,
00212223,
00212123,
001e1f20,
00090808,
00070807,
00040704,
00080f07,
00050e0b,
00000b0f,
000c2226,
0016222b,
000e0d26,
00070e1b,
00102326,
0008191d,
00091412,
00050b06,
00262826,
00262727,
00272827,
00272828,
00272828,
00272928,
00282929,
00272928,
00282929,
00282929,
00282929,
00282929,
00272828,
00272928,
00282928,
00282929,
0027292a,
00282a2a,
00292b2b,
002a2b2b,
002b2c2c,
002b2c2c,
002a2b2b,
002a2b2b,
002b2c2b,
002b2d2c,
002b2c2b,
00252626,
00272828,
00282929,
00292a2a,
00292a2a,
00292b2a,
002a2b2a,
002a2c2b,
002b2c2b,
002c2d2b,
002c2d2b,
002e2e2d,
002e2f2d,
0030302f,
00323431,
00373835,
003e403d,
003f403f,
00403f3f,
003e3f3e,
00272021,
003f3f3f,
003e3f3f,
003e3d3b,
003f3f3c,
002e1c1c,
003f3f3f,
003f3f3f,
003f3f3f,
003d3f3c,
00373935,
00343532,
00313230,
0030312e,
002f302e,
002d2e2c,
00302f2e,
00323230,
0030312f,
002e302e,
002d2f2d,
002d2d2c,
002b2c2a,
00282b29,
00100a0a,
000d090b,
000c0f11,
000a0f14,
000a0f14,
000a0f15,
000a0e13,
000c0c0e,
001a1a1a,
001e1f1e,
001f201f,
001f201f,
001e2120,
00202120,
001c1c1b,
001e1f1f,
000f0a0b,
00201f1f,
001c1e1d,
00191919,
00191c1c,
000c0c18,
00070a13,
00030606,
000b0607,
001d1c1b,
001e1e1e,
001e2020,
00121418,
0011161c,
0010161c,
000f151c,
000e151b,
000d141b,
000c141b,
000b121b,
000a111a,
00091019,
000a1018,
0010151a,
001a1b1e,
001c1d1e,
001d1e1e,
001e1f1f,
001f2020,
00202121,
00202221,
00212222,
00212222,
00202222,
00202222,
001e2020,
00091418,
00081519,
000a161b,
000b171b,
000e171b,
0011161a,
00181b1c,
001b1e1f,
000e1214,
00191e1e,
00090b0c,
00161b1c,
00010405,
00171a1b,
00060708,
00141011,
00000000,
00050607,
001d1f1e,
00070506,
00252323,
00060506,
00070506,
00181919,
00060406,
00070405,
00060506,
00181819,
00081317,
000a161b,
000c181d,
000b161b,
000b1317,
001e1e1e,
00202121,
00222323,
00232424,
00242525,
00252626,
00252626,
00252626,
00252626,
00252626,
00252626,
00252626,
00252626,
00252626,
00252726,
00252626,
00262727,
00262727,
00252726,
00262727,
00262727,
00262727,
00262727,
00252727,
00252727,
00252726,
00252727,
00262727,
00262727,
00252727,
00252727,
00252626,
00252626,
00252626,
00252626,
00252726,
00252626,
00252626,
00252726,
00242626,
00252626,
00252626,
00252626,
00252626,
00252626,
00252626,
00252726,
00252626,
00252626,
00252626,
00252726,
00252726,
00252626,
00252626,
00242526,
00222425,
00212225,
00171723,
00030513,
000d0f27,
000b102a,
000c1029,
000c1029,
000a0e25,
00090d24,
0001020e,
00010306,
00101418,
0006070d,
000c1026,
00000107,
00000409,
0007070c,
000a1115,
00060d11,
0002020a,
000c0d22,
00020516,
000b1028,
000b1029,
000c112b,
000c102b,
000b0e26,
00212322,
00212222,
001f2021,
00171618,
00080807,
00050805,
00080f08,
0007100d,
00000a0f,
0019232d,
00111520,
00202325,
000e151f,
00102226,
000c1918,
000b120a,
00252a28,
00252725,
00262726,
00272827,
00272828,
00272828,
00282929,
00282928,
00282929,
00282929,
00282929,
00282929,
00272828,
00272928,
00272928,
00292929,
00282929,
00282a29,
00282a2b,
00292b2b,
002a2b2b,
002a2c2b,
002b2c2c,
002a2b2b,
002a2b2a,
002b2c2b,
002b2d2c,
002b2d2c,
002c2d2d,
00262828,
00282a29,
00292a2a,
002a2b2b,
002a2b2b,
002b2c2b,
002b2c2b,
002c2d2b,
002c2d2c,
002d2d2c,
00252625,
002f302e,
00323230,
00333532,
00393b37,
003e3f3d,
003f3f3e,
003e3f3f,
003f3c3d,
001c1b1b,
003f3f3f,
003e3f3f,
003b3834,
003e3e3e,
001a1412,
003f3839,
003e3f3f,
003f3f3f,
003e403e,
003a3c39,
00353733,
00333331,
00313230,
0030302e,
002e2f2d,
00333231,
00323330,
0031312f,
002f302f,
002e2f2d,
002c2d2c,
002b2d2b,
00282b2a,
00181d1e,
000f1418,
000c1115,
000c1116,
000a0f15,
000b0f15,
000b0d10,
00161516,
001f1e1f,
001f201f,
001f211f,
001f2120,
00202120,
00212221,
001f1f1f,
001e1e1e,
00202222,
001f201f,
001f1f1f,
00141515,
00181b1f,
000d0d1a,
00090d13,
00060505,
00141112,
001d1c1c,
001d1e1e,
001e1f1f,
001b1e1f,
0012161b,
0010151c,
000d151b,
000d141b,
000c131b,
000c131a,
000b121a,
000a1119,
000e141b,
0011161b,
0012161b,
00171a1e,
001b1b1e,
001c1d1e,
001d1e1f,
001f2020,
00202121,
00212221,
00212222,
00212222,
00212322,
00202222,
001f2121,
00091518,
0009161a,
00121a1d,
000b0c0e,
00161a1b,
000c1518,
000a1418,
00090f14,
00080f12,
000f1113,
00091215,
000a1217,
00070f12,
000a0f12,
0014191a,
00121214,
00030505,
00090708,
001d1f1e,
00060506,
00060505,
00060506,
001b1a1b,
001c1d1e,
00010102,
00050405,
00060707,
00111518,
000a1319,
000a161c,
00091419,
00091319,
000d1317,
001e1e1f,
00212222,
00222423,
00242525,
00242625,
00242625,
00252626,
00242626,
00242525,
00252626,
00252626,
00252626,
00242626,
00252626,
00262626,
00252626,
00252726,
00252626,
00252626,
00252626,
00252626,
00252626,
00252626,
00252726,
00252726,
00252626,
00252726,
00262726,
00262727,
00252726,
00252726,
00252726,
00252727,
00252726,
00252626,
00252626,
00252626,
00262626,
00252626,
00252726,
00252726,
00252726,
00252626,
00252626,
00242726,
00252626,
00252626,
00252626,
00242626,
00252626,
00252626,
00252626,
00262726,
00252626,
00232526,
00222425,
00212224,
001a1b23,
00131d23,
000c0e24,
000a1029,
000c0f29,
000c0f28,
000b0e25,
000a0e24,
000b0c1d,
0003060a,
00161c21,
000a080c,
0011142a,
0003040c,
001a2225,
0004060a,
00192428,
00030407,
0012191d,
000e0e20,
0005081e,
000d1129,
000c0f29,
000c102b,
000b102b,
000b0f2b,
00212324,
00212323,
001f2020,
001f1e20,
00080807,
00060806,
00080f08,
00070e12,
0007091a,
000e1223,
00292c35,
002f2f37,
00122127,
00071719,
0007110b,
00080d08,
00232626,
00262726,
00262827,
00272828,
00272828,
00272828,
00282929,
00272928,
00282928,
00272829,
00272928,
00282828,
00272828,
00272828,
00282929,
00282929,
00282a29,
00282a2a,
00282b2a,
00292b2a,
002a2b2b,
002a2c2c,
002a2c2c,
002a2b2b,
00292b29,
002b2c2b,
002c2d2c,
002c2e2c,
002c2d2c,
00272828,
00282a2a,
00292b2a,
002a2b2b,
002a2c2b,
002b2c2c,
002b2d2b,
002c2d2c,
002d2d2c,
002e2e2d,
002f302f,
0030312e,
00333331,
00363734,
003d3f3c,
003e3f3e,
003f3f3f,
003d3e3e,
00271f22,
003a3939,
003f3f3f,
00403f3e,
00373431,
003b3836,
00252723,
00301e21,
003e3f3f,
003e3f40,
003e403f,
003d3f3d,
00373935,
00343532,
00323330,
0030322f,
002d2e2c,
00343433,
00333331,
00313230,
002f302f,
002e2f2e,
002d2e2c,
002c2d2c,
002a2c2b,
001e2525,
0010171a,
000e1318,
000c1217,
000b1116,
000d0f13,
000f0f11,
001d1c1c,
00202121,
00202221,
00202220,
00212221,
00212322,
00212322,
00161619,
00232123,
001d1f1d,
001e1f1f,
00202020,
00191c1c,
00080a12,
000c0d19,
000a0d10,
00090506,
001a1919,
001e1e1e,
001e1f1f,
00202020,
001d1f1f,
0014171b,
0012171d,
000d141b,
000b141a,
000b121a,
000b121a,
000a1119,
000f151b,
0012171c,
0011161b,
0013161b,
00161a1e,
00191b1f,
001c1d1f,
001d1e1f,
001e201f,
00202121,
00202221,
00212222,
00212323,
00222323,
00212222,
00202222,
00071316,
000c161b,
00050608,
00131414,
00070909,
00191e1f,
00161a1d,
001c1d1f,
00070b0b,
001e1f21,
000e191d,
00191e1f,
000e0f0f,
00191e21,
00081214,
000a0e12,
00111619,
001c1d1e,
001c1d1d,
00020605,
00010303,
00131414,
000d1013,
00101517,
001d2020,
001e2121,
00141619,
000a1016,
00071116,
000a161b,
000a151a,
00081318,
0013181b,
001d1f1f,
00212222,
00232424,
00242525,
00242625,
00252626,
00252626,
00252626,
00252626,
00252626,
00252626,
00252626,
00252626,
00252626,
00252626,
00252626,
00262727,
00252727,
00252727,
00252626,
00242626,
00242626,
00262727,
00262727,
00252626,
00252727,
00252727,
00252727,
00252727,
00262727,
00252726,
00252727,
00252727,
00252726,
00252626,
00252726,
00252726,
00262726,
00262727,
00262727,
00252727,
00252726,
00252626,
00252626,
00252726,
00252726,
00242625,
00242625,
00242626,
00252626,
00252626,
00252626,
00252626,
00252626,
00242526,
00222425,
00212224,
001e1f24,
000d151b,
000d1027,
000c0f2a,
000b0f29,
000c0f29,
000b0e25,
000a0e26,
000d0f24,
00060709,
001a2024,
0008080d,
000d1227,
000b0f24,
00010307,
00010407,
000e191d,
000c2025,
00192226,
000a0c1a,
000a0c1b,
000a0e25,
000b0f28,
000d102b,
000c102c,
000b102b,
00222529,
00202323,
00212322,
001f2020,
000a0909,
00070908,
00060a0d,
000e1221,
00060c1a,
000f1e26,
00070b1a,
0015222b,
0007191c,
000c1714,
000c100b,
000f1413,
00262726,
00262726,
00262827,
00262827,
00272927,
00272928,
00272928,
00272928,
00272828,
00272827,
00272827,
00272827,
00272828,
00282929,
00282929,
00282a2a,
00282a2a,
00292a2a,
00292a2a,
00292b2b,
002a2b2b,
002a2c2b,
002b2c2c,
002a2b2b,
00292a29,
002b2d2b,
002c2e2d,
002d2e2d,
002d2e2d,
00282928,
00282a2a,
002a2b2b,
002a2c2a,
002c2c2c,
002c2d2c,
002d2d2c,
002c2d2c,
002e2e2d,
002f2f2e,
002f302e,
0030312f,
00343532,
00383a37,
003e3f3d,
003f3f3e,
003f3f3f,
003f3e3f,
00242020,
003e3f3f,
003e3f3f,
003e3c39,
0035332f,
00373030,
003e3f3d,
00241a19,
003d3e3e,
003f3f3f,
003f3f3f,
003e3f3e,
00393c38,
00373835,
00333432,
00313230,
0031312f,
00353533,
00333432,
00313230,
002f302e,
002e2f2e,
002d2e2d,
002c2d2c,
002b2c2b,
00272b2a,
00171e1f,
000f1618,
000e1417,
000d1115,
000d0d10,
0019191a,
00202020,
00202221,
00212221,
00222322,
00222423,
00222323,
00222322,
001c2121,
0016151e,
00201e20,
0022211f,
001f2021,
001c2020,
000d0c1a,
00090a15,
00050708,
000b0708,
001c1c1c,
001e1f1f,
001f2020,
001f2020,
001f2020,
0016181c,
0013151a,
000f161c,
000c1319,
000b1119,
00091018,
000b111a,
0012171d,
0014171c,
0013171b,
0012161a,
00161a1e,
001a1d1f,
001c1d1f,
001d1e1e,
001f2020,
00202121,
00202222,
00212222,
00212323,
00212323,
00212322,
00212222,
00091416,
000e161a,
00020203,
001c1e1e,
00030103,
00151516,
00181718,
00090607,
00000001,
00202222,
001f2222,
001f2121,
00010000,
00090608,
00151b1c,
00091418,
000a1419,
000c1218,
000d1317,
000b1012,
00151617,
000b0d11,
000b1418,
000a1619,
000f161a,
000c1317,
00081016,
00061016,
000a171b,
000a171b,
0009141a,
0009141a,
00181c1e,
001d1f1f,
00212222,
00222423,
00242525,
00242625,
00252626,
00252626,
00252626,
00252626,
00252626,
00252626,
00252626,
00252626,
00262727,
00252626,
00252626,
00252626,
00252726,
00252726,
00252626,
00242626,
00242626,
00252726,
00262727,
00252626,
00252726,
00242626,
00252727,
00252727,
00262727,
00252727,
00252727,
00252727,
00252726,
00252626,
00242626,
00252626,
00252726,
00252726,
00252726,
00252726,
00252727,
00252726,
00262626,
00252726,
00252726,
00252626,
00252626,
00252626,
00252626,
00262626,
00252626,
00242626,
00252626,
00242526,
00222425,
00212224,
001d1e23,
000a1018,
000b0e27,
000b0e29,
000b0f29,
000c0f29,
000a0e26,
000a0d26,
000c0e25,
0007060a,
00050a0f,
0007070b,
00040514,
000d1229,
00000004,
00000308,
0003060a,
001a1f24,
00050209,
000c0f21,
0008091d,
000b0f23,
000b0f29,
000c0f2b,
000c102c,
000c0f2b,
001b1e2b,
00232425,
00232424,
00212222,
00080a0d,
00000107,
00090c10,
00050b0f,
000a1518,
00041519,
00061416,
00061617,
00030f10,
00050d0a,
000a0e0d,
00242827,
00252626,
00262726,
00262826,
00262827,
00272827,
00272827,
00272827,
00272828,
00272828,
00272827,
00272827,
00272828,
00272928,
00282929,
00282929,
00282a2a,
00292a2a,
00292a2a,
00292a2a,
00292b2b,
002a2c2b,
002b2c2c,
002b2c2c,
002a2c2b,
002b2c2c,
002c2d2c,
002d2e2e,
002d2f2e,
002d2f2e,
002e2f2f,
00282a29,
002a2b2b,
002b2c2b,
002c2d2c,
002d2d2c,
002d2e2d,
002c2e2d,
002d2e2d,
00302f2e,
0030312f,
00323330,
00353633,
003c3d3a,
003e3f3e,
003f3f3f,
003e3f3f,
00362f31,
001c1b1b,
003f3f3f,
003f3f3e,
003b3835,
0033312f,
00302c2c,
003f3e3d,
00181612,
00392e2f,
003e3e3f,
003f3f3f,
003f403f,
003d3f3b,
00373935,
00343633,
00313330,
00373734,
00363633,
00343432,
00313230,
002f312e,
002e2f2d,
002e2e2d,
002d2d2c,
002b2c2b,
002a2b2b,
00232827,
001a2020,
00101315,
000f1112,
001b1a1b,
001f2020,
00222322,
00222322,
00222423,
00232423,
00232423,
00222423,
00222423,
001f2322,
000f1318,
0016141e,
00151218,
00212223,
000f1118,
000c0b1a,
00090c14,
00060606,
00141111,
001d1d1d,
001f2020,
00202121,
00202221,
00202221,
001b1f1f,
00111018,
000d0f16,
000e131a,
000a1117,
000a1018,
000c0f18,
0011151b,
0014171c,
0013161a,
0014171b,
0017191f,
001b1c22,
001a1c1e,
001d1d1e,
001e1f20,
00202121,
00212222,
00222323,
00222323,
00212323,
00202222,
00202222,
00111a1b,
000e1519,
00080a0a,
00070404,
00040405,
00050405,
00222222,
00070607,
00040203,
001b1d1d,
00090607,
00090608,
00090a0a,
00080507,
001d1819,
00101a1b,
00081417,
00071215,
00081519,
000c161a,
000c161a,
000a161b,
0009151b,
000b171c,
00091319,
00080f16,
00080f17,
00081319,
000a191d,
000b171c,
00091318,
00091318,
00191c1d,
001d201f,
00202222,
00222424,
00242525,
00242525,
00242625,
00252626,
00252626,
00252626,
00242625,
00252626,
00252626,
00252626,
00252626,
00252626,
00252626,
00252626,
00252626,
00252626,
00252727,
00242626,
00252726,
00262727,
00262727,
00252626,
00252727,
00252727,
00252727,
00252727,
00262726,
00252626,
00252727,
00262727,
00252626,
00262626,
00252626,
00252626,
00252626,
00262727,
00262727,
00262727,
00262727,
00252727,
00262727,
00252626,
00252626,
00252626,
00252626,
00252626,
00252626,
00262626,
00242625,
00242626,
00242626,
00242525,
00222425,
00212224,
001f2124,
00101520,
000c0f27,
000b0e29,
000b0f2a,
000c0f29,
000c0f27,
000a0e25,
000b0f27,
0007060b,
00010305,
00030408,
00080814,
0010142c,
000b1012,
0009090e,
00050609,
00030306,
0005060b,
000b0e1f,
000d0f24,
0004071a,
000b0f28,
000c0f2a,
000c102b,
000c102b,
0005091e,
00232425,
00242525,
00252525,
00252627,
00242626,
00232625,
00222625,
00222727,
00222727,
00222627,
00232728,
00232726,
00242625,
00232625,
00252725,
00252726,
00262726,
00262826,
00262826,
00272827,
00272827,
00272827,
00272828,
00272827,
00272828,
00272828,
00272828,
00282929,
00282929,
00282a29,
00292a2a,
00292b2a,
002a2a2a,
002a2b2b,
00292b2b,
002a2b2b,
002a2c2b,
002b2c2c,
002b2c2c,
002c2d2d,
002d2e2e,
002d2e2e,
002e2f2e,
002f302f,
002f302f,
00282929,
002b2c2c,
002b2d2c,
002d2d2c,
002d2d2c,
002e2e2d,
002e2f2e,
002d2f2e,
002f302f,
0030312f,
00343432,
00373834,
003f3f3d,
003f403e,
003f3f3f,
003f3f3f,
00262223,
003f3f3f,
003f3f3d,
003f3f3e,
00353331,
0030302d,
002c2827,
00383332,
00343633,
002e1c1d,
003b3e3e,
003f3f3f,
003f3f3f,
003f403e,
003a3c38,
00363835,
00333432,
00363734,
00363633,
00333432,
00323230,
0030312f,
002e2f2d,
002e2e2d,
002d2d2c,
002c2d2b,
002a2b2a,
00282a29,
00232625,
001f2222,
001e2020,
00222222,
00232423,
00242524,
00242524,
00232523,
00232524,
00232523,
00232423,
00232423,
00212422,
00191f1f,
00121317,
0015141c,
000d0d18,
000a0819,
00090818,
00080d10,
00080606,
001a1818,
001e1e1e,
001f2020,
00202221,
00212222,
00212222,
00202222,
000e0f16,
00101017,
00121319,
0011171c,
000e151b,
000b0f16,
000f1218,
0014161b,
0013171b,
0013161c,
00100f1d,
0014121d,
001a1c1f,
001c1d1e,
001e1e1f,
00202121,
00212322,
00222323,
00222323,
00222323,
00222323,
00202222,
00161e1e,
00060e13,
00151c1d,
001b201f,
00202424,
00181b1c,
00090506,
00070407,
00070506,
001b1d1d,
00050204,
00191b1d,
001d1c1d,
00070606,
00060304,
001c1919,
000d090a,
000d0b0c,
000c1618,
000d181a,
000d181b,
000c181d,
000b171c,
00091216,
00151b1e,
000e1519,
00040c11,
000b171d,
000a191e,
000a161c,
00081217,
00091317,
001b1c1c,
001d1f1f,
00202222,
00222424,
00242525,
00232525,
00242625,
00252626,
00252626,
00252626,
00242525,
00252626,
00252626,
00252726,
00252726,
00252626,
00252626,
00252626,
00252626,
00252626,
00242626,
00242626,
00252626,
00252626,
00252626,
00252626,
00252626,
00252626,
00252626,
00242626,
00252726,
00252626,
00252626,
00252626,
00252626,
00252626,
00252626,
00242626,
00252626,
00252626,
00252626,
00252626,
00252626,
00252626,
00252727,
00252626,
00252626,
00252626,
00252626,
00252626,
00252626,
00252626,
00232524,
00242626,
00242626,
00242525,
00222425,
00212224,
001f2024,
000e111d,
000d1026,
000b0f29,
000b0f2a,
000c1029,
000c0f29,
000b0f25,
000b0e26,
0009060d,
00090d0f,
0007080c,
0007060d,
000d1124,
00080a0f,
00010408,
00010206,
000d2126,
0018262c,
0007070e,
000a0f26,
0006091b,
000a0f27,
000c102a,
000c112b,
000c102b,
000c102a,
00242526,
00242625,
00252626,
00252626,
00242626,
00242626,
00242626,
00252727,
00242728,
00242728,
00242827,
00242727,
00242725,
00252625,
00252725,
00252726,
00262726,
00262726,
00262826,
00262827,
00262827,
00262827,
00272828,
00272828,
00282828,
00282928,
00272928,
00282929,
00282929,
00282a29,
00292a2a,
00292a2a,
002a2a2a,
00292b2a,
00292b2b,
002a2b2b,
002b2c2c,
002b2d2c,
002c2d2c,
002d2e2e,
002d2e2e,
002e2f2e,
002e302f,
002f3130,
00303130,
002a2a29,
002c2d2c,
002c2d2c,
002d2d2c,
002d2d2c,
002d2e2d,
002e2f2e,
002f302f,
00313130,
00333331,
00363633,
003b3c39,
003f3f3e,
003f3f3f,
003f3f3f,
003e3e3e,
00221e1e,
003f403f,
003f3f3e,
003c3b39,
0033322f,
002f2e2c,
002b2727,
00342e2d,
003f3f3e,
001f1713,
003f3f3e,
00403f3f,
003f3f3f,
003f3f3f,
003e3f3c,
00363a35,
00333331,
00373934,
00353633,
00333432,
00323331,
0030312f,
002e2f2e,
002d2e2d,
002d2d2c,
002d2c2b,
002b2b2a,
002a2a29,
00272827,
00242625,
00242624,
00242625,
00252625,
00252625,
00242625,
00242625,
00242524,
00232524,
00242524,
00232524,
00232423,
00222422,
000c1311,
00101314,
000e111a,
0009081a,
00070a13,
00050809,
00090506,
001d1c1b,
001f201f,
00202121,
00212222,
00212323,
00222323,
00212322,
00181c1e,
00111219,
00121318,
0013181c,
0013171c,
0010161a,
000a0d13,
00141418,
0014171b,
0013141c,
0011101e,
00120f1f,
001a1b1f,
001d1c1f,
001e1f20,
00212222,
00222323,
00222323,
00222323,
00222323,
00222323,
00212223,
001c2121,
00081317,
00141d21,
001a2425,
0011191d,
00121618,
001b1e1f,
00212323,
00050607,
000e0c0d,
00030001,
00111111,
00272626,
00020102,
00202423,
000c090a,
00070404,
000b0c0c,
00222221,
00060203,
00120f10,
00131b1c,
001a1f1f,
00151717,
00121414,
000c1114,
0009171c,
000a191d,
000c191e,
0008151a,
00091217,
00091216,
001b1e1e,
001e2020,
00202222,
00222524,
00232525,
00242626,
00252626,
00242626,
00242626,
00242525,
00252626,
00252626,
00252626,
00262626,
00252626,
00252626,
00252626,
00252626,
00252626,
00252626,
00242626,
00242626,
00242626,
00242626,
00242626,
00242626,
00252626,
00252626,
00252626,
00252626,
00252626,
00242626,
00252626,
00252726,
00252626,
00242626,
00242626,
00242626,
00242626,
00252626,
00252626,
00252626,
00252626,
00262626,
00252626,
00252626,
00252626,
00252626,
00252626,
00242626,
00242626,
00242626,
00242626,
00242626,
00252626,
00232525,
00222424,
00212223,
001f2023,
0010121a,
000c0f21,
000b1029,
000b0f2a,
000b0f29,
000c102a,
000b0e25,
000b0e27,
0003020d,
000d1114,
001a2123,
0007060c,
000b102a,
00010309,
000d2125,
000f2127,
000b2028,
000f2229,
00030910,
000f1022,
00090a1d,
000b1028,
000d102a,
000d112c,
000b102b,
00090f29,
00242527,
00242526,
00242726,
00252626,
00242626,
00252726,
00252727,
00252628,
00252728,
00252728,
00252727,
00252727,
00252727,
00252727,
00252726,
00262726,
00262727,
00252726,
00262826,
00262826,
00262827,
00272827,
00272828,
00272828,
00272928,
00282928,
00272928,
00282929,
00282929,
00282a29,
00282a29,
00292a2a,
00292b2a,
00292b2a,
002a2b2b,
002a2c2b,
002b2c2c,
002b2d2c,
002c2e2d,
002d2e2e,
002d2f2e,
002e302f,
002f302f,
00303130,
00303230,
00323332,
002c2d2b,
002e2e2d,
002e2e2d,
002d2e2d,
002e2f2e,
002d2f2d,
00303130,
00313230,
00333432,
00373835,
003e3f3d,
003f3f3f,
003f3f3f,
003f3e3f,
002b2425,
00302f2f,
003f3f3e,
003e3f3e,
00383734,
0031302e,
002e2d2c,
00272625,
002e2a29,
003d3938,
0020201c,
00392628,
003e3f3f,
003f3f3f,
003f3f3f,
003e403e,
00383c38,
003f3f3d,
00383a36,
00363633,
00333432,
00313330,
0030312f,
002f302e,
002d2f2d,
002c2e2c,
002c2d2b,
002a2b2a,
00292a29,
00272928,
00262827,
00262726,
00252726,
00252726,
00252726,
00252625,
00242625,
00242625,
00242524,
00242524,
00242524,
00232524,
00222423,
001f2322,
000f1312,
000b1011,
00090f17,
00091014,
00060606,
00100c0d,
001d1d1d,
001f2020,
00202221,
00212322,
00222323,
00222323,
00242323,
00202323,
0013161a,
00111218,
0014181d,
0013181c,
0012181b,
0011161a,
000c0e14,
0013141a,
0011121a,
0010101c,
00110f1d,
00191b20,
001b1c1f,
001f2020,
00212322,
00222423,
00222423,
00232424,
00232424,
00222323,
00212323,
00151c1e,
0009151a,
00101b1f,
00212e30,
000e1d20,
000d161b,
000f1215,
000c1012,
001d1f20,
00161718,
00080607,
00080607,
00252625,
00050202,
00141314,
00110f10,
00060505,
00020000,
00121111,
000d0d0d,
000b0608,
000d0d0e,
00030203,
00000101,
00080608,
000a1113,
000a181d,
000b191e,
000b191e,
00071318,
00091217,
00091115,
001a1c1d,
001c1f1f,
00202222,
00222423,
00242525,
00242525,
00252626,
00252626,
00252626,
00242626,
00252626,
00252626,
00252626,
00262626,
00252626,
00252626,
00252626,
00252626,
00252626,
00252626,
00242726,
00242726,
00242626,
00242626,
00242626,
00242726,
00242626,
00242626,
00252626,
00252626,
00242626,
00242626,
00242626,
00252626,
00252626,
00242626,
00242626,
00242626,
00242626,
00242626,
00242626,
00252626,
00252626,
00252626,
00252626,
00252726,
00252626,
00242626,
00242626,
00252626,
00252626,
00252726,
00252626,
00252626,
00242625,
00242625,
00222424,
00212223,
001e2023,
000f121a,
000c0f21,
000c0f29,
000b0f2a,
000c102a,
000c102a,
000b0f29,
00090d27,
00010210,
0006080b,
0007070a,
0007060a,
0013162c,
0003030f,
00162428,
000a2126,
0019252b,
00030209,
00142126,
00070916,
00080a1b,
000a0f26,
000c1029,
000c102b,
000b0f2c,
000b0f2b,
00262a31,
00242626,
00252626,
00262727,
00252726,
00252726,
00252727,
00252727,
00252728,
00252728,
00252828,
00252727,
00252727,
00252727,
00252726,
00262727,
00262727,
00252726,
00262726,
00262826,
00262827,
00272827,
00272828,
00282929,
00282928,
00282928,
00282929,
00282929,
00282929,
00282929,
00282929,
00292a2a,
00292a2a,
002a2b2b,
002a2b2b,
002b2c2c,
002b2c2c,
002c2d2d,
002c2e2d,
002d2e2e,
002e2f2e,
002f302f,
00303130,
00303231,
00313332,
00323331,
002c2d2c,
002e2e2d,
002d2e2d,
002e2f2d,
002e302f,
002f302f,
00303130,
00323331,
00353633,
00393b37,
003e3f3e,
003f3f3f,
003f3f3f,
003e3f3f,
00282324,
003e3f3f,
003f403f,
003f3f3c,
00353331,
00302e2c,
002d2c2b,
00262424,
002a2826,
0037312f,
003d3f3d,
002b1a1b,
003d3d3d,
003e3f3f,
003f3f3f,
003f3f3f,
003c3e3c,
003e3f3d,
00393b37,
00363633,
00333431,
00323330,
0031322f,
002f302e,
002e2f2e,
002d2e2c,
002c2c2b,
002b2c2a,
002a2b29,
00292a29,
00282928,
00272827,
00262826,
00262726,
00252726,
00252625,
00252625,
00242625,
00252625,
00242625,
00242524,
00242524,
00222423,
00222322,
001e2120,
00121716,
00080b0b,
00040505,
00080606,
00171616,
001f1f1f,
00202020,
00212222,
00222323,
00222323,
00232424,
00222324,
00222323,
001f2323,
0014171a,
0015171c,
0014181c,
0014181c,
0012171b,
0010161a,
00101319,
0013121d,
000f0e1b,
0013131d,
00191a1f,
001c1c1e,
00202122,
00222323,
00232424,
00222424,
00232424,
00222423,
00222423,
00212323,
00091316,
0009161a,
000a151a,
00121f23,
000b141a,
000d1b1d,
000b161c,
000b161c,
000e1519,
00090a0c,
001d2021,
000d1010,
00202020,
00000000,
00060405,
001a1c1b,
00070505,
000e0b0b,
00000100,
00242322,
00060707,
00050607,
00191c1c,
00000002,
000d0e0f,
000a1216,
000b191d,
000b191e,
000b191e,
00091419,
00091217,
000a1216,
001a1d1d,
001d1f1f,
00212222,
00212323,
00232424,
00232424,
00232525,
00242525,
00242525,
00242525,
00242525,
00252626,
00252626,
00252626,
00252626,
00252626,
00252626,
00252626,
00252726,
00252626,
00252726,
00252626,
00242626,
00242626,
00252626,
00252626,
00252626,
00252626,
00252726,
00242626,
00242626,
00242626,
00242726,
00242626,
00252626,
00242626,
00252726,
00252626,
00242626,
00242626,
00252626,
00252626,
00252626,
00252626,
00252626,
00252626,
00252626,
00242625,
00252626,
00252525,
00252525,
00252626,
00242625,
00252626,
00242525,
00232525,
00222424,
00212223,
001f2022,
0015171e,
000b0e1e,
000c1029,
000a0f2b,
000c102b,
000c102b,
000b102b,
000b0f2b,
000f1124,
00030308,
000f181a,
0007070a,
0012142a,
000e0f27,
0006060b,
00000003,
0006070c,
0006060a,
001a2528,
0006050f,
000a0c22,
000d1027,
000c102a,
000b102a,
000b102b,
000b0e2c,
000b1022,
00242526,
00252626,
00252727,
00252727,
00252727,
00252727,
00252727,
00252727,
00262828,
00262828,
00262827,
00252727,
00252727,
00252726,
00252726,
00262727,
00262727,
00262726,
00262827,
00272828,
00272828,
00272928,
00282928,
00282929,
00272928,
00282929,
00282929,
00282929,
00282929,
00282929,
00292a2a,
00292a2a,
002a2b2b,
002a2c2b,
002b2c2c,
002b2c2c,
002c2d2d,
002c2e2d,
002d2e2e,
002e2f2e,
002f302f,
00303130,
00313231,
00323332,
00343433,
002c2c2b,
002e2f2d,
002e2f2e,
002f302f,
002f302f,
00303130,
00313331,
00333432,
00363835,
003c3e3c,
003e3f3f,
003f3f3f,
003f3f3f,
00383131,
00201e1e,
003f3f3f,
003e3f3f,
003a3936,
0033312f,
002e2d2b,
002c2b2a,
00252422,
00272625,
00312d2b,
003f3f3d,
001b1814,
003b3334,
003e3f3f,
003f3f3f,
003f3f3f,
003f3f3e,
003f3f3d,
003a3b37,
00363734,
00343431,
00323330,
0030322f,
002f302e,
002e2f2e,
002d2d2c,
002c2d2c,
002c2c2b,
002b2b2a,
002a2a29,
00292928,
00282928,
00272827,
00262827,
00262726,
00252725,
00252625,
00252625,
00252625,
00242625,
00242625,
00242524,
00242524,
00222423,
00212321,
001f2120,
00191e1c,
00060a0a,
000a0808,
001d1c1c,
00202121,
00212222,
00212222,
00222323,
00222423,
00232423,
00232424,
00222323,
00222322,
001e2222,
0013151a,
0015181c,
0014181c,
0014171b,
0014181b,
0013161b,
000f0f1a,
0012121c,
0017181c,
00181a1c,
00212222,
00222323,
00222323,
00232424,
00222424,
00232424,
00222424,
00222423,
00202323,
0009161b,
0009161c,
0009151c,
000e1b20,
00081117,
000b191c,
000b171e,
0009171c,
0009161b,
000b161b,
00101518,
00121518,
00131617,
00191e1f,
00212424,
00171e1f,
00030605,
00020000,
00171b1a,
00070404,
00080608,
00010002,
000f1011,
00111618,
000b1215,
000b181c,
000b191d,
000b191e,
000d191e,
00081318,
00081116,
000b1216,
001a1e1e,
001e2020,
00222323,
00222424,
00232525,
00232525,
00242625,
00242626,
00242625,
00242525,
00242525,
00242625,
00242525,
00242625,
00242525,
00242525,
00242525,
00242625,
00242625,
00242625,
00242625,
00252626,
00242625,
00242625,
00242625,
00252626,
00242626,
00242625,
00242625,
00242626,
00242626,
00242626,
00242626,
00242626,
00252626,
00242626,
00242626,
00252626,
00242625,
00242625,
00252525,
00252525,
00242525,
00232625,
00242625,
00242625,
00242525,
00242525,
00242525,
00232525,
00232525,
00242625,
00252626,
00252626,
00252626,
00242625,
00232524,
00212324,
001f2123,
00171920,
000b0e1d,
000c0f29,
000a0f2a,
000c102b,
000c0f2b,
000b102b,
000c0f2c,
000e1129,
0006050b,
000a0f13,
0006060b,
00020311,
000a0f28,
0007070d,
00111b1e,
000d161b,
00020408,
00060a0e,
00040611,
000c0e25,
000b0d21,
000c0f29,
000a0e29,
00090f2a,
000a0f2a,
00070d26,
00242625,
00242726,
00252727,
00252727,
00252727,
00252727,
00252727,
00252727,
00252727,
00252727,
00252727,
00252727,
00252727,
00252726,
00252727,
00262727,
00262727,
00262827,
00272827,
00272928,
00282928,
00282928,
00282928,
00282929,
00282928,
00282929,
00282929,
00282929,
00282929,
00292a2a,
00292a2a,
00292b2a,
002a2b2b,
002b2c2c,
002b2c2c,
002b2d2c,
002c2d2d,
002d2e2d,
002d2f2e,
002e302e,
002f3130,
00313231,
00323332,
00323433,
00343433,
00363635,
002e2f2d,
002f302f,
00303130,
00313230,
00323331,
00333432,
00353734,
00383a37,
003d3f3e,
003e403e,
003f3f3f,
003e403f,
00292425,
003e3e3e,
003f3f3f,
00403f3e,
00373432,
00302f2d,
002d2c2a,
002b2a29,
00242423,
00262524,
002c2a28,
00393534,
00353432,
00341f21,
003e3e3e,
003f3f3f,
003f3f3f,
003f3f3e,
00403f3e,
003b3c38,
00363633,
00343532,
00333331,
0031312f,
0030302e,
002f2f2d,
002d2d2b,
002d2d2b,
002c2c2b,
002b2b2a,
002a2a29,
00292a29,
00282928,
00272927,
00262827,
00262826,
00252726,
00252725,
00252725,
00252625,
00252625,
00252625,
00252624,
00242524,
00242523,
00222422,
00212321,
00202220,
001e2221,
001d201e,
00202120,
00212322,
00222323,
00222323,
00232424,
00232424,
00232424,
00232424,
00222323,
00212322,
00202222,
0014181b,
0014161c,
0015181b,
0015181c,
0015181b,
0013171c,
0013131d,
00101117,
0018191b,
00212222,
00222323,
00222323,
00222323,
00222323,
00232423,
00232423,
00222424,
00212323,
001e2424,
000a171c,
000a171c,
000a171c,
000d1b1f,
000b191d,
000c1a1e,
000d1c21,
000a181d,
0009171c,
000a171c,
000b181d,
000e1b1f,
00101d20,
00142023,
00162021,
001e2b2c,
001a2222,
0019201f,
00191f1f,
001f2425,
00131314,
000c0e11,
00091115,
000c171c,
000b181d,
000c191e,
000b191e,
000c191e,
000b151b,
00091318,
00081318,
0010171b,
001d1e1e,
001f2121,
00222323,
00222424,
00232525,
00242625,
00242626,
00242626,
00252626,
00252626,
00252626,
00252626,
00252626,
00242626,
00252626,
00262626,
00242625,
00242625,
00252626,
00252626,
00252626,
00242626,
00232626,
00242625,
00252626,
00252626,
00252626,
00252626,
00242626,
00242626,
00242626,
00242626,
00242626,
00252626,
00252626,
00252726,
00242626,
00252626,
00242626,
00252626,
00252626,
00242626,
00242626,
00252626,
00242626,
00242626,
00242626,
00242626,
00242625,
00242626,
00242626,
00252626,
00252626,
00242626,
00242626,
00242625,
00232525,
00222324,
001f2223,
001d1d25,
00090d1c,
000c0f2a,
000b0f2a,
000b0f2a,
000b0f2a,
000b0f2a,
000b0f2a,
000c0f28,
00060609,
00171e23,
00050509,
0005060f,
000b0f24,
00010106,
00071e22,
00091f24,
000c2024,
00010207,
000a0b17,
000b0e27,
000c0d20,
000b0f29,
000a0f2a,
00090f2b,
00090f2b,
000a102b,
00242527,
00252627,
00252727,
00252727,
00252727,
00252727,
00252727,
00262827,
00262727,
00262727,
00252727,
00262727,
00252726,
00252727,
00262727,
00262827,
00272828,
00272828,
00272828,
00272928,
00282928,
00272928,
00282929,
00282929,
00282929,
00282929,
00282929,
00272929,
00292a2a,
00292a2a,
00292a2a,
002a2b2a,
002a2c2b,
002b2c2c,
002b2c2c,
002c2d2d,
002c2e2d,
002d2e2e,
002e2f2e,
0030302f,
00303130,
00313231,
00323332,
00333532,
00343533,
00363534,
002f2f2e,
002f302f,
00303130,
00323331,
00333432,
00353533,
00373835,
003c3e3b,
003f3f3e,
003f3f3f,
003f3f40,
003f3e3f,
00231f20,
003f3f3f,
00403f3f,
003d3b38,
00343230,
00302e2c,
002c2b2a,
00282928,
00232323,
00252423,
002a2726,
00342f2d,
003e3e3e,
001f1612,
003f3e3e,
003f3f3f,
003f3f3f,
003f3f3f,
003f3f3e,
003a3c37,
00363633,
00343532,
00333431,
0031312f,
002f302e,
002e2e2d,
002d2e2c,
002d2d2c,
002c2c2b,
002b2b2a,
002a2a29,
00292a29,
00292928,
00282928,
00272827,
00262826,
00262726,
00262726,
00272726,
00262726,
00262625,
00252625,
00252625,
00252624,
00252524,
00232423,
00222423,
00212322,
00212221,
00222322,
00222322,
00222423,
00232423,
00232423,
00232424,
00232424,
00232424,
00232424,
00222323,
00222323,
00222323,
001f2122,
00131419,
0015171d,
0015181c,
0015181c,
0014191c,
000b0d13,
00151619,
00202121,
00212222,
00222323,
00222323,
00222423,
00222323,
00222323,
00222323,
00222323,
00212323,
00090c15,
000d181d,
000a181d,
000a171d,
000c1a1e,
000a181c,
00061217,
0028373a,
000b1d21,
0009181d,
000a171d,
000b181e,
000c1b1f,
000e1d20,
000d1c20,
00111e21,
00132124,
00111d1f,
000e161a,
000d171a,
00101617,
000a0c10,
00080f13,
0009161a,
000a181d,
000b181d,
000a181d,
000b191e,
000b191e,
0009151a,
00081418,
00081419,
0012181b,
001c1e1f,
00202222,
00222323,
00222524,
00232525,
00232525,
00242626,
00242626,
00242626,
00242626,
00252626,
00242626,
00252626,
00252626,
00252626,
00262626,
00242625,
00242625,
00252626,
00252626,
00252626,
00252726,
00252626,
00252626,
00252626,
00252626,
00252626,
00252626,
00242626,
00242626,
00242626,
00242626,
00252626,
00252626,
00252727,
00252727,
00252726,
00252626,
00252626,
00252626,
00252726,
00242626,
00252626,
00252626,
00252626,
00242726,
00242626,
00242626,
00242626,
00242626,
00242626,
00252626,
00252626,
00252626,
00252626,
00242626,
00232525,
00222324,
00202223,
001e1f24,
000c0f1c,
000c0f29,
000b0f28,
000b0f28,
000b0e28,
000b0e28,
000b0e28,
000a0e26,
0006050a,
00181f22,
00000105,
0006060c,
000c0e23,
00000005,
00102026,
0005070c,
000b1f23,
000d1f23,
0007070d,
000b0e27,
00080b20,
00090e2a,
000a0f2b,
000a0f2c,
000a0f2c,
00090f2b,
00232727,
00242626,
00252726,
00252727,
00252726,
00262727,
00252727,
00252727,
00262727,
00262727,
00252727,
00252727,
00252727,
00262827,
00262828,
00272828,
00272828,
00272928,
00272828,
00272928,
00282929,
00282928,
00282928,
00282929,
00282929,
00282929,
00282929,
00282a29,
00292a2a,
00292a2a,
00292b2a,
00292b29,
002a2b2b,
002b2c2c,
002c2d2d,
002c2d2d,
002d2e2e,
002d2f2e,
002e2f2e,
0030302f,
00303130,
00313331,
00333332,
00343533,
00353734,
00373735,
002c2c2b,
00303130,
00323231,
00323432,
00353533,
00353735,
00383a37,
003d3e3d,
003f403f,
003f3f3f,
003f3f3f,
002a2425,
00353435,
003f3f3f,
003f3f3e,
00383634,
0031302e,
002e2d2b,
002b2a29,
00292827,
00232322,
00242423,
00272625,
002f2a29,
003f3c3a,
0023221e,
003b282a,
003e3f3f,
003f3f3f,
003f3f3f,
003e3f3e,
00393b37,
00363633,
00353532,
00333431,
0031322f,
002f302e,
002e2e2d,
002d2e2d,
002d2d2c,
002c2c2b,
002b2b2a,
002a2b2a,
002a2a29,
00292a29,
00292928,
00272827,
00272826,
00262726,
00272826,
00272726,
00272726,
00272726,
00252625,
00252625,
00252624,
00252524,
00242523,
00232523,
00222423,
00232423,
00232423,
00232423,
00232423,
00232423,
00232423,
00232423,
00232424,
00232424,
00232424,
00222323,
00222323,
00212322,
00212222,
001d2223,
0015171c,
0016191d,
00161a1e,
00161b1d,
00161b1d,
001d1e1f,
00212222,
00222323,
00222323,
00232424,
00232424,
00232424,
00222323,
00222323,
00222323,
00202323,
000e0d21,
0008071a,
000d171e,
000a181d,
000c1a1f,
000b191d,
001f2c30,
001b292a,
00253435,
000c1e21,
0008171c,
000c191e,
000c1a1e,
000c191d,
000b181d,
000c181c,
000b161a,
00060e12,
00091115,
00060e11,
000a1014,
000a0f11,
000a171b,
0009171c,
000a171c,
0009181c,
000a181d,
000a181c,
000a181d,
0009171c,
00091318,
00081318,
00151a1c,
001c1f1f,
00202222,
00222424,
00232525,
00232525,
00242625,
00242626,
00242626,
00242626,
00242626,
00252626,
00242626,
00242626,
00252626,
00252626,
00252626,
00252626,
00252626,
00252626,
00252626,
00242625,
00252626,
00252626,
00252626,
00262626,
00262626,
00242626,
00252626,
00242626,
00242626,
00242626,
00252726,
00252726,
00242626,
00242626,
00252727,
00252727,
00242626,
00252626,
00242726,
00242726,
00242726,
00252626,
00242626,
00242626,
00242626,
00252626,
00252626,
00252626,
00252626,
00252626,
00252626,
00252626,
00252626,
00242626,
00242626,
00232525,
00222425,
00202223,
001f1f25,
000f1320,
000c0f29,
000b0e28,
000c0f29,
000b0e27,
000b0e28,
000b0e28,
00090e26,
0006050b,
000b0b0e,
00080d11,
0006060a,
000a0e24,
0005040b,
00101c20,
0007070c,
001a262a,
00000207,
00171d22,
00080a1b,
000a0d28,
000a0f2a,
000a0e2b,
000a0e2c,
000a0f2c,
00090f2a,
0020262c,
00242625,
00242626,
00252626,
00262727,
00252726,
00252726,
00252727,
00262727,
00262727,
00252727,
00262827,
00262828,
00262828,
00272828,
00272828,
00272828,
00272828,
00272828,
00282928,
00282928,
00272928,
00272928,
00272828,
00282929,
00282929,
00282929,
00292a29,
00292a2a,
00292a2a,
00292a2b,
002a2b2b,
002b2c2b,
002b2c2c,
002c2d2c,
002c2d2d,
002c2e2c,
002d2f2d,
002e302e,
00313130,
00313231,
00333332,
00343432,
00353533,
00373735,
00383836,
00373736,
00303130,
00323332,
00343432,
00363735,
00373936,
003c3d3a,
003e3f3e,
003f403f,
003f3f3f,
00403f3f,
00272223,
003d3d3d,
003f3f40,
003d3c3b,
00353331,
002f2f2d,
002d2c2a,
002b2a28,
002a2827,
00222221,
00232322,
00262524,
002a2827,
0037312f,
003e3f3e,
00281818,
003f3f3f,
003f3f3f,
003f3f3f,
003e403e,
003a3c37,
00363633,
00353532,
00333431,
0031312f,
002f302e,
002e2e2d,
002d2d2c,
002d2d2c,
002c2c2b,
002b2b2a,
002a2b2a,
002a2a29,
002a2a29,
00292928,
00282928,
00272827,
00282827,
00282827,
00272826,
00262726,
00272726,
00262726,
00252625,
00252625,
00262625,
00242524,
00232524,
00232523,
00232524,
00242524,
00232523,
00232524,
00232423,
00232423,
00232523,
00232423,
00232424,
00232424,
00222323,
00222323,
00222323,
00222323,
00212321,
001c2223,
0015181b,
00181b1d,
00181c1d,
0019191b,
00212322,
00212323,
00232424,
00232424,
00232424,
00232424,
00222423,
00232424,
00232423,
00222323,
001f2124,
00151725,
00090b1e,
0007071b,
000c161d,
000d1a1f,
000d1a1f,
00243135,
00122023,
000c181c,
001e2a2d,
00162528,
0009181b,
000c181d,
000b171c,
0009161c,
0009171b,
00091317,
001b1e20,
00151718,
0019191b,
00111214,
00181c1d,
000a171b,
0009171b,
0009171b,
00071418,
000b1b1f,
00071116,
00081218,
000b161c,
000a1317,
00091217,
00161b1e,
001c1f1e,
00202222,
00222424,
00242525,
00252626,
00242626,
00242626,
00252626,
00242626,
00242726,
00252626,
00252726,
00252726,
00252726,
00252726,
00252727,
00252726,
00252726,
00252626,
00252626,
00252626,
00252626,
00252626,
00252626,
00242626,
00242626,
00252626,
00252626,
00252626,
00242626,
00242626,
00242626,
00242726,
00252726,
00252727,
00252727,
00252726,
00252726,
00252727,
00252726,
00252626,
00242726,
00252626,
00252726,
00252626,
00252626,
00252626,
00252626,
00252626,
00252626,
00252626,
00252626,
00252626,
00252626,
00252626,
00252626,
00242525,
00222425,
00212224,
001e2023,
000b0f1e,
000c1029,
000b0f28,
000c0f29,
000c0f29,
000c0f2a,
000b0f2b,
000b102a,
0002030d,
00090d10,
0006060a,
00060509,
000d0f25,
0003040e,
00162126,
0004060a,
000b1116,
0007070d,
000f191d,
0003040c,
000b0f29,
00090f29,
00090e2a,
000a0e2a,
000b0f2b,
000a102c,
00090d21,
00232525,
00242626,
00262626,
00252626,
00252726,
00252726,
00252727,
00262727,
00262827,
00262828,
00262828,
00262828,
00262828,
00272828,
00272828,
00262828,
00272828,
00272928,
00272928,
00272927,
00272928,
00272928,
00282929,
00282929,
00282929,
00282a29,
00282a29,
00292a29,
00292b29,
00292b29,
002a2b2b,
002b2c2c,
002b2c2c,
002c2d2c,
002c2d2d,
002d2e2d,
002e2f2e,
002f302f,
00313130,
00313231,
00333332,
00343433,
00353634,
00363836,
00373937,
003b3b3a,
00323231,
00313332,
00363634,
00363936,
003a3b38,
003f3f3d,
003f3f3e,
003f403f,
003e3f3f,
00312d2d,
00212020,
003e3f3f,
003f3f3e,
003b3936,
0032302f,
002e2d2b,
002b2b29,
00292927,
00282827,
00212220,
00232221,
00252423,
00282725,
00322e2c,
003f3f3f,
001f1815,
003e3838,
003f3f3f,
003f3f3f,
003f3f3d,
00393b37,
00363633,
00353532,
00333431,
00313230,
0030302f,
002e2f2e,
002d2d2c,
002c2d2c,
002c2c2b,
002b2b2a,
002b2b29,
002a2a28,
002a2a29,
00292a29,
00282928,
00282927,
00272827,
00282827,
00272827,
00272826,
00272726,
00262726,
00262726,
00262625,
00262625,
00252624,
00242524,
00242524,
00242524,
00242524,
00242524,
00242524,
00242524,
00232524,
00232524,
00232423,
00232424,
00232424,
00222323,
00222323,
00222323,
00212222,
00222323,
00222323,
00212424,
001b1f1f,
001b1d1d,
00232524,
00232424,
00232424,
00232424,
00242525,
00232525,
00232424,
00232424,
00232424,
00222424,
00222322,
001b1d25,
000a071c,
000d0c20,
00090c1d,
000a081d,
000f1720,
000c181d,
0019292b,
000d1a1e,
000b191d,
000c181d,
000c191c,
00182729,
0009161b,
000a161b,
0008171c,
000a161a,
00181b1d,
00131416,
001c1e1e,
00191a1b,
00191c1c,
001c1e1d,
000d181d,
0009171c,
00071215,
00030d11,
0007181d,
00050e11,
000c1d1f,
00040f15,
00081116,
00091318,
00191b1d,
001d1f1f,
00202222,
00222424,
00232525,
00242625,
00242626,
00252626,
00252626,
00252726,
00252626,
00252626,
00252626,
00252726,
00252627,
00252626,
00252626,
00262727,
00252626,
00252626,
00252626,
00252626,
00252626,
00252626,
00262726,
00262727,
00252727,
00252726,
00262727,
00262727,
00252726,
00252726,
00252726,
00252726,
00252726,
00252727,
00262727,
00252626,
00252726,
00262727,
00262727,
00252726,
00252726,
00252626,
00252626,
00252626,
00252626,
00252626,
00252626,
00252726,
00252626,
00252626,
00252626,
00252626,
00242626,
00252626,
00242626,
00242525,
00222425,
00212224,
001e1f22,
000f1122,
000c1028,
000c0f28,
000c0f29,
000c0f2a,
000c0f2b,
000c0f2a,
000c0f29,
00080b1e,
0008060c,
0006050c,
0005050a,
000a0d20,
000d0e22,
0004060b,
00010206,
00000107,
00111b20,
000c1f22,
0007060d,
00090f28,
000a0f28,
000a0f29,
000a0f29,
000b0f2c,
000c102c,
00090e26,
00232424,
00242626,
00252626,
00252726,
00252727,
00252727,
00252727,
00252727,
00262828,
00262828,
00262828,
00262928,
00272828,
00272828,
00272828,
00272828,
00272828,
00262828,
00282929,
00272828,
00272828,
00272927,
00282929,
00282929,
00282a29,
00292a2a,
00292a29,
00292a29,
00292b2a,
002a2c2a,
002b2c2a,
002b2c2c,
002b2c2b,
002c2d2d,
002d2e2e,
002d2e2d,
002e2f2e,
0030302f,
00313130,
00313231,
00333332,
00343532,
00363735,
00373736,
00383a38,
003b3c39,
002f3030,
00333533,
00363835,
00393a37,
003c3e3b,
003e3f3e,
003f3f3e,
003f3f3f,
003e3f3f,
002a2424,
003f3f3f,
003f403f,
003f3f3e,
00373432,
0030302e,
002d2c2a,
002a2a29,
00282827,
00272827,
001f1e1e,
00232221,
00242323,
00262624,
002c2a28,
00393532,
003c3e3b,
00321c1c,
003e3f3f,
003f3f3f,
003e3f3c,
00383936,
00363633,
00363532,
00333431,
00313230,
0030302f,
002f2f2e,
002d2e2d,
002c2d2c,
002c2c2b,
002b2b2a,
002a2b29,
002a2b2a,
002a2a29,
002a2a29,
00292928,
00282928,
00272827,
00282827,
00272827,
00272827,
00272827,
00262726,
00262726,
00262725,
00262625,
00262625,
00242524,
00242625,
00242625,
00242624,
00242625,
00242524,
00242524,
00242524,
00242524,
00232524,
00232424,
00232424,
00222323,
00222323,
00222323,
00222323,
00222423,
00222423,
00232424,
00222524,
00232525,
00232524,
00232524,
00232424,
00242525,
00232524,
00242525,
00232525,
00232424,
00222424,
00232423,
00212422,
00100f1a,
001e2128,
0007061a,
00131321,
00151726,
000a081e,
00090818,
00101720,
000c181c,
000a1a1d,
00273637,
00162325,
000a171b,
0009171c,
000a171c,
0009161b,
000c1317,
001b1c1d,
000b0b0d,
00111114,
00151518,
00151516,
0014181a,
000a161c,
0009171b,
00061014,
0008191b,
0006171a,
00061b1b,
0000070b,
000b1d20,
00091217,
00081318,
00191c1d,
001e1f20,
00202222,
00222424,
00232525,
00242525,
00252626,
00252626,
00252626,
00252626,
00252626,
00252626,
00252626,
00252626,
00252626,
00252726,
00252726,
00242625,
00252626,
00252626,
00252626,
00252626,
00252626,
00252626,
00252626,
00252726,
00252626,
00252726,
00252726,
00252726,
00252626,
00252726,
00262727,
00262727,
00252727,
00252726,
00262727,
00252626,
00252726,
00262727,
00252726,
00262727,
00252727,
00252626,
00252626,
00252626,
00252626,
00252626,
00252626,
00252727,
00252626,
00252626,
00262626,
00252626,
00242626,
00252626,
00252626,
00242525,
00222425,
00212224,
001e1f22,
000c0c1c,
000c1028,
000b0f29,
000a0e29,
000a0f29,
000c0f2b,
000b0f25,
000b0f27,
000b0e28,
000b0e23,
00040310,
00050509,
000c0e1c,
000b0e29,
0007060d,
00172226,
0005050b,
00081d20,
00142328,
0005050a,
000d1125,
000a0f28,
000c0f29,
000a0f2a,
000b102c,
000b102c,
000c112b,
00212423,
00242626,
00252726,
00262727,
00252727,
00252727,
00262827,
00262828,
00262828,
00272828,
00262828,
00262828,
00272828,
00272828,
00272828,
00272828,
00272828,
00262827,
00272828,
00272828,
00272928,
00272928,
00282929,
00282a28,
00282a29,
00282a29,
00292a2a,
002a2b2a,
00292b2a,
002a2b2b,
002b2c2c,
002a2c2a,
002b2c2c,
002c2d2c,
002d2e2d,
002d2f2e,
002f2f2e,
0030302f,
00313130,
00323231,
00333332,
00353533,
00363634,
00373837,
00393a38,
003c3c39,
00383938,
00363836,
00383a37,
003b3c39,
003e3f3d,
003f403f,
003f3f3f,
003f3f3f,
003d3839,
001f1e1e,
003e3e3e,
003f403e,
003c3937,
00343230,
002f2e2c,
002c2b29,
002a2928,
00282827,
00262726,
00150d0f,
00202120,
00252322,
00242523,
002a2826,
00352f2d,
003e3e3d,
00201612,
003f3f3f,
003f3f3f,
003e3f3c,
00393936,
00363633,
00353532,
00333331,
00323230,
0030302f,
002f2f2e,
002e2e2d,
002c2d2c,
002c2c2b,
002b2b2a,
002a2b2a,
002b2b2a,
002a2a29,
002a2a29,
00292928,
00292928,
00282928,
00282827,
00292827,
00282827,
00272726,
00272726,
00262726,
00262726,
00262625,
00262625,
00262625,
00252625,
00252624,
00252625,
00252625,
00252625,
00242524,
00242524,
00242524,
00232524,
00232524,
00232424,
00232424,
00222323,
00222323,
00222423,
00232424,
00222423,
00232424,
00242424,
00242525,
00242525,
00242525,
00232524,
00242525,
00242525,
00242525,
00242525,
00232524,
00232424,
00222423,
00202222,
0014151e,
00100c15,
001d1e25,
00080718,
000f0d1f,
00111522,
000f0f21,
000a081d,
00060615,
0030343d,
000a141c,
000c171b,
000b171c,
000b181d,
000a171c,
000a161b,
000d1217,
001d1c20,
001b1d1e,
001b1e1f,
001d1f21,
001b1c1f,
0013181f,
000e181f,
000c171c,
00001215,
0003191c,
00041c1d,
00051b1e,
0006151a,
00081d20,
00081217,
000b1519,
00191c1e,
001e2021,
00212322,
00222424,
00232525,
00242625,
00252626,
00252626,
00252626,
00252626,
00252626,
00252626,
00262626,
00252626,
00262626,
00252626,
00252626,
00252626,
00262626,
00252626,
00252626,
00252626,
00252626,
00252626,
00252726,
00252726,
00252726,
00252726,
00252726,
00252727,
00262727,
00262727,
00262727,
00262727,
00252726,
00262727,
00262727,
00252626,
00252726,
00252727,
00252727,
00262727,
00262727,
00252726,
00262727,
00262727,
00252626,
00252626,
00262626,
00252626,
00252626,
00252626,
00252626,
00252626,
00242626,
00252626,
00252626,
00232525,
00232425,
00212324,
001f2023,
000e0e18,
000c1027,
000b0f28,
000b0f2a,
00090e28,
000c102a,
000b0e25,
000b0f27,
000b0f28,
000b0f27,
000b0e27,
000d1226,
00090c24,
000b0f29,
0007060d,
00111a1f,
0009060b,
00000005,
00030408,
00000008,
000a070d,
000b0f24,
000a0f28,
000a0f29,
000c102c,
000c112c,
000b102b,
00222628,
00242626,
00252727,
00262727,
00262827,
00262828,
00262828,
00262828,
00262828,
00262828,
00262828,
00272828,
00272828,
00272828,
00272828,
00272828,
00272828,
00272827,
00272927,
00272928,
00282929,
00282929,
00282929,
00282929,
00292a29,
00292b2a,
00292a2a,
00292b2a,
002a2b2a,
002a2b2a,
002a2c2b,
002b2c2b,
002b2c2c,
002c2d2c,
002c2e2d,
002d2f2e,
002f302f,
0030302f,
00313130,
00323231,
00343332,
00343533,
00363735,
00373937,
003b3b39,
003d3e3b,
003f3f3e,
00363736,
003b3c39,
003e3e3c,
003e3f3e,
003f403e,
003f3f3f,
00403f3f,
002a2323,
003c3e3d,
003f3f3f,
003f3f3e,
00393534,
0032302e,
002d2d2a,
002b2b29,
00292927,
00282726,
00262726,
000c0907,
001f1819,
00212221,
00242422,
00272624,
00302c2a,
003f3c3b,
00363533,
00351c1e,
003f3f3f,
003e3f3d,
00393936,
00363734,
00353532,
00323331,
0031322f,
0030302f,
002f302e,
002e2e2d,
002c2d2c,
002c2c2b,
002b2b2a,
002b2b2a,
002b2b2a,
002a2a29,
002a2a29,
002a2a29,
00292a29,
00292928,
00282928,
00282928,
00282827,
00282827,
00272726,
00272726,
00262726,
00262726,
00262625,
00252625,
00262725,
00262625,
00252625,
00252625,
00252625,
00242524,
00242524,
00242624,
00232524,
00242525,
00232424,
00232424,
00232424,
00222423,
00232424,
00232424,
00232524,
00232424,
00232424,
00242525,
00242525,
00242525,
00242525,
00242525,
00242525,
00242525,
00232524,
00242525,
00232424,
00212423,
001f2121,
00171a20,
000f0e1c,
00131218,
0018191d,
000f101b,
000f0d1d,
00191a23,
001b1d29,
000a0a1d,
000b091f,
0008071c,
00060718,
000a0d1b,
000d131f,
000d141e,
00080e1a,
00070817,
000e0b1a,
0015101a,
0016101c,
00140f1a,
0017151e,
0009081a,
000a081b,
00080e15,
00021316,
0004191e,
00061a1e,
00051b1e,
00021b1d,
000a1319,
000a1318,
000b1619,
001c1d1e,
001e2021,
00212322,
00222424,
00232525,
00232525,
00242626,
00242626,
00252626,
00252626,
00252626,
00252626,
00252626,
00252626,
00252626,
00252626,
00252626,
00252626,
00262626,
00252626,
00252626,
00252626,
00252626,
00242626,
00252727,
00262727,
00262727,
00262727,
00262727,
00252727,
00262727,
00262727,
00262727,
00262727,
00252726,
00262727,
00262727,
00252726,
00252726,
00252727,
00252727,
00262727,
00262727,
00252626,
00252626,
00262727,
00252626,
00252626,
00252726,
00252626,
00252626,
00252626,
00262626,
00252626,
00252626,
00242626,
00242626,
00242626,
00242525,
00222324,
00202124,
000f1018,
000c1027,
000b0f29,
000b0f2a,
000c1029,
000c0f29,
000a0e25,
000b0e26,
000c0f29,
000c0f28,
000b0e28,
000b1029,
000b102a,
000b102a,
0004040a,
00000106,
0005050a,
00020307,
00010306,
00060b0f,
001a2529,
000c0e20,
000b0f29,
000b0f2a,
000b102c,
000b102c,
000b102c,
0021252e,
00252626,
00252727,
00262827,
00262828,
00262828,
00262828,
00272828,
00272828,
00272928,
00272828,
00272828,
00272828,
00272828,
00272828,
00272828,
00272928,
00272828,
00282929,
00282829,
00282929,
00282929,
00282a29,
00282a29,
00292b29,
00292a2a,
002a2b2a,
002a2b2a,
002a2b2a,
002a2c2a,
002b2c2b,
002b2c2c,
002c2d2c,
002c2d2d,
002d2e2d,
002e2f2e,
002f302f,
0030302f,
00313130,
00323232,
00333432,
00343533,
00363735,
00373937,
003b3c39,
003c3e3c,
003e3f3e,
00363736,
003c3e3a,
003f3f3e,
003f3f3f,
003f3f3f,
003f3f3f,
003f3e3e,
00231f20,
003f3e3e,
003e3f3f,
003e3c3a,
00343230,
002f2e2c,
002d2c2a,
002a2a29,
00292826,
00272725,
00262625,
001c1f1b,
000b0605,
00211d1e,
00242322,
00262523,
002b2827,
0036312f,
003e3f3e,
001c0f0c,
003e3f3e,
003f3f3f,
00383836,
00363633,
00353532,
00333331,
0031312f,
0030302e,
002f302d,
002e2f2c,
002d2d2c,
002c2c2b,
002b2b2a,
002b2b2a,
002b2b2a,
002a2b2a,
002a2a29,
002a2a29,
002a2a29,
00292928,
00292928,
00282928,
00282827,
00282827,
00272827,
00272726,
00272726,
00272726,
00262726,
00272726,
00262725,
00252625,
00252625,
00252625,
00252625,
00252625,
00242625,
00242624,
00242525,
00242524,
00232524,
00232424,
00232424,
00222423,
00222423,
00232424,
00232424,
00232424,
00232524,
00242525,
00242525,
00242525,
00232524,
00232524,
00242525,
00242525,
00242525,
00232524,
00232524,
00232424,
00212223,
001b1e22,
00110f1f,
0015141a,
00131316,
00101215,
001b1d25,
000a0819,
000f0b1f,
00141623,
00151826,
00101321,
0008091b,
000c0b20,
0009091e,
0009091e,
0008071d,
0009071d,
000a081e,
000c091f,
00080718,
00090716,
000a061a,
000a081e,
00070917,
0018191c,
00081013,
000d1b1e,
0005151a,
00051c1e,
000b1d1f,
00080817,
00070816,
000e1619,
001c1d1d,
001f2021,
00212322,
00222424,
00232524,
00232525,
00242626,
00242626,
00242626,
00252626,
00252726,
00252626,
00252626,
00252626,
00252626,
00252626,
00252626,
00252626,
00252626,
00252626,
00252626,
00252626,
00252626,
00252626,
00252626,
00252626,
00252726,
00262727,
00262727,
00262727,
00262727,
00262727,
00262727,
00262727,
00252626,
00252726,
00262727,
00262727,
00252727,
00252726,
00252726,
00252626,
00252626,
00252626,
00262727,
00252726,
00252626,
00252726,
00252626,
00252626,
00252626,
00252626,
00252626,
00252626,
00252626,
00252626,
00252626,
00252626,
00242425,
00222324,
00202123,
0016171d,
000d1127,
000c0f29,
000c102a,
000c102a,
000c0f29,
000a0e25,
000a0f26,
000b1027,
000c1028,
000c1028,
000c0f29,
000c102b,
000b0f29,
0007060d,
00111b20,
00050509,
000f2225,
00092024,
00040a0d,
000f1519,
00070714,
000a0f29,
000b0f2a,
000c102b,
000c102c,
000c102b,
00090e1e,
00252627,
00262727,
00262828,
00262828,
00262828,
00262828,
00272828,
00272828,
00272928,
00272828,
00272828,
00272828,
00272828,
00272828,
00272928,
00282928,
00272928,
00272928,
00272928,
00272929,
00282a29,
00282a29,
00292a29,
00292a29,
00292b2a,
002a2b2a,
002a2b2a,
002a2c2b,
002b2c2c,
002b2c2c,
002c2d2c,
002c2d2b,
002d2e2c,
002d2e2d,
002f2f2e,
0030302f,
0030302f,
00313130,
00323231,
00333432,
00343533,
00373735,
00383837,
003a3b39,
003e3e3d,
003f3f3e,
003d3d3c,
003e3f3d,
003f403f,
003f3f3f,
003f3f3f,
003e3f3f,
002d2727,
00363535,
003f3f3f,
003f3f3e,
003a3734,
0032302e,
002e2d2b,
002c2b2a,
002a2928,
00292826,
00272625,
00252624,
001f1f1f,
001d1e1b,
00120b0b,
00202121,
00242423,
00272624,
00312d2b,
003f3f3e,
002a2a27,
00382123,
003d3f3f,
003a3b39,
00363633,
00353531,
00323231,
0031312f,
0030312e,
002f302e,
002f2f2d,
002e2e2c,
002c2c2b,
002c2c2b,
002b2c2b,
002b2b2a,
002b2b2a,
002a2a29,
002a2a29,
002a2a29,
00292a29,
00292928,
00292928,
00292928,
00282827,
00282827,
00272827,
00272726,
00272726,
00262726,
00262726,
00262726,
00262726,
00262725,
00252625,
00252625,
00252625,
00252625,
00242625,
00252525,
00242525,
00232524,
00232424,
00232424,
00232424,
00232424,
00232424,
00242424,
00232424,
00232424,
00232524,
00242525,
00232524,
00242525,
00232524,
00242525,
00242525,
00242525,
00242525,
00232524,
00222323,
00212223,
001e2022,
0011121c,
0017171c,
0017181a,
0018191b,
00141517,
001b1c1f,
00202227,
000c0e1a,
00030312,
000c081a,
00110f21,
00120f24,
00161526,
000b0a1f,
0009081e,
0008091d,
00020418,
00030417,
00080e18,
00020512,
000a081e,
00080714,
001a1c1e,
00010306,
000a0f13,
000f1517,
00011217,
00041b1f,
0009121b,
0009071d,
000a081d,
0013171b,
001b1d1e,
001f2021,
00212322,
00222424,
00232525,
00232525,
00242625,
00252626,
00252626,
00252626,
00252626,
00252626,
00252626,
00252726,
00252626,
00242626,
00252626,
00252626,
00252626,
00242626,
00242626,
00242626,
00242626,
00252626,
00252726,
00252626,
00252726,
00252726,
00252726,
00252626,
00252626,
00252626,
00252626,
00252626,
00252626,
00252626,
00262727,
00252626,
00252727,
00252626,
00252626,
00252726,
00252626,
00252726,
00252726,
00252626,
00252726,
00262727,
00252726,
00252626,
00252626,
00252726,
00252626,
00252626,
00252626,
00252626,
00252626,
00242625,
00242525,
00222324,
001f2023,
0017181e,
000f1124,
000c1029,
000d0f29,
000d1029,
000c0f29,
000a0e26,
000b0f26,
000b0f28,
000b0f28,
000c0f28,
000b0e28,
000c0f2b,
000d0f2b,
0005050e,
000e2024,
00102228,
00081f24,
000b2024,
000d2023,
00070609,
00020310,
000a0f29,
000c0f29,
000c102b,
000c102c,
000d102b,
00090e27,
00252725,
00252726,
00262828,
00262828,
00262828,
00262828,
00272828,
00272828,
00272828,
00272727,
00272828,
00272828,
00272828,
00272828,
00272927,
00282928,
00282928,
00282928,
00282928,
00282929,
00282a29,
00292a29,
00292b29,
00292b2a,
00292b2a,
002b2b2b,
002a2b2b,
002a2c2b,
002b2c2c,
002c2c2c,
002c2d2d,
002d2d2d,
002d2e2d,
002e2e2d,
002f2f2e,
0030302f,
00313130,
00313130,
00323231,
00333432,
00343533,
00363735,
00383937,
003a3c39,
003e3f3d,
003f3f3e,
003f3f3f,
003e3f3e,
003f3f3e,
003f3f3f,
003f3f3f,
003f3f3f,
00272122,
003f3f3e,
003e3f3e,
003f3e3c,
00363331,
00302e2d,
002d2c2b,
002b2a28,
00292927,
00292726,
00262625,
00252524,
00201f1f,
001e201e,
0011120f,
001d1516,
00242222,
00262524,
002c2927,
003a3532,
003e3d3d,
001b1410,
003f3e3e,
003f3f3e,
00363533,
00353432,
00323230,
0031312f,
0030312e,
002f2f2e,
002f2f2d,
002e2e2c,
002d2d2b,
002c2c2a,
002b2b2a,
002b2b2a,
002b2b2a,
002a2b2a,
002a2a29,
002a2a29,
002a2a29,
00292928,
00292928,
00292928,
00282928,
00282827,
00272827,
00272827,
00272827,
00262726,
00262726,
00262726,
00262726,
00262726,
00262725,
00262726,
00252625,
00252625,
00252625,
00252525,
00242525,
00242525,
00232524,
00232524,
00232524,
00232424,
00232424,
00242424,
00232424,
00232424,
00232424,
00232424,
00232424,
00242525,
00232524,
00242525,
00242525,
00242525,
00242525,
00232524,
00222322,
00222323,
00202222,
001b1e20,
0017181c,
0016171a,
00171819,
00161719,
00161719,
00161718,
00111114,
00141719,
001f2327,
001b2126,
00141720,
00151824,
001e212a,
001e2027,
0019181f,
00111219,
000c1218,
00091820,
00191c22,
001f232c,
000a1014,
00040204,
0008191e,
0007171b,
000d1c20,
00051b20,
00051b20,
000a141d,
0007061c,
000a081c,
0018171d,
001b1d1f,
001f2020,
00212222,
00232323,
00232424,
00232524,
00242525,
00252525,
00252626,
00252626,
00252626,
00252626,
00252626,
00252626,
00242625,
00242625,
00252626,
00252626,
00252626,
00252626,
00252626,
00252626,
00252626,
00252626,
00252626,
00252626,
00262626,
00252626,
00262727,
00252626,
00252626,
00252626,
00252626,
00252626,
00252726,
00252626,
00262727,
00252726,
00262727,
00252726,
00252626,
00252626,
00252626,
00252626,
00252626,
00252626,
00252626,
00252726,
00252626,
00252626,
00252726,
00242626,
00252626,
00252626,
00252626,
00252626,
00252626,
00242525,
00232425,
00222324,
00202123,
001b1b21,
000f1021,
000c1029,
000c0f29,
000b0f29,
000c0f2a,
000a0e26,
000b0e26,
000b0e27,
000b0f28,
000b0f28,
000c0f29,
000b102b,
000c0f2c,
00070818,
00141e23,
00071f23,
000b1d22,
00010207,
000b1617,
0004050a,
000b1025,
000b0f28,
000b0f29,
000c102b,
000b102c,
000c102c,
000d112c,
00232725,
00252727,
00252727,
00262828,
00262828,
00272828,
00272828,
00262827,
00272828,
00272828,
00272828,
00272828,
00272928,
00282929,
00272928,
00282929,
00282929,
00282929,
00282929,
00282a29,
00292a2a,
00292a29,
00292b2a,
002a2b2b,
002a2b2a,
002a2b2b,
002b2c2b,
002b2c2c,
002b2d2b,
002c2d2c,
002c2d2d,
002d2d2c,
002e2e2d,
002e2f2e,
002f2f2e,
0030302f,
00313130,
00313130,
00323232,
00333432,
00343533,
00363734,
00383837,
003a3c39,
003e3f3d,
003f403e,
003f3f3f,
003e3f3f,
003f3f3f,
003f3f3f,
003f3f3f,
00372f30,
00252424,
003f3f3f,
003f3f3e,
003a3735,
0033312e,
002f2d2b,
002c2b2a,
002a2927,
00292826,
00272725,
00262625,
00222020,
001f1f1f,
0020201e,
00232422,
000c0807,
0023191a,
00242423,
00272725,
00342f2c,
003f3f3e,
00201f19,
00351c1e,
003f3f3f,
00363937,
00343431,
00333331,
00313230,
0030312e,
002f302d,
002e2f2d,
002e2e2d,
002d2e2d,
002c2c2b,
002b2c2b,
002b2b2a,
002b2b2a,
002a2b2a,
002a2a29,
002a2a29,
002a2a29,
002a2a29,
00292928,
00292928,
00292928,
00282827,
00282827,
00282827,
00282827,
00282827,
00282827,
00272726,
00262726,
00272726,
00272726,
00272726,
00262726,
00262725,
00262626,
00242625,
00242525,
00242525,
00242525,
00242525,
00242525,
00232524,
00232424,
00232424,
00232424,
00232424,
00232424,
00242424,
00232424,
00232424,
00232424,
00242525,
00242525,
00242525,
00242525,
00232424,
00222323,
00222222,
00222222,
001f2121,
001a1a1c,
00191a1c,
00171819,
00171819,
0017181a,
0017181a,
0017171a,
0016171a,
00151519,
00131316,
000e0f14,
000d0d16,
000d0e17,
000a0913,
00070b14,
0005121a,
0007161e,
00061b21,
00070611,
00090912,
000a1718,
00000205,
00031b20,
00061a20,
00051b20,
00051b20,
00061b20,
00000003,
00212224,
000b1019,
0012121b,
001c1d1e,
00202020,
00212322,
00222323,
00232424,
00242424,
00242625,
00242525,
00242525,
00252626,
00252626,
00242525,
00252626,
00252626,
00242625,
00252626,
00242625,
00252626,
00252626,
00252626,
00252626,
00252626,
00252626,
00252626,
00252626,
00242626,
00252726,
00262626,
00252626,
00252626,
00252626,
00252626,
00242626,
00252626,
00252626,
00242625,
00252626,
00252626,
00252626,
00252626,
00252626,
00252626,
00252626,
00252626,
00252626,
00252626,
00252626,
00252626,
00252626,
00242625,
00252626,
00252626,
00252626,
00252626,
00242625,
00252626,
00242525,
00242525,
00232424,
00212223,
001e1f21,
001a1b20,
000a0b1b,
000c0f29,
000c0f2a,
000c0f2a,
000b0f29,
000b0e27,
000b0e26,
000b0f27,
000b0f27,
000b0f28,
000b0f29,
000c102b,
000b102c,
000c1028,
0007070d,
00181c23,
00000107,
0005050a,
00000105,
00050409,
000a0f26,
000b0f28,
000b0f29,
000c102b,
000c102c,
000b102c,
000d102b,
00222627,
00252626,
00252727,
00262828,
00262827,
00272828,
00262828,
00262828,
00252828,
00272828,
00272828,
00272928,
00282929,
00282929,
00282928,
00282928,
00282928,
00282929,
00282a29,
00292a2a,
00292a2a,
00292a29,
002a2b29,
00292b2b,
002b2b2b,
002b2c2b,
002b2c2c,
002a2b2b,
002b2c2b,
002d2d2c,
002d2d2c,
002d2d2c,
002e2e2d,
002f2f2e,
002f302f,
00303130,
00303130,
00313130,
00323231,
00333432,
00343533,
00363634,
00383936,
003b3c39,
003f3f3e,
003f3f3f,
003f3f3f,
003f3f3f,
003f3f3f,
003f3f3f,
003f3f3f,
00292021,
003d3f3e,
003f3f3f,
003f3f3d,
00363432,
00302f2d,
002d2c2b,
002b2a29,
002a2827,
00282726,
00282624,
00252525,
00231e1e,
001f1f1e,
0020201f,
00232220,
00141412,
000b0705,
00252020,
00262524,
002d2a28,
003a3635,
003f3f3d,
00231412,
003e3e3d,
003c3f3f,
00323330,
00323231,
00313230,
0030312e,
002f302d,
002e2f2d,
002e2e2d,
002d2e2d,
002d2d2c,
002c2c2b,
002b2c2a,
002a2b29,
002a2b29,
002a2b2a,
002a2b2a,
002a2a29,
002a2a29,
00292a29,
00292928,
00292928,
00282928,
00282827,
00282827,
00272827,
00282827,
00282827,
00272827,
00272726,
00272726,
00282726,
00272726,
00262726,
00262725,
00252726,
00252625,
00252626,
00242525,
00242525,
00242525,
00242525,
00242525,
00232424,
00232424,
00232524,
00242525,
00232424,
00242424,
00232424,
00232424,
00232524,
00242525,
00232525,
00232524,
00232525,
00222323,
00212323,
00212323,
00212222,
001f2122,
001b1c1d,
001b1d1d,
001b1c1c,
00171919,
00161819,
00171819,
0017181a,
0017171a,
00161619,
00161719,
00111418,
000c0d16,
00090b15,
00070c15,
00070e15,
0003151a,
00061a20,
00051a20,
00020712,
00090814,
00091a20,
000c1b20,
000a1b20,
0000050c,
00041b1f,
00061a20,
0006181f,
0007070a,
000b0809,
000c0c10,
00141419,
001c1d1e,
001e2020,
00202121,
00212322,
00212323,
00222323,
00232323,
00242424,
00242525,
00242625,
00242525,
00242625,
00252626,
00242625,
00252626,
00252626,
00242625,
00252626,
00252626,
00252626,
00252626,
00252626,
00242625,
00252626,
00242626,
00252525,
00252626,
00242626,
00242625,
00242625,
00242525,
00242525,
00242625,
00242525,
00242525,
00242525,
00242525,
00242625,
00242625,
00242625,
00252626,
00242625,
00252626,
00252626,
00252626,
00252626,
00252626,
00252626,
00242625,
00242525,
00242525,
00242525,
00242625,
00222423,
00232524,
00232524,
00242525,
00232424,
00232424,
00212223,
001f2022,
001d1d22,
00070816,
000c1029,
000c0f2a,
000c0f2a,
000b0f29,
000b0e27,
000b0e26,
000b0f27,
000b0f27,
000b0f28,
000b0f29,
000c102a,
000c102c,
000c102b,
00090b21,
0004040d,
0003030e,
000c0d20,
00020307,
0006060a,
000b0f27,
000c1028,
000b0f29,
000c0f29,
000c102c,
000b102b,
00121b30,
00232731,
00242627,
00252727,
00252727,
00272727,
00272727,
00262828,
00262828,
00262828,
00272828,
00272828,
00282929,
00282929,
00282929,
00282928,
00282928,
00282928,
00292a29,
00292a29,
00292a2a,
00292a2a,
002a2b2a,
002a2b2a,
002b2b2b,
002b2c2b,
002c2c2b,
002b2c2c,
002b2c2b,
002c2d2c,
002d2d2c,
002d2d2c,
002e2e2d,
002e2e2d,
002f2f2e,
0030302f,
0030302f,
00313130,
00313231,
00323231,
00333431,
00343533,
00363634,
00383836,
003b3b38,
003e3f3d,
003f3f3f,
003f3f3f,
003f3f3f,
003f3f3f,
003f3f3f,
003c3536,
00232121,
003f3f3e,
003f3f3f,
003b3836,
0033312f,
002f2e2c,
002c2b2a,
002a2928,
00282826,
00272725,
00262625,
00232222,
0012070b,
001e1e1e,
0020201f,
00141512,
0012110f,
001c1d1b,
00100707,
00222322,
00282726,
00342f2d,
003f3f3e,
001b1c17,
002e0f11,
003c3e3e,
003a3939,
00323330,
0031322f,
0030302e,
002f302d,
002e2f2d,
002f2f2d,
002e2e2d,
002d2d2c,
002d2d2b,
002c2c2a,
002b2b2a,
002b2b2a,
002a2b2a,
002a2a29,
002a2a29,
002a2a29,
002a2a29,
00292928,
00292928,
00292928,
00292928,
00282827,
00282827,
00282827,
00282827,
00282827,
00282827,
00272726,
00272726,
00272726,
00272826,
00262726,
00252725,
00252625,
00252626,
00242625,
00242525,
00242525,
00242525,
00242525,
00232524,
00232524,
00242525,
00242525,
00242525,
00232524,
00232524,
00232524,
00242525,
00242525,
00242525,
00242525,
00232525,
00212323,
00212323,
00212322,
00212222,
00202222,
001d1f20,
001d1e1f,
001c1d1e,
001a1c1b,
00181919,
00171818,
00171819,
00171719,
00171619,
00171719,
00121618,
000b1014,
000a0b16,
00090e17,
000a1118,
00101b20,
00091219,
0006171f,
00081920,
00080813,
000b1a21,
0008181e,
00020109,
000f1c20,
00061017,
00041a1f,
000c141c,
0009070a,
00070808,
000a0a0b,
00191a1c,
001c1e1e,
001f2020,
00212222,
00222323,
00222424,
00222424,
00232424,
00232524,
00232424,
00232424,
00222323,
00222323,
00212323,
00212323,
00242525,
00232424,
00242424,
00242424,
00232424,
00242525,
00242525,
00242525,
00242625,
00242525,
00242525,
00242525,
00242625,
00242525,
00242525,
00242525,
00232424,
00232424,
00242525,
00232424,
00232524,
00232424,
00232323,
00232424,
00242424,
00232323,
00242525,
00232524,
00232424,
00232424,
00232424,
00232524,
00242525,
00242525,
00242525,
00232424,
00232524,
00232524,
00242525,
00232524,
00242525,
00232424,
00232424,
00232424,
00222323,
00222223,
001f2022,
001e1d22,
000a0916,
000d1029,
000c0f2a,
000b0f2a,
000b0f29,
000b0f28,
000b0e26,
000b0e28,
000b0f28,
000a0e28,
000c102a,
000b0f2a,
000c102c,
000c102c,
000b0f2a,
000a0f28,
000c0e28,
000a0e28,
00040410,
0005050c,
000b0f27,
000b1028,
000b0f28,
000c0f2a,
000c102c,
00101a2b,
00060c21,
000d1124,
00252629,
00252727,
00252727,
00262727,
00262828,
00262828,
00262828,
00262828,
00272828,
00282929,
00282929,
00282929,
00282929,
00282929,
00282929,
00282a29,
00282a29,
00292a2a,
00292b29,
00292b2a,
002a2b2a,
002b2c2b,
002b2b2a,
002c2b2b,
002c2c2c,
002b2c2c,
002b2d2c,
002c2d2c,
002d2d2c,
002d2e2d,
002d2e2d,
002e2f2e,
002f302f,
0030302f,
0030302f,
00313130,
00313231,
00323231,
00333332,
00343532,
00363734,
00373836,
003b3c39,
003e3f3d,
003f3f3f,
003f3f3f,
003f3f3f,
003f3f3f,
003d3e3e,
002c2324,
003f3f3e,
003f3f3f,
00403f3d,
00383432,
00312f2d,
002d2c2b,
002b2a29,
00292827,
00282726,
00272726,
00262625,
001f181c,
00111210,
001b191c,
001f1f1f,
00080805,
00131312,
00131111,
00131211,
00231f1f,
00272525,
002f2b29,
003b3635,
003d3f3c,
00231512,
003f3e3e,
003f3f3e,
00313230,
0031312f,
0030312e,
002f302e,
002f2f2d,
002f2f2d,
002e2e2d,
002e2e2d,
002d2d2b,
002c2c2b,
002c2c2b,
002b2b2a,
002b2b2a,
002a2b2a,
002a2a29,
002a2a29,
002a2a29,
002a2a29,
00292a29,
00292928,
00292928,
00292928,
00282928,
00282827,
00282827,
00282827,
00282827,
00272827,
00272826,
00272827,
00272726,
00262726,
00262726,
00262725,
00252626,
00252626,
00242625,
00242525,
00242525,
00242525,
00232424,
00242525,
00242525,
00242525,
00242525,
00242525,
00242525,
00242525,
00242525,
00242525,
00242525,
00242525,
00222424,
00212323,
00212323,
00212322,
00212222,
00202222,
001e2020,
001d1e1f,
001b1d1c,
001b1c1c,
001a1c1b,
00191b1b,
00181919,
0018181a,
0017181a,
00171819,
00151719,
000f1417,
000b1219,
0008121a,
00080e17,
000a0f17,
00070915,
00081921,
00041b20,
000b171e,
00010910,
00061920,
00000510,
0007111a,
00121221,
000d131c,
00131321,
0008070e,
00070708,
000c0b0c,
0019191b,
001b1d1d,
00202121,
00212322,
00222423,
00232424,
00232424,
00242525,
00242525,
00232524,
00232524,
00232525,
00232524,
00242525,
00232424,
00242525,
00242525,
00232524,
00232424,
00232424,
00232524,
00232424,
00232424,
00222423,
00222323,
00222423,
00232424,
00222423,
00222423,
00222423,
00212222,
00222323,
00222323,
00222323,
00212222,
00212322,
00212222,
00212222,
00202121,
00222323,
00222323,
00222423,
00232424,
00232524,
00242525,
00232525,
00232525,
00242525,
00232424,
00242525,
00232524,
00232424,
00242525,
00242525,
00232424,
00232424,
00232424,
00232424,
00232424,
00232425,
00222324,
00202123,
001e1e22,
000c0c17,
000c1028,
000b0f2a,
000b0f2b,
000a0e2a,
000b0f28,
000b0e26,
000b0e28,
000c0f29,
000c1029,
000b0f29,
000b0f2a,
000c102c,
000c102c,
000b102b,
000a0f28,
000b0f28,
000c0f2a,
000b0f27,
00090c20,
000a0e28,
000b0f29,
000b0f29,
000c0f2a,
000b1527,
000b1128,
000c0f26,
000b1028,
00252627,
00252727,
00252727,
00262828,
00262828,
00262828,
00272928,
00272929,
00272929,
00282929,
00282929,
00282929,
00282929,
00282929,
00282929,
00282a29,
00292a29,
00292a2a,
002a2b2a,
002a2b2a,
002b2b2b,
002b2b2b,
002b2c2b,
002c2c2b,
002c2c2b,
002c2c2b,
002c2d2b,
002c2d2c,
002d2e2c,
002e2e2d,
002e2e2d,
002f2f2e,
002f2f2e,
002f2f2e,
00303130,
00313130,
00313231,
00323232,
00333332,
00343533,
00363734,
00373836,
003b3b38,
003e3f3c,
003f3f3f,
003f3f3f,
003f3f3f,
003f3f3f,
003d393a,
001f1c1c,
003f3f3e,
003f403f,
003b3937,
00343230,
002f2e2c,
002d2c2b,
002a2928,
00292826,
00282726,
00272625,
00272324,
00120e11,
00161a1b,
00160b10,
00211f1f,
00171616,
00141311,
00191616,
001c1d1b,
00130c0c,
00242524,
002b2826,
00342f2d,
00403f3f,
00171712,
002c1517,
003f3f3f,
003d3c3b,
0031312f,
0031312f,
0030302e,
002e2f2d,
002e2f2d,
002e2f2c,
002d2e2c,
002e2e2c,
002c2c2b,
002c2c2b,
002b2b2a,
002b2b2a,
002a2b2a,
002a2a29,
002a2a29,
002a2a29,
002a2a29,
002a2a29,
00292928,
00292928,
00292928,
00282928,
00292928,
00282827,
00282827,
00282827,
00282827,
00282827,
00282826,
00272727,
00272727,
00272727,
00252726,
00252726,
00252626,
00242526,
00252626,
00252626,
00242525,
00232524,
00242525,
00242525,
00242525,
00242525,
00242525,
00242525,
00242525,
00242525,
00242525,
00242525,
00232424,
00212323,
00202222,
00212323,
00212323,
00202323,
00212222,
001f1f1f,
001c1d1d,
001c1c1c,
001b1c1c,
001c1c1d,
001b1c1c,
001b1b1c,
0018191b,
0017191a,
00181919,
0017191a,
0016171a,
000c141a,
0008161c,
0007151c,
0008151c,
00070716,
000b1720,
00061b21,
00051b20,
00060f15,
0009131a,
0005191e,
00000110,
0009081a,
00090817,
000a081d,
00090810,
0007090b,
000d0d0f,
00191b1b,
001d1f1f,
00202221,
00222323,
00232424,
00232424,
00242525,
00242525,
00242525,
00232524,
00232525,
00242525,
00242525,
00232525,
00242525,
00242525,
00242525,
00242525,
00232424,
00222424,
00232424,
00232524,
00232424,
00232424,
00232424,
00232424,
00232424,
00232424,
00232424,
00222423,
00222423,
00222323,
00232424,
00222423,
00222323,
00212322,
00212322,
00212323,
00212323,
00222423,
00222424,
00222424,
00222423,
00232424,
00232524,
00242525,
00242525,
00242424,
00232524,
00242525,
00242525,
00242524,
00232524,
00232525,
00242525,
00252525,
00242525,
00242525,
00242525,
00232424,
00222424,
00202223,
001e1f23,
00090918,
000d1028,
000c0f2a,
000b0f29,
000b0f2b,
000b0f2a,
000a0e26,
000b0e28,
000b0e28,
000b0f29,
000a0f29,
000c0f2b,
000d102c,
000c102c,
000b102b,
000a0f29,
000b0f2a,
000b0f2b,
000a0f29,
000b0f26,
000a0f27,
000a0e29,
000b1027,
00070e22,
000b1628,
000d122a,
000c1028,
00060f25,
00252628,
00252727,
00252727,
00262828,
00262828,
00262928,
00282929,
00282929,
00282929,
00282929,
00282929,
00282929,
00282a29,
00282a29,
00292a2a,
00292a2a,
00292b2a,
002a2a2a,
002b2b2b,
002b2b2b,
002a2b2b,
002b2c2c,
002b2c2b,
002c2c2c,
002c2c2b,
002c2d2c,
002c2d2c,
002d2e2c,
002d2e2d,
002e2e2d,
002e2e2d,
002f2f2e,
002f2f2e,
002f302f,
00303130,
00303130,
00323231,
00323231,
00333332,
00343533,
00363634,
00383836,
003a3a38,
003e3e3b,
003f3f3e,
003f3f3f,
003f3f3f,
003f3f3f,
002e2425,
003f3e3e,
003f3f3f,
00403f3e,
00383533,
00312f2d,
002d2c2a,
002b2a28,
00292827,
00282726,
00272726,
00272625,
001e1b1c,
00090709,
001a1d20,
000b090a,
00211e1f,
000e0d0c,
00100d0c,
001b1818,
001e1e1d,
00110e0d,
00232120,
00282624,
002f2b29,
003a3635,
003d3f3c,
00291615,
00403f3e,
003d3f3e,
0030302e,
0031312f,
0030302e,
002f2f2d,
002e2f2d,
002e2f2c,
002e2e2c,
002e2e2c,
002d2d2c,
002c2c2b,
002b2c2b,
002b2b2a,
002b2b2a,
002a2b2a,
002a2a29,
002a2a29,
002a2a29,
002a2a29,
002a2a29,
00292928,
00292928,
00292928,
00292928,
00282928,
00282827,
00282827,
00282827,
00282827,
00282826,
00272827,
00272827,
00272826,
00272826,
00262726,
00252626,
00252626,
00252626,
00252626,
00242625,
00242525,
00242525,
00242525,
00242525,
00242525,
00242525,
00242525,
00242525,
00242525,
00242525,
00242525,
00232524,
00222323,
00202222,
00212323,
00212323,
00212222,
001f201e,
00131411,
000f0f0d,
001c1d1c,
001d1e1d,
001d1d1c,
001c1c1c,
001b1c1c,
00191a1a,
00181b1b,
0017191b,
00181a1b,
0016191b,
000b1419,
0008161c,
0007161d,
0007121a,
000a0a1a,
00050b16,
00041a21,
00091a21,
00101e25,
00020a13,
0000020a,
00090717,
00070617,
00060514,
00060613,
0008070f,
000e1116,
00131518,
001b1c1e,
001f2020,
00212222,
00222323,
00232424,
00242525,
00252525,
00242525,
00242525,
00242525,
00242525,
00242525,
00242525,
00232525,
00242525,
00242525,
00242525,
00242424,
00232424,
00232424,
00232424,
00232424,
00232424,
00232424,
00222423,
00222423,
00232424,
00232424,
00232424,
00222423,
00222423,
00222323,
00222323,
00222323,
00222323,
00222323,
00222323,
00222423,
00212423,
00222424,
00222424,
00222424,
00222424,
00232524,
00242525,
00242525,
00242525,
00242525,
00242525,
00242525,
00242525,
00242525,
00242525,
00242625,
00242625,
00252525,
00242525,
00242525,
00252525,
00242525,
00222424,
00212224,
001e2022,
000f1021,
000d1028,
000c0f29,
000b0f29,
000b0f2a,
000b0f2a,
000a0f26,
000a0e27,
000b0f29,
000d1228,
00090e27,
000b0f2a,
000c102c,
000b102c,
000b0f2c,
000a0f2b,
000b0f2a,
000b0f2a,
000b1029,
000a0e26,
000a0f27,
000b0f28,
00081125,
000b1422,
000f122b,
000e122b,
000d1128,
000c1328,
0024272b,
00242727,
00252727,
00262828,
00262928,
00272929,
00282929,
00282929,
00282929,
00282929,
00282929,
00282a29,
00292a2a,
00292a2a,
00292a2a,
00292a2a,
00292a2a,
002a2b2b,
002a2b2b,
002a2b2b,
002b2c2b,
002b2c2c,
002c2c2b,
002c2c2c,
002d2d2c,
002d2d2c,
002d2e2d,
002e2e2d,
002e2e2d,
002e2e2d,
002e2f2e,
002e2e2d,
002f302f,
0030302f,
0030302f,
00313130,
00313231,
00323231,
00333433,
00343533,
00353634,
00383836,
00393a38,
003d3d3b,
003f3f3e,
003f3f3f,
003f3f3f,
003f3d3d,
001f1a1b,
003e3e3e,
003f403f,
003c3937,
00343230,
00302e2d,
002e2c2a,
002b2928,
00292827,
00282726,
00272625,
00262425,
00141217,
00131414,
00262624,
000c090a,
001b1718,
000c0c09,
000c0909,
001d1b1a,
001f1f1e,
0021221f,
00211d1d,
00252422,
002b2826,
00342f2e,
00403f3f,
00161611,
00352022,
003d3f3f,
003d3d3c,
0031302e,
0031302e,
002f302e,
002e2f2d,
002e2f2c,
002e2f2c,
002d2e2c,
002d2d2b,
002d2d2b,
002b2c2b,
002b2b2a,
002b2b2a,
002a2b2a,
002a2b2a,
002a2a29,
002a2a29,
002a2a29,
002a2a29,
00292928,
00292928,
00292928,
00292928,
00292928,
00292928,
00282928,
00282928,
00282827,
00282827,
00282827,
00282827,
00272827,
00272726,
00272726,
00262727,
00252626,
00252626,
00252626,
00242625,
00242525,
00242525,
00242525,
00242525,
00242525,
00242525,
00242525,
00242525,
00242525,
00242525,
00252525,
00232525,
00222423,
00212323,
00212323,
00202322,
001e2221,
000a0c06,
00040a04,
001c1e1b,
001c1d1c,
001c1c1b,
001d1d1c,
001e1d1e,
001c1c1d,
001b1c1b,
00181a1b,
001a1d1e,
001a1d1e,
00191c1d,
0011181c,
0009151b,
0007151c,
00071018,
000c091b,
00080817,
0007171f,
00030e16,
00061c20,
00061b20,
000a151b,
00080719,
00060614,
00080718,
00070611,
00080710,
00100f16,
0016181b,
001b1d1e,
00202121,
00222222,
00222423,
00232424,
00232525,
00232625,
00242525,
00242525,
00242625,
00252626,
00252626,
00242625,
00242626,
00252626,
00242525,
00242525,
00242525,
00232525,
00232524,
00232524,
00242525,
00232525,
00232424,
00232424,
00232424,
00232424,
00232424,
00232424,
00222424,
00222424,
00222423,
00222424,
00222424,
00222423,
00222423,
00222423,
00232524,
00232424,
00232525,
00232525,
00232525,
00232524,
00232525,
00242525,
00242525,
00242525,
00232525,
00242625,
00242625,
00242525,
00242625,
00242625,
00252625,
00252626,
00252626,
00252626,
00252626,
00232625,
00232525,
00222425,
00212325,
001f2023,
00101220,
000c1127,
000b1029,
000b0f29,
000a0f2a,
000b0f2a,
000a0e25,
000a0e26,
000c0f28,
00050f22,
0004101a,
00081225,
00070e28,
000c0f2c,
000b102b,
000b0f2a,
000b102a,
000b0f2a,
000c0f2b,
000a0f26,
00070d24,
000f1b28,
0002080f,
00070b19,
000d132a,
000d122a,
000e1129,
00161f2f,
0022262c,
00252727,
00272828,
00272828,
00282929,
00282929,
00282929,
00282929,
00282929,
00282a29,
00292a2a,
00292a2a,
00292a2a,
00282a29,
00282a29,
00292a2a,
00292b2a,
002a2b2a,
002a2b2b,
002b2c2b,
002b2c2b,
002b2c2c,
002b2c2b,
002b2c2b,
002d2d2c,
002d2e2d,
002d2d2c,
002e2e2d,
002d2e2d,
002e2e2d,
002e2e2d,
002f2f2e,
002f302f,
0030302f,
0030302f,
00313130,
00313231,
00323231,
00333332,
00353533,
00363634,
00373836,
00393a38,
003c3c39,
003f3f3d,
003f3f3f,
003e3f3f,
002d2022,
003f3f3f,
003e403f,
00403f3e,
00393533,
0031302e,
002e2d2b,
002f2e2c,
002b2928,
00282726,
00272625,
00262625,
00232123,
0007060a,
00141515,
001d1b1b,
000f0708,
00171213,
000d0a0a,
00191716,
001e1d1d,
00201f1e,
001f201e,
000c0707,
00252221,
00272624,
00302b29,
003b3634,
003d3d3d,
00221311,
003f3f3f,
003e3f3f,
002f2f2d,
0030302e,
0030302e,
002e2f2d,
002e2f2d,
002d2e2c,
002d2e2c,
002d2e2b,
002d2d2c,
002c2c2c,
002c2c2b,
002b2c2b,
002b2b2a,
002b2b2a,
002b2b2a,
002a2a29,
002a2a29,
002a2a29,
00292928,
00292928,
00292928,
00292928,
00292928,
00292928,
00292928,
00292928,
00292928,
00282827,
00282827,
00282827,
00282827,
00272827,
00272726,
00262726,
00252726,
00252626,
00252626,
00252626,
00252626,
00242525,
00242525,
00242525,
00242525,
00242525,
00242525,
00242525,
00242525,
00242525,
00242525,
00232525,
00232323,
00222323,
00202322,
00212222,
001b211f,
00050c05,
00070d07,
001c1d1a,
001b1c1c,
001b1b1a,
001b1b1a,
001c1d1c,
001e1e1d,
001d1e1d,
001d1f1f,
001b1b1e,
001c1e1f,
00191d1e,
0013191c,
000b151b,
0008151a,
0008151b,
000a0a1a,
00090818,
00040913,
0009171c,
00051c20,
00051b20,
00071c1f,
00100f1e,
00050914,
000d0d1c,
0007070c,
0007080c,
000d0c13,
0018191c,
001d1e1f,
001f2121,
00222222,
00222323,
00222524,
00232525,
00232525,
00242626,
00252626,
00242625,
00252626,
00252626,
00242626,
00242625,
00252626,
00252626,
00252626,
00242525,
00242625,
00242525,
00242525,
00242625,
00242525,
00242525,
00232524,
00232524,
00232424,
00232525,
00242525,
00232524,
00232524,
00222424,
00232524,
00232525,
00232424,
00232424,
00232524,
00232525,
00232524,
00232525,
00232525,
00232525,
00232525,
00232625,
00252626,
00242625,
00252626,
00242626,
00242626,
00242626,
00252626,
00252626,
00252626,
00242626,
00252626,
00252626,
00252626,
00252626,
00242626,
00242626,
00232425,
00222325,
00202123,
00151623,
000e1128,
000c1029,
000b0f29,
000a0f2a,
000c0f2b,
000a0e25,
000a0e26,
00090f27,
00070d24,
00090f18,
0002081b,
00101a2e,
00131e2f,
00070f23,
00050b22,
00060c25,
00060d26,
00060e24,
00111a2d,
00111d2c,
000e1920,
001b2a2b,
00070a16,
000d1229,
000f1127,
0009091c,
00090f1e,
000f1324,
00252728,
00272828,
00272828,
00282929,
00282929,
00282929,
00282929,
00282929,
00292a2a,
00292a2a,
00292a2a,
00282a29,
00282a29,
00292a2a,
00292a2a,
002a2b2b,
002a2b2b,
002b2c2b,
002c2c2b,
002c2c2b,
002c2c2b,
002b2c2b,
002b2c2b,
002d2d2c,
002e2e2d,
002e2e2d,
002e2e2d,
002e2e2d,
002e2e2d,
002f2f2e,
002f2f2e,
002f302f,
0030302f,
00303130,
00313130,
00323231,
00323231,
00333332,
00353533,
00353634,
00373835,
00393937,
003b3b39,
003e3e3c,
003e3f3f,
003e3a3b,
001d1819,
003d3e3d,
003f3f3e,
003c3a38,
00343230,
00302e2d,
002e2d2b,
00292424,
002a2927,
00282726,
00272625,
00262525,
00242224,
000d1014,
00141616,
001a1919,
00040003,
000b0807,
000e0d0d,
001a1818,
001f1e1d,
0021201f,
0021201e,
00181815,
00231f1f,
00252422,
002a2826,
00342e2c,
003f3f3d,
0012110c,
00351f22,
003f3f3f,
003f3f3e,
002f2f2d,
0030302e,
002f2f2d,
002f2f2d,
002f2e2c,
002e2e2c,
002f2e2c,
002d2d2c,
002d2d2c,
002c2c2b,
002c2c2b,
002b2b2a,
002b2b2a,
002b2b2a,
002a2b2a,
002a2a29,
002a2a29,
002a2a29,
00292a29,
002a2a29,
00292a29,
00292928,
00292928,
00292928,
00292928,
00292928,
00282928,
00282928,
00282827,
00282827,
00282827,
00262727,
00262727,
00262726,
00252626,
00252626,
00252626,
00242625,
00242625,
00242525,
00252626,
00242625,
00242525,
00242525,
00242525,
00242525,
00242525,
00242525,
00232424,
0015191f,
00211f22,
00212324,
00110f18,
000c0d11,
00060c06,
00080f08,
00181a18,
001a1a1a,
00161616,
001a1b1b,
001c1d1d,
001d1d1d,
001a191b,
00171b1f,
0011151d,
001b1c1e,
001a1d1e,
00161c1e,
000b151a,
0009171d,
0008171c,
00071019,
000a091a,
00090915,
000d1d21,
00061c20,
00051b20,
00051b1f,
0008181d,
00071b20,
0009161a,
00060809,
00080b0a,
000c0b0d,
00191a1d,
001e1f1f,
00202221,
00222323,
00222424,
00232525,
00232525,
00252525,
00242626,
00242626,
00252626,
00242626,
00232625,
00242626,
00252626,
00242625,
00252626,
00242626,
00252626,
00252626,
00242625,
00242525,
00252525,
00242525,
00242525,
00232524,
00232525,
00242525,
00242525,
00242525,
00232525,
00242525,
00232525,
00232525,
00242625,
00232525,
00232525,
00232525,
00232525,
00232525,
00232625,
00242625,
00242626,
00242626,
00252626,
00242626,
00242626,
00252626,
00262626,
00252626,
00242626,
00242626,
00252626,
00252626,
00252626,
00252626,
00252626,
00252626,
00252626,
00242626,
00242526,
00232525,
00222325,
00202124,
00181923,
000e1127,
000d1029,
000b0f2a,
000b0f2b,
000c0f2b,
000c0f2a,
000b0e28,
000b0e28,
00090f27,
00040911,
000d1127,
000d122b,
000d142d,
00050d24,
00000315,
0001081d,
00050f23,
00040e22,
0010172c,
0010142b,
0011151f,
0000040c,
000b0b18,
00090718,
00090a1d,
000c1026,
00090d22,
000b0f25,
00252727,
00282828,
00282929,
00282929,
00282929,
00282929,
0028292a,
00292a29,
00282a29,
00292a29,
00292a29,
00292a2a,
00292a2a,
00292b2a,
00292a2b,
002a2b2b,
002b2b2b,
002c2c2b,
002c2c2b,
002c2c2b,
002c2c2b,
002c2d2c,
002d2d2c,
002d2d2c,
002d2e2d,
002e2e2d,
002e2f2e,
002e2e2d,
002e2f2e,
002f2f2e,
002f2f2e,
0030302f,
0030302f,
00313130,
00313130,
00323231,
00323231,
00333332,
00343532,
00363634,
00363735,
00383937,
003b3a38,
003f3f3e,
003e3f3f,
00281a1b,
003f3f3f,
003f3f3e,
003f3f3e,
00383533,
00312f2d,
002f2d2b,
00353332,
001c1817,
00282827,
00262625,
00272524,
00242323,
00110d0f,
0011161a,
00121415,
00191a1d,
00181518,
00070506,
000f090b,
001b1919,
001f1e1e,
0021201f,
0021211f,
001f201d,
00191615,
00242221,
00282624,
002f2a29,
003a3533,
003c3e3b,
00211210,
00403f3f,
003e3f3f,
002e2f2e,
0030302e,
002f2f2d,
002f2f2d,
002f2f2d,
002e2e2c,
002f2e2c,
002d2d2c,
002d2d2c,
002c2d2c,
002c2c2b,
002c2c2b,
002b2b2a,
002b2b2a,
002b2b2a,
002a2b2a,
002a2a29,
002a2a29,
002a2a29,
002a2a29,
002a2a29,
002a2a29,
00292928,
00292928,
00292928,
00292928,
00292928,
00282928,
00282928,
00282827,
00282827,
00272827,
00272727,
00262727,
00262726,
00252726,
00252626,
00252626,
00252626,
00242625,
00242625,
00242625,
00242625,
00242525,
00242525,
00242525,
00242625,
00242525,
00212424,
000c1b24,
0013151f,
000c1019,
000b0f1b,
00070d15,
00060c0c,
00111611,
00121511,
0010110e,
000d0f0c,
00181818,
001a1b1b,
0016191b,
000e141a,
000d151e,
000c151e,
0015181d,
001a1e1f,
00171c1e,
000d181d,
0009181e,
0009171c,
0007161b,
00080b17,
00090914,
00091c1f,
00061c20,
00051c20,
00061b20,
00031a1e,
0003191c,
00051c1e,
00071415,
00080b0a,
000a0b0b,
00191a1b,
001f2020,
00202222,
00222323,
00222424,
00232525,
00242525,
00242525,
00252626,
00252626,
00252626,
00242626,
00242626,
00242626,
00252626,
00252626,
00252626,
00252626,
00252626,
00252626,
00242525,
00242625,
00252525,
00232525,
00252525,
00232525,
00232525,
00232525,
00232525,
00242525,
00232525,
00242525,
00242625,
00232525,
00242625,
00232525,
00242625,
00242626,
00242626,
00242626,
00242626,
00252626,
00252626,
00252626,
00252726,
00252626,
00252626,
00252626,
00252626,
00252626,
00252726,
00242626,
00252626,
00252626,
00252626,
00252626,
00252626,
00252626,
00252626,
00252626,
00242526,
00232425,
00222325,
00202125,
001a1b24,
000e1127,
000c1029,
000b0f2a,
000b0f2a,
000b0f2b,
00080a21,
000b0f27,
000b0e27,
000c0f29,
000e181c,
00111426,
0012182e,
0014182e,
0013152b,
0009081e,
000c0e26,
000c0f23,
000d0e25,
000c0c20,
000c0b1d,
00070814,
00060714,
000a0d1d,
000d1128,
000c1229,
000c122c,
000d1028,
00091026,
00252828,
00272828,
00282929,
00282929,
00282a29,
00282a29,
00292a2a,
00292a2a,
00292a2a,
00292a29,
00292a2a,
00292a2a,
00292a2a,
00292b2a,
002a2b2b,
002a2b2b,
002b2b2a,
002b2c2b,
002c2c2b,
002c2d2c,
002c2d2c,
002d2d2c,
002d2d2c,
002d2d2c,
002d2e2d,
002e2e2d,
002e2e2d,
002e2e2d,
002f2f2e,
002f2f2e,
002f2f2e,
0030302f,
0030302f,
00313130,
00313231,
00323231,
00323331,
00333432,
00343432,
00363634,
00363734,
00383836,
00373837,
003e3f3f,
003b3232,
001d1819,
003e3f3f,
003f403e,
003d3a38,
0033312f,
002f2d2c,
002a2a28,
00201717,
0015100f,
00292826,
00262525,
00262524,
001f181a,
000c0c0c,
0014171b,
00101417,
00191a1c,
00080404,
00080607,
000b0608,
00171517,
001f1e1d,
0021201f,
0022211f,
0021201e,
000b0807,
00232020,
00252423,
002a2826,
00342e2c,
003f3f3f,
00181713,
00281012,
003c3f3f,
003f3f3f,
002f2f2e,
002f2f2d,
002f2f2d,
002f2f2d,
002f2f2d,
002f2e2c,
002d2d2c,
002d2d2c,
002d2d2c,
002c2d2c,
002c2c2b,
002b2b2a,
002b2b2a,
002b2b2a,
002a2b2a,
002a2a29,
002a2b2a,
002a2a29,
002a2a29,
002a2a29,
00292a29,
002a2a29,
00292928,
002a2a29,
002a2a29,
00292928,
00292928,
00292928,
00282827,
00282827,
00282827,
00272727,
00272727,
00262727,
00262726,
00252627,
00252626,
00252626,
00252626,
00252626,
00252626,
00252626,
00242625,
00242525,
00242525,
00242525,
00232525,
00212424,
00091724,
000d1223,
000b0f1b,
00090d19,
00090e19,
00091017,
000c0e0d,
000a0f0a,
00080f0a,
000b0f0b,
00121215,
00111219,
000e141b,
000d141b,
000c161e,
000c161f,
0011151d,
001b1d1f,
00191e1e,
000d181d,
0009171d,
000b181e,
0008181d,
00081117,
00090811,
00061b1e,
00051c20,
00051c20,
00061b21,
0009171d,
00061c1f,
00041c1f,
000a1c1e,
000a0b0b,
000b0c0b,
00171819,
001e1f1f,
00212222,
00222323,
00232424,
00232525,
00242525,
00242525,
00242625,
00242625,
00252626,
00252626,
00242626,
00252626,
00252626,
00252626,
00252626,
00252626,
00252626,
00252626,
00252626,
00252626,
00242625,
00242625,
00242525,
00242525,
00242626,
00242626,
00242625,
00232525,
00242625,
00242625,
00252626,
00242626,
00242626,
00242626,
00242626,
00252626,
00242626,
00242626,
00252626,
00252626,
00252626,
00252626,
00252626,
00252626,
00252626,
00252626,
00242626,
00242626,
00252626,
00252626,
00252626,
00252626,
00252626,
00252626,
00252626,
00252626,
00252626,
00252626,
00242627,
00232525,
00222325,
00202125,
001d1d24,
000e1227,
000c1029,
000b102a,
000b102a,
000b0f2a,
00030518,
000b0c22,
000a0d25,
000a0e27,
001b2630,
000d0b21,
000a081f,
0008071f,
000d1027,
000a0a20,
000c0d23,
000a0a1c,
000b0a1a,
00070813,
00060815,
000e1022,
00070914,
000f1326,
000b1229,
000c132a,
000d122a,
000e102a,
000f1629,
00242727,
00262926,
00282929,
00282929,
00282a29,
00292a2a,
00292a2a,
00292a2a,
00292a2a,
00292a2a,
00292a2a,
00292a2a,
00292b2a,
002a2b2a,
002a2b2b,
002a2b2b,
002b2b2c,
002b2c2c,
002c2c2c,
002d2d2c,
002d2d2c,
002d2d2c,
002d2d2c,
002d2e2d,
002e2e2d,
002e2e2d,
002e2e2d,
002e2f2e,
002f2f2e,
002f2f2e,
0030302f,
0030302f,
0030302f,
00313130,
00313130,
00323231,
00323332,
00343432,
00353533,
00363634,
00363634,
00373836,
003f3f3f,
003f3f3f,
00261719,
003e3f3e,
003e3f40,
003f3f3e,
00393433,
00312f2d,
002d2b2a,
00292626,
001a1716,
001e1d1c,
00272726,
00262625,
00262223,
00080507,
00070607,
00101013,
0013161a,
0017191c,
00030202,
00070405,
00120c0e,
000f0d0e,
001d1b1c,
0021201f,
0021201f,
0022201f,
0020201e,
00231e1e,
00242321,
00272524,
002e2b28,
003b3533,
003e3e3b,
00231413,
003f3f3f,
003d3e3d,
00363736,
002e2f2d,
002f2f2d,
002f2f2d,
002f2f2d,
002f2e2c,
002d2d2c,
002d2d2c,
002d2d2c,
002d2d2c,
002c2c2b,
002c2c2b,
002c2b2a,
002c2b2a,
002b2b2a,
002a2b2a,
002b2b2a,
002a2b2a,
002a2a29,
002a2a29,
002a2a29,
002a2a29,
002a2a29,
002a2a29,
002a2a29,
00292a29,
00292928,
00292928,
00282827,
00282827,
00272827,
00272727,
00272828,
00262726,
00262727,
00262727,
00252626,
00252626,
00252626,
00252626,
00252626,
00252626,
00252626,
00252626,
00242625,
00242525,
00232525,
00202525,
000a1424,
000c1023,
00080d1a,
00090d19,
000a101a,
000d121c,
00101719,
00080f0d,
00050d0a,
00090e0f,
000d0b17,
000c0c18,
000d141c,
000a151e,
000a151e,
000b161f,
000f151e,
001a1e1d,
001a1e20,
00171e1f,
000b171b,
000b181e,
000a181e,
00071317,
00000005,
00051c1d,
00051c20,
00051c20,
00041c21,
0000030a,
00041c20,
00061c1f,
00081c1d,
00080a0a,
000a0b0b,
00161819,
001f201f,
00212222,
00222323,
00232424,
00232524,
00232525,
00232525,
00242625,
00252626,
00252626,
00252626,
00242525,
00252626,
00252626,
00242625,
00252626,
00252626,
00252626,
00252626,
00252626,
00252626,
00242625,
00242525,
00232525,
00242525,
00242525,
00242625,
00242625,
00232525,
00232525,
00242625,
00242525,
00242626,
00242626,
00242626,
00242626,
00242626,
00252626,
00252625,
00242625,
00242625,
00252626,
00252626,
00252626,
00252726,
00252626,
00252626,
00252626,
00252626,
00262626,
00262626,
00252626,
00252626,
00252626,
00252626,
00252626,
00252726,
00252626,
00252626,
00242627,
00232525,
00222325,
00202125,
001d1d23,
000e1227,
000d1029,
000c0f2a,
000b0f2a,
000b0f29,
000a0c22,
000b0b1a,
000b0d22,
000b0e26,
001a2431,
000d1229,
000b102a,
000d122a,
000b1229,
000b0b21,
000a0b21,
000e1128,
000b0e23,
000b0f25,
000b1129,
000d1228,
001c292b,
00172528,
000b0e1f,
000e122a,
000d122a,
000d112a,
00161b32,
00252a2d,
00272828,
00282929,
00282929,
00292a2a,
00292a2a,
00292a2a,
00292a2a,
00292a2a,
00292a2a,
00292a2a,
00292a2a,
002a2b2b,
002a2c2b,
002a2b2b,
002a2b2b,
002c2c2c,
002c2c2c,
002c2c2c,
002d2d2c,
002d2d2c,
002d2e2d,
002d2e2d,
002e2e2d,
002e2e2d,
002e2e2d,
002e2f2e,
002f2f2e,
002f2f2e,
002f2f2e,
0030302f,
0030302f,
00303130,
00313130,
00313130,
00323231,
00333332,
00343432,
00353533,
00363533,
00373634,
00363635,
003e3f3f,
00312223,
001b1919,
003e3f3f,
003f3f3f,
003c3938,
0033312f,
002f2d2b,
002b2a28,
00252323,
00181514,
001d1c19,
00282725,
00262625,
00140d11,
00060506,
00050505,
00070607,
00121416,
0016181d,
00040302,
00060303,
00171414,
000b0d0d,
00171415,
00201f1d,
0021201f,
0021211f,
001f201e,
000c0605,
00232221,
00262423,
002a2725,
00332e2c,
003f3f3e,
00191815,
00270d0f,
003e3f3f,
003f3f3e,
002c2d2b,
002f2f2d,
002e2f2c,
002e2f2c,
002d2e2c,
002d2e2c,
002d2d2c,
002d2d2c,
002d2d2c,
002d2d2c,
002c2c2b,
002b2c2b,
002b2b2a,
002b2b2a,
002b2b2a,
002b2b2a,
002a2b2a,
002a2a29,
002a2a29,
002a2a29,
002a2a29,
002a2a29,
002a2a29,
00292a29,
00292a29,
002a2a29,
00282927,
00272827,
00282827,
00282827,
00272827,
00272826,
00262826,
00262827,
00262727,
00262727,
00252626,
00252626,
00252626,
00252626,
00252626,
00252626,
00252626,
00252626,
00242625,
00232525,
001f2527,
000a1423,
000a0e21,
000b0f19,
000a0d1b,
000a0e1b,
000a0d1d,
000b0e19,
000b191a,
000a191f,
00101820,
000d0c19,
000b0a18,
000a0d19,
0009141f,
0009151d,
000b151c,
000e161c,
00181b1c,
001d2021,
001a201f,
000a1419,
0008151b,
0007141c,
0008141b,
00010305,
00051c1d,
00051c1f,
00061c20,
00031b20,
000c1e21,
00041c20,
00071d21,
0002090d,
00070a0b,
000a0e0f,
0018191a,
001e1f1f,
00212222,
00222323,
00232424,
00232524,
00232525,
00232525,
00242625,
00252626,
00252626,
00242525,
00242625,
00252626,
00252626,
00252626,
00242625,
00252626,
00252626,
00252626,
00252626,
00242625,
00242625,
00242525,
00242525,
00242525,
00242525,
00252626,
00242626,
00242625,
00232525,
00232525,
00232525,
00232525,
00242626,
00252626,
00252626,
00252626,
00242626,
00242626,
00252626,
00252626,
00242625,
00252626,
00252626,
00252626,
00252626,
00252626,
00252726,
00252626,
00252626,
00252726,
00252626,
00252626,
00242626,
00252626,
00252626,
00252626,
00252626,
00242626,
00242526,
00232525,
00222325,
00202224,
001c1e22,
000e1127,
000d1029,
000b0f28,
000b0f29,
000b0e29,
000e1028,
000c0b1c,
000b0b1d,
000a0d23,
0010212e,
00030c16,
0011152b,
000c122a,
000c122a,
00090b20,
000a0b22,
000c0f29,
000c1028,
000d1129,
000d1129,
000c112a,
00060b1b,
0019272b,
0019292a,
000c1021,
000d122a,
000d122b,
000b1024,
001e222d,
00272828,
00282929,
00282a29,
00292a2a,
00292a2a,
00292a2a,
00292b2a,
002a2b2b,
002a2b2b,
002a2b2b,
002a2b2b,
002a2b2b,
002a2b2b,
002a2b2b,
002b2b2b,
002c2c2c,
002c2c2c,
002d2d2c,
002d2d2c,
002d2d2c,
002d2d2c,
002e2e2d,
002d2e2d,
002e2e2d,
002d2e2d,
002e2e2d,
002f2f2e,
002f2f2e,
002f302f,
0030302f,
0030302f,
00303130,
00313130,
00323231,
00323231,
00333332,
00353433,
00353432,
00363634,
00363534,
003e3e3e,
003f3f3f,
00211919,
003f3e3e,
003f3f3f,
00403f3e,
00373432,
00302e2d,
002d2b2a,
002b2928,
00262424,
00171414,
00181515,
00262723,
00252223,
00090609,
00060506,
00050404,
00050405,
000f0f10,
0013161b,
00080606,
00040202,
00090706,
00030807,
000f0d0e,
00201d1c,
0021201f,
00222020,
0021201f,
001c1b1a,
00241f1f,
00232322,
00272524,
002c2927,
00383331,
003c3f3e,
001e130f,
003f3d3e,
003e3f3e,
003f3f3f,
002e2f2c,
002e2e2d,
002e2e2d,
002e2e2c,
002e2e2c,
002d2d2c,
002e2d2c,
002d2d2c,
002d2d2c,
002d2d2c,
002c2d2c,
002c2c2b,
002b2b2a,
002b2b2a,
002b2b2a,
002b2b2a,
002b2b2a,
002a2a29,
002a2b2a,
002b2b2a,
002a2a29,
002a2a29,
002a2a29,
002a2a29,
002a2a29,
00272827,
00282928,
00292928,
00292928,
00282827,
00272726,
00262726,
00272727,
00272727,
00262727,
00252726,
00252726,
00262727,
00262727,
00252626,
00252626,
00252626,
00252626,
00252626,
00242525,
001d2022,
001c2129,
00101720,
00080d16,
00060d17,
00080d1b,
000a0c1e,
00090a1d,
00061217,
00071820,
0008121c,
000b0b19,
000b0919,
00090c18,
00091019,
00091117,
00070d0c,
00080e0d,
000a0d09,
0011110f,
000a0b0a,
0012191c,
0008151b,
0008141c,
00040a0b,
00010202,
00041c1e,
00051c1f,
00051c20,
0007191f,
00071c1f,
00081c21,
0000090f,
00090f17,
00090f1b,
000d1118,
00191a1a,
001e2020,
00212222,
00222323,
00232424,
00232525,
00232525,
00232525,
00232525,
00242626,
00242626,
00242625,
00242625,
00252626,
00252626,
00252626,
00242625,
00242626,
00252626,
00252626,
00252626,
00242625,
00242625,
00242525,
00242525,
00242525,
00242625,
00242626,
00242626,
00242625,
00242626,
00232525,
00242625,
00242626,
00242626,
00242626,
00252626,
00252626,
00242626,
00242626,
00252626,
00252626,
00242626,
00252626,
00252626,
00252626,
00252626,
00252626,
00252626,
00252626,
00262626,
00252726,
00252626,
00242625,
00252626,
00252626,
00252626,
00252625,
00242625,
00252626,
00242525,
00232425,
00222325,
00212224,
001e2023,
000e1126,
000d1128,
000c0f2a,
000b0f2b,
000b0f2a,
000c0f29,
00070819,
0008091d,
0006081c,
00071020,
000f2426,
00030d15,
00101329,
000d132b,
000d0e25,
000b0c25,
000c0f29,
000d1129,
000d112a,
000d122a,
000d122a,
00020614,
00000208,
00010a10,
00222c32,
000e1229,
000d132b,
000a0e23,
000a0e23,
00272828,
00282929,
00282a29,
00292a2a,
00292a2a,
00292a2a,
00292b2a,
00292b2a,
002a2b2b,
002a2b2b,
002a2b2b,
002a2b2b,
002a2b2a,
002a2b2a,
002b2c2c,
002c2c2c,
002c2c2c,
002c2c2c,
002d2d2c,
002d2d2c,
002d2e2d,
002d2e2d,
002d2e2d,
002d2e2d,
002e2e2d,
002f2f2e,
002f2f2e,
002f2f2e,
002f2f2e,
0030302f,
00303130,
00303130,
00313130,
00323231,
00323232,
00333332,
00353432,
00353432,
00353433,
003a3a3a,
003d3f3f,
002d1c1e,
0021201f,
00403f3f,
003f3f3f,
003c3a37,
00353231,
002e2d2b,
002b2a29,
00292827,
00262424,
00100d0d,
000f0c0d,
00282926,
000f080b,
0009080a,
00060406,
00040404,
00030303,
000b0a0b,
00121515,
00080807,
00050405,
00030606,
00051010,
000a1010,
00171515,
0021201f,
0022201f,
0021211f,
001f1f1d,
000f0b0a,
00222120,
00252422,
00282725,
00322c2b,
003f3f3e,
001d1d18,
002a0d0f,
003f3f3f,
003e3f3f,
002e2e2d,
002e2e2c,
002f2e2d,
002f2e2d,
002e2e2c,
002e2d2c,
002e2d2c,
002d2d2c,
002d2d2c,
002d2d2c,
002d2d2c,
002c2c2b,
002c2c2b,
002b2b2a,
002b2b2a,
002b2b2a,
002b2b2a,
002b2b2a,
002b2b2a,
002b2b2a,
002b2b2a,
002a2a29,
002a2a29,
002a2a29,
002a2b2a,
00292928,
00292928,
00292928,
00292928,
00272827,
00262726,
00272726,
00272727,
00272727,
00272727,
00262727,
00262727,
00262727,
00262727,
00262727,
00262727,
00252726,
00252626,
00252626,
00222525,
00080816,
00110a21,
000e0718,
001c1d23,
001e2527,
0010181e,
00080a1c,
000b0a1c,
0009121e,
0006161f,
000b0e1a,
000b0919,
000a0a19,
00080a16,
00070c15,
00070d12,
00060c0a,
00060c09,
00080c08,
00080a08,
00080b08,
00121616,
000b171b,
000a1419,
00070909,
00010203,
00041b1e,
00051b1e,
00051c20,
00071a20,
000a1c1f,
0004151b,
0008131a,
00090f1b,
0009101d,
000d1019,
001a1b1c,
001e2020,
00202222,
00222323,
00232424,
00232525,
00242525,
00242525,
00242525,
00242625,
00252626,
00252626,
00252626,
00252626,
00252626,
00252626,
00242626,
00242626,
00252626,
00242626,
00252626,
00242625,
00232525,
00242525,
00242525,
00242525,
00242525,
00242626,
00242626,
00242626,
00242626,
00242626,
00242626,
00242626,
00242626,
00252626,
00252626,
00242626,
00242626,
00242626,
00242626,
00252626,
00242626,
00252626,
00242626,
00252626,
00242626,
00242625,
00252626,
00242626,
00252626,
00252626,
00252626,
00252626,
00252626,
00252626,
00242625,
00252626,
00252626,
00252626,
00252525,
00232525,
00222425,
00202224,
001f1f23,
000e1225,
000d1128,
000c0f2a,
000b0f2b,
000b0f2b,
000b0f2a,
000a0c1c,
00040713,
0000030d,
00030b20,
0015272a,
00192428,
00030714,
000e132a,
000e1029,
000b0c25,
000c0f28,
000d112a,
000d122a,
000e132b,
00080919,
000f1721,
001b2629,
0019272a,
000c101e,
00040718,
000d132b,
000d1126,
000c1327,
00272928,
00282929,
00292a2a,
00292a2a,
00292a2a,
002a2b2b,
002a2b2b,
002a2b2b,
002a2b2b,
002a2b2b,
002b2b2b,
002a2b2b,
002b2c2b,
002b2c2b,
002b2c2c,
002b2c2c,
002c2c2b,
002d2d2c,
002d2e2d,
002e2e2d,
002d2d2c,
002d2d2c,
002d2d2d,
002e2e2e,
002f2f2e,
002f2f2e,
002f2f2e,
002f302f,
0030302f,
0030302f,
0030302f,
00313130,
00313130,
00323231,
00323231,
00333331,
00343431,
00353432,
00323231,
003e3e3e,
003f3c3d,
001d1515,
003f3f3e,
003e3f3f,
00403f3e,
00393432,
00312e2d,
002d2b29,
002a2927,
00282727,
00262524,
001c1a1a,
00100e10,
0022231f,
00090305,
000a0a0d,
00040205,
00030303,
00050606,
00050404,
000c0d0d,
000a0a09,
00060404,
00111515,
00060e10,
00040d0d,
000c1010,
00211d1d,
00222020,
0022211f,
0020201e,
001a1918,
00242020,
00232221,
00272523,
002c2928,
00383230,
003e3f3d,
00190e0b,
003d3436,
003f3f3f,
003f3f3f,
002d2e2c,
002e2e2d,
002f2e2c,
002d2e2d,
002b2a29,
002d2d2c,
002d2d2c,
002d2d2c,
002d2e2c,
002d2d2c,
002d2d2c,
002c2c2b,
002b2c2b,
002b2c2b,
002b2b2a,
002b2b2a,
002b2b2a,
002b2b2a,
002b2b2a,
002a2b2a,
002a2b2a,
002b2b2a,
002a2b2a,
00292a29,
00292a29,
00292928,
00292928,
00282928,
00282828,
00272727,
00272727,
00272727,
00272727,
00272727,
00272727,
00262727,
00262727,
00262727,
00262727,
00262727,
00262727,
00252726,
00252626,
00232524,
0009091b,
000d0b23,
000d0b20,
00161324,
00141023,
00100a1d,
001e1d2a,
00171b25,
0008151c,
0006151f,
00060816,
000a0717,
0010111f,
000a0818,
00050b0f,
00070a0a,
00070b07,
00070a08,
00060a07,
00060a07,
00060b08,
000f1312,
00131a1c,
00060909,
00070909,
00080909,
00051b1d,
00051b1f,
00051b20,
00051b20,
00020f14,
00081c20,
000e1c22,
00080e1a,
0009101c,
000c101a,
00191c1d,
001f2121,
00202222,
00222323,
00232424,
00242525,
00242525,
00252525,
00242525,
00242525,
00252525,
00252626,
00242625,
00252626,
00242625,
00252626,
00242626,
00252625,
00242626,
00242626,
00242525,
00242626,
00232525,
00242525,
00242525,
00242525,
00242525,
00252625,
00252626,
00242626,
00242626,
00252626,
00252626,
00252626,
00252626,
00252626,
00242625,
00252626,
00252626,
00242525,
00242626,
00252626,
00252626,
00252626,
00242626,
00252626,
00252626,
00252626,
00252626,
00252626,
00252626,
00262626,
00242626,
00252626,
00252626,
00242626,
00252626,
00242625,
00252626,
00242626,
00242626,
00232526,
00222425,
00212225,
001f2024,
000e1124,
000e1127,
000b0f29,
000b0f2b,
000b0f2b,
000d1028,
00202326,
001e1e20,
000b0d0d,
000d1125,
00031014,
000c0f19,
00232931,
000e132a,
000d1129,
000b0c24,
000c0f29,
000d112a,
000d112b,
000e1225,
0008090f,
000b101f,
00050d13,
00030713,
00182426,
00010210,
000e132b,
000d1128,
000c1427,
00252827,
00282929,
00292a2a,
00292a2a,
002a2b2b,
002a2b2b,
002a2b2b,
002a2c2b,
002a2b2b,
002a2b2b,
002a2b2b,
002b2b2b,
002b2c2c,
002b2c2b,
002c2c2c,
002c2c2c,
002d2d2c,
002d2d2c,
002d2e2d,
002d2e2d,
002d2e2c,
002c2d2b,
002e2e2d,
002f2f2e,
002f2f2e,
002e2f2e,
002f2f2e,
0030302f,
0030302f,
0030302f,
0030302f,
00313130,
00313130,
00323231,
00333331,
00333331,
00343432,
00323432,
003f3e3e,
003d3e3e,
00211113,
002d2c2b,
003e3f3f,
003f3f3e,
003d3a37,
00353230,
002f2d2b,
002b2a28,
00292827,
00272626,
00262524,
00232222,
000e0d0d,
001a1917,
000b0608,
000b0a0e,
00050205,
00030403,
00080708,
00050404,
00050606,
000c0a09,
00080405,
00121214,
0003080b,
00070e11,
00091113,
00161313,
00211f1e,
0022201f,
0022211f,
001f1f1e,
000d0707,
00232120,
00242322,
00282624,
00312b29,
003e3c3b,
001e231f,
002b0c0e,
003d3e3e,
003f3f3f,
00393837,
002e2e2c,
002f2e2d,
002d2e2d,
002c2b2a,
002e2d2c,
002d2e2c,
002d2d2c,
002e2d2c,
002d2d2c,
002c2d2c,
002d2d2c,
002c2c2b,
002c2c2b,
002b2c2b,
002b2b2a,
002b2b2a,
002b2b2a,
002b2c2b,
002b2b2a,
002b2b2a,
002b2b2a,
002b2b2a,
00292928,
002a2a29,
00292a29,
00292928,
00282928,
00282927,
00272827,
00282827,
00272727,
00272727,
00262727,
00202121,
00262727,
00272828,
00272828,
00272727,
00262827,
00262827,
00262727,
00252726,
00242625,
000b0a1e,
000d0b21,
00100f20,
001a1a24,
00191a28,
000c0b1e,
000f0b20,
000b051b,
00110b1e,
001d1f2b,
00131720,
000a0a18,
0010111f,
000a0918,
00060a0f,
00070a08,
00060a07,
00060a07,
00070a07,
00060a06,
00060b07,
00080b0d,
000b0a13,
00060908,
00070909,
00080909,
00081a1d,
00041b1f,
00051b20,
00051b21,
00071a20,
00060f16,
0003050f,
00080f1c,
0009101d,
000d121c,
001a1d1e,
001f2021,
00202222,
00222423,
00232424,
00232525,
00232525,
00242525,
00242525,
00242625,
00242625,
00242625,
00242525,
00242625,
00242525,
00242525,
00242526,
00252625,
00252626,
00242626,
00232525,
00242626,
00242625,
00242525,
00242525,
00242525,
00242525,
00242525,
00252626,
00252626,
00252626,
00252626,
00252626,
00252626,
00252626,
00242626,
00252626,
00252626,
00252626,
00242525,
00252626,
00252626,
00242626,
00242626,
00242626,
00242625,
00252626,
00252626,
00252626,
00252626,
00252626,
00252626,
00242626,
00252626,
00252626,
00242626,
00242626,
00242626,
00242626,
00242626,
00242626,
00232526,
00222325,
00212225,
001e2024,
000f1121,
000e1127,
000b0f29,
000c0f2a,
000c0f2a,
00121429,
00202123,
00171517,
00121012,
00080a1c,
0009131c,
001d292a,
00131f21,
000d1228,
000d122a,
000a0c24,
000c0e28,
000d112a,
00080b1e,
000c1125,
0013191e,
000c121c,
001a2a2b,
00111a1e,
00050c18,
000c1225,
000d142c,
000e122a,
00162032,
0025282a,
00282929,
00292a2a,
00292a2a,
002a2b2b,
002a2b2b,
002a2b2b,
002a2b2b,
002a2b2b,
002b2b2b,
002a2b2b,
002b2b2b,
002b2c2c,
002b2c2c,
002c2c2b,
002d2d2c,
002d2d2c,
002d2d2c,
002d2e2d,
002e2e2d,
002c2d2c,
002c2d2c,
002e2f2e,
002f2f2e,
002f2f2e,
002f2f2e,
002f2f2e,
0030302f,
0030302f,
00303130,
00303130,
00313130,
00313231,
00323231,
00323331,
00323331,
00323331,
00323130,
003e3f3f,
0040393a,
001a1515,
003f3f3f,
003e3f3f,
003f3e3c,
00383432,
00312e2d,
002e2c2a,
002a2928,
00292726,
00272625,
00262524,
00222222,
001a1b19,
002f2c2c,
00070408,
000a090d,
00040407,
00060606,
00040303,
00040404,
00040404,
00070605,
00050303,
000f0e10,
00090b11,
00090e14,
00091214,
000e0f0f,
00201c1c,
0021201f,
00232120,
0020211f,
00161816,
00251c1c,
00242222,
00262423,
002b2827,
00363130,
00403f3f,
00170f0c,
00382627,
003d3e3f,
003f403e,
002d2d2a,
002e2e2c,
002d2d2c,
002c2b2a,
002e2d2c,
002e2d2c,
002e2e2c,
002e2d2c,
002d2d2c,
002d2d2c,
002d2d2c,
002d2d2c,
002c2c2b,
002c2c2b,
002c2c2b,
002b2b2a,
002b2b2a,
002b2c2b,
002b2b2a,
002b2b2a,
002b2b2a,
002b2b2a,
002a2a29,
002a2a29,
00292a29,
00292928,
00292928,
00272828,
00282828,
00282827,
00282827,
00272726,
00262626,
00262727,
00262827,
00272827,
00262827,
00262828,
00272828,
00272828,
00262827,
00262727,
00232625,
000b151f,
00040a1a,
000d0a1f,
00171524,
00171823,
00191923,
00111720,
000c0c1f,
0008081e,
000b081e,
000a0418,
00181223,
001c1d28,
000c1319,
00040a0e,
00060a08,
00060a07,
00060a07,
00050a07,
00060a07,
00070b08,
00080b0e,
000b0915,
0007080a,
00070808,
00070909,
000e191d,
00051b1f,
00051c20,
00061b21,
00061a21,
00030b14,
00070713,
0008111e,
000b111e,
000f121c,
001b1d1e,
001f2122,
00212322,
00222424,
00222424,
00222424,
00232524,
00242525,
00242525,
00252626,
00252626,
00252626,
00242626,
00242626,
00252626,
00242625,
00252626,
00252626,
00252625,
00252626,
00242525,
00242625,
00232525,
00242626,
00242525,
00242525,
00242525,
00252525,
00252525,
00242626,
00242625,
00242625,
00242626,
00252626,
00242626,
00242626,
00242626,
00242625,
00242625,
00242625,
00242625,
00252626,
00242626,
00242626,
00252626,
00242626,
00252626,
00252626,
00242626,
00242626,
00252626,
00242726,
00252626,
00252626,
00242626,
00242626,
00242626,
00242626,
00252626,
00252626,
00242626,
00232526,
00222426,
00212225,
00202125,
000f111e,
000e1128,
000c1029,
000c1029,
000c0f29,
000f1028,
00202021,
00151317,
00121217,
00000115,
0018242b,
00090d18,
00161b23,
000e1229,
000e122a,
000a0c25,
000c0f28,
000c112a,
000a0c1d,
000f1329,
000f1319,
000f111b,
00040c15,
0000090c,
00111327,
000d122c,
000e142c,
000e142b,
00182030,
002b2f37,
00292a2a,
00292a2a,
00292b2a,
002a2b2b,
002a2b2b,
002a2b2b,
002a2b2b,
002a2b2b,
002a2b2b,
002a2c2b,
002b2c2c,
002b2c2b,
002b2c2c,
002c2d2c,
002c2c2c,
002d2d2c,
002d2d2c,
002e2e2d,
002e2f2e,
002e2e2d,
002e2f2e,
002f2f2e,
002f2f2e,
002f2f2e,
002f302f,
002f302f,
0030302f,
0030302f,
00303130,
00313130,
00313130,
00323231,
00333231,
00333331,
00343432,
00323231,
003e3e3e,
003e3f3f,
00261619,
003a3a3a,
003f3f3f,
003f3f3f,
003c3836,
0034312f,
002f2d2c,
002d2b2a,
002a2928,
00282726,
00272625,
00252423,
0020201f,
002b2c2a,
00353232,
001a1618,
000a090c,
0009080a,
00050403,
00040304,
00030303,
00040404,
00070605,
00050404,
00050405,
000a0c11,
00090d15,
00090e13,
00070f10,
00171315,
00211f1f,
00232020,
00222120,
001f1f1e,
00080504,
00231f1f,
00242421,
00262524,
002f2b29,
003e3939,
002c302d,
0026100f,
003e3f3f,
003d403f,
003f3f3e,
002e2e2c,
002d2e2b,
002e2d2c,
002e2d2c,
002e2d2c,
002d2d2c,
002d2d2d,
002d2d2c,
002d2d2c,
002e2d2c,
002d2d2c,
002c2d2c,
002c2c2b,
002c2c2b,
002b2c2b,
002b2c2b,
002b2b2a,
002b2c2b,
002b2b2a,
002b2b2a,
002b2b2a,
002a2a29,
002a2a29,
00292928,
00292928,
00292928,
00282928,
00282827,
00282827,
00282827,
00272726,
00272727,
00282828,
00282827,
00282827,
00272827,
00272828,
00272828,
00272828,
00262827,
00262727,
00232626,
000d1c1e,
000f1e21,
000b111a,
0010131e,
00101320,
000f0d1d,
00181923,
00141623,
00131520,
00131524,
000b091d,
000c091f,
000e081e,
000b0519,
0013101f,
001a1e23,
000f1716,
00040b08,
00030906,
00060b08,
00060c08,
00090e10,
00090913,
00080810,
00060808,
00070809,
00051015,
00051b1f,
00051018,
0000040c,
00061820,
0003050e,
00070712,
0009111e,
000a111c,
000d111d,
001a1c1e,
00202222,
00212323,
00222424,
00232525,
00232525,
00232525,
00232525,
00242625,
00252626,
00242525,
00252626,
00232626,
00242626,
00252626,
00242626,
00242626,
00242626,
00252626,
00252626,
00242626,
00242626,
00242525,
00242625,
00242625,
00242626,
00242625,
00242525,
00242625,
00242626,
00242626,
00242625,
00242626,
00242626,
00242626,
00242626,
00242626,
00242626,
00252626,
00252626,
00252626,
00252626,
00252626,
00252626,
00252626,
00242625,
00242626,
00252626,
00252626,
00252626,
00252626,
00252626,
00262626,
00252626,
00242626,
00242626,
00242626,
00242626,
00262626,
00252626,
00242626,
00242526,
00232426,
00212325,
00202124,
00141521,
000e1228,
000c1029,
000c102a,
000c0f2a,
000c0f29,
00272627,
00151618,
0018181a,
000b0c18,
00131f2b,
00090f1e,
000b1026,
000d122a,
000d122a,
000b0e27,
000c0e27,
000d112a,
000c1026,
000d1329,
000b1016,
000b0e19,
001d252d,
00222a2d,
00101325,
000f152a,
000e142c,
000e142c,
000b1223,
00171d29,
00292a2a,
00292a2a,
00292a2a,
00292a2a,
002a2a2a,
002b2b2b,
002a2b2b,
002a2b2b,
002a2b2b,
002c2c2c,
002c2c2c,
002b2c2c,
002b2d2b,
002c2d2c,
002e2d2c,
002d2d2c,
002d2e2d,
002e2e2d,
002d2e2d,
002e2e2d,
002f2f2e,
002f2f2e,
002f2f2e,
002f302f,
0030302f,
0030302f,
0030302f,
00303130,
00313130,
00313130,
00323230,
00323230,
00333231,
00333231,
00343332,
003c3d3c,
003e3f3f,
00372b2d,
001b1819,
003f3f3f,
003f3f3f,
003f3c3b,
00373330,
00312e2c,
002e2b2a,
002b2928,
00292827,
00272726,
00262524,
00242322,
001f1e1d,
00242422,
00242422,
00302b2c,
000a090b,
0009080b,
00050303,
00030303,
00030303,
00030303,
00060606,
00050504,
00060406,
000b0b0f,
00080b13,
00090813,
00091418,
000e1315,
00211e1e,
0022201f,
00232120,
0021211e,
001f1f1d,
00151010,
00222221,
00262422,
002a2726,
00362f2d,
003f3f3e,
0015120f,
00301a1c,
003f3f3f,
003e403f,
00343534,
002d2e2c,
002d2c2c,
002e2d2c,
002f2e2d,
002e2d2c,
002d2e2c,
002d2e2c,
002e2d2c,
002e2d2c,
002d2d2c,
002d2d2c,
002c2d2c,
002c2c2b,
002c2c2b,
002c2c2b,
002c2c2b,
002b2c2b,
002b2b2a,
002b2c2b,
002a2b29,
002a2b29,
002a2a29,
00292a29,
00292928,
00292928,
00282828,
00292928,
00282827,
00282827,
00282827,
00282827,
00282828,
00282828,
00282827,
00282827,
00272726,
00262727,
00262728,
00262827,
00262727,
00222626,
00121e22,
000c181b,
00091317,
000b1217,
00151e21,
002e373b,
00181c25,
00121521,
000f0d20,
000e0a1d,
000b091d,
00151424,
00111522,
00090b1d,
000b0a1d,
000f091d,
000a0516,
000f0818,
0018151f,
00192021,
0011191b,
000c1216,
0001040e,
00070810,
00070907,
0005070a,
0007161b,
00091c1f,
00061a1f,
00061a20,
0005191f,
00080810,
00080a12,
00080f1b,
0009101b,
000a101b,
001a1c1f,
00212222,
00222423,
00222424,
00242525,
00242525,
00232625,
00242625,
00252626,
00252626,
00252626,
00252626,
00252626,
00252626,
00252625,
00252626,
00242625,
00242625,
00242626,
00242626,
00242625,
00242626,
00242626,
00242626,
00232625,
00242626,
00242525,
00232525,
00242626,
00242625,
00242525,
00232626,
00242626,
00242625,
00242525,
00242626,
00252626,
00252626,
00252626,
00242626,
00242626,
00242726,
00252626,
00242625,
00252626,
00262626,
00252626,
00252626,
00252726,
00252626,
00252626,
00242726,
00262626,
00252726,
00252727,
00242726,
00252626,
00262626,
00262626,
00252626,
00252626,
00252626,
00222425,
00212325,
00202125,
00191a23,
000e1228,
000c102a,
000c102a,
000c0f2a,
000a0f29,
00131019,
00222122,
001d1e1f,
00242527,
00071122,
00050b19,
00090e23,
000d122a,
000d132b,
000d112a,
000d0e27,
000e112a,
000a0e24,
000d1328,
0007090f,
00040914,
00000510,
000a151a,
000e1226,
00101329,
000e142c,
000f142c,
000a1023,
000d1227,
00282a2a,
00292a2a,
00292a2a,
00292a2a,
00292b2a,
002a2b2b,
002b2b2b,
002b2b2b,
002b2b2b,
002b2b2b,
002c2c2c,
002b2d2c,
002c2d2c,
002d2d2d,
002d2d2c,
002e2e2d,
002e2e2d,
002d2d2c,
002e2e2d,
002e2f2e,
002f2f2e,
002f2f2e,
002f2f2e,
0030302f,
0030302f,
0030302f,
00303130,
00303130,
00303130,
00323231,
00313231,
00313231,
00333230,
00333231,
002f3130,
003f3f3e,
003d3e3e,
00201717,
003e3e3d,
003f3f3f,
003f3f3e,
003b3634,
0034312f,
00302d2b,
002d2a29,
002a2827,
00292727,
00282625,
00262424,
00212020,
001f1f1e,
0021211e,
00252523,
00241e21,
0008090b,
0009090b,
00040405,
00030303,
00030303,
00030303,
00060606,
00060606,
0009080a,
000a0a0f,
00070a11,
00090710,
00080d12,
000b1517,
00161111,
0022201f,
0022211f,
0021211f,
0020201e,
00100e0d,
00221f1e,
00242321,
00272523,
002f2b29,
003a3534,
003d3e3d,
00221313,
00403f3f,
003f3f3f,
003e3f3e,
002a2c29,
002d2d2b,
002e2d2c,
002f2e2d,
002e2d2c,
002d2d2c,
002d2d2c,
002d2d2c,
002e2d2c,
002e2e2d,
002d2d2c,
002d2d2c,
002c2d2c,
002c2c2b,
002c2c2b,
002b2b2a,
002b2c2b,
002b2b2a,
002a2a29,
002b2b2a,
002b2b2a,
002a2a29,
002a2a29,
00292a29,
00292928,
00282928,
00292928,
00282827,
00282827,
00282928,
00282928,
00292929,
00282828,
00282827,
00282827,
00272726,
00272726,
00272828,
00262827,
00262727,
001f2525,
00131f23,
00091518,
00091317,
000a1217,
000a1216,
001b2427,
00182527,
00141f23,
00121e23,
0009111c,
00030215,
000c091e,
000e0b1c,
0013121f,
0012141d,
000e101d,
000e1020,
000a071c,
000b071c,
000e091c,
000e061a,
000c0617,
0014111e,
001c1e25,
001b2022,
000c1112,
0006181c,
0008171c,
00041b1f,
00051b20,
00051b20,
0007080f,
00090c13,
00080e1a,
000a0f1c,
000b0f1c,
00191d20,
00212223,
00222423,
00232525,
00232525,
00242626,
00252626,
00252626,
00252725,
00252725,
00252726,
00252626,
00252626,
00252626,
00252626,
00252626,
00252626,
00252626,
00252726,
00252626,
00252626,
00252626,
00252626,
00252626,
00242626,
00242625,
00242625,
00242626,
00242626,
00242625,
00242625,
00242626,
00242626,
00252626,
00242625,
00242626,
00252626,
00252626,
00262626,
00262626,
00252726,
00252726,
00252726,
00252726,
00252626,
00262727,
00252726,
00252726,
00252726,
00262726,
00252627,
00252726,
00262727,
00262727,
00252726,
00252726,
00252726,
00252726,
00252626,
00252626,
00252626,
00252626,
00232426,
00222325,
00212225,
001c1d25,
000e1228,
000d102a,
000b0f2a,
000c0f2b,
000b1029,
000e0d13,
00030306,
001c1a1d,
001b1d1f,
000b0f26,
000d1429,
00090d21,
000d132a,
000d132b,
000d122a,
000c0e27,
000c102b,
00101329,
000d1328,
000a0a12,
00090d16,
00202930,
00111d20,
00030512,
000e1329,
000e152c,
0010152c,
000c1127,
000b1227,
00282a29,
0028292a,
00292a2a,
00292b2a,
002a2b2b,
002a2b2b,
002b2b2b,
002b2b2b,
002b2c2c,
002b2c2c,
002c2c2c,
002c2d2c,
002d2d2c,
002d2e2c,
002d2e2c,
002e2e2d,
002e2e2d,
002d2e2d,
002f2f2e,
002f2f2e,
002f2f2e,
002f2f2e,
002f302f,
002f302f,
0030302f,
00303130,
00313130,
00303130,
00313130,
00313130,
00323230,
00323230,
00323230,
00333332,
00403e3e,
003e403f,
002f2022,
001e1c1b,
003f3f3f,
003e3f3f,
003d3a38,
00363330,
00302e2c,
002e2c2a,
002c2929,
002a2827,
00282727,
00272524,
00232221,
00211c1d,
00252221,
0020201e,
002d2d2a,
00171014,
0009080a,
0008080a,
00040304,
00030303,
00030303,
00030303,
00070707,
00070707,
00060607,
0008080c,
000a0c13,
0008060e,
000d0a0b,
000e1315,
00120f10,
00221c1d,
0021211f,
0022211f,
0021201f,
001e201e,
001b1314,
00222120,
00242322,
00282725,
00342d2c,
00403f3e,
00151512,
002f1214,
003c3f3f,
003e3f3f,
003f3f3f,
002e2d2c,
002e2d2c,
002f2d2d,
002e2e2c,
002e2d2c,
002d2d2c,
002e2e2c,
002f2d2c,
002e2d2c,
002d2d2c,
002d2d2c,
002c2d2c,
002c2d2c,
002c2c2b,
002b2c2b,
002c2c2b,
002b2c2b,
002b2b2a,
002b2b2a,
002a2a29,
002a2a29,
002a2a29,
002a2a29,
002a2a29,
00292928,
00292928,
00292928,
00292928,
00282928,
00292928,
00282928,
00292928,
00292928,
00282827,
00272726,
00282826,
00282828,
00272828,
00252727,
00181d1f,
00091419,
000a1318,
00091216,
00081116,
00091216,
000e161b,
000f1c21,
000f1d20,
000e1c1f,
000e1c1f,
00293738,
001a272b,
00000513,
000b091c,
000a081a,
000b081a,
0009071c,
0009071d,
0009081c,
0009071b,
0008081c,
0009081d,
000b081d,
000d081d,
000c0517,
00070511,
000b1a1f,
00041015,
00031b1f,
00061c20,
00061c20,
0005090d,
000a0d11,
0009101c,
0009101d,
000a0e19,
00191d20,
00202222,
00222424,
00232525,
00242525,
00242625,
00252525,
00262626,
00252625,
00252625,
00252625,
00252626,
00252626,
00252626,
00252727,
00252726,
00262727,
00262727,
00262727,
00262727,
00262626,
00252626,
00252626,
00252626,
00252626,
00252626,
00252626,
00252726,
00252626,
00252626,
00252626,
00262727,
00252726,
00252726,
00252726,
00252626,
00252626,
00252626,
00252626,
00252726,
00262727,
00262727,
00262726,
00252726,
00262726,
00262727,
00252726,
00252726,
00252726,
00262726,
00262727,
00252727,
00262727,
00252726,
00252726,
00262727,
00262727,
00262626,
00262626,
00252726,
00252626,
00252626,
00232526,
00232426,
00212225,
001d1f25,
000f1228,
000c1029,
000b102a,
000b102a,
000c102a,
0011111d,
000a0a0e,
00121112,
00212322,
000c1027,
0000000a,
00050a1d,
000d132a,
000d132b,
000d132b,
000b0e27,
000c0f29,
000e132a,
000d132a,
00080a14,
0010131f,
00040a17,
00060c16,
001f2b2f,
000e1126,
000e152c,
0010152d,
000f132a,
000a1327,
00262929,
00282a28,
00292a2a,
00292b2a,
002a2b2b,
002a2b2b,
002a2b2b,
002b2c2c,
002b2c2c,
002b2c2c,
002c2d2c,
002d2d2c,
002e2d2d,
002e2e2d,
002d2e2c,
002d2e2d,
002e2e2d,
002e2f2e,
002f2f2e,
002e2f2e,
002f2f2e,
002f2f2e,
002f2f2e,
0030302f,
0030302f,
0030302f,
00303130,
00313130,
00313130,
00313130,
00323231,
00323231,
00333332,
003b3b3b,
003e3e3f,
003f3e3f,
001b1313,
003d3f3e,
00403f3f,
003f3f3f,
00393533,
0032302e,
002f2c2b,
002c2b2a,
002a2828,
00292726,
00272625,
00262524,
00232020,
000c0608,
001d1c1b,
00110e11,
0031332e,
0010070a,
0008070a,
0009080b,
00040304,
00030303,
00030303,
00030303,
00080607,
00080707,
00060607,
00050508,
00080a0f,
0008070c,
00120d0b,
000c0e0d,
000f0f0f,
000c0708,
0021201f,
0022201f,
0022201f,
0020201f,
000a0807,
00201e1d,
00242222,
00262523,
002c2827,
00373230,
003e3f3d,
001c0e0d,
003f3637,
003e3f3f,
003f3f3f,
00333433,
002e2e2c,
002d2e2d,
002e2e2c,
002e2d2c,
002e2d2c,
002e2d2c,
002d2e2c,
002e2d2c,
002e2d2d,
002d2d2c,
002d2d2c,
002d2d2c,
002c2c2b,
002c2c2b,
002b2c2b,
002c2c2b,
002b2c2b,
002b2b29,
002a2a2a,
002a2b2a,
002a2a29,
002a2a29,
002a2a29,
002a2a29,
00292a29,
00292928,
00292a29,
00292928,
00292928,
00292928,
00292928,
00282928,
00272827,
00282827,
00282827,
00272828,
00272828,
00262727,
00172022,
00111c21,
00040e13,
00080e12,
00080f15,
00091216,
000a1519,
000a161a,
000e1b1f,
000e1d20,
00101f21,
001b2528,
001b292b,
00172728,
00142426,
000c1b1f,
00010a13,
00010312,
00030316,
000a0a1e,
00090b1c,
00090b1d,
0006091a,
0007091b,
000c0a1e,
00070819,
00050613,
000c1b20,
0009181d,
00081c20,
00061c20,
00061c21,
0012111c,
001e2029,
001b2128,
000f171f,
00080d17,
0018191f,
00202222,
00222424,
00232525,
00242525,
00242626,
00252626,
00252626,
00252626,
00252626,
00252726,
00252626,
00252726,
00262727,
00252727,
00252726,
00252727,
00252726,
00252726,
00252626,
00252626,
00252626,
00252726,
00252726,
00252726,
00252726,
00252726,
00262727,
00262727,
00252726,
00252726,
00262727,
00252727,
00252726,
00252726,
00252626,
00252626,
00252725,
00262726,
00262726,
00252726,
00262727,
00262726,
00252726,
00262726,
00262727,
00262727,
00262727,
00262727,
00262726,
00262727,
00262727,
00262727,
00252726,
00252726,
00252727,
00252727,
00252726,
00252727,
00262727,
00262727,
00252626,
00232526,
00232426,
00222326,
001f2025,
000f1328,
000d122a,
000b102a,
000b102b,
000b102b,
00080a1c,
00161719,
00242425,
001d1b1d,
000d1128,
00101f25,
000b0c22,
000e132b,
000d142b,
000d142c,
000b0e27,
000d0f29,
000e132a,
000a0e20,
000a0b1b,
00111820,
00111621,
0004070e,
00020712,
000d1025,
000e142c,
0010152d,
0011142d,
000d162b,
00282b2e,
00282a2a,
00292b2a,
00292b2a,
002a2b2b,
002a2b2b,
002b2c2c,
002b2c2c,
002b2d2c,
002c2d2c,
002d2d2c,
002d2d2d,
002e2e2e,
002e2e2e,
002e2e2d,
002e2e2d,
002e2f2e,
002e2f2e,
002e2e2d,
002e2f2e,
002f2f2e,
002f2f2e,
0030302f,
0030302f,
0030302f,
0030302f,
00313130,
00313130,
00313130,
00313130,
00323131,
00323131,
002f2e2e,
003f3f3f,
003e3f3f,
00261619,
00302e2e,
003f3f3f,
003f3f3f,
003c3937,
00353230,
00302e2c,
002d2b2a,
002b2928,
00292727,
00282626,
00262524,
00252323,
00211b1d,
00080405,
000f1110,
000e0e0e,
00242322,
00110a0e,
00070809,
0008080a,
00030304,
00030303,
00030303,
00030303,
00080608,
00080707,
00080709,
0007070a,
00090a0e,
000e0e12,
00160f0c,
00100e0e,
00100f0f,
000e0e0e,
001f1b1d,
0020201f,
0023201f,
0021201f,
001f1f1e,
00201c1b,
00222120,
00252322,
00282624,
00302b2a,
003d3a3a,
00252624,
00291010,
003d3f3f,
003e403f,
003e3f3f,
002c2c2a,
002e2d2c,
002d2d2c,
002e2d2c,
002e2d2c,
002d2e2b,
002d2e2c,
002d2e2c,
002c2d2c,
002d2d2c,
002e2d2c,
002c2d2c,
002d2d2c,
002d2d2c,
002c2c2b,
002c2c2b,
002b2c2b,
002b2b2a,
002b2b2a,
002b2b2a,
002b2b2a,
002a2a29,
002a2a29,
002a2a29,
002a2a29,
002a2a29,
002a2a29,
00292928,
00292a29,
00292928,
00282827,
00282827,
00282928,
00292928,
00292928,
00282928,
00272828,
00272727,
000f181d,
00111c21,
00142025,
00060e12,
00070e13,
00091014,
00060e11,
000d161a,
000d181d,
000d1a1f,
000e1c1f,
00111e20,
001e282a,
00223133,
00172829,
00142528,
00213033,
001b2a2c,
00303d3e,
0018252a,
00070c18,
00050515,
000c0b1b,
000c0b1c,
00100c1e,
001a1b25,
00151a24,
00041016,
00071b1f,
000b1c20,
00061c20,
00061c21,
000a091a,
000d081e,
000e071d,
000b051b,
00151723,
0017191f,
00202122,
00222423,
00232525,
00242626,
00242626,
00242626,
00242626,
00242726,
00252626,
00262727,
00262727,
00262727,
00262727,
00262727,
00262727,
00262726,
00262726,
00262727,
00252626,
00252626,
00252726,
00262727,
00262727,
00252727,
00262726,
00252626,
00252726,
00262727,
00262727,
00262727,
00262727,
00262727,
00262726,
00252726,
00252625,
00252626,
00252726,
00262727,
00262727,
00252726,
00262727,
00252726,
00262727,
00262727,
00262727,
00262727,
00262727,
00262727,
00262727,
00262727,
00262727,
00262727,
00262727,
00262727,
00262727,
00262727,
00262727,
00262727,
00262727,
00262727,
00252626,
00242627,
00232426,
00222325,
00202125,
000f1229,
000e1228,
000c102a,
000b102b,
000b0f2a,
000d1028,
00120e13,
00212023,
001f1f20,
00050716,
00182432,
000e1025,
000d142b,
000f142b,
000d142c,
000b0d25,
000d0e28,
000e132a,
000d1126,
00121325,
0012181d,
00121723,
00060d15,
001a262b,
00101426,
000f142c,
000f162d,
000f152c,
00192132,
002d3338,
00292b2a,
00292a2a,
00292b2a,
002a2b2b,
002b2c2c,
002a2c2b,
002b2c2c,
002c2d2c,
002c2d2c,
002d2e2c,
002d2e2d,
002e2e2e,
002e2e2d,
002e2e2e,
002f2f2e,
002f2f2e,
002e2e2d,
002f2f2e,
002f2f2e,
002f2f2e,
0030302f,
0030302f,
0030302f,
00313130,
0030302f,
00303130,
00313230,
00323230,
0032322f,
00323130,
00313130,
003e3d3d,
003f3f3f,
00373133,
00181414,
003f3f3f,
003f3f3f,
003f3f3c,
00393431,
00322f2d,
002e2c2b,
002d2a2a,
002a2828,
00292727,
00272625,
00252424,
00232222,
00130c0e,
00060505,
00070a08,
001d231f,
00261e21,
00090808,
00080608,
0008080b,
00050405,
00040303,
00030303,
00030303,
00080607,
00070707,
0007070a,
0006060a,
0008080c,
000c0d13,
000a0606,
000f0c0c,
00100f0f,
000d0e0f,
000f0a0b,
00231e1f,
0021201f,
0021201f,
001e1f1d,
000b0605,
00221f1e,
00232221,
00262423,
002a2826,
00352f2d,
003f3f3f,
00100c09,
00372123,
003e403f,
003e3f3f,
003e3f3e,
002b2d2a,
002e2d2c,
002e2d2c,
002f2d2c,
002e2e2c,
002d2e2c,
002e2e2d,
002d2d2c,
002d2d2c,
002d2d2c,
002d2d2c,
002d2d2c,
002d2d2c,
002c2d2c,
002c2c2b,
002c2c2b,
002b2c2b,
002b2c2b,
002b2b2a,
002b2b2a,
002b2b2a,
002b2b2a,
002a2a29,
002a2a29,
00292a29,
00292928,
002a2a29,
002a2a29,
00292928,
00292928,
00292928,
00292928,
00292928,
00292928,
00292928,
00272829,
00252727,
000d171d,
000f181c,
00141c21,
00091317,
000c171b,
00071014,
00070e12,
00071216,
000b1719,
000a171b,
000f1c20,
00142326,
00152324,
001b2728,
00273638,
00243637,
00233234,
0029383a,
001b2729,
001a2628,
001a282a,
00213132,
00283839,
000e1c22,
00000413,
00060818,
00151221,
000d141d,
00081c21,
000a181c,
00061d21,
00071b21,
0009081c,
0008081e,
0009081f,
000b0820,
000c0820,
000f0918,
00202123,
00222424,
00242525,
00252626,
00252626,
00252626,
00252727,
00252726,
00252726,
00262727,
00262727,
00262727,
00262727,
00262727,
00262727,
00262726,
00262726,
00262726,
00252726,
00252726,
00252726,
00252726,
00262727,
00252727,
00262727,
00252726,
00262727,
00262727,
00252726,
00262727,
00252727,
00262727,
00262727,
00252726,
00252726,
00252726,
00262727,
00262727,
00262727,
00262727,
00262727,
00252726,
00262727,
00262727,
00262727,
00262727,
00262727,
00262727,
00262727,
00262727,
00262727,
00262727,
00262727,
00262727,
00262727,
00262727,
00262727,
00262727,
00252727,
00262727,
00252727,
00252627,
00242527,
00222426,
00202125,
00111328,
000e1228,
000c102a,
000b102b,
000b102b,
000e1029,
0019141b,
00141115,
00161516,
00161720,
00172433,
000e1125,
000e142c,
000e142b,
000f152c,
000a0c24,
000c0e26,
000d122a,
000e1226,
00111429,
0010141a,
000c0f1e,
00202c2d,
0001090f,
00101323,
0010152c,
000f152e,
000e142d,
000c1324,
00151a29,
00292a2b,
00292b2a,
002a2b2b,
002a2c2b,
002a2c2b,
002c2c2c,
002d2c2c,
002d2d2c,
002c2d2c,
002d2e2d,
002e2e2d,
002e2e2e,
002e2e2e,
002e2e2e,
002f2f2e,
002e2f2e,
002e2e2d,
002f2f2e,
0030302f,
002f302f,
002f302f,
0030302f,
0030302f,
00313130,
0030302f,
00323130,
00323130,
00323130,
00323130,
00323130,
003c3c3c,
003e3f3f,
003e3e3e,
0024161a,
003d3d3d,
003f3f3f,
003f3f3e,
003c3735,
0034312f,
00302d2b,
002d2b2a,
002c2928,
00292727,
00282626,
00272524,
00252423,
00221b1d,
00070506,
00050505,
00040604,
002e2d2c,
000f080c,
00070607,
00060607,
00070709,
00050405,
00030303,
00030303,
00030303,
00080606,
00080606,
0009080b,
00060609,
00070609,
0008080d,
00080509,
000d0b0c,
0010100f,
000b0c0d,
000f0c0c,
001c1617,
00211f1e,
0022201f,
0020201e,
00141512,
00201d1c,
00242120,
00242322,
00262524,
002f2928,
003b3634,
003c3c3a,
00261110,
003f3e3e,
003e3e3f,
003f3f3f,
00373836,
002e2d2c,
002f2d2b,
002e2d2c,
002f2e2d,
002e2e2c,
002e2e2c,
002e2e2d,
002e2e2d,
002d2d2c,
002e2d2c,
002d2d2c,
002d2d2c,
002c2d2c,
002d2d2c,
002c2c2b,
002c2c2b,
002b2c2b,
002b2b2a,
002b2b2a,
002b2b2a,
002a2b2a,
002b2b2a,
002a2a29,
002a2a29,
002a2a29,
002a2a29,
00292928,
00292928,
00292928,
00292928,
00292928,
00292928,
00292928,
00292928,
00282929,
00232727,
000c181c,
00101c20,
00091217,
00091317,
00081518,
00081418,
00071215,
0009141a,
00091518,
00081316,
00091418,
000b171a,
00172526,
00192628,
001f2a2d,
00263536,
001f2e30,
001b292c,
001d2a2c,
002b3a3c,
002a393a,
001f2d30,
001e2c2e,
00253537,
001a2a2c,
00243336,
000e161a,
00131d1f,
000a1e21,
00000c11,
00071e21,
00081a20,
00080c1c,
0008091d,
000a081f,
0008081f,
000a081f,
000d091e,
00202022,
00232324,
00242525,
00252626,
00252626,
00252726,
00262727,
00262727,
00262727,
00262727,
00262727,
00262727,
00262727,
00262727,
00262727,
00262727,
00262727,
00262727,
00262727,
00262727,
00252726,
00252726,
00262726,
00262726,
00252726,
00252726,
00252727,
00262626,
00262727,
00262727,
00262727,
00262727,
00262727,
00262727,
00262727,
00262727,
00262727,
00262727,
00262727,
00262727,
00262727,
00262727,
00262727,
00262727,
00262727,
00262727,
00262727,
00262727,
00262727,
00262727,
00262727,
00262727,
00262727,
00262727,
00262727,
00262727,
00262727,
00262727,
00252727,
00252727,
00252727,
00252627,
00232527,
00222326,
001f2125,
00101327,
000e1228,
000c102a,
000b102b,
000b102a,
000e1029,
001b181b,
00232225,
00141416,
0022232b,
0013232d,
000f1124,
000f142b,
000e142b,
000e152c,
000c0f27,
000c0e28,
000e122b,
000c0f22,
0010142b,
00080a12,
00070812,
0001060d,
00030911,
000e1324,
000f142b,
0010162d,
0011162f,
00020b1a,
000a1022,
002a2a2c,
002a2b2b,
002a2b2b,
002c2b2b,
002c2c2c,
002c2c2c,
002c2d2d,
002d2d2d,
002d2e2d,
002d2e2d,
002e2e2d,
002e2e2e,
002e2e2e,
002e2e2e,
002e2f2e,
002e2f2e,
002f2f2e,
002f302f,
0030302f,
0030302f,
00252525,
0031302f,
00313130,
00313130,
0030302f,
00313231,
00323130,
00333130,
00333131,
002d2d2c,
003f3f3e,
003e3f3f,
00211517,
001b1718,
003f3f3f,
003f403f,
003d3b38,
00373230,
00312e2c,
002e2c2a,
002b2a28,
002a2827,
00292726,
00282625,
00262424,
00232121,
000d090c,
00060506,
00060505,
00070706,
0010090a,
0007080a,
00040506,
00050507,
00070608,
00050405,
00030303,
00030303,
00030303,
00070606,
00080707,
00080609,
00070709,
00070609,
00060408,
0007060a,
000f0d0e,
000f0e0e,
000a090a,
00191817,
00120c0c,
00211e1e,
0021201f,
0021201e,
001e201d,
00151111,
00211f1f,
00222221,
00242322,
00282625,
00342d2c,
003f3f3f,
00171411,
00321315,
003b3e3e,
003f3f40,
003e3f3f,
002b2c29,
002e2e2b,
002d2d2b,
002e2e2d,
002f2e2d,
002e2d2d,
002e2e2d,
002e2e2d,
002e2e2d,
002e2d2c,
002e2e2d,
002d2d2c,
002d2d2c,
002d2d2c,
002d2d2c,
002c2c2b,
002c2c2b,
002b2c2b,
002b2c2b,
002b2b2a,
002b2b2a,
002b2b2a,
002b2b2a,
002a2a29,
002a2b2a,
002a2a29,
00292928,
002a2a29,
002a2a29,
00292a29,
00292928,
00292a29,
00292928,
00292928,
00282929,
00222827,
000a171a,
000d191e,
00152325,
00091417,
00091519,
00091318,
00091217,
00091318,
000c171b,
00091519,
00091518,
000c171c,
000f1a1e,
00192428,
00233133,
00213031,
00182729,
001a292a,
00192527,
00172427,
00152226,
00182427,
00232e2f,
00283436,
00283839,
00283839,
00131f20,
001d2728,
00162525,
001d2727,
00192829,
000c1e21,
0008121a,
00030613,
0007091e,
0008081f,
00090820,
000d091d,
001f1f21,
00222324,
00242625,
00242626,
00242626,
00252726,
00262727,
00262727,
00262727,
00262727,
00262727,
00262727,
00262727,
00262727,
00262727,
00262727,
00262727,
00262727,
00262727,
00262727,
00262727,
00262727,
00262727,
00262727,
00262727,
00252726,
00262727,
00272727,
00262727,
00262727,
00262727,
00262727,
00262727,
00262827,
00262727,
00262727,
00262727,
00262727,
00262727,
00252727,
00262727,
00262727,
00262727,
00262727,
00262727,
00262727,
00262727,
00262727,
00262727,
00262727,
00262727,
00262727,
00262727,
00272828,
00262827,
00272727,
00262727,
00262827,
00272828,
00262727,
00252727,
00252627,
00242527,
00222326,
00212226,
00101325,
000e1329,
000c102a,
000b102b,
000b102b,
000f112a,
00141317,
00232327,
00171819,
000e0e17,
0002101f,
000a0d1b,
0011172b,
000f142b,
000f142c,
000f122a,
000d0f28,
000d132b,
000d1228,
000e142c,
00070912,
0002030f,
00263035,
001c2b2b,
00020514,
000a1025,
000b1427,
00182434,
00050f24,
0011162d,
00292a2a,
002a2b2b,
002a2c2b,
002c2c2c,
002c2c2c,
002d2c2c,
002d2d2d,
002d2d2d,
002d2e2d,
002e2e2d,
002e2e2d,
002e2f2e,
002e2e2e,
002e2e2e,
002e2f2e,
002f2f2e,
002f2f2e,
002f302f,
0030302f,
0030302f,
002c2c2b,
0031302f,
00313130,
00313130,
00313130,
00323130,
00323130,
00323230,
002f2e2e,
003e3e3d,
003f3f3f,
003f3b3c,
001e1415,
003e3f3f,
00403f3f,
00403f3e,
00383532,
0031302d,
002f2d2c,
002c2b29,
002a2927,
002a2826,
00282725,
00272524,
00252423,
00181517,
000b090c,
00060606,
00050505,
00070606,
00070606,
00060506,
00040406,
00040406,
00060506,
00040304,
00030303,
00030303,
00030303,
00070606,
00070606,
00080707,
0007060b,
00070708,
00060708,
0009080b,
000e0d0d,
000e0d0e,
00070304,
002a2827,
001f1d1c,
00150f10,
0021201e,
0021201f,
001f1f1d,
000d0b0a,
00201d1d,
0022201f,
00232221,
00252423,
002c2826,
00393331,
003f3f3e,
00160d0b,
003b3133,
003e3e3f,
003f3f3f,
003f3f3e,
002b2c29,
002e2e2c,
002f2e2d,
002e2e2d,
002e2e2d,
002e2e2d,
002e2e2d,
002e2e2d,
002e2d2c,
002e2d2c,
002d2d2c,
002d2d2c,
002d2d2c,
002d2d2c,
002d2d2c,
002c2c2b,
002c2c2b,
002c2c2b,
002c2c2b,
002b2c2b,
002b2b2a,
002b2b2a,
002b2b2a,
002a2a29,
002a2a29,
002a2a29,
002a2a29,
00292a29,
002a2a29,
002a2a29,
002a2a29,
00292a29,
00292929,
00282927,
00161a1c,
00152225,
000b181d,
00131f23,
000c191b,
00081318,
00101d21,
000f1b21,
000e1a1e,
000a1419,
000c171b,
000b171c,
000a161b,
000d191e,
00111c20,
00192325,
00223032,
001c2c2e,
001c2c2e,
00162327,
000d1a1f,
00111e21,
00121d21,
00131e22,
00172427,
001b2629,
00273133,
00192324,
00131f21,
001e292a,
001d2526,
00101d1f,
00102125,
00051c20,
0008181e,
001e2a2d,
000f1b25,
00070f1d,
000a0819,
001e1d20,
00232424,
00242525,
00252626,
00262727,
00252727,
00252727,
00262727,
00262727,
00262727,
00262727,
00262727,
00262727,
00262727,
00262727,
00262727,
00262727,
00262727,
00262727,
00252726,
00262727,
00262727,
00262727,
00262727,
00262727,
00262727,
00262827,
00262727,
00262727,
00262727,
00262727,
00262727,
00262727,
00262727,
00262727,
00262727,
00262727,
00262727,
00262727,
00252727,
00262727,
00262727,
00262727,
00262727,
00262727,
00262727,
00262727,
00262727,
00262828,
00262828,
00262827,
00262727,
00262727,
00272828,
00272828,
00262727,
00262727,
00262727,
00262727,
00262727,
00252728,
00252628,
00242627,
00232427,
00212225,
000f1223,
000e1229,
000c112b,
000b102b,
000c112b,
000d102b,
000e0e14,
00161818,
001d1d1e,
0024242a,
00030c20,
00101326,
000e1329,
000e142c,
000e152c,
0010142d,
000e1028,
000d132b,
0010142a,
000f142c,
00070813,
00070b14,
000f1722,
000e1821,
0017252c,
0015212d,
00081128,
000e142e,
000e152d,
0010172e,
00292b2c,
002a2b2b,
002b2c2c,
002b2d2c,
002c2d2d,
002d2d2d,
002e2e2e,
002e2e2e,
002d2e2d,
002e2e2e,
002e2f2d,
002e2f2e,
002e2e2e,
002e2f2e,
002f2f2e,
002f2f2e,
0030302f,
0030302f,
0030302f,
0030302f,
00302f2e,
0030302f,
00313130,
00313130,
00313130,
00323130,
00323130,
00313131,
003e3e3e,
003f3f3f,
00403f3f,
00201013,
00393738,
003e3f3f,
003f3f3e,
00393735,
0034312f,
002f2e2c,
002d2b2a,
002c2929,
002a2827,
00292726,
00272625,
00262524,
00242322,
000b060b,
0009090c,
00070606,
00060505,
00050404,
00050304,
00040404,
00040405,
00040405,
00040405,
00030304,
00030303,
00020202,
00020202,
00080606,
00080607,
00080707,
0009080c,
000d0c0f,
0008090d,
000c0a0d,
000d0d0d,
000f0e0e,
000e0909,
00252121,
001f201e,
00100b0b,
00211c1c,
00201f1f,
0020201f,
001d1e1c,
00191514,
00211f1e,
0023211f,
00242322,
00282524,
00302b29,
003d3938,
00313231,
00270d0d,
003d3f3e,
003d3f3f,
003e3f3f,
003b3c3a,
002d2e2b,
002f2e2d,
002e2e2c,
002e2e2c,
002e2e2d,
002e2e2d,
002e2e2d,
002e2e2d,
002e2d2c,
002d2e2d,
002d2d2c,
002d2d2c,
002d2d2c,
002d2d2c,
002c2d2c,
002c2c2b,
002c2c2b,
002c2c2b,
002b2c2b,
002c2c2b,
002b2b2a,
002b2b2a,
002b2b2a,
002a2b2a,
002a2a29,
002a2a29,
002a2a29,
002a2a29,
002a2a29,
002a2a29,
00292a29,
00292929,
00252828,
000c1418,
00091218,
00061116,
000a151a,
000c161b,
0009161b,
000a181d,
000b181e,
0009151c,
00091419,
00091318,
000c151b,
00172126,
000e191e,
000e191e,
00192326,
002c3739,
00263336,
00212f30,
001e2c2d,
0019272a,
000f1e20,
00081618,
00081418,
00111c20,
00152124,
00152022,
00192223,
00172222,
0011181c,
00060b10,
00132022,
000f1f22,
000a1d20,
00021016,
001a2629,
0018292c,
0009191e,
000d151d,
001e1e21,
00222323,
00242625,
00252626,
00252726,
00252727,
00252727,
00262827,
00272727,
00262727,
00262727,
00262727,
00262727,
00262827,
00262727,
00262727,
00262727,
00262727,
00262727,
00252726,
00262727,
00262727,
00262727,
00262727,
00262727,
00262727,
00262827,
00262727,
00252726,
00262727,
00262727,
00262727,
00262727,
00262727,
00272727,
00262727,
00262727,
00262727,
00272828,
00262827,
00262827,
00262727,
00262727,
00262727,
00262827,
00262827,
00262727,
00272727,
00272828,
00272727,
00272828,
00262727,
00262827,
00272828,
00262827,
00262727,
00262828,
00272828,
00272828,
00272828,
00252728,
00252727,
00252627,
00232527,
00222325,
000f1120,
000e1328,
000d112a,
000b112b,
000c112c,
000c102b,
001a1c21,
00110f12,
001a1a1d,
001a1a1d,
000b1327,
00020714,
000a0f24,
000e152c,
000e152d,
000f142d,
000e102a,
000e132c,
000f142b,
000e142d,
00070c19,
0004040a,
00111c28,
000f1d2a,
00081227,
000c142c,
000d132d,
00151b31,
000e132d,
000d122d,
00292b2b,
002a2b2b,
002b2c2c,
002c2d2d,
002d2d2d,
002e2e2e,
002e2e2d,
002e2e2d,
002e2e2e,
002e2e2e,
002e2f2e,
002f2f2f,
002f2f2f,
002f2f2f,
002f2f2e,
002f302f,
0030302f,
0030302f,
0030302f,
0030302f,
0030302f,
002f2f2e,
00313130,
00323130,
00323130,
00313130,
00313130,
00343333,
003f3f3f,
003f3f3f,
002f2426,
00131112,
003e3f3e,
003f403f,
003e3c3a,
00363230,
00302e2c,
002d2c2a,
002c2a28,
002a2828,
00282726,
00282625,
00262624,
00262524,
001d171a,
0009080d,
0008080a,
00070506,
00060505,
00050404,
00050304,
00040404,
00040405,
00040304,
00040304,
00030303,
00020302,
00020202,
00030303,
00080606,
00080607,
00080707,
00090809,
00050507,
000d0e13,
000b0b0d,
000e0d0e,
000e0e0d,
000d0a0a,
000f0507,
00383836,
000e0b0b,
00120c0d,
00211e1e,
00211f1f,
001e1f1e,
000c0a08,
00201d1d,
0022201f,
00222221,
00252423,
002a2726,
0035302d,
003f3f3f,
00120d09,
0031181a,
003b3e3d,
003f403f,
003e3f3e,
002c2e2b,
002d2e2d,
002d2e2c,
002e2f2c,
002e2e2d,
002e2e2c,
002e2e2c,
002e2e2d,
002e2e2d,
002d2e2d,
002d2e2d,
002d2e2d,
002d2d2c,
002d2d2c,
002d2d2c,
002d2d2c,
002c2d2c,
002c2c2b,
002c2c2b,
002c2c2b,
002c2c2b,
002b2c2b,
002b2b2a,
002b2b2a,
002b2b2a,
002a2b2a,
002a2b2a,
002a2a2a,
002a2a29,
002a2a29,
002a2a29,
00292929,
00202323,
000b1418,
00091419,
00071318,
00081317,
00091218,
000a161b,
0009181e,
0009191f,
0005141a,
0008161b,
0007141a,
000a1419,
00091318,
000a1318,
00071215,
000c161b,
000c1217,
0013181d,
001d2529,
000e161a,
00283033,
002a3335,
001e2a2b,
00131f22,
00081619,
00061317,
0009161a,
001e2729,
00232c2e,
001f2c2d,
00162425,
001c272a,
00041114,
0006151a,
00020d14,
001a262a,
002f3e3f,
000c1c20,
000c161c,
001e1f21,
00222425,
00252626,
00252726,
00262727,
00262727,
00262727,
00262727,
00262727,
00262727,
00262727,
00272828,
00272828,
00262827,
00262727,
00262727,
00262727,
00262727,
00262727,
00262727,
00262727,
00262727,
00272828,
00262827,
00272828,
00262727,
00262727,
00262727,
00262727,
00262727,
00262727,
00262727,
00262727,
00262727,
00262727,
00262727,
00262727,
00262727,
00262827,
00272828,
00272828,
00262827,
00272828,
00272828,
00272828,
00262827,
00262827,
00272828,
00272828,
00262827,
00262827,
00272828,
00272828,
00272828,
00262827,
00262828,
00262828,
00262828,
00272828,
00272828,
00262728,
00262728,
00242627,
00232527,
00222327,
00121320,
000f1328,
000d112a,
000c112b,
000c112c,
000b102c,
0028292f,
00141018,
001a171c,
00151317,
000d142a,
00111b23,
00090b1f,
000e142d,
000f152d,
000f152d,
000d112a,
000d132c,
00080f23,
00081220,
001b2835,
000d182c,
000a122e,
000c132c,
000e142c,
000e142a,
0015192e,
0011132c,
000f122e,
000c132f,
00282c2b,
002b2c2c,
002b2d2c,
002c2d2d,
002d2d2d,
002d2d2d,
002e2e2d,
002e2e2e,
002e2e2e,
002f2f2f,
002f2f2f,
002e2e2f,
002e2e2e,
002f2f2f,
002f302f,
0030302f,
0030302f,
0030302f,
00303130,
00313130,
0030302f,
00272726,
00313130,
00313130,
00313130,
00313130,
002a2a29,
003f3f3e,
003f403e,
00403d3e,
001e1214,
003d3d3c,
003f3f3f,
003f3f3e,
00383533,
00322f2d,
002e2c2b,
002c2b29,
002b2927,
00292727,
00282726,
00272625,
00262524,
00272325,
000c080d,
0009090e,
00070608,
00070606,
00070606,
00050404,
00050304,
00030303,
00030304,
00030304,
00030303,
00020202,
00030303,
00020202,
00020202,
00080606,
00080707,
00070606,
00080707,
00090a0a,
000b0a0f,
000d0e13,
000e0d0d,
000e0d0d,
000c0a0a,
001a1011,
00141413,
000e0b0a,
000f0a0a,
001d1718,
00201f1f,
00201f1e,
001b1c1a,
00130c0c,
00201e1e,
00222120,
00242222,
00272523,
002e2a29,
00393432,
003f3f3e,
001e0e0d,
003f3637,
003f3f3f,
003f3f3f,
003e3f3e,
002b2b29,
002e2e2c,
002f2e2c,
002f2e2d,
002e2e2c,
002e2e2c,
002e2e2d,
002e2e2d,
002e2e2d,
002e2e2d,
002d2d2c,
002e2e2d,
002d2e2d,
002d2d2c,
002d2d2c,
002d2d2c,
002d2d2c,
002c2d2c,
002c2c2b,
002c2c2b,
002c2c2b,
002b2c2b,
002b2b2a,
002b2b2a,
002b2b2a,
002a2b2a,
002a2b2a,
002a2b2a,
002a2a29,
002a2a2a,
00292a2a,
00272929,
001f2727,
000a1418,
00071418,
00061318,
00071217,
00081418,
0009161b,
00061318,
00112024,
00162328,
0009171c,
0006141b,
0006141a,
0008141a,
0008141a,
0009151b,
000b1920,
000a1116,
000b1419,
000c141a,
0011181c,
000f161a,
000e1519,
000a0e13,
00131a1d,
002a3335,
00142022,
00162223,
00192326,
00192327,
00202b2f,
001c282b,
00192729,
001f2c2e,
00172226,
00151f23,
00243335,
000d1f22,
000c171c,
001f2021,
00232425,
00252626,
00262727,
00262727,
00262727,
00262827,
00262827,
00262828,
00272828,
00272828,
00272828,
00262727,
00262827,
00262827,
00262727,
00262727,
00262727,
00262727,
00262727,
00262827,
00272828,
00272828,
00272828,
00272828,
00272828,
00262828,
00262727,
00262727,
00272727,
00262827,
00262727,
00262727,
00262727,
00272727,
00262727,
00262727,
00262727,
00262727,
00262727,
00262727,
00262727,
00262727,
00262727,
00262827,
00262827,
00262727,
00272828,
00272828,
00282828,
00282828,
00272828,
00272828,
00282828,
00272828,
00272828,
00272828,
00282828,
00272828,
00272828,
00272828,
00262728,
00252627,
00242527,
00222326,
00151621,
000d1329,
000c112b,
000b112b,
000c112c,
000b102c,
0028292f,
00100e15,
00131419,
00252729,
0014182b,
0001050b,
00111528,
000f162d,
000f162e,
000c1428,
00030b1f,
0015202e,
00172233,
00040d26,
000c1430,
000c132f,
000c132e,
000a1228,
00191f34,
000d0f27,
0011132d,
000f112d,
000c0e2e,
00070c26,
002a2b2b,
002b2c2c,
002c2d2d,
002c2d2d,
002d2d2d,
002e2e2e,
002e2e2e,
002e2f2e,
002e2f2e,
002f2f2f,
002f2f2e,
002f2f2f,
002f2f2f,
002f2f2f,
00303130,
0030302f,
0030302f,
00303130,
00313130,
00313130,
002f2f2e,
002c2c2b,
00313130,
00313130,
0031302f,
002e2d2c,
003e3e3e,
003e3f3f,
003f3f40,
002a181a,
00323030,
003c3e3d,
0040403e,
003a3736,
0034312f,
002f2d2b,
002d2b29,
002b2a28,
002a2827,
00292726,
00282625,
00272625,
00272525,
000c0509,
0007070b,
0008070b,
00070507,
00060505,
00070606,
00050404,
00050304,
00030303,
00030303,
00030303,
00030303,
00020203,
00020202,
00020202,
00030303,
00070606,
00070606,
00070606,
00090706,
001b1d1a,
000a0909,
000c0b0e,
000d0c0d,
000e0d0c,
000a0908,
00120d0d,
00120f0f,
000d0b0b,
000d0a0a,
00110b0c,
00221e1e,
00211f1e,
001f1e1d,
00131210,
00211b1c,
00211f1f,
00222120,
00252322,
00282525,
00332c2a,
003f3c3b,
002c2c2a,
00311718,
003f3f3e,
003e3f3f,
003e403f,
003e3f3e,
002b2c29,
002f2e2c,
002f2e2c,
002e2e2c,
002e2e2d,
002e2e2d,
002f2e2d,
002f2e2d,
002f2e2d,
002e2e2d,
002d2e2d,
002d2e2d,
002f2e2d,
002e2e2d,
002d2d2c,
002d2d2c,
002d2d2c,
002c2d2b,
002c2c2b,
002c2c2b,
002c2c2b,
002c2c2b,
002b2b2a,
002b2c2b,
002b2b2a,
002b2b2a,
002b2b2a,
002a2b2a,
002a2a29,
002a2a2a,
002a2a2a,
00262929,
00202828,
00091417,
00091519,
00081318,
00081319,
0008151a,
0008151c,
000a171d,
0009161c,
0008161b,
0009181d,
0009191e,
0009181e,
0006141a,
0007151c,
0008161c,
000d181d,
00061016,
000a1419,
00081114,
000a1217,
000a1015,
000a1015,
000a1116,
000d1318,
00191e22,
001d2628,
00303b3e,
00222d30,
00212a2e,
00222c2f,
001f292b,
001e272a,
00212b2e,
000b1419,
00233134,
0017292b,
000d181d,
001f2121,
00232525,
00252626,
00262727,
00262827,
00262827,
00272828,
00262827,
00262828,
00272828,
00272828,
00272828,
00272828,
00272828,
00272828,
00262827,
00262727,
00262727,
00262727,
00262727,
00262727,
00272828,
00272828,
00272828,
00272828,
00272828,
00262828,
00272727,
00272828,
00262827,
00262827,
00262727,
00262727,
00262727,
00262727,
00262727,
00262727,
00262727,
00262727,
00262727,
00262827,
00262828,
00272727,
00272828,
00272828,
00272828,
00272828,
00272828,
00272928,
00282929,
00282929,
00282929,
00272828,
00272928,
00272928,
00272828,
00272828,
00262727,
00262827,
00272828,
00272828,
00262728,
00252728,
00242627,
00232427,
001e1d27,
000f142a,
000d122b,
000b102b,
000d122d,
000c112d,
00080816,
0016161b,
002b2d2c,
00222027,
00171c2b,
00040a0e,
00010813,
000f1b2a,
00182633,
00152131,
00061026,
0009112a,
000e142e,
000d142d,
000c132d,
000d142c,
00171d30,
00181a2f,
0010122d,
000f112d,
000d0f2d,
000c0e2f,
000c0f2f,
000c1029,
002b2c2c,
002c2c2c,
002d2d2d,
002d2e2e,
002e2e2e,
002e2e2f,
002f2f2e,
002f2f2e,
002e2f2e,
002f2f2f,
002f2f2f,
002f2f2f,
002f302f,
0030302f,
0030302f,
0030302f,
0030302f,
00313130,
00313130,
00313130,
00313030,
00323131,
00313130,
00313130,
00302f2e,
003f3f3e,
003f3f3f,
003f3f3f,
002e2224,
00151010,
003e3e3e,
003f3f3f,
003f3d3b,
00363230,
00302d2c,
002d2b2a,
002b2a28,
002a2927,
00292726,
00272625,
00272625,
00262524,
0020191a,
00080609,
0009080c,
0008080c,
00060606,
00070505,
00080607,
00050505,
00040303,
00030303,
00030303,
00020202,
00030303,
00030303,
00030303,
00020202,
00030303,
00070606,
00070606,
00070606,
000a0605,
001e1d1a,
00111210,
000b080a,
000e0c0d,
000d0c0c,
00090808,
00100d0d,
00110e0d,
000e0c0c,
000d0b0a,
000e0b0b,
00140e0f,
00201f1e,
001e1e1e,
001e1e1c,
00080404,
001f1d1d,
0023201f,
00232221,
00252323,
002c2826,
0036302e,
003f3f3e,
00120f0b,
00301819,
003f3f3f,
003f3f3f,
003e3f3e,
00353a36,
00302d2b,
002f2e2c,
002f2e2c,
002f2e2d,
002f2e2d,
002f2e2d,
002f2e2d,
002e2e2d,
002e2e2d,
002e2e2d,
002e2e2d,
002e2e2d,
002e2e2d,
002e2e2d,
002d2d2c,
002d2d2c,
002d2d2c,
002d2d2c,
002c2c2b,
002c2c2b,
002c2c2b,
002b2c2b,
002b2b2a,
002b2c2b,
002b2b2a,
002b2b2a,
002b2b2a,
002b2b2a,
002a2b2a,
002a2a2a,
00292a2a,
00272929,
00202726,
00131e1f,
00081417,
00081318,
00091519,
0008151b,
0009161c,
0009171c,
0009171e,
0007161c,
0008151b,
0007151b,
0007151b,
0008161c,
000b181f,
0009171c,
000e1b20,
000d1a1e,
000b161c,
000b171c,
00091519,
000b151a,
000b1217,
000a1117,
000e1218,
00151b20,
000a1117,
00242a2e,
00323c3e,
00212d31,
00121c21,
000e151a,
00192427,
000a151a,
00273034,
002b3b3d,
000b181e,
001f2121,
00232524,
00262727,
00262827,
00272828,
00272928,
00272828,
00272828,
00272828,
00272828,
00272928,
00272828,
00272828,
00272828,
00272828,
00272828,
00262828,
00262727,
00262727,
00262727,
00262827,
00272727,
00272828,
00272828,
00262828,
00262828,
00272828,
00272828,
00272828,
00272828,
00272828,
00272828,
00262828,
00262828,
00262827,
00272828,
00262827,
00262827,
00262827,
00262828,
00272828,
00272828,
00272828,
00272828,
00282929,
00282929,
00282929,
00282929,
00282929,
00282929,
00272928,
00282929,
00272928,
00272828,
00272828,
00272828,
00272828,
00262828,
00272828,
00272828,
00272828,
00272829,
00262728,
00252628,
00232427,
001e1e26,
000f142a,
000e122b,
000c112b,
000d122d,
000c112d,
000f112c,
000f0d1c,
001d1a2e,
001f232d,
00191b2d,
0015232f,
000f192d,
00080f29,
000c142b,
000d142d,
000c132c,
000c132c,
000d142d,
000d142e,
000e162a,
00171c31,
0010102a,
0010122e,
000d0f2e,
000b0f2e,
000e1031,
000e0f30,
000c0f2f,
000b1124,
002c2c2d,
002b2d2d,
002d2d2d,
002e2e2e,
002e2e2e,
002f2f2f,
002f2f2f,
002f2f2e,
002e2f2e,
002f2f2f,
002f2f2f,
002f302f,
0030302f,
0030302f,
0030302f,
0030302f,
00313130,
0030302f,
00313130,
00313130,
00313130,
0031302f,
00313130,
00333130,
00363535,
003d3f3f,
003e3f3f,
003f3e3f,
00211516,
003f3f3f,
003f3f3f,
00403f3e,
00373431,
00322f2d,
002d2c2a,
002c2a29,
002a2927,
00292827,
00282626,
00272625,
00272625,
00292626,
000f080a,
0008070a,
000a090d,
0009080b,
00070606,
00070506,
00070606,
00050505,
00040303,
00030303,
00030303,
00020202,
00020202,
00030303,
00030202,
00020202,
00020202,
00070505,
00070606,
00080707,
0014100f,
001e1c1a,
001d1d1a,
000a0a0a,
000e0c0d,
000d0d0d,
00090708,
000e0b0c,
00110e0d,
000f0d0c,
000d0b0a,
000d0b0b,
000f0c0c,
001e191b,
001f1d1d,
001f1e1d,
001c1e1b,
001b1414,
001f1f1f,
00222120,
00242222,
00262524,
002d2827,
00393231,
003e3f3e,
001c0f0e,
003f3d3d,
003f3f3f,
003f3f3f,
003f3f3e,
002e322e,
002e2d2b,
002e2e2c,
002e2d2c,
002f2e2d,
002f2e2d,
002f2e2d,
002e2e2e,
002e2e2d,
002e2e2d,
002f2e2d,
002e2e2d,
002e2e2d,
002f2e2d,
002e2e2d,
002e2e2d,
002d2d2c,
002d2d2c,
002c2d2c,
002c2d2c,
002c2c2b,
002c2d2c,
002c2c2b,
002c2c2b,
002b2c2b,
002b2c2b,
002b2b2a,
002b2b2a,
002b2b2a,
002a2b2a,
00292a2a,
0029292a,
00272928,
00232727,
001c2424,
000c1719,
00091419,
0009151b,
0009161c,
0009171d,
000a171d,
0009181d,
0009181d,
0007161b,
0007151b,
0009171d,
0006151a,
00182529,
00152225,
000c1a1e,
00101f23,
0008151a,
0009151b,
00091318,
00081216,
00091116,
000a1015,
00091117,
0012191f,
0011161c,
00191e24,
00202c30,
0019272b,
000c181d,
00182529,
000a161b,
000f1419,
00263538,
0008171d,
001e2121,
00242525,
00262727,
00262827,
00272828,
00272928,
00272828,
00272828,
00272828,
00282929,
00282929,
00282929,
00272928,
00272828,
00272828,
00272828,
00272828,
00262828,
00272828,
00262828,
00272828,
00282828,
00272828,
00282929,
00272928,
00272828,
00272928,
00272828,
00272828,
00272828,
00272828,
00272828,
00272828,
00272828,
00272828,
00272828,
00272828,
00272828,
00272828,
00272828,
00272828,
00272828,
00282929,
00282929,
00282929,
00282929,
00282929,
00282929,
00282929,
00282929,
00282929,
00282929,
00282929,
00272928,
00272928,
00272928,
00282929,
00272929,
00272928,
00282929,
00272928,
00272829,
00262728,
00262729,
00242528,
00202026,
0011152a,
000d122b,
000c112c,
000d112e,
000c122d,
000c122b,
0010132a,
0012162d,
00282b34,
0015142c,
000d152b,
000c132b,
000e142d,
000c142c,
000a1229,
000b122a,
000c1229,
00131831,
00181d32,
0010122c,
000f112f,
000e112e,
000e1031,
000d1233,
000c1130,
000d1031,
000b0f2d,
000b1222,
0021272b,
002b2c2d,
002c2d2d,
002e2e2e,
002e2e2e,
002e2e2e,
002f2f2f,
002f2f2f,
002f2f2f,
002f302e,
002f2f2f,
002f302f,
002f302f,
002f2f2f,
002f2f2e,
0030302f,
0030302f,
00303130,
00303130,
00313130,
00313130,
00323130,
0031302f,
002f2e2d,
00282727,
003f3f3f,
003f3f3f,
003e3f3f,
00241014,
00302c2d,
003d3f3f,
003e3f3f,
003b3736,
0033302e,
002e2c2a,
002d2b29,
002b2928,
00292727,
00282626,
00282626,
00272625,
00272525,
00150d11,
00070709,
000a080b,
0009090c,
0008070a,
00060606,
00060505,
00040303,
00040404,
00040303,
00020202,
00030303,
00030303,
00020202,
00030303,
00030202,
00020202,
00020202,
00080606,
00080606,
00080607,
001e1a19,
001f1c1a,
001e1d1a,
00141612,
000f0d0d,
000e0d0e,
000a0707,
000d0b0b,
00110e0d,
00100d0c,
000e0c0b,
000e0b0b,
000e0d0d,
00090409,
00201e1e,
00201e1e,
001e1e1d,
000f0d0b,
001f1919,
00222120,
00232121,
00242322,
00282525,
00302b29,
003e3a3a,
0030302e,
001f0506,
003d3f3e,
003d3f3f,
003f3f3f,
003c3f3d,
002a2c29,
002c2c2c,
002e2d2b,
002f2e2c,
002e2f2c,
002f2e2d,
002e2e2d,
002e2e2d,
002f2e2d,
002e2e2d,
002e2e2d,
002e2e2d,
002e2e2d,
002d2e2d,
002d2e2d,
002e2e2d,
002d2e2d,
002d2d2c,
002d2d2c,
002d2d2c,
002c2d2b,
002b2c2b,
002c2c2b,
002c2c2b,
002c2c2b,
002b2b2a,
002b2b2a,
002b2b2a,
002b2b2b,
00292b2a,
00292a2a,
00282a29,
00282929,
00262928,
00232828,
001b2324,
00121c1e,
00091519,
000d191f,
000d1c20,
000e1e20,
00132528,
0008191c,
00132325,
00253438,
00152326,
00192529,
00162124,
00081419,
00132325,
00091b20,
00091a1f,
000a171d,
000d181d,
00061218,
0008151b,
00071218,
000a1218,
000a1117,
00090f15,
0013181d,
002b3639,
00213033,
00182428,
000f1b21,
000c161a,
002b3438,
000b1c21,
001f2221,
00242625,
00272727,
00272828,
00282929,
00272928,
00272928,
00272928,
00282929,
00272928,
00272928,
00272928,
00272928,
00272828,
00282928,
00282929,
00282929,
00272828,
00272928,
00272928,
00282929,
00282929,
00282929,
00272928,
00282929,
00272928,
00282929,
00282929,
00272928,
00282929,
00272828,
00272928,
00282929,
00282929,
00282929,
00282929,
00282929,
00282929,
00272928,
00282929,
00282929,
00282929,
00272928,
00282929,
00272928,
00272928,
00282929,
00272928,
00282929,
00282929,
00282929,
00282929,
00282929,
00282929,
00282929,
00282929,
00292929,
00282929,
00282929,
00282929,
00282929,
00282829,
00272829,
00262729,
00262628,
00232228,
00101429,
000f132a,
000c112d,
000d112d,
000d122e,
0012162f,
0010142c,
0010142b,
00252333,
0011142c,
000d132c,
000d132c,
00101729,
00242737,
0013142d,
000d102a,
000d0f2a,
0010122e,
000f0f30,
000b0c2c,
000b1130,
000e1431,
000d1131,
000c0e2d,
0010142b,
000b0f31,
001b222e,
0024262b,
00292b2b,
002c2e2d,
002e2e2e,
002e2e2e,
002e2e2e,
002f2f2f,
002f2f2f,
002f2f2f,
002f2f2f,
002f2f2e,
0030302f,
002f302f,
002f2f2e,
0030302f,
0030302f,
0030312f,
0030302f,
00303130,
00313130,
00313130,
0031302f,
0032302f,
00323030,
00292828,
003e3f3f,
003f3f3f,
003e3f3f,
003d2c2e,
00120c0c,
003f3f3f,
003f3f3e,
003f3c3a,
00363230,
00302d2c,
002c2b29,
002b2928,
002a2827,
00282726,
00282725,
00272625,
00272625,
00251f22,
000a080a,
0007070a,
0008070a,
0009090c,
00070608,
00070505,
00040303,
00040303,
00040303,
00030303,
00030203,
00040203,
00030202,
00030303,
00030303,
00040203,
00030202,
00020303,
00070505,
00070606,
00080607,
00201a19,
00221c1b,
001f1c1a,
001c1c1a,
000a0b0a,
000d0d0d,
000a0708,
000d0b0b,
00100e0d,
00100d0d,
000f0c0b,
000e0b0b,
000f0e0e,
0007040a,
00181417,
00201e1e,
00201e1e,
001c1e1c,
000b0606,
00211e1e,
0023201f,
00242221,
00262423,
002a2725,
00362f2e,
00403f3e,
00110e0c,
003c282a,
003f3f3f,
003e403f,
003e3e3d,
00373d39,
002a2927,
002d2b2b,
002e2d2c,
002f2e2c,
002f2e2d,
002e2e2d,
002f2e2d,
002f2e2d,
002e2e2d,
002e2e2d,
002e2e2d,
002e2e2d,
002e2e2d,
002e2e2d,
002e2e2d,
002d2e2d,
002d2d2c,
002d2d2c,
002d2d2c,
002d2d2c,
002c2c2b,
002c2c2b,
002c2c2b,
002b2c2b,
002c2c2b,
002b2b2a,
002b2b2a,
002b2b2b,
002a2b2b,
00292a2a,
00292a2a,
00292a2a,
00282929,
00272929,
00262929,
00222727,
001d2324,
00151e1f,
000e171a,
00141f22,
00232f31,
00182427,
001c292c,
00222f32,
001b272a,
00152224,
00162426,
00071217,
000b181b,
000e1e21,
00091a1f,
000a191e,
000b181d,
000b1a20,
000b1c23,
00091a20,
00061419,
00061217,
00091318,
000b1218,
0013191f,
001c262a,
001c292d,
00142327,
000d171c,
0012191e,
0017262a,
001d2021,
00252626,
00272828,
00272928,
00282929,
00282929,
00282929,
00282929,
00282929,
00282929,
00272928,
00282929,
00282929,
00282929,
00282929,
00282929,
00272828,
00272928,
00272928,
00272928,
00282929,
00282929,
00282929,
00282929,
00282929,
00282929,
00282929,
00282929,
00282929,
00282929,
00272828,
00282929,
00282929,
00282929,
00282929,
00282929,
00282929,
00282929,
00282929,
00282929,
00282929,
00282929,
00282929,
00272928,
00282929,
00282929,
00282929,
00282a29,
00282929,
00282929,
00282929,
00282a29,
00282a29,
00282a29,
00282a29,
00292929,
00282929,
00282929,
00282a29,
00282a29,
00282929,
0028292a,
00272829,
00272729,
00262629,
00232327,
00111529,
0010142a,
000c122c,
000c112c,
000d122c,
000e112b,
000d112b,
001f2136,
0018182b,
000f142d,
000c1329,
001c1f33,
00131229,
0010122d,
000e112e,
000f112f,
000e0f2e,
000b0b2c,
000a0c2a,
000e112c,
000e1427,
00111728,
00131828,
001b232a,
00202330,
000b1124,
0023262c,
00292a2b,
002b2d2d,
002d2e2e,
002e2e2e,
002e2e2e,
002e2e2e,
002f2f2f,
002f2f2f,
002f2f2f,
0030302f,
0030302f,
0030302f,
0030302f,
0030302f,
00303130,
0030302f,
0030302f,
0031302f,
00313130,
00313130,
0031302f,
0031302f,
0030302f,
002d2b2a,
003e3f3f,
003f3f3f,
003f3f3f,
003d393a,
00221517,
003f3f3f,
003f3f3f,
00403f3e,
00373331,
00312e2d,
002e2c2a,
002b2a28,
002a2827,
00292726,
00282726,
00272525,
00272625,
00252424,
00130a0e,
000b0b0f,
0007070a,
0009080c,
0009090d,
00070507,
00050403,
00040303,
00030303,
00030202,
00090808,
00040203,
00030202,
00020202,
00030202,
00030303,
00030202,
00030202,
00020202,
00070506,
00070606,
00090606,
000c0908,
00090103,
00211b1b,
001f1c1b,
000c0d0b,
000d0d0d,
000a0808,
000d0a0a,
00100d0d,
00110e0d,
000f0c0c,
000f0c0b,
00100e0d,
0006050b,
000e0d12,
00211c1d,
001f1e1e,
001f1e1e,
00191b18,
001c1616,
00221e1e,
00232120,
00242222,
00272424,
002e2927,
00383130,
003f3f3e,
001a0e0c,
003b2e31,
003d3f3f,
003e3f3f,
003f3f3f,
00333935,
00282726,
002e2d2c,
002f2e2d,
002f2e2d,
002f2e2d,
002f2e2d,
002f2e2d,
002e2e2d,
002e2e2d,
002f2e2d,
002f2e2d,
002d2e2d,
002e2f2d,
002e2e2d,
002d2e2d,
002e2e2d,
002e2e2d,
002d2d2c,
002c2d2c,
002c2d2c,
002d2d2c,
002c2c2b,
002c2c2b,
002c2c2b,
002b2b2a,
002c2c2b,
002b2c2b,
002b2b2b,
002a2b2b,
002a2b2b,
00292a2a,
00292a2a,
00292a2a,
00282a29,
00272929,
00262929,
00242827,
001f2425,
001a2022,
00141b1e,
000e161a,
001c262a,
001b2629,
001a2528,
00132124,
00172527,
000a181d,
000f1b21,
00121d21,
00142226,
00122225,
000b1c21,
000a191e,
000b1b21,
000a191e,
000f1c21,
00122226,
00122024,
00071419,
000e161d,
0010191f,
00273438,
0027363a,
000f1d22,
000d171c,
002b363a,
001c2021,
00252626,
00272828,
00282929,
00282929,
00292a29,
00292a29,
00292a29,
00292a29,
00282929,
00282929,
00282929,
00282a29,
00282929,
00282929,
00282929,
00282929,
00282929,
00282929,
00282929,
00282929,
00282929,
00282929,
00282a29,
00282929,
00282929,
00282929,
00282929,
00282929,
00282929,
00282929,
00282929,
00272929,
00282929,
00272929,
00282929,
00282a29,
00282929,
00282929,
00282929,
00282929,
00282929,
00282929,
00282929,
00282929,
00282a29,
00282a2a,
00282a29,
00292a2a,
00292a2a,
00292a2a,
002a2a2a,
002a2a2a,
002a2a2a,
00292a2a,
00292a2a,
00292a2a,
00292a2a,
002a2a2a,
002a2a2a,
00292929,
0029292a,
0028292a,
0027282a,
00252629,
00242327,
00121529,
0011142a,
000d122c,
000c122b,
0011152e,
000e112b,
000f142b,
001a1b2b,
0011142e,
00141a2f,
0011132d,
0011132e,
000f122e,
000e1130,
000c0e2d,
000d0d2e,
000b0d2a,
00151730,
0013112d,
000d0d21,
001f2027,
001f2027,
001e1f28,
0023242a,
0025272b,
0022262b,
00292b2d,
002c2d2d,
002c2e2e,
002d2e2e,
002e2e2e,
002f2f2f,
002f2f2f,
002f2f2f,
002f2f2f,
00303030,
0030302f,
002f302f,
0030302f,
0030302f,
0030302f,
002f302f,
0030302f,
002f302f,
0030312f,
00313130,
00323130,
00313130,
0031302f,
00332f2e,
003a3939,
003f3f3f,
003e3f3f,
003f3f3f,
001e1112,
003b3b3b,
003f3f3f,
003f3f3e,
003a3634,
00332f2d,
002f2c2a,
002b2a29,
002a2827,
00292726,
00282726,
00282625,
00262625,
00272524,
00221b1f,
0006070b,
000a0b11,
0007070b,
0009090c,
0009080c,
00060505,
00050404,
00040203,
00030303,
00020202,
00060505,
00040202,
00030202,
00030202,
00020202,
00020202,
00030202,
00020202,
00020202,
00060404,
00070506,
00080505,
00040504,
00060404,
000a0102,
00211b1c,
001a1c1a,
000c0c0c,
00090808,
000d0b0a,
00100d0c,
00120e0d,
00100d0c,
00100d0c,
000f0e0d,
0005040a,
000b0e12,
00110d12,
00201d1d,
001f1e1d,
001e1e1d,
000b0706,
00201c1c,
0022201f,
00232121,
00242222,
00282524,
00302b2a,
003c3737,
00373735,
002b1415,
003f3f3f,
003d3f3f,
003f3f3f,
003d3f3e,
00333935,
002a2a29,
002e2d2c,
002f2e2d,
002f2e2d,
002f2e2d,
002f2e2d,
002f2e2d,
002f2e2d,
00302e2d,
002f2e2d,
002f2e2d,
002f2f2e,
002e2e2d,
002e2e2d,
002e2e2d,
002e2e2d,
002e2e2d,
002e2e2d,
002d2d2c,
002d2d2c,
002c2d2c,
002c2c2b,
002c2c2b,
002c2c2b,
002c2c2b,
002b2b2a,
002b2b2b,
002b2b2b,
002b2b2b,
002a2b2a,
002a2b2b,
00292a2a,
00292a2a,
00292a2a,
00292a29,
00282929,
00272829,
00252828,
00222726,
001f2424,
001b2122,
0010191b,
000f191c,
00152024,
001f2a2d,
001a262b,
000d191e,
000f191d,
00131d21,
001b282b,
00182729,
00102023,
0005151a,
000b1a20,
000b1a20,
000c191f,
000c191f,
00051217,
000d1a1f,
00172126,
002a3539,
00323e3f,
000d1a1f,
00192529,
00172024,
001c2022,
00252626,
00272828,
00282929,
00282a29,
00292a29,
00292a29,
002a2a29,
00292a29,
00292929,
00292a2a,
00292a2a,
00292a2a,
00292a28,
00292a29,
00292a2a,
00292a2a,
00292a2a,
00282a29,
00292a2a,
00292a2a,
00292a2a,
00292a2a,
00282a29,
00282929,
00282a29,
00282929,
00282929,
00282929,
00282929,
00282929,
00282929,
00282929,
00282929,
00282929,
00282a29,
00282a29,
00282a29,
00292a2a,
00292a2a,
00292a2a,
00292a2a,
00292a2a,
00282a29,
00292a2a,
00292a2a,
00292a2a,
00282a29,
00292a2a,
002a2a2a,
002a2a2a,
002a2a2a,
00292a2a,
002a2a2a,
00292a2a,
00292a2a,
00292a2a,
00292a2a,
002a2a2a,
00292a2a,
002a2a2a,
0029292a,
0028292a,
0028282a,
0027272a,
00242429,
00131429,
0011142a,
000d122c,
000d122c,
000d122c,
00181e32,
0010152b,
0015152d,
0011152e,
000f122e,
000e102e,
000d0f2e,
000d0e2f,
000e1130,
000c102c,
000f1328,
000d0f20,
00121524,
00121825,
000b0e16,
000a0a10,
00212025,
0022232a,
0026272c,
0025252b,
00292a2d,
002b2c2e,
002d2d2e,
002d2e2e,
002e2e2e,
002e2e2e,
002f2f2f,
002f2f2f,
002f2f2f,
00303030,
00303030,
00303030,
0030302f,
0030302f,
0030302f,
0030302f,
002f302f,
0030302f,
0031302f,
0031302f,
0031302f,
00323130,
00313130,
00333130,
00282726,
003e3f3f,
003f3f3f,
003e3f3e,
00241719,
00191616,
003f3f3f,
003f403f,
003d3938,
0035312f,
002f2d2b,
002c2a29,
002a2927,
00292726,
00282726,
00282625,
00272625,
00262524,
00262224,
000f0c11,
000f1217,
000b0c12,
0008080d,
0009090e,
0009080c,
00050304,
00040303,
00030203,
00020202,
00020202,
00030202,
00030202,
00030202,
00030202,
00020202,
00020202,
00020202,
00020202,
00020202,
00050303,
00060505,
000e0708,
00070503,
00060505,
00050404,
00080001,
00201d1c,
000d0d0c,
000b0a0a,
000d0b0a,
000e0b0b,
00120e0d,
00110e0e,
0010090b,
00100f0e,
0005040b,
000c0e13,
000c0e13,
00181318,
001f1e1d,
001f1d1d,
001d1e1d,
00191112,
00211f1e,
0022201f,
00232221,
00262323,
00292625,
00332d2b,
003f3e3d,
00191815,
0033181a,
003d3e3e,
003f3f3f,
003f3f3f,
003c3f3d,
00303430,
002c2a29,
002d2d2c,
002f2e2e,
00302e2d,
002f2e2d,
002f2e2d,
002f2e2d,
002f2e2d,
002f2e2d,
002f2e2d,
002f2e2d,
002e2e2d,
002d2e2d,
002e2e2d,
002f2e2d,
002e2e2d,
002e2e2d,
002e2d2c,
002d2d2c,
002c2d2c,
002d2d2c,
002c2d2c,
002b2c2b,
002b2c2b,
002b2c2b,
002a2b2b,
002b2b2b,
002b2b2b,
002b2b2a,
002a2a2a,
00292b2a,
00292b2a,
002a2a2a,
00292a2a,
00292a2a,
00282929,
00282929,
00272829,
00272828,
00262828,
00222727,
001d2424,
001c2322,
00121819,
0010181b,
001d282b,
000e191e,
000e181d,
000f171b,
000f1b1f,
00101e21,
000d1c1e,
00102023,
000e1d21,
000a1a1e,
000d1b21,
000c1a20,
000c1a20,
000c171d,
000f161b,
00060b0f,
000b161b,
000f1a1f,
000e191f,
001c1e20,
00252626,
00272828,
00282929,
00292a2a,
002a2a2a,
002a2a2a,
002a2a2a,
002a2a2a,
002a2a2a,
002a2a2a,
00292a2a,
002a2a2a,
002a2a29,
00292a29,
00292a2a,
00292a2a,
002a2a2a,
002a2a2a,
00292a29,
002a2a2a,
002a2a2a,
002a2a2a,
00292929,
00282a29,
00292a2a,
00282929,
00292a2a,
00292a2a,
00292a2a,
002a2a2a,
00292a29,
00292929,
002a2a29,
002a2929,
002a2a2a,
002a2a2a,
002a2a2a,
002a2a2a,
00292a2a,
002a2a2a,
002a2a2a,
002a2a2a,
002a2a2a,
002a2a2a,
00292a2a,
00292a2a,
002a2a2a,
00292a2a,
002a2a2a,
002a2a2a,
00292a2a,
00282a2a,
002a2a2a,
00292a2a,
00292a2a,
00292a2a,
00292a2a,
00292b2a,
00292b2a,
00292a2a,
00292a2b,
0029292a,
0029282a,
00272729,
00242527,
00141527,
0011142a,
000e142c,
000d132d,
000f152e,
0013172c,
0012122f,
000d0c2d,
000d0e2e,
000d1030,
000e1031,
000c0e2d,
000d122a,
00121a29,
001d222a,
001f2228,
00212328,
00232529,
0025252a,
0025262b,
0025272b,
0026272b,
0028282c,
0029292d,
002b2b2e,
002c2c2e,
002d2d2e,
002e2d2e,
002e2e2e,
002e2e2e,
002e2e2e,
002f2f2f,
002f2f2f,
002f2f2f,
00303030,
00303030,
00303030,
00303030,
0030302f,
0030312f,
0030302f,
0030302f,
00313030,
0031302f,
0031302f,
0031302f,
0031302f,
00343131,
00252323,
003f3f3f,
00403f3f,
003f3f3f,
00352c2d,
00141111,
003f3f3f,
00403f3f,
00403e3c,
00373230,
00302c2b,
002d2a28,
002b2928,
002a2827,
00282626,
00282625,
00262625,
00272525,
00282425,
001c181d,
0005090c,
000e141b,
000c0c12,
0008090c,
000b0a0e,
00080609,
00030304,
00020303,
00040404,
00040303,
00030202,
00020202,
00020202,
00020202,
00020202,
00020202,
00020202,
00020202,
00020202,
00030303,
00040303,
00080506,
00130f0e,
00060503,
00070504,
00060505,
00060404,
00080303,
000e0e0e,
000c0b0b,
000d0b0a,
000d0b0a,
00120d0c,
00130f0d,
00302b2c,
00151514,
0005040b,
000c0f14,
000d0f14,
000e0e12,
001f1a1c,
001d1d1d,
001c1e1c,
000a0606,
00211d1c,
00201f1e,
00222020,
00242221,
00272423,
002c2826,
0037312f,
003f3f3e,
00130d0c,
00362426,
003f3f3f,
003f3f3f,
003f3f3e,
00353b38,
002c2e2c,
002d2a29,
002e2e2d,
002f2e2d,
002f2e2d,
002f2e2d,
002f2e2d,
002f2e2d,
002f2e2d,
002f2e2d,
002e2e2d,
002f2e2d,
002f2e2d,
002e2e2d,
002f2e2d,
002f2e2d,
002e2e2d,
002e2e2d,
002e2e2d,
002d2d2c,
002d2e2d,
002d2d2c,
002e2d2c,
002e2d2c,
002c2c2c,
002b2c2b,
002b2b2b,
002b2b2b,
002b2b2b,
002b2b2b,
002a2b2b,
002a2b2b,
002a2a2a,
002a2a2a,
002a2a2a,
002a2a2a,
00292a2a,
00292a29,
00292929,
00292929,
00272928,
00282828,
00262828,
00242828,
00232828,
00212827,
001a2122,
000a1517,
000b1619,
000c171b,
00182427,
00152225,
001d2a2d,
001e2c2e,
00071619,
00142426,
0018282a,
00081719,
00051316,
000e1f21,
00122224,
00061417,
00021013,
0009161b,
001c1f21,
00242626,
00282828,
00292929,
00292a2a,
002a2a2a,
002a2a2a,
002a2a2a,
002a2a2a,
002a2a2a,
002a2a2a,
00292a2a,
002a2a2a,
002b2a2b,
00292929,
002a2a2a,
002a2a2a,
002b2a2b,
002a2a2a,
002a2a2a,
002a2a2a,
002a2a2a,
002a2a2a,
002a2a2a,
00292a2a,
002a2a2a,
00292a2a,
002a2a2a,
002a2a2a,
002a2a2a,
002a2a2a,
00292a29,
002a2a29,
00292a29,
002a2a2a,
002a2a2a,
002a2a2a,
002b2a2a,
002a2a2a,
00292a2a,
00292a2a,
002a2a2a,
002a2a2a,
002a2a2a,
002a2a2a,
00292b2a,
00292a2a,
002a2a2a,
00292a2a,
002a2a2a,
00292a2a,
00292a2a,
002a2a2a,
002a2a2a,
002a2a2a,
002a2a2a,
002a2a2a,
002a2a2a,
002a2b2b,
002a2b2b,
002a2a2a,
002a2a2b,
0029292a,
0028282a,
0027272a,
00232426,
00131628,
0010142b,
0010142f,
000e102f,
00101331,
000a0b2a,
000f1032,
000e1233,
000d1031,
000a0e2c,
000e132b,
00161d29,
001e2327,
00222328,
00242528,
0024252a,
0026262a,
0026262a,
0027272c,
0028282c,
0029292d,
0029292d,
002a2a2d,
002b2b2f,
002c2c2e,
002d2c2e,
002d2d2e,
002e2e2e,
002e2e2e,
002f2f2f,
002f2f2f,
002f2f2f,
002f2f2f,
002f2f2f,
00303030,
00313030,
00313030,
00313030,
00313130,
0031302f,
0031302f,
0031312f,
00313030,
0031302f,
0031302f,
0030302f,
0031302f,
00252221,
003e3e3e,
003e3f3f,
003e3f3f,
003f3d3e,
00241616,
003e3f3f,
003e3f3f,
003f3f3e,
00383331,
00322e2c,
002c2a28,
002b2927,
00292826,
00282626,
00282625,
00272525,
00272524,
00272524,
00201f1f,
000a080e,
0015181b,
000f131a,
0007070b,
0008090d,
000a090e,
00070608,
00040404,
00050505,
00060505,
00050505,
00030202,
00030202,
00020202,
00030303,
00020202,
00020202,
00020202,
00030303,
00020202,
00020202,
00060606,
00050202,
001b1817,
00060505,
00060505,
00070505,
00060505,
00050404,
00050304,
000b0b0a,
000c0a09,
000d0b0a,
00100b0b,
00140e0e,
00333131,
00242423,
0008060e,
000a0a11,
000e0f14,
000c0f13,
00100d11,
001f1b1c,
001f1d1d,
001d1e1d,
00171212,
001f1d1d,
0021201f,
00232120,
00242222,
00272424,
002e2928,
00373332,
003d3f3c,
00230f0f,
003f3b3c,
003f3f3f,
003f3f3f,
003e3f3e,
00323935,
00292b28,
002e2b2a,
00302e2e,
002f2e2d,
002f2e2d,
002f2e2d,
002f2e2d,
002f2e2d,
002f2e2d,
002f2e2d,
002f2e2d,
002f2e2d,
002f2f2e,
002f2e2d,
002f2f2e,
002f2e2d,
002f2e2d,
002e2e2d,
002e2e2d,
002e2e2d,
002d2d2c,
002e2d2c,
002d2d2c,
002c2d2c,
002c2d2b,
002c2c2c,
002b2b2b,
002b2b2b,
002b2b2b,
002b2b2b,
002b2b2b,
002b2b2b,
002a2a2a,
002b2b2b,
002a2a2a,
002a2a2a,
002a2a2a,
002a2a2a,
002a2a2a,
002a2a2a,
00292a2a,
00282929,
00282929,
00292a2a,
00292a2a,
00272929,
00242828,
001a2223,
00192223,
00192426,
00152124,
001a2528,
001f2c2f,
000f1c1e,
00182528,
00212d30,
00122023,
00142124,
00202e31,
00222f32,
00152426,
001c2528,
00212a2e,
001d2021,
00252626,
00282929,
002a2a2a,
002a2a2a,
002a2a2a,
002a2a2a,
002a2a2a,
002a2a2a,
002a2a2a,
002a2a2a,
002a2a2a,
002a2a2a,
002a2a2a,
002a2a2a,
002a2a2a,
002a2a2a,
002a2a2a,
002a2a2a,
002a2a2a,
002a2a2a,
002a2a2a,
002a2a2a,
002a2a2a,
002a2a2a,
002a2a2a,
002a2a2a,
002a2a2a,
002a2a2a,
002a2a2a,
002a2a2a,
002a2a2a,
002a2a2a,
002a2a2a,
002a2a2a,
002a2a2a,
002a2a2a,
002a2a2a,
00292a2a,
002a2a2a,
00292a2a,
002a2a2a,
002a2a2a,
002a2a2a,
002a2a2a,
002a2b2a,
002a2a2a,
002a2a2a,
002a2b2b,
002a2a2a,
002b2b2b,
002b2b2b,
002b2b2b,
002b2b2b,
002a2a2a,
002a2a2a,
002a2a2a,
002b2b2b,
002a2a2a,
002b2b2b,
002b2b2b,
002a2a2b,
00292a2b,
0028282a,
00272729,
00232427,
00141527,
0010142b,
000c0d2e,
000c0e2e,
000f1132,
000e1130,
000a0e2d,
00090c28,
00111728,
00191d29,
001f2128,
00222429,
0025252a,
0026272b,
0027272b,
0027272a,
0028282b,
0028282b,
002a2a2d,
002a2a2e,
002a2b2e,
002b2b2e,
002c2b2e,
002c2b2e,
002d2c2f,
002d2d2e,
002d2d2e,
002e2e2e,
002e2e2e,
002e2e2e,
002f2f2f,
002f2f2f,
002f2f2f,
002f2f2f,
00303030,
00313030,
00323130,
00323130,
00323130,
0031302f,
00323030,
0031302f,
0031302f,
0031302f,
0031302f,
00312f2f,
00272423,
00373736,
003f3f3f,
003e3f3f,
003f3e3e,
00281518,
00343434,
003f3f3f,
003e3f3e,
003c3735,
00342f2e,
00251f1d,
00292423,
002b2827,
00272525,
00272525,
00272525,
00272524,
00272524,
00242223,
001d1b20,
00101113,
001a1d1f,
0016151e,
00070507,
0009080d,
000a090f,
00060506,
00050404,
00070506,
00070606,
00070506,
00040203,
00030202,
00020202,
00020202,
00030303,
00030303,
00020202,
00020202,
00020202,
00020202,
00070505,
00050303,
001d1918,
00060504,
00060405,
00050404,
00050404,
00060405,
00060404,
00111212,
000a0a09,
000d0b0a,
000e0b0b,
00120d0c,
00221c1b,
001e1f1f,
000b0912,
000a0810,
000e0e14,
000d1014,
000d0e13,
00161014,
001e1c1c,
001e1d1b,
000a0908,
001f1b1b,
00201e1d,
0022201f,
00232221,
00252322,
00272524,
00322c2b,
003d3939,
002e2e2d,
00270b0e,
003f3d3e,
003e3f40,
003f3f3f,
003d3f3e,
00323934,
00272726,
002e2b2b,
002f2e2d,
002f2e2d,
002f2e2d,
002f2e2d,
002f2e2d,
002f2e2d,
002f2e2d,
002f2e2d,
002f2e2d,
002f2f2e,
00302f2e,
002f2f2e,
002f2e2d,
002f2e2d,
002f2e2d,
002f2e2d,
002e2e2d,
002e2e2d,
002e2d2c,
002e2d2c,
002d2d2c,
002e2d2c,
002c2c2c,
002c2c2c,
002b2c2b,
002b2b2b,
002b2b2b,
002b2b2b,
002b2b2b,
002b2b2b,
002b2b2b,
002b2b2b,
002b2b2b,
002b2b2b,
002b2b2b,
002a2a2a,
002a2a2a,
002b2a2a,
002a2a2a,
002a2a2a,
002a2a2a,
002b2b2b,
002a2a2a,
00292a29,
00282929,
00262828,
00222727,
001c2324,
00161d1e,
0011171a,
000f171a,
00222a2e,
00283336,
001e2a2d,
00192529,
001d292c,
001b272a,
001d272b,
001e2123,
001b1e21,
00212323,
00272727,
00282828,
002a2a2a,
002a2a2a,
002a2a2a,
002a2a2a,
002a2b2a,
002a2a2a,
002a2a2a,
002a2a2a,
002a2a2a,
002a2a2a,
002a2a2a,
002a2a2a,
002a2a2a,
002a2a2a,
002a2a2a,
002a2a2a,
002a2a2a,
002a2a2a,
002b2b2b,
002a2a2a,
002a2a2a,
002a2a2a,
002a2a2a,
002a2a2a,
002a2a2a,
002a2a2a,
00292a2a,
002a2a2a,
002a2a2a,
002b2a2a,
00292a2a,
002a2a2a,
002a2a2a,
002a2a2a,
002a2a2a,
002a2a2a,
002a2a2a,
00292b2a,
002a2a2a,
002b2b2b,
002a2a2a,
002b2b2b,
002b2b2b,
002b2b2b,
002a2a2a,
002b2b2b,
002b2b2b,
002b2b2b,
002b2b2b,
002b2b2b,
002a2b2b,
002a2a2a,
002b2b2b,
002b2b2b,
002b2b2b,
002a2a2a,
002b2b2b,
002b2b2b,
002a2a2b,
002a2a2b,
0028292b,
0028282a,
00252426,
00171725,
0010132f,
000c0c2e,
000c0e2f,
000c112a,
00151c2b,
00171d29,
001c2027,
00202328,
0023252a,
0025262c,
0027282c,
0028292b,
0028292c,
0029282c,
0029292c,
0029292c,
002b2b2e,
002b2b2e,
002c2b2e,
002c2b2e,
002d2c2f,
002c2c2e,
002d2c2e,
002d2c2e,
002d2d2e,
002e2e2e,
002e2e2e,
002f2f2f,
002f2f2f,
002f2f2f,
002f2f2f,
002f2f2f,
00303030,
00313130,
00313130,
00313130,
00313030,
00313030,
0031302f,
0032302f,
0032302f,
0032302f,
00313130,
0030302f,
002a2626,
002b2a2a,
003e3f3e,
003f3f3f,
003f3f3f,
00211012,
00140f10,
003e3e3e,
003e3f3f,
003d3939,
00352e2d,
00180709,
00201715,
00262321,
001c1716,
001a1213,
00272523,
00272524,
00262524,
00282525,
001c191d,
00050607,
001b1e20,
001d1d21,
00120f14,
00070708,
0008080c,
0008080d,
00050406,
00060405,
00070506,
00070606,
00080607,
00040303,
00030202,
00020202,
00020202,
00030303,
00020202,
00020202,
00020202,
00030303,
00030303,
00070505,
00060405,
001c1414,
00040503,
00060405,
00050405,
00040303,
00040303,
00060404,
00080707,
000a110e,
000d0b0a,
000f0c0b,
00130d0d,
00261f1f,
00040406,
000a0810,
000a0810,
000c0c12,
000d1015,
000d0d14,
000e0c12,
001d191b,
001f1d1c,
001b1d1b,
00140e0f,
001f1d1d,
00221e1e,
00232120,
00232221,
00252322,
002a2525,
00342c2b,
003f3f3e,
001b1917,
00361d1f,
003e3e3f,
003d3f3f,
003d3f3f,
003d3f3e,
00323935,
00262624,
00302e2d,
002f2e2d,
002f2e2d,
002f2e2d,
00302e2d,
002f2e2d,
002f2e2d,
00302e2d,
00302e2d,
002f2e2d,
002f2e2d,
002f2f2e,
002f2e2d,
002f2e2d,
002f2e2d,
002f2e2d,
002f2e2d,
002f2e2d,
002f2e2d,
002e2d2c,
002e2d2c,
002e2d2c,
002d2d2b,
002d2d2c,
002c2c2c,
002b2b2b,
002b2b2b,
002b2b2b,
002c2b2b,
002c2b2b,
002c2b2b,
002b2b2b,
002b2b2b,
002b2b2b,
002b2b2b,
002b2b2b,
002b2b2b,
002b2b2b,
002b2b2b,
002b2b2b,
002b2b2b,
002b2b2b,
002b2b2b,
002a2a2a,
002a2a2a,
00292929,
00282828,
00272727,
00252727,
00252828,
00222626,
001e2324,
00161a1c,
0011161a,
001b2226,
00192327,
000f1a1d,
001a2225,
001d1f22,
00191c1e,
00242525,
00272828,
00292929,
002a2a2a,
002a2a2a,
002a2a2a,
002a2a2a,
002a2a2a,
002b2b2b,
002b2b2b,
002a2a2a,
002a2a2a,
002a2a2a,
002a2a2a,
002a2a2a,
002b2a2a,
002a2a2a,
002b2a2b,
002b2a2a,
002b2a2a,
002b2b2b,
002b2b2b,
002b2b2b,
002a2a2a,
002b2a2a,
002b2a2a,
002b2a2a,
002b2a2a,
002b2b2b,
002b2b2b,
002a2a2a,
002a2a2a,
002b2b2b,
002b2b2b,
002b2b2b,
002a2a2a,
002a2a2a,
002b2b2b,
002b2b2b,
002b2b2b,
002b2b2b,
002b2b2b,
002a2a2a,
002b2b2b,
002b2b2b,
002b2b2b,
002b2b2b,
002b2b2b,
002b2b2b,
002b2b2b,
002b2b2b,
002b2b2b,
002b2b2b,
002b2b2b,
002b2b2b,
002a2a2a,
002b2b2b,
002b2b2b,
002b2b2b,
002b2b2b,
002b2b2c,
002b2b2b,
002a2a2b,
0029282a,
0028282a,
00242427,
001d1f25,
000c0d2e,
000b0d2b,
00131a2a,
001d1f27,
00202229,
00212328,
0023252a,
0028282c,
0028292d,
002a292c,
0029292c,
0029292c,
002a292c,
002b2a2c,
002b2a2d,
002b2b2d,
002c2c2e,
002c2c2e,
002c2c2e,
002d2c2e,
002d2c2e,
002e2d2e,
002e2d2e,
002e2d2e,
002f2d2e,
002e2e2e,
002f2f2f,
002f2f2f,
00302f2f,
002f2f2f,
002f2f2f,
00303030,
00303030,
00313030,
00313030,
00323130,
00313030,
0031302f,
0031302f,
0032302f,
0031302f,
0031302f,
00302f2e,
002c2929,
00262525,
003e3f3f,
003e3f3f,
003c3d3d,
00322628,
00171111,
00403f3f,
003f3f3f,
003e3d3c,
0037302f,
00180a0b,
000f0a0b,
00110b0c,
00180f0e,
000f0606,
00040201,
00252422,
00272524,
00272424,
00181114,
00151419,
00181b1d,
001d1d22,
001e1d22,
00070306,
00050506,
0008080c,
0009080c,
00060406,
00060404,
00070506,
00070606,
00050304,
00030203,
00020202,
00020202,
00020202,
00020202,
00020202,
00020202,
00020202,
00020202,
00030303,
00060505,
00070505,
00050201,
00040303,
00050404,
00060405,
00040303,
00030202,
00040303,
00080505,
000d1210,
000c0b0a,
00100c0b,
0014100f,
00171211,
0008060d,
00080610,
00090810,
000b0b12,
000c0e14,
000c0b13,
000c0d13,
000f0b10,
001f1b1d,
001d1d1c,
00120f0e,
00201b1b,
001f1e1d,
00221f1f,
0022201f,
00232221,
00272423,
002c2726,
00352d2e,
003f3f3f,
00150a09,
00352224,
003d3f3f,
003f3f3f,
003f3f3f,
003b3e3c,
00333935,
00272625,
002f2d2c,
002f2e2d,
00302e2d,
00302e2d,
00302e2d,
00302e2d,
00302e2d,
00302e2d,
00302e2d,
00302e2e,
00302e2e,
002f2e2d,
002f2f2e,
002f2e2d,
002f2e2d,
002f2e2d,
002f2e2d,
002f2e2d,
002f2e2d,
002e2e2d,
002e2d2c,
002e2d2c,
002e2c2d,
002d2c2c,
002c2b2b,
002c2c2b,
002c2b2b,
002c2b2b,
002c2b2b,
002c2b2b,
002c2c2c,
002c2c2c,
002c2c2c,
002b2b2b,
002b2b2b,
002c2c2c,
002b2b2b,
002b2b2b,
002d2b2c,
002c2b2b,
002c2c2c,
002c2c2c,
002b2b2b,
002b2b2b,
002a2a2a,
002a2a2a,
00292929,
00292929,
00282828,
00272828,
00272929,
00242727,
00232727,
00202525,
001a2222,
001c2425,
001e2528,
0013171a,
0014191b,
00272728,
00292929,
002a2a2a,
002a2a2a,
002b2b2b,
002a2a2a,
002b2b2b,
002b2b2b,
002b2b2b,
002b2b2b,
002b2b2b,
002b2b2b,
002a2a2a,
002a2a2a,
002a2a2a,
002a2a29,
002b2b2a,
002b2b2b,
002b2a2a,
002b2a2a,
002b2a2a,
002b2b2b,
002c2a2b,
002c2a2b,
002c2b2a,
002c2b2a,
002c2a2b,
002c2a2b,
002b2b2b,
002b2b2b,
002c2a2b,
002c2a2b,
002b2b2b,
002b2b2b,
00292929,
002a2a2a,
002c2b2b,
002b2b2b,
002b2b2b,
002c2b2b,
002c2b2b,
002b2b2b,
002b2b2b,
002c2b2b,
002b2b2b,
002b2b2b,
002b2b2b,
002b2b2b,
002b2b2b,
002b2b2b,
002b2b2b,
002b2b2b,
002b2b2b,
002b2b2b,
002b2b2b,
002b2b2b,
002b2b2b,
002b2b2b,
002c2b2b,
002c2b2b,
002c2b2c,
002c2a2b,
002a2a2b,
002a2a2b,
0028272a,
00262628,
00242329,
0010122d,
001c232d,
00212429,
00232429,
0026272c,
0028292d,
0028292d,
002a2a2d,
002b2a2e,
002b2a2d,
002a2a2d,
002b2a2d,
002b2b2d,
002b2b2d,
002b2b2e,
002c2b2e,
002d2c2e,
002d2c2e,
002d2c2e,
002e2d2e,
002e2c2e,
002e2d2d,
002f2d2e,
002f2d2e,
002f2d2f,
002f2e2e,
002f2f2f,
00302f2f,
00302f2f,
00302f2f,
00302f2f,
0031302f,
0031302f,
00313030,
00313030,
00313030,
00313030,
0031302f,
0032302f,
00312f2f,
00323030,
00312f2f,
002b2928,
002a2827,
003e3f3e,
003e3f3e,
003f3f3f,
003f3c3c,
001d0f11,
003f3e3e,
003f3f3f,
00403f3e,
003b3232,
002e2222,
000e0709,
00090808,
000a0909,
000b0908,
00171616,
00212221,
00252423,
00262423,
00231c1f,
00171216,
00090a0c,
001c1d20,
001d1e22,
00191418,
00060304,
00060507,
0008070c,
0008080c,
00060406,
00050404,
00060505,
00070505,
00040203,
00030202,
00030202,
00020202,
00030303,
00020202,
00020202,
00020202,
00030303,
00030303,
00070605,
00060505,
00080404,
00080806,
00060404,
00060304,
00060505,
00040303,
00030202,
00030202,
00060304,
00080909,
000a0a0a,
000f0c0c,
00110e0d,
00100d0c,
00080610,
00080710,
000c0b12,
000d1014,
000d0d14,
000b0b12,
000b0d13,
000b0c12,
00120a10,
001f1c1d,
001d1c1b,
00120c0c,
001f1c1c,
00211e1e,
00221f1f,
00232020,
00242221,
00282424,
002d2827,
00383131,
003e3f3e,
001e0c0b,
003e3638,
003f3f3f,
003e403f,
003e403e,
003d3f3d,
003c3f3d,
00292826,
002f2d2c,
00302e2d,
00302e2d,
00302e2d,
00302e2d,
00302e2d,
00302e2d,
00302e2d,
00302e2d,
00302e2d,
00302e2d,
00312e2e,
00312e2e,
00302e2d,
002f2e2d,
002f2e2d,
002f2e2d,
002f2e2d,
002f2d2e,
002f2d2d,
002e2d2d,
002e2d2c,
002d2c2c,
002d2b2c,
002d2b2c,
002d2b2c,
002c2b2b,
002c2b2b,
002c2b2b,
002d2b2c,
002d2b2c,
002d2b2c,
002d2b2c,
002d2b2c,
002d2b2c,
002c2c2c,
002c2c2c,
002d2c2c,
002d2b2c,
002d2c2b,
002d2c2b,
002c2c2c,
002c2b2b,
002c2b2b,
002a2a2a,
002a2a2a,
002a2a2a,
00292929,
00282929,
002a2929,
00292829,
00292828,
00282828,
00272929,
00282827,
00262828,
00262828,
00272929,
002a2a2a,
002b2a2a,
002b2a2a,
002b2b2b,
002b2b2b,
002b2b2b,
002b2b2b,
002b2b2b,
002b2b2b,
002b2b2b,
002b2b2b,
002c2a2b,
002c2a2b,
002a2a2a,
002a2a2a,
002b2a2b,
002a2a2b,
002b2a2b,
002c2a2b,
002c2a2a,
002c2a2b,
002c2a2b,
002b2a2a,
002b2a2a,
002c2a2b,
002c2a2b,
002c2a2b,
002b2a2a,
002b2b2b,
002b2b2b,
002b2b2b,
002b2b2b,
002c2a2a,
002c2a2b,
002b2b2b,
002a2a2a,
002c2b2b,
002c2b2b,
002c2b2b,
002c2b2b,
002c2b2b,
002b2b2b,
002c2b2b,
002c2b2b,
002b2b2b,
002b2b2b,
002b2b2b,
002c2b2b,
002c2b2b,
002b2b2b,
002b2b2b,
002c2b2b,
002c2b2b,
002c2b2b,
002c2b2b,
002c2b2b,
002c2b2b,
002c2b2b,
002c2b2b,
002c2b2b,
002b2b2b,
002b2b2b,
002b2b2b,
00292a2b,
0029282b,
0028272a,
00272628,
00212429,
0025262b,
0026282d,
0027282c,
0029292d,
002b2a2e,
002b2a2e,
002b2a2e,
002b2a2d,
002b2b2e,
002b2b2e,
002c2b2d,
002c2c2e,
002d2c2e,
002c2b2e,
002c2c2e,
002e2c2e,
002e2c2e,
002e2c2e,
002e2d2e,
002e2d2e,
002e2d2d,
002f2d2f,
00302e2f,
00302e2f,
00302e2f,
00302f2f,
00312f30,
00302f2f,
00303030,
00303030,
00312f2f,
00312f2f,
00313030,
00313030,
00323030,
0032302f,
00333030,
0031302f,
00323030,
00312f2f,
002e2a2a,
00313030,
003d3e3d,
003f403f,
003e3f3f,
003f3f3f,
00271517,
003e3d3d,
003e3f3f,
003f3f3e,
003c3534,
00362d2d,
00130b0b,
000b0909,
000b0808,
00090b09,
001f201e,
00222120,
00242221,
00252322,
00272223,
00170f12,
00090709,
001d1e21,
001d1e22,
001f1e22,
00080406,
00040303,
00070607,
0007070b,
0008080c,
00060405,
00040303,
00070505,
00050203,
00040203,
00030202,
00030202,
00020202,
00020202,
00020202,
00020202,
00020202,
00030203,
00020303,
00070504,
00060405,
000a0505,
00171713,
00040303,
00060304,
00060404,
00040202,
00030202,
00030202,
00040202,
00050404,
00080a0a,
000d0b0b,
00130f0f,
00080609,
00080712,
0009090f,
0008060d,
000d0b11,
000c0e14,
000c0c13,
000c0e14,
000b0c12,
000c0a11,
00181216,
001d1c1c,
0012100f,
001f1c1b,
00201d1d,
00211e1e,
0023201f,
0022201f,
00242221,
00292524,
00302b2a,
003a3736,
00353635,
002c1012,
003f3e3f,
003f3f3f,
003f403e,
003f403e,
003e3f3f,
003d3f3e,
00272525,
00312d2d,
00302e2d,
00302e2d,
00312e2d,
00302e2d,
00302e2d,
00312e2e,
00302e2d,
00302e2d,
00302e2d,
00302e2d,
00302e2d,
00302e2d,
00302e2d,
00302e2d,
00302e2e,
002f2e2d,
002f2e2d,
002f2e2d,
002f2d2e,
002e2d2d,
002e2c2d,
002d2c2c,
002d2c2c,
002d2c2c,
002c2b2b,
002d2b2c,
002d2b2c,
002d2b2c,
002d2b2b,
002d2b2c,
002d2c2c,
002d2b2c,
002d2c2c,
002d2b2c,
002c2b2b,
002e2c2c,
002d2c2c,
002d2c2c,
002d2c2c,
002d2c2c,
002d2b2c,
002d2b2b,
002c2b2b,
002c2b2b,
002b2a2a,
002b2a2a,
002a2a2a,
00292a2a,
002a2929,
002a2a29,
002a2929,
002a2929,
002a2929,
002a2929,
002a2929,
002b2a2a,
002c2b2b,
002c2a2b,
002c2a2b,
002c2b2b,
002c2b2b,
002c2a2b,
002c2b2b,
002c2b2b,
002c2b2b,
002b2b2b,
002b2b2b,
002c2b2b,
002c2b2b,
002c2a2b,
002c2a2b,
002c2b2b,
002b2b2b,
002c2b2b,
002c2b2b,
002d2b2b,
002c2b2b,
002c2b2b,
002c2b2b,
002c2a2b,
002c2a2b,
002c2a2b,
002c2b2b,
002c2b2b,
002c2b2b,
002c2b2b,
002c2b2b,
002c2b2b,
002c2b2b,
002c2b2b,
002b2b2b,
002a2929,
002c2b2b,
002c2b2b,
002c2b2b,
002c2b2b,
002c2b2b,
002b2b2b,
002c2b2b,
002c2b2b,
002b2b2b,
002b2b2b,
002b2b2b,
002c2b2b,
002c2b2b,
002c2b2b,
002c2b2b,
002c2b2b,
002c2b2b,
002c2b2b,
002c2b2b,
002c2b2b,
002c2b2b,
002c2b2b,
002c2b2b,
002c2b2b,
002c2b2b,
002c2b2b,
002c2b2b,
002c2a2c,
002b2a2c,
0028282a,
002b292c,
0029292d,
0029292c,
002a2a2d,
002b2a2d,
002c2a2d,
002d2b2d,
002c2b2d,
002c2b2e,
002b2b2e,
002c2b2e,
002d2c2f,
002e2b2e,
002e2c2e,
002e2c2e,
002e2c2e,
002e2c2d,
002e2c2e,
002e2c2e,
002f2d2e,
002f2d2e,
00302d2e,
002e2d2e,
00302e2f,
00302e2f,
00302e2f,
00302e2f,
00312f2f,
00312f30,
00312f30,
00313030,
00313030,
00322f30,
00322f30,
00323030,
00323030,
00323030,
0032302f,
00312f2e,
0032302f,
00312f2f,
00322a2c,
00231b23,
00333232,
003e3f3f,
003f3f3f,
003f3f3f,
00200c0e,
00222524,
003f3f3f,
00403f3f,
003e3836,
00322d2b,
001a0d0f,
000f0b0b,
000c0909,
00090707,
001e1e1d,
00222120,
00232221,
00252222,
00262222,
0010090c,
000d0a0d,
00171a1b,
001c1d21,
001d1e21,
00151115,
00060303,
00050304,
00050507,
0008070a,
0009080c,
00050304,
00040203,
00050304,
00040203,
00040303,
00030202,
00030202,
00020202,
00020202,
00020202,
00020202,
00020202,
00030203,
00020303,
00060303,
00070505,
000f0909,
00171511,
00030303,
00050404,
00050404,
00030303,
00020202,
00020202,
00030202,
00050404,
00040404,
000a0b0a,
0009080a,
0007060e,
000c0c15,
0006060c,
0007060d,
0005040a,
000f1017,
000d0c14,
000d0e14,
000c0c14,
000b0b12,
000d0a10,
001e191b,
001a1c1b,
000f0a0a,
001f1c1c,
00211e1d,
00211e1e,
00221f1f,
00232120,
00262222,
00292525,
00312a29,
003e3c3c,
00242220,
00381d1f,
003f3e3e,
003d3e3f,
003f403f,
003e3f3f,
003e3f3f,
003b3e3e,
00242322,
00312e2d,
00302d2d,
00312e2e,
00312e2d,
00302e2d,
00302e2d,
00302e2e,
00302e2e,
00302e2d,
00312e2e,
00302e2d,
00302e2d,
00302e2d,
00302e2e,
00302e2e,
00302e2e,
00302e2e,
00302e2d,
002f2d2e,
002f2d2d,
002e2c2d,
002e2c2d,
002e2c2c,
002d2c2c,
002d2c2c,
002d2b2c,
002d2b2c,
002d2b2c,
002d2b2c,
002d2b2c,
002d2b2b,
002d2b2b,
002d2b2c,
002d2c2c,
002d2b2c,
002e2c2c,
002d2c2c,
002d2c2c,
002d2c2c,
002d2c2c,
002d2b2c,
002d2b2b,
002c2b2b,
002c2b2b,
002c2b2b,
002c2a2b,
002b2a2a,
002b2a2a,
002b2b2b,
002b2a2a,
002b2a2a,
002b2a2a,
002b2a2a,
002c2a2a,
002b2a2a,
002c2a2a,
002c2b2b,
002d2b2b,
002c2a2b,
002c2a2b,
002c2b2b,
002c2b2b,
002d2b2b,
002c2b2b,
002c2b2b,
002c2b2b,
002c2b2b,
002c2b2b,
002c2b2b,
002c2b2b,
002c2b2b,
002c2a2b,
002c2b2b,
002c2b2b,
002c2b2b,
002c2b2b,
002c2b2b,
002c2b2b,
002c2b2b,
002c2b2b,
002c2b2b,
002c2b2b,
002c2b2b,
002c2b2b,
002c2b2b,
002c2b2b,
002c2b2b,
002c2a2b,
002c2b2b,
002c2b2b,
002c2b2b,
002c2b2b,
002c2b2b,
002c2b2b,
002c2b2b,
002c2b2b,
002c2b2b,
002c2b2b,
002d2b2b,
002c2b2b,
002c2b2b,
002c2b2b,
002c2b2b,
002c2b2b,
002c2b2b,
002d2b2b,
002c2b2b,
002c2b2b,
002c2b2b,
002c2b2b,
002c2b2b,
002d2b2c,
002c2b2b,
002c2b2b,
002d2b2c,
002d2b2c,
002d2b2c,
002d2b2c,
002d2b2d,
002d2b2d,
00282629,
00292a2b,
002c2b2c,
002c2a2d,
002c2b2d,
002c2b2d,
002d2a2e,
002d2b2e,
002d2b2d,
002d2b2e,
002d2b2e,
002d2b2e,
002d2c2e,
002e2c2e,
002e2c2e,
002e2c2e,
002e2c2e,
002e2c2e,
002e2c2e,
002f2d2e,
002f2d2e,
002f2d2f,
002f2e2f,
00302e2f,
00302e2f,
00302e2f,
00302f2f,
00302e2f,
00312e2e,
00312e2f,
00312f30,
00312f30,
00323030,
00323030,
00323030,
00312f30,
00323030,
00323030,
00322f30,
00322f2f,
00322f2f,
00312f30,
00332b2e,
00211723,
001e1e29,
003f3f3e,
003f3f3f,
003d3d3d,
002c1a1c,
00140e0d,
003e3f3f,
003f3f3f,
003d3938,
00382f2e,
002e2625,
00130809,
000b0909,
00090808,
001e1f1e,
00222120,
00252221,
00242221,
00252121,
00160e11,
000b070a,
00090809,
001c1d20,
001c1d21,
001e1d21,
00090407,
00040303,
00040304,
00060607,
0008070a,
0009080b,
00040304,
00040203,
00030203,
00030202,
00030202,
00030202,
00020202,
00020202,
00030202,
00020202,
00020202,
00020202,
00020202,
00030203,
00040303,
00070404,
00140d0d,
00191511,
00030403,
00050303,
00040303,
00030202,
00030202,
00020202,
00030202,
00050303,
00060504,
00070807,
000a0b0e,
0007060e,
0007040e,
00070710,
0008070e,
0007050d,
000a0912,
000d0d15,
000e0e14,
000d0d15,
000c0c13,
00090a10,
000f0309,
001c1a19,
00110e0d,
00211c1c,
00201d1c,
00211e1d,
00221f1e,
0022201f,
00242120,
00262322,
002b2726,
00392d2c,
003b3f3e,
001d0d10,
00391d1d,
003b403f,
00403f3f,
003f403f,
003f403e,
00373b3a,
00353c3b,
002c2525,
00312d2d,
00312e2d,
00312e2d,
00302e2d,
00302e2d,
00302e2d,
00302e2e,
00302e2d,
00312e2e,
00302e2e,
00302e2e,
00302e2d,
00302e2e,
00302e2e,
00302e2e,
00302e2e,
00302e2d,
00302e2e,
002f2d2e,
002f2c2d,
002f2d2d,
002f2d2d,
002e2c2d,
002e2c2d,
002d2c2c,
002d2b2b,
002d2b2c,
002d2b2c,
002d2b2c,
002d2b2b,
002d2b2b,
002d2a2b,
002d2b2b,
002d2b2c,
002e2c2c,
002d2c2c,
002d2c2c,
002d2c2c,
002d2c2c,
002d2b2c,
002d2b2b,
002c2b2b,
002c2b2b,
002d2b2b,
002c2b2b,
002d2b2b,
002d2b2b,
002d2b2b,
002c2a2b,
002c2a2b,
002b2a2a,
002b2a2a,
002c2a2a,
002c2a2b,
002c2b2b,
002c2b2b,
002c2b2b,
002c2b2b,
002c2a2b,
002d2b2b,
002c2b2b,
002d2b2b,
002c2b2b,
002c2b2b,
002c2b2b,
002c2b2b,
002d2b2b,
002d2b2b,
002c2a2b,
002c2a2a,
002c2a2b,
002c2b2b,
002c2b2b,
002c2b2b,
002c2b2b,
002c2b2b,
002c2b2b,
002c2b2b,
002c2b2b,
002c2b2b,
002c2b2b,
002c2b2b,
002c2b2b,
002c2b2b,
002c2b2b,
002c2b2b,
002c2b2b,
002d2b2b,
002d2b2b,
002d2b2b,
002d2b2b,
002d2b2b,
002c2b2b,
002c2b2b,
002d2b2b,
002d2b2b,
002c2b2b,
002c2a2b,
002d2b2b,
002d2b2b,
002d2b2b,
002d2b2b,
002d2b2b,
002d2b2b,
002d2b2b,
002c2b2b,
002c2b2b,
002c2b2b,
002d2b2c,
002d2b2c,
002c2b2b,
002d2b2c,
002d2c2c,
002e2c2c,
002d2b2b,
002d2c2c,
002d2c2c,
002d2c2d,
002d2b2c,
00272527,
002d2b2d,
002e2b2d,
002e2b2e,
002d2b2e,
002c2a2d,
002d2b2e,
002d2b2e,
002d2b2d,
002d2b2d,
002d2b2d,
002d2b2e,
002e2c2e,
002e2c2e,
002e2c2f,
002e2c2e,
002f2d2e,
002f2d2e,
002e2c2e,
00302d2f,
00302d2e,
00302e2f,
002f2e2e,
00302e2f,
00312e2f,
00312e2f,
00312e2f,
00312e2e,
00302e2e,
00312f2f,
00312f2f,
00312f30,
00323030,
00323030,
00323030,
00312f2f,
00333030,
00333030,
00322f2f,
00322f2f,
00322f2f,
002e2b2b,
0025151d,
001b1828,
0022222c,
003f3f3f,
003f3f3f,
00362624,
00201316,
003d3e3e,
003e3f3e,
003f3e3c,
003a3130,
002f2524,
00220c0d,
000f0808,
000b0809,
00141616,
00222120,
00242121,
00242221,
00252221,
00261d1e,
000d0607,
00090507,
00181b1c,
001d1e23,
001e1d22,
00161115,
00070304,
00040303,
00040304,
00060507,
0007070a,
0009080b,
00040204,
00040203,
00040203,
00030202,
00020202,
00020202,
00020202,
00020202,
00030202,
00030303,
00020202,
00020202,
00020303,
00030202,
00040303;
